score,??,??,??,??,??,PF,????,????,????,????,????,????,????,??,???,??R
1.3651,??????_w40_ATR2.2_RSI52/48_8x_10%_3.5R_???,26,30.77,17.01,11.92,1.4,75.08,-23.92,4,9,5.62,11.92,3.67,8,0.1,3.5
1.3651,??????_w40_ATR2.2_RSI52/48_10x_8%_3.5R_???,26,30.77,17.01,11.92,1.4,75.08,-23.92,4,9,5.62,11.92,3.67,10,0.08,3.5
1.3651,??????_w40_ATR2.2_RSI54/46_8x_10%_3.5R_???,26,30.77,17.01,11.92,1.4,75.08,-23.92,4,9,5.62,11.92,3.67,8,0.1,3.5
1.3651,??????_w40_ATR2.2_RSI54/46_10x_8%_3.5R_???,26,30.77,17.01,11.92,1.4,75.08,-23.92,4,9,5.62,11.92,3.67,10,0.08,3.5
1.3651,??????_w40_ATR2.2_RSI56/44_8x_10%_3.5R_???,26,30.77,17.01,11.92,1.4,75.08,-23.92,4,9,5.62,11.92,3.67,8,0.1,3.5
1.3651,??????_w40_ATR2.2_RSI56/44_10x_8%_3.5R_???,26,30.77,17.01,11.92,1.4,75.08,-23.92,4,9,5.62,11.92,3.67,10,0.08,3.5
0.2472,??????_w40_ATR2.2_RSI52/48_12x_7%_3.5R_???,26,30.77,17.77,12.49,1.39,78.88,-25.18,4,9,5.85,12.49,3.79,12,0.07,3.5
0.2472,??????_w40_ATR2.2_RSI54/46_12x_7%_3.5R_???,26,30.77,17.77,12.49,1.39,78.88,-25.18,4,9,5.85,12.49,3.79,12,0.07,3.5
0.2472,??????_w40_ATR2.2_RSI56/44_12x_7%_3.5R_???,26,30.77,17.77,12.49,1.39,78.88,-25.18,4,9,5.85,12.49,3.79,12,0.07,3.5
-0.4468,??????_w40_ATR2.2_RSI52/48_8x_9%_3.5R_???,26,30.77,15.46,10.78,1.4,67.48,-21.4,4,9,5.15,10.78,3.4,8,0.09,3.5
-0.4468,??????_w40_ATR2.2_RSI54/46_8x_9%_3.5R_???,26,30.77,15.46,10.78,1.4,67.48,-21.4,4,9,5.15,10.78,3.4,8,0.09,3.5
-0.4468,??????_w40_ATR2.2_RSI56/44_8x_9%_3.5R_???,26,30.77,15.46,10.78,1.4,67.48,-21.4,4,9,5.15,10.78,3.4,8,0.09,3.5
-0.8828,??????_w40_ATR2.2_RSI52/48_8x_11%_3.5R_???,26,30.77,18.52,13.06,1.39,82.68,-26.45,4,9,6.08,13.06,3.91,8,0.11,3.5
-0.8828,??????_w40_ATR2.2_RSI54/46_8x_11%_3.5R_???,26,30.77,18.52,13.06,1.39,82.68,-26.45,4,9,6.08,13.06,3.91,8,0.11,3.5
-0.8828,??????_w40_ATR2.2_RSI56/44_8x_11%_3.5R_???,26,30.77,18.52,13.06,1.39,82.68,-26.45,4,9,6.08,13.06,3.91,8,0.11,3.5
-0.9168,??????_w40_ATR2.2_RSI52/48_10x_7%_3.5R_???,26,30.77,15.07,10.49,1.4,65.58,-20.78,4,9,5.03,10.49,3.34,10,0.07,3.5
-0.9168,??????_w40_ATR2.2_RSI54/46_10x_7%_3.5R_???,26,30.77,15.07,10.49,1.4,65.58,-20.78,4,9,5.03,10.49,3.34,10,0.07,3.5
-0.9168,??????_w40_ATR2.2_RSI56/44_10x_7%_3.5R_???,26,30.77,15.07,10.49,1.4,65.58,-20.78,4,9,5.03,10.49,3.34,10,0.07,3.5
-1.4524,??????_w40_ATR2.2_RSI52/48_10x_9%_3.5R_???,26,30.77,18.9,13.34,1.39,84.58,-27.09,4,9,6.19,13.34,3.97,10,0.09,3.5
-1.4524,??????_w40_ATR2.2_RSI54/46_10x_9%_3.5R_???,26,30.77,18.9,13.34,1.39,84.58,-27.09,4,9,6.19,13.34,3.97,10,0.09,3.5
-1.4524,??????_w40_ATR2.2_RSI56/44_10x_9%_3.5R_???,26,30.77,18.9,13.34,1.39,84.58,-27.09,4,9,6.19,13.34,3.97,10,0.09,3.5
-2.3428,??????_w40_ATR2.2_RSI52/48_8x_8%_3.5R_???,26,30.77,13.87,9.63,1.41,59.89,-18.91,4,9,4.66,9.63,3.12,8,0.08,3.5
-2.3428,??????_w40_ATR2.2_RSI54/46_8x_8%_3.5R_???,26,30.77,13.87,9.63,1.41,59.89,-18.91,4,9,4.66,9.63,3.12,8,0.08,3.5
-2.3428,??????_w40_ATR2.2_RSI56/44_8x_8%_3.5R_???,26,30.77,13.87,9.63,1.41,59.89,-18.91,4,9,4.66,9.63,3.12,8,0.08,3.5
-3.1794,??????_w40_ATR2.2_RSI52/48_8x_12%_3.5R_???,26,30.77,20.0,14.18,1.38,90.28,-29.02,4,9,6.51,14.18,4.13,8,0.12,3.5
-3.1794,??????_w40_ATR2.2_RSI52/48_12x_8%_3.5R_???,26,30.77,20.0,14.18,1.38,90.28,-29.02,4,9,6.51,14.18,4.13,12,0.08,3.5
-3.1794,??????_w40_ATR2.2_RSI54/46_8x_12%_3.5R_???,26,30.77,20.0,14.18,1.38,90.28,-29.02,4,9,6.51,14.18,4.13,8,0.12,3.5
-3.1794,??????_w40_ATR2.2_RSI54/46_12x_8%_3.5R_???,26,30.77,20.0,14.18,1.38,90.28,-29.02,4,9,6.51,14.18,4.13,12,0.08,3.5
-3.1794,??????_w40_ATR2.2_RSI56/44_8x_12%_3.5R_???,26,30.77,20.0,14.18,1.38,90.28,-29.02,4,9,6.51,14.18,4.13,8,0.12,3.5
-3.1794,??????_w40_ATR2.2_RSI56/44_12x_8%_3.5R_???,26,30.77,20.0,14.18,1.38,90.28,-29.02,4,9,6.51,14.18,4.13,12,0.08,3.5
-3.4683,??????_w35_ATR2.2_RSI52/48_10x_8%_3.5R_???,27,29.63,13.14,11.92,1.29,73.3,-23.95,4,9,5.62,11.92,0.24,10,0.08,3.5
-3.4683,??????_w35_ATR2.2_RSI54/46_10x_8%_3.5R_???,27,29.63,13.14,11.92,1.29,73.3,-23.95,4,9,5.62,11.92,0.24,10,0.08,3.5
-3.4683,??????_w35_ATR2.2_RSI56/44_10x_8%_3.5R_???,27,29.63,13.14,11.92,1.29,73.3,-23.95,4,9,5.62,11.92,0.24,10,0.08,3.5
-3.4683,??????_w35_ATR2.2_RSI52/48_8x_10%_3.5R_???,27,29.63,13.14,11.92,1.29,73.3,-23.95,4,9,5.62,11.92,0.24,8,0.1,3.5
-3.4683,??????_w35_ATR2.2_RSI54/46_8x_10%_3.5R_???,27,29.63,13.14,11.92,1.29,73.3,-23.95,4,9,5.62,11.92,0.24,8,0.1,3.5
-3.4683,??????_w35_ATR2.2_RSI56/44_8x_10%_3.5R_???,27,29.63,13.14,11.92,1.29,73.3,-23.95,4,9,5.62,11.92,0.24,8,0.1,3.5
-3.8508,??????_w35_ATR2.2_RSI52/48_12x_7%_3.5R_???,27,29.63,13.68,12.49,1.29,76.92,-25.19,4,9,5.85,12.49,0.19,12,0.07,3.5
-3.8508,??????_w35_ATR2.2_RSI54/46_12x_7%_3.5R_???,27,29.63,13.68,12.49,1.29,76.92,-25.19,4,9,5.85,12.49,0.19,12,0.07,3.5
-3.8508,??????_w35_ATR2.2_RSI56/44_12x_7%_3.5R_???,27,29.63,13.68,12.49,1.29,76.92,-25.19,4,9,5.85,12.49,0.19,12,0.07,3.5
-4.2792,??????_w40_ATR2.2_RSI52/48_8x_7%_3.5R_???,26,30.77,12.25,8.46,1.41,52.31,-16.45,4,9,4.15,8.46,2.81,8,0.07,3.5
-4.2792,??????_w40_ATR2.2_RSI54/46_8x_7%_3.5R_???,26,30.77,12.25,8.46,1.41,52.31,-16.45,4,9,4.15,8.46,2.81,8,0.07,3.5
-4.2792,??????_w40_ATR2.2_RSI56/44_8x_7%_3.5R_???,26,30.77,12.25,8.46,1.41,52.31,-16.45,4,9,4.15,8.46,2.81,8,0.07,3.5
-4.346,??????_w40_ATR2.2_RSI52/48_10x_10%_3.5R_???,26,30.77,20.72,14.74,1.38,94.08,-30.3,4,9,6.71,14.74,4.23,10,0.1,3.5
-4.346,??????_w40_ATR2.2_RSI54/46_10x_10%_3.5R_???,26,30.77,20.72,14.74,1.38,94.08,-30.3,4,9,6.71,14.74,4.23,10,0.1,3.5
-4.346,??????_w40_ATR2.2_RSI56/44_10x_10%_3.5R_???,26,30.77,20.72,14.74,1.38,94.08,-30.3,4,9,6.71,14.74,4.23,10,0.1,3.5
-4.7824,??????_w45_ATR2.2_RSI52/48_12x_7%_3.5R_???,27,29.63,12.48,12.49,1.26,74.51,-24.81,4,9,5.85,12.49,-0.88,12,0.07,3.5
-4.7824,??????_w45_ATR2.2_RSI54/46_12x_7%_3.5R_???,27,29.63,12.48,12.49,1.26,74.51,-24.81,4,9,5.85,12.49,-0.88,12,0.07,3.5
-4.7824,??????_w45_ATR2.2_RSI56/44_12x_7%_3.5R_???,27,29.63,12.48,12.49,1.26,74.51,-24.81,4,9,5.85,12.49,-0.88,12,0.07,3.5
-4.7984,??????_w35_ATR2.2_RSI52/48_8x_9%_3.5R_???,27,29.63,12.02,10.78,1.29,66.05,-21.48,4,9,5.15,10.78,0.33,8,0.09,3.5
-4.7984,??????_w35_ATR2.2_RSI54/46_8x_9%_3.5R_???,27,29.63,12.02,10.78,1.29,66.05,-21.48,4,9,5.15,10.78,0.33,8,0.09,3.5
-4.7984,??????_w35_ATR2.2_RSI56/44_8x_9%_3.5R_???,27,29.63,12.02,10.78,1.29,66.05,-21.48,4,9,5.15,10.78,0.33,8,0.09,3.5
-5.1409,??????_w35_ATR2.2_RSI52/48_10x_7%_3.5R_???,27,29.63,11.74,10.49,1.3,64.23,-20.87,4,9,5.03,10.49,0.35,10,0.07,3.5
-5.1409,??????_w35_ATR2.2_RSI54/46_10x_7%_3.5R_???,27,29.63,11.74,10.49,1.3,64.23,-20.87,4,9,5.03,10.49,0.35,10,0.07,3.5
-5.1409,??????_w35_ATR2.2_RSI56/44_10x_7%_3.5R_???,27,29.63,11.74,10.49,1.3,64.23,-20.87,4,9,5.03,10.49,0.35,10,0.07,3.5
-5.15,??????_w35_ATR2.2_RSI52/48_8x_11%_3.5R_???,27,29.63,14.21,13.06,1.28,80.53,-26.43,4,9,6.08,13.06,0.13,8,0.11,3.5
-5.15,??????_w35_ATR2.2_RSI54/46_8x_11%_3.5R_???,27,29.63,14.21,13.06,1.28,80.53,-26.43,4,9,6.08,13.06,0.13,8,0.11,3.5
-5.15,??????_w35_ATR2.2_RSI56/44_8x_11%_3.5R_???,27,29.63,14.21,13.06,1.28,80.53,-26.43,4,9,6.08,13.06,0.13,8,0.11,3.5
-5.335,??????_w45_ATR2.2_RSI52/48_8x_10%_3.5R_???,27,29.63,11.99,11.92,1.27,71.02,-23.59,4,9,5.62,11.92,-0.78,8,0.1,3.5
-5.335,??????_w45_ATR2.2_RSI52/48_10x_8%_3.5R_???,27,29.63,11.99,11.92,1.27,71.02,-23.59,4,9,5.62,11.92,-0.78,10,0.08,3.5
-5.335,??????_w45_ATR2.2_RSI54/46_8x_10%_3.5R_???,27,29.63,11.99,11.92,1.27,71.02,-23.59,4,9,5.62,11.92,-0.78,8,0.1,3.5
-5.335,??????_w45_ATR2.2_RSI54/46_10x_8%_3.5R_???,27,29.63,11.99,11.92,1.27,71.02,-23.59,4,9,5.62,11.92,-0.78,10,0.08,3.5
-5.335,??????_w45_ATR2.2_RSI56/44_8x_10%_3.5R_???,27,29.63,11.99,11.92,1.27,71.02,-23.59,4,9,5.62,11.92,-0.78,8,0.1,3.5
-5.335,??????_w45_ATR2.2_RSI56/44_10x_8%_3.5R_???,27,29.63,11.99,11.92,1.27,71.02,-23.59,4,9,5.62,11.92,-0.78,10,0.08,3.5
-5.804,??????_w35_ATR2.2_RSI52/48_10x_9%_3.5R_???,27,29.63,14.47,13.34,1.28,82.32,-27.05,4,9,6.19,13.34,0.1,10,0.09,3.5
-5.804,??????_w35_ATR2.2_RSI54/46_10x_9%_3.5R_???,27,29.63,14.47,13.34,1.28,82.32,-27.05,4,9,6.19,13.34,0.1,10,0.09,3.5
-5.804,??????_w35_ATR2.2_RSI56/44_10x_9%_3.5R_???,27,29.63,14.47,13.34,1.28,82.32,-27.05,4,9,6.19,13.34,0.1,10,0.09,3.5
-5.8414,??????_w45_ATR2.2_RSI52/48_8x_11%_3.5R_???,27,29.63,12.95,13.06,1.26,77.99,-26.02,4,9,6.08,13.06,-0.98,8,0.11,3.5
-5.8414,??????_w45_ATR2.2_RSI54/46_8x_11%_3.5R_???,27,29.63,12.95,13.06,1.26,77.99,-26.02,4,9,6.08,13.06,-0.98,8,0.11,3.5
-5.8414,??????_w45_ATR2.2_RSI56/44_8x_11%_3.5R_???,27,29.63,12.95,13.06,1.26,77.99,-26.02,4,9,6.08,13.06,-0.98,8,0.11,3.5
-6.1913,??????_w35_ATR2.2_RSI52/48_8x_8%_3.5R_???,27,29.63,10.86,9.63,1.3,58.76,-19.03,4,9,4.66,9.63,0.39,8,0.08,3.5
-6.1913,??????_w35_ATR2.2_RSI54/46_8x_8%_3.5R_???,27,29.63,10.86,9.63,1.3,58.76,-19.03,4,9,4.66,9.63,0.39,8,0.08,3.5
-6.1913,??????_w35_ATR2.2_RSI56/44_8x_8%_3.5R_???,27,29.63,10.86,9.63,1.3,58.76,-19.03,4,9,4.66,9.63,0.39,8,0.08,3.5
-6.4433,??????_w40_ATR2.4_RSI52/48_8x_9%_3.5R_???,25,28.0,10.94,11.66,1.28,72.3,-22.04,6,8,6.98,11.69,-3.0,8,0.09,3.5
-6.4433,??????_w40_ATR2.4_RSI54/46_8x_9%_3.5R_???,25,28.0,10.94,11.66,1.28,72.3,-22.04,6,8,6.98,11.69,-3.0,8,0.09,3.5
-6.4433,??????_w40_ATR2.4_RSI56/44_8x_9%_3.5R_???,25,28.0,10.94,11.66,1.28,72.3,-22.04,6,8,6.98,11.69,-3.0,8,0.09,3.5
-6.4883,??????_w45_ATR2.2_RSI52/48_8x_9%_3.5R_???,27,29.63,10.98,10.78,1.27,64.01,-21.17,4,9,5.15,10.78,-0.6,8,0.09,3.5
-6.4883,??????_w45_ATR2.2_RSI54/46_8x_9%_3.5R_???,27,29.63,10.98,10.78,1.27,64.01,-21.17,4,9,5.15,10.78,-0.6,8,0.09,3.5
-6.4883,??????_w45_ATR2.2_RSI56/44_8x_9%_3.5R_???,27,29.63,10.98,10.78,1.27,64.01,-21.17,4,9,5.15,10.78,-0.6,8,0.09,3.5
-6.5056,??????_w45_ATR2.2_RSI52/48_10x_9%_3.5R_???,27,29.63,13.18,13.34,1.26,79.73,-26.63,4,9,6.19,13.34,-1.03,10,0.09,3.5
-6.5056,??????_w45_ATR2.2_RSI54/46_10x_9%_3.5R_???,27,29.63,13.18,13.34,1.26,79.73,-26.63,4,9,6.19,13.34,-1.03,10,0.09,3.5
-6.5056,??????_w45_ATR2.2_RSI56/44_10x_9%_3.5R_???,27,29.63,13.18,13.34,1.26,79.73,-26.63,4,9,6.19,13.34,-1.03,10,0.09,3.5
-6.7865,??????_w45_ATR2.2_RSI52/48_10x_7%_3.5R_???,27,29.63,10.73,10.49,1.27,62.26,-20.57,4,9,5.03,10.49,-0.56,10,0.07,3.5
-6.7865,??????_w45_ATR2.2_RSI54/46_10x_7%_3.5R_???,27,29.63,10.73,10.49,1.27,62.26,-20.57,4,9,5.03,10.49,-0.56,10,0.07,3.5
-6.7865,??????_w45_ATR2.2_RSI56/44_10x_7%_3.5R_???,27,29.63,10.73,10.49,1.27,62.26,-20.57,4,9,5.03,10.49,-0.56,10,0.07,3.5
-6.8055,??????_w40_ATR2.4_RSI52/48_10x_7%_3.5R_???,25,28.0,10.69,11.35,1.28,70.36,-21.42,6,8,6.81,11.38,-2.89,10,0.07,3.5
-6.8055,??????_w40_ATR2.4_RSI54/46_10x_7%_3.5R_???,25,28.0,10.69,11.35,1.28,70.36,-21.42,6,8,6.81,11.38,-2.89,10,0.07,3.5
-6.8055,??????_w40_ATR2.4_RSI56/44_10x_7%_3.5R_???,25,28.0,10.69,11.35,1.28,70.36,-21.42,6,8,6.81,11.38,-2.89,10,0.07,3.5
-7.6442,??????_w35_ATR2.2_RSI52/48_8x_7%_3.5R_???,27,29.63,9.65,8.46,1.31,51.45,-16.59,4,9,4.15,8.46,0.43,8,0.07,3.5
-7.6442,??????_w35_ATR2.2_RSI54/46_8x_7%_3.5R_???,27,29.63,9.65,8.46,1.31,51.45,-16.59,4,9,4.15,8.46,0.43,8,0.07,3.5
-7.6442,??????_w35_ATR2.2_RSI56/44_8x_7%_3.5R_???,27,29.63,9.65,8.46,1.31,51.45,-16.59,4,9,4.15,8.46,0.43,8,0.07,3.5
-7.704,??????_w45_ATR2.2_RSI52/48_8x_8%_3.5R_???,27,29.63,9.93,9.63,1.28,56.97,-18.76,4,9,4.66,9.63,-0.45,8,0.08,3.5
-7.704,??????_w45_ATR2.2_RSI54/46_8x_8%_3.5R_???,27,29.63,9.93,9.63,1.28,56.97,-18.76,4,9,4.66,9.63,-0.45,8,0.08,3.5
-7.704,??????_w45_ATR2.2_RSI56/44_8x_8%_3.5R_???,27,29.63,9.93,9.63,1.28,56.97,-18.76,4,9,4.66,9.63,-0.45,8,0.08,3.5
-7.7113,??????_w40_ATR2.4_RSI52/48_8x_10%_3.5R_???,25,28.0,11.9,12.89,1.27,80.0,-24.5,6,8,7.65,12.92,-3.44,8,0.1,3.5
-7.7113,??????_w40_ATR2.4_RSI54/46_8x_10%_3.5R_???,25,28.0,11.9,12.89,1.27,80.0,-24.5,6,8,7.65,12.92,-3.44,8,0.1,3.5
-7.7113,??????_w40_ATR2.4_RSI56/44_8x_10%_3.5R_???,25,28.0,11.9,12.89,1.27,80.0,-24.5,6,8,7.65,12.92,-3.44,8,0.1,3.5
-7.7113,??????_w40_ATR2.4_RSI52/48_10x_8%_3.5R_???,25,28.0,11.9,12.89,1.27,80.0,-24.5,6,8,7.65,12.92,-3.44,10,0.08,3.5
-7.7113,??????_w40_ATR2.4_RSI54/46_10x_8%_3.5R_???,25,28.0,11.9,12.89,1.27,80.0,-24.5,6,8,7.65,12.92,-3.44,10,0.08,3.5
-7.7113,??????_w40_ATR2.4_RSI56/44_10x_8%_3.5R_???,25,28.0,11.9,12.89,1.27,80.0,-24.5,6,8,7.65,12.92,-3.44,10,0.08,3.5
-7.7837,??????_w35_ATR2.2_RSI52/48_8x_12%_3.5R_???,27,29.63,15.23,14.18,1.28,87.71,-28.91,4,9,6.51,14.18,-0.01,8,0.12,3.5
-7.7837,??????_w35_ATR2.2_RSI52/48_12x_8%_3.5R_???,27,29.63,15.23,14.18,1.28,87.71,-28.91,4,9,6.51,14.18,-0.01,12,0.08,3.5
-7.7837,??????_w35_ATR2.2_RSI54/46_8x_12%_3.5R_???,27,29.63,15.23,14.18,1.28,87.71,-28.91,4,9,6.51,14.18,-0.01,8,0.12,3.5
-7.7837,??????_w35_ATR2.2_RSI54/46_12x_8%_3.5R_???,27,29.63,15.23,14.18,1.28,87.71,-28.91,4,9,6.51,14.18,-0.01,12,0.08,3.5
-7.7837,??????_w35_ATR2.2_RSI56/44_8x_12%_3.5R_???,27,29.63,15.23,14.18,1.28,87.71,-28.91,4,9,6.51,14.18,-0.01,8,0.12,3.5
-7.7837,??????_w35_ATR2.2_RSI56/44_12x_8%_3.5R_???,27,29.63,15.23,14.18,1.28,87.71,-28.91,4,9,6.51,14.18,-0.01,12,0.08,3.5
-7.9226,??????_w40_ATR2.4_RSI52/48_8x_8%_3.5R_???,25,28.0,9.92,10.41,1.28,64.51,-19.58,6,8,6.29,10.44,-2.57,8,0.08,3.5
-7.9226,??????_w40_ATR2.4_RSI54/46_8x_8%_3.5R_???,25,28.0,9.92,10.41,1.28,64.51,-19.58,6,8,6.29,10.44,-2.57,8,0.08,3.5
-7.9226,??????_w40_ATR2.4_RSI56/44_8x_8%_3.5R_???,25,28.0,9.92,10.41,1.28,64.51,-19.58,6,8,6.29,10.44,-2.57,8,0.08,3.5
-8.1397,??????_w40_ATR2.4_RSI52/48_8x_10%_3.2R_???,26,30.77,12.96,12.92,1.28,73.48,-25.46,4,9,4.02,12.92,1.64,8,0.1,3.2
-8.1397,??????_w40_ATR2.4_RSI52/48_10x_8%_3.2R_???,26,30.77,12.96,12.92,1.28,73.48,-25.46,4,9,4.02,12.92,1.64,10,0.08,3.2
-8.1397,??????_w40_ATR2.4_RSI54/46_8x_10%_3.2R_???,26,30.77,12.96,12.92,1.28,73.48,-25.46,4,9,4.02,12.92,1.64,8,0.1,3.2
-8.1397,??????_w40_ATR2.4_RSI54/46_10x_8%_3.2R_???,26,30.77,12.96,12.92,1.28,73.48,-25.46,4,9,4.02,12.92,1.64,10,0.08,3.2
-8.1397,??????_w40_ATR2.4_RSI56/44_8x_10%_3.2R_???,26,30.77,12.96,12.92,1.28,73.48,-25.46,4,9,4.02,12.92,1.64,8,0.1,3.2
-8.1397,??????_w40_ATR2.4_RSI56/44_10x_8%_3.2R_???,26,30.77,12.96,12.92,1.28,73.48,-25.46,4,9,4.02,12.92,1.64,10,0.08,3.2
-8.5149,??????_w45_ATR2.2_RSI52/48_8x_12%_3.5R_???,27,29.63,13.86,14.18,1.26,84.92,-28.46,4,9,6.51,14.18,-1.19,8,0.12,3.5
-8.5149,??????_w45_ATR2.2_RSI54/46_8x_12%_3.5R_???,27,29.63,13.86,14.18,1.26,84.92,-28.46,4,9,6.51,14.18,-1.19,8,0.12,3.5
-8.5149,??????_w45_ATR2.2_RSI56/44_8x_12%_3.5R_???,27,29.63,13.86,14.18,1.26,84.92,-28.46,4,9,6.51,14.18,-1.19,8,0.12,3.5
-8.5149,??????_w45_ATR2.2_RSI52/48_12x_8%_3.5R_???,27,29.63,13.86,14.18,1.26,84.92,-28.46,4,9,6.51,14.18,-1.19,12,0.08,3.5
-8.5149,??????_w45_ATR2.2_RSI54/46_12x_8%_3.5R_???,27,29.63,13.86,14.18,1.26,84.92,-28.46,4,9,6.51,14.18,-1.19,12,0.08,3.5
-8.5149,??????_w45_ATR2.2_RSI56/44_12x_8%_3.5R_???,27,29.63,13.86,14.18,1.26,84.92,-28.46,4,9,6.51,14.18,-1.19,12,0.08,3.5
-8.8564,??????_w40_ATR2.4_RSI52/48_12x_7%_3.2R_???,26,30.77,13.49,13.53,1.28,77.12,-26.78,4,9,4.16,13.53,1.66,12,0.07,3.2
-8.8564,??????_w40_ATR2.4_RSI54/46_12x_7%_3.2R_???,26,30.77,13.49,13.53,1.28,77.12,-26.78,4,9,4.16,13.53,1.66,12,0.07,3.2
-8.8564,??????_w40_ATR2.4_RSI56/44_12x_7%_3.2R_???,26,30.77,13.49,13.53,1.28,77.12,-26.78,4,9,4.16,13.53,1.66,12,0.07,3.2
-9.0135,??????_w40_ATR2.4_RSI52/48_8x_9%_3.2R_???,26,30.77,11.86,11.69,1.29,66.17,-22.82,4,9,3.72,11.69,1.59,8,0.09,3.2
-9.0135,??????_w40_ATR2.4_RSI54/46_8x_9%_3.2R_???,26,30.77,11.86,11.69,1.29,66.17,-22.82,4,9,3.72,11.69,1.59,8,0.09,3.2
-9.0135,??????_w40_ATR2.4_RSI56/44_8x_9%_3.2R_???,26,30.77,11.86,11.69,1.29,66.17,-22.82,4,9,3.72,11.69,1.59,8,0.09,3.2
-9.081,??????_w40_ATR2.4_RSI52/48_12x_7%_3.5R_???,25,28.0,12.36,13.5,1.27,83.82,-25.73,6,8,7.97,13.53,-3.67,12,0.07,3.5
-9.081,??????_w40_ATR2.4_RSI54/46_12x_7%_3.5R_???,25,28.0,12.36,13.5,1.27,83.82,-25.73,6,8,7.97,13.53,-3.67,12,0.07,3.5
-9.081,??????_w40_ATR2.4_RSI56/44_12x_7%_3.5R_???,25,28.0,12.36,13.5,1.27,83.82,-25.73,6,8,7.97,13.53,-3.67,12,0.07,3.5
-9.1181,??????_w35_ATR2.2_RSI52/48_10x_10%_3.5R_???,27,29.63,15.73,14.74,1.27,91.28,-30.16,4,9,6.71,14.74,-0.08,10,0.1,3.5
-9.1181,??????_w35_ATR2.2_RSI54/46_10x_10%_3.5R_???,27,29.63,15.73,14.74,1.27,91.28,-30.16,4,9,6.71,14.74,-0.08,10,0.1,3.5
-9.1181,??????_w35_ATR2.2_RSI56/44_10x_10%_3.5R_???,27,29.63,15.73,14.74,1.27,91.28,-30.16,4,9,6.71,14.74,-0.08,10,0.1,3.5
-9.2415,??????_w40_ATR2.4_RSI52/48_10x_7%_3.2R_???,26,30.77,11.58,11.38,1.29,64.34,-22.16,4,9,3.64,11.38,1.57,10,0.07,3.2
-9.2415,??????_w40_ATR2.4_RSI54/46_10x_7%_3.2R_???,26,30.77,11.58,11.38,1.29,64.34,-22.16,4,9,3.64,11.38,1.57,10,0.07,3.2
-9.2415,??????_w40_ATR2.4_RSI56/44_10x_7%_3.2R_???,26,30.77,11.58,11.38,1.29,64.34,-22.16,4,9,3.64,11.38,1.57,10,0.07,3.2
-9.4811,??????_w40_ATR2.4_RSI52/48_8x_7%_3.5R_???,25,28.0,8.86,9.16,1.29,56.66,-17.11,6,8,5.58,9.18,-2.17,8,0.07,3.5
-9.4811,??????_w40_ATR2.4_RSI54/46_8x_7%_3.5R_???,25,28.0,8.86,9.16,1.29,56.66,-17.11,6,8,5.58,9.18,-2.17,8,0.07,3.5
-9.4811,??????_w40_ATR2.4_RSI56/44_8x_7%_3.5R_???,25,28.0,8.86,9.16,1.29,56.66,-17.11,6,8,5.58,9.18,-2.17,8,0.07,3.5
-9.8685,??????_w45_ATR2.2_RSI52/48_10x_10%_3.5R_???,27,29.63,14.3,14.74,1.25,88.37,-29.68,4,9,6.71,14.74,-1.31,10,0.1,3.5
-9.8685,??????_w45_ATR2.2_RSI54/46_10x_10%_3.5R_???,27,29.63,14.3,14.74,1.25,88.37,-29.68,4,9,6.71,14.74,-1.31,10,0.1,3.5
-9.8685,??????_w45_ATR2.2_RSI56/44_10x_10%_3.5R_???,27,29.63,14.3,14.74,1.25,88.37,-29.68,4,9,6.71,14.74,-1.31,10,0.1,3.5
-9.9478,??????_w40_ATR2.4_RSI52/48_8x_8%_3.2R_???,26,30.77,10.72,10.44,1.29,58.84,-20.2,4,9,3.4,10.44,1.51,8,0.08,3.2
-9.9478,??????_w40_ATR2.4_RSI54/46_8x_8%_3.2R_???,26,30.77,10.72,10.44,1.29,58.84,-20.2,4,9,3.4,10.44,1.51,8,0.08,3.2
-9.9478,??????_w40_ATR2.4_RSI56/44_8x_8%_3.2R_???,26,30.77,10.72,10.44,1.29,58.84,-20.2,4,9,3.4,10.44,1.51,8,0.08,3.2
-10.3985,??????_w40_ATR2.4_RSI52/48_8x_11%_3.2R_???,26,30.77,14.0,14.14,1.28,80.76,-28.11,4,9,4.3,14.14,1.67,8,0.11,3.2
-10.3985,??????_w40_ATR2.4_RSI54/46_8x_11%_3.2R_???,26,30.77,14.0,14.14,1.28,80.76,-28.11,4,9,4.3,14.14,1.67,8,0.11,3.2
-10.3985,??????_w40_ATR2.4_RSI56/44_8x_11%_3.2R_???,26,30.77,14.0,14.14,1.28,80.76,-28.11,4,9,4.3,14.14,1.67,8,0.11,3.2
-10.4604,??????_w40_ATR2.4_RSI52/48_8x_11%_3.5R_???,25,28.0,12.8,14.11,1.26,87.61,-26.96,6,8,8.29,14.14,-3.91,8,0.11,3.5
-10.4604,??????_w40_ATR2.4_RSI54/46_8x_11%_3.5R_???,25,28.0,12.8,14.11,1.26,87.61,-26.96,6,8,8.29,14.14,-3.91,8,0.11,3.5
-10.4604,??????_w40_ATR2.4_RSI56/44_8x_11%_3.5R_???,25,28.0,12.8,14.11,1.26,87.61,-26.96,6,8,8.29,14.14,-3.91,8,0.11,3.5
-10.5172,??????_w35_ATR2.4_RSI52/48_8x_9%_3.5R_???,26,26.92,7.74,11.66,1.19,70.71,-21.98,6,8,6.98,11.69,-5.79,8,0.09,3.5
-10.5172,??????_w35_ATR2.4_RSI54/46_8x_9%_3.5R_???,26,26.92,7.74,11.66,1.19,70.71,-21.98,6,8,6.98,11.69,-5.79,8,0.09,3.5
-10.5172,??????_w35_ATR2.4_RSI56/44_8x_9%_3.5R_???,26,26.92,7.74,11.66,1.19,70.71,-21.98,6,8,6.98,11.69,-5.79,8,0.09,3.5
-10.7606,??????_w35_ATR2.4_RSI52/48_10x_7%_3.5R_???,26,26.92,7.59,11.35,1.19,68.86,-21.38,6,8,6.81,11.38,-5.61,10,0.07,3.5
-10.7606,??????_w35_ATR2.4_RSI54/46_10x_7%_3.5R_???,26,26.92,7.59,11.35,1.19,68.86,-21.38,6,8,6.81,11.38,-5.61,10,0.07,3.5
-10.7606,??????_w35_ATR2.4_RSI56/44_10x_7%_3.5R_???,26,26.92,7.59,11.35,1.19,68.86,-21.38,6,8,6.81,11.38,-5.61,10,0.07,3.5
-10.94,??????_w40_ATR2.4_RSI52/48_8x_7%_3.2R_???,26,30.77,9.53,9.18,1.3,51.5,-17.59,4,9,3.05,9.18,1.4,8,0.07,3.2
-10.94,??????_w40_ATR2.4_RSI54/46_8x_7%_3.2R_???,26,30.77,9.53,9.18,1.3,51.5,-17.59,4,9,3.05,9.18,1.4,8,0.07,3.2
-10.94,??????_w40_ATR2.4_RSI56/44_8x_7%_3.2R_???,26,30.77,9.53,9.18,1.3,51.5,-17.59,4,9,3.05,9.18,1.4,8,0.07,3.2
-11.1538,??????_w40_ATR2.4_RSI52/48_10x_9%_3.5R_???,25,28.0,13.02,14.41,1.26,89.5,-27.57,6,8,8.45,14.45,-4.03,10,0.09,3.5
-11.1538,??????_w40_ATR2.4_RSI54/46_10x_9%_3.5R_???,25,28.0,13.02,14.41,1.26,89.5,-27.57,6,8,8.45,14.45,-4.03,10,0.09,3.5
-11.1538,??????_w40_ATR2.4_RSI56/44_10x_9%_3.5R_???,25,28.0,13.02,14.41,1.26,89.5,-27.57,6,8,8.45,14.45,-4.03,10,0.09,3.5
-11.1741,??????_w40_ATR2.4_RSI52/48_10x_9%_3.2R_???,26,30.77,14.26,14.45,1.28,82.57,-28.78,4,9,4.37,14.45,1.67,10,0.09,3.2
-11.1741,??????_w40_ATR2.4_RSI54/46_10x_9%_3.2R_???,26,30.77,14.26,14.45,1.28,82.57,-28.78,4,9,4.37,14.45,1.67,10,0.09,3.2
-11.1741,??????_w40_ATR2.4_RSI56/44_10x_9%_3.2R_???,26,30.77,14.26,14.45,1.28,82.57,-28.78,4,9,4.37,14.45,1.67,10,0.09,3.2
-11.2269,??????_w35_ATR2.4_RSI52/48_8x_10%_3.5R_???,26,26.92,8.31,12.89,1.18,78.04,-24.38,6,8,7.65,12.92,-6.54,8,0.1,3.5
-11.2269,??????_w35_ATR2.4_RSI54/46_8x_10%_3.5R_???,26,26.92,8.31,12.89,1.18,78.04,-24.38,6,8,7.65,12.92,-6.54,8,0.1,3.5
-11.2269,??????_w35_ATR2.4_RSI56/44_8x_10%_3.5R_???,26,26.92,8.31,12.89,1.18,78.04,-24.38,6,8,7.65,12.92,-6.54,8,0.1,3.5
-11.2269,??????_w35_ATR2.4_RSI52/48_10x_8%_3.5R_???,26,26.92,8.31,12.89,1.18,78.04,-24.38,6,8,7.65,12.92,-6.54,10,0.08,3.5
-11.2269,??????_w35_ATR2.4_RSI54/46_10x_8%_3.5R_???,26,26.92,8.31,12.89,1.18,78.04,-24.38,6,8,7.65,12.92,-6.54,10,0.08,3.5
-11.2269,??????_w35_ATR2.4_RSI56/44_10x_8%_3.5R_???,26,26.92,8.31,12.89,1.18,78.04,-24.38,6,8,7.65,12.92,-6.54,10,0.08,3.5
-11.5269,??????_w35_ATR2.4_RSI52/48_8x_8%_3.5R_???,26,26.92,7.11,10.41,1.19,63.26,-19.56,6,8,6.29,10.44,-5.07,8,0.08,3.5
-11.5269,??????_w35_ATR2.4_RSI54/46_8x_8%_3.5R_???,26,26.92,7.11,10.41,1.19,63.26,-19.56,6,8,6.29,10.44,-5.07,8,0.08,3.5
-11.5269,??????_w35_ATR2.4_RSI56/44_8x_8%_3.5R_???,26,26.92,7.11,10.41,1.19,63.26,-19.56,6,8,6.29,10.44,-5.07,8,0.08,3.5
-11.8223,??????_w35_ATR2.2_RSI52/48_12x_9%_3.5R_???,27,29.63,16.67,15.84,1.27,98.4,-32.66,4,9,7.11,15.84,-0.25,12,0.09,3.5
-11.8223,??????_w35_ATR2.2_RSI54/46_12x_9%_3.5R_???,27,29.63,16.67,15.84,1.27,98.4,-32.66,4,9,7.11,15.84,-0.25,12,0.09,3.5
-11.8223,??????_w35_ATR2.2_RSI56/44_12x_9%_3.5R_???,27,29.63,16.67,15.84,1.27,98.4,-32.66,4,9,7.11,15.84,-0.25,12,0.09,3.5
-12.2366,??????_w45_ATR2.4_RSI52/48_8x_10%_3.5R_???,26,26.92,6.69,12.89,1.15,75.1,-24.15,6,8,7.65,12.92,-7.94,8,0.1,3.5
-12.2366,??????_w45_ATR2.4_RSI54/46_8x_10%_3.5R_???,26,26.92,6.69,12.89,1.15,75.1,-24.15,6,8,7.65,12.92,-7.94,8,0.1,3.5
-12.2366,??????_w45_ATR2.4_RSI56/44_8x_10%_3.5R_???,26,26.92,6.69,12.89,1.15,75.1,-24.15,6,8,7.65,12.92,-7.94,8,0.1,3.5
-12.2366,??????_w45_ATR2.4_RSI52/48_10x_8%_3.5R_???,26,26.92,6.69,12.89,1.15,75.1,-24.15,6,8,7.65,12.92,-7.94,10,0.08,3.5
-12.2366,??????_w45_ATR2.4_RSI54/46_10x_8%_3.5R_???,26,26.92,6.69,12.89,1.15,75.1,-24.15,6,8,7.65,12.92,-7.94,10,0.08,3.5
-12.2366,??????_w45_ATR2.4_RSI56/44_10x_8%_3.5R_???,26,26.92,6.69,12.89,1.15,75.1,-24.15,6,8,7.65,12.92,-7.94,10,0.08,3.5
-12.6089,??????_w45_ATR2.2_RSI52/48_12x_9%_3.5R_???,27,29.63,15.14,15.84,1.25,95.23,-32.13,4,9,7.11,15.84,-1.56,12,0.09,3.5
-12.6089,??????_w45_ATR2.2_RSI54/46_12x_9%_3.5R_???,27,29.63,15.14,15.84,1.25,95.23,-32.13,4,9,7.11,15.84,-1.56,12,0.09,3.5
-12.6089,??????_w45_ATR2.2_RSI56/44_12x_9%_3.5R_???,27,29.63,15.14,15.84,1.25,95.23,-32.13,4,9,7.11,15.84,-1.56,12,0.09,3.5
-12.6312,??????_w35_ATR2.4_RSI52/48_8x_7%_3.5R_???,26,26.92,6.42,9.16,1.2,55.69,-17.14,6,8,5.58,9.18,-4.36,8,0.07,3.5
-12.6312,??????_w35_ATR2.4_RSI54/46_8x_7%_3.5R_???,26,26.92,6.42,9.16,1.2,55.69,-17.14,6,8,5.58,9.18,-4.36,8,0.07,3.5
-12.6312,??????_w35_ATR2.4_RSI56/44_8x_7%_3.5R_???,26,26.92,6.42,9.16,1.2,55.69,-17.14,6,8,5.58,9.18,-4.36,8,0.07,3.5
-12.7389,??????_w35_ATR2.4_RSI52/48_12x_7%_3.5R_???,26,26.92,8.58,13.5,1.18,81.66,-25.57,6,8,7.97,13.53,-6.92,12,0.07,3.5
-12.7389,??????_w35_ATR2.4_RSI54/46_12x_7%_3.5R_???,26,26.92,8.58,13.5,1.18,81.66,-25.57,6,8,7.97,13.53,-6.92,12,0.07,3.5
-12.7389,??????_w35_ATR2.4_RSI56/44_12x_7%_3.5R_???,26,26.92,8.58,13.5,1.18,81.66,-25.57,6,8,7.97,13.53,-6.92,12,0.07,3.5
-12.8537,??????_w45_ATR2.4_RSI52/48_8x_9%_3.5R_???,26,26.92,6.27,11.66,1.15,68.09,-21.79,6,8,6.98,11.69,-7.08,8,0.09,3.5
-12.8537,??????_w45_ATR2.4_RSI54/46_8x_9%_3.5R_???,26,26.92,6.27,11.66,1.15,68.09,-21.79,6,8,6.98,11.69,-7.08,8,0.09,3.5
-12.8537,??????_w45_ATR2.4_RSI56/44_8x_9%_3.5R_???,26,26.92,6.27,11.66,1.15,68.09,-21.79,6,8,6.98,11.69,-7.08,8,0.09,3.5
-13.0367,??????_w45_ATR2.4_RSI52/48_10x_7%_3.5R_???,26,26.92,6.16,11.35,1.15,66.32,-21.19,6,8,6.81,11.38,-6.87,10,0.07,3.5
-13.0367,??????_w45_ATR2.4_RSI54/46_10x_7%_3.5R_???,26,26.92,6.16,11.35,1.15,66.32,-21.19,6,8,6.81,11.38,-6.87,10,0.07,3.5
-13.0367,??????_w45_ATR2.4_RSI56/44_10x_7%_3.5R_???,26,26.92,6.16,11.35,1.15,66.32,-21.19,6,8,6.81,11.38,-6.87,10,0.07,3.5
-13.086,??????_w35_ATR2.4_RSI52/48_12x_7%_3.2R_???,27,29.63,9.2,13.53,1.18,75.05,-26.76,4,9,4.16,13.53,-2.18,12,0.07,3.2
-13.086,??????_w35_ATR2.4_RSI54/46_12x_7%_3.2R_???,27,29.63,9.2,13.53,1.18,75.05,-26.76,4,9,4.16,13.53,-2.18,12,0.07,3.2
-13.086,??????_w35_ATR2.4_RSI56/44_12x_7%_3.2R_???,27,29.63,9.2,13.53,1.18,75.05,-26.76,4,9,4.16,13.53,-2.18,12,0.07,3.2
-13.2012,??????_w35_ATR2.4_RSI52/48_10x_8%_3.2R_???,27,29.63,8.89,12.92,1.18,71.6,-25.47,4,9,4.02,12.92,-2.02,10,0.08,3.2
-13.2012,??????_w35_ATR2.4_RSI54/46_10x_8%_3.2R_???,27,29.63,8.89,12.92,1.18,71.6,-25.47,4,9,4.02,12.92,-2.02,10,0.08,3.2
-13.2012,??????_w35_ATR2.4_RSI56/44_10x_8%_3.2R_???,27,29.63,8.89,12.92,1.18,71.6,-25.47,4,9,4.02,12.92,-2.02,10,0.08,3.2
-13.2012,??????_w35_ATR2.4_RSI52/48_8x_10%_3.2R_???,27,29.63,8.89,12.92,1.18,71.6,-25.47,4,9,4.02,12.92,-2.02,8,0.1,3.2
-13.2012,??????_w35_ATR2.4_RSI54/46_8x_10%_3.2R_???,27,29.63,8.89,12.92,1.18,71.6,-25.47,4,9,4.02,12.92,-2.02,8,0.1,3.2
-13.2012,??????_w35_ATR2.4_RSI56/44_8x_10%_3.2R_???,27,29.63,8.89,12.92,1.18,71.6,-25.47,4,9,4.02,12.92,-2.02,8,0.1,3.2
-13.2485,??????_w40_ATR2.4_RSI52/48_8x_12%_3.5R_???,25,28.0,13.66,15.31,1.26,95.14,-29.41,6,8,8.92,15.35,-4.4,8,0.12,3.5
-13.2485,??????_w40_ATR2.4_RSI54/46_8x_12%_3.5R_???,25,28.0,13.66,15.31,1.26,95.14,-29.41,6,8,8.92,15.35,-4.4,8,0.12,3.5
-13.2485,??????_w40_ATR2.4_RSI56/44_8x_12%_3.5R_???,25,28.0,13.66,15.31,1.26,95.14,-29.41,6,8,8.92,15.35,-4.4,8,0.12,3.5
-13.2485,??????_w40_ATR2.4_RSI52/48_12x_8%_3.5R_???,25,28.0,13.66,15.31,1.26,95.14,-29.41,6,8,8.92,15.35,-4.4,12,0.08,3.5
-13.2485,??????_w40_ATR2.4_RSI54/46_12x_8%_3.5R_???,25,28.0,13.66,15.31,1.26,95.14,-29.41,6,8,8.92,15.35,-4.4,12,0.08,3.5
-13.2485,??????_w40_ATR2.4_RSI56/44_12x_8%_3.5R_???,25,28.0,13.66,15.31,1.26,95.14,-29.41,6,8,8.92,15.35,-4.4,12,0.08,3.5
-13.301,??????_w45_ATR2.2_RSI52/48_10x_11%_3.5R_???,27,29.63,15.35,16.12,1.25,96.94,-32.74,4,9,7.21,16.12,-1.62,10,0.11,3.5
-13.301,??????_w45_ATR2.2_RSI54/46_10x_11%_3.5R_???,27,29.63,15.35,16.12,1.25,96.94,-32.74,4,9,7.21,16.12,-1.62,10,0.11,3.5
-13.301,??????_w45_ATR2.2_RSI56/44_10x_11%_3.5R_???,27,29.63,15.35,16.12,1.25,96.94,-32.74,4,9,7.21,16.12,-1.62,10,0.11,3.5
-13.5192,??????_w40_ATR2.4_RSI52/48_8x_12%_3.2R_???,26,30.77,15.0,15.35,1.27,88.01,-30.78,4,9,4.56,15.35,1.68,8,0.12,3.2
-13.5192,??????_w40_ATR2.4_RSI52/48_12x_8%_3.2R_???,26,30.77,15.0,15.35,1.27,88.01,-30.78,4,9,4.56,15.35,1.68,12,0.08,3.2
-13.5192,??????_w40_ATR2.4_RSI54/46_8x_12%_3.2R_???,26,30.77,15.0,15.35,1.27,88.01,-30.78,4,9,4.56,15.35,1.68,8,0.12,3.2
-13.5192,??????_w40_ATR2.4_RSI54/46_12x_8%_3.2R_???,26,30.77,15.0,15.35,1.27,88.01,-30.78,4,9,4.56,15.35,1.68,12,0.08,3.2
-13.5192,??????_w40_ATR2.4_RSI56/44_8x_12%_3.2R_???,26,30.77,15.0,15.35,1.27,88.01,-30.78,4,9,4.56,15.35,1.68,8,0.12,3.2
-13.5192,??????_w40_ATR2.4_RSI56/44_12x_8%_3.2R_???,26,30.77,15.0,15.35,1.27,88.01,-30.78,4,9,4.56,15.35,1.68,12,0.08,3.2
-13.5388,??????_w35_ATR2.4_RSI52/48_8x_9%_3.2R_???,27,29.63,8.24,11.69,1.19,64.65,-22.88,4,9,3.72,11.69,-1.7,8,0.09,3.2
-13.5388,??????_w35_ATR2.4_RSI54/46_8x_9%_3.2R_???,27,29.63,8.24,11.69,1.19,64.65,-22.88,4,9,3.72,11.69,-1.7,8,0.09,3.2
-13.5388,??????_w35_ATR2.4_RSI56/44_8x_9%_3.2R_???,27,29.63,8.24,11.69,1.19,64.65,-22.88,4,9,3.72,11.69,-1.7,8,0.09,3.2
-13.6108,??????_w50_ATR2.2_RSI52/48_10x_9%_3.5R_???,29,27.59,7.44,13.34,1.15,72.94,-24.24,5,9,6.19,13.34,-6.05,10,0.09,3.5
-13.6108,??????_w50_ATR2.2_RSI54/46_10x_9%_3.5R_???,29,27.59,7.44,13.34,1.15,72.94,-24.24,5,9,6.19,13.34,-6.05,10,0.09,3.5
-13.6108,??????_w50_ATR2.2_RSI56/44_10x_9%_3.5R_???,29,27.59,7.44,13.34,1.15,72.94,-24.24,5,9,6.19,13.34,-6.05,10,0.09,3.5
-13.6216,??????_w45_ATR2.4_RSI52/48_8x_8%_3.5R_???,26,26.92,5.79,10.41,1.16,60.96,-19.41,6,8,6.29,10.44,-6.23,8,0.08,3.5
-13.6216,??????_w45_ATR2.4_RSI54/46_8x_8%_3.5R_???,26,26.92,5.79,10.41,1.16,60.96,-19.41,6,8,6.29,10.44,-6.23,8,0.08,3.5
-13.6216,??????_w45_ATR2.4_RSI56/44_8x_8%_3.5R_???,26,26.92,5.79,10.41,1.16,60.96,-19.41,6,8,6.29,10.44,-6.23,8,0.08,3.5
-13.6353,??????_w35_ATR2.4_RSI52/48_10x_7%_3.2R_???,27,29.63,8.07,11.38,1.19,62.9,-22.24,4,9,3.64,11.38,-1.63,10,0.07,3.2
-13.6353,??????_w35_ATR2.4_RSI54/46_10x_7%_3.2R_???,27,29.63,8.07,11.38,1.19,62.9,-22.24,4,9,3.64,11.38,-1.63,10,0.07,3.2
-13.6353,??????_w35_ATR2.4_RSI56/44_10x_7%_3.2R_???,27,29.63,8.07,11.38,1.19,62.9,-22.24,4,9,3.64,11.38,-1.63,10,0.07,3.2
-13.6813,??????_w50_ATR2.2_RSI52/48_8x_11%_3.5R_???,29,27.59,7.34,13.06,1.15,71.42,-23.71,5,9,6.08,13.06,-5.9,8,0.11,3.5
-13.6813,??????_w50_ATR2.2_RSI54/46_8x_11%_3.5R_???,29,27.59,7.34,13.06,1.15,71.42,-23.71,5,9,6.08,13.06,-5.9,8,0.11,3.5
-13.6813,??????_w50_ATR2.2_RSI56/44_8x_11%_3.5R_???,29,27.59,7.34,13.06,1.15,71.42,-23.71,5,9,6.08,13.06,-5.9,8,0.11,3.5
-13.7811,??????_w45_ATR2.4_RSI52/48_12x_7%_3.5R_???,26,26.92,6.88,13.5,1.14,78.56,-25.32,6,8,7.97,13.53,-8.37,12,0.07,3.5
-13.7811,??????_w45_ATR2.4_RSI54/46_12x_7%_3.5R_???,26,26.92,6.88,13.5,1.14,78.56,-25.32,6,8,7.97,13.53,-8.37,12,0.07,3.5
-13.7811,??????_w45_ATR2.4_RSI56/44_12x_7%_3.5R_???,26,26.92,6.88,13.5,1.14,78.56,-25.32,6,8,7.97,13.53,-8.37,12,0.07,3.5
-13.8376,??????_w50_ATR2.2_RSI52/48_12x_7%_3.5R_???,29,27.59,7.13,12.49,1.15,68.38,-22.65,5,9,5.85,12.49,-5.59,12,0.07,3.5
-13.8376,??????_w50_ATR2.2_RSI54/46_12x_7%_3.5R_???,29,27.59,7.13,12.49,1.15,68.38,-22.65,5,9,5.85,12.49,-5.59,12,0.07,3.5
-13.8376,??????_w50_ATR2.2_RSI56/44_12x_7%_3.5R_???,29,27.59,7.13,12.49,1.15,68.38,-22.65,5,9,5.85,12.49,-5.59,12,0.07,3.5
-13.9536,??????_w35_ATR2.4_RSI52/48_8x_8%_3.2R_???,27,29.63,7.53,10.44,1.2,57.64,-20.31,4,9,3.4,10.44,-1.42,8,0.08,3.2
-13.9536,??????_w35_ATR2.4_RSI54/46_8x_8%_3.2R_???,27,29.63,7.53,10.44,1.2,57.64,-20.31,4,9,3.4,10.44,-1.42,8,0.08,3.2
-13.9536,??????_w35_ATR2.4_RSI56/44_8x_8%_3.2R_???,27,29.63,7.53,10.44,1.2,57.64,-20.31,4,9,3.4,10.44,-1.42,8,0.08,3.2
-14.0139,??????_w50_ATR2.2_RSI52/48_10x_8%_3.5R_???,29,27.59,6.91,11.92,1.15,65.31,-21.59,5,9,5.62,11.92,-5.28,10,0.08,3.5
-14.0139,??????_w50_ATR2.2_RSI54/46_10x_8%_3.5R_???,29,27.59,6.91,11.92,1.15,65.31,-21.59,5,9,5.62,11.92,-5.28,10,0.08,3.5
-14.0139,??????_w50_ATR2.2_RSI56/44_10x_8%_3.5R_???,29,27.59,6.91,11.92,1.15,65.31,-21.59,5,9,5.62,11.92,-5.28,10,0.08,3.5
-14.0139,??????_w50_ATR2.2_RSI52/48_8x_10%_3.5R_???,29,27.59,6.91,11.92,1.15,65.31,-21.59,5,9,5.62,11.92,-5.28,8,0.1,3.5
-14.0139,??????_w50_ATR2.2_RSI54/46_8x_10%_3.5R_???,29,27.59,6.91,11.92,1.15,65.31,-21.59,5,9,5.62,11.92,-5.28,8,0.1,3.5
-14.0139,??????_w50_ATR2.2_RSI56/44_8x_10%_3.5R_???,29,27.59,6.91,11.92,1.15,65.31,-21.59,5,9,5.62,11.92,-5.28,8,0.1,3.5
-14.2593,??????_w35_ATR2.4_RSI52/48_8x_11%_3.5R_???,26,26.92,8.83,14.11,1.17,85.26,-26.76,6,8,8.29,14.14,-7.3,8,0.11,3.5
-14.2593,??????_w35_ATR2.4_RSI54/46_8x_11%_3.5R_???,26,26.92,8.83,14.11,1.17,85.26,-26.76,6,8,8.29,14.14,-7.3,8,0.11,3.5
-14.2593,??????_w35_ATR2.4_RSI56/44_8x_11%_3.5R_???,26,26.92,8.83,14.11,1.17,85.26,-26.76,6,8,8.29,14.14,-7.3,8,0.11,3.5
-14.4262,??????_w50_ATR2.2_RSI52/48_8x_9%_3.5R_???,29,27.59,6.43,10.78,1.16,59.12,-19.46,5,9,5.15,10.78,-4.68,8,0.09,3.5
-14.4262,??????_w50_ATR2.2_RSI54/46_8x_9%_3.5R_???,29,27.59,6.43,10.78,1.16,59.12,-19.46,5,9,5.15,10.78,-4.68,8,0.09,3.5
-14.4262,??????_w50_ATR2.2_RSI56/44_8x_9%_3.5R_???,29,27.59,6.43,10.78,1.16,59.12,-19.46,5,9,5.15,10.78,-4.68,8,0.09,3.5
-14.4436,??????_w35_ATR2.4_RSI52/48_8x_7%_3.2R_???,27,29.63,6.77,9.18,1.2,50.58,-17.73,4,9,3.05,9.18,-1.15,8,0.07,3.2
-14.4436,??????_w35_ATR2.4_RSI54/46_8x_7%_3.2R_???,27,29.63,6.77,9.18,1.2,50.58,-17.73,4,9,3.05,9.18,-1.15,8,0.07,3.2
-14.4436,??????_w35_ATR2.4_RSI56/44_8x_7%_3.2R_???,27,29.63,6.77,9.18,1.2,50.58,-17.73,4,9,3.05,9.18,-1.15,8,0.07,3.2
-14.4837,??????_w45_ATR2.4_RSI52/48_8x_7%_3.5R_???,26,26.92,5.26,9.16,1.16,53.71,-17.02,6,8,5.58,9.18,-5.4,8,0.07,3.5
-14.4837,??????_w45_ATR2.4_RSI54/46_8x_7%_3.5R_???,26,26.92,5.26,9.16,1.16,53.71,-17.02,6,8,5.58,9.18,-5.4,8,0.07,3.5
-14.4837,??????_w45_ATR2.4_RSI56/44_8x_7%_3.5R_???,26,26.92,5.26,9.16,1.16,53.71,-17.02,6,8,5.58,9.18,-5.4,8,0.07,3.5
-14.5416,??????_w50_ATR2.2_RSI52/48_10x_7%_3.5R_???,29,27.59,6.3,10.49,1.16,57.56,-18.92,5,9,5.03,10.49,-4.53,10,0.07,3.5
-14.5416,??????_w50_ATR2.2_RSI54/46_10x_7%_3.5R_???,29,27.59,6.3,10.49,1.16,57.56,-18.92,5,9,5.03,10.49,-4.53,10,0.07,3.5
-14.5416,??????_w50_ATR2.2_RSI56/44_10x_7%_3.5R_???,29,27.59,6.3,10.49,1.16,57.56,-18.92,5,9,5.03,10.49,-4.53,10,0.07,3.5
-14.6571,??????_w40_ATR2.4_RSI52/48_10x_10%_3.5R_???,25,28.0,14.06,15.91,1.25,98.87,-30.64,6,8,9.22,15.95,-4.65,10,0.1,3.5
-14.6571,??????_w40_ATR2.4_RSI54/46_10x_10%_3.5R_???,25,28.0,14.06,15.91,1.25,98.87,-30.64,6,8,9.22,15.95,-4.65,10,0.1,3.5
-14.6571,??????_w40_ATR2.4_RSI56/44_10x_10%_3.5R_???,25,28.0,14.06,15.91,1.25,98.87,-30.64,6,8,9.22,15.95,-4.65,10,0.1,3.5
-14.7327,??????_w50_ATR2.2_RSI52/48_8x_12%_3.5R_???,29,27.59,7.72,14.18,1.14,77.44,-25.82,5,9,6.51,14.18,-6.52,8,0.12,3.5
-14.7327,??????_w50_ATR2.2_RSI54/46_8x_12%_3.5R_???,29,27.59,7.72,14.18,1.14,77.44,-25.82,5,9,6.51,14.18,-6.52,8,0.12,3.5
-14.7327,??????_w50_ATR2.2_RSI56/44_8x_12%_3.5R_???,29,27.59,7.72,14.18,1.14,77.44,-25.82,5,9,6.51,14.18,-6.52,8,0.12,3.5
-14.7327,??????_w50_ATR2.2_RSI52/48_12x_8%_3.5R_???,29,27.59,7.72,14.18,1.14,77.44,-25.82,5,9,6.51,14.18,-6.52,12,0.08,3.5
-14.7327,??????_w50_ATR2.2_RSI54/46_12x_8%_3.5R_???,29,27.59,7.72,14.18,1.14,77.44,-25.82,5,9,6.51,14.18,-6.52,12,0.08,3.5
-14.7327,??????_w50_ATR2.2_RSI56/44_12x_8%_3.5R_???,29,27.59,7.72,14.18,1.14,77.44,-25.82,5,9,6.51,14.18,-6.52,12,0.08,3.5
-14.7977,??????_w35_ATR2.4_RSI52/48_8x_11%_3.2R_???,27,29.63,9.49,14.14,1.18,78.48,-28.05,4,9,4.3,14.14,-2.35,8,0.11,3.2
-14.7977,??????_w35_ATR2.4_RSI54/46_8x_11%_3.2R_???,27,29.63,9.49,14.14,1.18,78.48,-28.05,4,9,4.3,14.14,-2.35,8,0.11,3.2
-14.7977,??????_w35_ATR2.4_RSI56/44_8x_11%_3.2R_???,27,29.63,9.49,14.14,1.18,78.48,-28.05,4,9,4.3,14.14,-2.35,8,0.11,3.2
-14.886,??????_w45_ATR2.4_RSI52/48_12x_7%_3.2R_???,27,29.63,8.09,13.53,1.16,72.72,-26.36,4,9,4.16,13.53,-3.17,12,0.07,3.2
-14.886,??????_w45_ATR2.4_RSI54/46_12x_7%_3.2R_???,27,29.63,8.09,13.53,1.16,72.72,-26.36,4,9,4.16,13.53,-3.17,12,0.07,3.2
-14.886,??????_w45_ATR2.4_RSI56/44_12x_7%_3.2R_???,27,29.63,8.09,13.53,1.16,72.72,-26.36,4,9,4.16,13.53,-3.17,12,0.07,3.2
-14.917,??????_w50_ATR2.2_RSI52/48_8x_8%_3.5R_???,29,27.59,5.9,9.63,1.16,52.84,-17.32,5,9,4.66,9.63,-4.1,8,0.08,3.5
-14.917,??????_w50_ATR2.2_RSI54/46_8x_8%_3.5R_???,29,27.59,5.9,9.63,1.16,52.84,-17.32,5,9,4.66,9.63,-4.1,8,0.08,3.5
-14.917,??????_w50_ATR2.2_RSI56/44_8x_8%_3.5R_???,29,27.59,5.9,9.63,1.16,52.84,-17.32,5,9,4.66,9.63,-4.1,8,0.08,3.5
-14.9462,??????_w45_ATR2.4_RSI52/48_8x_10%_3.2R_???,27,29.63,7.83,12.92,1.16,69.38,-25.09,4,9,4.02,12.92,-2.97,8,0.1,3.2
-14.9462,??????_w45_ATR2.4_RSI52/48_10x_8%_3.2R_???,27,29.63,7.83,12.92,1.16,69.38,-25.09,4,9,4.02,12.92,-2.97,10,0.08,3.2
-14.9462,??????_w45_ATR2.4_RSI54/46_8x_10%_3.2R_???,27,29.63,7.83,12.92,1.16,69.38,-25.09,4,9,4.02,12.92,-2.97,8,0.1,3.2
-14.9462,??????_w45_ATR2.4_RSI54/46_10x_8%_3.2R_???,27,29.63,7.83,12.92,1.16,69.38,-25.09,4,9,4.02,12.92,-2.97,10,0.08,3.2
-14.9462,??????_w45_ATR2.4_RSI56/44_8x_10%_3.2R_???,27,29.63,7.83,12.92,1.16,69.38,-25.09,4,9,4.02,12.92,-2.97,8,0.1,3.2
-14.9462,??????_w45_ATR2.4_RSI56/44_10x_8%_3.2R_???,27,29.63,7.83,12.92,1.16,69.38,-25.09,4,9,4.02,12.92,-2.97,10,0.08,3.2
-15.0226,??????_w35_ATR2.4_RSI52/48_10x_9%_3.5R_???,26,26.92,8.95,14.41,1.17,87.04,-27.36,6,8,8.45,14.45,-7.49,10,0.09,3.5
-15.0226,??????_w35_ATR2.4_RSI54/46_10x_9%_3.5R_???,26,26.92,8.95,14.41,1.17,87.04,-27.36,6,8,8.45,14.45,-7.49,10,0.09,3.5
-15.0226,??????_w35_ATR2.4_RSI56/44_10x_9%_3.5R_???,26,26.92,8.95,14.41,1.17,87.04,-27.36,6,8,8.45,14.45,-7.49,10,0.09,3.5
-15.0978,??????_w40_ATR2.4_RSI52/48_10x_10%_3.2R_???,26,30.77,15.48,15.95,1.27,91.62,-32.12,4,9,4.68,15.95,1.67,10,0.1,3.2
-15.0978,??????_w40_ATR2.4_RSI54/46_10x_10%_3.2R_???,26,30.77,15.48,15.95,1.27,91.62,-32.12,4,9,4.68,15.95,1.67,10,0.1,3.2
-15.0978,??????_w40_ATR2.4_RSI56/44_10x_10%_3.2R_???,26,30.77,15.48,15.95,1.27,91.62,-32.12,4,9,4.68,15.95,1.67,10,0.1,3.2
-15.1242,??????_w45_ATR2.4_RSI52/48_8x_9%_3.2R_???,27,29.63,7.28,11.69,1.17,62.67,-22.56,4,9,3.72,11.69,-2.58,8,0.09,3.2
-15.1242,??????_w45_ATR2.4_RSI54/46_8x_9%_3.2R_???,27,29.63,7.28,11.69,1.17,62.67,-22.56,4,9,3.72,11.69,-2.58,8,0.09,3.2
-15.1242,??????_w45_ATR2.4_RSI56/44_8x_9%_3.2R_???,27,29.63,7.28,11.69,1.17,62.67,-22.56,4,9,3.72,11.69,-2.58,8,0.09,3.2
-15.1806,??????_w45_ATR2.4_RSI52/48_10x_7%_3.2R_???,27,29.63,7.13,11.38,1.17,60.98,-21.92,4,9,3.64,11.38,-2.48,10,0.07,3.2
-15.1806,??????_w45_ATR2.4_RSI54/46_10x_7%_3.2R_???,27,29.63,7.13,11.38,1.17,60.98,-21.92,4,9,3.64,11.38,-2.48,10,0.07,3.2
-15.1806,??????_w45_ATR2.4_RSI56/44_10x_7%_3.2R_???,27,29.63,7.13,11.38,1.17,60.98,-21.92,4,9,3.64,11.38,-2.48,10,0.07,3.2
-15.3329,??????_w45_ATR2.4_RSI52/48_8x_11%_3.5R_???,26,26.92,7.05,14.11,1.14,81.99,-26.49,6,8,8.29,14.14,-8.81,8,0.11,3.5
-15.3329,??????_w45_ATR2.4_RSI54/46_8x_11%_3.5R_???,26,26.92,7.05,14.11,1.14,81.99,-26.49,6,8,8.29,14.14,-8.81,8,0.11,3.5
-15.3329,??????_w45_ATR2.4_RSI56/44_8x_11%_3.5R_???,26,26.92,7.05,14.11,1.14,81.99,-26.49,6,8,8.29,14.14,-8.81,8,0.11,3.5
-15.3777,??????_w45_ATR2.4_RSI52/48_8x_8%_3.2R_???,27,29.63,6.67,10.44,1.18,55.9,-20.03,4,9,3.4,10.44,-2.2,8,0.08,3.2
-15.3777,??????_w45_ATR2.4_RSI54/46_8x_8%_3.2R_???,27,29.63,6.67,10.44,1.18,55.9,-20.03,4,9,3.4,10.44,-2.2,8,0.08,3.2
-15.3777,??????_w45_ATR2.4_RSI56/44_8x_8%_3.2R_???,27,29.63,6.67,10.44,1.18,55.9,-20.03,4,9,3.4,10.44,-2.2,8,0.08,3.2
-15.3958,??????_w45_ATR2.4_RSI52/48_8x_11%_3.2R_???,27,29.63,8.34,14.14,1.16,76.03,-27.63,4,9,4.3,14.14,-3.38,8,0.11,3.2
-15.3958,??????_w45_ATR2.4_RSI54/46_8x_11%_3.2R_???,27,29.63,8.34,14.14,1.16,76.03,-27.63,4,9,4.3,14.14,-3.38,8,0.11,3.2
-15.3958,??????_w45_ATR2.4_RSI56/44_8x_11%_3.2R_???,27,29.63,8.34,14.14,1.16,76.03,-27.63,4,9,4.3,14.14,-3.38,8,0.11,3.2
-15.6577,??????_w35_ATR2.4_RSI52/48_10x_9%_3.2R_???,27,29.63,9.63,14.45,1.18,80.19,-28.69,4,9,4.37,14.45,-2.44,10,0.09,3.2
-15.6577,??????_w35_ATR2.4_RSI54/46_10x_9%_3.2R_???,27,29.63,9.63,14.45,1.18,80.19,-28.69,4,9,4.37,14.45,-2.44,10,0.09,3.2
-15.6577,??????_w35_ATR2.4_RSI56/44_10x_9%_3.2R_???,27,29.63,9.63,14.45,1.18,80.19,-28.69,4,9,4.37,14.45,-2.44,10,0.09,3.2
-16.1117,??????_w45_ATR2.4_RSI52/48_10x_9%_3.5R_???,26,26.92,7.13,14.41,1.14,83.69,-27.08,6,8,8.45,14.45,-9.03,10,0.09,3.5
-16.1117,??????_w45_ATR2.4_RSI54/46_10x_9%_3.5R_???,26,26.92,7.13,14.41,1.14,83.69,-27.08,6,8,8.45,14.45,-9.03,10,0.09,3.5
-16.1117,??????_w45_ATR2.4_RSI56/44_10x_9%_3.5R_???,26,26.92,7.13,14.41,1.14,83.69,-27.08,6,8,8.45,14.45,-9.03,10,0.09,3.5
-16.2247,??????_w50_ATR2.2_RSI52/48_10x_10%_3.5R_???,29,27.59,7.9,14.74,1.14,80.42,-26.88,5,9,6.71,14.74,-6.84,10,0.1,3.5
-16.2247,??????_w50_ATR2.2_RSI54/46_10x_10%_3.5R_???,29,27.59,7.9,14.74,1.14,80.42,-26.88,5,9,6.71,14.74,-6.84,10,0.1,3.5
-16.2247,??????_w50_ATR2.2_RSI56/44_10x_10%_3.5R_???,29,27.59,7.9,14.74,1.14,80.42,-26.88,5,9,6.71,14.74,-6.84,10,0.1,3.5
-16.2633,??????_w45_ATR2.4_RSI52/48_10x_9%_3.2R_???,27,29.63,8.45,14.45,1.16,77.68,-28.26,4,9,4.37,14.45,-3.49,10,0.09,3.2
-16.2633,??????_w45_ATR2.4_RSI54/46_10x_9%_3.2R_???,27,29.63,8.45,14.45,1.16,77.68,-28.26,4,9,4.37,14.45,-3.49,10,0.09,3.2
-16.2633,??????_w45_ATR2.4_RSI56/44_10x_9%_3.2R_???,27,29.63,8.45,14.45,1.16,77.68,-28.26,4,9,4.37,14.45,-3.49,10,0.09,3.2
-17.325,??????_w35_ATR2.4_RSI52/48_12x_8%_3.5R_???,26,26.92,9.28,15.31,1.17,92.34,-29.14,6,8,8.92,15.35,-8.08,12,0.08,3.5
-17.325,??????_w35_ATR2.4_RSI54/46_12x_8%_3.5R_???,26,26.92,9.28,15.31,1.17,92.34,-29.14,6,8,8.92,15.35,-8.08,12,0.08,3.5
-17.325,??????_w35_ATR2.4_RSI56/44_12x_8%_3.5R_???,26,26.92,9.28,15.31,1.17,92.34,-29.14,6,8,8.92,15.35,-8.08,12,0.08,3.5
-17.325,??????_w35_ATR2.4_RSI52/48_8x_12%_3.5R_???,26,26.92,9.28,15.31,1.17,92.34,-29.14,6,8,8.92,15.35,-8.08,8,0.12,3.5
-17.325,??????_w35_ATR2.4_RSI54/46_8x_12%_3.5R_???,26,26.92,9.28,15.31,1.17,92.34,-29.14,6,8,8.92,15.35,-8.08,8,0.12,3.5
-17.325,??????_w35_ATR2.4_RSI56/44_8x_12%_3.5R_???,26,26.92,9.28,15.31,1.17,92.34,-29.14,6,8,8.92,15.35,-8.08,8,0.12,3.5
-18.2542,??????_w35_ATR2.4_RSI52/48_8x_12%_3.2R_???,27,29.63,10.03,15.35,1.17,85.29,-30.63,4,9,4.56,15.35,-2.71,8,0.12,3.2
-18.2542,??????_w35_ATR2.4_RSI52/48_12x_8%_3.2R_???,27,29.63,10.03,15.35,1.17,85.29,-30.63,4,9,4.56,15.35,-2.71,12,0.08,3.2
-18.2542,??????_w35_ATR2.4_RSI54/46_8x_12%_3.2R_???,27,29.63,10.03,15.35,1.17,85.29,-30.63,4,9,4.56,15.35,-2.71,8,0.12,3.2
-18.2542,??????_w35_ATR2.4_RSI54/46_12x_8%_3.2R_???,27,29.63,10.03,15.35,1.17,85.29,-30.63,4,9,4.56,15.35,-2.71,12,0.08,3.2
-18.2542,??????_w35_ATR2.4_RSI56/44_8x_12%_3.2R_???,27,29.63,10.03,15.35,1.17,85.29,-30.63,4,9,4.56,15.35,-2.71,8,0.12,3.2
-18.2542,??????_w35_ATR2.4_RSI56/44_12x_8%_3.2R_???,27,29.63,10.03,15.35,1.17,85.29,-30.63,4,9,4.56,15.35,-2.71,12,0.08,3.2
-18.2914,??????_w40_ATR2.4_RSI52/48_12x_9%_3.2R_???,26,30.77,16.4,17.15,1.26,98.81,-34.8,4,9,4.9,17.15,1.64,12,0.09,3.2
-18.2914,??????_w40_ATR2.4_RSI54/46_12x_9%_3.2R_???,26,30.77,16.4,17.15,1.26,98.81,-34.8,4,9,4.9,17.15,1.64,12,0.09,3.2
-18.2914,??????_w40_ATR2.4_RSI56/44_12x_9%_3.2R_???,26,30.77,16.4,17.15,1.26,98.81,-34.8,4,9,4.9,17.15,1.64,12,0.09,3.2
-18.4589,??????_w45_ATR2.4_RSI52/48_8x_12%_3.5R_???,26,26.92,7.36,15.31,1.13,88.74,-28.82,6,8,8.92,15.35,-9.7,8,0.12,3.5
-18.4589,??????_w45_ATR2.4_RSI54/46_8x_12%_3.5R_???,26,26.92,7.36,15.31,1.13,88.74,-28.82,6,8,8.92,15.35,-9.7,8,0.12,3.5
-18.4589,??????_w45_ATR2.4_RSI56/44_8x_12%_3.5R_???,26,26.92,7.36,15.31,1.13,88.74,-28.82,6,8,8.92,15.35,-9.7,8,0.12,3.5
-18.4589,??????_w45_ATR2.4_RSI52/48_12x_8%_3.5R_???,26,26.92,7.36,15.31,1.13,88.74,-28.82,6,8,8.92,15.35,-9.7,12,0.08,3.5
-18.4589,??????_w45_ATR2.4_RSI54/46_12x_8%_3.5R_???,26,26.92,7.36,15.31,1.13,88.74,-28.82,6,8,8.92,15.35,-9.7,12,0.08,3.5
-18.4589,??????_w45_ATR2.4_RSI56/44_12x_8%_3.5R_???,26,26.92,7.36,15.31,1.13,88.74,-28.82,6,8,8.92,15.35,-9.7,12,0.08,3.5
-18.8701,??????_w35_ATR2.4_RSI52/48_10x_10%_3.5R_???,26,26.92,9.49,15.91,1.16,95.84,-30.31,6,8,9.22,15.95,-8.47,10,0.1,3.5
-18.8701,??????_w35_ATR2.4_RSI54/46_10x_10%_3.5R_???,26,26.92,9.49,15.91,1.16,95.84,-30.31,6,8,9.22,15.95,-8.47,10,0.1,3.5
-18.8701,??????_w35_ATR2.4_RSI56/44_10x_10%_3.5R_???,26,26.92,9.49,15.91,1.16,95.84,-30.31,6,8,9.22,15.95,-8.47,10,0.1,3.5
-18.8815,??????_w45_ATR2.4_RSI52/48_8x_12%_3.2R_???,27,29.63,8.79,15.35,1.15,82.61,-30.16,4,9,4.56,15.35,-3.82,8,0.12,3.2
-18.8815,??????_w45_ATR2.4_RSI52/48_12x_8%_3.2R_???,27,29.63,8.79,15.35,1.15,82.61,-30.16,4,9,4.56,15.35,-3.82,12,0.08,3.2
-18.8815,??????_w45_ATR2.4_RSI54/46_8x_12%_3.2R_???,27,29.63,8.79,15.35,1.15,82.61,-30.16,4,9,4.56,15.35,-3.82,8,0.12,3.2
-18.8815,??????_w45_ATR2.4_RSI54/46_12x_8%_3.2R_???,27,29.63,8.79,15.35,1.15,82.61,-30.16,4,9,4.56,15.35,-3.82,12,0.08,3.2
-18.8815,??????_w45_ATR2.4_RSI56/44_8x_12%_3.2R_???,27,29.63,8.79,15.35,1.15,82.61,-30.16,4,9,4.56,15.35,-3.82,8,0.12,3.2
-18.8815,??????_w45_ATR2.4_RSI56/44_12x_8%_3.2R_???,27,29.63,8.79,15.35,1.15,82.61,-30.16,4,9,4.56,15.35,-3.82,12,0.08,3.2
-19.2331,??????_w50_ATR2.2_RSI52/48_12x_9%_3.5R_???,29,27.59,8.21,15.84,1.13,86.3,-28.97,5,9,7.11,15.84,-7.49,12,0.09,3.5
-19.2331,??????_w50_ATR2.2_RSI54/46_12x_9%_3.5R_???,29,27.59,8.21,15.84,1.13,86.3,-28.97,5,9,7.11,15.84,-7.49,12,0.09,3.5
-19.2331,??????_w50_ATR2.2_RSI56/44_12x_9%_3.5R_???,29,27.59,8.21,15.84,1.13,86.3,-28.97,5,9,7.11,15.84,-7.49,12,0.09,3.5
-19.9903,??????_w50_ATR2.2_RSI52/48_10x_11%_3.5R_???,29,27.59,8.28,16.12,1.13,87.76,-29.49,5,9,7.21,16.12,-7.65,10,0.11,3.5
-19.9903,??????_w50_ATR2.2_RSI54/46_10x_11%_3.5R_???,29,27.59,8.28,16.12,1.13,87.76,-29.49,5,9,7.21,16.12,-7.65,10,0.11,3.5
-19.9903,??????_w50_ATR2.2_RSI56/44_10x_11%_3.5R_???,29,27.59,8.28,16.12,1.13,87.76,-29.49,5,9,7.21,16.12,-7.65,10,0.11,3.5
-19.9988,??????_w35_ATR2.4_RSI52/48_10x_10%_3.2R_???,27,29.63,10.29,15.95,1.17,88.67,-31.92,4,9,4.68,15.95,-2.9,10,0.1,3.2
-19.9988,??????_w35_ATR2.4_RSI54/46_10x_10%_3.2R_???,27,29.63,10.29,15.95,1.17,88.67,-31.92,4,9,4.68,15.95,-2.9,10,0.1,3.2
-19.9988,??????_w35_ATR2.4_RSI56/44_10x_10%_3.2R_???,27,29.63,10.29,15.95,1.17,88.67,-31.92,4,9,4.68,15.95,-2.9,10,0.1,3.2
-20.0328,??????_w45_ATR2.4_RSI52/48_10x_10%_3.5R_???,26,26.92,7.49,15.91,1.13,92.07,-29.98,6,8,9.22,15.95,-10.14,10,0.1,3.5
-20.0328,??????_w45_ATR2.4_RSI54/46_10x_10%_3.5R_???,26,26.92,7.49,15.91,1.13,92.07,-29.98,6,8,9.22,15.95,-10.14,10,0.1,3.5
-20.0328,??????_w45_ATR2.4_RSI56/44_10x_10%_3.5R_???,26,26.92,7.49,15.91,1.13,92.07,-29.98,6,8,9.22,15.95,-10.14,10,0.1,3.5
-20.6396,??????_w45_ATR2.4_RSI52/48_10x_10%_3.2R_???,27,29.63,8.99,15.95,1.15,85.87,-31.42,4,9,4.68,15.95,-4.04,10,0.1,3.2
-20.6396,??????_w45_ATR2.4_RSI54/46_10x_10%_3.2R_???,27,29.63,8.99,15.95,1.15,85.87,-31.42,4,9,4.68,15.95,-4.04,10,0.1,3.2
-20.6396,??????_w45_ATR2.4_RSI56/44_10x_10%_3.2R_???,27,29.63,8.99,15.95,1.15,85.87,-31.42,4,9,4.68,15.95,-4.04,10,0.1,3.2
-22.5003,??????_w40_ATR2.2_RSI52/48_8x_7%_3.2R_???,31,29.03,7.97,10.88,1.21,50.49,-17.03,6,13,4.09,15.17,0.4,8,0.07,3.2
-22.5003,??????_w40_ATR2.2_RSI54/46_8x_7%_3.2R_???,31,29.03,7.97,10.88,1.21,50.49,-17.03,6,13,4.09,15.17,0.4,8,0.07,3.2
-22.5003,??????_w40_ATR2.2_RSI56/44_8x_7%_3.2R_???,31,29.03,7.97,10.88,1.21,50.49,-17.03,6,13,4.09,15.17,0.4,8,0.07,3.2
-22.6312,??????_w50_ATR2.4_RSI52/48_8x_8%_3.5R_???,28,25.0,1.39,12.83,1.04,55.92,-17.98,6,8,6.29,10.44,-10.13,8,0.08,3.5
-22.6312,??????_w50_ATR2.4_RSI54/46_8x_8%_3.5R_???,28,25.0,1.39,12.83,1.04,55.92,-17.98,6,8,6.29,10.44,-10.13,8,0.08,3.5
-22.6312,??????_w50_ATR2.4_RSI56/44_8x_8%_3.5R_???,28,25.0,1.39,12.83,1.04,55.92,-17.98,6,8,6.29,10.44,-10.13,8,0.08,3.5
-22.6543,??????_w40_ATR2.2_RSI52/48_8x_8%_3.2R_???,31,29.03,8.9,12.36,1.21,57.69,-19.55,6,13,4.53,17.17,0.32,8,0.08,3.2
-22.6543,??????_w40_ATR2.2_RSI54/46_8x_8%_3.2R_???,31,29.03,8.9,12.36,1.21,57.69,-19.55,6,13,4.53,17.17,0.32,8,0.08,3.2
-22.6543,??????_w40_ATR2.2_RSI56/44_8x_8%_3.2R_???,31,29.03,8.9,12.36,1.21,57.69,-19.55,6,13,4.53,17.17,0.32,8,0.08,3.2
-22.8069,??????_w40_ATR2.2_RSI52/48_10x_7%_3.2R_???,31,29.03,9.56,13.45,1.2,63.07,-21.46,6,13,4.83,18.65,0.24,10,0.07,3.2
-22.8069,??????_w40_ATR2.2_RSI54/46_10x_7%_3.2R_???,31,29.03,9.56,13.45,1.2,63.07,-21.46,6,13,4.83,18.65,0.24,10,0.07,3.2
-22.8069,??????_w40_ATR2.2_RSI56/44_10x_7%_3.2R_???,31,29.03,9.56,13.45,1.2,63.07,-21.46,6,13,4.83,18.65,0.24,10,0.07,3.2
-22.8328,??????_w50_ATR2.4_RSI52/48_8x_8%_3.2R_???,29,27.59,2.41,10.44,1.06,51.65,-18.53,5,9,3.4,10.44,-6.11,8,0.08,3.2
-22.8328,??????_w50_ATR2.4_RSI54/46_8x_8%_3.2R_???,29,27.59,2.41,10.44,1.06,51.65,-18.53,5,9,3.4,10.44,-6.11,8,0.08,3.2
-22.8328,??????_w50_ATR2.4_RSI56/44_8x_8%_3.2R_???,29,27.59,2.41,10.44,1.06,51.65,-18.53,5,9,3.4,10.44,-6.11,8,0.08,3.2
-22.8651,??????_w40_ATR2.2_RSI52/48_8x_9%_3.2R_???,31,29.03,9.77,13.81,1.2,64.86,-22.09,6,13,4.92,19.13,0.21,8,0.09,3.2
-22.8651,??????_w40_ATR2.2_RSI54/46_8x_9%_3.2R_???,31,29.03,9.77,13.81,1.2,64.86,-22.09,6,13,4.92,19.13,0.21,8,0.09,3.2
-22.8651,??????_w40_ATR2.2_RSI56/44_8x_9%_3.2R_???,31,29.03,9.77,13.81,1.2,64.86,-22.09,6,13,4.92,19.13,0.21,8,0.09,3.2
-22.8711,??????_w50_ATR2.4_RSI52/48_10x_7%_3.5R_???,28,25.0,1.34,13.98,1.03,60.61,-19.56,6,8,6.81,11.38,-11.09,10,0.07,3.5
-22.8711,??????_w50_ATR2.4_RSI54/46_10x_7%_3.5R_???,28,25.0,1.34,13.98,1.03,60.61,-19.56,6,8,6.81,11.38,-11.09,10,0.07,3.5
-22.8711,??????_w50_ATR2.4_RSI56/44_10x_7%_3.5R_???,28,25.0,1.34,13.98,1.03,60.61,-19.56,6,8,6.81,11.38,-11.09,10,0.07,3.5
-22.9638,??????_w50_ATR2.4_RSI52/48_8x_9%_3.5R_???,28,25.0,1.32,14.36,1.03,62.15,-20.09,6,8,6.98,11.69,-11.41,8,0.09,3.5
-22.9638,??????_w50_ATR2.4_RSI54/46_8x_9%_3.5R_???,28,25.0,1.32,14.36,1.03,62.15,-20.09,6,8,6.98,11.69,-11.41,8,0.09,3.5
-22.9638,??????_w50_ATR2.4_RSI56/44_8x_9%_3.5R_???,28,25.0,1.32,14.36,1.03,62.15,-20.09,6,8,6.98,11.69,-11.41,8,0.09,3.5
-23.1356,??????_w40_ATR2.2_RSI52/48_8x_10%_3.2R_???,31,29.03,10.58,15.24,1.2,72.02,-24.65,6,13,5.28,21.05,0.06,8,0.1,3.2
-23.1356,??????_w40_ATR2.2_RSI54/46_8x_10%_3.2R_???,31,29.03,10.58,15.24,1.2,72.02,-24.65,6,13,5.28,21.05,0.06,8,0.1,3.2
-23.1356,??????_w40_ATR2.2_RSI56/44_8x_10%_3.2R_???,31,29.03,10.58,15.24,1.2,72.02,-24.65,6,13,5.28,21.05,0.06,8,0.1,3.2
-23.1356,??????_w40_ATR2.2_RSI52/48_10x_8%_3.2R_???,31,29.03,10.58,15.24,1.2,72.02,-24.65,6,13,5.28,21.05,0.06,10,0.08,3.2
-23.1356,??????_w40_ATR2.2_RSI54/46_10x_8%_3.2R_???,31,29.03,10.58,15.24,1.2,72.02,-24.65,6,13,5.28,21.05,0.06,10,0.08,3.2
-23.1356,??????_w40_ATR2.2_RSI56/44_10x_8%_3.2R_???,31,29.03,10.58,15.24,1.2,72.02,-24.65,6,13,5.28,21.05,0.06,10,0.08,3.2
-23.1927,??????_w50_ATR2.4_RSI52/48_10x_7%_3.2R_???,29,27.59,2.47,11.38,1.06,56.15,-20.21,5,9,3.64,11.38,-6.72,10,0.07,3.2
-23.1927,??????_w50_ATR2.4_RSI54/46_10x_7%_3.2R_???,29,27.59,2.47,11.38,1.06,56.15,-20.21,5,9,3.64,11.38,-6.72,10,0.07,3.2
-23.1927,??????_w50_ATR2.4_RSI56/44_10x_7%_3.2R_???,29,27.59,2.47,11.38,1.06,56.15,-20.21,5,9,3.64,11.38,-6.72,10,0.07,3.2
-23.2021,??????_w45_ATR2.4_RSI52/48_12x_9%_3.5R_???,26,26.92,7.71,17.1,1.13,98.63,-32.28,6,8,9.81,17.15,-11.04,12,0.09,3.5
-23.2021,??????_w45_ATR2.4_RSI54/46_12x_9%_3.5R_???,26,26.92,7.71,17.1,1.13,98.63,-32.28,6,8,9.81,17.15,-11.04,12,0.09,3.5
-23.2021,??????_w45_ATR2.4_RSI56/44_12x_9%_3.5R_???,26,26.92,7.71,17.1,1.13,98.63,-32.28,6,8,9.81,17.15,-11.04,12,0.09,3.5
-23.3236,??????_w50_ATR2.4_RSI52/48_8x_9%_3.2R_???,29,27.59,2.48,11.69,1.06,57.64,-20.77,5,9,3.72,11.69,-6.93,8,0.09,3.2
-23.3236,??????_w50_ATR2.4_RSI54/46_8x_9%_3.2R_???,29,27.59,2.48,11.69,1.06,57.64,-20.77,5,9,3.72,11.69,-6.93,8,0.09,3.2
-23.3236,??????_w50_ATR2.4_RSI56/44_8x_9%_3.2R_???,29,27.59,2.48,11.69,1.06,57.64,-20.77,5,9,3.72,11.69,-6.93,8,0.09,3.2
-23.3974,??????_w50_ATR2.4_RSI52/48_8x_10%_3.5R_???,28,25.0,1.2,15.87,1.03,68.2,-22.17,6,8,7.65,12.92,-12.68,8,0.1,3.5
-23.3974,??????_w50_ATR2.4_RSI54/46_8x_10%_3.5R_???,28,25.0,1.2,15.87,1.03,68.2,-22.17,6,8,7.65,12.92,-12.68,8,0.1,3.5
-23.3974,??????_w50_ATR2.4_RSI56/44_8x_10%_3.5R_???,28,25.0,1.2,15.87,1.03,68.2,-22.17,6,8,7.65,12.92,-12.68,8,0.1,3.5
-23.3974,??????_w50_ATR2.4_RSI52/48_10x_8%_3.5R_???,28,25.0,1.2,15.87,1.03,68.2,-22.17,6,8,7.65,12.92,-12.68,10,0.08,3.5
-23.3974,??????_w50_ATR2.4_RSI54/46_10x_8%_3.5R_???,28,25.0,1.2,15.87,1.03,68.2,-22.17,6,8,7.65,12.92,-12.68,10,0.08,3.5
-23.3974,??????_w50_ATR2.4_RSI56/44_10x_8%_3.5R_???,28,25.0,1.2,15.87,1.03,68.2,-22.17,6,8,7.65,12.92,-12.68,10,0.08,3.5
-23.5201,??????_w35_ATR2.4_RSI52/48_12x_9%_3.2R_???,27,29.63,10.75,17.15,1.16,95.38,-34.5,4,9,4.9,17.15,-3.29,12,0.09,3.2
-23.5201,??????_w35_ATR2.4_RSI54/46_12x_9%_3.2R_???,27,29.63,10.75,17.15,1.16,95.38,-34.5,4,9,4.9,17.15,-3.29,12,0.09,3.2
-23.5201,??????_w35_ATR2.4_RSI56/44_12x_9%_3.2R_???,27,29.63,10.75,17.15,1.16,95.38,-34.5,4,9,4.9,17.15,-3.29,12,0.09,3.2
-23.6521,??????_w50_ATR2.4_RSI52/48_12x_7%_3.5R_???,28,25.0,1.11,16.62,1.02,71.17,-23.19,6,8,7.97,13.53,-13.32,12,0.07,3.5
-23.6521,??????_w50_ATR2.4_RSI54/46_12x_7%_3.5R_???,28,25.0,1.11,16.62,1.02,71.17,-23.19,6,8,7.97,13.53,-13.32,12,0.07,3.5
-23.6521,??????_w50_ATR2.4_RSI56/44_12x_7%_3.5R_???,28,25.0,1.11,16.62,1.02,71.17,-23.19,6,8,7.97,13.53,-13.32,12,0.07,3.5
-23.8059,??????_w50_ATR2.2_RSI52/48_10x_12%_3.5R_???,29,27.59,8.58,17.48,1.13,94.95,-32.08,5,9,7.67,17.48,-8.49,10,0.12,3.5
-23.8059,??????_w50_ATR2.2_RSI54/46_10x_12%_3.5R_???,29,27.59,8.58,17.48,1.13,94.95,-32.08,5,9,7.67,17.48,-8.49,10,0.12,3.5
-23.8059,??????_w50_ATR2.2_RSI56/44_10x_12%_3.5R_???,29,27.59,8.58,17.48,1.13,94.95,-32.08,5,9,7.67,17.48,-8.49,10,0.12,3.5
-23.8059,??????_w50_ATR2.2_RSI52/48_12x_10%_3.5R_???,29,27.59,8.58,17.48,1.13,94.95,-32.08,5,9,7.67,17.48,-8.49,12,0.1,3.5
-23.8059,??????_w50_ATR2.2_RSI54/46_12x_10%_3.5R_???,29,27.59,8.58,17.48,1.13,94.95,-32.08,5,9,7.67,17.48,-8.49,12,0.1,3.5
-23.8059,??????_w50_ATR2.2_RSI56/44_12x_10%_3.5R_???,29,27.59,8.58,17.48,1.13,94.95,-32.08,5,9,7.67,17.48,-8.49,12,0.1,3.5
-23.8285,??????_w40_ATR3.0_RSI52/48_8x_7%_3.5R_???,15,26.67,3.65,9.71,1.18,59.65,-18.37,6,6,0.52,10.4,-4.28,8,0.07,3.5
-23.8285,??????_w40_ATR3.0_RSI54/46_8x_7%_3.5R_???,15,26.67,3.65,9.71,1.18,59.65,-18.37,6,6,0.52,10.4,-4.28,8,0.07,3.5
-23.8285,??????_w40_ATR3.0_RSI56/44_8x_7%_3.5R_???,15,26.67,3.65,9.71,1.18,59.65,-18.37,6,6,0.52,10.4,-4.28,8,0.07,3.5
-23.9023,??????_w50_ATR2.4_RSI52/48_10x_8%_3.2R_???,29,27.59,2.5,12.92,1.05,63.51,-23.0,5,9,4.02,12.92,-7.76,10,0.08,3.2
-23.9023,??????_w50_ATR2.4_RSI54/46_10x_8%_3.2R_???,29,27.59,2.5,12.92,1.05,63.51,-23.0,5,9,4.02,12.92,-7.76,10,0.08,3.2
-23.9023,??????_w50_ATR2.4_RSI56/44_10x_8%_3.2R_???,29,27.59,2.5,12.92,1.05,63.51,-23.0,5,9,4.02,12.92,-7.76,10,0.08,3.2
-23.9023,??????_w50_ATR2.4_RSI52/48_8x_10%_3.2R_???,29,27.59,2.5,12.92,1.05,63.51,-23.0,5,9,4.02,12.92,-7.76,8,0.1,3.2
-23.9023,??????_w50_ATR2.4_RSI54/46_8x_10%_3.2R_???,29,27.59,2.5,12.92,1.05,63.51,-23.0,5,9,4.02,12.92,-7.76,8,0.1,3.2
-23.9023,??????_w50_ATR2.4_RSI56/44_8x_10%_3.2R_???,29,27.59,2.5,12.92,1.05,63.51,-23.0,5,9,4.02,12.92,-7.76,8,0.1,3.2
-23.9319,??????_w50_ATR2.4_RSI52/48_8x_11%_3.5R_???,28,25.0,1.02,17.37,1.02,74.09,-24.21,6,8,8.29,14.14,-13.95,8,0.11,3.5
-23.9319,??????_w50_ATR2.4_RSI54/46_8x_11%_3.5R_???,28,25.0,1.02,17.37,1.02,74.09,-24.21,6,8,8.29,14.14,-13.95,8,0.11,3.5
-23.9319,??????_w50_ATR2.4_RSI56/44_8x_11%_3.5R_???,28,25.0,1.02,17.37,1.02,74.09,-24.21,6,8,8.29,14.14,-13.95,8,0.11,3.5
-24.1339,??????_w40_ATR2.4_RSI52/48_8x_8%_3R_???,26,30.77,7.78,10.44,1.22,54.71,-19.99,4,13,2.55,18.92,0.05,8,0.08,3.0
-24.1339,??????_w40_ATR2.4_RSI54/46_8x_8%_3R_???,26,30.77,7.78,10.44,1.22,54.71,-19.99,4,13,2.55,18.92,0.05,8,0.08,3.0
-24.1339,??????_w40_ATR2.4_RSI56/44_8x_8%_3R_???,26,30.77,7.78,10.44,1.22,54.71,-19.99,4,13,2.55,18.92,0.05,8,0.08,3.0
-24.1862,??????_w45_ATR2.4_RSI52/48_12x_9%_3.2R_???,27,29.63,9.36,17.15,1.15,92.34,-33.95,4,9,4.9,17.15,-4.5,12,0.09,3.2
-24.1862,??????_w45_ATR2.4_RSI54/46_12x_9%_3.2R_???,27,29.63,9.36,17.15,1.15,92.34,-33.95,4,9,4.9,17.15,-4.5,12,0.09,3.2
-24.1862,??????_w45_ATR2.4_RSI56/44_12x_9%_3.2R_???,27,29.63,9.36,17.15,1.15,92.34,-33.95,4,9,4.9,17.15,-4.5,12,0.09,3.2
-24.2248,??????_w50_ATR2.4_RSI52/48_12x_7%_3.2R_???,29,27.59,2.5,13.53,1.05,66.41,-24.11,5,9,4.16,13.53,-8.19,12,0.07,3.2
-24.2248,??????_w50_ATR2.4_RSI54/46_12x_7%_3.2R_???,29,27.59,2.5,13.53,1.05,66.41,-24.11,5,9,4.16,13.53,-8.19,12,0.07,3.2
-24.2248,??????_w50_ATR2.4_RSI56/44_12x_7%_3.2R_???,29,27.59,2.5,13.53,1.05,66.41,-24.11,5,9,4.16,13.53,-8.19,12,0.07,3.2
-24.2895,??????_w40_ATR3.0_RSI52/48_8x_8%_3.5R_???,15,26.67,4.01,11.03,1.17,67.56,-20.92,6,6,0.51,11.82,-5.0,8,0.08,3.5
-24.2895,??????_w40_ATR3.0_RSI54/46_8x_8%_3.5R_???,15,26.67,4.01,11.03,1.17,67.56,-20.92,6,6,0.51,11.82,-5.0,8,0.08,3.5
-24.2895,??????_w40_ATR3.0_RSI56/44_8x_8%_3.5R_???,15,26.67,4.01,11.03,1.17,67.56,-20.92,6,6,0.51,11.82,-5.0,8,0.08,3.5
-24.3639,??????_w50_ATR2.4_RSI52/48_10x_9%_3.5R_???,28,25.0,0.97,17.74,1.02,75.53,-24.72,6,8,8.45,14.45,-14.27,10,0.09,3.5
-24.3639,??????_w50_ATR2.4_RSI54/46_10x_9%_3.5R_???,28,25.0,0.97,17.74,1.02,75.53,-24.72,6,8,8.45,14.45,-14.27,10,0.09,3.5
-24.3639,??????_w50_ATR2.4_RSI56/44_10x_9%_3.5R_???,28,25.0,0.97,17.74,1.02,75.53,-24.72,6,8,8.45,14.45,-14.27,10,0.09,3.5
-24.4071,??????_w35_ATR2.4_RSI52/48_10x_11%_3.2R_???,27,29.63,10.85,17.44,1.16,97.04,-35.15,4,9,4.95,17.44,-3.4,10,0.11,3.2
-24.4071,??????_w35_ATR2.4_RSI54/46_10x_11%_3.2R_???,27,29.63,10.85,17.44,1.16,97.04,-35.15,4,9,4.95,17.44,-3.4,10,0.11,3.2
-24.4071,??????_w35_ATR2.4_RSI56/44_10x_11%_3.2R_???,27,29.63,10.85,17.44,1.16,97.04,-35.15,4,9,4.95,17.44,-3.4,10,0.11,3.2
-24.5693,??????_w50_ATR2.4_RSI52/48_8x_11%_3.2R_???,29,27.59,2.47,14.14,1.05,69.27,-25.21,5,9,4.3,14.14,-8.61,8,0.11,3.2
-24.5693,??????_w50_ATR2.4_RSI54/46_8x_11%_3.2R_???,29,27.59,2.47,14.14,1.05,69.27,-25.21,5,9,4.3,14.14,-8.61,8,0.11,3.2
-24.5693,??????_w50_ATR2.4_RSI56/44_8x_11%_3.2R_???,29,27.59,2.47,14.14,1.05,69.27,-25.21,5,9,4.3,14.14,-8.61,8,0.11,3.2
-24.6892,??????_w40_ATR3.0_RSI52/48_10x_7%_3.5R_???,15,26.67,4.26,12.01,1.17,73.39,-22.82,6,6,0.48,12.87,-5.56,10,0.07,3.5
-24.6892,??????_w40_ATR3.0_RSI54/46_10x_7%_3.5R_???,15,26.67,4.26,12.01,1.17,73.39,-22.82,6,6,0.48,12.87,-5.56,10,0.07,3.5
-24.6892,??????_w40_ATR3.0_RSI56/44_10x_7%_3.5R_???,15,26.67,4.26,12.01,1.17,73.39,-22.82,6,6,0.48,12.87,-5.56,10,0.07,3.5
-24.7206,??????_w40_ATR2.4_RSI52/48_10x_7%_3R_???,26,30.77,8.36,11.38,1.21,59.75,-21.91,4,13,2.64,20.53,-0.01,10,0.07,3.0
-24.7206,??????_w40_ATR2.4_RSI54/46_10x_7%_3R_???,26,30.77,8.36,11.38,1.21,59.75,-21.91,4,13,2.64,20.53,-0.01,10,0.07,3.0
-24.7206,??????_w40_ATR2.4_RSI56/44_10x_7%_3R_???,26,30.77,8.36,11.38,1.21,59.75,-21.91,4,13,2.64,20.53,-0.01,10,0.07,3.0
-24.7499,??????_w50_ATR2.4_RSI52/48_10x_9%_3.2R_???,29,27.59,2.46,14.45,1.05,70.69,-25.76,5,9,4.37,14.45,-8.82,10,0.09,3.2
-24.7499,??????_w50_ATR2.4_RSI54/46_10x_9%_3.2R_???,29,27.59,2.46,14.45,1.05,70.69,-25.76,5,9,4.37,14.45,-8.82,10,0.09,3.2
-24.7499,??????_w50_ATR2.4_RSI56/44_10x_9%_3.2R_???,29,27.59,2.46,14.45,1.05,70.69,-25.76,5,9,4.37,14.45,-8.82,10,0.09,3.2
-24.8215,??????_w45_ATR3.0_RSI52/48_8x_7%_3.5R_???,16,25.0,2.54,9.71,1.12,61.31,-18.32,6,6,0.52,10.4,-6.62,8,0.07,3.5
-24.8215,??????_w45_ATR3.0_RSI54/46_8x_7%_3.5R_???,16,25.0,2.54,9.71,1.12,61.31,-18.32,6,6,0.52,10.4,-6.62,8,0.07,3.5
-24.8215,??????_w45_ATR3.0_RSI56/44_8x_7%_3.5R_???,16,25.0,2.54,9.71,1.12,61.31,-18.32,6,6,0.52,10.4,-6.62,8,0.07,3.5
-24.9236,??????_w40_ATR2.4_RSI52/48_8x_9%_3R_???,26,30.77,8.55,11.69,1.21,61.43,-22.55,4,13,2.67,21.06,-0.04,8,0.09,3.0
-24.9236,??????_w40_ATR2.4_RSI54/46_8x_9%_3R_???,26,30.77,8.55,11.69,1.21,61.43,-22.55,4,13,2.67,21.06,-0.04,8,0.09,3.0
-24.9236,??????_w40_ATR2.4_RSI56/44_8x_9%_3R_???,26,30.77,8.55,11.69,1.21,61.43,-22.55,4,13,2.67,21.06,-0.04,8,0.09,3.0
-24.9969,??????_w40_ATR3.0_RSI52/48_8x_9%_3.5R_???,15,26.67,4.33,12.34,1.17,75.31,-23.45,6,6,0.47,13.22,-5.75,8,0.09,3.5
-24.9969,??????_w40_ATR3.0_RSI54/46_8x_9%_3.5R_???,15,26.67,4.33,12.34,1.17,75.31,-23.45,6,6,0.47,13.22,-5.75,8,0.09,3.5
-24.9969,??????_w40_ATR3.0_RSI56/44_8x_9%_3.5R_???,15,26.67,4.33,12.34,1.17,75.31,-23.45,6,6,0.47,13.22,-5.75,8,0.09,3.5
-25.0791,??????_w45_ATR2.4_RSI52/48_10x_11%_3.2R_???,27,29.63,9.45,17.44,1.14,93.94,-34.58,4,9,4.95,17.44,-4.62,10,0.11,3.2
-25.0791,??????_w45_ATR2.4_RSI54/46_10x_11%_3.2R_???,27,29.63,9.45,17.44,1.14,93.94,-34.58,4,9,4.95,17.44,-4.62,10,0.11,3.2
-25.0791,??????_w45_ATR2.4_RSI56/44_10x_11%_3.2R_???,27,29.63,9.45,17.44,1.14,93.94,-34.58,4,9,4.95,17.44,-4.62,10,0.11,3.2
-25.3248,??????_w50_ATR2.4_RSI52/48_8x_12%_3.2R_???,29,27.59,2.4,15.35,1.04,74.92,-27.4,5,9,4.56,15.35,-9.47,8,0.12,3.2
-25.3248,??????_w50_ATR2.4_RSI52/48_12x_8%_3.2R_???,29,27.59,2.4,15.35,1.04,74.92,-27.4,5,9,4.56,15.35,-9.47,12,0.08,3.2
-25.3248,??????_w50_ATR2.4_RSI54/46_8x_12%_3.2R_???,29,27.59,2.4,15.35,1.04,74.92,-27.4,5,9,4.56,15.35,-9.47,8,0.12,3.2
-25.3248,??????_w50_ATR2.4_RSI54/46_12x_8%_3.2R_???,29,27.59,2.4,15.35,1.04,74.92,-27.4,5,9,4.56,15.35,-9.47,12,0.08,3.2
-25.3248,??????_w50_ATR2.4_RSI56/44_8x_12%_3.2R_???,29,27.59,2.4,15.35,1.04,74.92,-27.4,5,9,4.56,15.35,-9.47,8,0.12,3.2
-25.3248,??????_w50_ATR2.4_RSI56/44_12x_8%_3.2R_???,29,27.59,2.4,15.35,1.04,74.92,-27.4,5,9,4.56,15.35,-9.47,12,0.08,3.2
-25.4153,??????_w45_ATR3.0_RSI52/48_8x_8%_3.5R_???,16,25.0,2.73,11.03,1.11,69.38,-20.85,6,6,0.51,11.82,-7.65,8,0.08,3.5
-25.4153,??????_w45_ATR3.0_RSI54/46_8x_8%_3.5R_???,16,25.0,2.73,11.03,1.11,69.38,-20.85,6,6,0.51,11.82,-7.65,8,0.08,3.5
-25.4153,??????_w45_ATR3.0_RSI56/44_8x_8%_3.5R_???,16,25.0,2.73,11.03,1.11,69.38,-20.85,6,6,0.51,11.82,-7.65,8,0.08,3.5
-25.5021,??????_w40_ATR2.6_RSI52/48_8x_8%_2.6R_???,29,31.03,2.54,12.16,1.06,51.64,-21.97,5,12,8.1,18.38,0.33,8,0.08,2.6
-25.5021,??????_w40_ATR2.6_RSI54/46_8x_8%_2.6R_???,29,31.03,2.54,12.16,1.06,51.64,-21.97,5,12,8.1,18.38,0.33,8,0.08,2.6
-25.5021,??????_w40_ATR2.6_RSI56/44_8x_8%_2.6R_???,29,31.03,2.54,12.16,1.06,51.64,-21.97,5,12,8.1,18.38,0.33,8,0.08,2.6
-25.6789,??????_w40_ATR2.2_RSI52/48_8x_11%_3.2R_???,31,29.03,11.34,16.66,1.19,79.14,-27.22,6,13,5.6,22.94,-0.12,8,0.11,3.2
-25.6789,??????_w40_ATR2.2_RSI54/46_8x_11%_3.2R_???,31,29.03,11.34,16.66,1.19,79.14,-27.22,6,13,5.6,22.94,-0.12,8,0.11,3.2
-25.6789,??????_w40_ATR2.2_RSI56/44_8x_11%_3.2R_???,31,29.03,11.34,16.66,1.19,79.14,-27.22,6,13,5.6,22.94,-0.12,8,0.11,3.2
-25.7444,??????_w40_ATR2.4_RSI52/48_12x_7%_3R_???,26,30.77,9.62,13.53,1.2,71.42,-26.4,4,13,2.99,24.02,-0.22,12,0.07,3.0
-25.7444,??????_w40_ATR2.4_RSI54/46_12x_7%_3R_???,26,30.77,9.62,13.53,1.2,71.42,-26.4,4,13,2.99,24.02,-0.22,12,0.07,3.0
-25.7444,??????_w40_ATR2.4_RSI56/44_12x_7%_3R_???,26,30.77,9.62,13.53,1.2,71.42,-26.4,4,13,2.99,24.02,-0.22,12,0.07,3.0
-25.7736,??????_w40_ATR2.4_RSI52/48_8x_10%_3R_???,26,30.77,9.27,12.92,1.21,68.1,-25.12,4,13,2.76,23.15,-0.15,8,0.1,3.0
-25.7736,??????_w40_ATR2.4_RSI52/48_10x_8%_3R_???,26,30.77,9.27,12.92,1.21,68.1,-25.12,4,13,2.76,23.15,-0.15,10,0.08,3.0
-25.7736,??????_w40_ATR2.4_RSI54/46_8x_10%_3R_???,26,30.77,9.27,12.92,1.21,68.1,-25.12,4,13,2.76,23.15,-0.15,8,0.1,3.0
-25.7736,??????_w40_ATR2.4_RSI54/46_10x_8%_3R_???,26,30.77,9.27,12.92,1.21,68.1,-25.12,4,13,2.76,23.15,-0.15,10,0.08,3.0
-25.7736,??????_w40_ATR2.4_RSI56/44_8x_10%_3R_???,26,30.77,9.27,12.92,1.21,68.1,-25.12,4,13,2.76,23.15,-0.15,8,0.1,3.0
-25.7736,??????_w40_ATR2.4_RSI56/44_10x_8%_3R_???,26,30.77,9.27,12.92,1.21,68.1,-25.12,4,13,2.76,23.15,-0.15,10,0.08,3.0
-25.8886,??????_w40_ATR2.2_RSI52/48_12x_7%_3.2R_???,31,29.03,10.97,15.95,1.19,75.59,-25.94,6,13,4.43,22.75,-0.02,12,0.07,3.2
-25.8886,??????_w40_ATR2.2_RSI54/46_12x_7%_3.2R_???,31,29.03,10.97,15.95,1.19,75.59,-25.94,6,13,4.43,22.75,-0.02,12,0.07,3.2
-25.8886,??????_w40_ATR2.2_RSI56/44_12x_7%_3.2R_???,31,29.03,10.97,15.95,1.19,75.59,-25.94,6,13,4.43,22.75,-0.02,12,0.07,3.2
-26.0272,??????_w40_ATR2.6_RSI52/48_10x_7%_2.6R_???,29,31.03,2.59,13.24,1.05,56.3,-24.04,5,12,8.75,19.95,0.24,10,0.07,2.6
-26.0272,??????_w40_ATR2.6_RSI54/46_10x_7%_2.6R_???,29,31.03,2.59,13.24,1.05,56.3,-24.04,5,12,8.75,19.95,0.24,10,0.07,2.6
-26.0272,??????_w40_ATR2.6_RSI56/44_10x_7%_2.6R_???,29,31.03,2.59,13.24,1.05,56.3,-24.04,5,12,8.75,19.95,0.24,10,0.07,2.6
-26.0839,??????_w45_ATR3.0_RSI52/48_10x_7%_3.5R_???,16,25.0,2.84,12.01,1.1,75.31,-22.73,6,6,0.48,12.87,-8.44,10,0.07,3.5
-26.0839,??????_w45_ATR3.0_RSI54/46_10x_7%_3.5R_???,16,25.0,2.84,12.01,1.1,75.31,-22.73,6,6,0.48,12.87,-8.44,10,0.07,3.5
-26.0839,??????_w45_ATR3.0_RSI56/44_10x_7%_3.5R_???,16,25.0,2.84,12.01,1.1,75.31,-22.73,6,6,0.48,12.87,-8.44,10,0.07,3.5
-26.2108,??????_w40_ATR2.6_RSI52/48_8x_9%_2.6R_???,29,31.03,2.6,13.6,1.05,57.85,-24.73,5,12,8.95,20.47,0.21,8,0.09,2.6
-26.2108,??????_w40_ATR2.6_RSI54/46_8x_9%_2.6R_???,29,31.03,2.6,13.6,1.05,57.85,-24.73,5,12,8.95,20.47,0.21,8,0.09,2.6
-26.2108,??????_w40_ATR2.6_RSI56/44_8x_9%_2.6R_???,29,31.03,2.6,13.6,1.05,57.85,-24.73,5,12,8.95,20.47,0.21,8,0.09,2.6
-26.222,??????_w40_ATR2.6_RSI52/48_12x_7%_2.8R_???,24,29.17,0.84,15.72,1.02,67.98,-27.49,5,12,11.92,23.37,-1.96,12,0.07,2.8
-26.222,??????_w40_ATR2.6_RSI54/46_12x_7%_2.8R_???,24,29.17,0.84,15.72,1.02,67.98,-27.49,5,12,11.92,23.37,-1.96,12,0.07,2.8
-26.222,??????_w40_ATR2.6_RSI56/44_12x_7%_2.8R_???,24,29.17,0.84,15.72,1.02,67.98,-27.49,5,12,11.92,23.37,-1.96,12,0.07,2.8
-26.3185,??????_w40_ATR2.6_RSI52/48_8x_8%_2.8R_???,24,29.17,1.09,12.16,1.03,52.34,-20.91,5,12,8.75,18.78,-1.27,8,0.08,2.8
-26.3185,??????_w40_ATR2.6_RSI54/46_8x_8%_2.8R_???,24,29.17,1.09,12.16,1.03,52.34,-20.91,5,12,8.75,18.78,-1.27,8,0.08,2.8
-26.3185,??????_w40_ATR2.6_RSI56/44_8x_8%_2.8R_???,24,29.17,1.09,12.16,1.03,52.34,-20.91,5,12,8.75,18.78,-1.27,8,0.08,2.8
-26.6859,??????_w40_ATR2.4_RSI52/48_8x_11%_3R_???,26,30.77,9.95,14.14,1.2,74.73,-27.69,4,13,2.8,25.2,-0.29,8,0.11,3.0
-26.6859,??????_w40_ATR2.4_RSI54/46_8x_11%_3R_???,26,30.77,9.95,14.14,1.2,74.73,-27.69,4,13,2.8,25.2,-0.29,8,0.11,3.0
-26.6859,??????_w40_ATR2.4_RSI56/44_8x_11%_3R_???,26,30.77,9.95,14.14,1.2,74.73,-27.69,4,13,2.8,25.2,-0.29,8,0.11,3.0
-26.7196,??????_w40_ATR2.2_RSI52/48_10x_9%_3.2R_???,31,29.03,11.52,17.01,1.19,80.92,-27.87,6,13,5.68,23.4,-0.17,10,0.09,3.2
-26.7196,??????_w40_ATR2.2_RSI54/46_10x_9%_3.2R_???,31,29.03,11.52,17.01,1.19,80.92,-27.87,6,13,5.68,23.4,-0.17,10,0.09,3.2
-26.7196,??????_w40_ATR2.2_RSI56/44_10x_9%_3.2R_???,31,29.03,11.52,17.01,1.19,80.92,-27.87,6,13,5.68,23.4,-0.17,10,0.09,3.2
-26.9098,??????_w40_ATR2.6_RSI52/48_12x_7%_2.6R_???,29,31.03,2.58,15.72,1.04,67.02,-28.87,5,12,10.38,23.37,-0.04,12,0.07,2.6
-26.9098,??????_w40_ATR2.6_RSI54/46_12x_7%_2.6R_???,29,31.03,2.58,15.72,1.04,67.02,-28.87,5,12,10.38,23.37,-0.04,12,0.07,2.6
-26.9098,??????_w40_ATR2.6_RSI56/44_12x_7%_2.6R_???,29,31.03,2.58,15.72,1.04,67.02,-28.87,5,12,10.38,23.37,-0.04,12,0.07,2.6
-26.989,??????_w40_ATR2.6_RSI52/48_8x_10%_2.6R_???,29,31.03,2.6,15.01,1.05,63.98,-27.49,5,12,9.77,22.52,0.05,8,0.1,2.6
-26.989,??????_w40_ATR2.6_RSI52/48_10x_8%_2.6R_???,29,31.03,2.6,15.01,1.05,63.98,-27.49,5,12,9.77,22.52,0.05,10,0.08,2.6
-26.989,??????_w40_ATR2.6_RSI54/46_8x_10%_2.6R_???,29,31.03,2.6,15.01,1.05,63.98,-27.49,5,12,9.77,22.52,0.05,8,0.1,2.6
-26.989,??????_w40_ATR2.6_RSI54/46_10x_8%_2.6R_???,29,31.03,2.6,15.01,1.05,63.98,-27.49,5,12,9.77,22.52,0.05,10,0.08,2.6
-26.989,??????_w40_ATR2.6_RSI56/44_8x_10%_2.6R_???,29,31.03,2.6,15.01,1.05,63.98,-27.49,5,12,9.77,22.52,0.05,8,0.1,2.6
-26.989,??????_w40_ATR2.6_RSI56/44_10x_8%_2.6R_???,29,31.03,2.6,15.01,1.05,63.98,-27.49,5,12,9.77,22.52,0.05,10,0.08,2.6
-27.064,??????_w40_ATR2.6_RSI52/48_8x_9%_2.8R_???,24,29.17,1.02,13.6,1.03,58.64,-23.55,5,12,9.67,20.91,-1.53,8,0.09,2.8
-27.064,??????_w40_ATR2.6_RSI54/46_8x_9%_2.8R_???,24,29.17,1.02,13.6,1.03,58.64,-23.55,5,12,9.67,20.91,-1.53,8,0.09,2.8
-27.064,??????_w40_ATR2.6_RSI56/44_8x_9%_2.8R_???,24,29.17,1.02,13.6,1.03,58.64,-23.55,5,12,9.67,20.91,-1.53,8,0.09,2.8
-27.124,??????_w50_ATR2.4_RSI52/48_8x_12%_3.5R_???,28,25.0,0.79,18.84,1.01,79.79,-26.22,6,8,8.92,15.35,-15.22,8,0.12,3.5
-27.124,??????_w50_ATR2.4_RSI54/46_8x_12%_3.5R_???,28,25.0,0.79,18.84,1.01,79.79,-26.22,6,8,8.92,15.35,-15.22,8,0.12,3.5
-27.124,??????_w50_ATR2.4_RSI56/44_8x_12%_3.5R_???,28,25.0,0.79,18.84,1.01,79.79,-26.22,6,8,8.92,15.35,-15.22,8,0.12,3.5
-27.124,??????_w50_ATR2.4_RSI52/48_12x_8%_3.5R_???,28,25.0,0.79,18.84,1.01,79.79,-26.22,6,8,8.92,15.35,-15.22,12,0.08,3.5
-27.124,??????_w50_ATR2.4_RSI54/46_12x_8%_3.5R_???,28,25.0,0.79,18.84,1.01,79.79,-26.22,6,8,8.92,15.35,-15.22,12,0.08,3.5
-27.124,??????_w50_ATR2.4_RSI56/44_12x_8%_3.5R_???,28,25.0,0.79,18.84,1.01,79.79,-26.22,6,8,8.92,15.35,-15.22,12,0.08,3.5
-27.1717,??????_w50_ATR2.4_RSI52/48_10x_10%_3.2R_???,29,27.59,2.34,15.95,1.04,77.69,-28.48,5,9,4.68,15.95,-9.9,10,0.1,3.2
-27.1717,??????_w50_ATR2.4_RSI54/46_10x_10%_3.2R_???,29,27.59,2.34,15.95,1.04,77.69,-28.48,5,9,4.68,15.95,-9.9,10,0.1,3.2
-27.1717,??????_w50_ATR2.4_RSI56/44_10x_10%_3.2R_???,29,27.59,2.34,15.95,1.04,77.69,-28.48,5,9,4.68,15.95,-9.9,10,0.1,3.2
-27.306,??????_w45_ATR3.0_RSI52/48_8x_9%_3.5R_???,16,25.0,2.87,12.34,1.1,77.26,-23.36,6,6,0.47,13.22,-8.71,8,0.09,3.5
-27.306,??????_w45_ATR3.0_RSI54/46_8x_9%_3.5R_???,16,25.0,2.87,12.34,1.1,77.26,-23.36,6,6,0.47,13.22,-8.71,8,0.09,3.5
-27.306,??????_w45_ATR3.0_RSI56/44_8x_9%_3.5R_???,16,25.0,2.87,12.34,1.1,77.26,-23.36,6,6,0.47,13.22,-8.71,8,0.09,3.5
-27.6623,??????_w40_ATR2.4_RSI52/48_10x_9%_3R_???,26,30.77,10.11,14.45,1.2,76.38,-28.33,4,13,2.8,25.7,-0.33,10,0.09,3.0
-27.6623,??????_w40_ATR2.4_RSI54/46_10x_9%_3R_???,26,30.77,10.11,14.45,1.2,76.38,-28.33,4,13,2.8,25.7,-0.33,10,0.09,3.0
-27.6623,??????_w40_ATR2.4_RSI56/44_10x_9%_3R_???,26,30.77,10.11,14.45,1.2,76.38,-28.33,4,13,2.8,25.7,-0.33,10,0.09,3.0
-27.8392,??????_w40_ATR2.6_RSI52/48_8x_11%_2.6R_???,29,31.03,2.54,16.41,1.04,70.04,-30.25,5,12,10.54,24.52,-0.14,8,0.11,2.6
-27.8392,??????_w40_ATR2.6_RSI54/46_8x_11%_2.6R_???,29,31.03,2.54,16.41,1.04,70.04,-30.25,5,12,10.54,24.52,-0.14,8,0.11,2.6
-27.8392,??????_w40_ATR2.6_RSI56/44_8x_11%_2.6R_???,29,31.03,2.54,16.41,1.04,70.04,-30.25,5,12,10.54,24.52,-0.14,8,0.11,2.6
-27.8677,??????_w40_ATR2.6_RSI52/48_8x_10%_2.8R_???,24,29.17,0.91,15.01,1.02,64.88,-26.18,5,12,10.55,22.99,-1.81,8,0.1,2.8
-27.8677,??????_w40_ATR2.6_RSI54/46_8x_10%_2.8R_???,24,29.17,0.91,15.01,1.02,64.88,-26.18,5,12,10.55,22.99,-1.81,8,0.1,2.8
-27.8677,??????_w40_ATR2.6_RSI56/44_8x_10%_2.8R_???,24,29.17,0.91,15.01,1.02,64.88,-26.18,5,12,10.55,22.99,-1.81,8,0.1,2.8
-28.0633,??????_w40_ATR2.6_RSI52/48_10x_9%_2.6R_???,29,31.03,2.52,16.76,1.04,71.55,-30.94,5,12,10.72,25.02,-0.2,10,0.09,2.6
-28.0633,??????_w40_ATR2.6_RSI54/46_10x_9%_2.6R_???,29,31.03,2.52,16.76,1.04,71.55,-30.94,5,12,10.72,25.02,-0.2,10,0.09,2.6
-28.0633,??????_w40_ATR2.6_RSI56/44_10x_9%_2.6R_???,29,31.03,2.52,16.76,1.04,71.55,-30.94,5,12,10.72,25.02,-0.2,10,0.09,2.6
-28.2045,??????_w40_ATR2.6_RSI52/48_10x_7%_2.8R_???,24,29.17,1.04,13.24,1.03,57.08,-22.89,5,12,8.85,20.81,-1.46,10,0.07,2.8
-28.2045,??????_w40_ATR2.6_RSI54/46_10x_7%_2.8R_???,24,29.17,1.04,13.24,1.03,57.08,-22.89,5,12,8.85,20.81,-1.46,10,0.07,2.8
-28.2045,??????_w40_ATR2.6_RSI56/44_10x_7%_2.8R_???,24,29.17,1.04,13.24,1.03,57.08,-22.89,5,12,8.85,20.81,-1.46,10,0.07,2.8
-28.4265,??????_w40_ATR2.6_RSI52/48_12x_8%_2.8R_???,24,29.17,0.57,17.8,1.01,77.16,-31.44,5,12,13.28,26.31,-2.45,12,0.08,2.8
-28.4265,??????_w40_ATR2.6_RSI54/46_12x_8%_2.8R_???,24,29.17,0.57,17.8,1.01,77.16,-31.44,5,12,13.28,26.31,-2.45,12,0.08,2.8
-28.4265,??????_w40_ATR2.6_RSI56/44_12x_8%_2.8R_???,24,29.17,0.57,17.8,1.01,77.16,-31.44,5,12,13.28,26.31,-2.45,12,0.08,2.8
-28.4554,??????_w45_ATR2.2_RSI52/48_8x_8%_3.2R_???,32,28.12,4.76,12.75,1.11,54.94,-19.43,6,13,4.53,17.17,-3.49,8,0.08,3.2
-28.4554,??????_w45_ATR2.2_RSI54/46_8x_8%_3.2R_???,32,28.12,4.76,12.75,1.11,54.94,-19.43,6,13,4.53,17.17,-3.49,8,0.08,3.2
-28.4554,??????_w45_ATR2.2_RSI56/44_8x_8%_3.2R_???,32,28.12,4.76,12.75,1.11,54.94,-19.43,6,13,4.53,17.17,-3.49,8,0.08,3.2
-28.7318,??????_w40_ATR2.6_RSI52/48_8x_11%_2.8R_???,24,29.17,0.76,16.41,1.02,71.05,-28.81,5,12,11.38,25.03,-2.12,8,0.11,2.8
-28.7318,??????_w40_ATR2.6_RSI54/46_8x_11%_2.8R_???,24,29.17,0.76,16.41,1.02,71.05,-28.81,5,12,11.38,25.03,-2.12,8,0.11,2.8
-28.7318,??????_w40_ATR2.6_RSI56/44_8x_11%_2.8R_???,24,29.17,0.76,16.41,1.02,71.05,-28.81,5,12,11.38,25.03,-2.12,8,0.11,2.8
-28.7424,??????_w40_ATR2.6_RSI52/48_12x_8%_2.6R_???,29,31.03,2.43,17.8,1.04,76.03,-33.0,5,12,11.53,26.31,-0.37,12,0.08,2.6
-28.7424,??????_w40_ATR2.6_RSI54/46_12x_8%_2.6R_???,29,31.03,2.43,17.8,1.04,76.03,-33.0,5,12,11.53,26.31,-0.37,12,0.08,2.6
-28.7424,??????_w40_ATR2.6_RSI56/44_12x_8%_2.6R_???,29,31.03,2.43,17.8,1.04,76.03,-33.0,5,12,11.53,26.31,-0.37,12,0.08,2.6
-28.9661,??????_w50_ATR2.4_RSI52/48_10x_10%_3.5R_???,28,25.0,0.66,19.58,1.01,82.58,-27.21,6,8,9.22,15.95,-15.85,10,0.1,3.5
-28.9661,??????_w50_ATR2.4_RSI54/46_10x_10%_3.5R_???,28,25.0,0.66,19.58,1.01,82.58,-27.21,6,8,9.22,15.95,-15.85,10,0.1,3.5
-28.9661,??????_w50_ATR2.4_RSI56/44_10x_10%_3.5R_???,28,25.0,0.66,19.58,1.01,82.58,-27.21,6,8,9.22,15.95,-15.85,10,0.1,3.5
-29.1523,??????_w45_ATR2.2_RSI52/48_10x_7%_3.2R_???,32,28.12,5.02,13.87,1.1,59.92,-21.26,6,13,4.83,18.65,-3.91,10,0.07,3.2
-29.1523,??????_w45_ATR2.2_RSI54/46_10x_7%_3.2R_???,32,28.12,5.02,13.87,1.1,59.92,-21.26,6,13,4.83,18.65,-3.91,10,0.07,3.2
-29.1523,??????_w45_ATR2.2_RSI56/44_10x_7%_3.2R_???,32,28.12,5.02,13.87,1.1,59.92,-21.26,6,13,4.83,18.65,-3.91,10,0.07,3.2
-29.3117,??????_w40_ATR2.6_RSI52/48_8x_12%_2.6R_???,29,31.03,2.43,17.8,1.04,76.03,-33.0,5,12,11.27,26.48,-0.37,8,0.12,2.6
-29.3117,??????_w40_ATR2.6_RSI54/46_8x_12%_2.6R_???,29,31.03,2.43,17.8,1.04,76.03,-33.0,5,12,11.27,26.48,-0.37,8,0.12,2.6
-29.3117,??????_w40_ATR2.6_RSI56/44_8x_12%_2.6R_???,29,31.03,2.43,17.8,1.04,76.03,-33.0,5,12,11.27,26.48,-0.37,8,0.12,2.6
-29.3934,??????_w45_ATR2.2_RSI52/48_8x_9%_3.2R_???,32,28.12,5.1,14.24,1.1,61.57,-21.88,6,13,4.92,19.13,-4.06,8,0.09,3.2
-29.3934,??????_w45_ATR2.2_RSI54/46_8x_9%_3.2R_???,32,28.12,5.1,14.24,1.1,61.57,-21.88,6,13,4.92,19.13,-4.06,8,0.09,3.2
-29.3934,??????_w45_ATR2.2_RSI56/44_8x_9%_3.2R_???,32,28.12,5.1,14.24,1.1,61.57,-21.88,6,13,4.92,19.13,-4.06,8,0.09,3.2
-29.3996,??????_w40_ATR2.6_RSI52/48_10x_8%_2.8R_???,24,29.17,0.91,15.01,1.02,64.88,-26.18,5,12,9.85,23.48,-1.81,10,0.08,2.8
-29.3996,??????_w40_ATR2.6_RSI54/46_10x_8%_2.8R_???,24,29.17,0.91,15.01,1.02,64.88,-26.18,5,12,9.85,23.48,-1.81,10,0.08,2.8
-29.3996,??????_w40_ATR2.6_RSI56/44_10x_8%_2.8R_???,24,29.17,0.91,15.01,1.02,64.88,-26.18,5,12,9.85,23.48,-1.81,10,0.08,2.8
-29.6683,??????_w40_ATR3.0_RSI52/48_10x_8%_3.5R_???,15,26.67,4.61,13.63,1.16,82.89,-25.95,6,6,0.41,14.61,-6.52,10,0.08,3.5
-29.6683,??????_w40_ATR3.0_RSI54/46_10x_8%_3.5R_???,15,26.67,4.61,13.63,1.16,82.89,-25.95,6,6,0.41,14.61,-6.52,10,0.08,3.5
-29.6683,??????_w40_ATR3.0_RSI56/44_10x_8%_3.5R_???,15,26.67,4.61,13.63,1.16,82.89,-25.95,6,6,0.41,14.61,-6.52,10,0.08,3.5
-29.6683,??????_w40_ATR3.0_RSI52/48_8x_10%_3.5R_???,15,26.67,4.61,13.63,1.16,82.89,-25.95,6,6,0.41,14.61,-6.52,8,0.1,3.5
-29.6683,??????_w40_ATR3.0_RSI54/46_8x_10%_3.5R_???,15,26.67,4.61,13.63,1.16,82.89,-25.95,6,6,0.41,14.61,-6.52,8,0.1,3.5
-29.6683,??????_w40_ATR3.0_RSI56/44_8x_10%_3.5R_???,15,26.67,4.61,13.63,1.16,82.89,-25.95,6,6,0.41,14.61,-6.52,8,0.1,3.5
-29.8593,??????_w40_ATR2.2_RSI52/48_8x_12%_3.2R_???,31,29.03,12.03,18.05,1.18,86.23,-29.81,6,13,5.89,24.78,-0.33,8,0.12,3.2
-29.8593,??????_w40_ATR2.2_RSI54/46_8x_12%_3.2R_???,31,29.03,12.03,18.05,1.18,86.23,-29.81,6,13,5.89,24.78,-0.33,8,0.12,3.2
-29.8593,??????_w40_ATR2.2_RSI56/44_8x_12%_3.2R_???,31,29.03,12.03,18.05,1.18,86.23,-29.81,6,13,5.89,24.78,-0.33,8,0.12,3.2
-30.4033,??????_w45_ATR2.2_RSI52/48_10x_8%_3.2R_???,32,28.12,5.37,15.72,1.1,68.14,-24.33,6,13,5.28,21.05,-4.66,10,0.08,3.2
-30.4033,??????_w45_ATR2.2_RSI54/46_10x_8%_3.2R_???,32,28.12,5.37,15.72,1.1,68.14,-24.33,6,13,5.28,21.05,-4.66,10,0.08,3.2
-30.4033,??????_w45_ATR2.2_RSI56/44_10x_8%_3.2R_???,32,28.12,5.37,15.72,1.1,68.14,-24.33,6,13,5.28,21.05,-4.66,10,0.08,3.2
-30.4033,??????_w45_ATR2.2_RSI52/48_8x_10%_3.2R_???,32,28.12,5.37,15.72,1.1,68.14,-24.33,6,13,5.28,21.05,-4.66,8,0.1,3.2
-30.4033,??????_w45_ATR2.2_RSI54/46_8x_10%_3.2R_???,32,28.12,5.37,15.72,1.1,68.14,-24.33,6,13,5.28,21.05,-4.66,8,0.1,3.2
-30.4033,??????_w45_ATR2.2_RSI56/44_8x_10%_3.2R_???,32,28.12,5.37,15.72,1.1,68.14,-24.33,6,13,5.28,21.05,-4.66,8,0.1,3.2
-30.4873,??????_w40_ATR2.4_RSI52/48_12x_8%_3R_???,26,30.77,10.57,15.35,1.19,81.32,-30.27,4,13,3.04,27.02,-0.45,12,0.08,3.0
-30.4873,??????_w40_ATR2.4_RSI54/46_12x_8%_3R_???,26,30.77,10.57,15.35,1.19,81.32,-30.27,4,13,3.04,27.02,-0.45,12,0.08,3.0
-30.4873,??????_w40_ATR2.4_RSI56/44_12x_8%_3R_???,26,30.77,10.57,15.35,1.19,81.32,-30.27,4,13,3.04,27.02,-0.45,12,0.08,3.0
-30.6913,??????_w40_ATR2.6_RSI52/48_10x_9%_2.8R_???,24,29.17,0.72,16.76,1.01,72.59,-29.47,5,12,10.78,26.07,-2.2,10,0.09,2.8
-30.6913,??????_w40_ATR2.6_RSI54/46_10x_9%_2.8R_???,24,29.17,0.72,16.76,1.01,72.59,-29.47,5,12,10.78,26.07,-2.2,10,0.09,2.8
-30.6913,??????_w40_ATR2.6_RSI56/44_10x_9%_2.8R_???,24,29.17,0.72,16.76,1.01,72.59,-29.47,5,12,10.78,26.07,-2.2,10,0.09,2.8
-30.8094,??????_w40_ATR2.6_RSI52/48_8x_12%_2.8R_???,24,29.17,0.57,17.8,1.01,77.16,-31.44,5,12,12.17,27.03,-2.45,8,0.12,2.8
-30.8094,??????_w40_ATR2.6_RSI54/46_8x_12%_2.8R_???,24,29.17,0.57,17.8,1.01,77.16,-31.44,5,12,12.17,27.03,-2.45,8,0.12,2.8
-30.8094,??????_w40_ATR2.6_RSI56/44_8x_12%_2.8R_???,24,29.17,0.57,17.8,1.01,77.16,-31.44,5,12,12.17,27.03,-2.45,8,0.12,2.8
-30.9739,??????_w50_ATR2.4_RSI52/48_12x_9%_3.2R_???,29,27.59,2.18,17.15,1.03,83.16,-30.64,5,9,4.9,17.15,-10.77,12,0.09,3.2
-30.9739,??????_w50_ATR2.4_RSI54/46_12x_9%_3.2R_???,29,27.59,2.18,17.15,1.03,83.16,-30.64,5,9,4.9,17.15,-10.77,12,0.09,3.2
-30.9739,??????_w50_ATR2.4_RSI56/44_12x_9%_3.2R_???,29,27.59,2.18,17.15,1.03,83.16,-30.64,5,9,4.9,17.15,-10.77,12,0.09,3.2
-31.0319,??????_w40_ATR2.4_RSI52/48_8x_12%_3R_???,26,30.77,10.57,15.35,1.19,81.32,-30.27,4,13,2.8,27.2,-0.45,8,0.12,3.0
-31.0319,??????_w40_ATR2.4_RSI54/46_8x_12%_3R_???,26,30.77,10.57,15.35,1.19,81.32,-30.27,4,13,2.8,27.2,-0.45,8,0.12,3.0
-31.0319,??????_w40_ATR2.4_RSI56/44_8x_12%_3R_???,26,30.77,10.57,15.35,1.19,81.32,-30.27,4,13,2.8,27.2,-0.45,8,0.12,3.0
-31.3824,??????_w40_ATR2.6_RSI52/48_10x_10%_2.6R_???,29,31.03,2.36,18.48,1.03,78.99,-34.37,5,12,11.62,27.45,-0.5,10,0.1,2.6
-31.3824,??????_w40_ATR2.6_RSI54/46_10x_10%_2.6R_???,29,31.03,2.36,18.48,1.03,78.99,-34.37,5,12,11.62,27.45,-0.5,10,0.1,2.6
-31.3824,??????_w40_ATR2.6_RSI56/44_10x_10%_2.6R_???,29,31.03,2.36,18.48,1.03,78.99,-34.37,5,12,11.62,27.45,-0.5,10,0.1,2.6
-31.4869,??????_w45_ATR2.2_RSI52/48_8x_11%_3.2R_???,32,28.12,5.58,17.17,1.09,74.64,-26.78,6,13,5.6,22.94,-5.28,8,0.11,3.2
-31.4869,??????_w45_ATR2.2_RSI54/46_8x_11%_3.2R_???,32,28.12,5.58,17.17,1.09,74.64,-26.78,6,13,5.6,22.94,-5.28,8,0.11,3.2
-31.4869,??????_w45_ATR2.2_RSI56/44_8x_11%_3.2R_???,32,28.12,5.58,17.17,1.09,74.64,-26.78,6,13,5.6,22.94,-5.28,8,0.11,3.2
-31.9281,??????_w50_ATR2.4_RSI52/48_10x_11%_3.2R_???,29,27.59,2.14,17.44,1.03,84.5,-31.17,5,9,4.95,17.44,-10.99,10,0.11,3.2
-31.9281,??????_w50_ATR2.4_RSI54/46_10x_11%_3.2R_???,29,27.59,2.14,17.44,1.03,84.5,-31.17,5,9,4.95,17.44,-10.99,10,0.11,3.2
-31.9281,??????_w50_ATR2.4_RSI56/44_10x_11%_3.2R_???,29,27.59,2.14,17.44,1.03,84.5,-31.17,5,9,4.95,17.44,-10.99,10,0.11,3.2
-31.9672,??????_w40_ATR2.2_RSI52/48_10x_10%_3.2R_???,31,29.03,12.36,18.74,1.18,89.77,-31.11,6,13,6.01,25.69,-0.45,10,0.1,3.2
-31.9672,??????_w40_ATR2.2_RSI54/46_10x_10%_3.2R_???,31,29.03,12.36,18.74,1.18,89.77,-31.11,6,13,6.01,25.69,-0.45,10,0.1,3.2
-31.9672,??????_w40_ATR2.2_RSI56/44_10x_10%_3.2R_???,31,29.03,12.36,18.74,1.18,89.77,-31.11,6,13,6.01,25.69,-0.45,10,0.1,3.2
-31.9845,??????_w35_ATR2.2_RSI52/48_8x_8%_3.2R_???,32,28.12,6.03,12.34,1.13,56.53,-19.5,6,14,1.99,19.18,-2.32,8,0.08,3.2
-31.9845,??????_w35_ATR2.2_RSI54/46_8x_8%_3.2R_???,32,28.12,6.03,12.34,1.13,56.53,-19.5,6,14,1.99,19.18,-2.32,8,0.08,3.2
-31.9845,??????_w35_ATR2.2_RSI56/44_8x_8%_3.2R_???,32,28.12,6.03,12.34,1.13,56.53,-19.5,6,14,1.99,19.18,-2.32,8,0.08,3.2
-32.0828,??????_w35_ATR3.0_RSI52/48_8x_7%_3.5R_???,16,25.0,0.75,12.24,1.03,58.45,-18.86,7,6,0.52,10.4,-6.97,8,0.07,3.5
-32.0828,??????_w35_ATR3.0_RSI54/46_8x_7%_3.5R_???,16,25.0,0.75,12.24,1.03,58.45,-18.86,7,6,0.52,10.4,-6.97,8,0.07,3.5
-32.0828,??????_w35_ATR3.0_RSI56/44_8x_7%_3.5R_???,16,25.0,0.75,12.24,1.03,58.45,-18.86,7,6,0.52,10.4,-6.97,8,0.07,3.5
-32.1906,??????_w45_ATR3.0_RSI52/48_10x_8%_3.5R_???,16,25.0,2.97,13.63,1.1,84.97,-25.85,6,6,0.41,14.61,-9.78,10,0.08,3.5
-32.1906,??????_w45_ATR3.0_RSI54/46_10x_8%_3.5R_???,16,25.0,2.97,13.63,1.1,84.97,-25.85,6,6,0.41,14.61,-9.78,10,0.08,3.5
-32.1906,??????_w45_ATR3.0_RSI56/44_10x_8%_3.5R_???,16,25.0,2.97,13.63,1.1,84.97,-25.85,6,6,0.41,14.61,-9.78,10,0.08,3.5
-32.1906,??????_w45_ATR3.0_RSI52/48_8x_10%_3.5R_???,16,25.0,2.97,13.63,1.1,84.97,-25.85,6,6,0.41,14.61,-9.78,8,0.1,3.5
-32.1906,??????_w45_ATR3.0_RSI54/46_8x_10%_3.5R_???,16,25.0,2.97,13.63,1.1,84.97,-25.85,6,6,0.41,14.61,-9.78,8,0.1,3.5
-32.1906,??????_w45_ATR3.0_RSI56/44_8x_10%_3.5R_???,16,25.0,2.97,13.63,1.1,84.97,-25.85,6,6,0.41,14.61,-9.78,8,0.1,3.5
-32.4375,??????_w45_ATR2.2_RSI52/48_10x_9%_3.2R_???,32,28.12,5.62,17.53,1.09,76.25,-27.39,6,13,5.68,23.4,-5.44,10,0.09,3.2
-32.4375,??????_w45_ATR2.2_RSI54/46_10x_9%_3.2R_???,32,28.12,5.62,17.53,1.09,76.25,-27.39,6,13,5.68,23.4,-5.44,10,0.09,3.2
-32.4375,??????_w45_ATR2.2_RSI56/44_10x_9%_3.2R_???,32,28.12,5.62,17.53,1.09,76.25,-27.39,6,13,5.68,23.4,-5.44,10,0.09,3.2
-32.4685,??????_w40_ATR2.2_RSI52/48_12x_8%_3.2R_???,31,29.03,12.03,18.05,1.18,86.23,-29.81,6,13,4.71,25.62,-0.33,12,0.08,3.2
-32.4685,??????_w40_ATR2.2_RSI54/46_12x_8%_3.2R_???,31,29.03,12.03,18.05,1.18,86.23,-29.81,6,13,4.71,25.62,-0.33,12,0.08,3.2
-32.4685,??????_w40_ATR2.2_RSI56/44_12x_8%_3.2R_???,31,29.03,12.03,18.05,1.18,86.23,-29.81,6,13,4.71,25.62,-0.33,12,0.08,3.2
-32.6548,??????_w50_ATR2.4_RSI52/48_12x_9%_3.5R_???,28,25.0,0.35,21.03,1.01,88.03,-29.17,6,8,9.81,17.15,-17.12,12,0.09,3.5
-32.6548,??????_w50_ATR2.4_RSI54/46_12x_9%_3.5R_???,28,25.0,0.35,21.03,1.01,88.03,-29.17,6,8,9.81,17.15,-17.12,12,0.09,3.5
-32.6548,??????_w50_ATR2.4_RSI56/44_12x_9%_3.5R_???,28,25.0,0.35,21.03,1.01,88.03,-29.17,6,8,9.81,17.15,-17.12,12,0.09,3.5
-32.8415,??????_w40_ATR3.0_RSI52/48_12x_7%_3.5R_???,15,26.67,4.74,14.26,1.16,86.62,-27.19,6,6,0.01,15.6,-6.91,12,0.07,3.5
-32.8415,??????_w40_ATR3.0_RSI54/46_12x_7%_3.5R_???,15,26.67,4.74,14.26,1.16,86.62,-27.19,6,6,0.01,15.6,-6.91,12,0.07,3.5
-32.8415,??????_w40_ATR3.0_RSI56/44_12x_7%_3.5R_???,15,26.67,4.74,14.26,1.16,86.62,-27.19,6,6,0.01,15.6,-6.91,12,0.07,3.5
-33.0003,??????_w35_ATR2.2_RSI52/48_10x_7%_3.2R_???,32,28.12,6.4,13.43,1.13,61.69,-21.36,6,14,2.05,20.8,-2.64,10,0.07,3.2
-33.0003,??????_w35_ATR2.2_RSI54/46_10x_7%_3.2R_???,32,28.12,6.4,13.43,1.13,61.69,-21.36,6,14,2.05,20.8,-2.64,10,0.07,3.2
-33.0003,??????_w35_ATR2.2_RSI56/44_10x_7%_3.2R_???,32,28.12,6.4,13.43,1.13,61.69,-21.36,6,14,2.05,20.8,-2.64,10,0.07,3.2
-33.0139,??????_w50_ATR2.2_RSI52/48_8x_8%_3.2R_???,34,26.47,1.07,12.75,1.02,51.33,-18.05,6,13,4.75,16.99,-6.89,8,0.08,3.2
-33.0139,??????_w50_ATR2.2_RSI54/46_8x_8%_3.2R_???,34,26.47,1.07,12.75,1.02,51.33,-18.05,6,13,4.75,16.99,-6.89,8,0.08,3.2
-33.0139,??????_w50_ATR2.2_RSI56/44_8x_8%_3.2R_???,34,26.47,1.07,12.75,1.02,51.33,-18.05,6,13,4.75,16.99,-6.89,8,0.08,3.2
-33.2181,??????_w45_ATR2.2_RSI52/48_12x_7%_3.2R_???,32,28.12,5.48,16.45,1.09,71.4,-25.56,6,13,4.43,22.75,-4.97,12,0.07,3.2
-33.2181,??????_w45_ATR2.2_RSI54/46_12x_7%_3.2R_???,32,28.12,5.48,16.45,1.09,71.4,-25.56,6,13,4.43,22.75,-4.97,12,0.07,3.2
-33.2181,??????_w45_ATR2.2_RSI56/44_12x_7%_3.2R_???,32,28.12,5.48,16.45,1.09,71.4,-25.56,6,13,4.43,22.75,-4.97,12,0.07,3.2
-33.2902,??????_w40_ATR2.4_RSI52/48_10x_10%_3R_???,26,30.77,10.87,15.95,1.19,84.59,-31.56,4,13,2.78,28.18,-0.53,10,0.1,3.0
-33.2902,??????_w40_ATR2.4_RSI54/46_10x_10%_3R_???,26,30.77,10.87,15.95,1.19,84.59,-31.56,4,13,2.78,28.18,-0.53,10,0.1,3.0
-33.2902,??????_w40_ATR2.4_RSI56/44_10x_10%_3R_???,26,30.77,10.87,15.95,1.19,84.59,-31.56,4,13,2.78,28.18,-0.53,10,0.1,3.0
-33.3469,??????_w35_ATR2.2_RSI52/48_8x_9%_3.2R_???,32,28.12,6.52,13.8,1.13,63.41,-21.98,6,14,2.06,21.34,-2.76,8,0.09,3.2
-33.3469,??????_w35_ATR2.2_RSI54/46_8x_9%_3.2R_???,32,28.12,6.52,13.8,1.13,63.41,-21.98,6,14,2.06,21.34,-2.76,8,0.09,3.2
-33.3469,??????_w35_ATR2.2_RSI56/44_8x_9%_3.2R_???,32,28.12,6.52,13.8,1.13,63.41,-21.98,6,14,2.06,21.34,-2.76,8,0.09,3.2
-33.4186,??????_w35_ATR3.0_RSI52/48_8x_8%_3.5R_???,16,25.0,0.68,13.89,1.03,66.01,-21.44,7,6,0.51,11.82,-8.05,8,0.08,3.5
-33.4186,??????_w35_ATR3.0_RSI54/46_8x_8%_3.5R_???,16,25.0,0.68,13.89,1.03,66.01,-21.44,7,6,0.51,11.82,-8.05,8,0.08,3.5
-33.4186,??????_w35_ATR3.0_RSI56/44_8x_8%_3.5R_???,16,25.0,0.68,13.89,1.03,66.01,-21.44,7,6,0.51,11.82,-8.05,8,0.08,3.5
-33.5778,??????_w50_ATR2.4_RSI52/48_10x_11%_3.5R_???,28,25.0,0.27,21.39,1.0,89.36,-29.66,6,8,9.95,17.44,-17.44,10,0.11,3.5
-33.5778,??????_w50_ATR2.4_RSI54/46_10x_11%_3.5R_???,28,25.0,0.27,21.39,1.0,89.36,-29.66,6,8,9.95,17.44,-17.44,10,0.11,3.5
-33.5778,??????_w50_ATR2.4_RSI56/44_10x_11%_3.5R_???,28,25.0,0.27,21.39,1.0,89.36,-29.66,6,8,9.95,17.44,-17.44,10,0.11,3.5
-34.1399,??????_w50_ATR2.2_RSI52/48_10x_7%_3.2R_???,34,26.47,0.98,13.87,1.02,55.81,-19.7,6,13,5.07,18.45,-7.61,10,0.07,3.2
-34.1399,??????_w50_ATR2.2_RSI54/46_10x_7%_3.2R_???,34,26.47,0.98,13.87,1.02,55.81,-19.7,6,13,5.07,18.45,-7.61,10,0.07,3.2
-34.1399,??????_w50_ATR2.2_RSI56/44_10x_7%_3.2R_???,34,26.47,0.98,13.87,1.02,55.81,-19.7,6,13,5.07,18.45,-7.61,10,0.07,3.2
-34.3355,??????_w40_ATR3.0_RSI52/48_8x_11%_3.5R_???,15,26.67,4.85,14.9,1.16,90.32,-28.43,6,6,0.33,15.98,-7.31,8,0.11,3.5
-34.3355,??????_w40_ATR3.0_RSI54/46_8x_11%_3.5R_???,15,26.67,4.85,14.9,1.16,90.32,-28.43,6,6,0.33,15.98,-7.31,8,0.11,3.5
-34.3355,??????_w40_ATR3.0_RSI56/44_8x_11%_3.5R_???,15,26.67,4.85,14.9,1.16,90.32,-28.43,6,6,0.33,15.98,-7.31,8,0.11,3.5
-34.4317,??????_w40_ATR2.6_RSI52/48_12x_9%_2.8R_???,24,29.17,0.19,19.84,1.0,86.18,-35.37,5,12,14.54,29.16,-2.97,12,0.09,2.8
-34.4317,??????_w40_ATR2.6_RSI54/46_12x_9%_2.8R_???,24,29.17,0.19,19.84,1.0,86.18,-35.37,5,12,14.54,29.16,-2.97,12,0.09,2.8
-34.4317,??????_w40_ATR2.6_RSI56/44_12x_9%_2.8R_???,24,29.17,0.19,19.84,1.0,86.18,-35.37,5,12,14.54,29.16,-2.97,12,0.09,2.8
-34.4755,??????_w35_ATR3.0_RSI52/48_10x_7%_3.5R_???,16,25.0,0.6,15.1,1.02,71.54,-23.35,7,6,0.48,12.87,-8.87,10,0.07,3.5
-34.4755,??????_w35_ATR3.0_RSI54/46_10x_7%_3.5R_???,16,25.0,0.6,15.1,1.02,71.54,-23.35,7,6,0.48,12.87,-8.87,10,0.07,3.5
-34.4755,??????_w35_ATR3.0_RSI56/44_10x_7%_3.5R_???,16,25.0,0.6,15.1,1.02,71.54,-23.35,7,6,0.48,12.87,-8.87,10,0.07,3.5
-34.5253,??????_w50_ATR2.2_RSI52/48_8x_9%_3.2R_???,34,26.47,0.94,14.24,1.02,57.29,-20.25,6,13,5.18,18.94,-7.85,8,0.09,3.2
-34.5253,??????_w50_ATR2.2_RSI54/46_8x_9%_3.2R_???,34,26.47,0.94,14.24,1.02,57.29,-20.25,6,13,5.18,18.94,-7.85,8,0.09,3.2
-34.5253,??????_w50_ATR2.2_RSI56/44_8x_9%_3.2R_???,34,26.47,0.94,14.24,1.02,57.29,-20.25,6,13,5.18,18.94,-7.85,8,0.09,3.2
-34.7739,??????_w35_ATR2.2_RSI52/48_10x_8%_3.2R_???,32,28.12,6.94,15.23,1.12,70.22,-24.46,6,14,2.09,23.45,-3.23,10,0.08,3.2
-34.7739,??????_w35_ATR2.2_RSI54/46_10x_8%_3.2R_???,32,28.12,6.94,15.23,1.12,70.22,-24.46,6,14,2.09,23.45,-3.23,10,0.08,3.2
-34.7739,??????_w35_ATR2.2_RSI56/44_10x_8%_3.2R_???,32,28.12,6.94,15.23,1.12,70.22,-24.46,6,14,2.09,23.45,-3.23,10,0.08,3.2
-34.7739,??????_w35_ATR2.2_RSI52/48_8x_10%_3.2R_???,32,28.12,6.94,15.23,1.12,70.22,-24.46,6,14,2.09,23.45,-3.23,8,0.1,3.2
-34.7739,??????_w35_ATR2.2_RSI54/46_8x_10%_3.2R_???,32,28.12,6.94,15.23,1.12,70.22,-24.46,6,14,2.09,23.45,-3.23,8,0.1,3.2
-34.7739,??????_w35_ATR2.2_RSI56/44_8x_10%_3.2R_???,32,28.12,6.94,15.23,1.12,70.22,-24.46,6,14,2.09,23.45,-3.23,8,0.1,3.2
-34.8383,??????_w35_ATR3.0_RSI52/48_8x_9%_3.5R_???,16,25.0,0.57,15.5,1.02,73.36,-23.98,7,6,0.47,13.22,-9.15,8,0.09,3.5
-34.8383,??????_w35_ATR3.0_RSI54/46_8x_9%_3.5R_???,16,25.0,0.57,15.5,1.02,73.36,-23.98,7,6,0.47,13.22,-9.15,8,0.09,3.5
-34.8383,??????_w35_ATR3.0_RSI56/44_8x_9%_3.5R_???,16,25.0,0.57,15.5,1.02,73.36,-23.98,7,6,0.47,13.22,-9.15,8,0.09,3.5
-34.848,??????_w40_ATR2.6_RSI52/48_10x_10%_2.8R_???,24,29.17,0.45,18.48,1.01,80.18,-32.75,5,12,11.64,28.59,-2.62,10,0.1,2.8
-34.848,??????_w40_ATR2.6_RSI54/46_10x_10%_2.8R_???,24,29.17,0.45,18.48,1.01,80.18,-32.75,5,12,11.64,28.59,-2.62,10,0.1,2.8
-34.848,??????_w40_ATR2.6_RSI56/44_10x_10%_2.8R_???,24,29.17,0.45,18.48,1.01,80.18,-32.75,5,12,11.64,28.59,-2.62,10,0.1,2.8
-34.9046,??????_w40_ATR2.6_RSI52/48_12x_9%_2.6R_???,29,31.03,2.16,19.84,1.03,84.85,-37.1,5,12,12.59,29.16,-0.78,12,0.09,2.6
-34.9046,??????_w40_ATR2.6_RSI54/46_12x_9%_2.6R_???,29,31.03,2.16,19.84,1.03,84.85,-37.1,5,12,12.59,29.16,-0.78,12,0.09,2.6
-34.9046,??????_w40_ATR2.6_RSI56/44_12x_9%_2.6R_???,29,31.03,2.16,19.84,1.03,84.85,-37.1,5,12,12.59,29.16,-0.78,12,0.09,2.6
-35.4694,??????_w45_ATR3.0_RSI52/48_12x_7%_3.5R_???,16,25.0,3.01,14.26,1.09,88.75,-27.08,6,6,0.01,15.6,-10.32,12,0.07,3.5
-35.4694,??????_w45_ATR3.0_RSI54/46_12x_7%_3.5R_???,16,25.0,3.01,14.26,1.09,88.75,-27.08,6,6,0.01,15.6,-10.32,12,0.07,3.5
-35.4694,??????_w45_ATR3.0_RSI56/44_12x_7%_3.5R_???,16,25.0,3.01,14.26,1.09,88.75,-27.08,6,6,0.01,15.6,-10.32,12,0.07,3.5
-35.5015,??????_w40_ATR3.0_RSI52/48_10x_9%_3.5R_???,15,26.67,4.91,15.21,1.15,92.15,-29.05,6,6,0.31,16.32,-7.51,10,0.09,3.5
-35.5015,??????_w40_ATR3.0_RSI54/46_10x_9%_3.5R_???,15,26.67,4.91,15.21,1.15,92.15,-29.05,6,6,0.31,16.32,-7.51,10,0.09,3.5
-35.5015,??????_w40_ATR3.0_RSI56/44_10x_9%_3.5R_???,15,26.67,4.91,15.21,1.15,92.15,-29.05,6,6,0.31,16.32,-7.51,10,0.09,3.5
-35.8789,??????_w45_ATR2.2_RSI52/48_8x_12%_3.2R_???,32,28.12,5.73,18.61,1.09,81.06,-29.23,6,13,5.89,24.78,-5.93,8,0.12,3.2
-35.8789,??????_w45_ATR2.2_RSI54/46_8x_12%_3.2R_???,32,28.12,5.73,18.61,1.09,81.06,-29.23,6,13,5.89,24.78,-5.93,8,0.12,3.2
-35.8789,??????_w45_ATR2.2_RSI56/44_8x_12%_3.2R_???,32,28.12,5.73,18.61,1.09,81.06,-29.23,6,13,5.89,24.78,-5.93,8,0.12,3.2
-36.1174,??????_w50_ATR2.2_RSI52/48_8x_10%_3.2R_???,34,26.47,0.76,15.72,1.01,63.13,-22.42,6,13,5.57,20.84,-8.82,8,0.1,3.2
-36.1174,??????_w50_ATR2.2_RSI52/48_10x_8%_3.2R_???,34,26.47,0.76,15.72,1.01,63.13,-22.42,6,13,5.57,20.84,-8.82,10,0.08,3.2
-36.1174,??????_w50_ATR2.2_RSI54/46_8x_10%_3.2R_???,34,26.47,0.76,15.72,1.01,63.13,-22.42,6,13,5.57,20.84,-8.82,8,0.1,3.2
-36.1174,??????_w50_ATR2.2_RSI54/46_10x_8%_3.2R_???,34,26.47,0.76,15.72,1.01,63.13,-22.42,6,13,5.57,20.84,-8.82,10,0.08,3.2
-36.1174,??????_w50_ATR2.2_RSI56/44_8x_10%_3.2R_???,34,26.47,0.76,15.72,1.01,63.13,-22.42,6,13,5.57,20.84,-8.82,8,0.1,3.2
-36.1174,??????_w50_ATR2.2_RSI56/44_10x_8%_3.2R_???,34,26.47,0.76,15.72,1.01,63.13,-22.42,6,13,5.57,20.84,-8.82,10,0.08,3.2
-36.558,??????_w40_ATR2.2_RSI52/48_8x_8%_3R_???,33,27.27,1.56,12.36,1.03,52.25,-18.94,6,14,1.69,17.17,-3.25,8,0.08,3.0
-36.558,??????_w40_ATR2.2_RSI54/46_8x_8%_3R_???,33,27.27,1.56,12.36,1.03,52.25,-18.94,6,14,1.69,17.17,-3.25,8,0.08,3.0
-36.558,??????_w40_ATR2.2_RSI56/44_8x_8%_3R_???,33,27.27,1.56,12.36,1.03,52.25,-18.94,6,14,1.69,17.17,-3.25,8,0.08,3.0
-36.5956,??????_w40_ATR2.6_RSI52/48_10x_11%_2.6R_???,29,31.03,2.11,20.17,1.03,86.31,-37.79,5,12,12.45,29.81,-0.86,10,0.11,2.6
-36.5956,??????_w40_ATR2.6_RSI54/46_10x_11%_2.6R_???,29,31.03,2.11,20.17,1.03,86.31,-37.79,5,12,12.45,29.81,-0.86,10,0.11,2.6
-36.5956,??????_w40_ATR2.6_RSI56/44_10x_11%_2.6R_???,29,31.03,2.11,20.17,1.03,86.31,-37.79,5,12,12.45,29.81,-0.86,10,0.11,2.6
-36.7207,??????_w50_ATR2.4_RSI52/48_10x_12%_3.2R_???,29,27.59,1.86,18.91,1.03,91.12,-33.83,5,9,5.19,18.91,-12.1,10,0.12,3.2
-36.7207,??????_w50_ATR2.4_RSI52/48_12x_10%_3.2R_???,29,27.59,1.86,18.91,1.03,91.12,-33.83,5,9,5.19,18.91,-12.1,12,0.1,3.2
-36.7207,??????_w50_ATR2.4_RSI54/46_10x_12%_3.2R_???,29,27.59,1.86,18.91,1.03,91.12,-33.83,5,9,5.19,18.91,-12.1,10,0.12,3.2
-36.7207,??????_w50_ATR2.4_RSI54/46_12x_10%_3.2R_???,29,27.59,1.86,18.91,1.03,91.12,-33.83,5,9,5.19,18.91,-12.1,12,0.1,3.2
-36.7207,??????_w50_ATR2.4_RSI56/44_10x_12%_3.2R_???,29,27.59,1.86,18.91,1.03,91.12,-33.83,5,9,5.19,18.91,-12.1,10,0.12,3.2
-36.7207,??????_w50_ATR2.4_RSI56/44_12x_10%_3.2R_???,29,27.59,1.86,18.91,1.03,91.12,-33.83,5,9,5.19,18.91,-12.1,12,0.1,3.2
-37.0685,??????_w45_ATR3.0_RSI52/48_8x_11%_3.5R_???,16,25.0,3.03,14.9,1.09,92.49,-28.31,6,6,0.33,15.98,-10.86,8,0.11,3.5
-37.0685,??????_w45_ATR3.0_RSI54/46_8x_11%_3.5R_???,16,25.0,3.03,14.9,1.09,92.49,-28.31,6,6,0.33,15.98,-10.86,8,0.11,3.5
-37.0685,??????_w45_ATR3.0_RSI56/44_8x_11%_3.5R_???,16,25.0,3.03,14.9,1.09,92.49,-28.31,6,6,0.33,15.98,-10.86,8,0.11,3.5
-37.2242,??????_w40_ATR2.4_RSI52/48_12x_9%_3R_???,26,30.77,11.42,17.15,1.19,91.1,-34.14,4,13,3.0,29.92,-0.72,12,0.09,3.0
-37.2242,??????_w40_ATR2.4_RSI54/46_12x_9%_3R_???,26,30.77,11.42,17.15,1.19,91.1,-34.14,4,13,3.0,29.92,-0.72,12,0.09,3.0
-37.2242,??????_w40_ATR2.4_RSI56/44_12x_9%_3R_???,26,30.77,11.42,17.15,1.19,91.1,-34.14,4,13,3.0,29.92,-0.72,12,0.09,3.0
-37.2881,??????_w40_ATR2.2_RSI52/48_10x_11%_3.2R_???,31,29.03,13.11,20.45,1.17,98.55,-34.36,6,13,6.29,27.92,-0.78,10,0.11,3.2
-37.2881,??????_w40_ATR2.2_RSI54/46_10x_11%_3.2R_???,31,29.03,13.11,20.45,1.17,98.55,-34.36,6,13,6.29,27.92,-0.78,10,0.11,3.2
-37.2881,??????_w40_ATR2.2_RSI56/44_10x_11%_3.2R_???,31,29.03,13.11,20.45,1.17,98.55,-34.36,6,13,6.29,27.92,-0.78,10,0.11,3.2
-37.3138,??????_w35_ATR2.2_RSI52/48_8x_11%_3.2R_???,32,28.12,7.31,16.64,1.12,76.96,-26.94,6,14,2.08,25.51,-3.73,8,0.11,3.2
-37.3138,??????_w35_ATR2.2_RSI54/46_8x_11%_3.2R_???,32,28.12,7.31,16.64,1.12,76.96,-26.94,6,14,2.08,25.51,-3.73,8,0.11,3.2
-37.3138,??????_w35_ATR2.2_RSI56/44_8x_11%_3.2R_???,32,28.12,7.31,16.64,1.12,76.96,-26.94,6,14,2.08,25.51,-3.73,8,0.11,3.2
-37.4125,??????_w45_ATR2.4_RSI52/48_8x_8%_3R_???,32,28.12,1.93,13.8,1.04,55.28,-20.79,6,13,2.55,18.92,-5.38,8,0.08,3.0
-37.4125,??????_w45_ATR2.4_RSI54/46_8x_8%_3R_???,32,28.12,1.93,13.8,1.04,55.28,-20.79,6,13,2.55,18.92,-5.38,8,0.08,3.0
-37.4125,??????_w45_ATR2.4_RSI56/44_8x_8%_3R_???,32,28.12,1.93,13.8,1.04,55.28,-20.79,6,13,2.55,18.92,-5.38,8,0.08,3.0
-37.7218,??????_w35_ATR2.2_RSI52/48_12x_7%_3.2R_???,32,28.12,7.13,15.94,1.12,73.6,-25.7,6,14,1.11,25.21,-3.48,12,0.07,3.2
-37.7218,??????_w35_ATR2.2_RSI54/46_12x_7%_3.2R_???,32,28.12,7.13,15.94,1.12,73.6,-25.7,6,14,1.11,25.21,-3.48,12,0.07,3.2
-37.7218,??????_w35_ATR2.2_RSI56/44_12x_7%_3.2R_???,32,28.12,7.13,15.94,1.12,73.6,-25.7,6,14,1.11,25.21,-3.48,12,0.07,3.2
-37.7912,??????_w50_ATR2.2_RSI52/48_8x_11%_3.2R_???,34,26.47,0.53,17.17,1.01,68.86,-24.58,6,13,5.92,22.71,-9.81,8,0.11,3.2
-37.7912,??????_w50_ATR2.2_RSI54/46_8x_11%_3.2R_???,34,26.47,0.53,17.17,1.01,68.86,-24.58,6,13,5.92,22.71,-9.81,8,0.11,3.2
-37.7912,??????_w50_ATR2.2_RSI56/44_8x_11%_3.2R_???,34,26.47,0.53,17.17,1.01,68.86,-24.58,6,13,5.92,22.71,-9.81,8,0.11,3.2
-37.9808,??????_w40_ATR2.2_RSI52/48_10x_7%_3R_???,33,27.27,1.53,13.45,1.03,56.96,-20.72,6,14,1.73,18.65,-3.66,10,0.07,3.0
-37.9808,??????_w40_ATR2.2_RSI54/46_10x_7%_3R_???,33,27.27,1.53,13.45,1.03,56.96,-20.72,6,14,1.73,18.65,-3.66,10,0.07,3.0
-37.9808,??????_w40_ATR2.2_RSI56/44_10x_7%_3R_???,33,27.27,1.53,13.45,1.03,56.96,-20.72,6,14,1.73,18.65,-3.66,10,0.07,3.0
-38.184,??????_w45_ATR2.2_RSI52/48_10x_10%_3.2R_???,32,28.12,5.79,19.32,1.08,84.24,-30.45,6,13,6.01,25.69,-6.27,10,0.1,3.2
-38.184,??????_w45_ATR2.2_RSI54/46_10x_10%_3.2R_???,32,28.12,5.79,19.32,1.08,84.24,-30.45,6,13,6.01,25.69,-6.27,10,0.1,3.2
-38.184,??????_w45_ATR2.2_RSI56/44_10x_10%_3.2R_???,32,28.12,5.79,19.32,1.08,84.24,-30.45,6,13,6.01,25.69,-6.27,10,0.1,3.2
-38.2225,??????_w50_ATR2.2_RSI52/48_10x_9%_3.2R_???,34,26.47,0.46,17.53,1.01,70.28,-25.12,6,13,6.0,23.17,-10.07,10,0.09,3.2
-38.2225,??????_w50_ATR2.2_RSI54/46_10x_9%_3.2R_???,34,26.47,0.46,17.53,1.01,70.28,-25.12,6,13,6.0,23.17,-10.07,10,0.09,3.2
-38.2225,??????_w50_ATR2.2_RSI56/44_10x_9%_3.2R_???,34,26.47,0.46,17.53,1.01,70.28,-25.12,6,13,6.0,23.17,-10.07,10,0.09,3.2
-38.2868,??????_w45_ATR3.0_RSI52/48_10x_9%_3.5R_???,16,25.0,3.04,15.21,1.09,94.34,-28.92,6,6,0.31,16.32,-11.14,10,0.09,3.5
-38.2868,??????_w45_ATR3.0_RSI54/46_10x_9%_3.5R_???,16,25.0,3.04,15.21,1.09,94.34,-28.92,6,6,0.31,16.32,-11.14,10,0.09,3.5
-38.2868,??????_w45_ATR3.0_RSI56/44_10x_9%_3.5R_???,16,25.0,3.04,15.21,1.09,94.34,-28.92,6,6,0.31,16.32,-11.14,10,0.09,3.5
-38.4635,??????_w40_ATR2.2_RSI52/48_8x_9%_3R_???,33,27.27,1.51,13.81,1.03,58.52,-21.32,6,14,1.73,19.13,-3.79,8,0.09,3.0
-38.4635,??????_w40_ATR2.2_RSI54/46_8x_9%_3R_???,33,27.27,1.51,13.81,1.03,58.52,-21.32,6,14,1.73,19.13,-3.79,8,0.09,3.0
-38.4635,??????_w40_ATR2.2_RSI56/44_8x_9%_3R_???,33,27.27,1.51,13.81,1.03,58.52,-21.32,6,14,1.73,19.13,-3.79,8,0.09,3.0
-38.4881,??????_w45_ATR2.2_RSI52/48_12x_8%_3.2R_???,32,28.12,5.73,18.61,1.09,81.06,-29.23,6,13,4.71,25.62,-5.93,12,0.08,3.2
-38.4881,??????_w45_ATR2.2_RSI54/46_12x_8%_3.2R_???,32,28.12,5.73,18.61,1.09,81.06,-29.23,6,13,4.71,25.62,-5.93,12,0.08,3.2
-38.4881,??????_w45_ATR2.2_RSI56/44_12x_8%_3.2R_???,32,28.12,5.73,18.61,1.09,81.06,-29.23,6,13,4.71,25.62,-5.93,12,0.08,3.2
-38.5915,??????_w35_ATR2.2_RSI52/48_10x_9%_3.2R_???,32,28.12,7.39,16.99,1.12,78.64,-27.56,6,14,2.07,26.01,-3.86,10,0.09,3.2
-38.5915,??????_w35_ATR2.2_RSI54/46_10x_9%_3.2R_???,32,28.12,7.39,16.99,1.12,78.64,-27.56,6,14,2.07,26.01,-3.86,10,0.09,3.2
-38.5915,??????_w35_ATR2.2_RSI56/44_10x_9%_3.2R_???,32,28.12,7.39,16.99,1.12,78.64,-27.56,6,14,2.07,26.01,-3.86,10,0.09,3.2
-38.9425,??????_w45_ATR2.4_RSI52/48_10x_7%_3R_???,32,28.12,1.9,15.01,1.04,60.21,-22.73,6,13,2.64,20.53,-5.98,10,0.07,3.0
-38.9425,??????_w45_ATR2.4_RSI54/46_10x_7%_3R_???,32,28.12,1.9,15.01,1.04,60.21,-22.73,6,13,2.64,20.53,-5.98,10,0.07,3.0
-38.9425,??????_w45_ATR2.4_RSI56/44_10x_7%_3R_???,32,28.12,1.9,15.01,1.04,60.21,-22.73,6,13,2.64,20.53,-5.98,10,0.07,3.0
-38.9777,??????_w40_ATR2.4_RSI52/48_10x_11%_3R_???,26,30.77,11.55,17.44,1.18,92.71,-34.79,4,13,2.7,30.59,-0.77,10,0.11,3.0
-38.9777,??????_w40_ATR2.4_RSI54/46_10x_11%_3R_???,26,30.77,11.55,17.44,1.18,92.71,-34.79,4,13,2.7,30.59,-0.77,10,0.11,3.0
-38.9777,??????_w40_ATR2.4_RSI56/44_10x_11%_3R_???,26,30.77,11.55,17.44,1.18,92.71,-34.79,4,13,2.7,30.59,-0.77,10,0.11,3.0
-38.9976,??????_w40_ATR3.0_RSI52/48_8x_12%_3.5R_???,15,26.67,5.05,16.16,1.15,97.57,-30.89,6,6,0.23,17.34,-8.12,8,0.12,3.5
-38.9976,??????_w40_ATR3.0_RSI54/46_8x_12%_3.5R_???,15,26.67,5.05,16.16,1.15,97.57,-30.89,6,6,0.23,17.34,-8.12,8,0.12,3.5
-38.9976,??????_w40_ATR3.0_RSI56/44_8x_12%_3.5R_???,15,26.67,5.05,16.16,1.15,97.57,-30.89,6,6,0.23,17.34,-8.12,8,0.12,3.5
-39.1539,??????_w40_ATR2.2_RSI52/48_12x_9%_3.2R_???,31,29.03,12.96,20.11,1.17,96.8,-33.71,6,13,4.89,28.4,-0.71,12,0.09,3.2
-39.1539,??????_w40_ATR2.2_RSI54/46_12x_9%_3.2R_???,31,29.03,12.96,20.11,1.17,96.8,-33.71,6,13,4.89,28.4,-0.71,12,0.09,3.2
-39.1539,??????_w40_ATR2.2_RSI56/44_12x_9%_3.2R_???,31,29.03,12.96,20.11,1.17,96.8,-33.71,6,13,4.89,28.4,-0.71,12,0.09,3.2
-39.2328,??????_w50_ATR2.2_RSI52/48_12x_7%_3.2R_???,34,26.47,0.65,16.45,1.01,66.01,-23.5,6,13,4.72,22.54,-9.32,12,0.07,3.2
-39.2328,??????_w50_ATR2.2_RSI54/46_12x_7%_3.2R_???,34,26.47,0.65,16.45,1.01,66.01,-23.5,6,13,4.72,22.54,-9.32,12,0.07,3.2
-39.2328,??????_w50_ATR2.2_RSI56/44_12x_7%_3.2R_???,34,26.47,0.65,16.45,1.01,66.01,-23.5,6,13,4.72,22.54,-9.32,12,0.07,3.2
-39.2816,??????_w35_ATR3.0_RSI52/48_8x_10%_3.5R_???,16,25.0,0.42,17.09,1.01,80.51,-26.49,7,6,0.41,14.61,-10.27,8,0.1,3.5
-39.2816,??????_w35_ATR3.0_RSI52/48_10x_8%_3.5R_???,16,25.0,0.42,17.09,1.01,80.51,-26.49,7,6,0.41,14.61,-10.27,10,0.08,3.5
-39.2816,??????_w35_ATR3.0_RSI54/46_8x_10%_3.5R_???,16,25.0,0.42,17.09,1.01,80.51,-26.49,7,6,0.41,14.61,-10.27,8,0.1,3.5
-39.2816,??????_w35_ATR3.0_RSI54/46_10x_8%_3.5R_???,16,25.0,0.42,17.09,1.01,80.51,-26.49,7,6,0.41,14.61,-10.27,10,0.08,3.5
-39.2816,??????_w35_ATR3.0_RSI56/44_8x_10%_3.5R_???,16,25.0,0.42,17.09,1.01,80.51,-26.49,7,6,0.41,14.61,-10.27,8,0.1,3.5
-39.2816,??????_w35_ATR3.0_RSI56/44_10x_8%_3.5R_???,16,25.0,0.42,17.09,1.01,80.51,-26.49,7,6,0.41,14.61,-10.27,10,0.08,3.5
-39.4621,??????_w45_ATR2.4_RSI52/48_8x_9%_3R_???,32,28.12,1.88,15.41,1.03,61.84,-23.38,6,13,2.67,21.06,-6.18,8,0.09,3.0
-39.4621,??????_w45_ATR2.4_RSI54/46_8x_9%_3R_???,32,28.12,1.88,15.41,1.03,61.84,-23.38,6,13,2.67,21.06,-6.18,8,0.09,3.0
-39.4621,??????_w45_ATR2.4_RSI56/44_8x_9%_3R_???,32,28.12,1.88,15.41,1.03,61.84,-23.38,6,13,2.67,21.06,-6.18,8,0.09,3.0
-39.5473,??????_w50_ATR2.2_RSI52/48_8x_12%_3.2R_???,34,26.47,0.24,18.61,1.0,74.48,-26.72,6,13,6.23,24.54,-10.82,8,0.12,3.2
-39.5473,??????_w50_ATR2.2_RSI54/46_8x_12%_3.2R_???,34,26.47,0.24,18.61,1.0,74.48,-26.72,6,13,6.23,24.54,-10.82,8,0.12,3.2
-39.5473,??????_w50_ATR2.2_RSI56/44_8x_12%_3.2R_???,34,26.47,0.24,18.61,1.0,74.48,-26.72,6,13,6.23,24.54,-10.82,8,0.12,3.2
-40.3354,??????_w40_ATR2.6_RSI52/48_10x_11%_2.8R_???,24,29.17,0.12,20.17,1.0,87.67,-36.03,5,12,12.43,31.04,-3.07,10,0.11,2.8
-40.3354,??????_w40_ATR2.6_RSI54/46_10x_11%_2.8R_???,24,29.17,0.12,20.17,1.0,87.67,-36.03,5,12,12.43,31.04,-3.07,10,0.11,2.8
-40.3354,??????_w40_ATR2.6_RSI56/44_10x_11%_2.8R_???,24,29.17,0.12,20.17,1.0,87.67,-36.03,5,12,12.43,31.04,-3.07,10,0.11,2.8
-40.4371,??????_w40_ATR2.2_RSI52/48_8x_10%_3R_???,33,27.27,1.4,15.24,1.02,64.7,-23.68,6,14,1.74,21.05,-4.36,8,0.1,3.0
-40.4371,??????_w40_ATR2.2_RSI54/46_8x_10%_3R_???,33,27.27,1.4,15.24,1.02,64.7,-23.68,6,14,1.74,21.05,-4.36,8,0.1,3.0
-40.4371,??????_w40_ATR2.2_RSI56/44_8x_10%_3R_???,33,27.27,1.4,15.24,1.02,64.7,-23.68,6,14,1.74,21.05,-4.36,8,0.1,3.0
-40.4371,??????_w40_ATR2.2_RSI52/48_10x_8%_3R_???,33,27.27,1.4,15.24,1.02,64.7,-23.68,6,14,1.74,21.05,-4.36,10,0.08,3.0
-40.4371,??????_w40_ATR2.2_RSI54/46_10x_8%_3R_???,33,27.27,1.4,15.24,1.02,64.7,-23.68,6,14,1.74,21.05,-4.36,10,0.08,3.0
-40.4371,??????_w40_ATR2.2_RSI56/44_10x_8%_3R_???,33,27.27,1.4,15.24,1.02,64.7,-23.68,6,14,1.74,21.05,-4.36,10,0.08,3.0
-41.1414,??????_w40_ATR2.6_RSI52/48_12x_10%_2.6R_???,29,31.03,1.77,21.84,1.02,93.49,-41.18,5,12,13.56,31.91,-1.27,12,0.1,2.6
-41.1414,??????_w40_ATR2.6_RSI54/46_12x_10%_2.6R_???,29,31.03,1.77,21.84,1.02,93.49,-41.18,5,12,13.56,31.91,-1.27,12,0.1,2.6
-41.1414,??????_w40_ATR2.6_RSI56/44_12x_10%_2.6R_???,29,31.03,1.77,21.84,1.02,93.49,-41.18,5,12,13.56,31.91,-1.27,12,0.1,2.6
-41.5885,??????_w45_ATR2.4_RSI52/48_8x_10%_3R_???,32,28.12,1.77,17.0,1.03,68.3,-25.96,6,13,2.76,23.15,-7.01,8,0.1,3.0
-41.5885,??????_w45_ATR2.4_RSI52/48_10x_8%_3R_???,32,28.12,1.77,17.0,1.03,68.3,-25.96,6,13,2.76,23.15,-7.01,10,0.08,3.0
-41.5885,??????_w45_ATR2.4_RSI54/46_8x_10%_3R_???,32,28.12,1.77,17.0,1.03,68.3,-25.96,6,13,2.76,23.15,-7.01,8,0.1,3.0
-41.5885,??????_w45_ATR2.4_RSI54/46_10x_8%_3R_???,32,28.12,1.77,17.0,1.03,68.3,-25.96,6,13,2.76,23.15,-7.01,10,0.08,3.0
-41.5885,??????_w45_ATR2.4_RSI56/44_8x_10%_3R_???,32,28.12,1.77,17.0,1.03,68.3,-25.96,6,13,2.76,23.15,-7.01,8,0.1,3.0
-41.5885,??????_w45_ATR2.4_RSI56/44_10x_8%_3R_???,32,28.12,1.77,17.0,1.03,68.3,-25.96,6,13,2.76,23.15,-7.01,10,0.08,3.0
-41.6505,??????_w50_ATR2.2_RSI52/48_10x_10%_3.2R_???,34,26.47,0.07,19.32,1.0,77.24,-27.78,6,13,6.37,25.44,-11.33,10,0.1,3.2
-41.6505,??????_w50_ATR2.2_RSI54/46_10x_10%_3.2R_???,34,26.47,0.07,19.32,1.0,77.24,-27.78,6,13,6.37,25.44,-11.33,10,0.1,3.2
-41.6505,??????_w50_ATR2.2_RSI56/44_10x_10%_3.2R_???,34,26.47,0.07,19.32,1.0,77.24,-27.78,6,13,6.37,25.44,-11.33,10,0.1,3.2
-41.8612,??????_w40_ATR2.6_RSI52/48_10x_12%_2.6R_???,29,31.03,1.77,21.84,1.02,93.49,-41.18,5,12,13.22,32.12,-1.27,10,0.12,2.6
-41.8612,??????_w40_ATR2.6_RSI54/46_10x_12%_2.6R_???,29,31.03,1.77,21.84,1.02,93.49,-41.18,5,12,13.22,32.12,-1.27,10,0.12,2.6
-41.8612,??????_w40_ATR2.6_RSI56/44_10x_12%_2.6R_???,29,31.03,1.77,21.84,1.02,93.49,-41.18,5,12,13.22,32.12,-1.27,10,0.12,2.6
-41.9388,??????_w45_ATR3.0_RSI52/48_8x_12%_3.5R_???,16,25.0,3.04,16.16,1.08,99.83,-30.74,6,6,0.23,17.34,-11.97,8,0.12,3.5
-41.9388,??????_w45_ATR3.0_RSI54/46_8x_12%_3.5R_???,16,25.0,3.04,16.16,1.08,99.83,-30.74,6,6,0.23,17.34,-11.97,8,0.12,3.5
-41.9388,??????_w45_ATR3.0_RSI56/44_8x_12%_3.5R_???,16,25.0,3.04,16.16,1.08,99.83,-30.74,6,6,0.23,17.34,-11.97,8,0.12,3.5
-42.1649,??????_w50_ATR2.2_RSI52/48_12x_8%_3.2R_???,34,26.47,0.24,18.61,1.0,74.48,-26.72,6,13,5.05,25.38,-10.82,12,0.08,3.2
-42.1649,??????_w50_ATR2.2_RSI54/46_12x_8%_3.2R_???,34,26.47,0.24,18.61,1.0,74.48,-26.72,6,13,5.05,25.38,-10.82,12,0.08,3.2
-42.1649,??????_w50_ATR2.2_RSI56/44_12x_8%_3.2R_???,34,26.47,0.24,18.61,1.0,74.48,-26.72,6,13,5.05,25.38,-10.82,12,0.08,3.2
-42.2035,??????_w45_ATR2.4_RSI52/48_12x_7%_3R_???,32,28.12,1.69,17.78,1.03,71.5,-27.24,6,13,2.99,24.02,-7.44,12,0.07,3.0
-42.2035,??????_w45_ATR2.4_RSI54/46_12x_7%_3R_???,32,28.12,1.69,17.78,1.03,71.5,-27.24,6,13,2.99,24.02,-7.44,12,0.07,3.0
-42.2035,??????_w45_ATR2.4_RSI56/44_12x_7%_3R_???,32,28.12,1.69,17.78,1.03,71.5,-27.24,6,13,2.99,24.02,-7.44,12,0.07,3.0
-42.4362,??????_w35_ATR2.2_RSI52/48_8x_12%_3.2R_???,32,28.12,7.61,18.04,1.11,83.64,-29.42,6,14,2.03,27.52,-4.26,8,0.12,3.2
-42.4362,??????_w35_ATR2.2_RSI54/46_8x_12%_3.2R_???,32,28.12,7.61,18.04,1.11,83.64,-29.42,6,14,2.03,27.52,-4.26,8,0.12,3.2
-42.4362,??????_w35_ATR2.2_RSI56/44_8x_12%_3.2R_???,32,28.12,7.61,18.04,1.11,83.64,-29.42,6,14,2.03,27.52,-4.26,8,0.12,3.2
-42.4794,??????_w40_ATR2.2_RSI52/48_8x_11%_3R_???,33,27.27,1.23,16.66,1.02,70.82,-26.04,6,14,1.71,22.94,-4.95,8,0.11,3.0
-42.4794,??????_w40_ATR2.2_RSI54/46_8x_11%_3R_???,33,27.27,1.23,16.66,1.02,70.82,-26.04,6,14,1.71,22.94,-4.95,8,0.11,3.0
-42.4794,??????_w40_ATR2.2_RSI56/44_8x_11%_3R_???,33,27.27,1.23,16.66,1.02,70.82,-26.04,6,14,1.71,22.94,-4.95,8,0.11,3.0
-42.5169,??????_w50_ATR2.4_RSI52/48_12x_11%_3.2R_???,29,27.59,1.44,20.65,1.02,98.81,-36.96,5,9,5.44,20.65,-13.44,12,0.11,3.2
-42.5169,??????_w50_ATR2.4_RSI54/46_12x_11%_3.2R_???,29,27.59,1.44,20.65,1.02,98.81,-36.96,5,9,5.44,20.65,-13.44,12,0.11,3.2
-42.5169,??????_w50_ATR2.4_RSI56/44_12x_11%_3.2R_???,29,27.59,1.44,20.65,1.02,98.81,-36.96,5,9,5.44,20.65,-13.44,12,0.11,3.2
-42.7703,??????_w35_ATR3.0_RSI52/48_12x_7%_3.5R_???,16,25.0,0.33,17.87,1.01,84.01,-27.73,7,6,0.01,15.6,-10.83,12,0.07,3.5
-42.7703,??????_w35_ATR3.0_RSI54/46_12x_7%_3.5R_???,16,25.0,0.33,17.87,1.01,84.01,-27.73,7,6,0.01,15.6,-10.83,12,0.07,3.5
-42.7703,??????_w35_ATR3.0_RSI56/44_12x_7%_3.5R_???,16,25.0,0.33,17.87,1.01,84.01,-27.73,7,6,0.01,15.6,-10.83,12,0.07,3.5
-43.0008,??????_w40_ATR2.2_RSI52/48_10x_9%_3R_???,33,27.27,1.18,17.01,1.02,72.33,-26.63,6,14,1.7,23.4,-5.1,10,0.09,3.0
-43.0008,??????_w40_ATR2.2_RSI54/46_10x_9%_3R_???,33,27.27,1.18,17.01,1.02,72.33,-26.63,6,14,1.7,23.4,-5.1,10,0.09,3.0
-43.0008,??????_w40_ATR2.2_RSI56/44_10x_9%_3R_???,33,27.27,1.18,17.01,1.02,72.33,-26.63,6,14,1.7,23.4,-5.1,10,0.09,3.0
-43.2453,??????_w40_ATR2.2_RSI52/48_8x_8%_2.8R_???,38,28.95,3.2,16.85,1.06,52.6,-20.24,7,15,0.08,16.85,-0.26,8,0.08,2.8
-43.2453,??????_w40_ATR2.2_RSI54/46_8x_8%_2.8R_???,38,28.95,3.2,16.85,1.06,52.6,-20.24,7,15,0.08,16.85,-0.26,8,0.08,2.8
-43.2453,??????_w40_ATR2.2_RSI56/44_8x_8%_2.8R_???,38,28.95,3.2,16.85,1.06,52.6,-20.24,7,15,0.08,16.85,-0.26,8,0.08,2.8
-43.678,??????_w40_ATR2.2_RSI52/48_12x_7%_3R_???,33,27.27,1.32,15.95,1.02,67.77,-24.86,6,14,0.75,22.75,-4.65,12,0.07,3.0
-43.678,??????_w40_ATR2.2_RSI54/46_12x_7%_3R_???,33,27.27,1.32,15.95,1.02,67.77,-24.86,6,14,0.75,22.75,-4.65,12,0.07,3.0
-43.678,??????_w40_ATR2.2_RSI56/44_12x_7%_3R_???,33,27.27,1.32,15.95,1.02,67.77,-24.86,6,14,0.75,22.75,-4.65,12,0.07,3.0
-43.7928,??????_w45_ATR2.4_RSI52/48_8x_11%_3R_???,32,28.12,1.59,18.56,1.02,74.67,-28.53,6,13,2.8,25.2,-7.87,8,0.11,3.0
-43.7928,??????_w45_ATR2.4_RSI54/46_8x_11%_3R_???,32,28.12,1.59,18.56,1.02,74.67,-28.53,6,13,2.8,25.2,-7.87,8,0.11,3.0
-43.7928,??????_w45_ATR2.4_RSI56/44_8x_11%_3R_???,32,28.12,1.59,18.56,1.02,74.67,-28.53,6,13,2.8,25.2,-7.87,8,0.11,3.0
-43.984,??????_w45_ATR2.2_RSI52/48_10x_11%_3.2R_???,32,28.12,5.86,21.07,1.08,92.11,-33.49,6,13,6.29,27.92,-7.13,10,0.11,3.2
-43.984,??????_w45_ATR2.2_RSI54/46_10x_11%_3.2R_???,32,28.12,5.86,21.07,1.08,92.11,-33.49,6,13,6.29,27.92,-7.13,10,0.11,3.2
-43.984,??????_w45_ATR2.2_RSI56/44_10x_11%_3.2R_???,32,28.12,5.86,21.07,1.08,92.11,-33.49,6,13,6.29,27.92,-7.13,10,0.11,3.2
-44.575,??????_w35_ATR3.0_RSI52/48_8x_11%_3.5R_???,16,25.0,0.23,18.65,1.01,87.46,-28.97,7,6,0.33,15.98,-11.4,8,0.11,3.5
-44.575,??????_w35_ATR3.0_RSI54/46_8x_11%_3.5R_???,16,25.0,0.23,18.65,1.01,87.46,-28.97,7,6,0.33,15.98,-11.4,8,0.11,3.5
-44.575,??????_w35_ATR3.0_RSI56/44_8x_11%_3.5R_???,16,25.0,0.23,18.65,1.01,87.46,-28.97,7,6,0.33,15.98,-11.4,8,0.11,3.5
-44.9505,??????_w35_ATR2.2_RSI52/48_12x_8%_3.2R_???,32,28.12,7.61,18.04,1.11,83.64,-29.42,6,14,0.9,28.33,-4.26,12,0.08,3.2
-44.9505,??????_w35_ATR2.2_RSI54/46_12x_8%_3.2R_???,32,28.12,7.61,18.04,1.11,83.64,-29.42,6,14,0.9,28.33,-4.26,12,0.08,3.2
-44.9505,??????_w35_ATR2.2_RSI56/44_12x_8%_3.2R_???,32,28.12,7.61,18.04,1.11,83.64,-29.42,6,14,0.9,28.33,-4.26,12,0.08,3.2
-45.0089,??????_w35_ATR2.2_RSI52/48_10x_10%_3.2R_???,32,28.12,7.74,18.73,1.11,86.95,-30.66,6,14,2.0,28.51,-4.54,10,0.1,3.2
-45.0089,??????_w35_ATR2.2_RSI54/46_10x_10%_3.2R_???,32,28.12,7.74,18.73,1.11,86.95,-30.66,6,14,2.0,28.51,-4.54,10,0.1,3.2
-45.0089,??????_w35_ATR2.2_RSI56/44_10x_10%_3.2R_???,32,28.12,7.74,18.73,1.11,86.95,-30.66,6,14,2.0,28.51,-4.54,10,0.1,3.2
-45.0209,??????_w45_ATR2.4_RSI52/48_10x_9%_3R_???,32,28.12,1.54,18.95,1.02,76.25,-29.17,6,13,2.8,25.7,-8.09,10,0.09,3.0
-45.0209,??????_w45_ATR2.4_RSI54/46_10x_9%_3R_???,32,28.12,1.54,18.95,1.02,76.25,-29.17,6,13,2.8,25.7,-8.09,10,0.09,3.0
-45.0209,??????_w45_ATR2.4_RSI56/44_10x_9%_3R_???,32,28.12,1.54,18.95,1.02,76.25,-29.17,6,13,2.8,25.7,-8.09,10,0.09,3.0
-45.5757,??????_w40_ATR2.2_RSI52/48_8x_12%_3R_???,33,27.27,1.01,18.05,1.01,76.85,-28.39,6,14,1.65,24.78,-5.56,8,0.12,3.0
-45.5757,??????_w40_ATR2.2_RSI54/46_8x_12%_3R_???,33,27.27,1.01,18.05,1.01,76.85,-28.39,6,14,1.65,24.78,-5.56,8,0.12,3.0
-45.5757,??????_w40_ATR2.2_RSI56/44_8x_12%_3R_???,33,27.27,1.01,18.05,1.01,76.85,-28.39,6,14,1.65,24.78,-5.56,8,0.12,3.0
-45.7556,??????_w45_ATR2.2_RSI52/48_12x_9%_3.2R_???,32,28.12,5.85,20.72,1.08,90.54,-32.89,6,13,4.89,28.4,-6.96,12,0.09,3.2
-45.7556,??????_w45_ATR2.2_RSI54/46_12x_9%_3.2R_???,32,28.12,5.85,20.72,1.08,90.54,-32.89,6,13,4.89,28.4,-6.96,12,0.09,3.2
-45.7556,??????_w45_ATR2.2_RSI56/44_12x_9%_3.2R_???,32,28.12,5.85,20.72,1.08,90.54,-32.89,6,13,4.89,28.4,-6.96,12,0.09,3.2
-45.8945,??????_w35_ATR3.0_RSI52/48_10x_9%_3.5R_???,16,25.0,0.17,19.04,1.0,89.17,-29.58,7,6,0.31,16.32,-11.68,10,0.09,3.5
-45.8945,??????_w35_ATR3.0_RSI54/46_10x_9%_3.5R_???,16,25.0,0.17,19.04,1.0,89.17,-29.58,7,6,0.31,16.32,-11.68,10,0.09,3.5
-45.8945,??????_w35_ATR3.0_RSI56/44_10x_9%_3.5R_???,16,25.0,0.17,19.04,1.0,89.17,-29.58,7,6,0.31,16.32,-11.68,10,0.09,3.5
-48.114,??????_w40_ATR2.2_RSI52/48_12x_8%_3R_???,33,27.27,1.01,18.05,1.01,76.85,-28.39,6,14,0.51,25.62,-5.56,12,0.08,3.0
-48.114,??????_w40_ATR2.2_RSI54/46_12x_8%_3R_???,33,27.27,1.01,18.05,1.01,76.85,-28.39,6,14,0.51,25.62,-5.56,12,0.08,3.0
-48.114,??????_w40_ATR2.2_RSI56/44_12x_8%_3R_???,33,27.27,1.01,18.05,1.01,76.85,-28.39,6,14,0.51,25.62,-5.56,12,0.08,3.0
-48.2492,??????_w40_ATR2.2_RSI52/48_10x_10%_3R_???,33,27.27,0.89,18.74,1.01,79.83,-29.57,6,14,1.6,25.69,-5.88,10,0.1,3.0
-48.2492,??????_w40_ATR2.2_RSI54/46_10x_10%_3R_???,33,27.27,0.89,18.74,1.01,79.83,-29.57,6,14,1.6,25.69,-5.88,10,0.1,3.0
-48.2492,??????_w40_ATR2.2_RSI56/44_10x_10%_3R_???,33,27.27,0.89,18.74,1.01,79.83,-29.57,6,14,1.6,25.69,-5.88,10,0.1,3.0
-48.6974,??????_w45_ATR2.4_RSI52/48_12x_8%_3R_???,32,28.12,1.36,20.1,1.02,80.94,-31.08,6,13,3.04,27.02,-8.75,12,0.08,3.0
-48.6974,??????_w45_ATR2.4_RSI54/46_12x_8%_3R_???,32,28.12,1.36,20.1,1.02,80.94,-31.08,6,13,3.04,27.02,-8.75,12,0.08,3.0
-48.6974,??????_w45_ATR2.4_RSI56/44_12x_8%_3R_???,32,28.12,1.36,20.1,1.02,80.94,-31.08,6,13,3.04,27.02,-8.75,12,0.08,3.0
-49.2419,??????_w45_ATR2.4_RSI52/48_8x_12%_3R_???,32,28.12,1.36,20.1,1.02,80.94,-31.08,6,13,2.8,27.2,-8.75,8,0.12,3.0
-49.2419,??????_w45_ATR2.4_RSI54/46_8x_12%_3R_???,32,28.12,1.36,20.1,1.02,80.94,-31.08,6,13,2.8,27.2,-8.75,8,0.12,3.0
-49.2419,??????_w45_ATR2.4_RSI56/44_8x_12%_3R_???,32,28.12,1.36,20.1,1.02,80.94,-31.08,6,13,2.8,27.2,-8.75,8,0.12,3.0
-49.8358,??????_w45_ATR2.2_RSI52/48_10x_12%_3.2R_???,32,28.12,5.84,22.79,1.07,99.84,-36.53,6,13,6.51,30.1,-8.04,10,0.12,3.2
-49.8358,??????_w45_ATR2.2_RSI54/46_10x_12%_3.2R_???,32,28.12,5.84,22.79,1.07,99.84,-36.53,6,13,6.51,30.1,-8.04,10,0.12,3.2
-49.8358,??????_w45_ATR2.2_RSI56/44_10x_12%_3.2R_???,32,28.12,5.84,22.79,1.07,99.84,-36.53,6,13,6.51,30.1,-8.04,10,0.12,3.2
-51.4732,??????_w35_ATR2.2_RSI52/48_10x_11%_3.2R_???,32,28.12,7.99,20.43,1.1,95.14,-33.75,6,14,1.86,30.93,-5.26,10,0.11,3.2
-51.4732,??????_w35_ATR2.2_RSI54/46_10x_11%_3.2R_???,32,28.12,7.99,20.43,1.1,95.14,-33.75,6,14,1.86,30.93,-5.26,10,0.11,3.2
-51.4732,??????_w35_ATR2.2_RSI56/44_10x_11%_3.2R_???,32,28.12,7.99,20.43,1.1,95.14,-33.75,6,14,1.86,30.93,-5.26,10,0.11,3.2
-52.0632,??????_w45_ATR2.4_RSI52/48_10x_10%_3R_???,32,28.12,1.21,20.86,1.02,84.03,-32.35,6,13,2.78,28.18,-9.2,10,0.1,3.0
-52.0632,??????_w45_ATR2.4_RSI54/46_10x_10%_3R_???,32,28.12,1.21,20.86,1.02,84.03,-32.35,6,13,2.78,28.18,-9.2,10,0.1,3.0
-52.0632,??????_w45_ATR2.4_RSI56/44_10x_10%_3R_???,32,28.12,1.21,20.86,1.02,84.03,-32.35,6,13,2.78,28.18,-9.2,10,0.1,3.0
-52.9923,??????_w35_ATR2.2_RSI52/48_12x_9%_3.2R_???,32,28.12,7.95,20.09,1.1,93.51,-33.14,6,14,0.6,31.33,-5.12,12,0.09,3.2
-52.9923,??????_w35_ATR2.2_RSI54/46_12x_9%_3.2R_???,32,28.12,7.95,20.09,1.1,93.51,-33.14,6,14,0.6,31.33,-5.12,12,0.09,3.2
-52.9923,??????_w35_ATR2.2_RSI56/44_12x_9%_3.2R_???,32,28.12,7.95,20.09,1.1,93.51,-33.14,6,14,0.6,31.33,-5.12,12,0.09,3.2
-53.0977,??????_w45_ATR2.2_RSI52/48_12x_10%_3.2R_???,32,28.12,5.84,22.79,1.07,99.84,-36.53,6,13,5.0,31.09,-8.04,12,0.1,3.2
-53.0977,??????_w45_ATR2.2_RSI54/46_12x_10%_3.2R_???,32,28.12,5.84,22.79,1.07,99.84,-36.53,6,13,5.0,31.09,-8.04,12,0.1,3.2
-53.0977,??????_w45_ATR2.2_RSI56/44_12x_10%_3.2R_???,32,28.12,5.84,22.79,1.07,99.84,-36.53,6,13,5.0,31.09,-8.04,12,0.1,3.2
-54.959,??????_w40_ATR2.2_RSI52/48_10x_11%_3R_???,33,27.27,0.51,20.45,1.01,87.2,-32.49,6,14,1.45,27.92,-6.7,10,0.11,3.0
-54.959,??????_w40_ATR2.2_RSI54/46_10x_11%_3R_???,33,27.27,0.51,20.45,1.01,87.2,-32.49,6,14,1.45,27.92,-6.7,10,0.11,3.0
-54.959,??????_w40_ATR2.2_RSI56/44_10x_11%_3R_???,33,27.27,0.51,20.45,1.01,87.2,-32.49,6,14,1.45,27.92,-6.7,10,0.11,3.0
-56.4596,??????_w40_ATR2.2_RSI52/48_12x_9%_3R_???,33,27.27,0.59,20.11,1.01,85.73,-31.9,6,14,0.2,28.4,-6.53,12,0.09,3.0
-56.4596,??????_w40_ATR2.2_RSI54/46_12x_9%_3R_???,33,27.27,0.59,20.11,1.01,85.73,-31.9,6,14,0.2,28.4,-6.53,12,0.09,3.0
-56.4596,??????_w40_ATR2.2_RSI56/44_12x_9%_3R_???,33,27.27,0.59,20.11,1.01,85.73,-31.9,6,14,0.2,28.4,-6.53,12,0.09,3.0
-57.1112,??????_w45_ATR2.4_RSI52/48_12x_9%_3R_???,32,28.12,0.89,22.36,1.01,90.14,-34.88,6,13,3.0,29.92,-10.11,12,0.09,3.0
-57.1112,??????_w45_ATR2.4_RSI54/46_12x_9%_3R_???,32,28.12,0.89,22.36,1.01,90.14,-34.88,6,13,3.0,29.92,-10.11,12,0.09,3.0
-57.1112,??????_w45_ATR2.4_RSI56/44_12x_9%_3R_???,32,28.12,0.89,22.36,1.01,90.14,-34.88,6,13,3.0,29.92,-10.11,12,0.09,3.0
-59.1406,??????_w45_ATR2.4_RSI52/48_10x_11%_3R_???,32,28.12,0.8,22.73,1.01,91.65,-35.51,6,13,2.7,30.59,-10.34,10,0.11,3.0
-59.1406,??????_w45_ATR2.4_RSI54/46_10x_11%_3R_???,32,28.12,0.8,22.73,1.01,91.65,-35.51,6,13,2.7,30.59,-10.34,10,0.11,3.0
-59.1406,??????_w45_ATR2.4_RSI56/44_10x_11%_3R_???,32,28.12,0.8,22.73,1.01,91.65,-35.51,6,13,2.7,30.59,-10.34,10,0.11,3.0
-61.7038,??????_w40_ATR2.2_RSI52/48_10x_12%_3R_???,33,27.27,0.05,22.13,1.0,94.42,-35.39,6,14,1.24,30.1,-7.55,10,0.12,3.0
-61.7038,??????_w40_ATR2.2_RSI54/46_10x_12%_3R_???,33,27.27,0.05,22.13,1.0,94.42,-35.39,6,14,1.24,30.1,-7.55,10,0.12,3.0
-61.7038,??????_w40_ATR2.2_RSI56/44_10x_12%_3R_???,33,27.27,0.05,22.13,1.0,94.42,-35.39,6,14,1.24,30.1,-7.55,10,0.12,3.0
-65.5725,??????_w45_ATR2.4_RSI52/48_12x_10%_3R_???,32,28.12,0.29,24.57,1.0,99.09,-38.65,6,13,2.86,32.73,-11.52,12,0.1,3.0
-65.5725,??????_w45_ATR2.4_RSI54/46_12x_10%_3R_???,32,28.12,0.29,24.57,1.0,99.09,-38.65,6,13,2.86,32.73,-11.52,12,0.1,3.0
-65.5725,??????_w45_ATR2.4_RSI56/44_12x_10%_3R_???,32,28.12,0.29,24.57,1.0,99.09,-38.65,6,13,2.86,32.73,-11.52,12,0.1,3.0
-66.2501,??????_w45_ATR2.4_RSI52/48_10x_12%_3R_???,32,28.12,0.29,24.57,1.0,99.09,-38.65,6,13,2.55,32.93,-11.52,10,0.12,3.0
-66.2501,??????_w45_ATR2.4_RSI54/46_10x_12%_3R_???,32,28.12,0.29,24.57,1.0,99.09,-38.65,6,13,2.55,32.93,-11.52,10,0.12,3.0
-66.2501,??????_w45_ATR2.4_RSI56/44_10x_12%_3R_???,32,28.12,0.29,24.57,1.0,99.09,-38.65,6,13,2.55,32.93,-11.52,10,0.12,3.0
