ts,open,high,low,close,volume
1738998000000,96006.0,96098.0,95900.0,95947.1,25577.48
1738998900000,95947.2,96049.9,95777.0,96009.5,61187.14
1738999800000,96009.6,96288.0,96009.5,96156.1,61674.09
1739000700000,96156.2,96323.5,96156.2,96210.5,32995.6
1739001600000,96210.5,96309.1,96138.6,96158.0,31151.43
1739002500000,96158.0,96200.0,96074.1,96199.9,20007.24
1739003400000,96200.0,96243.0,95935.1,96044.4,34195.38
1739004300000,96044.5,96083.7,95889.0,95907.9,37386.87
1739005200000,95908.0,96075.0,95907.9,96018.7,17617.95
1739006100000,96018.7,96213.3,96015.1,96206.4,27013.44
1739007000000,96206.5,96213.0,96080.0,96139.9,9735.15
1739007900000,96139.8,96179.8,96036.2,96177.8,11515.79
1739008800000,96177.7,96264.0,96135.0,96218.0,21701.02
1739009700000,96218.0,96286.0,96185.1,96222.6,18321.77
1739010600000,96222.7,96300.0,96090.0,96165.8,34724.5
1739011500000,96165.9,96221.2,95997.3,96036.5,32079.17
1739012400000,96036.5,96130.9,96000.0,96050.1,21455.1
1739013300000,96050.1,96091.9,95892.9,95899.9,25822.32
1739014200000,95899.8,96022.0,95878.8,95937.9,22967.12
1739015100000,95937.9,96140.0,95850.3,96132.2,35135.03
1739016000000,96132.2,96275.0,95944.3,96081.6,77435.27
1739016900000,96081.6,96140.2,95963.2,96015.4,21346.66
1739017800000,96015.4,96066.6,95907.0,95930.0,21984.43
1739018700000,95930.0,96115.7,95920.0,96069.3,25872.95
1739019600000,96069.3,96218.5,96016.9,96188.7,31664.73
1739020500000,96188.8,96212.2,96096.0,96212.2,14963.33
1739021400000,96212.2,96517.5,96156.1,96410.0,82735.39
1739022300000,96410.0,96431.6,96168.4,96236.2,41586.43
1739023200000,96236.3,96373.5,96142.8,96246.9,31205.69
1739024100000,96247.0,96247.0,95943.5,96029.5,64624.11
1739025000000,96029.5,96096.0,95950.1,96053.0,27916.29
1739025900000,96053.0,96130.0,95988.0,96112.2,22759.76
1739026800000,96113.0,96226.4,95979.5,96135.7,28136.28
1739027700000,96135.7,96192.5,95928.8,95928.9,27404.5
1739028600000,95928.8,95928.9,95668.2,95764.1,114195.61
1739029500000,95764.1,95870.0,95724.0,95856.0,28860.59
1739030400000,95855.9,96039.2,95855.9,95950.5,69065.36
1739031300000,95950.6,96014.8,95755.0,95987.5,37106.41
1739032200000,95987.5,96038.8,95902.8,95950.0,34304.78
1739033100000,95950.0,96152.0,95917.4,96133.5,36699.31
1739034000000,96133.5,96382.3,96133.5,96262.0,87045.43
1739034900000,96262.1,96267.3,96142.5,96190.0,29789.96
1739035800000,96190.0,96344.0,96190.0,96267.1,26584.78
1739036700000,96267.0,96399.9,96250.0,96373.1,33652.03
1739037600000,96373.2,96476.9,96249.6,96286.0,34555.01
1739038500000,96286.0,96449.8,96230.3,96388.1,25360.64
1739039400000,96388.1,96544.0,96380.0,96480.3,24263.48
1739040300000,96480.3,96515.7,96400.0,96507.2,12237.28
1739041200000,96507.2,96535.6,96389.9,96509.0,20260.82
1739042100000,96509.0,96700.0,96473.6,96641.3,75111.91
1739043000000,96641.3,96764.6,96555.9,96555.9,34532.63
1739043900000,96555.9,96599.9,96497.6,96587.7,17024.01
1739044800000,96587.8,96638.3,96381.6,96427.1,26393.27
1739045700000,96427.1,96497.9,96363.9,96473.1,16273.31
1739046600000,96473.0,96482.5,96401.6,96420.0,7784.18
1739047500000,96420.0,96496.4,96363.6,96469.2,10872.63
1739048400000,96469.2,96578.7,96394.1,96414.0,14576.35
1739049300000,96414.0,96467.8,96353.5,96411.9,9968.0
1739050200000,96411.9,96552.0,96360.8,96515.6,13456.7
1739051100000,96515.4,96619.2,96465.6,96539.9,13354.76
1739052000000,96539.9,96713.7,96539.9,96625.1,19359.99
1739052900000,96625.2,96656.1,96475.2,96584.0,10863.25
1739053800000,96584.0,96584.0,96384.6,96386.7,13556.52
1739054700000,96386.7,96489.0,96386.7,96482.2,5600.19
1739055600000,96482.3,96554.1,96463.6,96543.9,12154.24
1739056500000,96543.9,96637.3,96540.7,96562.0,9502.22
1739057400000,96562.0,96690.0,96562.0,96670.4,17656.98
1739058300000,96670.4,96670.5,96426.7,96449.5,16581.77
1739059200000,96449.5,96522.2,96412.0,96477.5,14568.68
1739060100000,96477.5,96520.4,96355.0,96402.4,16314.85
1739061000000,96402.3,96527.0,96351.9,96479.5,13857.07
1739061900000,96479.5,96590.0,96465.1,96564.1,17932.5
1739062800000,96564.1,96721.9,96475.9,96709.9,38583.09
1739063700000,96709.9,96866.0,96614.3,96854.0,48855.6
1739064600000,96854.1,96854.1,96703.4,96703.4,25378.28
1739065500000,96703.4,96999.0,96606.0,96976.1,73726.94
1739066400000,96975.5,97065.8,96815.0,96849.9,73018.15
1739067300000,96849.9,96945.0,96723.7,96724.1,25261.7
1739068200000,96724.2,96843.4,96718.0,96770.2,11834.16
1739069100000,96770.1,96832.2,96680.0,96729.9,13159.8
1739070000000,96730.0,96910.8,96694.2,96754.3,40331.49
1739070900000,96754.3,96928.3,96707.7,96915.9,23367.02
1739071800000,96915.9,97200.0,96879.3,97180.6,97217.06
1739072700000,97180.5,97318.0,97100.0,97317.9,76189.13
1739073600000,97317.9,97333.0,97075.8,97076.0,50868.54
1739074500000,97075.9,97100.0,96934.0,97054.3,27094.51
1739075400000,97054.3,97143.0,96988.5,97140.0,12869.05
1739076300000,97143.0,97314.2,97088.9,97221.2,28776.32
1739077200000,97221.3,97236.0,97101.5,97116.8,12015.99
1739078100000,97116.8,97198.6,97014.1,97025.9,24505.6
1739079000000,97025.9,97110.0,97002.0,97083.4,10195.59
1739079900000,97083.4,97106.0,97011.6,97036.5,11949.69
1739080800000,97036.4,97070.0,96840.7,96879.2,42313.08
1739081700000,96879.3,96969.9,96775.0,96906.2,32419.6
1739082600000,96906.2,96970.1,96808.3,96966.2,15030.79
1739083500000,96966.1,97081.8,96912.8,97009.0,21764.79
1739084400000,97009.1,97043.6,96924.3,97023.9,9356.17
1739085300000,97024.9,97060.0,96966.8,97041.9,13269.97
1739086200000,97041.8,97122.0,97009.9,97078.4,14321.63
1739087100000,97078.4,97118.0,97034.3,97063.5,14185.48
1739088000000,97063.5,97324.0,97063.4,97228.0,93389.91
1739088900000,97228.0,97256.6,97176.4,97224.1,15204.12
1739089800000,97224.1,97231.3,97077.5,97104.4,31764.28
1739090700000,97104.3,97216.9,97058.0,97082.1,18773.8
1739091600000,97082.1,97092.0,96905.0,97010.2,39293.83
1739092500000,97010.2,97038.3,96905.8,97012.8,18355.47
1739093400000,97012.8,97039.5,96912.0,96933.1,22910.87
1739094300000,96933.0,97034.2,96933.0,96938.1,13982.9
1739095200000,96938.0,96940.5,96630.1,96840.1,120401.47
1739096100000,96840.1,96856.0,96685.0,96813.6,35436.2
1739097000000,96813.7,96928.8,96783.0,96856.0,21744.95
1739097900000,96856.0,96904.0,96776.0,96788.9,15152.74
1739098800000,96788.8,97071.5,96788.8,96813.3,82783.23
1739099700000,96813.3,96877.9,96771.7,96796.8,12809.7
1739100600000,96796.8,96796.8,96551.4,96616.3,54145.13
1739101500000,96616.3,96682.8,96566.8,96569.0,35181.97
1739102400000,96570.0,96666.0,96300.1,96654.1,102614.88
1739103300000,96654.1,96727.7,96576.0,96629.4,23024.27
1739104200000,96629.5,96629.9,96419.9,96502.6,34794.66
1739105100000,96502.6,96550.0,96413.7,96547.4,20253.89
1739106000000,96547.4,96558.5,96400.0,96419.9,29071.32
1739106900000,96420.0,96421.6,96184.0,96220.0,87398.49
1739107800000,96220.1,96303.2,96091.8,96109.8,76263.72
1739108700000,96109.7,96163.5,95817.6,95889.7,126648.97
1739109600000,95889.7,96131.5,95664.6,96125.0,137728.33
1739110500000,96125.1,96318.7,95971.1,96068.1,77188.57
1739111400000,96068.1,96143.9,96001.3,96052.2,32794.65
1739112300000,96052.2,96158.7,96010.2,96124.0,23431.94
1739113200000,96124.0,96425.0,96118.5,96334.2,77063.68
1739114100000,96334.2,96595.8,96263.5,96389.9,95314.04
1739115000000,96389.9,96666.0,96336.7,96616.6,43290.0
1739115900000,96616.6,96616.7,96440.0,96489.6,34762.91
1739116800000,96489.6,96564.8,96371.7,96564.8,32313.47
1739117700000,96564.8,96564.8,96400.1,96438.1,20469.34
1739118600000,96438.2,96490.2,96327.0,96440.3,25960.94
1739119500000,96440.3,96528.4,96440.3,96454.5,13654.6
1739120400000,96454.5,96589.9,96408.9,96408.9,20412.12
1739121300000,96408.9,96409.0,96149.7,96220.0,72351.64
1739122200000,96220.0,96230.0,95934.3,96038.3,63501.19
1739123100000,96038.4,96250.0,95981.2,96167.9,28936.78
1739124000000,96167.9,96168.0,96015.1,96020.2,38158.95
1739124900000,96020.2,96146.7,95986.0,96058.8,14822.86
1739125800000,96058.7,96287.9,96050.0,96242.1,11170.52
1739126700000,96242.1,96254.4,96153.4,96220.1,12807.76
1739127600000,96220.0,96288.0,96127.9,96235.0,8336.14
1739128500000,96235.0,96235.0,96031.2,96057.0,19997.26
1739129400000,96057.0,96136.0,95900.0,95987.5,34465.37
1739130300000,95987.5,96070.3,95908.0,96060.9,11060.91
1739131200000,96060.9,96230.5,96043.6,96208.6,41211.03
1739132100000,96208.6,96628.7,96131.1,96510.1,63511.74
1739133000000,96510.1,96781.7,96393.3,96455.5,67973.54
1739133900000,96455.5,96468.0,96228.9,96328.7,27918.53
1739134800000,96328.8,96350.7,96187.6,96243.0,13158.43
1739135700000,96243.0,96277.0,95938.7,95958.3,43405.07
1739136600000,95958.3,95999.9,94925.7,95017.4,341377.6
1739137500000,95017.5,95288.1,94707.4,95167.2,228783.23
1739138400000,95167.2,95510.4,94769.0,95428.1,113656.91
1739139300000,95428.0,95720.0,95272.2,95720.0,64005.39
1739140200000,95720.0,96465.6,95453.3,96386.1,119065.88
1739141100000,96386.0,96396.2,95521.6,95827.8,121805.15
1739142000000,95827.8,96137.0,95730.0,96086.9,67972.71
1739142900000,96086.8,96153.4,95982.0,96048.2,35068.91
1739143800000,96048.1,96376.6,96046.9,96313.9,53029.57
1739144700000,96314.0,96580.0,96272.9,96465.0,63686.11
1739145600000,96464.9,97098.0,96458.0,96955.0,156807.99
1739146500000,96954.9,97142.4,96721.0,96721.0,86465.15
1739147400000,96721.0,96960.7,96611.2,96799.9,40631.07
1739148300000,96799.9,96922.0,96710.4,96726.1,27866.21
1739149200000,96726.2,96849.8,96430.9,96486.5,92824.16
1739150100000,96486.5,96518.1,96127.2,96200.1,107046.07
1739151000000,96200.0,96386.5,95453.6,95555.0,136131.45
1739151900000,95555.0,95898.8,95250.0,95595.4,186781.45
1739152800000,95595.4,95766.9,95420.7,95520.2,135400.06
1739153700000,95520.3,95780.0,95500.0,95606.0,47211.6
1739154600000,95606.0,96059.4,95535.2,95966.1,56812.77
1739155500000,95966.1,96092.1,95715.0,95815.8,40899.25
1739156400000,95815.9,96093.5,95778.4,96038.8,40290.34
1739157300000,96038.9,96456.8,95965.0,96391.6,66978.54
1739158200000,96391.6,97099.9,96391.6,96999.9,256865.27
1739159100000,97000.0,97092.4,96634.7,96819.9,113189.53
1739160000000,96820.0,97000.0,96637.9,96896.0,81386.26
1739160900000,96896.0,97079.3,96850.0,97047.3,47875.29
1739161800000,97047.2,97185.1,96787.6,96912.4,62338.65
1739162700000,96912.4,96975.7,96809.3,96943.3,64212.9
1739163600000,96943.3,97184.9,96772.7,97142.7,77130.68
1739164500000,97142.8,97250.0,96950.0,97033.4,48115.24
1739165400000,97033.5,97240.0,96941.9,97201.7,41590.94
1739166300000,97201.8,97698.5,96883.0,97032.3,277209.19
1739167200000,97032.4,97230.2,96792.1,96842.8,117766.14
1739168100000,96842.9,97138.7,96824.3,97015.5,75249.99
1739169000000,97015.5,97199.1,96961.3,97030.6,43931.81
1739169900000,97030.6,97167.9,97030.6,97161.7,28763.01
1739170800000,97161.7,97377.3,97161.6,97250.4,50085.73
1739171700000,97250.4,97264.9,97118.0,97191.1,35542.81
1739172600000,97191.0,97362.0,97118.0,97286.1,33126.45
1739173500000,97286.2,97488.0,97238.0,97443.0,36649.69
1739174400000,97442.9,97900.0,97360.0,97775.1,154920.5
1739175300000,97775.1,97927.8,97567.4,97704.1,99923.54
1739176200000,97704.1,97878.8,97537.0,97835.5,59509.5
1739177100000,97835.5,97870.0,97638.6,97689.0,40296.87
1739178000000,97689.0,97855.9,97687.6,97725.1,38549.67
1739178900000,97725.1,97868.0,97630.9,97667.9,37220.17
1739179800000,97668.0,97700.0,97506.3,97556.8,71570.84
1739180700000,97556.8,97694.2,97468.7,97669.5,46449.92
1739181600000,97669.5,97860.0,97600.0,97794.1,56758.54
1739182500000,97794.1,97974.4,97702.4,97920.6,78359.31
1739183400000,97920.7,97939.7,97681.8,97791.3,55435.95
1739184300000,97791.4,97894.1,97710.1,97749.2,56792.95
1739185200000,97749.1,97869.2,97642.7,97678.8,38805.15
1739186100000,97678.9,97865.6,97627.5,97845.2,29773.93
1739187000000,97845.1,97912.6,97800.0,97814.6,22811.5
1739187900000,97814.6,97885.9,97650.0,97666.9,34263.16
1739188800000,97666.8,97804.2,97600.0,97600.1,43380.05
1739189700000,97600.0,97654.5,97478.2,97581.9,51934.41
1739190600000,97581.8,97581.9,97262.0,97339.9,88468.53
1739191500000,97339.9,97421.9,97180.0,97375.1,46348.61
1739192400000,97375.1,97619.8,97368.0,97585.4,58021.79
1739193300000,97585.4,97683.0,97439.2,97508.1,29253.36
1739194200000,97508.1,97850.0,97435.7,97765.1,98718.43
1739195100000,97765.1,98378.4,97753.9,98223.3,231779.28
1739196000000,98223.3,98333.2,97725.1,97730.6,140973.43
1739196900000,97730.6,97829.8,97543.0,97730.0,91881.29
1739197800000,97730.1,98023.4,97240.3,97509.9,236864.99
1739198700000,97510.2,97644.4,97075.0,97289.9,174305.73
1739199600000,97289.9,97580.0,97256.8,97490.6,64635.96
1739200500000,97490.6,97534.0,96900.0,97075.9,149216.42
1739201400000,97075.8,97205.4,96870.0,97094.1,95178.87
1739202300000,97094.0,97299.0,96950.3,97235.2,76167.82
1739203200000,97235.1,97425.8,97144.0,97200.7,89688.39
1739204100000,97200.6,97200.7,97000.0,97043.9,56674.82
1739205000000,97043.9,97140.0,96880.0,97139.9,59825.43
1739205900000,97140.0,97384.6,97077.0,97301.7,88152.53
1739206800000,97301.7,97364.8,96885.3,96987.8,107253.01
1739207700000,96987.8,97315.8,96890.0,97300.0,71126.62
1739208600000,97300.0,97360.0,97188.0,97251.7,52278.29
1739209500000,97251.9,97530.0,97200.0,97499.0,48915.73
1739210400000,97498.9,97560.0,97286.9,97289.7,62770.9
1739211300000,97289.6,97482.3,97178.4,97482.3,35085.04
1739212200000,97482.3,97533.8,97247.8,97273.9,48670.49
1739213100000,97274.0,97560.0,97260.0,97559.9,30086.8
1739214000000,97560.0,97638.0,97459.4,97609.8,46545.54
1739214900000,97609.9,97625.9,97523.3,97577.0,26072.4
1739215800000,97577.0,97643.7,97384.9,97384.9,36569.01
1739216700000,97385.0,97416.7,97250.0,97375.8,37063.4
1739217600000,97375.8,97440.1,97267.6,97418.3,27977.96
1739218500000,97418.4,97450.2,97218.0,97271.1,25653.02
1739219400000,97271.1,97467.8,97249.8,97467.8,21847.4
1739220300000,97467.8,97488.0,97298.2,97334.0,33131.27
1739221200000,97334.0,97354.0,97255.0,97255.1,35742.1
1739222100000,97255.1,97318.9,97130.0,97308.0,48669.62
1739223000000,97308.0,97328.8,97204.9,97277.3,29522.95
1739223900000,97277.3,97389.1,97130.3,97381.6,19562.66
1739224800000,97381.7,97386.3,97273.4,97305.0,19946.24
1739225700000,97305.3,97500.0,97273.4,97488.0,21625.67
1739226600000,97488.1,97488.1,97324.6,97425.9,27878.89
1739227500000,97425.9,97445.0,97288.4,97379.4,16060.49
1739228400000,97379.5,97397.8,97216.6,97300.0,49467.76
1739229300000,97300.1,97450.0,97250.8,97250.8,17719.88
1739230200000,97250.8,97342.0,97250.8,97314.0,11222.13
1739231100000,97314.0,97440.0,97303.5,97417.7,14185.67
1739232000000,97417.7,97874.4,97401.8,97732.0,137426.9
1739232900000,97732.0,97867.7,97632.6,97765.7,43496.64
1739233800000,97765.7,98160.7,97731.6,98018.0,112025.12
1739234700000,98018.0,98086.1,97763.6,97781.9,55976.64
1739235600000,97782.0,98079.6,97770.0,97885.3,61325.45
1739236500000,97885.3,98112.9,97841.9,97958.1,70309.23
1739237400000,97958.0,98110.0,97900.0,97992.5,41397.45
1739238300000,97992.5,98098.4,97895.6,98000.0,52832.33
1739239200000,98000.0,98108.0,97848.6,97879.2,36000.95
1739240100000,97879.1,97917.5,97601.4,97635.6,89955.7
1739241000000,97635.7,97692.8,97463.4,97660.2,80913.29
1739241900000,97660.2,97880.0,97660.2,97769.6,42939.19
1739242800000,97769.5,97769.7,97517.5,97635.5,43837.1
1739243700000,97635.6,97705.8,97549.9,97572.0,30339.18
1739244600000,97572.0,97623.8,97475.6,97537.1,31203.16
1739245500000,97537.1,97643.2,97507.5,97610.8,14065.92
1739246400000,97610.9,97667.8,97560.5,97568.6,23552.95
1739247300000,97568.6,97647.5,97562.0,97634.1,22460.22
1739248200000,97634.1,98024.3,97630.1,97979.1,66289.5
1739249100000,97979.1,98200.0,97955.9,98070.1,99383.98
1739250000000,98070.1,98300.0,98005.7,98173.9,111777.53
1739250900000,98173.9,98277.9,98050.0,98243.4,43164.24
1739251800000,98243.4,98315.0,98119.9,98295.8,48961.48
1739252700000,98295.8,98500.0,98136.2,98425.9,96629.42
1739253600000,98425.8,98455.0,98180.0,98206.3,51942.98
1739254500000,98206.2,98335.8,98139.9,98296.1,38848.62
1739255400000,98296.1,98350.5,98241.5,98347.8,32030.98
1739256300000,98347.9,98488.0,98278.7,98433.7,53608.45
1739257200000,98433.7,98437.9,98317.1,98367.4,31736.49
1739258100000,98367.3,98446.4,98312.0,98426.6,32544.84
1739259000000,98426.7,98485.0,98350.0,98449.1,47482.5
1739259900000,98449.2,98449.2,98257.4,98276.1,38968.86
1739260800000,98276.1,98348.0,98150.0,98219.0,50450.67
1739261700000,98219.1,98238.7,98127.0,98127.0,35977.61
1739262600000,98127.1,98342.4,98127.0,98273.3,31638.92
1739263500000,98273.3,98273.3,98177.1,98236.8,21418.29
1739264400000,98236.8,98319.0,98236.7,98238.7,21026.19
1739265300000,98238.7,98267.5,98084.8,98191.0,40295.93
1739266200000,98191.0,98226.5,97891.3,97970.3,69927.43
1739267100000,97970.4,98100.0,97914.3,97990.7,40109.03
1739268000000,97990.7,98127.6,97950.0,98089.4,30120.67
1739268900000,98089.4,98128.0,97880.4,97904.2,27848.83
1739269800000,97904.3,98020.0,97904.2,97975.4,22864.45
1739270700000,97975.4,98040.0,97950.1,97962.5,18825.74
1739271600000,97962.5,98049.9,97886.2,97958.7,24534.12
1739272500000,97958.8,98106.0,97936.2,98088.7,23685.2
1739273400000,98088.6,98111.0,97964.1,98040.8,17631.1
1739274300000,98040.7,98246.0,98040.7,98136.1,42221.93
1739275200000,98136.0,98152.0,97784.9,97807.9,91682.18
1739276100000,97807.9,97897.4,97675.2,97705.0,98278.54
1739277000000,97704.9,97781.8,97668.0,97732.0,44049.04
1739277900000,97732.0,97849.9,97724.9,97759.7,34327.33
1739278800000,97759.8,97842.1,97646.0,97786.5,45864.43
1739279700000,97786.5,97821.9,97474.9,97539.9,73445.34
1739280600000,97539.9,97618.4,97200.7,97238.8,131667.47
1739281500000,97238.7,97330.0,96671.1,96780.0,315784.7
1739282400000,96780.0,97100.0,96572.0,96913.8,230663.07
1739283300000,96913.8,97018.6,96805.7,96870.1,79409.99
1739284200000,96870.1,97246.0,96726.0,97164.5,144230.19
1739285100000,97164.5,97321.0,96957.7,96957.7,104009.63
1739286000000,96957.8,97252.1,96607.1,96855.1,132628.24
1739286900000,96855.1,97178.9,96830.5,96933.8,92598.55
1739287800000,96933.8,97041.3,96773.3,96853.7,57989.11
1739288700000,96853.6,97120.0,96852.3,97022.2,52690.95
1739289600000,97022.2,97040.8,96801.1,97020.0,65526.87
1739290500000,97023.1,97039.9,96433.0,96649.8,140328.73
1739291400000,96649.7,96674.2,96380.0,96501.6,151518.28
1739292300000,96501.6,96542.4,96302.0,96373.9,102600.19
1739293200000,96373.8,96398.6,96077.0,96094.9,172523.67
1739294100000,96094.9,96369.1,96076.9,96283.7,83701.08
1739295000000,96283.7,96317.9,96080.8,96102.1,43336.86
1739295900000,96102.1,96211.6,95888.0,96168.1,127832.44
1739296800000,96168.1,96168.2,95810.6,95923.5,103739.26
1739297700000,95922.0,95922.1,95614.0,95681.6,133882.85
1739298600000,95681.5,96055.9,95630.6,95723.4,96368.86
1739299500000,95723.4,95733.0,95412.9,95472.1,132964.67
1739300400000,95475.0,95664.2,95369.0,95409.4,93850.76
1739301300000,95409.3,95416.5,94973.9,95025.2,190566.94
1739302200000,95025.2,95210.0,94866.9,95055.0,122551.61
1739303100000,95054.9,95283.3,94923.7,95023.9,92155.99
1739304000000,95023.8,95320.0,94914.5,95211.4,108728.88
1739304900000,95211.3,95286.0,95015.0,95276.0,61475.58
1739305800000,95276.0,95443.0,95044.8,95054.0,84989.76
1739306700000,95053.9,95330.1,94962.8,95302.0,51683.49
1739307600000,95302.1,95498.0,95260.5,95449.9,55923.93
1739308500000,95450.0,95780.1,95419.2,95703.7,74504.55
1739309400000,95703.7,96278.5,95646.4,96262.7,158216.46
1739310300000,96262.7,96485.2,96065.8,96391.8,132623.1
1739311200000,96391.8,96524.8,96210.3,96212.6,98187.93
1739312100000,96212.6,96440.0,96143.1,96244.7,47075.27
1739313000000,96244.7,96245.1,95760.0,95842.1,110099.38
1739313900000,95842.1,96148.7,95323.0,95584.0,175171.83
1739314800000,95584.5,95806.6,95483.6,95785.7,132542.12
1739315700000,95785.7,95943.6,95698.5,95918.1,37585.87
1739316600000,95918.0,95963.2,95733.0,95734.7,31085.61
1739317500000,95734.8,95852.6,95734.7,95783.7,18543.1
1739318400000,95783.8,95985.8,95687.9,95985.8,41943.21
1739319300000,95985.8,95996.0,95672.9,95906.4,42821.45
1739320200000,95906.4,96043.4,95742.1,95933.2,30487.74
1739321100000,95933.2,96120.0,95900.1,96052.1,40210.34
1739322000000,96052.1,96173.8,95922.1,95922.1,29994.01
1739322900000,95922.2,95974.3,95820.2,95953.9,33732.67
1739323800000,95954.0,96058.3,95840.9,96050.0,19824.19
1739324700000,96049.9,96277.0,96049.9,96214.0,33338.21
1739325600000,96214.0,96220.6,95984.3,96060.2,51463.63
1739326500000,96060.1,96110.8,95944.6,96020.2,17129.45
1739327400000,96020.1,96082.4,95946.5,96010.8,14138.72
1739328300000,96010.9,96034.2,95372.2,95585.7,93436.96
1739329200000,95585.8,95694.9,95088.0,95390.6,170455.24
1739330100000,95390.6,95767.9,95390.5,95692.0,88280.84
1739331000000,95692.0,95717.4,95543.0,95619.9,44468.15
1739331900000,95620.0,95628.0,95287.8,95307.6,43218.8
1739332800000,95307.7,95538.7,95270.8,95533.0,33238.73
1739333700000,95533.0,95621.0,95310.5,95394.2,33752.73
1739334600000,95394.1,95450.0,95308.0,95429.0,33052.15
1739335500000,95429.0,95616.1,95428.9,95570.6,46575.2
1739336400000,95570.8,95832.9,95505.5,95785.1,56918.78
1739337300000,95785.0,95957.4,95674.4,95908.0,78576.83
1739338200000,95908.1,95927.5,95723.7,95779.3,45757.29
1739339100000,95779.3,95923.6,95767.6,95899.8,20834.56
1739340000000,95899.8,95940.7,95759.7,95926.7,24123.69
1739340900000,95926.7,95965.0,95792.4,95801.0,23742.33
1739341800000,95801.1,95897.5,95688.4,95895.0,20743.67
1739342700000,95895.0,95916.0,95760.0,95830.8,16614.69
1739343600000,95830.9,95937.5,95798.1,95888.1,22903.65
1739344500000,95888.1,96117.0,95873.6,96088.5,52470.41
1739345400000,96088.4,96180.0,96029.8,96079.4,36128.46
1739346300000,96079.5,96088.3,95954.8,96076.2,33186.37
1739347200000,96076.3,96293.3,96051.2,96228.0,59616.51
1739348100000,96228.0,96268.0,96114.1,96237.1,28732.18
1739349000000,96237.2,96382.7,96213.3,96335.2,41112.95
1739349900000,96335.2,96477.2,96284.3,96362.8,52881.42
1739350800000,96362.9,96384.0,96172.0,96226.9,56477.67
1739351700000,96226.9,96279.6,96049.9,96150.0,51522.47
1739352600000,96150.1,96220.0,96048.4,96219.9,32308.4
1739353500000,96220.0,96224.0,96113.0,96150.9,38008.94
1739354400000,96150.9,96207.0,96118.7,96124.3,30270.56
1739355300000,96124.2,96147.3,96042.5,96108.8,34801.78
1739356200000,96108.8,96216.0,96108.1,96108.1,23329.98
1739357100000,96108.1,96144.3,95920.0,95994.1,43648.67
1739358000000,95994.1,96246.0,95994.1,96169.9,47046.54
1739358900000,96170.0,96253.9,96152.5,96215.5,16836.1
1739359800000,96215.5,96360.0,96186.1,96308.6,26159.87
1739360700000,96308.5,96400.0,96056.0,96115.2,43880.2
1739361600000,96115.2,96261.1,96115.1,96215.5,38837.19
1739362500000,96215.6,96365.2,96138.5,96235.8,46091.01
1739363400000,96236.1,96295.0,96130.0,96155.1,32063.63
1739364300000,96154.5,96216.4,95944.3,95998.0,50419.08
1739365200000,95998.0,96011.0,95800.1,95974.0,136343.77
1739366100000,95974.0,96678.8,95973.9,96509.7,208441.17
1739367000000,96509.7,96612.1,94072.1,94519.9,1377426.78
1739367900000,94520.0,95219.2,94431.8,94963.9,344858.37
1739368800000,94963.9,95199.9,94649.5,94902.1,210159.01
1739369700000,94901.9,95066.0,94582.8,94688.1,163565.58
1739370600000,94688.1,95658.2,94464.6,95526.6,326204.14
1739371500000,95526.6,95702.8,95230.8,95638.6,165994.92
1739372400000,95638.0,95679.7,94727.8,94970.0,233576.34
1739373300000,94970.1,95986.0,94875.1,95599.9,291310.0
1739374200000,95600.0,95860.0,95530.0,95659.9,125346.78
1739375100000,95660.0,95832.0,95483.9,95806.7,67331.32
1739376000000,95806.7,95812.2,95259.9,95373.9,102732.4
1739376900000,95373.9,95646.1,95126.6,95388.0,105677.73
1739377800000,95388.0,95986.7,95365.1,95965.1,82330.82
1739378700000,95965.0,97112.9,95793.1,96999.4,509065.3
1739379600000,96999.4,97247.8,96772.2,97065.3,332405.18
1739380500000,97065.4,97546.5,96829.0,97537.4,208162.42
1739381400000,97537.4,97700.0,97123.0,97184.7,211917.77
1739382300000,97184.8,97584.1,97171.8,97370.0,85574.99
1739383200000,97370.0,97466.9,96858.0,97086.2,111676.37
1739384100000,97086.1,97111.0,96632.0,96812.0,69987.03
1739385000000,96812.0,96957.9,96600.9,96756.2,68163.06
1739385900000,96756.2,97062.1,96756.1,96910.3,40640.0
1739386800000,96910.3,96975.7,96356.0,96552.0,111780.31
1739387700000,96552.0,96830.0,96522.7,96750.1,50817.32
1739388600000,96750.1,96969.7,96747.1,96927.5,30765.05
1739389500000,96927.5,97280.6,96904.0,97207.6,55005.06
1739390400000,97207.7,97494.0,96961.6,97451.5,80573.63
1739391300000,97451.6,97656.0,97277.2,97421.9,75690.72
1739392200000,97421.9,97437.8,97032.0,97081.6,56995.88
1739393100000,97081.5,97134.8,96929.8,97040.7,37649.76
1739394000000,97042.0,97419.4,96855.0,97392.1,111431.11
1739394900000,97392.1,97604.0,97385.8,97443.9,52472.87
1739395800000,97444.0,97899.9,97444.0,97879.9,69971.99
1739396700000,97880.0,97932.5,97577.7,97650.1,41878.13
1739397600000,97650.0,97698.0,97474.1,97474.1,29765.67
1739398500000,97474.2,97978.9,97424.5,97951.0,98078.0
1739399400000,97950.4,98168.0,97580.0,97853.9,203455.47
1739400300000,97853.9,98077.2,97705.9,97817.9,77102.19
1739401200000,97818.0,98056.3,97787.1,97998.8,98098.87
1739402100000,97998.9,98004.1,97700.0,97727.3,59221.04
1739403000000,97727.3,97783.6,97608.0,97754.0,66054.72
1739403900000,97754.0,97914.3,97650.0,97885.8,37418.97
1739404800000,97885.9,97887.0,97550.0,97566.0,37637.83
1739405700000,97566.1,97793.2,97566.0,97726.1,41984.32
1739406600000,97726.0,97839.0,97640.8,97671.1,30064.33
1739407500000,97671.1,97848.0,97600.0,97840.0,27669.07
1739408400000,97839.9,97924.9,97777.5,97900.0,37933.81
1739409300000,97900.1,97937.3,97761.8,97910.5,40782.6
1739410200000,97910.6,97917.0,97777.3,97844.8,35777.67
1739411100000,97844.8,98100.0,97832.0,97999.9,67835.08
1739412000000,97999.9,98000.0,97734.4,97799.3,37603.8
1739412900000,97799.3,97849.8,97642.3,97646.5,28721.77
1739413800000,97646.5,97738.7,97600.0,97622.1,30622.88
1739414700000,97622.1,97692.2,97380.0,97488.6,67262.04
1739415600000,97488.5,97639.7,97488.5,97593.8,25779.51
1739416500000,97593.8,97650.0,97470.0,97495.2,26271.46
1739417400000,97495.1,97589.9,97463.0,97548.0,19648.73
1739418300000,97547.9,97614.3,97488.9,97508.6,28722.01
1739419200000,97508.6,97569.4,97425.5,97480.0,29988.73
1739420100000,97480.0,97494.8,97321.4,97336.1,38102.94
1739421000000,97336.1,97349.6,97118.4,97165.6,73458.53
1739421900000,97165.6,97179.1,96780.0,96951.6,117769.22
1739422800000,96951.6,96951.6,96524.9,96784.1,131487.14
1739423700000,96784.1,96882.0,96580.0,96822.3,77789.08
1739424600000,96822.4,96834.0,96666.0,96748.6,33061.96
1739425500000,96748.9,96813.8,96639.4,96679.0,28979.4
1739426400000,96679.0,96776.0,96372.9,96592.3,87846.63
1739427300000,96592.3,96618.0,96458.4,96535.7,44954.65
1739428200000,96535.6,96535.6,96042.3,96170.2,169154.27
1739429100000,96170.2,96170.2,95794.4,96056.2,192346.86
1739430000000,96056.3,96242.2,95922.0,96145.8,85847.59
1739430900000,96145.9,96166.1,95936.3,96066.1,60084.76
1739431800000,96066.1,96227.8,95902.2,96092.1,49833.83
1739432700000,96092.1,96195.8,95992.7,96074.8,36074.36
1739433600000,96074.9,96191.8,95990.0,96034.6,37492.01
1739434500000,96034.7,96150.0,95859.6,96050.0,66985.3
1739435400000,96050.0,96098.0,95908.9,95966.3,31056.98
1739436300000,95966.2,96039.9,95715.0,95950.1,102456.6
1739437200000,95950.0,96200.0,95792.7,96135.1,73805.8
1739438100000,96135.1,96220.0,96118.0,96150.0,41563.15
1739439000000,96150.1,96314.0,96110.0,96249.9,66376.05
1739439900000,96249.9,96299.5,96187.0,96266.6,29788.26
1739440800000,96266.6,96360.6,96171.6,96339.1,29930.75
1739441700000,96339.0,96351.5,96148.5,96223.9,30877.6
1739442600000,96223.8,96288.0,96109.0,96275.2,27136.7
1739443500000,96275.3,96275.3,96148.6,96172.9,15787.81
1739444400000,96172.8,96272.1,96100.0,96255.0,23156.53
1739445300000,96255.0,96294.4,96120.0,96120.0,26535.98
1739446200000,96120.0,96120.1,95810.6,96084.5,113732.04
1739447100000,96084.5,96139.0,95540.2,95935.2,184362.44
1739448000000,95935.1,96045.6,95750.4,95812.5,102464.77
1739448900000,95812.5,95915.5,95687.7,95882.5,139258.74
1739449800000,95882.4,96080.5,95862.0,95983.0,40348.35
1739450700000,95983.0,96005.9,95757.9,95821.7,36057.36
1739451600000,95821.8,95899.5,95739.9,95800.0,41879.21
1739452500000,95800.0,96005.7,95667.7,95842.0,63535.48
1739453400000,95841.9,96332.2,95763.6,96020.1,264290.45
1739454300000,96020.1,96188.0,95820.0,96076.0,79494.23
1739455200000,96076.0,96107.9,95768.0,95871.7,78682.03
1739456100000,95871.7,96011.8,95754.6,95961.5,60297.0
1739457000000,95961.6,96048.0,95321.0,95989.9,274455.66
1739457900000,95990.0,96107.7,95818.0,95870.1,74752.26
1739458800000,95870.2,96031.8,95552.9,95881.9,143943.31
1739459700000,95882.0,96500.0,95882.0,95975.9,245580.3
1739460600000,95976.0,96419.6,95892.9,96414.0,103377.21
1739461500000,96413.9,96414.1,95754.0,95998.2,118445.58
1739462400000,95998.2,96012.0,95612.1,95790.3,106625.56
1739463300000,95790.4,95815.0,95377.6,95456.2,103933.34
1739464200000,95456.2,95638.9,95250.1,95510.2,109039.74
1739465100000,95510.1,95632.8,95215.3,95359.7,80260.33
1739466000000,95359.7,95738.3,95302.8,95718.9,82891.52
1739466900000,95718.9,95879.4,95450.3,95809.6,58994.75
1739467800000,95809.5,95971.3,95700.0,95943.3,38031.26
1739468700000,95943.4,96030.3,95654.2,95700.0,53962.65
1739469600000,95699.9,95798.0,95478.0,95534.5,54377.83
1739470500000,95534.4,95798.0,95346.8,95703.1,63820.96
1739471400000,95703.1,95854.7,95478.6,95679.2,70205.43
1739472300000,95674.5,96014.6,95587.1,95984.2,65962.03
1739473200000,95984.1,96375.6,95953.5,96286.5,131068.28
1739474100000,96286.6,96333.0,95826.5,95884.1,61671.38
1739475000000,95884.2,95906.0,95612.6,95712.5,67499.21
1739475900000,95712.4,95765.8,95569.0,95642.5,38045.95
1739476800000,95642.4,96048.0,95604.0,96043.2,43126.7
1739477700000,96043.2,96250.0,96020.3,96152.8,47455.2
1739478600000,96152.8,96236.6,96040.0,96168.4,30619.72
1739479500000,96168.4,96315.0,96088.2,96281.2,68751.57
1739480400000,96281.3,96570.8,96263.0,96499.9,70933.77
1739481300000,96499.9,96530.0,96342.7,96429.8,28247.19
1739482200000,96425.7,96781.5,96407.6,96622.0,87731.4
1739483100000,96622.0,96649.2,96370.0,96483.0,37921.68
1739484000000,96482.9,96540.0,96409.9,96419.0,20051.18
1739484900000,96419.1,96613.9,96406.4,96469.3,25441.73
1739485800000,96469.4,96547.4,96383.7,96497.4,19967.56
1739486700000,96497.3,96497.3,96270.1,96414.9,31502.0
1739487600000,96415.0,96476.7,96322.0,96394.1,30964.15
1739488500000,96394.0,96479.8,96361.1,96451.1,32645.69
1739489400000,96451.0,96600.0,96421.0,96578.3,18936.6
1739490300000,96578.3,96638.5,96493.1,96611.0,23130.75
1739491200000,96611.0,96770.2,96580.8,96597.8,51571.29
1739492100000,96597.7,96888.0,96542.2,96867.1,66254.53
1739493000000,96867.2,96999.0,96580.4,96599.7,67253.65
1739493900000,96599.7,96782.0,96566.8,96757.6,36880.12
1739494800000,96757.6,96917.4,96711.2,96725.4,50490.57
1739495700000,96725.5,96780.0,96656.5,96687.4,47920.18
1739496600000,96687.5,96718.0,96353.3,96400.3,80842.65
1739497500000,96400.2,96619.4,96395.1,96544.1,43251.29
1739498400000,96544.0,96832.2,96460.0,96763.5,62506.47
1739499300000,96763.6,96784.7,96647.1,96679.6,39387.68
1739500200000,96679.5,96754.5,96618.0,96694.6,16337.02
1739501100000,96694.6,96775.0,96543.2,96543.5,19953.89
1739502000000,96543.5,96757.4,96538.1,96655.5,24467.78
1739502900000,96655.6,96700.0,96570.4,96660.1,14563.89
1739503800000,96660.1,96749.0,96660.1,96741.1,14936.35
1739504700000,96741.0,97208.6,96741.0,97154.9,139547.58
1739505600000,97154.9,97246.0,96922.5,96934.5,96440.14
1739506500000,96934.5,96999.0,96863.4,96883.8,36286.27
1739507400000,96883.9,96926.7,96799.5,96857.7,24927.84
1739508300000,96857.8,96894.0,96767.7,96770.7,25888.97
1739509200000,96770.7,96888.2,96770.7,96821.0,32545.41
1739510100000,96821.0,96925.2,96812.3,96812.4,15401.39
1739511000000,96812.4,96812.5,96627.1,96660.1,44494.82
1739511900000,96660.1,96733.0,96572.2,96690.9,28338.57
1739512800000,96690.9,96865.9,96629.4,96813.6,36014.81
1739513700000,96813.6,96877.3,96700.6,96760.4,44807.16
1739514600000,96760.4,96764.1,96622.5,96685.9,16833.32
1739515500000,96685.8,96876.0,96672.1,96843.8,14799.65
1739516400000,96843.8,96990.7,96821.1,96965.0,36238.42
1739517300000,96964.9,97033.1,96902.1,97033.1,42768.47
1739518200000,97033.0,97072.2,96981.4,97037.3,44264.73
1739519100000,97037.3,97050.0,96935.6,96942.1,26087.13
1739520000000,96942.0,97025.0,96819.2,96838.3,41972.91
1739520900000,96838.3,97022.6,96800.1,97015.7,34337.59
1739521800000,97015.7,97033.0,96907.2,96907.2,23163.62
1739522700000,96907.2,96920.3,96799.8,96889.1,22201.4
1739523600000,96889.0,97068.9,96840.7,97049.3,38512.1
1739524500000,97049.4,97072.3,96971.8,97041.7,29697.48
1739525400000,97041.7,97140.4,97002.8,97083.9,43171.89
1739526300000,97083.8,97177.7,97005.1,97125.4,37343.92
1739527200000,97125.4,97218.0,97070.6,97117.9,53881.17
1739528100000,97118.0,97165.2,96979.4,97006.5,31376.67
1739529000000,97006.6,97129.4,96980.0,97121.4,19697.17
1739529900000,97121.3,97150.0,96964.7,97023.2,28321.82
1739530800000,97023.2,97106.1,97001.0,97091.3,16450.4
1739531700000,97091.3,97146.0,96860.2,96862.5,30128.55
1739532600000,96862.5,96966.0,96810.0,96810.0,46938.21
1739533500000,96810.0,96938.4,96808.0,96897.4,32237.06
1739534400000,96897.4,96897.5,96686.4,96686.4,47108.96
1739535300000,96686.5,96763.8,96618.7,96729.6,41040.46
1739536200000,96729.6,96824.0,96591.0,96598.6,47309.15
1739537100000,96598.5,96680.5,96505.5,96656.1,42723.24
1739538000000,96656.1,96710.2,96560.0,96615.1,39848.09
1739538900000,96615.1,96624.5,96456.4,96508.1,39899.03
1739539800000,96508.1,97032.4,96508.1,96736.7,151696.21
1739540700000,96735.1,96900.0,96716.0,96801.4,39865.98
1739541600000,96801.4,96931.7,96743.3,96755.9,35969.56
1739542500000,96755.9,96825.3,96617.6,96630.0,35730.21
1739543400000,96630.0,97288.0,96580.0,97121.6,185306.81
1739544300000,97121.7,97597.6,97121.7,97299.9,237392.93
1739545200000,97299.9,97420.0,96606.5,96663.7,261231.21
1739546100000,96663.6,96689.4,96280.0,96427.9,236657.67
1739547000000,96428.0,96777.0,96368.5,96742.0,84627.32
1739547900000,96742.1,97114.4,96609.5,96940.0,121362.12
1739548800000,96939.9,97040.8,96698.1,96821.9,77565.1
1739549700000,96822.0,96879.3,96485.5,96757.1,80455.79
1739550600000,96757.1,96820.3,96634.0,96783.8,36948.87
1739551500000,96783.8,97750.0,96641.8,97657.2,258290.4
1739552400000,97657.2,97657.9,97155.0,97256.6,197156.44
1739553300000,97256.6,97622.9,97205.0,97376.5,86328.47
1739554200000,97376.5,98073.1,97300.0,97989.3,222633.43
1739555100000,97989.3,98847.4,97989.3,98545.1,397805.46
1739556000000,98545.2,98755.0,98412.1,98500.2,164455.11
1739556900000,98500.3,98574.1,98180.0,98291.7,94319.49
1739557800000,98291.8,98494.0,98191.5,98320.0,67798.53
1739558700000,98320.1,98511.7,98210.0,98210.1,77607.52
1739559600000,98210.1,98448.8,98210.0,98427.9,70843.54
1739560500000,98427.9,98440.0,98175.8,98185.9,37947.06
1739561400000,98185.9,98288.0,97820.0,98245.6,135939.04
1739562300000,98245.1,98266.6,97657.2,97949.9,110302.44
1739563200000,97950.0,98095.5,97823.6,98084.1,35576.58
1739564100000,98084.1,98272.8,97900.0,97993.8,44721.19
1739565000000,97993.9,98017.7,97804.4,97863.2,30297.85
1739565900000,97865.0,97869.9,97003.4,97189.9,188400.64
1739566800000,97190.0,97338.7,96681.5,96888.1,149610.23
1739567700000,96888.0,97200.0,96750.1,97080.0,56940.09
1739568600000,97080.1,97407.9,97061.8,97308.8,60624.2
1739569500000,97308.7,97497.3,97259.9,97458.2,38798.46
1739570400000,97460.0,97552.0,97373.0,97391.6,33480.27
1739571300000,97391.7,97465.2,97307.4,97465.2,18592.16
1739572200000,97465.1,97465.2,97054.9,97273.1,32027.78
1739573100000,97273.0,97273.1,96930.5,97123.9,39645.92
1739574000000,97123.9,97245.3,96996.3,97228.5,28851.45
1739574900000,97228.5,97400.0,97228.4,97322.0,22369.7
1739575800000,97322.0,97474.1,97300.0,97417.9,22788.73
1739576700000,97418.3,97524.0,97400.0,97500.0,17240.44
1739577600000,97500.0,97500.1,97360.0,97458.3,23622.06
1739578500000,97458.3,97523.9,97323.3,97355.1,29287.53
1739579400000,97355.1,97413.2,97222.0,97413.1,23899.14
1739580300000,97413.0,97494.6,97402.6,97475.7,17056.7
1739581200000,97475.6,97708.9,97444.1,97613.7,36696.37
1739582100000,97613.7,97750.0,97584.2,97687.4,21954.11
1739583000000,97687.5,97714.9,97589.9,97634.4,19798.31
1739583900000,97634.4,97850.0,97619.0,97805.7,40285.44
1739584800000,97805.7,97950.9,97782.6,97900.7,37108.21
1739585700000,97900.6,97900.7,97680.6,97680.7,27300.27
1739586600000,97680.7,97731.0,97630.0,97718.4,24485.75
1739587500000,97718.4,97848.0,97718.3,97846.7,15314.25
1739588400000,97846.8,97995.0,97827.8,97921.1,27219.57
1739589300000,97921.0,97921.1,97787.3,97798.0,22449.44
1739590200000,97798.0,97800.0,97636.2,97701.1,29757.68
1739591100000,97701.1,97730.5,97657.2,97661.3,16536.87
1739592000000,97661.2,97807.2,97587.6,97784.5,29277.64
1739592900000,97784.6,97791.6,97695.4,97695.4,12295.08
1739593800000,97695.4,97700.0,97507.0,97507.2,24392.96
1739594700000,97507.2,97592.1,97507.1,97541.4,12422.94
1739595600000,97541.4,97600.0,97467.6,97516.9,16205.76
1739596500000,97516.9,97613.5,97466.0,97593.5,13488.22
1739597400000,97593.6,97656.0,97554.0,97639.9,10115.29
1739598300000,97639.9,97639.9,97545.0,97610.0,9746.27
1739599200000,97610.1,97624.0,97524.1,97538.0,15251.71
1739600100000,97538.1,97673.3,97531.0,97638.1,14148.66
1739601000000,97638.1,97648.2,97525.1,97525.3,12678.86
1739601900000,97525.2,97525.3,97420.8,97494.8,31351.74
1739602800000,97494.8,97529.1,97389.2,97434.1,26369.92
1739603700000,97434.0,97486.5,97364.8,97472.1,29479.03
1739604600000,97472.0,97478.2,97381.0,97478.1,15686.19
1739605500000,97478.1,97491.3,97364.7,97364.7,13292.71
1739606400000,97364.8,97480.0,97303.0,97384.7,31517.25
1739607300000,97384.6,97514.9,97384.6,97470.0,20964.26
1739608200000,97470.0,97559.8,97458.0,97529.6,16506.18
1739609100000,97529.7,97547.6,97489.3,97519.5,7812.24
1739610000000,97519.4,97619.9,97519.4,97560.5,24672.6
1739610900000,97560.4,97610.4,97450.1,97463.8,19851.85
1739611800000,97463.7,97576.3,97431.2,97576.3,14745.26
1739612700000,97576.2,97608.2,97552.8,97578.3,9494.58
1739613600000,97578.2,97613.9,97500.0,97520.2,10010.47
1739614500000,97520.2,97597.4,97464.4,97597.4,12061.51
1739615400000,97597.5,97641.0,97539.4,97578.4,17660.8
1739616300000,97578.3,97775.5,97566.2,97674.5,36850.98
1739617200000,97674.5,97696.1,97554.1,97558.0,16718.26
1739618100000,97558.1,97618.3,97490.0,97610.3,14618.66
1739619000000,97610.3,97677.5,97507.1,97622.0,37908.07
1739619900000,97622.0,97679.1,97582.5,97632.2,10311.85
1739620800000,97632.2,97660.5,97561.5,97579.1,20232.49
1739621700000,97579.0,97679.0,97550.0,97662.9,21864.58
1739622600000,97662.9,97804.1,97554.6,97741.7,57872.11
1739623500000,97741.7,97859.1,97697.1,97760.4,25908.21
1739624400000,97760.3,97847.0,97703.5,97718.7,19805.93
1739625300000,97718.7,97818.8,97688.7,97808.0,25267.3
1739626200000,97808.0,97950.0,97700.0,97759.6,40676.97
1739627100000,97759.6,97860.0,97680.0,97719.1,29512.77
1739628000000,97719.2,97758.0,97572.0,97708.0,44824.44
1739628900000,97708.1,97796.2,97542.0,97568.8,46194.95
1739629800000,97568.8,97603.7,97420.5,97486.0,60451.89
1739630700000,97486.1,97644.8,97486.0,97610.7,30313.1
1739631600000,97610.7,97730.0,97600.0,97706.7,31187.78
1739632500000,97706.7,97706.8,97588.4,97609.1,16435.62
1739633400000,97609.0,97718.0,97555.0,97715.3,21519.25
1739634300000,97715.3,97720.0,97588.0,97639.9,10746.17
1739635200000,97640.0,97725.0,97568.8,97611.1,25313.41
1739636100000,97611.2,97694.2,97561.3,97604.0,18303.33
1739637000000,97603.9,97604.0,97500.1,97500.2,18916.89
1739637900000,97500.2,97581.0,97453.9,97541.3,21378.81
1739638800000,97541.3,97595.4,97490.5,97570.2,22448.68
1739639700000,97570.2,97588.0,97362.0,97415.2,45719.08
1739640600000,97415.3,97415.3,97327.5,97353.9,23189.56
1739641500000,97353.8,97428.8,97321.1,97417.9,20815.56
1739642400000,97417.8,97531.5,97379.5,97464.7,19863.66
1739643300000,97464.7,97490.8,97388.6,97467.4,16840.65
1739644200000,97467.5,97540.0,97455.0,97523.9,9685.68
1739645100000,97523.9,97599.5,97512.0,97551.3,10859.91
1739646000000,97551.3,97676.7,97551.3,97612.0,29629.31
1739646900000,97612.1,97676.9,97571.2,97664.2,10004.24
1739647800000,97664.3,97664.3,97556.7,97578.9,9823.44
1739648700000,97578.9,97640.9,97522.8,97555.4,15096.83
1739649600000,97555.4,97661.6,97538.9,97611.7,23095.87
1739650500000,97611.7,97611.8,97519.4,97581.5,11908.62
1739651400000,97581.5,97581.6,97440.1,97463.0,16054.88
1739652300000,97462.9,97558.5,97426.6,97558.5,13091.45
1739653200000,97558.4,97666.0,97553.9,97662.3,18792.8
1739654100000,97662.4,97696.8,97615.0,97646.0,11411.12
1739655000000,97646.1,97662.1,97574.1,97639.7,11738.15
1739655900000,97639.7,97706.9,97620.7,97704.0,19948.54
1739656800000,97704.0,97766.0,97684.2,97765.9,15633.01
1739657700000,97765.9,97766.0,97468.9,97469.0,13069.98
1739658600000,97469.1,97576.1,97451.5,97459.6,12670.57
1739659500000,97459.5,97584.0,97437.7,97567.9,19377.96
1739660400000,97568.0,97575.5,97437.5,97461.5,36965.97
1739661300000,97461.5,97639.1,97460.6,97609.8,24574.15
1739662200000,97609.8,97659.1,97570.1,97570.1,9177.54
1739663100000,97570.1,97606.6,97538.0,97590.6,27389.91
1739664000000,97590.5,97650.0,97576.8,97647.5,8019.41
1739664900000,97647.5,97731.5,97630.2,97692.1,22417.57
1739665800000,97692.1,97731.8,97661.4,97701.2,16663.66
1739666700000,97701.2,97714.5,97610.3,97613.0,15019.48
1739667600000,97612.9,97668.3,97580.0,97620.0,10943.75
1739668500000,97620.0,97639.1,97560.4,97601.3,12521.45
1739669400000,97601.3,97623.3,97553.1,97622.0,7169.92
1739670300000,97622.0,97688.0,97600.0,97652.0,10746.63
1739671200000,97652.1,97670.8,97556.1,97574.1,21164.04
1739672100000,97574.0,97678.0,97557.9,97655.2,15950.62
1739673000000,97655.2,97663.8,97569.8,97595.1,14828.69
1739673900000,97595.2,97634.7,97480.0,97530.0,41775.41
1739674800000,97529.9,97530.0,97450.0,97528.6,40313.38
1739675700000,97528.6,97529.3,97408.0,97491.7,34046.24
1739676600000,97491.8,97545.0,97430.7,97512.0,36433.89
1739677500000,97512.1,97560.0,97512.1,97555.0,10587.96
1739678400000,97555.0,97600.0,97520.8,97538.7,18229.46
1739679300000,97538.7,97559.7,97480.9,97507.9,16149.81
1739680200000,97507.9,97564.8,97476.9,97524.2,24127.33
1739681100000,97524.3,97558.1,97488.6,97541.5,11612.11
1739682000000,97541.5,97553.7,97490.1,97515.0,12281.05
1739682900000,97515.0,97527.3,97490.0,97527.2,6766.57
1739683800000,97527.3,97677.3,97485.4,97590.8,37050.48
1739684700000,97590.9,97687.6,97589.9,97604.5,25900.26
1739685600000,97604.5,97604.5,97533.9,97569.9,14419.45
1739686500000,97569.9,97619.1,97528.4,97604.8,14805.7
1739687400000,97604.8,97625.0,97520.2,97521.6,17204.81
1739688300000,97521.6,97539.3,97450.1,97485.9,15969.91
1739689200000,97485.8,97485.9,97391.3,97452.7,44249.07
1739690100000,97452.6,97469.0,97351.6,97380.1,31719.75
1739691000000,97380.1,97428.9,97377.0,97379.1,18220.36
1739691900000,97379.0,97390.6,97212.2,97259.1,56434.12
1739692800000,97259.2,97345.5,97208.4,97314.9,27070.05
1739693700000,97314.9,97344.9,97180.1,97275.0,46117.38
1739694600000,97275.0,97319.8,97168.0,97179.9,34026.15
1739695500000,97180.0,97214.1,97133.3,97183.7,39240.03
1739696400000,97183.7,97212.6,97118.4,97130.8,34441.14
1739697300000,97130.9,97199.7,97064.5,97188.8,48325.97
1739698200000,97188.8,97320.0,97171.8,97315.5,34968.18
1739699100000,97315.6,97380.0,97292.0,97371.3,26147.9
1739700000000,97371.4,97420.0,97303.4,97323.3,27200.65
1739700900000,97323.3,97323.3,97254.3,97273.7,24432.22
1739701800000,97273.8,97285.6,97229.7,97283.0,16128.49
1739702700000,97283.0,97317.8,97181.9,97191.0,14908.88
1739703600000,97190.0,97265.9,97163.7,97230.6,24575.89
1739704500000,97230.5,97310.2,97212.1,97296.2,13795.98
1739705400000,97296.3,97346.2,97236.0,97252.5,12987.59
1739706300000,97252.4,97358.0,97252.4,97356.0,17224.07
1739707200000,97356.0,97356.1,97239.1,97239.2,29911.95
1739708100000,97239.2,97270.8,97215.7,97261.1,14796.0
1739709000000,97261.0,97261.1,97150.0,97176.7,28921.31
1739709900000,97176.7,97176.7,97100.1,97137.4,27264.82
1739710800000,97137.4,97137.4,97015.6,97137.1,43135.03
1739711700000,97137.1,97234.1,97104.0,97111.9,30736.07
1739712600000,97112.0,97190.9,96900.9,96912.8,89066.48
1739713500000,96913.6,97015.0,96712.0,96851.3,117078.38
1739714400000,96851.3,96967.6,96687.0,96848.2,107597.45
1739715300000,96848.1,96890.0,96715.5,96844.9,42981.03
1739716200000,96844.9,96923.1,96755.3,96910.0,41462.47
1739717100000,96910.0,97046.4,96891.3,96978.0,50653.81
1739718000000,96978.0,97064.5,96924.7,96924.7,30459.52
1739718900000,96924.8,97107.8,96908.3,97076.7,34560.83
1739719800000,97076.7,97076.7,96950.9,97004.2,15302.25
1739720700000,97004.2,97025.4,96900.0,96900.0,14611.83
1739721600000,96900.0,97064.0,96877.7,97046.3,25509.58
1739722500000,97046.4,97096.0,96973.2,97076.0,16803.86
1739723400000,97076.0,97135.0,97004.0,97033.3,23859.51
1739724300000,97033.3,97065.9,96950.4,97057.3,13296.13
1739725200000,97057.3,97174.5,97027.0,97135.2,14541.25
1739726100000,97135.3,97160.2,97077.0,97095.0,21583.15
1739727000000,97095.0,97095.0,96951.5,97038.2,15165.45
1739727900000,97038.2,97046.9,96918.0,96978.3,17943.46
1739728800000,96978.3,96994.8,96825.2,96912.0,29694.82
1739729700000,96912.0,96931.2,96768.0,96783.5,30554.31
1739730600000,96783.5,96889.0,96575.2,96840.0,88697.82
1739731500000,96840.0,96968.8,96790.3,96873.1,24379.12
1739732400000,96873.1,96930.7,96763.3,96880.6,13871.33
1739733300000,96880.6,96989.3,96820.0,96931.2,22206.13
1739734200000,96931.3,97109.0,96931.2,97076.9,28355.97
1739735100000,97076.8,97120.0,97013.2,97072.5,10390.36
1739736000000,97072.4,97142.1,97005.4,97088.0,13043.11
1739736900000,97088.1,97178.9,97050.0,97054.6,7862.46
1739737800000,97054.3,97054.3,96923.9,96954.4,7483.3
1739738700000,96954.4,96981.8,96872.7,96920.8,8554.18
1739739600000,96920.9,97033.9,96867.7,96880.8,8710.96
1739740500000,96880.0,97004.3,96858.9,96995.1,12039.74
1739741400000,96995.0,97344.0,96973.5,97175.0,57281.35
1739742300000,97175.0,97194.6,97119.1,97192.1,18797.08
1739743200000,97192.2,97209.3,97096.1,97096.2,9779.19
1739744100000,97096.1,97096.2,96678.9,96905.9,35358.29
1739745000000,96906.0,96913.6,96567.0,96810.1,51574.07
1739745900000,96810.1,96962.5,96750.8,96881.2,21824.53
1739746800000,96881.2,96896.0,96315.7,96350.7,172763.66
1739747700000,96350.7,96479.9,96163.8,96220.2,93688.91
1739748600000,96220.2,96250.0,96050.0,96182.4,93883.3
1739749500000,96182.4,96226.5,96074.7,96113.5,40132.56
1739750400000,96113.5,96300.0,96032.3,96202.4,56358.69
1739751300000,96202.5,96440.5,96158.0,96420.0,51341.86
1739752200000,96419.9,96439.0,96320.8,96360.0,35652.44
1739753100000,96360.0,96399.0,96188.0,96314.3,36497.01
1739754000000,96314.2,96450.0,96200.0,96419.5,67937.98
1739754900000,96419.4,96419.5,96072.2,96237.2,86596.72
1739755800000,96237.2,96400.0,96217.1,96292.1,31312.28
1739756700000,96292.1,96544.4,96276.8,96503.5,44520.24
1739757600000,96503.5,96639.0,96383.6,96407.7,40437.35
1739758500000,96407.7,96465.5,96313.3,96461.8,29612.36
1739759400000,96461.8,96478.7,96287.9,96287.9,47050.87
1739760300000,96288.0,96300.0,96158.0,96220.0,32801.43
1739761200000,96220.1,96229.9,96124.0,96150.0,35481.08
1739762100000,96150.1,96200.0,96060.0,96192.0,44762.26
1739763000000,96192.0,96229.9,96160.0,96172.6,16149.31
1739763900000,96172.5,96288.0,96169.9,96211.1,36475.25
1739764800000,96211.1,96218.0,96063.9,96079.4,44801.72
1739765700000,96079.3,96220.0,96000.2,96220.0,50273.99
1739766600000,96220.0,96263.4,96059.0,96059.0,32158.8
1739767500000,96059.1,96149.2,96010.9,96013.5,36119.38
1739768400000,96013.5,96320.0,95773.5,96225.0,164647.49
1739769300000,96224.9,96299.7,95906.5,96033.1,63133.37
1739770200000,96033.1,96194.9,96010.4,96170.1,27519.98
1739771100000,96170.1,96280.0,96143.6,96238.0,26169.7
1739772000000,96238.0,96430.0,96192.6,96370.6,70189.83
1739772900000,96370.6,96410.0,96300.7,96373.4,27373.15
1739773800000,96373.4,96461.8,96294.6,96358.0,41163.92
1739774700000,96358.0,96391.9,96264.0,96387.9,18688.04
1739775600000,96388.0,96469.0,96277.7,96293.8,25439.28
1739776500000,96293.9,96313.8,96110.7,96165.8,45493.79
1739777400000,96165.7,96179.9,95942.0,95980.1,59150.14
1739778300000,95980.1,96124.9,95901.0,96075.0,58521.26
1739779200000,96075.0,96225.6,95950.0,96195.4,46106.83
1739780100000,96195.4,96195.5,96036.9,96057.2,27549.51
1739781000000,96057.1,96135.5,95965.2,96037.0,55801.54
1739781900000,96037.1,96320.0,96037.1,96153.3,60241.17
1739782800000,96153.3,96297.1,96086.7,96237.2,40048.56
1739783700000,96237.9,96277.5,96167.9,96249.2,26021.52
1739784600000,96249.2,96324.9,96181.8,96316.4,29089.3
1739785500000,96316.4,96320.0,96143.0,96168.1,30079.08
1739786400000,96168.1,96400.0,96150.0,96399.9,57097.3
1739787300000,96400.0,96400.0,96233.7,96271.8,71057.49
1739788200000,96271.9,96271.9,96073.1,96083.0,56927.74
1739789100000,96083.0,96151.7,96039.0,96095.8,41911.85
1739790000000,96095.9,96300.0,96050.3,96246.2,43684.44
1739790900000,96246.2,96267.4,96157.5,96159.1,24369.59
1739791800000,96159.0,96191.1,95981.8,96049.8,52647.92
1739792700000,96049.9,96100.0,96018.9,96074.7,32114.43
1739793600000,96075.7,96278.0,96064.1,96244.0,53978.67
1739794500000,96243.9,96365.0,96199.6,96286.4,41926.13
1739795400000,96286.4,96383.3,96196.7,96313.1,37487.21
1739796300000,96313.2,96535.6,96313.1,96451.1,83260.69
1739797200000,96451.1,96490.0,96308.0,96355.5,37438.12
1739798100000,96355.5,96477.5,96291.1,96335.5,29569.52
1739799000000,96335.5,96355.9,96235.9,96350.1,29225.58
1739799900000,96350.1,96408.4,96319.2,96400.4,17171.57
1739800800000,96400.4,96980.9,96388.5,96930.8,156998.88
1739801700000,96930.9,97051.9,96558.0,96600.0,126615.19
1739802600000,96600.1,96800.0,96600.0,96650.0,64062.59
1739803500000,96650.1,96812.0,96607.8,96808.7,35001.48
1739804400000,96808.6,96900.0,96602.9,96618.4,54548.58
1739805300000,96618.4,96672.1,96460.4,96521.7,58567.56
1739806200000,96521.8,96521.8,96089.3,96125.0,180314.48
1739807100000,96125.0,96165.3,95550.7,95666.2,290691.2
1739808000000,95666.2,95945.9,95510.0,95613.4,165811.33
1739808900000,95613.4,95767.8,95483.1,95515.9,98011.65
1739809800000,95515.9,95699.5,95351.1,95530.1,128473.17
1739810700000,95530.0,95545.0,95272.4,95336.4,107541.42
1739811600000,95336.4,95626.0,95314.8,95626.0,62924.95
1739812500000,95625.9,95737.3,95379.9,95380.0,90337.1
1739813400000,95380.0,95596.0,95280.0,95516.6,41994.5
1739814300000,95516.6,95699.8,95461.9,95474.1,36648.69
1739815200000,95474.1,95660.0,95350.0,95640.0,58516.42
1739816100000,95640.1,95766.4,95471.7,95493.6,60188.55
1739817000000,95493.7,95493.7,95300.0,95314.1,57790.09
1739817900000,95314.0,95419.9,95212.1,95329.9,63200.12
1739818800000,95329.8,95476.0,95154.7,95312.8,68045.84
1739819700000,95312.9,95459.4,95216.5,95421.1,36577.42
1739820600000,95421.0,95540.0,95357.3,95446.2,24763.63
1739821500000,95446.2,95594.6,95409.9,95530.4,24750.69
1739822400000,95530.4,95748.8,95486.4,95660.0,25102.28
1739823300000,95660.1,95855.5,95607.5,95794.6,29310.46
1739824200000,95794.5,96035.8,95709.9,96026.2,53079.86
1739825100000,96026.2,96280.0,95969.1,95969.1,83683.99
1739826000000,95969.2,96120.0,95960.1,96071.7,35125.17
1739826900000,96071.6,96127.4,95920.0,96127.4,24136.05
1739827800000,96127.4,96232.8,96066.0,96141.3,36269.28
1739828700000,96141.4,96418.8,96090.0,96410.1,57685.1
1739829600000,96410.2,96418.9,96122.6,96122.6,36199.1
1739830500000,96122.7,96208.0,96096.0,96131.9,15434.26
1739831400000,96132.0,96163.9,96007.3,96043.1,15875.43
1739832300000,96043.1,96110.6,95826.9,95880.0,35855.75
1739833200000,95880.0,96025.9,95868.0,95884.4,27785.36
1739834100000,95882.6,95914.7,95766.8,95775.0,25654.93
1739835000000,95775.0,95884.2,95757.6,95764.1,22546.56
1739835900000,95764.1,95827.8,95706.3,95784.0,20630.24
1739836800000,95784.1,96066.5,95784.0,95894.4,61749.59
1739837700000,95894.4,95910.5,95559.3,95598.0,62899.8
1739838600000,95597.9,95755.0,95570.0,95635.1,33546.82
1739839500000,95635.1,95738.0,95559.9,95648.4,22379.92
1739840400000,95648.4,96073.6,95615.8,95974.4,57562.21
1739841300000,95974.4,96146.7,95947.8,96005.8,60662.24
1739842200000,96005.8,96118.3,96000.1,96101.3,29429.56
1739843100000,96101.3,96300.0,96053.7,96265.8,50909.51
1739844000000,96265.9,96326.0,96144.6,96182.9,43252.79
1739844900000,96182.8,96204.8,96074.5,96204.7,31937.57
1739845800000,96204.8,96258.0,96056.0,96098.0,31320.41
1739846700000,96098.1,96139.6,96004.6,96060.8,18809.15
1739847600000,96061.0,96193.0,95991.0,96158.0,34119.52
1739848500000,96158.1,96243.8,96100.0,96203.2,21837.38
1739849400000,96203.2,96286.5,96191.5,96255.2,28723.05
1739850300000,96255.3,96275.0,96140.0,96184.2,20259.65
1739851200000,96184.2,96301.0,96163.3,96252.4,32855.62
1739852100000,96252.3,96252.4,96079.3,96103.8,31850.44
1739853000000,96103.8,96241.8,96072.8,96223.2,28290.48
1739853900000,96223.1,96226.9,95962.0,96070.0,29785.24
1739854800000,96070.0,96112.8,95941.1,95941.4,31899.14
1739855700000,95941.4,95941.4,95750.0,95873.2,69460.53
1739856600000,95873.3,95924.9,95737.1,95750.0,47464.46
1739857500000,95750.0,95750.1,95550.5,95611.7,91055.83
1739858400000,95611.7,95650.0,95289.1,95300.3,134552.08
1739859300000,95300.3,95472.5,95300.2,95434.0,51336.79
1739860200000,95434.0,95581.2,95253.0,95495.2,129903.58
1739861100000,95495.3,95600.0,95306.0,95385.6,69122.66
1739862000000,95385.6,95554.7,95317.6,95419.2,52800.43
1739862900000,95419.2,95604.8,95400.0,95578.3,46118.51
1739863800000,95578.3,95732.1,95480.9,95491.0,40114.88
1739864700000,95491.0,95566.1,95433.3,95463.9,22567.61
1739865600000,95463.9,95494.3,95272.2,95330.1,60569.97
1739866500000,95330.1,95534.1,95280.6,95475.9,32587.19
1739867400000,95476.0,95602.5,95309.8,95373.6,69371.15
1739868300000,95373.7,95409.3,95021.9,95249.1,131683.12
1739869200000,95249.1,95449.0,95158.8,95436.0,50553.56
1739870100000,95436.0,95766.0,95434.9,95635.2,99930.54
1739871000000,95635.2,95700.0,95583.7,95612.1,26646.64
1739871900000,95612.1,95799.0,95594.1,95792.5,33053.7
1739872800000,95792.5,95888.0,95628.8,95644.3,82167.17
1739873700000,95644.3,95769.7,95642.0,95725.0,32768.09
1739874600000,95725.1,95880.6,95678.7,95875.9,34711.13
1739875500000,95876.0,95886.0,95698.4,95750.0,28981.95
1739876400000,95750.0,95750.1,95639.8,95647.0,53344.57
1739877300000,95647.0,95747.8,95562.4,95741.0,28980.35
1739878200000,95741.0,95788.0,95624.0,95631.7,19407.31
1739879100000,95631.8,95692.1,95562.2,95638.6,18477.64
1739880000000,95638.6,95818.0,95593.7,95809.2,45045.25
1739880900000,95809.1,95977.9,95800.2,95941.8,55036.13
1739881800000,95941.7,96298.9,95913.9,96157.9,141291.03
1739882700000,96157.9,96245.0,96081.4,96191.8,44440.02
1739883600000,96191.8,96366.0,96176.0,96366.0,85287.19
1739884500000,96365.9,96500.0,96200.2,96242.8,95562.13
1739885400000,96242.9,96333.3,96177.2,96287.9,55173.29
1739886300000,96287.9,96330.0,96100.0,96228.9,43566.87
1739887200000,96228.9,96355.0,96120.0,96291.3,47352.89
1739888100000,96291.3,96767.4,96261.3,96506.9,154441.45
1739889000000,96506.9,96630.0,95731.4,95937.5,259363.98
1739889900000,95937.6,96009.9,95377.1,95539.3,235408.9
1739890800000,95539.2,95734.5,95355.5,95572.1,117983.68
1739891700000,95572.1,95650.0,95357.5,95400.1,85957.89
1739892600000,95400.1,95720.0,95367.5,95530.1,71363.89
1739893500000,95530.0,95662.1,95200.0,95549.9,133624.12
1739894400000,95549.9,95626.0,95383.1,95400.7,51785.77
1739895300000,95400.7,95648.0,95254.3,95265.6,111492.75
1739896200000,95265.6,95271.9,94650.0,94664.6,385413.33
1739897100000,94664.7,94948.1,94610.1,94648.6,142090.76
1739898000000,94648.6,94880.0,94633.5,94768.1,96818.87
1739898900000,94768.1,94768.1,94431.6,94526.5,144577.92
1739899800000,94526.6,94546.5,94172.5,94260.9,201397.84
1739900700000,94261.0,94352.7,94111.2,94121.0,120254.94
1739901600000,94121.1,94377.1,93757.3,94047.7,338944.8
1739902500000,94047.7,94184.1,93862.0,94050.5,87882.6
1739903400000,94050.5,94050.5,93679.6,93731.0,125090.13
1739904300000,93731.0,94038.0,93600.0,93926.0,146702.24
1739905200000,93925.9,93925.9,93365.4,93509.4,221874.33
1739906100000,93509.4,93871.6,93411.0,93663.8,92092.16
1739907000000,93663.8,94015.2,93586.6,94005.2,116329.49
1739907900000,94005.2,94399.0,93936.7,94104.1,105206.02
1739908800000,94104.2,94463.0,93938.6,94444.0,67465.14
1739909700000,94443.9,94455.3,94087.8,94218.3,47547.14
1739910600000,94218.4,94311.4,93732.3,93856.3,89512.74
1739911500000,93856.3,94344.1,93856.3,94199.7,68054.8
1739912400000,94199.8,95180.0,94120.1,95155.3,317951.03
1739913300000,95155.2,95344.7,94910.2,95169.7,108490.47
1739914200000,95169.7,95240.0,94810.6,94920.0,59709.97
1739915100000,94920.1,95097.4,94709.4,95072.1,48490.89
1739916000000,95072.2,95107.7,94873.2,95034.5,30546.07
1739916900000,95034.4,95443.2,95002.5,95421.5,54531.12
1739917800000,95422.8,95544.0,95212.2,95269.7,98266.89
1739918700000,95269.6,95350.0,95179.6,95300.4,24221.71
1739919600000,95300.1,95539.8,95253.1,95433.9,56054.01
1739920500000,95434.0,95611.6,95424.0,95577.9,47094.57
1739921400000,95577.8,95582.0,95373.7,95390.5,34186.18
1739922300000,95390.5,95674.4,95354.0,95662.3,35790.08
1739923200000,95662.3,95830.0,95547.1,95571.7,114048.73
1739924100000,95571.7,95690.0,95406.2,95473.1,70524.65
1739925000000,95473.0,95633.1,95410.0,95514.4,48089.6
1739925900000,95514.4,95600.0,95280.9,95340.0,44116.85
1739926800000,95340.0,95381.2,95227.5,95227.6,41706.21
1739927700000,95227.5,95229.1,95058.0,95212.4,62273.6
1739928600000,95212.3,95337.9,95155.0,95337.8,38377.21
1739929500000,95337.9,95488.8,95314.7,95479.9,28264.9
1739930400000,95479.9,95733.3,95451.8,95611.4,55309.68
1739931300000,95612.0,95678.0,95461.8,95551.6,49993.88
1739932200000,95551.7,95726.0,95520.3,95722.2,33186.7
1739933100000,95722.1,95979.7,95714.0,95834.9,84773.85
1739934000000,95834.9,95847.0,95656.0,95676.0,42942.97
1739934900000,95675.9,95768.8,95578.1,95712.0,27945.1
1739935800000,95712.0,95729.0,95603.2,95721.3,24908.07
1739936700000,95721.4,95817.8,95676.0,95716.6,23226.13
1739937600000,95716.7,95780.6,95603.4,95639.9,31205.56
1739938500000,95639.9,95680.0,95505.6,95539.9,30266.7
1739939400000,95540.0,95620.0,95371.5,95380.0,49420.24
1739940300000,95380.0,95462.1,95226.8,95226.8,41358.95
1739941200000,95226.8,95299.9,95140.4,95280.0,64540.64
1739942100000,95280.1,95280.1,95050.0,95128.7,70501.05
1739943000000,95128.5,95354.9,95124.7,95328.1,55112.04
1739943900000,95328.0,95363.5,95255.0,95300.1,24240.56
1739944800000,95300.1,95388.0,95255.1,95377.9,29401.32
1739945700000,95377.8,95410.0,95308.5,95400.0,15609.96
1739946600000,95400.1,95408.0,95330.8,95373.3,29237.14
1739947500000,95373.6,95697.6,95373.6,95634.2,93605.1
1739948400000,95634.2,95780.0,95613.9,95741.0,66487.6
1739949300000,95740.9,95741.0,95577.3,95646.6,52524.25
1739950200000,95646.7,95724.4,95646.6,95724.4,30329.01
1739951100000,95724.4,95850.0,95690.0,95690.0,48760.68
1739952000000,95690.0,95816.0,95663.0,95729.0,36320.33
1739952900000,95728.9,95865.6,95728.9,95816.5,20675.69
1739953800000,95816.5,95866.0,95700.0,95760.7,30447.37
1739954700000,95760.7,95762.0,95631.6,95643.4,34180.62
1739955600000,95643.5,95809.0,95630.1,95763.5,35043.66
1739956500000,95763.4,95820.0,95680.0,95792.9,36450.9
1739957400000,95793.0,95888.0,95750.2,95887.9,30234.66
1739958300000,95888.0,96044.1,95875.4,95948.3,98377.11
1739959200000,95948.3,96477.3,95948.3,96366.3,256747.32
1739960100000,96366.3,96409.7,96251.7,96316.3,75911.02
1739961000000,96316.4,96368.0,96156.8,96267.8,78323.78
1739961900000,96267.8,96359.9,96238.8,96347.9,44399.81
1739962800000,96347.9,96400.0,96240.1,96382.5,51143.83
1739963700000,96382.5,96405.1,96214.0,96266.0,49662.04
1739964600000,96265.9,96337.6,96235.6,96281.6,38610.13
1739965500000,96281.6,96447.9,96268.4,96439.2,42650.75
1739966400000,96439.2,96517.4,96402.9,96402.9,73593.62
1739967300000,96402.9,96468.0,96333.3,96450.0,39500.54
1739968200000,96450.0,96450.0,96300.0,96304.1,24574.76
1739969100000,96304.1,96309.2,96169.7,96176.8,73125.38
1739970000000,96176.9,96312.0,96176.8,96201.4,53812.01
1739970900000,96201.4,96330.4,96201.4,96259.9,57654.92
1739971800000,96259.9,96520.0,96230.0,96394.0,61763.07
1739972700000,96394.0,96428.0,96268.0,96306.1,25690.86
1739973600000,96306.1,96341.0,96079.2,96191.9,58612.98
1739974500000,96191.9,96416.0,96040.0,96398.6,95998.79
1739975400000,96399.9,96724.0,95859.7,96004.0,373497.79
1739976300000,96004.1,96218.4,95648.3,95767.9,191503.89
1739977200000,95767.9,95941.5,95533.3,95776.9,200112.08
1739978100000,95777.0,96184.6,95682.2,95982.1,142723.67
1739979000000,95982.0,96422.0,95970.9,96266.0,167187.81
1739979900000,96266.0,96280.0,95907.1,95937.3,60506.16
1739980800000,95937.2,96225.1,95937.2,96218.2,66312.14
1739981700000,96218.2,96398.0,96200.0,96332.2,86886.22
1739982600000,96332.3,96368.8,96024.6,96207.7,53980.29
1739983500000,96207.7,96319.1,96051.6,96319.0,46783.99
1739984400000,96319.1,96476.9,96205.8,96234.8,85641.26
1739985300000,96234.8,96422.5,96200.0,96216.2,50689.03
1739986200000,96216.1,96476.9,96124.6,96446.5,82306.32
1739987100000,96446.6,96511.0,96343.6,96391.4,51403.73
1739988000000,96391.5,96424.5,95854.0,95913.0,88384.0
1739988900000,95912.9,96153.0,95856.3,96022.0,82110.19
1739989800000,96020.3,96072.0,95830.0,95894.5,73679.24
1739990700000,95894.4,95952.2,95627.3,95665.4,72178.25
1739991600000,95665.5,96046.3,95408.9,96012.6,153187.86
1739992500000,96012.5,96202.5,95798.4,95943.0,121164.53
1739993400000,95943.1,96188.0,95872.0,96036.2,55401.41
1739994300000,96036.3,96215.2,95950.6,96197.5,40970.84
1739995200000,96193.9,96455.0,96085.8,96396.6,81302.53
1739996100000,96396.7,96481.9,96224.6,96278.0,74761.78
1739997000000,96278.0,96479.8,96215.1,96330.5,58443.58
1739997900000,96330.5,96405.3,96112.5,96161.1,42809.53
1739998800000,96161.1,96269.2,96050.0,96232.2,33554.74
1739999700000,96232.1,96450.0,96232.1,96410.0,33286.25
1740000600000,96409.9,96468.2,96328.8,96412.1,24486.88
1740001500000,96412.1,96428.4,96200.0,96308.9,24140.81
1740002400000,96308.9,96469.9,96308.8,96436.2,32364.82
1740003300000,96436.3,96617.5,96338.4,96488.7,44814.93
1740004200000,96488.8,96494.1,96349.2,96479.9,17194.05
1740005100000,96480.0,96564.6,96479.9,96545.9,15906.68
1740006000000,96546.0,96896.2,96524.8,96606.1,129714.95
1740006900000,96606.1,96838.8,96606.1,96664.1,40004.32
1740007800000,96664.0,96725.0,96589.1,96674.4,22008.56
1740008700000,96674.5,96674.5,96553.8,96641.3,19119.06
1740009600000,96641.4,96696.7,96510.0,96543.6,24372.9
1740010500000,96544.1,96587.0,96413.8,96512.9,23019.34
1740011400000,96512.9,96556.4,96430.0,96556.4,16973.83
1740012300000,96556.6,96859.4,96543.6,96855.1,39115.31
1740013200000,96855.1,97000.0,96706.4,96719.3,80313.66
1740014100000,96719.2,96864.9,96690.9,96703.8,32374.55
1740015000000,96703.9,96750.0,96650.0,96699.9,27620.86
1740015900000,96699.9,96776.0,96636.0,96776.0,26031.16
1740016800000,96775.9,96960.1,96763.0,96940.0,44190.1
1740017700000,96939.9,96940.0,96833.7,96867.8,27761.56
1740018600000,96867.9,96936.6,96741.1,96876.6,33937.32
1740019500000,96876.5,97288.0,96876.5,97145.9,159413.97
1740020400000,97145.9,97432.0,97145.8,97165.2,163843.72
1740021300000,97165.2,97165.3,96993.1,96999.0,71001.58
1740022200000,96999.1,97130.1,96999.0,97081.8,28673.98
1740023100000,97081.9,97132.7,97033.1,97064.6,41124.94
1740024000000,97064.6,97148.4,97054.9,97139.0,32992.82
1740024900000,97139.0,97286.6,97078.4,97264.1,47195.72
1740025800000,97264.1,97380.8,97211.8,97242.3,60401.49
1740026700000,97242.3,97267.6,97168.0,97226.8,53845.64
1740027600000,97226.9,97231.8,97108.2,97126.3,70439.58
1740028500000,97126.2,97225.6,97021.1,97041.1,27116.76
1740029400000,97041.2,97143.9,97024.6,97127.4,33175.22
1740030300000,97127.4,97127.4,96888.0,96920.6,85640.33
1740031200000,96920.6,96939.2,96759.0,96820.8,80649.07
1740032100000,96820.7,96974.9,96811.6,96962.0,32122.64
1740033000000,96962.0,96989.9,96880.0,96942.0,48562.71
1740033900000,96942.0,96953.4,96859.1,96916.6,16856.64
1740034800000,96916.6,96937.5,96813.9,96843.3,20601.46
1740035700000,96843.2,96984.4,96843.2,96978.1,19362.46
1740036600000,96978.2,97111.9,96970.0,97021.2,43599.09
1740037500000,97021.1,97034.9,96870.5,96870.5,20530.04
1740038400000,96870.6,96899.3,96803.0,96875.1,36643.5
1740039300000,96875.0,97008.5,96850.1,96985.1,28422.65
1740040200000,96985.1,97029.1,96941.0,97028.2,17294.12
1740041100000,97028.2,97195.0,97002.2,97138.3,76176.92
1740042000000,97138.4,97255.5,97138.4,97211.5,35762.62
1740042900000,97211.4,97245.5,97163.3,97193.1,29621.66
1740043800000,97193.1,97284.9,97146.0,97263.6,38179.7
1740044700000,97263.7,97278.0,97174.9,97183.8,33146.26
1740045600000,97183.9,97199.1,97092.8,97114.8,37483.94
1740046500000,97114.9,97234.7,97114.8,97216.7,24460.25
1740047400000,97216.8,97299.9,97216.7,97283.6,29581.4
1740048300000,97283.6,97359.9,97233.4,97359.8,32200.89
1740049200000,97359.8,97371.0,97280.1,97289.9,42170.76
1740050100000,97290.0,97311.8,97250.2,97275.2,22160.06
1740051000000,97275.2,97280.7,97146.0,97186.5,24218.31
1740051900000,97186.6,97243.3,97154.0,97199.9,26189.51
1740052800000,97199.9,97472.4,97199.9,97440.3,93034.53
1740053700000,97440.3,97499.9,97366.9,97409.8,58045.05
1740054600000,97409.8,97543.0,97396.1,97489.1,59383.31
1740055500000,97489.1,97525.0,97364.0,97425.0,53107.23
1740056400000,97425.0,97500.0,97392.3,97392.3,67094.15
1740057300000,97392.3,97426.7,97318.9,97399.9,36651.93
1740058200000,97399.9,97530.0,97253.4,97321.6,51578.53
1740059100000,97321.7,97564.8,97312.0,97546.9,40136.65
1740060000000,97547.0,97760.2,97533.3,97744.4,117109.31
1740060900000,97744.5,97989.0,97692.2,97791.0,226409.01
1740061800000,97791.0,98040.2,97731.6,97731.7,244364.81
1740062700000,97731.7,97731.7,96874.7,96962.5,485260.76
1740063600000,96962.5,97248.0,96768.1,97063.9,299016.46
1740064500000,97063.9,97257.4,96980.0,97100.0,96089.41
1740065400000,97100.0,97333.6,97050.0,97217.9,64147.78
1740066300000,97217.9,97243.0,96850.0,96912.5,103115.83
1740067200000,96912.5,97688.0,96874.0,97422.0,186041.57
1740068100000,97422.1,97731.6,97368.3,97703.0,100186.22
1740069000000,97703.0,97980.7,97542.1,97949.9,161777.36
1740069900000,97950.0,97977.8,97518.0,97553.6,127324.71
1740070800000,97553.6,97777.0,97545.0,97767.5,69252.29
1740071700000,97767.5,97984.7,97760.1,97889.1,120455.39
1740072600000,97889.8,97986.1,97782.1,97938.2,148024.41
1740073500000,97938.2,98013.4,97861.4,97958.7,65848.12
1740074400000,97958.7,98329.6,97940.0,98222.3,181978.17
1740075300000,98222.2,98427.9,98084.8,98280.0,146788.11
1740076200000,98280.0,98433.0,98134.2,98277.0,80033.75
1740077100000,98277.0,98356.0,98134.2,98288.1,40631.36
1740078000000,98288.0,98420.0,98274.0,98410.5,46281.88
1740078900000,98410.6,98530.0,98290.7,98466.2,78292.62
1740079800000,98466.2,98466.3,98235.8,98371.0,41402.17
1740080700000,98371.3,98456.1,98311.1,98412.4,35961.11
1740081600000,98412.4,98479.3,98292.1,98420.5,32334.8
1740082500000,98420.5,98724.9,98366.1,98577.5,102514.68
1740083400000,98577.5,98659.8,98401.0,98598.1,49182.42
1740084300000,98598.0,98640.8,98323.6,98456.0,49436.01
1740085200000,98456.7,98499.9,98267.1,98304.2,42888.46
1740086100000,98304.3,98317.0,98168.0,98178.0,29911.19
1740087000000,98178.0,98267.6,98108.0,98108.0,28106.11
1740087900000,98108.1,98156.6,98011.0,98089.8,27020.75
1740088800000,98089.7,98322.0,98069.0,98149.9,25357.72
1740089700000,98149.9,98194.0,98058.4,98174.0,30079.67
1740090600000,98174.0,98380.0,98174.0,98307.0,24926.9
1740091500000,98306.9,98307.0,98100.0,98118.9,17493.83
1740092400000,98118.8,98408.5,98100.0,98263.3,43938.81
1740093300000,98263.2,98486.7,98233.4,98304.2,44340.68
1740094200000,98304.2,98519.9,98304.2,98399.9,32580.31
1740095100000,98399.9,98430.0,98288.0,98299.5,19730.39
1740096000000,98299.5,98500.0,98299.4,98469.9,32356.47
1740096900000,98470.0,98470.0,98284.2,98328.1,20746.36
1740097800000,98328.0,98409.4,98134.4,98134.4,33362.65
1740098700000,98134.5,98258.8,98062.0,98230.4,33080.82
1740099600000,98230.5,98284.2,98134.4,98159.9,21932.99
1740100500000,98159.9,98227.9,98110.4,98169.8,27662.88
1740101400000,98169.9,98257.7,98106.5,98200.5,27795.7
1740102300000,98200.5,98350.0,98184.8,98303.8,28475.21
1740103200000,98303.8,98387.8,98229.7,98357.1,35013.15
1740104100000,98357.0,98372.0,98251.6,98272.1,28305.24
1740105000000,98272.0,98303.9,98170.0,98181.5,27522.48
1740105900000,98181.5,98236.0,98106.8,98117.6,31311.67
1740106800000,98117.6,98205.4,98093.8,98160.5,30006.02
1740107700000,98160.5,98309.7,98133.5,98270.2,34751.49
1740108600000,98270.2,98283.0,98105.2,98158.0,23719.86
1740109500000,98157.9,98199.2,98101.3,98159.5,29125.4
1740110400000,98159.5,98263.2,98154.6,98245.1,27955.19
1740111300000,98245.1,98285.0,98133.2,98182.8,24000.14
1740112200000,98182.8,98285.2,98130.0,98270.0,24781.6
1740113100000,98270.0,98278.3,98179.6,98211.5,25018.08
1740114000000,98211.6,98270.0,98159.6,98269.9,19906.43
1740114900000,98269.9,98300.9,98226.0,98265.8,27091.28
1740115800000,98265.8,98379.8,98254.1,98367.3,40100.01
1740116700000,98367.3,98399.5,98288.0,98347.2,28009.37
1740117600000,98347.2,98437.9,98300.0,98361.0,43492.36
1740118500000,98361.1,98421.8,98361.0,98382.3,19450.19
1740119400000,98382.3,98416.3,98359.5,98375.2,15382.49
1740120300000,98375.2,98409.6,98350.1,98404.7,9430.3
1740121200000,98404.6,98498.0,98377.2,98445.9,30580.69
1740122100000,98445.9,98618.4,98422.1,98430.0,54134.43
1740123000000,98430.0,98430.1,98236.0,98273.2,50045.38
1740123900000,98273.2,98294.0,98161.7,98180.0,30482.39
1740124800000,98180.0,98266.8,98169.4,98252.5,31773.67
1740125700000,98252.4,98252.4,98145.7,98183.2,25651.71
1740126600000,98183.3,98242.5,98112.1,98200.1,38877.45
1740127500000,98200.1,98243.3,98161.1,98208.9,28542.09
1740128400000,98208.9,98367.0,98208.8,98346.3,33950.07
1740129300000,98346.3,98980.3,98346.2,98376.7,326481.23
1740130200000,98376.8,98488.0,98101.9,98220.4,189771.03
1740131100000,98220.5,98385.3,98200.1,98344.6,59391.73
1740132000000,98344.5,98450.9,98245.0,98438.5,70063.89
1740132900000,98438.5,98528.5,98390.6,98420.5,67980.45
1740133800000,98420.4,98563.5,98410.0,98521.5,47546.58
1740134700000,98521.4,98666.0,98502.7,98606.3,52525.35
1740135600000,98606.4,98662.2,98470.6,98558.7,63293.71
1740136500000,98558.6,98783.5,98489.8,98764.1,56013.88
1740137400000,98764.1,98818.6,98640.4,98698.0,33686.56
1740138300000,98698.0,98714.0,98606.1,98615.9,23016.81
1740139200000,98616.0,98646.2,98509.7,98622.4,54462.86
1740140100000,98622.4,98898.0,98622.4,98865.4,88022.5
1740141000000,98865.4,98899.0,98736.7,98781.9,53354.98
1740141900000,98782.0,98966.0,98781.9,98912.4,70412.0
1740142800000,98912.5,99420.9,98805.0,99314.6,388924.26
1740143700000,99314.5,99353.8,99070.0,99224.5,112903.32
1740144600000,99224.4,99456.0,99224.4,99334.2,111492.24
1740145500000,99334.1,99488.0,99278.9,99331.0,99122.37
1740146400000,99331.1,99380.0,99080.0,99129.9,89944.55
1740147300000,99129.9,99210.5,98950.0,99050.1,85439.37
1740148200000,99050.0,99050.0,98345.1,98665.9,454019.89
1740149100000,98665.8,99039.5,98553.0,98798.9,240562.58
1740150000000,98798.9,99308.4,98610.0,99200.0,213494.58
1740150900000,99200.0,99345.9,97643.8,98226.1,712133.58
1740151800000,98226.0,98249.3,97180.9,97611.8,570603.41
1740152700000,97609.1,98320.8,97421.1,98129.5,531968.34
1740153600000,98129.6,98600.0,97739.7,98600.0,321721.63
1740154500000,98599.9,98776.0,98277.8,98325.8,247463.81
1740155400000,98325.8,98684.2,98212.1,98380.0,140248.95
1740156300000,98380.1,98380.1,98133.9,98238.8,93478.83
1740157200000,98238.8,98450.0,97958.4,97985.3,119664.8
1740158100000,97985.4,98200.0,97821.4,97920.0,111592.56
1740159000000,97920.0,97920.1,97116.6,97149.9,326335.39
1740159900000,97150.0,97200.0,96833.1,96972.7,302406.79
1740160800000,96972.7,97194.4,96675.0,96732.2,250815.11
1740161700000,96732.2,97230.0,96726.2,97085.2,181585.19
1740162600000,97085.2,97144.8,96780.0,96843.0,122195.36
1740163500000,96843.0,96850.0,96500.0,96534.1,216828.1
1740164400000,96534.0,96826.6,96300.4,96566.5,225698.16
1740165300000,96566.5,96566.5,95827.6,95891.4,303191.46
1740166200000,95892.1,96268.0,95377.0,95432.1,311642.87
1740167100000,95432.0,95750.0,95187.5,95242.1,367591.87
1740168000000,95242.1,95625.7,95175.2,95240.1,223006.06
1740168900000,95240.0,95397.9,95096.5,95221.4,145632.52
1740169800000,95221.4,95558.0,95150.0,95328.0,141072.11
1740170700000,95327.9,95328.0,94840.6,95028.1,230565.56
1740171600000,95029.5,95364.5,94975.4,95329.6,138011.53
1740172500000,95329.7,95345.7,95047.4,95055.3,82295.2
1740173400000,95055.3,95272.5,94949.5,95146.6,74664.21
1740174300000,95146.5,95450.0,95136.6,95354.1,88626.53
1740175200000,95354.0,95569.7,95200.3,95501.7,123128.32
1740176100000,95501.8,95873.1,95414.4,95733.6,101366.11
1740177000000,95733.7,95866.0,95461.9,95717.8,75154.72
1740177900000,95717.8,95894.5,95626.6,95787.6,59422.67
1740178800000,95787.5,95873.1,95612.7,95769.6,35553.02
1740179700000,95769.6,96036.6,95749.7,96009.9,56922.8
1740180600000,96009.9,96114.0,95953.0,96114.0,46596.03
1740181500000,96114.0,96158.5,96086.2,96138.4,36289.1
1740182400000,96138.4,96144.9,95849.3,95957.9,69249.96
1740183300000,95957.9,96024.4,95743.3,95774.0,51670.53
1740184200000,95774.1,96145.2,95745.0,96121.9,38958.89
1740185100000,96121.9,96178.2,96057.3,96156.7,26532.93
1740186000000,96156.8,96268.0,96090.0,96246.0,36980.23
1740186900000,96246.0,96343.2,96164.2,96333.5,30844.1
1740187800000,96333.5,96425.0,96280.8,96373.9,57853.52
1740188700000,96373.9,96374.0,96150.0,96210.5,36555.1
1740189600000,96210.5,96255.0,96151.8,96196.8,27147.01
1740190500000,96196.7,96243.2,96074.1,96074.6,32670.47
1740191400000,96074.5,96429.2,96073.6,96395.2,85663.23
1740192300000,96395.2,96395.3,96230.3,96324.9,31359.95
1740193200000,96324.9,96324.9,96186.4,96197.1,22949.07
1740194100000,96197.1,96332.2,96197.1,96280.7,15275.76
1740195000000,96280.5,96289.5,96150.0,96163.8,22916.75
1740195900000,96163.9,96271.9,96127.0,96271.9,20553.1
1740196800000,96271.8,96427.3,96244.5,96427.2,25611.8
1740197700000,96427.2,96427.3,96306.5,96351.0,14768.88
1740198600000,96351.0,96448.0,96322.0,96426.0,23174.75
1740199500000,96425.9,96462.7,96340.0,96378.8,23349.95
1740200400000,96378.9,96404.3,96288.0,96388.9,24193.36
1740201300000,96389.0,96466.0,96386.4,96466.0,26164.28
1740202200000,96465.9,96519.0,96447.5,96518.9,32121.09
1740203100000,96518.9,96519.0,96414.9,96498.9,24744.74
1740204000000,96499.0,96568.0,96420.1,96486.2,56089.49
1740204900000,96486.2,96511.3,96402.0,96430.8,17738.92
1740205800000,96430.8,96475.2,96305.6,96339.9,28094.84
1740206700000,96339.9,96449.0,96339.9,96383.9,21272.42
1740207600000,96383.9,96475.5,96374.2,96400.0,37026.26
1740208500000,96400.1,96500.0,96376.0,96440.9,25623.58
1740209400000,96440.8,96470.6,96370.4,96436.9,19028.5
1740210300000,96437.0,96437.0,96269.9,96269.9,30890.48
1740211200000,96270.0,96337.0,96157.0,96157.0,68460.92
1740212100000,96157.0,96245.8,96151.0,96240.4,40520.14
1740213000000,96240.5,96272.3,96181.9,96192.0,23078.59
1740213900000,96192.1,96246.9,96115.8,96199.0,35428.06
1740214800000,96198.9,96406.5,96119.7,96352.1,60284.5
1740215700000,96352.2,96411.1,96300.1,96346.9,28058.36
1740216600000,96347.0,96409.0,96346.9,96383.0,14626.89
1740217500000,96383.0,96514.0,96383.0,96479.2,41941.24
1740218400000,96479.3,96570.7,96410.0,96492.2,53998.31
1740219300000,96492.1,96563.0,96492.1,96533.5,23269.19
1740220200000,96533.4,96536.0,96431.7,96518.8,19291.59
1740221100000,96518.7,96560.0,96432.0,96468.5,45719.81
1740222000000,96468.4,96546.0,96468.4,96512.8,18118.64
1740222900000,96512.8,96547.9,96490.0,96509.6,10945.2
1740223800000,96509.6,96577.5,96492.3,96576.9,27580.84
1740224700000,96577.0,96599.9,96541.9,96568.8,26181.81
1740225600000,96568.9,96688.0,96568.8,96630.0,41147.04
1740226500000,96629.9,96716.5,96532.1,96595.9,47797.25
1740227400000,96596.0,96766.0,96595.9,96697.6,49650.22
1740228300000,96697.6,97000.0,96682.0,96800.0,131538.45
1740229200000,96800.0,96869.0,96750.1,96811.5,47030.82
1740230100000,96811.6,96906.6,96733.3,96733.4,39920.08
1740231000000,96733.5,96752.1,96565.8,96641.1,54103.56
1740231900000,96641.1,96727.9,96506.0,96543.8,49354.24
1740232800000,96543.9,96692.8,96543.8,96588.7,36220.77
1740233700000,96588.6,96698.7,96588.6,96638.3,23565.09
1740234600000,96638.4,96683.3,96524.5,96621.0,34300.81
1740235500000,96621.0,96626.5,96523.0,96525.2,28399.79
1740236400000,96525.1,96645.5,96525.1,96594.3,25080.22
1740237300000,96594.3,96613.5,96541.4,96562.0,20028.47
1740238200000,96562.1,96599.2,96488.8,96572.3,32516.92
1740239100000,96572.3,96729.9,96550.0,96595.2,67024.15
1740240000000,96595.3,96813.7,96595.2,96736.3,88761.85
1740240900000,96736.3,96812.0,96688.1,96706.2,46521.82
1740241800000,96706.2,96735.3,96635.0,96643.0,28604.07
1740242700000,96643.1,96685.0,96427.5,96500.0,66455.93
1740243600000,96500.0,96643.0,96471.1,96603.6,46077.85
1740244500000,96603.5,96639.0,96476.8,96615.8,23433.02
1740245400000,96615.9,96686.6,96537.0,96666.0,28430.38
1740246300000,96665.9,96686.5,96584.0,96641.4,8852.86
1740247200000,96641.4,96750.3,96638.2,96668.1,23861.52
1740248100000,96668.0,96766.1,96665.4,96765.9,13125.78
1740249000000,96765.9,96839.4,96660.9,96665.2,31268.06
1740249900000,96665.2,96665.3,96368.5,96456.8,81176.06
1740250800000,96456.8,96500.0,96358.5,96450.1,25265.88
1740251700000,96450.1,96597.3,96450.1,96582.8,16482.16
1740252600000,96582.8,96651.4,96565.4,96604.8,10417.71
1740253500000,96604.8,96646.3,96595.8,96645.1,12847.07
1740254400000,96645.1,96646.3,96520.3,96585.1,23935.83
1740255300000,96585.2,96609.6,96531.9,96540.7,15092.84
1740256200000,96540.7,96655.9,96507.3,96574.2,18768.94
1740257100000,96574.1,96618.0,96542.4,96580.1,6456.65
1740258000000,96580.1,96595.1,96515.6,96579.0,15066.71
1740258900000,96579.0,96583.7,96510.0,96518.3,19270.67
1740259800000,96518.2,96626.5,96517.2,96626.4,14736.87
1740260700000,96626.4,96679.8,96607.2,96652.4,8227.54
1740261600000,96652.5,96714.8,96632.2,96642.5,12936.99
1740262500000,96642.4,96652.3,96613.4,96620.1,8662.2
1740263400000,96620.2,96670.0,96594.0,96670.0,11721.58
1740264300000,96670.0,96691.6,96588.1,96624.9,12059.39
1740265200000,96624.8,96624.9,96464.4,96617.6,22887.66
1740266100000,96617.6,96643.2,96559.4,96598.2,8364.44
1740267000000,96598.3,96607.3,96566.0,96584.5,7619.74
1740267900000,96584.4,96584.5,96535.4,96540.1,8224.86
1740268800000,96540.1,96549.9,96477.0,96490.3,24248.11
1740269700000,96490.4,96598.8,96490.3,96536.9,13821.51
1740270600000,96536.8,96598.8,96530.0,96585.9,7757.71
1740271500000,96585.9,96643.0,96562.6,96626.8,8389.52
1740272400000,96626.9,96626.9,96529.2,96537.9,14204.95
1740273300000,96537.9,96538.0,96476.1,96500.0,11585.75
1740274200000,96500.0,96500.1,96398.0,96415.7,23514.34
1740275100000,96415.6,96473.1,96368.0,96452.4,17419.3
1740276000000,96452.4,96496.5,96410.0,96487.1,12071.1
1740276900000,96487.1,96487.2,96403.0,96435.2,6578.31
1740277800000,96435.3,96453.8,96380.1,96453.7,12840.76
1740278700000,96453.7,96456.9,96389.5,96409.7,13673.56
1740279600000,96409.7,96544.0,96384.0,96449.8,29381.47
1740280500000,96449.7,96550.0,96449.7,96519.2,9645.35
1740281400000,96519.2,96580.1,96460.5,96485.3,13828.91
1740282300000,96485.3,96536.9,96401.1,96409.7,24557.69
1740283200000,96409.7,96446.1,96373.3,96446.1,22634.96
1740284100000,96446.0,96528.6,96407.9,96447.2,20559.28
1740285000000,96447.1,96447.2,96420.0,96431.0,7773.52
1740285900000,96431.0,96449.9,96390.0,96394.0,14724.88
1740286800000,96393.9,96411.9,96359.0,96362.4,17314.86
1740287700000,96362.4,96362.5,96211.3,96348.5,66771.38
1740288600000,96348.4,96403.8,96271.9,96280.9,21803.01
1740289500000,96280.9,96306.2,96212.5,96215.9,28160.1
1740290400000,96215.9,96265.5,96140.0,96219.2,34103.3
1740291300000,96220.0,96327.6,96206.9,96290.1,36419.06
1740292200000,96290.1,96369.2,96232.5,96334.8,27108.56
1740293100000,96334.7,96354.6,96306.9,96343.0,16225.28
1740294000000,96343.0,96343.0,96297.4,96320.1,15069.59
1740294900000,96320.1,96458.3,96320.1,96399.9,41809.8
1740295800000,96399.9,96549.9,96399.9,96537.9,53799.96
1740296700000,96537.9,96560.0,96472.6,96505.1,34486.35
1740297600000,96505.0,96505.1,96390.1,96426.8,21960.85
1740298500000,96426.8,96441.0,96316.9,96335.5,26644.89
1740299400000,96335.6,96366.0,96312.0,96340.0,11694.04
1740300300000,96340.0,96361.8,96293.4,96361.8,16558.36
1740301200000,96361.8,96461.7,96308.7,96308.8,17444.16
1740302100000,96308.7,96324.0,96261.6,96289.1,18217.19
1740303000000,96289.0,96485.4,96250.0,96322.6,39047.04
1740303900000,96322.6,96355.7,96272.5,96272.5,10913.88
1740304800000,96272.5,96290.0,96231.0,96240.0,18210.26
1740305700000,96240.1,96291.1,96231.1,96250.1,15579.91
1740306600000,96250.0,96250.1,96102.0,96138.1,68916.41
1740307500000,96138.0,96195.7,96102.0,96195.7,22435.89
1740308400000,96195.7,96236.0,96135.5,96226.9,17145.06
1740309300000,96226.8,96262.0,96183.6,96194.9,11512.81
1740310200000,96195.0,96198.0,96110.0,96157.8,13090.72
1740311100000,96157.8,96164.5,96081.6,96118.1,28059.56
1740312000000,96118.0,96170.6,96000.0,96018.9,50141.73
1740312900000,96018.9,96022.9,95786.3,95816.0,120233.38
1740313800000,95817.7,95887.2,95716.2,95776.0,87728.87
1740314700000,95776.0,95849.7,95651.8,95747.4,82508.59
1740315600000,95747.4,95973.8,95740.6,95861.1,67587.3
1740316500000,95861.1,95988.2,95703.9,95759.0,65068.13
1740317400000,95759.0,95900.0,95740.0,95893.1,26654.77
1740318300000,95893.1,95990.1,95871.5,95979.0,31090.26
1740319200000,95979.0,96053.6,95925.2,96028.1,50501.62
1740320100000,96028.1,96029.0,95930.0,95989.9,26313.83
1740321000000,95989.9,95990.0,95760.0,95847.5,26852.93
1740321900000,95847.5,95847.6,95490.0,95589.3,110178.18
1740322800000,95589.3,95730.3,95534.8,95634.7,94281.3
1740323700000,95634.7,95734.5,95621.6,95713.5,21967.72
1740324600000,95713.5,95713.5,95577.3,95603.9,34940.24
1740325500000,95604.0,95604.0,95401.9,95446.5,73035.1
1740326400000,95446.4,95626.1,95438.2,95562.1,39190.85
1740327300000,95562.1,95577.2,95460.0,95571.3,27803.31
1740328200000,95571.3,95620.4,95500.6,95560.3,32226.78
1740329100000,95560.3,95620.9,95435.3,95436.2,27474.17
1740330000000,95436.2,95490.8,95333.0,95357.3,41643.06
1740330900000,95357.3,95408.0,95269.0,95269.0,60072.57
1740331800000,95269.1,95613.0,95260.0,95588.7,71896.95
1740332700000,95588.6,95764.6,95513.3,95659.3,49814.03
1740333600000,95659.2,95727.0,95619.6,95661.9,31540.03
1740334500000,95662.0,95907.2,95661.9,95840.2,63497.19
1740335400000,95840.1,95884.0,95760.3,95760.4,22695.19
1740336300000,95760.3,95760.3,95663.8,95749.5,18752.7
1740337200000,95749.4,95813.6,95710.9,95770.1,11890.83
1740338100000,95770.2,95850.0,95730.4,95849.0,8616.15
1740339000000,95849.0,95850.7,95800.0,95800.1,9497.79
1740339900000,95800.0,95800.1,95730.0,95756.5,13304.22
1740340800000,95756.6,95816.5,95693.5,95754.4,11732.27
1740341700000,95754.4,95777.9,95723.2,95733.6,5144.82
1740342600000,95733.6,95755.2,95659.5,95739.9,25447.6
1740343500000,95740.0,95783.5,95739.9,95777.0,5212.78
1740344400000,95777.0,95777.0,95709.2,95720.8,8438.99
1740345300000,95720.8,95740.0,95619.5,95689.5,32924.71
1740346200000,95689.5,95691.0,95657.3,95681.4,5462.68
1740347100000,95681.4,95765.6,95681.3,95758.5,9577.62
1740348000000,95758.5,95758.5,95680.8,95693.0,9862.25
1740348900000,95693.0,95693.0,95539.0,95612.0,23409.27
1740349800000,95612.0,95849.9,95611.9,95847.3,23487.06
1740350700000,95847.4,95950.0,95786.0,95786.0,26879.48
1740351600000,95786.1,96199.9,95779.1,96173.8,114450.65
1740352500000,96173.8,96285.4,95850.7,95850.8,78141.74
1740353400000,95850.8,96036.8,95850.8,95991.6,38016.83
1740354300000,95991.6,96340.2,95991.5,96268.1,61058.95
1740355200000,96268.2,96532.0,96199.0,96473.1,104603.1
1740356100000,96473.1,96504.4,96312.9,96405.9,55451.99
1740357000000,96406.0,96410.6,96152.0,96300.3,44197.4
1740357900000,96300.3,96520.6,96236.9,96252.1,68944.68
1740358800000,96252.1,96345.9,96066.0,96136.4,45774.65
1740359700000,96136.4,96315.3,96065.0,96103.9,31768.58
1740360600000,96103.8,96119.6,95757.8,95861.6,114587.14
1740361500000,95861.6,96000.0,95776.7,95985.9,42106.38
1740362400000,95985.9,96211.8,95854.5,96087.4,61192.4
1740363300000,96087.3,96119.0,95807.9,95975.4,40395.44
1740364200000,95975.5,96076.0,95903.4,95944.8,28077.44
1740365100000,95944.8,96035.3,95735.9,95828.0,28721.82
1740366000000,95828.0,95828.0,95668.2,95734.6,65519.28
1740366900000,95734.5,95734.5,95462.4,95500.1,77933.92
1740367800000,95500.1,95788.2,95305.6,95752.9,122421.59
1740368700000,95752.9,95787.9,95439.2,95439.3,48781.68
1740369600000,95439.3,95597.3,95376.1,95468.7,71271.93
1740370500000,95468.6,95480.6,95270.0,95347.7,54974.41
1740371400000,95347.6,95390.0,95028.0,95260.6,171046.93
1740372300000,95260.6,95444.0,95222.1,95300.0,79170.9
1740373200000,95300.0,95494.0,95250.0,95473.5,70730.68
1740374100000,95473.5,95555.0,95385.0,95498.5,42604.91
1740375000000,95498.5,95736.8,95484.0,95692.2,69437.47
1740375900000,95692.1,95771.4,95666.5,95728.1,26324.74
1740376800000,95728.0,95750.0,95661.3,95664.8,21815.16
1740377700000,95664.9,95750.0,95611.2,95676.0,23296.49
1740378600000,95676.1,95819.8,95676.0,95729.9,24262.97
1740379500000,95729.9,95909.0,95721.9,95870.4,65889.78
1740380400000,95870.4,95963.4,95743.1,95776.9,49386.14
1740381300000,95777.0,95835.3,95697.5,95804.2,25342.34
1740382200000,95804.1,95921.0,95767.1,95767.2,25566.77
1740383100000,95767.2,95911.0,95717.0,95877.0,33283.47
1740384000000,95877.1,95943.4,95696.0,95729.9,55273.69
1740384900000,95729.9,95730.0,95391.6,95422.0,114659.69
1740385800000,95422.0,95590.0,95384.0,95540.0,53930.82
1740386700000,95540.0,95609.4,95458.0,95503.8,32519.96
1740387600000,95503.9,95776.3,95492.6,95740.6,46458.94
1740388500000,95740.6,96099.9,95686.9,96022.8,86210.02
1740389400000,96022.8,96180.0,95840.0,95850.5,77429.12
1740390300000,95850.4,95867.1,95564.3,95763.4,82708.84
1740391200000,95763.4,95929.6,95680.0,95760.6,40976.65
1740392100000,95760.6,95773.6,95558.2,95584.9,40328.97
1740393000000,95584.9,95647.7,95343.7,95559.3,113243.22
1740393900000,95559.2,95719.3,95516.5,95642.7,37426.25
1740394800000,95642.8,95700.0,95438.0,95491.5,76858.38
1740395700000,95491.5,95719.8,95416.5,95719.8,56925.18
1740396600000,95719.8,95821.3,95660.9,95775.5,53690.72
1740397500000,95775.5,95865.0,95720.0,95830.0,27043.42
1740398400000,95830.1,95839.7,95684.7,95782.8,27301.86
1740399300000,95782.9,95888.8,95732.5,95839.9,40938.39
1740400200000,95839.9,95956.0,95800.0,95857.6,36587.32
1740401100000,95857.7,95900.0,95740.0,95798.1,31825.12
1740402000000,95798.0,95863.3,95317.7,95767.7,298148.76
1740402900000,95767.7,95986.9,95709.7,95952.0,104543.34
1740403800000,95952.1,96100.0,95850.0,95862.3,108569.45
1740404700000,95862.2,95912.5,95565.1,95598.1,72597.1
1740405600000,95598.0,95767.1,95411.0,95411.7,92525.46
1740406500000,95411.7,95580.1,95366.6,95396.1,87879.61
1740407400000,95396.1,95800.0,95100.0,95139.6,257133.66
1740408300000,95139.7,95294.8,94561.0,94686.0,380745.58
1740409200000,94685.9,94970.0,94155.6,94850.0,470626.47
1740410100000,94850.1,94960.0,94300.0,94345.2,185036.79
1740411000000,94345.2,94498.9,94088.8,94100.1,172768.56
1740411900000,94100.1,94359.9,93813.8,94329.1,293273.29
1740412800000,94329.0,94980.0,94115.0,94719.5,253105.12
1740413700000,94717.3,94919.1,94412.0,94780.9,176678.93
1740414600000,94780.9,94833.8,94485.0,94778.0,90792.54
1740415500000,94777.9,94886.4,94304.4,94418.9,101641.65
1740416400000,94418.9,94675.4,94310.3,94599.9,67349.36
1740417300000,94599.9,95192.8,94573.8,94946.1,192882.98
1740418200000,94946.2,95129.6,94886.1,95121.9,99527.46
1740419100000,95121.9,95179.7,94560.5,94637.8,121570.88
1740420000000,94637.7,94765.3,94500.0,94658.0,58394.79
1740420900000,94658.1,94853.3,94501.0,94501.0,87568.5
1740421800000,94501.0,94563.9,94345.4,94365.7,63987.46
1740422700000,94365.7,94473.0,94133.3,94164.4,79999.33
1740423600000,94160.1,94408.0,94112.0,94308.4,64055.43
1740424500000,94307.1,94571.8,94234.2,94374.0,70231.85
1740425400000,94374.0,94482.2,93702.4,93761.5,146897.13
1740426300000,93762.8,94122.0,93654.8,93946.3,150864.09
1740427200000,93949.3,94318.0,93830.5,94256.6,101801.18
1740428100000,94256.6,94484.8,94135.7,94196.0,66931.62
1740429000000,94197.2,94554.9,94197.2,94367.2,100114.11
1740429900000,94367.2,94592.5,93975.6,94028.2,98375.78
1740430800000,94028.3,94089.9,93618.0,93854.8,155631.49
1740431700000,93854.7,94122.0,93846.0,94104.3,41485.3
1740432600000,94104.3,94355.5,94104.2,94251.9,34675.57
1740433500000,94252.0,94268.4,93960.0,93979.1,38941.25
1740434400000,93979.1,94000.0,93056.2,93146.5,420098.81
1740435300000,93146.5,93614.4,92874.0,93496.7,242755.25
1740436200000,93496.8,93600.0,92890.0,93123.9,138646.88
1740437100000,93123.9,93132.5,92356.0,92407.4,299554.18
1740438000000,92407.4,92870.3,92272.6,92488.6,194324.07
1740438900000,92488.7,92720.6,92000.1,92030.5,189583.1
1740439800000,92030.4,92243.4,91600.0,92046.0,269664.47
1740440700000,92046.0,92078.9,91324.4,91550.1,270799.66
1740441600000,91550.1,91966.0,90866.1,91015.7,343642.97
1740442500000,91015.7,92137.8,90981.0,91656.8,265426.78
1740443400000,91656.8,91938.8,91435.5,91636.7,240586.21
1740444300000,91636.6,92173.1,91451.0,91864.0,161352.47
1740445200000,91864.0,92032.3,91158.0,91732.3,167547.64
1740446100000,91732.4,92045.9,91580.1,91783.1,144907.7
1740447000000,91783.2,92399.0,91740.5,92338.5,173479.94
1740447900000,92338.5,92365.5,91792.6,92021.4,125475.54
1740448800000,92021.4,92311.7,91788.0,91818.0,81874.26
1740449700000,91818.0,92111.1,91601.0,92093.2,119840.75
1740450600000,92093.3,92326.5,91965.4,92326.4,78364.95
1740451500000,92326.5,92522.8,92300.0,92375.2,104496.05
1740452400000,92375.2,92543.0,92147.2,92147.2,54633.36
1740453300000,92147.3,92227.3,91940.4,92075.5,67102.71
1740454200000,92075.6,92388.0,92010.0,92292.0,46244.16
1740455100000,92292.0,92539.2,92137.8,92159.7,50594.84
1740456000000,92159.7,92159.7,91827.0,92080.0,92383.45
1740456900000,92080.0,92318.2,92071.0,92295.7,53144.96
1740457800000,92295.7,92310.0,91850.1,92023.4,71684.37
1740458700000,92023.5,92120.2,91896.1,91900.1,41963.01
1740459600000,91900.0,92016.8,91699.2,91959.9,92921.48
1740460500000,91959.9,92113.3,91851.0,91913.9,42511.8
1740461400000,91914.0,92066.0,91825.3,91930.0,39794.66
1740462300000,91930.0,92088.0,91879.0,92077.2,26442.21
1740463200000,92077.2,92133.8,91740.0,91756.3,55504.25
1740464100000,91756.2,91770.1,91540.8,91574.1,81558.28
1740465000000,91574.0,91688.6,91366.2,91597.5,96130.31
1740465900000,91597.5,91713.8,91215.2,91291.7,94146.46
1740466800000,91292.0,91452.6,89975.1,90385.9,761039.41
1740467700000,90385.8,90734.7,88900.0,89426.7,996385.28
1740468600000,89426.6,89583.3,88181.2,89104.5,987772.52
1740469500000,89104.6,89579.1,88943.0,89310.1,317397.32
1740470400000,89310.1,89977.2,89010.1,89843.9,333039.96
1740471300000,89843.9,89999.0,89577.0,89681.7,131742.6
1740472200000,89681.6,89980.0,89610.5,89695.6,157710.41
1740473100000,89695.6,89835.0,89374.5,89419.6,147260.71
1740474000000,89419.7,89612.4,89330.0,89351.7,107021.59
1740474900000,89351.6,89401.4,88564.0,88666.0,246972.26
1740475800000,88666.0,89160.0,88632.3,88979.1,182487.67
1740476700000,88979.1,89113.2,88303.6,88335.7,276637.16
1740477600000,88335.8,88914.0,87650.0,87773.9,659505.31
1740478500000,87773.9,88086.0,86866.9,87797.7,792573.49
1740479400000,87797.6,88481.8,87742.7,88044.0,384684.62
1740480300000,88044.1,88344.0,87789.4,88218.6,209452.14
1740481200000,88218.5,88356.9,87714.1,88160.2,218644.59
1740482100000,88160.1,88194.5,87632.9,87746.1,168054.56
1740483000000,87746.0,88911.8,87726.3,88852.1,290504.74
1740483900000,88852.0,89376.3,88776.0,89250.0,286943.2
1740484800000,89250.0,89389.4,89011.8,89246.1,183227.87
1740485700000,89246.1,89530.9,89120.0,89319.0,161200.9
1740486600000,89319.0,89319.0,88962.9,89000.0,161994.54
1740487500000,89000.1,89444.0,88924.9,89420.5,106204.26
1740488400000,89420.6,89567.8,89100.0,89397.4,95457.5
1740489300000,89397.5,89409.1,89050.0,89063.8,65052.88
1740490200000,89063.8,89195.9,88747.5,89064.1,122682.24
1740491100000,89064.1,89228.0,88829.5,88849.1,76146.16
1740492000000,88849.1,89166.8,88722.6,89142.2,89974.88
1740492900000,89142.1,89411.9,88570.9,89180.0,180515.99
1740493800000,89180.0,89196.0,87828.6,88038.2,518794.25
1740494700000,88036.1,88136.0,87052.5,87170.6,617532.52
1740495600000,87170.6,87544.0,86467.4,86836.0,808823.2
1740496500000,86835.9,87188.0,86240.0,86618.1,687532.61
1740497400000,86618.1,87199.0,86042.0,86984.2,663972.84
1740498300000,86984.2,87784.4,86911.6,87238.9,366875.01
1740499200000,87239.0,87335.0,86764.9,87121.8,329086.42
1740500100000,87121.6,87187.9,86313.3,86375.8,283870.65
1740501000000,86375.7,87327.2,86157.3,87287.2,358976.42
1740501900000,87287.2,87811.7,87214.2,87472.3,312615.45
1740502800000,87472.2,87744.3,87100.1,87497.6,212881.59
1740503700000,87497.7,87575.6,86828.0,87527.2,161516.5
1740504600000,87527.1,87819.8,87122.0,87146.0,176911.93
1740505500000,87146.0,87300.6,86866.9,87278.0,175956.28
1740506400000,87278.0,87800.0,87128.5,87404.5,184971.34
1740507300000,87404.6,87475.1,86910.0,86947.9,157771.62
1740508200000,86948.0,87618.0,86936.5,87518.1,167426.99
1740509100000,87518.2,87633.2,87000.0,87074.1,123611.8
1740510000000,87074.1,87320.0,86674.4,86716.0,114037.14
1740510900000,86716.0,86958.0,86500.0,86904.3,178351.21
1740511800000,86904.0,87459.1,86822.0,87285.8,124226.31
1740512700000,87284.9,88076.0,87169.6,87950.0,211562.13
1740513600000,87949.9,88111.0,87626.0,87861.9,181677.84
1740514500000,87862.0,88862.5,87731.4,88702.1,282792.04
1740515400000,88702.1,89036.0,88232.3,88289.9,252354.55
1740516300000,88290.0,88525.0,87850.1,88190.9,246019.87
1740517200000,88190.9,88518.8,87784.1,87973.9,133039.44
1740518100000,87973.9,88398.0,87883.0,88293.9,85978.26
1740519000000,88294.0,88460.0,88063.1,88447.9,33771.73
1740519900000,88448.0,88815.9,88446.8,88808.6,100342.22
1740520800000,88808.6,89462.8,88737.6,88986.1,207414.0
1740521700000,88986.0,89141.6,88753.9,88834.4,65324.26
1740522600000,88834.4,89060.1,88619.3,88649.8,64642.66
1740523500000,88649.8,88889.0,88500.1,88811.9,50489.8
1740524400000,88811.9,89108.7,88673.9,88985.7,79940.1
1740525300000,88985.7,89137.2,88954.1,89043.9,37430.85
1740526200000,89043.9,89053.8,88677.0,88742.1,55014.18
1740527100000,88742.1,88937.0,88666.0,88676.4,88476.82
1740528000000,88676.4,88683.8,88418.5,88489.1,86622.64
1740528900000,88489.1,88589.8,88255.0,88461.2,56048.07
1740529800000,88461.2,88503.1,88174.7,88207.2,54259.39
1740530700000,88207.2,88247.0,88143.0,88150.1,32110.92
1740531600000,88150.1,88416.0,88150.0,88316.5,54667.49
1740532500000,88316.4,88466.9,88215.6,88345.5,41068.38
1740533400000,88342.7,88577.5,88300.0,88360.2,88640.98
1740534300000,88360.2,88840.0,88346.7,88700.1,85369.91
1740535200000,88700.1,88756.8,88420.6,88713.9,68732.79
1740536100000,88713.9,88883.0,88700.4,88843.9,39553.63
1740537000000,88843.8,88858.0,88607.9,88670.0,32247.71
1740537900000,88670.0,89226.8,88669.9,89011.5,97622.5
1740538800000,89009.8,89348.9,89009.1,89261.7,104967.9
1740539700000,89261.7,89400.0,89089.6,89150.0,74949.5
1740540600000,89150.1,89178.0,88958.0,88994.5,60601.8
1740541500000,88994.5,89074.8,88878.1,88886.1,38774.78
1740542400000,88886.0,89082.7,88871.9,88930.0,36759.45
1740543300000,88930.0,89208.3,88896.5,89208.2,37047.95
1740544200000,89208.3,89250.0,89021.3,89125.5,29916.79
1740545100000,89125.5,89145.2,88666.0,88702.6,71039.74
1740546000000,88702.7,88872.8,88628.9,88820.0,68264.68
1740546900000,88820.0,88893.9,88660.0,88791.2,28851.54
1740547800000,88791.2,88826.4,88655.9,88800.0,25969.26
1740548700000,88800.0,88808.9,88388.0,88421.7,69851.99
1740549600000,88421.8,88739.7,88421.8,88647.7,66800.14
1740550500000,88647.6,88846.3,88618.8,88738.0,41120.97
1740551400000,88738.0,88868.2,88660.8,88773.2,43250.02
1740552300000,88773.2,88940.4,88773.2,88924.1,35586.83
1740553200000,88924.1,89190.5,88829.7,89100.5,76406.76
1740554100000,89100.5,89111.0,88973.6,89024.6,47289.03
1740555000000,89024.7,89024.7,88412.6,88584.0,93254.22
1740555900000,88584.0,88775.0,88518.1,88718.5,40351.96
1740556800000,88718.6,88808.2,88127.0,88357.8,145276.87
1740557700000,88357.8,88461.9,88234.3,88426.8,52021.36
1740558600000,88426.8,88513.7,88300.1,88435.9,45097.23
1740559500000,88435.9,88574.5,88414.1,88475.1,34623.38
1740560400000,88475.1,88688.0,88456.6,88637.4,38682.65
1740561300000,88637.3,89079.2,88637.3,88837.3,123156.3
1740562200000,88837.3,89181.4,88837.2,89148.0,69230.9
1740563100000,89147.9,89299.4,89010.9,89109.9,101977.86
1740564000000,89109.9,89110.0,88937.6,89057.1,72109.31
1740564900000,89057.1,89080.7,88857.2,89039.6,64904.88
1740565800000,89039.6,89222.0,88986.0,89158.5,43417.96
1740566700000,89158.5,89308.9,89014.4,89242.8,54975.08
1740567600000,89242.8,89259.7,89102.7,89175.8,36462.99
1740568500000,89175.8,89189.4,88900.9,88931.3,54842.23
1740569400000,88931.3,88955.0,88655.6,88759.7,112062.37
1740570300000,88759.7,88787.5,88525.0,88608.3,62850.59
1740571200000,88608.4,88677.6,88362.0,88439.7,118433.03
1740572100000,88439.6,88439.7,88163.1,88330.4,150451.53
1740573000000,88330.4,88434.9,88222.0,88241.1,68480.14
1740573900000,88241.2,88241.2,87611.0,87947.5,248904.07
1740574800000,87947.4,88106.6,87708.0,87736.4,101708.14
1740575700000,87736.3,87927.9,87521.0,87842.0,134472.46
1740576600000,87841.9,87910.0,87632.3,87775.0,79423.66
1740577500000,87774.9,87822.0,87018.7,87197.7,245912.66
1740578400000,87197.7,87213.8,86268.0,86500.6,452384.36
1740579300000,86500.6,86600.0,85400.1,85898.2,864221.68
1740580200000,85898.1,86910.2,85644.1,86707.9,647424.07
1740581100000,86712.3,87718.0,86550.0,87602.6,620034.88
1740582000000,87602.5,88532.8,87432.0,88330.0,543596.94
1740582900000,88330.0,88365.2,87607.3,87677.1,300535.5
1740583800000,87677.0,88178.3,87662.0,87720.0,173624.05
1740584700000,87720.0,87959.2,87414.2,87561.9,177426.39
1740585600000,87561.9,87809.6,86734.2,86876.0,380659.15
1740586500000,86876.0,87027.1,86275.0,86850.1,395631.19
1740587400000,86850.0,87372.4,86678.2,87225.7,270228.79
1740588300000,87225.8,87255.8,86788.0,86805.4,164398.78
1740589200000,86805.4,87311.7,86777.0,87215.6,129227.35
1740590100000,87215.5,87276.0,86608.8,87017.9,198861.22
1740591000000,87018.0,87125.0,86223.1,86646.7,234252.68
1740591900000,86646.1,86765.3,85666.0,86050.0,313880.09
1740592800000,86050.1,86488.0,85866.2,86402.3,218428.18
1740593700000,86402.2,86418.0,85123.0,85144.0,338164.69
1740594600000,85144.1,85601.3,83355.9,84748.1,1456843.73
1740595500000,84748.1,85100.0,83811.1,84255.7,665807.71
1740596400000,84255.7,84851.9,83844.8,84604.0,473346.93
1740597300000,84604.0,85074.0,84200.9,84302.6,327210.3
1740598200000,84302.1,84654.0,83968.0,84021.9,225949.95
1740599100000,84022.0,84327.6,83721.9,83860.0,255213.83
1740600000000,83860.1,84300.0,83025.1,83153.6,465761.36
1740600900000,83152.0,83890.0,82228.0,83526.0,896722.18
1740601800000,83525.9,84200.0,83189.7,84152.0,269230.88
1740602700000,84151.6,84628.9,84004.6,84395.2,297881.28
1740603600000,84392.4,84600.0,83937.2,84463.0,212632.02
1740604500000,84463.1,85158.0,84090.5,84455.0,427951.41
1740605400000,84455.0,84495.7,83751.7,83764.9,233745.36
1740606300000,83764.8,84655.9,83462.2,84626.0,217480.44
1740607200000,84626.0,85408.7,84498.5,84859.3,284808.85
1740608100000,84857.2,85036.3,84421.3,84421.3,136579.15
1740609000000,84421.3,84567.2,84163.6,84297.4,103222.64
1740609900000,84297.4,84957.6,84297.4,84420.1,105734.67
1740610800000,84420.0,84784.1,84288.0,84290.4,81656.36
1740611700000,84290.4,84375.7,83917.0,84193.2,101529.72
1740612600000,84193.1,84233.7,83920.0,84010.2,65848.88
1740613500000,84010.2,84302.8,83950.0,84245.5,55494.63
1740614400000,84245.5,84639.3,84233.5,84346.0,148157.42
1740615300000,84346.1,84678.0,84161.7,84399.9,103786.79
1740616200000,84400.0,84737.1,84026.2,84657.2,116039.61
1740617100000,84657.3,84800.0,84608.0,84732.3,120048.36
1740618000000,84732.4,84748.1,84300.2,84697.9,90708.74
1740618900000,84697.9,85465.9,84612.0,85239.8,163639.21
1740619800000,85240.0,85360.1,84852.9,84913.0,102668.11
1740620700000,84913.0,85050.2,84732.6,84756.3,70132.65
1740621600000,84756.3,84875.0,84586.8,84724.0,70851.07
1740622500000,84724.1,85207.4,84714.6,84924.1,110744.59
1740623400000,84924.1,84933.9,84452.3,84541.7,156272.24
1740624300000,84541.8,84659.9,84201.0,84294.5,110910.68
1740625200000,84294.5,84839.3,84266.0,84728.5,82075.53
1740626100000,84728.4,85000.0,84676.0,84734.4,73090.94
1740627000000,84734.3,85154.0,84700.6,84972.5,73918.22
1740627900000,84972.5,85333.0,84958.0,85210.9,98903.05
1740628800000,85210.8,85368.0,84959.5,84992.8,102360.23
1740629700000,84992.8,85140.8,84686.0,84819.8,77487.76
1740630600000,84819.8,85036.8,84700.0,85018.8,57246.25
1740631500000,85018.8,85299.9,84918.8,85156.9,67925.24
1740632400000,85156.9,85633.3,85058.0,85547.5,139917.26
1740633300000,85547.5,85665.7,85311.6,85326.8,89639.38
1740634200000,85326.9,85816.7,85316.0,85724.0,122157.29
1740635100000,85724.0,85972.0,85724.0,85885.9,82087.99
1740636000000,85885.9,85931.1,85701.7,85780.1,85219.88
1740636900000,85780.1,86188.0,85738.4,86094.5,110334.75
1740637800000,86094.6,86729.9,86037.0,86397.8,217553.29
1740638700000,86397.8,86481.5,86188.8,86252.5,95008.2
1740639600000,86252.4,86444.0,86088.1,86107.9,83185.97
1740640500000,86107.9,86525.9,86107.9,86344.0,73059.13
1740641400000,86344.0,86593.4,86233.4,86408.1,72695.77
1740642300000,86408.0,86533.2,86251.6,86261.9,74214.95
1740643200000,86261.9,86430.0,86201.3,86213.6,55311.93
1740644100000,86213.8,86293.2,85909.8,85965.9,105425.0
1740645000000,85966.0,86166.0,85882.1,86002.1,72236.09
1740645900000,86002.1,86114.9,85900.0,86073.3,64191.21
1740646800000,86073.2,86350.0,85973.2,86058.0,91429.43
1740647700000,86057.9,86162.9,85854.9,86162.6,66184.85
1740648600000,86162.5,86331.7,86135.9,86236.4,60223.37
1740649500000,86236.4,86316.8,86084.5,86166.2,51608.82
1740650400000,86166.2,86484.0,86033.0,86344.0,84672.65
1740651300000,86344.1,86450.0,86246.0,86389.1,46876.56
1740652200000,86389.1,86512.0,86287.5,86459.8,61067.11
1740653100000,86459.8,87097.0,86362.0,87000.4,268589.92
1740654000000,87000.4,87081.7,86608.9,86756.7,117515.19
1740654900000,86756.7,86918.2,86621.0,86627.7,81225.81
1740655800000,86627.7,86656.9,86470.0,86480.7,71344.59
1740656700000,86480.7,86781.0,86370.0,86685.7,90032.18
1740657600000,86685.8,86780.0,86241.8,86366.1,92535.87
1740658500000,86366.1,86494.1,86249.0,86482.0,59414.92
1740659400000,86482.0,86698.6,86367.3,86678.4,52138.32
1740660300000,86678.4,86678.4,86257.5,86325.9,53326.87
1740661200000,86326.0,86450.0,86223.6,86450.0,44139.36
1740662100000,86450.0,86542.5,86251.0,86476.0,59371.6
1740663000000,86475.9,86765.0,86005.0,86606.0,211825.95
1740663900000,86605.4,86766.0,85780.0,86129.0,316896.66
1740664800000,86129.0,86378.7,86002.0,86091.0,119358.65
1740665700000,86091.0,86440.0,85579.1,86319.9,281822.5
1740666600000,86319.9,86425.9,85466.8,85580.1,322518.15
1740667500000,85580.1,85888.0,84935.0,84985.7,423124.39
1740668400000,84985.6,85595.6,84652.6,85302.4,450798.5
1740669300000,85302.4,85768.5,85228.0,85688.7,248947.28
1740670200000,85688.7,86167.8,85392.5,85777.9,229070.87
1740671100000,85777.8,85980.0,85502.0,85514.1,148820.74
1740672000000,85514.1,85710.0,85505.0,85599.9,90894.86
1740672900000,85599.9,85666.0,84822.0,84942.1,182773.42
1740673800000,84942.0,85072.0,84666.0,84954.6,195205.88
1740674700000,84958.1,85042.8,84375.0,84490.5,170141.26
1740675600000,84490.6,84760.0,84390.1,84638.4,150570.12
1740676500000,84638.4,84783.5,84385.1,84774.0,112163.55
1740677400000,84774.1,85068.3,84349.0,84485.0,129510.92
1740678300000,84485.0,84629.4,84400.0,84618.4,96800.62
1740679200000,84618.3,84995.7,84612.0,84913.5,103502.53
1740680100000,84913.5,84935.8,84507.4,84580.0,61235.66
1740681000000,84583.0,84885.9,84530.0,84759.1,56472.48
1740681900000,84759.1,84970.4,84587.0,84642.0,117442.15
1740682800000,84642.0,84656.8,84170.0,84237.6,150704.2
1740683700000,84237.6,84377.6,84001.0,84021.4,121998.56
1740684600000,84020.0,84020.1,83618.9,83936.5,384028.31
1740685500000,83936.4,84216.0,83720.0,84126.1,113278.81
1740686400000,84126.0,84175.7,83050.4,83226.0,288640.96
1740687300000,83226.0,83316.4,82840.0,82940.1,261815.08
1740688200000,82940.1,83440.2,82706.8,83405.1,271826.49
1740689100000,83405.1,83879.0,83022.1,83516.6,222863.82
1740690000000,83516.1,83867.0,83226.7,83820.0,127440.23
1740690900000,83817.7,84274.0,83801.1,83943.0,166274.77
1740691800000,83943.0,84415.8,83884.0,84177.2,79879.91
1740692700000,84177.0,84428.5,84100.0,84419.8,70866.21
1740693600000,84419.8,84423.9,83956.5,84192.0,67461.44
1740694500000,84192.0,84200.0,84012.3,84039.5,24485.18
1740695400000,84039.4,84359.2,83877.8,84226.3,62477.34
1740696300000,84226.3,84768.6,84224.6,84706.8,85654.23
1740697200000,84706.8,84735.9,84412.4,84542.8,69430.23
1740698100000,84542.8,84791.3,84515.4,84591.7,60535.66
1740699000000,84593.8,84921.0,84486.3,84666.7,65822.07
1740699900000,84666.7,84858.3,84620.0,84701.5,36243.16
1740700800000,84701.6,84893.0,84522.1,84571.4,59735.95
1740701700000,84571.4,84798.0,84545.7,84545.7,41627.67
1740702600000,84545.8,84689.0,84406.9,84491.2,54240.34
1740703500000,84491.2,84491.2,84218.9,84266.7,62706.14
1740704400000,84266.8,84426.0,84231.5,84297.9,42672.1
1740705300000,84297.9,84300.0,83042.2,83192.2,262728.98
1740706200000,83192.2,83268.3,81016.6,82530.0,1448277.26
1740707100000,82530.0,82950.4,81661.1,81666.2,499323.54
1740708000000,81666.1,82882.4,81245.3,82448.4,594436.97
1740708900000,82453.9,82469.5,81669.8,81954.3,227253.82
1740709800000,81954.3,81975.4,79500.0,80088.5,1414987.96
1740710700000,80090.5,80850.0,79539.6,80815.9,855650.48
1740711600000,80815.8,81560.6,80647.5,81052.0,489359.97
1740712500000,81049.8,81440.0,80750.0,80920.0,232890.05
1740713400000,80920.1,81055.9,80404.1,80950.1,235188.83
1740714300000,80950.0,80950.1,80235.7,80451.8,186082.95
1740715200000,80451.8,80569.9,79338.6,80024.1,655122.06
1740716100000,80024.0,80720.9,79951.6,80326.5,292709.24
1740717000000,80326.6,80715.0,79524.5,80712.0,389979.81
1740717900000,80711.9,80985.3,80267.5,80406.2,233301.31
1740718800000,80406.2,80545.1,79815.1,79850.1,196009.48
1740719700000,79850.0,80318.4,79612.6,79790.9,305472.09
1740720600000,79790.9,80099.0,79500.0,79894.8,244989.48
1740721500000,79894.7,79965.9,79121.6,79965.9,448633.93
1740722400000,79965.9,80437.3,79550.7,79560.9,344688.43
1740723300000,79560.9,79890.1,79225.1,79498.2,222842.76
1740724200000,79498.3,79866.6,79308.0,79350.0,164425.75
1740725100000,79350.0,79600.0,79011.0,79344.8,392946.39
1740726000000,79344.8,79991.2,79282.7,79740.0,210406.05
1740726900000,79740.0,80246.1,79371.7,79488.4,231569.99
1740727800000,79488.1,79666.0,78909.6,79255.9,310738.09
1740728700000,79255.8,79288.0,78831.1,79204.0,232554.55
1740729600000,79204.1,79450.0,78646.9,78807.0,261044.05
1740730500000,78807.0,78936.0,78345.0,78859.3,438178.52
1740731400000,78859.2,79249.5,78497.5,78497.5,325143.48
1740732300000,78497.6,79120.0,78234.0,78979.9,320915.41
1740733200000,78980.0,79480.0,78888.0,79170.9,261369.03
1740734100000,79170.9,80513.0,79145.9,80410.0,468923.78
1740735000000,80410.1,80742.5,80077.6,80136.0,371254.26
1740735900000,80136.1,80520.0,80035.4,80341.0,116554.34
1740736800000,80340.9,80466.0,79660.0,79960.0,215668.53
1740737700000,79960.0,80133.1,79538.5,79957.9,174506.12
1740738600000,79957.9,80052.0,79580.7,79878.8,92736.36
1740739500000,79876.2,80291.5,79800.0,80010.5,112533.39
1740740400000,80010.5,80364.8,79987.8,80295.4,122989.05
1740741300000,80295.4,80665.9,80200.0,80610.0,120131.92
1740742200000,80610.1,80842.1,80467.6,80586.0,181738.31
1740743100000,80586.0,80785.5,80409.0,80515.9,95927.75
1740744000000,80515.9,80550.9,80179.7,80355.5,126453.17
1740744900000,80355.4,80537.1,80200.0,80208.1,51058.37
1740745800000,80208.1,80397.4,80049.4,80200.0,100607.2
1740746700000,80200.0,80832.0,80148.0,80788.0,141136.97
1740747600000,80788.0,81418.0,80639.5,80981.7,334872.82
1740748500000,80981.8,81120.3,80615.1,80751.8,158187.81
1740749400000,80751.7,81756.7,80715.0,81487.7,448137.05
1740750300000,81488.0,81753.0,81307.2,81503.4,168061.06
1740751200000,81503.4,82375.0,81503.4,81951.9,341297.22
1740752100000,81951.9,82200.0,81617.4,81868.2,185008.96
1740753000000,81868.1,82428.0,81085.0,82331.3,532083.27
1740753900000,82331.2,82556.1,81814.9,82104.0,357761.76
1740754800000,82103.7,83355.2,81989.8,83313.6,455034.57
1740755700000,83313.5,84333.0,83173.2,84308.8,646172.76
1740756600000,84308.9,84427.4,83701.0,83736.2,440554.38
1740757500000,83736.2,84212.0,83723.7,83989.0,236330.77
1740758400000,83988.8,84080.0,83502.0,83612.0,239576.49
1740759300000,83615.2,83887.6,83502.1,83633.3,198426.03
1740760200000,83633.2,84937.3,83602.9,84674.0,456635.26
1740761100000,84674.0,84775.5,84056.2,84356.2,242378.01
1740762000000,84359.2,84400.0,83935.7,84179.2,156484.89
1740762900000,84179.1,84394.8,83846.0,84184.4,138049.02
1740763800000,84184.3,84298.7,83609.5,83656.7,138267.4
1740764700000,83656.7,83939.0,83578.1,83607.0,146894.45
1740765600000,83606.9,83931.0,83579.0,83931.0,92944.39
1740766500000,83931.0,84142.8,83175.0,83834.9,286161.68
1740767400000,83834.9,84945.6,83699.1,84405.9,319490.4
1740768300000,84405.9,85130.0,84326.3,84436.6,251934.61
1740769200000,84436.5,84764.0,84197.0,84302.3,146727.17
1740770100000,84302.2,84674.1,84278.1,84494.2,74091.2
1740771000000,84494.3,84808.6,84421.1,84735.1,73802.62
1740771900000,84735.1,84750.0,84302.3,84432.8,70545.65
1740772800000,84432.8,84788.0,84320.0,84488.7,52666.5
1740773700000,84488.6,84509.9,83580.0,83917.5,176795.6
1740774600000,83917.5,83934.0,83600.0,83880.0,85520.57
1740775500000,83880.0,84395.7,83640.0,84180.3,155351.92
1740776400000,84180.1,84557.5,84008.5,84426.9,65363.98
1740777300000,84426.9,84594.4,84176.1,84244.3,49626.07
1740778200000,84246.3,84283.9,84000.0,84265.3,44627.98
1740779100000,84265.3,84418.0,84100.0,84249.9,40526.23
1740780000000,84250.0,84477.0,84208.4,84275.7,38894.67
1740780900000,84275.6,84444.9,84113.8,84172.1,28439.26
1740781800000,84172.0,84333.0,83880.1,84150.0,56815.05
1740782700000,84150.0,84271.1,83900.0,84146.3,38342.65
1740783600000,84146.3,84283.2,84004.7,84049.2,38997.73
1740784500000,84049.1,84200.0,84030.7,84170.5,20865.55
1740785400000,84170.4,84441.1,84134.0,84420.0,35661.69
1740786300000,84419.9,84569.2,84336.7,84352.5,52019.91
1740787200000,84352.5,84543.3,84252.2,84543.2,26794.63
1740788100000,84543.2,84640.0,84263.3,84270.0,49308.75
1740789000000,84269.9,84289.0,84022.6,84163.1,64723.89
1740789900000,84163.1,84198.2,83806.4,83849.1,61447.63
1740790800000,83849.1,84073.3,83847.3,83995.8,69344.33
1740791700000,83995.7,84124.1,83842.6,83981.5,32050.82
1740792600000,83981.6,84523.0,83893.8,84521.4,67611.86
1740793500000,84521.4,84887.9,84400.0,84655.4,162426.21
1740794400000,84655.5,84779.8,84339.4,84687.7,127133.44
1740795300000,84687.7,85070.3,84549.9,85069.9,149520.13
1740796200000,85070.0,85492.0,84940.0,85485.9,261884.9
1740797100000,85485.9,85686.3,85203.0,85233.9,179892.7
1740798000000,85233.9,85372.4,84976.3,85024.5,106946.49
1740798900000,85024.4,85083.3,84945.9,85004.2,48258.96
1740799800000,85004.2,85520.1,84985.1,85196.1,93948.09
1740800700000,85196.0,85440.0,85126.6,85316.3,52636.92
1740801600000,85316.3,85932.0,85296.1,85875.9,157500.36
1740802500000,85875.8,85971.0,85771.5,85946.0,119005.25
1740803400000,85946.0,86555.0,85874.6,86529.9,348956.48
1740804300000,86529.9,86532.1,86008.1,86183.7,158144.35
1740805200000,86183.7,86260.0,85888.1,85901.0,85346.72
1740806100000,85901.0,85998.0,85689.4,85825.1,94216.79
1740807000000,85825.2,85918.1,85715.0,85744.2,45738.32
1740807900000,85744.2,85750.0,85572.0,85597.9,71656.61
1740808800000,85597.8,85673.0,85414.4,85459.1,80124.72
1740809700000,85459.0,85498.3,85216.3,85260.6,120314.83
1740810600000,85260.6,85280.0,84827.5,85059.4,166328.41
1740811500000,85059.4,85110.2,84964.2,85074.8,95736.4
1740812400000,85074.7,85080.5,84940.0,84975.4,63286.71
1740813300000,84975.4,85050.0,84940.1,85000.0,49169.39
1740814200000,85000.1,85013.7,84742.0,84839.4,71116.01
1740815100000,84839.4,84940.1,84729.0,84744.1,61151.33
1740816000000,84744.0,85040.0,84744.0,85024.0,80566.23
1740816900000,85024.0,85299.9,85023.9,85199.0,87518.2
1740817800000,85199.0,85338.3,85058.0,85095.6,60311.74
1740818700000,85095.5,85338.8,85010.2,85301.8,50578.22
1740819600000,85301.8,85438.8,85241.8,85344.0,55746.93
1740820500000,85344.1,85499.0,85334.7,85441.9,55692.75
1740821400000,85442.0,85465.1,85177.1,85183.2,56642.48
1740822300000,85183.1,85388.0,85093.3,85369.4,58751.72
1740823200000,85369.3,85442.2,85055.0,85200.0,55033.3
1740824100000,85199.9,85338.0,84866.0,85284.0,83315.84
1740825000000,85284.1,85285.9,84952.3,85050.0,41714.8
1740825900000,85050.1,85093.6,84777.2,84886.0,83913.41
1740826800000,84886.0,84960.5,84510.0,84514.0,172997.14
1740827700000,84514.1,84599.9,84360.2,84458.4,134185.69
1740828600000,84458.3,84684.5,84402.3,84668.4,69907.94
1740829500000,84668.4,84675.0,84588.2,84626.9,28598.66
1740830400000,84626.9,84670.4,84533.3,84577.2,35902.07
1740831300000,84577.1,84832.0,84477.5,84485.7,79090.58
1740832200000,84485.7,84726.9,84461.7,84683.9,42906.74
1740833100000,84683.8,84945.4,84683.8,84750.1,66318.63
1740834000000,84750.2,84933.3,84560.0,84574.5,63203.74
1740834900000,84574.5,84640.9,84311.0,84443.3,117771.39
1740835800000,84443.3,84616.8,84355.6,84496.9,43150.17
1740836700000,84496.9,84585.3,84356.8,84529.6,51179.77
1740837600000,84529.6,84870.0,84473.7,84627.5,67452.66
1740838500000,84627.5,84747.9,84463.2,84550.0,46443.01
1740839400000,84550.1,84705.9,84418.0,84592.4,35818.71
1740840300000,84592.4,84750.0,84512.4,84708.2,33486.04
1740841200000,84708.1,84922.9,84600.3,84735.9,78222.18
1740842100000,84735.9,84859.8,84581.7,84812.5,54465.03
1740843000000,84812.4,84844.5,84544.4,84648.4,38157.74
1740843900000,84648.4,84812.4,84613.9,84787.1,28294.64
1740844800000,84787.0,84960.0,84682.3,84943.9,59037.38
1740845700000,84944.0,85121.6,84911.6,85064.1,95338.56
1740846600000,85064.0,85223.6,84913.0,85000.1,83073.27
1740847500000,85000.1,85286.4,84920.0,85272.0,47686.15
1740848400000,85271.9,85271.9,84950.0,85034.1,40779.92
1740849300000,85034.2,85222.0,84964.1,85029.8,57155.29
1740850200000,85029.9,85242.0,84970.2,85228.5,29405.88
1740851100000,85228.5,85360.0,85175.2,85195.2,39602.75
1740852000000,85195.2,85321.6,85077.0,85120.0,27292.35
1740852900000,85120.0,85186.0,85059.0,85122.8,31910.61
1740853800000,85122.8,85289.4,85112.3,85240.5,22183.39
1740854700000,85242.5,85326.3,85144.0,85311.4,23658.55
1740855600000,85311.5,85350.0,85214.0,85285.9,34042.16
1740856500000,85285.9,85356.8,85214.7,85330.3,16383.75
1740857400000,85330.3,85615.6,85191.4,85348.1,87825.61
1740858300000,85348.1,85525.3,85326.6,85480.9,39357.08
1740859200000,85480.8,85507.9,85374.1,85422.8,25587.16
1740860100000,85422.8,85588.0,85308.7,85488.1,57885.37
1740861000000,85488.0,85550.0,85440.5,85500.0,10863.09
1740861900000,85500.0,85570.0,85450.0,85528.9,15914.43
1740862800000,85531.1,85569.9,85328.0,85340.4,20944.95
1740863700000,85340.3,85554.9,85273.0,85549.9,22886.12
1740864600000,85549.9,85763.7,85528.6,85607.0,54060.27
1740865500000,85607.1,86152.9,85607.0,86073.2,94799.95
1740866400000,86073.2,86214.8,85891.2,85999.1,64458.44
1740867300000,85999.0,86021.7,85735.3,85931.1,53541.86
1740868200000,85931.1,86065.0,85660.0,86027.0,36964.87
1740869100000,86027.9,86299.7,85967.7,86112.0,34470.84
1740870000000,86111.9,86200.0,85800.0,85907.5,42227.38
1740870900000,85907.4,85907.4,85670.9,85682.7,38264.81
1740871800000,85682.8,85885.5,85682.7,85814.0,26817.34
1740872700000,85813.9,86100.0,85800.0,86056.9,27049.44
1740873600000,86056.9,86330.4,85954.0,86023.2,95927.4
1740874500000,86023.2,86099.9,85800.5,85964.0,38271.0
1740875400000,85964.0,86288.0,85925.4,86207.6,48175.3
1740876300000,86207.5,86338.8,85980.0,86023.9,41242.93
1740877200000,86024.0,86328.8,86012.6,86317.6,35986.06
1740878100000,86317.5,86364.4,86154.5,86180.7,38720.13
1740879000000,86180.7,86344.0,85970.8,86191.5,50169.41
1740879900000,86191.4,86352.7,86082.0,86350.4,30482.13
1740880800000,86350.4,86495.6,86237.9,86240.0,73113.86
1740881700000,86240.1,86381.0,85950.9,86006.6,72400.64
1740882600000,86006.5,86006.6,85681.6,85813.9,124655.75
1740883500000,85813.8,85900.0,85605.7,85775.3,63648.26
1740884400000,85775.3,86036.3,85775.3,85980.0,63155.52
1740885300000,85980.0,86020.0,85755.0,85940.0,33593.0
1740886200000,85940.0,85951.6,85815.8,85941.7,22906.72
1740887100000,85940.6,86219.0,85855.0,85858.1,45883.28
1740888000000,85858.0,85883.5,85680.0,85769.9,61387.42
1740888900000,85769.9,85771.1,85548.4,85717.9,63336.29
1740889800000,85718.0,85793.9,85534.7,85788.1,45106.65
1740890700000,85788.0,85861.2,85685.2,85754.3,42714.75
1740891600000,85754.3,85949.7,85677.0,85947.4,27821.42
1740892500000,85947.4,85998.0,85845.2,85944.2,36215.22
1740893400000,85944.2,86075.2,85868.4,85904.9,38533.66
1740894300000,85904.9,85962.1,85850.0,85950.0,25966.92
1740895200000,85949.9,86176.8,85949.9,85997.7,38123.35
1740896100000,85997.7,86384.6,85912.4,86375.9,69376.41
1740897000000,86375.9,86391.2,86230.2,86347.8,74173.61
1740897900000,86347.8,86643.2,86245.0,86268.7,127574.67
1740898800000,86268.6,86350.0,86144.0,86164.0,47098.37
1740899700000,86164.1,86260.0,86070.8,86253.0,31731.31
1740900600000,86253.0,86350.4,86192.0,86302.8,31274.64
1740901500000,86302.8,86342.0,86172.6,86224.2,22053.0
1740902400000,86224.2,86256.0,85741.0,85766.1,130388.56
1740903300000,85766.0,85896.5,85718.7,85754.7,55638.74
1740904200000,85754.7,85855.9,85754.7,85855.2,33223.51
1740905100000,85855.2,85950.0,85704.0,85746.3,37114.2
1740906000000,85745.7,85886.4,85660.0,85864.6,37938.01
1740906900000,85864.6,85925.0,85816.1,85874.0,19781.04
1740907800000,85873.9,86086.2,85873.9,86060.1,74204.14
1740908700000,86060.0,86128.9,85875.0,85899.5,37927.18
1740909600000,85899.5,85945.9,85800.0,85858.2,27239.03
1740910500000,85858.2,85915.2,85780.0,85830.1,24149.98
1740911400000,85830.1,85988.3,85825.0,85884.0,24942.5
1740912300000,85884.0,86010.4,85870.0,86002.0,17900.77
1740913200000,86001.9,86072.9,85948.1,86036.5,22948.19
1740914100000,86036.5,86110.4,85956.9,86084.3,28170.59
1740915000000,86084.3,86230.0,86048.7,86153.9,53246.05
1740915900000,86155.4,86180.0,86050.0,86089.2,17743.02
1740916800000,86089.2,86104.6,85804.7,85804.7,51400.45
1740917700000,85804.8,85920.0,85733.0,85816.9,38577.55
1740918600000,85816.8,85885.8,85806.0,85849.7,18997.1
1740919500000,85849.6,86019.0,85801.3,85984.0,32872.8
1740920400000,85984.0,85995.3,85868.4,85904.4,20149.0
1740921300000,85904.4,85904.4,85606.8,85698.1,114104.51
1740922200000,85698.1,85757.6,85538.5,85680.1,60472.05
1740923100000,85680.1,85720.0,85452.9,85712.4,54675.25
1740924000000,85712.3,85909.1,85507.5,85574.0,70962.58
1740924900000,85574.1,85580.0,85066.4,85413.9,244523.6
1740925800000,85413.9,85644.7,85122.0,85297.8,108373.12
1740926700000,85297.8,85333.5,85042.8,85117.9,128858.75
1740927600000,85118.0,85371.4,85066.5,85195.6,91866.18
1740928500000,85195.6,87364.0,85152.3,86422.9,605618.99
1740929400000,86422.9,88688.0,86353.9,88076.5,1164890.02
1740930300000,88076.6,88238.9,86873.5,87432.5,670219.73
1740931200000,87432.6,88173.8,87300.0,88152.6,412143.29
1740932100000,88152.6,89521.2,88148.1,88978.4,844679.87
1740933000000,88978.4,91861.9,88874.6,91585.9,1486805.44
1740933900000,91585.9,91975.0,90656.4,91201.5,734772.3
1740934800000,91201.5,91950.0,90640.0,91639.8,667747.59
1740935700000,91639.8,92999.9,91630.0,92686.3,808051.62
1740936600000,92691.8,94665.9,92689.9,94636.1,1045932.39
1740937500000,94636.0,95050.0,93629.8,94110.0,969072.98
1740938400000,94109.9,94432.9,93374.7,93447.4,430486.57
1740939300000,93447.3,94146.8,93180.0,93509.8,330530.21
1740940200000,93509.8,93558.5,92388.0,92654.0,498512.32
1740941100000,92654.0,93030.0,92514.0,92806.8,177494.93
1740942000000,92806.7,93092.5,92620.0,92902.0,125365.03
1740942900000,92901.3,93333.0,92874.0,93150.1,118533.84
1740943800000,93150.2,93450.0,93111.2,93313.2,80806.03
1740944700000,93313.3,93581.6,93312.8,93519.3,125421.74
1740945600000,93519.3,94102.7,93515.0,94003.3,201406.92
1740946500000,94003.2,94222.0,93701.9,94058.1,139585.02
1740947400000,94058.2,94287.2,93624.0,94068.9,128303.49
1740948300000,94068.9,94467.3,93968.3,94339.9,95733.14
1740949200000,94339.9,94430.0,93907.3,94048.2,92487.23
1740950100000,94048.3,94324.5,93916.4,93934.0,64983.93
1740951000000,93934.1,94089.3,93683.3,93984.0,82956.12
1740951900000,93984.1,94346.8,93725.0,94306.9,58185.61
1740952800000,94306.8,94491.4,93920.0,94273.3,85305.13
1740953700000,94273.3,94434.9,94123.5,94353.0,46976.44
1740954600000,94353.0,94353.1,94040.0,94302.7,36434.66
1740955500000,94302.7,94812.7,94240.0,94253.7,104516.44
1740956400000,94253.6,94874.3,94245.6,94495.7,180097.1
1740957300000,94495.7,94865.0,94153.0,94231.6,151250.73
1740958200000,94231.6,94639.9,93863.0,94365.0,141298.57
1740959100000,94365.0,94531.4,94050.0,94283.1,69965.27
1740960000000,94282.9,94439.9,93643.0,93668.4,152036.31
1740960900000,93668.5,93919.9,93605.2,93863.7,79974.04
1740961800000,93863.8,93930.0,93374.0,93721.9,147435.45
1740962700000,93721.9,93850.0,93303.7,93332.2,68236.88
1740963600000,93332.2,93422.3,92860.8,92880.1,172203.12
1740964500000,92880.1,93239.9,92668.2,93079.9,161606.22
1740965400000,93080.0,93177.3,92701.7,92975.1,95855.8
1740966300000,92975.2,93227.1,92768.0,93095.2,80802.46
1740967200000,93095.3,93191.2,92812.1,92953.0,61729.4
1740968100000,92953.0,93040.9,92438.0,92448.0,120616.52
1740969000000,92448.0,93249.1,92448.0,93097.9,143562.03
1740969900000,93099.1,93460.0,93071.6,93311.5,99949.04
1740970800000,93311.5,93444.0,92840.0,92899.0,69504.01
1740971700000,92898.9,92957.7,92480.1,92734.7,117805.93
1740972600000,92734.8,92865.4,92530.0,92573.7,72428.25
1740973500000,92574.9,92968.5,92550.7,92717.8,47463.75
1740974400000,92717.9,92829.9,92612.4,92697.6,33784.72
1740975300000,92696.4,92929.0,92582.9,92720.0,59177.27
1740976200000,92720.0,92809.9,92600.0,92809.8,38082.01
1740977100000,92809.8,92950.0,92733.0,92867.7,33940.91
1740978000000,92867.7,93128.1,92825.9,92992.5,64739.18
1740978900000,92992.5,93119.6,92862.0,92978.8,51843.52
1740979800000,92975.9,93293.9,92923.1,93270.5,61828.1
1740980700000,93270.2,93350.0,93188.0,93348.0,55621.59
1740981600000,93347.9,93347.9,92918.0,92977.7,63718.41
1740982500000,92977.7,93025.9,92748.7,92836.7,62224.63
1740983400000,92836.6,92836.6,91939.5,91998.8,264749.36
1740984300000,92000.0,92300.7,91339.0,91659.5,444617.41
1740985200000,91659.6,92143.7,91179.0,91889.9,315654.97
1740986100000,91889.9,92104.8,91650.0,91976.9,120429.47
1740987000000,91976.9,92286.1,91880.0,92148.7,97872.95
1740987900000,92148.7,92580.1,92133.5,92380.0,132609.55
1740988800000,92382.9,92404.9,92170.0,92195.2,67886.7
1740989700000,92195.3,92240.0,91650.0,91961.6,128192.64
1740990600000,91961.7,92210.0,91737.0,92011.1,87131.95
1740991500000,92011.1,92038.6,91147.3,91490.1,209992.96
1740992400000,91490.0,91888.7,91200.0,91650.1,142066.22
1740993300000,91650.1,91949.9,91268.4,91889.5,142600.02
1740994200000,91889.4,92080.0,91727.2,91946.5,104468.96
1740995100000,91946.6,92044.0,91770.3,91844.0,56782.29
1740996000000,91844.0,91975.6,91533.3,91592.1,83196.58
1740996900000,91592.2,92200.0,91566.5,92035.5,104431.68
1740997800000,92035.4,92495.0,91978.0,92350.0,87418.84
1740998700000,92349.9,92596.0,92215.0,92550.0,79451.41
1740999600000,92550.0,92932.0,92409.1,92705.9,158724.68
1741000500000,92706.0,92833.4,92443.4,92710.8,95190.67
1741001400000,92710.8,92773.7,92438.0,92577.5,63503.05
1741002300000,92577.5,92740.0,92513.6,92736.6,47526.58
1741003200000,92736.6,93256.0,92702.1,93150.1,219802.03
1741004100000,93150.2,93210.1,92839.1,92839.1,77913.57
1741005000000,92839.1,93125.0,92638.0,93003.7,138042.32
1741005900000,93003.8,93165.9,92901.1,93019.9,56518.58
1741006800000,93020.0,93280.4,92885.0,92912.0,78036.8
1741007700000,92912.1,93198.1,92860.5,93017.8,71895.23
1741008600000,93017.8,93690.0,93000.0,93633.8,169521.57
1741009500000,93633.7,93674.7,93191.7,93565.9,113887.84
1741010400000,93566.0,93719.1,93326.0,93628.0,103482.52
1741011300000,93628.0,93641.7,92768.5,93171.9,263398.71
1741012200000,93171.9,93281.1,90712.2,91351.9,995432.27
1741013100000,91350.0,91562.9,89164.6,89288.4,1358949.7
1741014000000,89290.2,90585.6,89118.0,90404.8,807237.05
1741014900000,90404.8,91308.0,89855.1,91065.9,600035.16
1741015800000,91066.4,91242.2,90311.8,90698.8,268631.5
1741016700000,90698.7,90806.5,89927.1,90036.8,162125.34
1741017600000,90036.8,90369.7,89687.5,90008.9,224255.64
1741018500000,90008.9,90750.0,89841.5,90275.1,188687.44
1741019400000,90275.2,90383.0,89827.7,90050.0,134925.7
1741020300000,90049.9,90417.1,89968.7,90145.6,92204.83
1741021200000,90145.7,90453.0,89900.0,90160.0,133542.37
1741022100000,90160.1,90526.6,89983.7,90319.4,99200.45
1741023000000,90319.7,91038.5,90279.5,90906.4,157836.77
1741023900000,90906.3,90922.7,90035.7,90292.4,130831.4
1741024800000,90292.5,90450.0,89255.0,89373.8,306125.47
1741025700000,89377.8,89585.7,87390.2,87756.8,760521.29
1741026600000,87756.9,88198.4,86921.6,87292.1,672564.69
1741027500000,87292.1,87899.9,86756.4,87143.3,526077.87
1741028400000,87147.2,87732.9,86850.0,87088.7,276584.8
1741029300000,87089.2,87190.1,86565.3,87045.0,279643.78
1741030200000,87045.0,87491.4,86701.0,86935.2,198730.92
1741031100000,86935.1,87098.8,85509.5,85591.7,734580.63
1741032000000,85586.8,86153.0,85300.0,85736.0,522601.28
1741032900000,85731.9,86398.1,85667.3,85802.5,333935.69
1741033800000,85802.4,86249.2,85183.9,85418.9,308772.22
1741034700000,85418.9,86078.8,85409.8,86076.4,157363.67
1741035600000,86076.3,86426.2,85982.7,86388.5,151399.09
1741036500000,86388.6,86600.1,86042.7,86065.2,112382.5
1741037400000,86065.2,86500.0,86052.1,86252.0,65953.09
1741038300000,86252.1,86258.1,85112.0,85364.9,168901.21
1741039200000,85364.9,86383.6,85300.3,86114.9,177981.45
1741040100000,86114.9,86566.7,86010.1,86399.1,69332.74
1741041000000,86399.1,86477.6,86125.0,86359.8,57424.83
1741041900000,86359.9,87030.1,86300.0,86635.1,111457.07
1741042800000,86635.0,86657.7,85985.1,86310.9,114652.23
1741043700000,86311.0,86795.0,86108.1,86491.7,65347.6
1741044600000,86491.7,86699.9,86289.7,86580.9,53685.4
1741045500000,86580.9,86580.9,86002.6,86227.8,64003.84
1741046400000,86227.8,86549.9,85873.7,86228.1,110994.24
1741047300000,86228.2,86799.2,86175.0,86430.1,112277.2
1741048200000,86430.0,86528.9,85925.0,86024.1,85037.97
1741049100000,86024.1,86320.0,85910.0,86034.5,93746.84
1741050000000,86034.6,86198.3,85555.5,85758.3,136386.18
1741050900000,85758.3,85984.0,85303.8,85720.0,141615.48
1741051800000,85720.1,85890.5,83425.0,83559.8,747587.15
1741052700000,83559.9,83842.0,82620.0,83387.9,788940.29
1741053600000,83388.5,83849.0,82467.7,83765.7,483859.03
1741054500000,83765.8,83769.9,82865.5,83224.8,289214.46
1741055400000,83226.0,83930.0,83153.5,83467.4,203572.12
1741056300000,83467.4,84410.0,83411.0,83922.2,183340.75
1741057200000,83922.2,84457.8,83753.7,83814.7,141316.35
1741058100000,83814.7,84263.4,83680.0,84024.0,91260.11
1741059000000,84024.0,84242.0,83767.6,83842.2,68333.65
1741059900000,83842.3,84436.8,83606.0,83983.8,124530.59
1741060800000,83983.8,84052.9,83634.1,83890.5,102778.06
1741061700000,83890.5,84032.3,83672.8,83798.6,92668.09
1741062600000,83798.7,83882.5,83457.4,83820.0,67120.53
1741063500000,83820.0,83828.1,83301.1,83425.4,89317.86
1741064400000,83425.4,84601.0,83357.6,83830.7,270420.74
1741065300000,83830.7,84272.0,83685.6,84196.4,92323.87
1741066200000,84196.5,84387.9,83972.1,84142.0,75618.32
1741067100000,84142.0,84324.7,84041.4,84277.8,47048.62
1741068000000,84277.8,84405.0,84000.0,84049.9,60307.49
1741068900000,84050.0,84322.0,83875.7,84226.8,62356.7
1741069800000,84226.7,84323.5,83586.4,83726.9,92618.16
1741070700000,83726.9,83912.9,83588.2,83871.3,59567.26
1741071600000,83868.3,84026.1,83456.0,83458.1,98580.2
1741072500000,83458.1,83711.7,83338.6,83510.4,80653.1
1741073400000,83510.4,83845.8,83407.3,83468.2,73075.02
1741074300000,83468.0,83565.3,83138.4,83196.4,98388.38
1741075200000,83196.4,83419.8,83027.8,83286.1,140074.04
1741076100000,83286.1,83913.7,83195.0,83604.9,123629.94
1741077000000,83605.0,83907.3,83562.0,83707.9,102733.77
1741077900000,83707.9,83946.0,83393.5,83887.1,79483.47
1741078800000,83887.2,84188.0,83685.0,84040.0,100697.81
1741079700000,84039.9,84074.7,83623.4,83854.0,76037.04
1741080600000,83854.0,84138.0,83711.2,84101.5,56842.92
1741081500000,84101.5,84166.0,83719.9,83734.1,56274.68
1741082400000,83734.1,83834.0,83567.1,83680.7,72520.54
1741083300000,83680.7,83784.0,83480.0,83634.1,65625.77
1741084200000,83634.1,84035.7,83600.7,83842.9,67133.87
1741085100000,83842.5,84050.1,83810.0,83964.5,50432.98
1741086000000,83964.6,84364.8,83836.5,84036.3,132043.83
1741086900000,84036.3,84052.4,83690.0,84037.1,88689.56
1741087800000,84037.2,84078.0,83815.0,83949.9,41772.99
1741088700000,83949.9,84132.8,83818.0,83926.2,58216.23
1741089600000,83926.3,83932.3,83537.0,83650.1,92714.76
1741090500000,83650.0,83666.5,83255.9,83374.5,119613.58
1741091400000,83374.4,83858.0,83255.7,83843.9,122522.91
1741092300000,83843.9,83968.0,83612.8,83769.0,81315.17
1741093200000,83769.4,83769.4,83171.2,83269.7,129746.71
1741094100000,83269.7,83440.0,82537.3,82555.9,367811.12
1741095000000,82556.0,83525.0,82265.3,83243.4,349412.24
1741095900000,83243.4,83477.0,82629.6,82822.1,216242.83
1741096800000,82822.1,83398.0,82650.4,83104.0,138959.83
1741097700000,83103.9,83217.7,82555.2,82788.1,127045.6
1741098600000,82788.2,84994.8,82051.5,84077.7,1339853.5
1741099500000,84077.6,84797.2,83052.6,83194.4,648407.21
1741100400000,83194.4,83377.0,82515.0,82761.5,576175.47
1741101300000,82761.4,82839.9,81488.0,82360.0,726501.36
1741102200000,82360.1,83327.7,82158.5,82816.0,411465.76
1741103100000,82816.0,83152.1,82606.6,82977.9,207949.36
1741104000000,82977.9,83128.0,82314.5,82905.7,279766.89
1741104900000,82905.7,83115.2,82112.2,82232.8,264949.02
1741105800000,82232.9,82908.2,82002.9,82892.0,271744.47
1741106700000,82892.0,83791.1,82774.2,83535.2,322581.27
1741107600000,83535.1,83924.2,83379.8,83861.6,174754.37
1741108500000,83861.6,84823.8,83792.2,84735.2,364204.9
1741109400000,84735.2,85424.3,84373.3,85221.8,363864.52
1741110300000,85221.8,85534.7,85011.0,85429.1,199860.7
1741111200000,85429.0,85999.9,85194.5,85960.7,239194.28
1741112100000,85960.7,85983.9,85237.1,85370.4,196811.3
1741113000000,85370.3,85890.0,85125.7,85800.1,127773.21
1741113900000,85800.0,86925.0,85721.8,86760.2,338895.14
1741114800000,86760.2,88081.5,86529.0,88081.5,542803.47
1741115700000,88081.4,88500.0,87730.0,87732.5,445626.31
1741116600000,87732.6,88087.3,87600.0,88004.0,226751.69
1741117500000,88004.0,88400.0,87785.0,88200.1,139549.25
1741118400000,88200.1,88322.2,87818.7,88255.9,124066.4
1741119300000,88255.9,88828.8,88164.3,88400.0,225483.23
1741120200000,88397.8,88451.1,87805.0,87960.0,187049.88
1741121100000,87960.1,88095.7,86688.0,86848.6,417737.76
1741122000000,86851.3,87380.1,86563.3,87126.1,234513.31
1741122900000,87126.1,88955.0,87074.0,88757.0,313946.09
1741123800000,88757.0,88777.3,87656.1,87959.9,221536.04
1741124700000,87959.9,88028.8,87320.0,87524.1,99820.81
1741125600000,87524.2,87809.7,87405.8,87589.4,77666.94
1741126500000,87589.3,87890.3,87500.0,87715.9,63899.14
1741127400000,87716.0,87986.7,87715.9,87854.4,39808.73
1741128300000,87854.4,87862.3,87411.3,87497.8,36288.69
1741129200000,87497.8,87756.8,87422.0,87652.1,43976.87
1741130100000,87652.0,87673.9,87102.9,87408.1,80730.39
1741131000000,87408.0,87500.0,87289.2,87418.3,45209.43
1741131900000,87418.3,87418.3,87188.0,87280.8,32399.49
1741132800000,87280.7,87286.7,87018.2,87144.0,82448.16
1741133700000,87144.0,87184.8,86755.3,87056.4,96329.39
1741134600000,87056.0,87172.5,86355.7,86600.0,105617.62
1741135500000,86599.9,86850.0,86432.0,86804.4,79625.75
1741136400000,86804.3,86942.0,86600.0,86846.9,66023.15
1741137300000,86847.0,87438.0,86806.1,87269.6,114611.8
1741138200000,87269.5,87629.3,87061.3,87491.9,121340.1
1741139100000,87492.0,87796.7,87361.0,87622.1,71240.08
1741140000000,87622.1,87682.6,87156.1,87288.8,75237.52
1741140900000,87288.8,87650.0,87053.8,87319.9,87999.47
1741141800000,87319.9,87588.0,87033.1,87485.7,69790.85
1741142700000,87485.8,87903.2,87369.0,87462.7,101779.88
1741143600000,87461.8,87805.0,87304.2,87729.0,59380.76
1741144500000,87729.0,87895.5,87605.3,87674.8,59989.73
1741145400000,87674.8,87849.5,87404.9,87404.9,46414.44
1741146300000,87405.0,87619.0,86738.4,86855.9,105205.53
1741147200000,86855.9,87182.5,86735.0,87063.7,113134.24
1741148100000,87065.0,87399.0,87008.0,87008.1,76054.89
1741149000000,87008.1,87074.0,86888.0,87006.0,43387.16
1741149900000,87006.0,87080.0,86880.0,86923.7,35995.93
1741150800000,86924.1,87190.0,86847.4,87101.4,41312.15
1741151700000,87101.4,87116.5,86890.0,86969.7,27509.9
1741152600000,86969.6,87164.9,86938.5,86971.2,32598.22
1741153500000,86971.1,87260.0,86971.1,87138.0,29124.47
1741154400000,87137.9,87225.7,87007.0,87043.9,36847.77
1741155300000,87043.9,87213.2,87002.0,87108.4,21165.24
1741156200000,87108.5,87479.7,87108.4,87439.9,56803.53
1741157100000,87440.0,87578.2,87344.0,87475.2,53616.32
1741158000000,87475.3,87732.8,87463.8,87490.9,67518.13
1741158900000,87491.0,87529.9,87350.0,87524.8,34583.97
1741159800000,87524.8,87577.5,87350.0,87530.0,42473.69
1741160700000,87530.0,87692.0,87402.0,87618.0,67778.93
1741161600000,87618.0,87745.0,87588.6,87715.4,44047.87
1741162500000,87715.5,87844.0,87640.1,87770.2,53697.58
1741163400000,87770.1,87888.0,87661.2,87860.0,46018.41
1741164300000,87860.0,87920.0,87655.4,87749.9,48152.49
1741165200000,87750.0,88422.0,87666.5,88260.1,153583.08
1741166100000,88260.0,88698.0,88155.3,88625.7,185530.84
1741167000000,88625.7,88817.0,88333.0,88549.9,149032.34
1741167900000,88549.9,88600.0,88342.7,88468.5,67298.22
1741168800000,88468.6,88710.0,88362.4,88444.0,74000.85
1741169700000,88444.0,89650.0,88444.0,89607.8,342249.13
1741170600000,89607.8,90655.1,89543.4,89978.0,567046.38
1741171500000,89977.9,90139.5,89559.3,89916.1,231359.11
1741172400000,89916.1,90040.0,89670.0,89902.1,113553.85
1741173300000,89902.1,90060.0,89626.7,89690.2,91333.72
1741174200000,89687.6,89874.3,89534.2,89837.9,150513.88
1741175100000,89837.9,90119.5,89593.7,89807.5,154304.17
1741176000000,89807.5,90523.5,89806.3,90223.2,202102.05
1741176900000,90223.3,90783.8,90122.6,90374.0,220158.45
1741177800000,90373.9,90944.9,90373.9,90602.6,302284.17
1741178700000,90602.7,90670.0,90201.0,90357.2,142634.39
1741179600000,90357.2,90588.7,89724.8,89725.0,250773.21
1741180500000,89725.0,89960.0,89419.1,89791.1,325651.06
1741181400000,89791.2,90097.4,89126.3,89137.1,285856.78
1741182300000,89137.1,89800.0,89137.1,89466.5,228199.23
1741183200000,89466.5,89790.0,89360.0,89777.6,84253.41
1741184100000,89777.5,89843.0,89315.9,89732.9,92777.17
1741185000000,89733.0,89823.4,88378.0,89350.9,647227.66
1741185900000,89350.8,89398.3,88149.8,88524.0,439939.63
1741186800000,88524.1,89589.6,88505.6,88651.9,442084.53
1741187700000,88651.9,88756.1,87920.1,88092.6,324287.84
1741188600000,88092.6,88829.7,88000.0,88592.6,236488.93
1741189500000,88592.6,88748.0,88186.0,88342.1,140046.48
1741190400000,88342.0,88444.4,87625.2,87924.0,221291.26
1741191300000,87929.9,88266.7,87588.0,87929.0,233317.39
1741192200000,87929.0,88320.9,87642.4,88100.0,146470.97
1741193100000,88100.0,89290.4,87964.8,88919.6,301321.21
1741194000000,88918.8,89354.6,88788.0,89120.1,229356.72
1741194900000,89120.1,90097.2,89091.2,90036.9,253642.71
1741195800000,90040.0,90482.4,89551.7,89750.0,295898.76
1741196700000,89750.0,90045.3,89304.0,89690.0,210151.0
1741197600000,89689.9,89956.4,88869.6,89252.0,319131.23
1741198500000,89251.9,89491.5,89018.0,89414.2,104190.6
1741199400000,89414.9,89414.9,88960.3,89061.8,108416.9
1741200300000,89060.1,89807.6,89020.1,89707.2,113830.55
1741201200000,89707.3,90166.5,89601.4,89900.1,137318.78
1741202100000,89900.0,90088.0,89505.0,89745.0,129014.96
1741203000000,89740.1,89900.0,89464.4,89857.2,60620.38
1741203900000,89857.2,89995.9,89723.9,89744.0,55698.34
1741204800000,89743.9,90275.3,89733.0,90089.5,74626.15
1741205700000,90089.5,90111.0,89680.0,90012.0,63134.01
1741206600000,90012.0,90367.6,89907.8,90367.6,63611.83
1741207500000,90367.5,90564.5,90226.0,90497.6,92881.52
1741208400000,90497.5,90694.7,90111.0,90313.4,83141.6
1741209300000,90313.5,90416.1,89934.8,90271.8,77693.36
1741210200000,90271.0,90283.4,89951.2,90152.0,40110.27
1741211100000,90152.1,90497.6,90017.7,90360.0,43302.66
1741212000000,90359.0,90463.9,90173.7,90273.0,37108.51
1741212900000,90273.0,90349.9,90008.8,90032.0,31242.16
1741213800000,90032.1,90314.7,90032.0,90260.9,20621.88
1741214700000,90260.9,90550.0,90256.5,90447.7,39094.42
1741215600000,90447.8,90596.0,90328.6,90360.5,56310.94
1741216500000,90360.4,90620.4,90300.0,90526.0,30565.91
1741217400000,90526.0,90887.1,90526.0,90846.2,75238.35
1741218300000,90846.2,91068.6,90534.9,90610.9,133710.52
1741219200000,90611.0,90819.0,90468.5,90489.6,85889.27
1741220100000,90489.6,90684.2,90211.0,90377.9,67955.14
1741221000000,90377.9,90454.0,90065.0,90137.7,75407.72
1741221900000,90137.7,90230.0,89980.0,90064.8,49533.29
1741222800000,90064.8,90423.0,90048.0,90419.9,59472.5
1741223700000,90419.9,90517.3,90175.1,90319.5,56323.64
1741224600000,90319.6,90706.9,90143.0,90680.0,62580.07
1741225500000,90679.9,91919.0,90666.0,91044.1,482237.48
1741226400000,91044.1,91840.0,91039.5,91622.2,228833.09
1741227300000,91622.1,91692.0,91140.1,91290.7,90794.58
1741228200000,91286.1,91384.2,90980.3,91343.0,77853.84
1741229100000,91343.0,92069.7,91332.5,91812.1,278640.88
1741230000000,91812.2,92040.0,91560.1,91680.9,114002.6
1741230900000,91680.8,91834.1,91560.1,91650.0,47959.44
1741231800000,91649.9,91678.1,91451.2,91558.0,51754.87
1741232700000,91557.9,91635.7,91410.0,91622.9,46408.03
1741233600000,91622.9,91900.0,91560.0,91799.9,88996.38
1741234500000,91799.9,91807.9,91525.8,91592.0,38699.81
1741235400000,91592.0,92363.6,91583.4,92146.6,185118.2
1741236300000,92146.6,92473.6,92018.0,92294.0,136261.99
1741237200000,92293.9,92422.2,92124.0,92160.0,60776.78
1741238100000,92161.1,92524.7,92161.1,92423.1,83953.72
1741239000000,92423.0,92627.0,92354.2,92532.5,82600.8
1741239900000,92532.4,92845.3,92486.8,92746.5,176640.14
1741240800000,92746.6,92781.4,92317.9,92377.9,138775.59
1741241700000,92378.0,92400.0,92087.4,92221.9,118646.46
1741242600000,92221.8,92221.9,91822.5,91897.9,111104.63
1741243500000,91897.9,92065.9,91777.2,91919.9,78325.4
1741244400000,91919.9,92000.0,91614.3,91721.9,84502.68
1741245300000,91721.8,91829.3,91630.0,91683.2,53202.44
1741246200000,91683.2,91834.8,91500.1,91564.5,68428.53
1741247100000,91564.5,91616.4,91275.4,91360.1,123011.49
1741248000000,91360.0,91475.1,91166.0,91412.3,123387.24
1741248900000,91412.3,91584.7,91380.0,91546.0,84072.29
1741249800000,91546.1,91611.6,91378.4,91411.3,58414.99
1741250700000,91411.4,91439.0,91123.0,91150.8,113410.18
1741251600000,91150.8,91195.3,90688.0,90844.3,216298.73
1741252500000,90844.4,91050.0,90631.7,90735.9,106866.73
1741253400000,90735.8,90926.5,90623.0,90918.0,92716.14
1741254300000,90918.0,90986.9,90627.2,90756.0,56699.34
1741255200000,90756.0,91019.4,90612.3,90995.8,73358.98
1741256100000,90995.9,91686.0,90943.1,91668.3,253229.33
1741257000000,91668.3,91668.3,91218.0,91262.1,97780.12
1741257900000,91262.1,91400.0,91222.1,91300.5,37861.4
1741258800000,91300.4,91342.0,90994.3,91227.5,93110.7
1741259700000,91227.6,91465.9,91227.6,91441.8,45401.39
1741260600000,91441.9,91651.9,91240.5,91428.0,77753.05
1741261500000,91428.0,91495.9,91307.0,91347.9,33452.98
1741262400000,91348.0,91411.5,90890.1,91043.2,88729.31
1741263300000,91043.3,91043.3,90587.7,90860.1,146938.01
1741264200000,90860.0,90950.0,90201.0,90418.1,215362.19
1741265100000,90418.0,90483.4,89833.2,90099.2,286726.98
1741266000000,90099.1,90409.8,90037.3,90301.7,133796.09
1741266900000,90301.7,90461.9,89961.8,90084.0,138818.82
1741267800000,90084.1,90480.0,90037.9,90066.5,161441.16
1741268700000,90066.6,90206.2,89480.6,89572.0,227613.33
1741269600000,89572.1,89811.0,89426.6,89600.1,170896.99
1741270500000,89600.1,89980.0,89504.1,89951.4,124906.21
1741271400000,89951.0,90363.0,89107.2,89287.7,577168.37
1741272300000,89287.2,90397.4,89216.6,89807.9,302723.26
1741273200000,89807.9,91108.4,89622.5,90632.1,524641.83
1741274100000,90632.2,91366.0,90452.4,90890.0,301476.98
1741275000000,90889.9,91467.9,90617.4,91174.6,220898.27
1741275900000,91174.6,91266.0,90624.0,90825.9,155052.66
1741276800000,90826.0,91074.5,90664.0,90754.1,101666.88
1741277700000,90754.1,90807.4,89910.5,90279.2,246954.64
1741278600000,90279.1,90598.5,90001.0,90162.7,277574.62
1741279500000,90162.1,90432.0,89202.3,89326.5,264373.63
1741280400000,89326.4,89364.4,88525.0,88699.3,438915.27
1741281300000,88699.3,88960.0,88345.8,88739.8,210150.77
1741282200000,88739.8,88997.7,88226.4,88466.1,211514.77
1741283100000,88466.2,88776.6,88004.0,88630.5,267043.57
1741284000000,88630.4,88859.9,88415.4,88659.9,115837.76
1741284900000,88659.8,88972.0,88446.7,88487.9,139486.55
1741285800000,88488.0,88757.7,88136.0,88310.6,172696.1
1741286700000,88308.9,88586.5,88226.8,88408.8,95364.24
1741287600000,88407.9,88465.6,88039.6,88306.0,83348.74
1741288500000,88306.0,88365.9,88050.9,88096.0,75760.3
1741289400000,88096.1,88671.6,87833.0,88474.1,220934.12
1741290300000,88474.0,89393.6,88465.7,88529.1,308707.5
1741291200000,88529.1,89222.0,88455.7,89199.8,155653.99
1741292100000,89199.7,89365.0,88807.6,89007.1,105949.2
1741293000000,89005.4,89300.0,88672.0,88691.7,88618.6
1741293900000,88691.0,89244.0,88657.7,89028.5,85585.35
1741294800000,89032.1,89840.1,88944.0,89667.5,121443.83
1741295700000,89667.5,89839.3,89325.0,89326.7,96649.09
1741296600000,89326.8,89392.9,89020.6,89234.5,53589.84
1741297500000,89234.4,89990.1,89121.4,89928.9,92071.65
1741298400000,89925.4,90784.8,89901.6,90427.3,416839.7
1741299300000,90427.2,90449.5,89492.6,89818.5,128931.77
1741300200000,89818.4,90441.6,89620.0,90370.3,70039.46
1741301100000,90370.3,90696.6,90250.0,90300.4,62998.46
1741302000000,90300.5,90470.0,90088.0,90271.8,64479.16
1741302900000,90272.2,90566.3,90272.2,90341.3,42192.82
1741303800000,90341.4,90548.8,90266.7,90299.9,38980.36
1741304700000,90300.0,90342.8,89902.0,89933.7,76898.07
1741305600000,89933.7,91304.7,89853.9,90226.5,295056.29
1741306500000,90226.5,90429.4,86555.7,87037.0,1567437.1
1741307400000,87037.0,87256.7,85577.5,85920.5,701249.92
1741308300000,85920.5,85920.5,84628.0,85526.1,652513.73
1741309200000,85526.2,86550.0,85178.6,86494.4,438436.32
1741310100000,86494.4,87645.5,86348.4,87112.0,538190.64
1741311000000,87112.0,88978.8,86814.7,88729.0,486382.89
1741311900000,88729.9,88755.3,87771.5,88256.1,313670.21
1741312800000,88256.2,88465.8,87888.0,88000.0,143530.65
1741313700000,88000.0,88129.1,87343.0,87527.2,258554.9
1741314600000,87527.1,88220.7,87420.0,87837.5,117049.85
1741315500000,87837.5,87956.0,87214.6,87228.3,130161.66
1741316400000,87233.4,87693.0,87150.1,87567.1,90184.64
1741317300000,87567.0,87625.8,87300.0,87563.0,44635.85
1741318200000,87562.9,87620.2,86946.3,87160.1,114010.52
1741319100000,87160.0,87173.2,86780.1,86989.4,111491.47
1741320000000,86989.4,87259.0,86834.0,87220.0,94567.26
1741320900000,87220.1,87590.9,87127.7,87520.0,76105.43
1741321800000,87520.1,87850.0,87413.4,87699.9,109461.51
1741322700000,87700.0,87888.0,87546.4,87642.5,71881.44
1741323600000,87642.5,88028.3,87584.5,87848.1,66578.05
1741324500000,87848.0,88369.6,87848.0,88215.7,101804.91
1741325400000,88215.8,88366.0,88042.8,88365.9,69887.62
1741326300000,88366.0,88444.2,88113.0,88213.2,91498.08
1741327200000,88213.3,88221.8,87962.5,88091.2,54552.36
1741328100000,88091.1,88199.9,87943.5,88019.4,57741.18
1741329000000,88019.4,88100.0,87801.7,87896.3,47995.49
1741329900000,87896.4,88362.0,87896.3,88212.4,81358.39
1741330800000,88212.5,88626.0,88100.0,88538.0,100442.37
1741331700000,88537.9,88581.8,88408.7,88449.2,45390.8
1741332600000,88449.3,88481.9,88145.5,88224.2,59060.86
1741333500000,88224.2,88371.6,88178.8,88362.3,53173.11
1741334400000,88362.4,88429.8,87977.9,88192.1,74227.1
1741335300000,88192.1,88224.5,88012.8,88151.9,36573.66
1741336200000,88152.0,88189.0,88023.8,88188.9,31634.82
1741337100000,88188.9,88498.6,88083.5,88362.4,76068.48
1741338000000,88362.4,88666.7,88350.1,88656.4,75751.91
1741338900000,88656.5,89281.9,88500.0,89277.9,203413.26
1741339800000,89277.9,89730.0,88905.1,88934.9,259254.19
1741340700000,88935.0,89202.0,88872.3,88932.6,78174.48
1741341600000,88933.7,89033.0,88720.4,88939.8,71971.73
1741342500000,88939.8,89139.0,88812.0,89036.7,46573.58
1741343400000,89036.7,89264.0,89000.0,89122.1,56385.63
1741344300000,89122.0,89280.9,89108.4,89252.2,32192.29
1741345200000,89252.2,89461.9,89019.7,89147.1,81942.1
1741346100000,89147.1,89360.2,89074.5,89098.5,44670.35
1741347000000,89098.5,89106.9,88959.1,89021.9,53587.07
1741347900000,89022.0,89085.1,88817.2,88979.9,51088.84
1741348800000,88979.8,89265.0,88833.0,89200.1,106435.67
1741349700000,89200.0,89218.5,88949.8,89181.0,58110.63
1741350600000,89181.0,89324.3,88274.5,88460.3,227361.58
1741351500000,88460.3,89143.2,88460.3,89040.9,147564.44
1741352400000,89040.8,89882.3,88976.5,89446.2,232321.26
1741353300000,89446.2,89537.3,89090.0,89419.3,157091.63
1741354200000,89419.4,90351.4,89088.0,90092.0,686027.11
1741355100000,90092.1,90160.0,89021.7,89138.8,228920.01
1741356000000,89138.9,89795.3,89137.5,89405.9,163171.97
1741356900000,89405.9,89725.5,88766.0,89131.8,178075.36
1741357800000,89131.8,90278.0,88647.8,89955.2,418229.3
1741358700000,89953.2,91129.7,89903.3,90441.4,677121.52
1741359600000,90441.4,90795.5,89931.9,90027.5,337399.92
1741360500000,90026.5,90046.9,89068.2,89209.8,406634.89
1741361400000,89209.9,89215.0,88020.0,88510.6,641074.69
1741362300000,88510.6,89316.7,88036.0,88470.7,535749.3
1741363200000,88470.6,88983.3,88150.0,88687.9,300860.38
1741364100000,88688.0,88744.0,87253.5,87471.0,566610.59
1741365000000,87471.1,87667.9,86953.7,87288.3,331775.25
1741365900000,87288.3,87464.0,86629.7,87251.8,352453.92
1741366800000,87251.8,87591.8,86739.0,86968.2,340541.72
1741367700000,86968.1,87410.7,86513.2,87371.1,226842.65
1741368600000,87371.0,88000.0,87021.2,87985.9,312349.97
1741369500000,87986.0,88650.0,87310.6,87699.2,487328.43
1741370400000,87699.3,88550.0,87509.1,88263.9,300486.38
1741371300000,88263.9,88380.0,87677.0,88154.0,171956.32
1741372200000,88154.0,88550.0,87983.6,88325.4,164924.33
1741373100000,88325.4,89087.3,88211.2,88599.0,265178.02
1741374000000,88599.0,88920.0,88171.3,88444.4,280131.67
1741374900000,88446.6,88798.7,88248.1,88288.9,175383.36
1741375800000,88289.0,88507.3,87765.6,87892.1,121173.72
1741376700000,87892.6,87939.7,87319.3,87832.0,183868.61
1741377600000,87832.0,88282.3,87726.0,87824.0,104673.25
1741378500000,87828.0,87943.5,87361.4,87499.6,159626.66
1741379400000,87499.6,87827.9,86916.9,87665.9,185525.76
1741380300000,87665.9,88533.0,86547.0,86985.0,536010.86
1741381200000,86981.0,87393.9,85558.0,86350.6,693348.05
1741382100000,86350.6,87232.8,86236.0,87172.8,208670.99
1741383000000,87172.8,87207.9,86190.1,86289.7,167778.78
1741383900000,86289.7,86616.0,85758.0,86292.4,216376.53
1741384800000,86287.1,86467.4,85602.9,85887.9,211039.56
1741385700000,85888.0,86185.3,85634.3,86068.0,92186.4
1741386600000,86068.0,86831.0,85875.0,86820.0,122382.45
1741387500000,86819.9,86844.0,86406.0,86734.5,71523.14
1741388400000,86734.5,86734.6,85953.5,85999.9,104446.38
1741389300000,86000.0,86607.6,85999.9,86591.2,61212.63
1741390200000,86588.0,86679.8,86338.9,86679.5,43802.66
1741391100000,86679.5,86838.2,86523.8,86784.9,62545.73
1741392000000,86784.9,86799.9,86547.7,86625.0,63835.03
1741392900000,86625.0,86800.0,86535.1,86683.1,39940.2
1741393800000,86683.0,86797.3,86580.0,86797.3,25555.59
1741394700000,86797.3,86907.4,86711.2,86720.6,41951.18
1741395600000,86720.5,86768.0,86231.4,86293.1,61408.09
1741396500000,86293.0,86409.9,86021.6,86069.0,80154.48
1741397400000,86068.9,86090.0,85210.0,85638.0,297710.73
1741398300000,85638.0,86111.0,85625.9,86107.9,85704.42
1741399200000,86108.0,86345.5,86023.0,86268.8,71513.11
1741400100000,86268.7,86321.7,85950.3,85973.5,59330.85
1741401000000,85973.6,86247.4,85922.0,86142.0,44213.12
1741401900000,86142.0,86260.9,85980.0,86167.2,45540.64
1741402800000,86167.1,86183.7,85605.1,85650.0,62246.83
1741403700000,85650.0,85899.9,85436.2,85750.0,83057.6
1741404600000,85750.0,86030.2,85750.0,85984.5,34592.85
1741405500000,85984.6,86066.0,85908.0,85908.0,23933.28
1741406400000,85908.1,86045.4,85650.8,86000.2,54689.66
1741407300000,86000.1,86280.0,85845.8,86180.5,64085.33
1741408200000,86180.5,86516.0,86180.5,86436.1,117589.01
1741409100000,86436.1,86500.0,86325.8,86449.5,39244.05
1741410000000,86449.4,86460.0,86280.0,86280.0,26503.08
1741410900000,86280.1,86288.1,86175.5,86222.8,29565.07
1741411800000,86222.8,86222.9,86020.0,86128.8,43518.04
1741412700000,86128.9,86293.0,86094.1,86291.8,37748.65
1741413600000,86291.8,86599.9,86270.0,86540.9,61223.33
1741414500000,86540.8,86673.7,86418.9,86640.0,52362.14
1741415400000,86640.0,86660.1,86321.5,86422.1,40897.7
1741416300000,86422.0,86483.2,86288.0,86479.6,37617.61
1741417200000,86479.5,86552.1,86433.0,86456.0,23659.08
1741418100000,86456.0,86532.5,86367.5,86367.5,19044.34
1741419000000,86367.6,86478.7,86275.1,86472.0,40386.84
1741419900000,86471.9,86473.2,86070.0,86188.8,122332.75
1741420800000,86188.7,86314.6,86046.0,86046.1,37274.42
1741421700000,86046.1,86170.0,86026.6,86170.0,30375.44
1741422600000,86170.0,86248.3,86114.5,86137.5,20190.65
1741423500000,86137.6,86227.7,86035.0,86070.0,33895.33
1741424400000,86070.0,86296.3,86070.0,86217.9,27723.29
1741425300000,86217.8,86472.6,86209.2,86355.5,92576.67
1741426200000,86355.6,86460.1,86046.2,86084.0,94286.11
1741427100000,86084.0,86168.2,85830.4,85948.1,93421.69
1741428000000,85948.0,86120.0,85948.0,86003.1,31092.76
1741428900000,86003.0,86215.7,85985.0,86215.6,33831.06
1741429800000,86215.7,86259.3,86112.9,86199.9,42042.46
1741430700000,86199.9,86225.9,86075.6,86117.9,20985.09
1741431600000,86117.9,86123.4,85800.0,85866.1,62513.31
1741432500000,85866.1,85959.2,85746.1,85955.2,61902.09
1741433400000,85955.2,85992.4,85773.8,85908.1,36465.74
1741434300000,85908.1,85981.2,85775.1,85962.1,30982.74
1741435200000,85962.1,86074.9,85801.1,85998.0,51275.12
1741436100000,85998.0,86272.0,85942.1,86209.9,85254.44
1741437000000,86209.9,86433.0,86094.2,86324.1,77600.08
1741437900000,86324.0,86338.8,86167.5,86202.1,28197.91
1741438800000,86202.1,86299.0,86144.0,86164.3,25559.92
1741439700000,86164.3,86566.9,86122.0,86367.7,75237.38
1741440600000,86367.7,86540.0,86231.4,86345.0,51907.23
1741441500000,86345.0,86440.0,86230.3,86322.0,40625.66
1741442400000,86322.0,86500.0,86266.7,86394.1,43760.66
1741443300000,86394.1,86480.0,86292.7,86477.7,29321.7
1741444200000,86477.7,86636.0,86380.1,86546.0,37614.57
1741445100000,86546.1,86546.1,86202.9,86363.0,84620.82
1741446000000,86363.0,86398.7,86200.1,86395.0,45639.19
1741446900000,86395.0,86558.0,86360.3,86557.9,33076.13
1741447800000,86557.9,86613.3,86418.7,86502.6,40609.73
1741448700000,86502.6,86550.0,86363.0,86401.8,20736.29
1741449600000,86401.9,86455.5,86250.0,86399.7,33900.86
1741450500000,86399.7,86399.7,85865.0,85930.8,165435.86
1741451400000,85930.9,86135.9,85822.0,86111.8,50488.54
1741452300000,86111.8,86254.0,85987.0,86154.5,45802.01
1741453200000,86154.4,86162.8,85720.0,85788.7,92022.18
1741454100000,85788.7,86060.0,85660.3,85925.7,87579.05
1741455000000,85925.6,86050.0,85830.6,86012.8,42116.22
1741455900000,86012.8,86047.8,85919.5,85944.8,18546.41
1741456800000,85945.7,86084.4,85873.1,86059.5,17762.82
1741457700000,86059.5,86080.0,85955.1,86029.9,11908.71
1741458600000,86029.9,86076.0,85967.6,86033.8,12263.31
1741459500000,86033.9,86082.4,86009.7,86052.5,14632.23
1741460400000,86052.4,86088.0,85786.8,85957.7,32646.56
1741461300000,85957.7,86358.7,85847.3,86339.7,88466.66
1741462200000,86339.6,86521.0,86300.3,86378.4,49219.57
1741463100000,86378.5,86482.8,86215.4,86242.0,26721.66
1741464000000,86241.9,86378.0,86213.0,86329.8,21968.45
1741464900000,86329.8,86349.5,86178.5,86211.3,18679.03
1741465800000,86211.3,86308.1,86210.7,86308.1,10458.35
1741466700000,86308.1,86344.9,86260.0,86289.9,8779.84
1741467600000,86289.9,86409.4,86264.0,86364.0,14848.99
1741468500000,86364.0,86511.4,86363.9,86511.3,11754.96
1741469400000,86511.3,86511.4,86318.4,86318.4,30420.48
1741470300000,86318.5,86367.2,86204.4,86239.1,22281.09
1741471200000,86239.0,86264.0,85971.4,85987.3,69542.12
1741472100000,85987.3,86051.6,85836.2,86033.1,30679.06
1741473000000,86033.2,86187.0,86003.1,86127.4,22816.61
1741473900000,86127.4,86410.6,86067.7,86344.5,45612.89
1741474800000,86344.5,86422.0,86191.5,86370.1,42356.36
1741475700000,86370.1,86370.2,86228.5,86274.9,12834.73
1741476600000,86274.9,86329.8,86059.9,86141.4,46608.54
1741477500000,86141.3,86251.3,86064.0,86239.3,33874.82
1741478400000,86239.4,86329.2,86119.2,86329.1,21201.92
1741479300000,86329.2,86430.7,86234.7,86410.0,30713.46
1741480200000,86410.0,86481.9,86312.0,86313.3,30900.36
1741481100000,86313.4,86467.3,86313.3,86425.9,36799.33
1741482000000,86425.9,86520.0,86352.0,86438.4,38016.24
1741482900000,86438.3,86467.4,86300.0,86300.1,26196.94
1741483800000,86300.1,86339.6,86156.3,86250.0,27884.75
1741484700000,86250.1,86315.6,86101.6,86198.2,22053.83
1741485600000,86198.2,86274.0,86108.4,86153.4,17950.79
1741486500000,86153.4,86284.2,86112.0,86206.5,16001.05
1741487400000,86206.6,86287.8,86142.9,86142.9,14854.37
1741488300000,86143.0,86143.0,86000.7,86000.8,35912.42
1741489200000,86000.8,86177.1,85952.4,86041.6,48670.96
1741490100000,86041.5,86172.4,86010.6,86080.0,15548.46
1741491000000,86080.0,86180.0,86080.0,86164.9,15798.24
1741491900000,86164.9,86212.7,86093.7,86117.5,14709.23
1741492800000,86117.5,86121.2,86000.0,86022.0,19921.37
1741493700000,86022.0,86070.1,85916.7,86066.1,43919.64
1741494600000,86066.1,86098.0,85988.0,86011.4,11547.79
1741495500000,86011.4,86132.0,85977.5,86048.0,14495.42
1741496400000,86048.1,86076.6,85978.4,85979.4,15090.8
1741497300000,85979.4,86162.5,85972.2,86102.0,53687.59
1741498200000,86102.0,86143.0,86001.7,86075.9,17120.21
1741499100000,86075.9,86092.5,86000.0,86024.2,12149.48
1741500000000,86024.1,86024.2,85823.4,85854.7,43161.18
1741500900000,85854.3,85960.0,85792.5,85946.1,30530.82
1741501800000,85946.1,86029.9,85900.0,86005.0,35707.23
1741502700000,86005.0,86047.6,85869.2,85907.3,21896.49
1741503600000,85907.3,86024.7,85835.1,85979.6,20485.77
1741504500000,85980.0,86111.0,85946.0,86108.4,31316.84
1741505400000,86108.4,86175.2,85979.1,86015.0,27887.23
1741506300000,86015.0,86062.4,85914.9,86016.9,37721.47
1741507200000,86016.9,86120.0,85926.0,85949.2,31146.89
1741508100000,85949.1,86024.0,85900.3,85920.3,20340.46
1741509000000,85920.4,86019.0,85830.0,85839.4,32670.07
1741509900000,85839.4,85921.0,85759.0,85792.4,38445.25
1741510800000,85792.5,85837.4,85665.1,85806.5,75424.82
1741511700000,85806.5,85898.9,85740.2,85815.7,30826.06
1741512600000,85815.6,85868.0,85767.8,85840.0,17863.71
1741513500000,85840.0,85840.1,85376.4,85569.6,133128.81
1741514400000,85569.5,85634.4,85344.4,85482.8,90761.68
1741515300000,85482.8,85548.4,85128.0,85261.1,150336.43
1741516200000,85261.0,85271.3,85001.2,85168.8,130865.45
1741517100000,85168.8,85168.8,84700.0,84852.0,232859.0
1741518000000,84852.0,85053.4,84770.1,84854.8,99250.78
1741518900000,84854.8,84926.2,84609.8,84816.1,118612.43
1741519800000,84816.0,84947.3,84733.2,84934.1,65276.53
1741520700000,84934.1,85122.1,84892.5,85018.0,83804.17
1741521600000,85018.0,85063.9,84223.1,84432.5,351978.63
1741522500000,84432.6,84699.0,84429.9,84605.0,90520.9
1741523400000,84605.0,84800.0,84396.0,84707.5,88316.85
1741524300000,84707.6,84731.7,84508.3,84603.9,40440.13
1741525200000,84603.9,84700.0,84409.1,84426.0,51266.53
1741526100000,84426.1,84563.4,84277.0,84555.0,72645.85
1741527000000,84554.9,84554.9,84187.8,84265.3,91292.06
1741527900000,84265.3,84297.7,83456.0,83464.6,428849.59
1741528800000,83464.5,83710.4,83043.8,83113.4,421076.51
1741529700000,83113.5,83517.4,82945.5,83342.0,207689.6
1741530600000,83342.0,83827.5,83300.0,83381.6,192444.64
1741531500000,83381.7,83650.8,83251.0,83588.3,100287.99
1741532400000,83588.4,83756.4,83513.0,83743.0,79297.26
1741533300000,83742.9,83749.0,83345.6,83489.8,125944.97
1741534200000,83489.8,83608.0,83220.3,83314.7,63846.79
1741535100000,83314.7,83350.0,82733.0,83062.2,294918.1
1741536000000,83062.2,83543.0,82624.3,83520.1,284035.18
1741536900000,83520.2,83771.0,83069.1,83244.1,169561.07
1741537800000,83244.1,83280.8,82433.3,82912.1,309989.98
1741538700000,82912.0,82928.0,82285.0,82484.5,221144.44
1741539600000,82484.5,82876.5,82293.8,82785.9,151792.33
1741540500000,82785.9,82947.4,82210.9,82442.1,208119.79
1741541400000,82441.3,82618.5,82234.0,82317.4,109652.61
1741542300000,82317.5,82748.0,82226.5,82362.6,100272.88
1741543200000,82362.7,82872.0,82264.0,82526.2,117842.77
1741544100000,82526.1,83332.0,82300.0,82979.5,199781.33
1741545000000,82979.6,83325.0,82664.5,82918.8,166608.75
1741545900000,82919.1,83023.4,82367.8,82661.5,111736.73
1741546800000,82661.6,82821.7,82325.1,82446.4,98188.28
1741547700000,82440.1,82966.9,82350.0,82697.9,166284.59
1741548600000,82698.0,82973.3,82634.3,82758.4,68860.88
1741549500000,82758.5,82831.7,82531.9,82631.8,48052.26
1741550400000,82631.8,83168.4,82597.4,83159.9,70461.88
1741551300000,83159.9,83320.9,82888.0,83137.3,80512.05
1741552200000,83135.9,83575.5,83123.0,83328.1,120317.76
1741553100000,83327.3,83327.3,82908.8,83069.7,52596.22
1741554000000,83069.7,83082.0,82558.8,82559.7,78138.18
1741554900000,82559.7,82629.9,81833.0,82028.1,253783.52
1741555800000,82028.1,82229.1,81950.0,82177.0,76252.03
1741556700000,82177.1,82342.9,81542.0,81850.8,165851.06
1741557600000,81850.7,82068.7,81382.0,81560.1,187881.96
1741558500000,81560.1,81869.7,81131.0,81349.1,162282.65
1741559400000,81349.2,81452.0,80876.0,81120.0,200939.98
1741560300000,81120.0,81250.0,80177.5,80355.9,335371.24
1741561200000,80356.0,80931.5,79940.0,80584.2,404489.01
1741562100000,80584.2,81054.0,80503.7,80596.2,144866.48
1741563000000,80596.2,80988.0,80494.5,80643.1,107566.87
1741563900000,80643.1,80826.7,80314.0,80734.3,140531.29
1741564800000,80734.3,81429.8,80676.8,80917.5,233627.9
1741565700000,80917.5,80917.8,80406.0,80566.9,146544.08
1741566600000,80566.8,80999.0,80023.2,80778.2,219800.8
1741567500000,80778.1,81498.0,80742.6,81270.2,200503.09
1741568400000,81270.3,81866.0,81140.0,81260.0,248277.06
1741569300000,81260.0,81400.0,80786.5,81285.7,118410.19
1741570200000,81285.7,81738.6,81280.0,81678.0,120374.37
1741571100000,81677.9,81881.0,81530.0,81756.0,74995.06
1741572000000,81756.0,82094.3,81519.0,81937.4,122498.51
1741572900000,81937.3,82580.6,81910.4,82144.9,198791.41
1741573800000,82145.0,82742.2,82112.0,82420.0,115785.66
1741574700000,82420.1,82572.3,82118.0,82199.9,100956.0
1741575600000,82199.9,82323.6,81880.0,81916.0,104123.33
1741576500000,81916.0,82046.4,81782.0,81819.5,87125.01
1741577400000,81819.4,82320.0,81785.0,82228.3,84363.65
1741578300000,82228.2,82346.3,82020.0,82042.1,53319.17
1741579200000,82042.1,82435.1,82000.0,82305.4,69259.16
1741580100000,82305.4,82536.0,82243.5,82493.9,50237.52
1741581000000,82493.9,82565.8,82322.0,82345.1,42852.73
1741581900000,82345.0,82647.1,82281.0,82627.2,52852.43
1741582800000,82627.1,82799.0,82446.0,82446.1,99011.19
1741583700000,82446.1,82664.0,82443.0,82556.1,29021.01
1741584600000,82556.0,82580.0,82213.2,82244.4,54045.92
1741585500000,82244.5,82360.0,82123.4,82323.5,48073.28
1741586400000,82323.5,82358.3,82099.5,82160.0,41870.69
1741587300000,82160.0,82434.6,82143.1,82167.9,35853.12
1741588200000,82167.8,82248.0,81976.0,82149.4,64939.68
1741589100000,82149.4,82390.0,82089.5,82332.9,34744.25
1741590000000,82332.9,82699.0,82251.8,82314.0,78043.42
1741590900000,82314.1,82488.0,82110.0,82120.0,53241.88
1741591800000,82119.0,82345.4,82050.1,82255.8,47540.0
1741592700000,82255.8,82397.5,82200.0,82316.1,37964.04
1741593600000,82316.1,82400.0,82020.0,82149.9,64004.02
1741594500000,82149.9,82197.3,81733.0,82050.7,139014.68
1741595400000,82050.7,82076.4,81262.0,81475.0,246173.11
1741596300000,81475.0,81678.0,81143.8,81356.1,133041.81
1741597200000,81356.1,81958.8,81338.4,81954.8,133607.52
1741598100000,81954.7,84084.5,81926.2,83231.6,876825.89
1741599000000,83231.6,83377.4,82464.1,82768.1,320725.72
1741599900000,82768.1,82962.0,82134.8,82517.0,220505.36
1741600800000,82517.0,82694.5,82178.7,82228.0,114717.62
1741601700000,82228.1,82410.0,81612.3,81866.2,211454.94
1741602600000,81866.1,82167.3,81797.8,81945.4,114450.93
1741603500000,81945.4,82367.6,81864.9,82282.1,92989.99
1741604400000,82282.2,82468.0,82108.0,82176.6,94632.1
1741605300000,82176.6,82603.4,82053.0,82603.3,89690.6
1741606200000,82603.4,82675.0,82401.0,82520.5,67611.03
1741607100000,82520.5,83800.0,82480.0,83580.0,382089.02
1741608000000,83579.9,83776.0,83066.8,83170.0,245485.18
1741608900000,83169.9,83488.0,82740.1,82815.9,198166.37
1741609800000,82816.0,83242.3,82618.6,83150.1,153560.26
1741610700000,83150.1,83456.8,82955.0,83252.2,92144.63
1741611600000,83252.2,83320.8,82718.0,82984.6,123230.55
1741612500000,82984.6,83052.2,82465.0,82662.2,136797.47
1741613400000,82662.1,82894.7,82091.0,82694.1,416979.91
1741614300000,82694.1,82832.9,81408.0,81534.6,436495.59
1741615200000,81534.0,81534.0,80135.7,80162.0,749506.87
1741616100000,80162.0,80572.8,79307.8,79870.0,1048173.91
1741617000000,79871.9,80333.0,79522.9,79707.7,397080.25
1741617900000,79707.6,80036.8,79142.6,79846.4,386751.58
1741618800000,79846.4,80354.4,79564.0,80249.9,308596.18
1741619700000,80250.1,80516.4,79900.0,80267.6,180047.06
1741620600000,80266.0,81122.0,80180.0,80301.9,313294.46
1741621500000,80301.9,80744.2,80008.0,80038.0,190305.84
1741622400000,80038.1,80250.0,79635.9,80020.0,221342.51
1741623300000,80021.7,80034.0,79307.5,79607.9,192727.01
1741624200000,79608.0,79837.0,79200.0,79349.1,200314.89
1741625100000,79348.1,79513.0,78929.6,79006.1,257945.66
1741626000000,79012.0,79124.6,78350.4,78595.9,493221.5
1741626900000,78595.9,79328.4,78561.5,79065.9,313731.7
1741627800000,79065.9,79138.1,78418.0,78620.0,294324.01
1741628700000,78620.0,78840.0,78166.1,78456.4,292910.6
1741629600000,78456.3,79155.4,78055.0,78814.3,341830.69
1741630500000,78814.2,78977.0,78240.0,78500.0,171838.63
1741631400000,78499.9,78728.0,78162.7,78586.4,193897.27
1741632300000,78586.3,78595.2,77459.3,77661.9,539687.73
1741633200000,77662.0,78179.6,77450.0,78015.1,351997.56
1741634100000,78015.2,78928.7,78000.0,78586.6,361018.22
1741635000000,78586.7,79533.6,78580.0,78750.2,335753.47
1741635900000,78750.3,79260.0,78689.9,79071.9,173923.26
1741636800000,79075.1,79140.8,78650.1,78943.9,117460.84
1741637700000,78943.9,79125.0,78713.3,79065.4,63074.02
1741638600000,79065.4,79202.1,78689.0,78756.2,78652.78
1741639500000,78758.3,79744.5,78410.6,79300.1,290318.56
1741640400000,79300.1,79706.0,78946.0,79649.9,194828.6
1741641300000,79649.8,79649.8,79220.9,79569.3,54785.54
1741642200000,79569.4,79886.5,79447.3,79613.3,89404.6
1741643100000,79613.3,79666.0,79379.9,79568.8,40299.22
1741644000000,79568.7,79843.6,79288.9,79438.3,63658.45
1741644900000,79438.3,79454.0,79190.9,79310.0,52793.31
1741645800000,79310.0,79452.6,79212.0,79212.8,35799.38
1741646700000,79212.9,79724.5,79212.9,79500.1,55938.28
1741647600000,79500.1,79709.4,79375.6,79404.8,63010.01
1741648500000,79404.8,79448.8,78983.9,79209.6,94032.73
1741649400000,79209.6,79386.5,79058.4,79237.0,50381.27
1741650300000,79237.0,79240.0,78480.0,78596.8,186015.36
1741651200000,78596.8,79248.8,78596.7,78764.6,181003.67
1741652100000,78764.6,78778.3,77280.0,77314.2,453395.94
1741653000000,77314.2,77541.8,76792.9,76826.0,563349.55
1741653900000,76826.0,77723.7,76600.0,77668.3,441773.77
1741654800000,77666.8,77737.7,76800.1,77125.7,224126.75
1741655700000,77125.6,77832.7,76989.0,77743.9,161600.81
1741656600000,77744.0,78941.7,77727.2,78939.8,400079.37
1741657500000,78939.8,79123.2,78568.0,79110.4,219859.76
1741658400000,79110.5,79494.0,78920.5,79310.1,234164.11
1741659300000,79310.1,79655.5,79133.2,79271.0,188181.6
1741660200000,79270.9,79314.9,79046.2,79129.2,107304.84
1741661100000,79129.3,79515.0,79090.0,79344.3,91081.57
1741662000000,79344.4,79945.9,79275.0,79636.3,173171.69
1741662900000,79636.4,79708.0,79374.1,79404.9,82582.25
1741663800000,79404.9,79699.0,79351.5,79561.9,64162.43
1741664700000,79561.8,79699.6,79442.8,79518.4,51484.17
1741665600000,79518.4,79866.0,79438.0,79791.9,68650.06
1741666500000,79791.9,80258.6,79779.0,80086.4,210031.32
1741667400000,80086.5,80240.0,79760.0,79950.0,116972.46
1741668300000,79949.9,79957.6,79733.2,79754.3,73925.88
1741669200000,79754.4,80325.5,79718.0,80171.9,136811.54
1741670100000,80171.8,80349.3,79902.3,80180.6,107332.28
1741671000000,80180.6,80289.2,80051.5,80180.7,79284.55
1741671900000,80180.6,80479.2,80133.5,80263.3,117604.02
1741672800000,80263.3,80546.8,80189.0,80421.6,92168.31
1741673700000,80421.6,80520.6,80256.0,80403.3,71923.55
1741674600000,80406.0,80430.0,80200.4,80364.1,44443.67
1741675500000,80364.1,80388.0,80100.0,80100.0,56690.34
1741676400000,80100.0,80490.6,80090.1,80446.1,89569.77
1741677300000,80446.0,80626.1,80341.6,80442.5,79808.06
1741678200000,80442.5,80460.0,80254.1,80359.1,71002.64
1741679100000,80359.0,80494.0,80282.1,80428.2,52228.86
1741680000000,80428.2,80850.0,80325.9,80808.1,149963.54
1741680900000,80808.1,81019.3,80680.1,80924.5,129555.18
1741681800000,80924.6,81075.6,80858.4,80978.0,100471.91
1741682700000,80978.1,81531.8,80978.1,81111.9,276386.16
1741683600000,81111.9,81527.1,81105.5,81325.4,132141.58
1741684500000,81325.4,81698.0,81234.0,81697.8,136979.1
1741685400000,81697.7,81890.0,81474.0,81515.5,159246.0
1741686300000,81515.5,81628.1,81432.4,81448.4,101650.74
1741687200000,81448.5,81657.0,81260.2,81542.0,107998.57
1741688100000,81542.0,81807.7,81496.0,81715.9,65775.26
1741689000000,81715.9,81873.0,81615.9,81738.0,60096.04
1741689900000,81738.1,81824.0,81600.2,81803.9,50014.03
1741690800000,81803.8,81961.5,81380.7,81612.1,154500.82
1741691700000,81612.0,81850.0,81612.0,81817.6,66917.03
1741692600000,81817.6,82107.3,81700.0,81997.8,160803.95
1741693500000,81992.0,82000.0,81692.0,81720.2,59667.24
1741694400000,81720.1,81765.4,81312.5,81347.0,167888.14
1741695300000,81347.0,81922.0,81314.0,81729.1,160523.68
1741696200000,81729.2,81784.1,81377.9,81441.9,111063.29
1741697100000,81441.9,81500.0,81060.9,81242.8,228004.58
1741698000000,81242.7,81358.0,80532.1,80772.9,292512.22
1741698900000,80771.0,82284.5,80734.7,81447.5,574526.08
1741699800000,81447.6,81829.6,80834.2,81172.2,659477.95
1741700700000,81172.2,81564.6,80800.0,80913.2,337816.78
1741701600000,80913.2,81409.4,80069.0,80662.0,936008.0
1741702500000,80662.0,80889.9,79855.6,79931.9,359032.68
1741703400000,79932.0,80239.6,79058.0,79472.0,644159.54
1741704300000,79471.9,80542.4,79280.1,79776.0,540308.43
1741705200000,79776.0,81284.8,79647.7,81209.0,553168.09
1741706100000,81209.0,81516.2,80715.8,80875.1,366016.65
1741707000000,80875.1,81406.6,80790.1,81100.0,219165.73
1741707900000,81098.0,81675.0,80905.1,81218.1,207387.96
1741708800000,81218.2,81529.9,80635.5,80680.0,228005.13
1741709700000,80680.0,81587.8,80648.0,81483.9,186495.87
1741710600000,81485.9,81844.9,81387.5,81618.9,198099.41
1741711500000,81618.8,81900.4,81265.7,81394.4,151275.34
1741712400000,81394.3,81564.3,81119.7,81360.7,138482.46
1741713300000,81360.8,81692.3,80770.0,80882.5,192201.88
1741714200000,80882.4,81460.1,80748.9,81422.6,198306.28
1741715100000,81422.6,81742.8,81100.0,81299.9,209699.01
1741716000000,81300.0,82455.3,81279.8,82426.2,371252.79
1741716900000,82423.4,82879.8,82060.0,82551.7,267237.56
1741717800000,82551.7,82925.2,82351.0,82876.8,204794.04
1741718700000,82876.8,83473.8,82831.5,83260.2,296602.5
1741719600000,83260.3,83632.2,83005.0,83074.9,238012.3
1741720500000,83074.9,83244.3,82852.9,83175.9,116855.52
1741721400000,83175.9,83472.0,83126.2,83343.9,137083.78
1741722300000,83343.8,83408.2,82940.1,83103.3,112809.5
1741723200000,83107.6,83175.8,82803.6,82845.9,75693.38
1741724100000,82845.9,82966.4,82605.9,82645.9,88750.71
1741725000000,82646.8,83000.0,82646.8,82925.5,79641.16
1741725900000,82926.1,83074.3,82784.2,82805.1,48678.36
1741726800000,82805.1,83167.3,82800.1,83052.2,51755.91
1741727700000,83052.1,83240.2,82969.9,83199.0,39650.38
1741728600000,83199.0,83258.2,82951.0,82989.3,33641.99
1741729500000,82989.4,83211.5,82989.3,83109.6,20013.29
1741730400000,83108.9,83286.8,83021.1,83230.1,48569.2
1741731300000,83230.0,83327.5,83063.0,83164.0,54716.61
1741732200000,83164.0,83182.0,82978.9,83097.5,30406.56
1741733100000,83094.1,83242.0,83009.7,83143.0,27370.57
1741734000000,83143.0,83196.9,82750.0,82890.6,57829.13
1741734900000,82890.7,82902.0,82556.8,82674.3,69255.51
1741735800000,82674.2,82897.7,82574.0,82792.4,50040.55
1741736700000,82792.4,82944.2,82657.0,82944.2,35467.08
1741737600000,82944.1,83000.0,82690.4,82784.2,50402.8
1741738500000,82784.1,82974.0,82693.3,82855.7,44339.64
1741739400000,82855.7,83134.9,82670.0,82732.1,71963.64
1741740300000,82732.1,82817.9,82600.0,82763.9,57896.51
1741741200000,82763.9,83161.1,82744.0,83031.5,69339.47
1741742100000,83031.4,83233.9,82926.5,83081.8,76959.23
1741743000000,83081.8,83520.0,83048.3,83340.0,111858.68
1741743900000,83340.1,83786.0,83230.0,83312.0,186953.03
1741744800000,83312.0,83324.5,82749.8,83212.9,140544.16
1741745700000,83213.0,83231.9,82664.2,82708.6,95380.55
1741746600000,82708.6,82804.9,82232.0,82480.0,216768.5
1741747500000,82479.9,82539.9,82255.0,82439.9,85088.27
1741748400000,82439.9,82619.1,82287.8,82495.9,69182.68
1741749300000,82495.9,82495.9,82275.0,82363.0,65499.3
1741750200000,82363.1,82480.0,82123.3,82313.5,115325.71
1741751100000,82313.6,82360.2,82104.0,82130.1,51100.43
1741752000000,82130.2,82195.8,81782.7,82034.1,173409.03
1741752900000,82034.0,82060.2,81839.3,81888.9,65882.91
1741753800000,81888.9,81900.0,81634.2,81659.6,86987.39
1741754700000,81659.7,81869.0,81630.0,81810.0,79266.87
1741755600000,81810.0,81945.8,81602.1,81756.2,79644.52
1741756500000,81756.5,81850.0,81643.6,81812.2,50123.25
1741757400000,81812.1,81982.9,81790.0,81865.2,66459.71
1741758300000,81863.8,82041.8,81825.2,81983.4,59649.05
1741759200000,81983.3,81983.4,81460.0,81621.9,107785.41
1741760100000,81622.0,81760.0,81495.0,81688.1,56752.03
1741761000000,81688.1,81799.0,81615.9,81650.0,33612.22
1741761900000,81650.0,81679.8,81286.2,81417.1,122420.57
1741762800000,81417.0,81722.0,81320.0,81508.9,129968.3
1741763700000,81509.0,81877.3,81335.3,81692.4,115817.3
1741764600000,81692.3,81900.0,81574.0,81895.9,89112.59
1741765500000,81895.9,82546.8,81801.2,82434.9,292394.44
1741766400000,82435.0,82866.5,82367.9,82705.7,185689.38
1741767300000,82705.8,82792.2,82012.8,82510.0,276564.5
1741768200000,82510.0,82694.9,82320.0,82674.8,102516.6
1741769100000,82674.8,82789.0,82568.0,82675.9,87612.73
1741770000000,82675.8,82933.5,82330.0,82565.2,180235.23
1741770900000,82565.2,82575.0,82250.1,82266.9,126290.26
1741771800000,82267.0,82550.0,82218.1,82502.8,80083.68
1741772700000,82502.8,82684.0,82443.0,82671.1,39340.05
1741773600000,82671.0,82770.9,82384.6,82519.0,54851.53
1741774500000,82519.0,82546.7,82160.7,82292.1,161100.86
1741775400000,82292.0,82312.5,82100.0,82297.9,59471.56
1741776300000,82297.9,82534.1,82297.9,82490.1,50740.23
1741777200000,82490.2,82656.8,82436.0,82585.9,50675.42
1741778100000,82585.2,82763.7,82500.0,82755.3,45120.41
1741779000000,82755.3,82979.3,82723.1,82829.2,103078.06
1741779900000,82829.3,83082.2,82750.0,83007.0,80504.75
1741780800000,83007.0,83287.9,82852.4,82940.1,155298.25
1741781700000,82940.1,83520.0,82937.1,83342.9,154497.69
1741782600000,83351.8,84547.4,83345.9,83629.9,1003284.33
1741783500000,83630.0,84074.6,83407.2,84066.4,260371.17
1741784400000,84066.4,84228.4,83686.6,83858.1,176536.48
1741785300000,83858.0,83916.8,83281.3,83352.1,218505.14
1741786200000,83352.0,83799.9,83167.3,83485.9,343962.52
1741787100000,83485.9,83712.3,82353.4,82695.9,526243.28
1741788000000,82696.0,82923.1,82365.0,82475.9,255416.8
1741788900000,82476.0,82765.0,82176.8,82481.6,207494.7
1741789800000,82481.5,82644.0,81580.0,81700.0,401662.51
1741790700000,81699.9,81882.9,81532.6,81534.4,197973.63
1741791600000,81534.5,81604.5,80600.0,80928.5,498325.5
1741792500000,80928.5,81399.0,80794.1,81241.5,370325.0
1741793400000,81241.5,81723.7,81226.4,81605.1,260774.1
1741794300000,81605.1,82031.7,81438.0,81729.6,251682.19
1741795200000,81729.6,82248.5,81616.0,82174.0,229474.84
1741796100000,82174.0,82296.0,81753.9,81842.0,158710.83
1741797000000,81842.0,82228.0,81642.5,81655.9,155055.63
1741797900000,81656.0,82100.0,81655.9,81958.0,111886.65
1741798800000,81958.1,82554.9,81882.2,82450.0,147125.13
1741799700000,82449.3,82883.9,82411.0,82761.2,166346.84
1741800600000,82760.0,82873.4,82411.2,82423.6,94441.56
1741801500000,82429.6,82531.9,81757.4,81844.7,188819.88
1741802400000,81844.7,82379.8,81720.0,82352.7,129667.61
1741803300000,82352.7,82713.9,82320.0,82522.0,153690.23
1741804200000,82522.0,82747.9,82338.3,82700.0,69169.34
1741805100000,82699.9,82810.0,82489.9,82630.9,74532.98
1741806000000,82630.9,82941.6,82480.9,82916.1,76796.21
1741806900000,82916.0,83050.0,82718.1,82770.0,106238.55
1741807800000,82770.1,82978.1,82483.5,82670.2,86855.79
1741808700000,82670.1,83158.0,82667.3,82918.5,117644.7
1741809600000,82919.1,82955.5,82706.0,82782.6,52423.54
1741810500000,82782.6,82971.4,82742.1,82864.9,27240.58
1741811400000,82864.9,83195.8,82864.9,83146.5,45066.2
1741812300000,83149.0,83190.5,83012.2,83117.2,33853.97
1741813200000,83117.1,83300.0,83117.1,83283.9,41299.58
1741814100000,83283.9,83330.0,83115.4,83140.9,24083.25
1741815000000,83140.9,83269.1,83039.2,83096.5,31387.68
1741815900000,83096.4,83156.1,82854.2,83090.1,46184.95
1741816800000,83090.1,83444.4,83082.0,83400.1,61780.78
1741817700000,83400.0,83594.2,83326.9,83500.5,78360.06
1741818600000,83500.6,83678.0,83433.5,83617.5,46611.92
1741819500000,83617.4,83696.0,83535.8,83654.3,29142.3
1741820400000,83654.4,83745.4,83518.0,83582.3,47035.36
1741821300000,83582.3,83600.0,83432.0,83457.9,43753.82
1741822200000,83457.9,83716.0,83412.4,83694.5,44807.18
1741823100000,83694.6,83895.6,83638.0,83692.1,64603.47
1741824000000,83692.0,83832.3,83596.4,83649.0,58100.52
1741824900000,83650.0,84037.1,83485.7,83708.8,108954.37
1741825800000,83708.9,83960.0,83611.2,83820.5,90174.86
1741826700000,83820.6,83840.0,83438.4,83454.6,68614.08
1741827600000,83454.6,83720.0,83310.0,83678.8,76492.93
1741828500000,83678.8,83797.5,83501.3,83644.2,47283.74
1741829400000,83644.3,83897.6,83638.8,83700.0,49980.37
1741830300000,83700.1,84236.5,83699.9,83921.9,127162.7
1741831200000,83921.9,84345.0,83868.0,84162.1,87360.21
1741832100000,84162.2,84162.2,83888.0,83949.9,58376.39
1741833000000,83949.8,84055.8,83813.3,83954.1,57837.34
1741833900000,83954.0,84066.9,83761.9,83785.9,43010.78
1741834800000,83785.9,83998.0,83730.0,83959.2,70474.6
1741835700000,83959.3,84188.0,83865.1,83887.4,66759.6
1741836600000,83887.5,83897.2,83596.0,83612.0,85266.88
1741837500000,83612.1,83711.4,83540.0,83578.8,56213.68
1741838400000,83578.8,83708.2,83506.1,83613.1,66910.04
1741839300000,83613.2,83700.0,83440.0,83456.1,75663.24
1741840200000,83456.0,83543.5,83253.3,83315.3,135263.75
1741841100000,83315.3,83474.2,83224.1,83304.2,88016.55
1741842000000,83304.3,83457.8,83273.1,83380.0,47010.11
1741842900000,83380.0,83557.5,83298.1,83458.5,72080.66
1741843800000,83458.5,83469.9,83088.0,83097.4,127973.97
1741844700000,83097.3,83259.1,83083.4,83170.4,68128.4
1741845600000,83170.4,83217.1,82949.3,82959.9,72769.67
1741846500000,82960.0,83037.9,82857.0,83033.3,81136.73
1741847400000,83033.2,83157.6,82982.8,83055.3,60237.62
1741848300000,83055.3,83351.1,83050.8,83299.4,99178.67
1741849200000,83299.9,83355.1,83150.0,83201.1,69107.1
1741850100000,83201.0,83580.0,83201.0,83432.9,94224.79
1741851000000,83432.9,83542.7,83219.0,83280.1,66778.35
1741851900000,83280.1,83359.6,83140.0,83166.8,48175.12
1741852800000,83166.9,83273.6,83102.0,83102.0,41999.47
1741853700000,83102.0,83134.9,82538.1,82659.6,211855.25
1741854600000,82659.6,82796.8,82376.4,82667.5,142030.58
1741855500000,82667.6,83079.3,82641.3,82979.9,114000.75
1741856400000,82979.9,83288.5,82979.9,83175.9,145899.72
1741857300000,83175.9,83496.5,83165.8,83240.0,131639.48
1741858200000,83239.9,83381.7,83211.3,83308.0,56477.8
1741859100000,83307.9,83535.2,83307.9,83432.7,77900.76
1741860000000,83432.7,83497.9,83250.0,83345.9,76919.53
1741860900000,83345.9,83385.5,83079.1,83295.0,96129.82
1741861800000,83295.1,83397.5,83025.8,83087.8,98003.43
1741862700000,83087.8,83317.3,82975.1,83180.6,82412.24
1741863600000,83180.5,83228.6,82943.2,82971.5,66008.69
1741864500000,82971.4,82971.4,82778.3,82870.1,77758.24
1741865400000,82870.0,83024.7,82755.0,82868.3,99411.03
1741866300000,82868.3,82985.0,82700.2,82971.9,84694.52
1741867200000,82970.3,83023.0,82750.0,82837.4,72095.06
1741868100000,82837.3,83330.0,82828.0,83274.1,139205.55
1741869000000,83274.2,83888.0,82635.0,83002.1,434351.46
1741869900000,83002.2,83002.9,82275.0,82526.5,314459.61
1741870800000,82526.4,82921.0,82476.5,82598.1,190901.17
1741871700000,82598.1,82988.0,82543.1,82904.4,127164.36
1741872600000,82904.4,83119.4,82383.7,82390.1,296386.75
1741873500000,82390.1,82496.0,81578.0,81782.0,429831.6
1741874400000,81782.0,82119.0,81523.0,82047.9,281484.72
1741875300000,82047.9,82508.2,81834.4,81899.9,281306.25
1741876200000,81900.0,82210.0,81859.4,82024.2,116238.07
1741877100000,82023.4,82274.2,81855.0,82006.0,100052.68
1741878000000,82006.0,82192.7,81577.0,81655.3,180105.8
1741878900000,81655.2,81853.1,81411.0,81600.0,179908.1
1741879800000,81600.0,81600.0,80959.4,81430.0,386384.55
1741880700000,81430.0,81430.1,81000.0,81045.2,173625.72
1741881600000,81045.2,81214.8,80826.3,80957.5,193276.45
1741882500000,80957.4,81174.0,80856.0,80959.2,143836.4
1741883400000,80959.9,81268.5,80854.0,81030.2,141377.0
1741884300000,81030.2,81033.8,80650.0,80877.9,170452.91
1741885200000,80877.9,80896.0,80402.6,80595.8,207692.43
1741886100000,80595.9,80604.2,80212.6,80401.9,212681.99
1741887000000,80401.9,80546.7,80065.0,80149.9,171024.71
1741887900000,80149.9,80281.2,79934.5,80078.5,204593.87
1741888800000,80078.4,80789.0,80006.1,80728.3,266251.98
1741889700000,80728.3,80962.8,80504.6,80927.9,172956.13
1741890600000,80927.9,80969.6,80653.6,80768.1,127737.53
1741891500000,80768.1,80870.0,80556.6,80830.7,76442.29
1741892400000,80830.7,81059.0,80650.0,80755.7,109884.07
1741893300000,80755.6,80776.8,80416.9,80579.9,100495.79
1741894200000,80580.0,80686.8,80334.0,80364.8,90642.24
1741895100000,80364.9,80475.2,80140.1,80214.0,138217.36
1741896000000,80212.6,80582.5,80196.1,80424.0,63127.4
1741896900000,80424.0,80693.2,80424.0,80656.1,65399.16
1741897800000,80656.1,80738.0,80382.7,80383.6,35129.16
1741898700000,80383.5,80468.5,80283.0,80380.1,41892.75
1741899600000,80380.0,80574.9,80290.0,80450.3,39412.3
1741900500000,80450.4,80659.6,80397.5,80640.7,23568.7
1741901400000,80640.8,80811.0,80482.5,80774.2,35926.88
1741902300000,80774.1,80879.5,80650.0,80807.5,60045.17
1741903200000,80807.6,81018.0,80714.0,80937.8,54698.71
1741904100000,80937.9,81075.0,80821.2,81060.1,41581.76
1741905000000,81060.1,81173.8,80969.0,81135.1,49104.11
1741905900000,81135.2,81399.5,81135.1,81387.6,65500.89
1741906800000,81387.6,81486.7,81266.1,81353.2,76700.65
1741907700000,81352.0,81383.4,81078.5,81095.9,65437.14
1741908600000,81095.8,81219.5,81049.5,81084.6,39642.28
1741909500000,81084.6,81203.9,81084.6,81121.9,39930.95
1741910400000,81121.9,81135.2,80816.0,81015.6,129319.18
1741911300000,81015.7,81278.9,80900.0,81206.0,64064.71
1741912200000,81206.0,81565.6,81205.9,81541.5,85453.47
1741913100000,81541.5,81699.9,81392.3,81500.0,73456.33
1741914000000,81499.9,81509.0,81206.0,81418.8,82803.93
1741914900000,81418.0,81489.8,81266.0,81436.7,35294.41
1741915800000,81436.7,81850.5,81436.6,81824.8,86677.91
1741916700000,81824.8,81884.2,81574.0,81609.8,68867.66
1741917600000,81609.8,81750.0,81600.0,81729.4,38382.22
1741918500000,81729.5,81964.5,81666.9,81868.3,51201.19
1741919400000,81868.2,81942.9,81688.9,81848.9,51010.68
1741920300000,81848.8,82274.4,81800.0,82228.0,148387.09
1741921200000,82228.1,82254.5,81970.8,82106.9,63995.52
1741922100000,82106.9,82200.0,81976.1,82024.2,51187.73
1741923000000,82024.3,82024.3,81833.0,81839.1,86850.51
1741923900000,81839.0,81907.0,81756.0,81899.8,59747.04
1741924800000,81899.9,82036.0,81889.4,82025.8,51757.4
1741925700000,82025.7,82057.0,81867.3,82018.3,43547.05
1741926600000,82018.3,82050.0,81846.2,81909.8,32396.05
1741927500000,81909.8,82011.9,81903.7,81954.9,18763.85
1741928400000,81954.9,82011.4,81820.0,81843.7,48704.8
1741929300000,81843.7,82010.0,81843.7,81991.9,33098.76
1741930200000,81991.8,82147.4,81950.0,82105.5,42430.06
1741931100000,82105.4,82226.4,82020.0,82157.0,42137.49
1741932000000,82157.0,82197.1,82035.8,82059.2,44178.76
1741932900000,82059.2,82078.3,81840.1,81849.8,47301.06
1741933800000,81849.8,81975.4,81778.9,81813.4,70398.49
1741934700000,81813.4,82060.2,81810.0,82045.0,52570.73
1741935600000,82045.1,82050.0,81892.8,82026.1,37241.81
1741936500000,82026.0,82099.0,81992.1,82079.9,43333.04
1741937400000,82079.8,82440.0,82011.1,82385.9,161278.78
1741938300000,82385.9,82472.7,82161.6,82161.6,141972.45
1741939200000,82161.7,82368.0,82159.9,82319.5,68116.08
1741940100000,82319.9,82596.6,82319.9,82473.3,133837.05
1741941000000,82473.4,82578.8,82320.1,82505.4,87022.76
1741941900000,82505.3,82648.0,82505.3,82591.5,90541.2
1741942800000,82591.5,82773.6,82570.0,82642.5,107254.39
1741943700000,82642.5,82946.4,82623.4,82888.0,99877.28
1741944600000,82888.0,82930.0,82693.1,82890.1,105929.59
1741945500000,82890.0,82895.0,82759.2,82777.8,61680.62
1741946400000,82777.8,82832.2,82662.3,82690.0,68924.37
1741947300000,82690.0,83029.1,82686.2,82977.0,109965.09
1741948200000,82977.0,83110.0,82880.0,83028.1,81315.39
1741949100000,83028.0,83298.0,83001.0,83047.2,149903.0
1741950000000,83047.2,83173.9,83010.0,83052.0,67287.51
1741950900000,83052.1,83231.7,82980.8,83230.0,81847.01
1741951800000,83229.9,83365.0,83150.5,83278.0,78275.63
1741952700000,83278.0,83363.1,83164.0,83255.0,55799.07
1741953600000,83255.0,83430.6,83055.4,83429.9,146397.92
1741954500000,83426.0,83488.0,83353.1,83414.1,90513.46
1741955400000,83414.1,83541.0,83270.0,83280.1,127043.84
1741956300000,83280.0,83446.8,83151.0,83436.3,94945.74
1741957200000,83436.2,83599.2,83386.9,83400.0,90801.59
1741958100000,83400.0,83500.0,83321.1,83344.5,62400.24
1741959000000,83344.5,83825.9,83055.0,83277.8,370223.46
1741959900000,83277.9,83900.0,83265.5,83604.1,270430.64
1741960800000,83604.1,83610.7,82802.9,83009.0,575136.02
1741961700000,83008.9,83070.1,82636.8,82819.9,331803.93
1741962600000,82819.9,83481.9,82784.0,83148.0,228940.46
1741963500000,83148.0,83538.0,83023.0,83538.0,185233.85
1741964400000,83538.1,84499.0,83538.1,84264.8,541719.22
1741965300000,84264.8,84988.0,84262.5,84940.0,467061.21
1741966200000,84941.9,85317.1,84895.5,85121.3,385748.55
1741967100000,85121.3,85149.7,84627.0,84744.1,323199.6
1741968000000,84744.0,84976.1,84513.0,84525.8,198868.2
1741968900000,84525.8,84845.9,84377.0,84413.1,219799.56
1741969800000,84413.0,84510.7,83957.4,84488.5,300540.11
1741970700000,84488.6,84863.0,84333.3,84783.0,192014.63
1741971600000,84783.0,84850.0,84484.2,84567.4,136396.97
1741972500000,84567.3,84692.7,84260.0,84387.8,111963.55
1741973400000,84386.1,84500.0,84214.0,84237.1,83908.94
1741974300000,84237.1,84436.0,84200.0,84371.9,86808.93
1741975200000,84372.0,84650.9,84370.1,84407.7,82842.82
1741976100000,84407.6,84449.7,84204.8,84301.0,60577.37
1741977000000,84303.7,84736.9,84284.7,84619.9,75740.55
1741977900000,84619.9,84633.6,84485.5,84569.1,46495.62
1741978800000,84569.0,84941.8,84480.7,84881.1,77956.91
1741979700000,84881.2,84899.7,84576.9,84628.1,74528.89
1741980600000,84628.0,84724.8,84524.7,84558.9,45832.75
1741981500000,84558.9,84637.2,84455.0,84559.8,79818.27
1741982400000,84557.9,84559.8,84219.8,84285.7,78245.3
1741983300000,84285.7,84320.5,83720.0,84054.1,222589.96
1741984200000,84054.1,84321.2,84000.0,84239.2,78492.43
1741985100000,84240.0,84245.6,84118.0,84133.2,25959.0
1741986000000,84133.1,84182.4,83951.0,83977.6,35495.41
1741986900000,83977.6,84310.3,83977.6,84235.2,36784.95
1741987800000,84235.3,84276.3,84132.0,84187.4,19698.57
1741988700000,84187.3,84253.0,84141.6,84202.6,16803.31
1741989600000,84202.6,84225.0,84100.0,84193.9,26797.6
1741990500000,84193.9,84462.0,84191.9,84328.1,59969.05
1741991400000,84328.0,84392.7,84269.2,84381.0,35604.72
1741992300000,84380.9,84516.9,84371.4,84444.3,30623.68
1741993200000,84444.3,84448.2,84248.5,84257.8,22213.63
1741994100000,84257.8,84297.6,84168.6,84265.2,22523.12
1741995000000,84265.3,84294.0,84001.0,84001.1,27313.97
1741995900000,84001.0,84104.3,83952.9,83988.0,34188.6
1741996800000,83988.0,84211.8,83974.0,84172.0,47507.16
1741997700000,84172.0,84233.9,84110.0,84233.9,27273.09
1741998600000,84233.8,84315.0,84202.2,84225.0,29738.94
1741999500000,84225.0,84352.9,84225.0,84300.1,27408.66
1742000400000,84300.0,84477.2,84296.6,84466.1,35727.31
1742001300000,84466.1,84597.9,84335.0,84351.6,50614.45
1742002200000,84351.5,84351.6,84104.7,84162.0,56399.71
1742003100000,84162.0,84370.0,84145.6,84354.0,39603.42
1742004000000,84353.9,84403.4,84155.3,84398.1,47680.06
1742004900000,84398.0,84398.1,84232.1,84303.9,32604.95
1742005800000,84303.9,84488.0,84239.9,84394.9,94751.5
1742006700000,84395.0,84636.2,84395.0,84548.2,57743.31
1742007600000,84548.2,84597.4,84423.9,84543.7,47601.86
1742008500000,84543.8,84675.0,84522.2,84643.0,40444.47
1742009400000,84643.0,84677.4,84415.1,84434.4,42964.74
1742010300000,84434.4,84520.0,84420.0,84485.6,29715.53
1742011200000,84485.5,84542.0,84365.8,84365.8,31485.29
1742012100000,84365.8,84411.8,84288.7,84392.8,40680.72
1742013000000,84392.8,84550.0,84337.0,84538.7,41972.57
1742013900000,84538.8,84538.8,84450.0,84450.1,20331.15
1742014800000,84450.0,84474.0,84339.4,84401.3,28893.63
1742015700000,84401.3,84401.3,84295.5,84325.2,21668.36
1742016600000,84325.2,84392.5,84300.0,84340.1,23595.59
1742017500000,84340.1,84354.3,84253.3,84253.4,17043.57
1742018400000,84253.4,84268.9,84168.0,84220.2,48309.28
1742019300000,84220.2,84304.2,84211.2,84263.3,26006.7
1742020200000,84263.3,84263.3,84150.1,84183.4,29300.12
1742021100000,84183.3,84226.3,84160.6,84187.4,16539.48
1742022000000,84187.3,84202.5,84010.0,84100.4,85289.51
1742022900000,84100.3,84100.3,83944.0,83955.5,67075.86
1742023800000,83955.6,84054.5,83810.0,84010.0,94949.26
1742024700000,84010.1,84107.8,83833.3,83833.3,65660.78
1742025600000,83833.4,83934.1,83753.1,83784.1,55386.57
1742026500000,83784.0,83891.6,83610.7,83824.7,123114.21
1742027400000,83824.6,84044.8,83774.0,84007.9,75387.22
1742028300000,84007.8,84011.7,83885.5,83901.2,35119.36
1742029200000,83901.3,83901.3,83764.0,83834.1,46920.75
1742030100000,83834.1,83883.0,83714.0,83750.3,46733.24
1742031000000,83750.1,83983.5,83744.9,83908.1,49185.44
1742031900000,83908.0,83981.7,83904.6,83978.1,27093.29
1742032800000,83978.0,84000.0,83898.5,83898.5,50415.51
1742033700000,83898.5,83900.0,83666.8,83730.1,67776.67
1742034600000,83730.0,83880.0,83730.0,83839.6,32123.06
1742035500000,83839.6,83927.7,83819.8,83922.0,59406.95
1742036400000,83922.0,84020.9,83844.3,83924.2,44042.72
1742037300000,83924.3,84006.5,83872.7,84005.5,31137.45
1742038200000,84005.6,84144.7,83977.2,84090.5,70270.08
1742039100000,84090.4,84200.0,84048.3,84105.2,55759.0
1742040000000,84105.1,84172.4,84002.5,84148.2,56563.14
1742040900000,84148.3,84258.0,84130.2,84216.0,65756.6
1742041800000,84216.0,84252.1,84163.4,84213.0,35770.24
1742042700000,84213.1,84277.3,84110.1,84145.0,40556.31
1742043600000,84145.0,84315.5,84134.9,84288.0,48872.78
1742044500000,84288.0,84386.3,84254.0,84301.3,50577.96
1742045400000,84301.2,84476.6,84234.5,84448.5,72101.83
1742046300000,84448.5,84450.0,84354.4,84448.9,41283.74
1742047200000,84448.9,84448.9,84208.0,84342.7,67687.01
1742048100000,84342.6,84342.6,84117.6,84159.2,78338.63
1742049000000,84159.2,84217.0,84094.3,84199.9,41442.83
1742049900000,84199.9,84258.4,84112.0,84137.5,42408.35
1742050800000,84137.6,84340.0,84137.5,84319.8,34087.2
1742051700000,84320.0,84397.0,84280.6,84294.7,25419.57
1742052600000,84294.7,84364.6,84180.0,84338.9,33787.04
1742053500000,84339.0,84388.0,84290.6,84327.5,47115.37
1742054400000,84327.5,84408.8,84231.0,84292.8,46915.74
1742055300000,84293.8,84300.0,84177.0,84269.9,33245.3
1742056200000,84269.8,84449.9,84241.7,84379.5,62180.65
1742057100000,84379.5,84480.0,84320.1,84352.4,37591.89
1742058000000,84352.4,84408.9,84264.0,84399.8,27296.96
1742058900000,84399.8,84500.0,84344.0,84485.2,32767.98
1742059800000,84485.2,84485.3,84379.1,84422.7,25640.74
1742060700000,84422.8,84445.0,84361.2,84410.0,18930.83
1742061600000,84410.0,84467.4,84383.8,84450.1,16813.5
1742062500000,84450.0,84450.1,84302.0,84351.9,30982.87
1742063400000,84352.0,84372.0,84120.0,84189.0,43778.47
1742064300000,84189.1,84237.8,84145.0,84218.8,38734.32
1742065200000,84218.8,84218.8,84108.7,84208.3,35687.78
1742066100000,84208.3,84248.3,84182.1,84228.1,14333.93
1742067000000,84228.2,84284.0,84172.6,84284.0,16018.27
1742067900000,84284.0,84328.7,84258.0,84305.5,40603.15
1742068800000,84305.4,84457.1,84305.4,84407.2,47428.68
1742069700000,84407.2,84438.3,84360.5,84430.0,12365.58
1742070600000,84430.0,84430.0,84352.8,84380.6,10181.38
1742071500000,84380.6,84435.6,84352.1,84391.0,17142.6
1742072400000,84391.7,84424.4,84278.5,84278.5,13985.87
1742073300000,84278.6,84387.2,84241.6,84387.1,11103.37
1742074200000,84387.1,84465.7,84381.9,84408.5,37305.07
1742075100000,84408.5,84454.5,84352.3,84382.6,27228.4
1742076000000,84382.7,84434.0,84347.4,84361.6,12846.52
1742076900000,84361.6,84439.8,84350.0,84404.3,12622.94
1742077800000,84404.3,84443.9,84311.1,84322.6,11342.37
1742078700000,84322.7,84407.4,84316.0,84373.6,8458.16
1742079600000,84373.6,84387.7,84330.0,84340.0,20751.79
1742080500000,84338.0,84374.5,84300.4,84313.5,17447.86
1742081400000,84313.5,84369.1,84247.2,84369.1,54569.89
1742082300000,84369.1,84405.0,84319.0,84344.0,12720.91
1742083200000,84344.1,84386.1,84261.7,84336.0,21018.57
1742084100000,84336.1,84346.2,84271.0,84273.8,34056.5
1742085000000,84273.8,84325.2,84211.4,84296.7,24387.85
1742085900000,84296.8,84310.0,84220.3,84262.9,13491.81
1742086800000,84263.0,84286.3,84157.6,84171.4,28729.0
1742087700000,84171.4,84246.6,84130.0,84180.0,18639.4
1742088600000,84180.0,84180.0,83813.5,83999.9,133812.74
1742089500000,84000.0,84054.0,83866.0,83869.4,36393.27
1742090400000,83869.4,83939.6,83750.0,83806.1,59634.84
1742091300000,83806.1,83956.1,83766.0,83949.9,41270.58
1742092200000,83950.0,84142.0,83915.0,84040.0,66718.15
1742093100000,84040.0,84064.0,83881.2,83963.6,42309.96
1742094000000,83963.7,84078.7,83899.7,84017.7,30723.65
1742094900000,84017.7,84135.0,84017.6,84116.1,24050.3
1742095800000,84116.1,84240.0,84103.2,84230.0,36581.77
1742096700000,84230.0,84399.0,84180.0,84336.2,57917.55
1742097600000,84336.2,84421.0,84275.1,84347.3,43990.23
1742098500000,84347.3,84416.0,84266.7,84279.6,29697.32
1742099400000,84279.6,84387.0,84235.5,84379.9,36961.44
1742100300000,84380.0,84400.0,84303.5,84392.0,25883.94
1742101200000,84392.0,84399.5,84301.8,84326.0,34617.68
1742102100000,84325.9,84398.0,84319.0,84397.9,31731.1
1742103000000,84398.0,84399.8,84320.0,84320.1,15170.6
1742103900000,84320.0,84394.1,84288.9,84391.8,23739.76
1742104800000,84391.8,84401.7,84328.9,84370.1,20080.39
1742105700000,84370.1,84383.4,84300.0,84304.0,21880.79
1742106600000,84304.1,84362.1,84251.3,84293.4,27338.55
1742107500000,84293.5,84293.5,84215.2,84215.2,17753.02
1742108400000,84215.3,84228.3,83960.0,84043.4,90731.47
1742109300000,84043.3,84225.6,83991.0,84128.1,46864.11
1742110200000,84128.2,84377.4,84128.1,84343.7,77034.68
1742111100000,84343.7,84343.7,84238.3,84273.3,30793.93
1742112000000,84273.4,84335.0,84222.0,84280.0,24314.86
1742112900000,84280.0,84280.0,84160.0,84182.2,17800.22
1742113800000,84182.3,84299.4,84182.2,84225.9,37410.64
1742114700000,84225.9,84284.7,84220.0,84259.1,9683.69
1742115600000,84259.2,84276.0,84175.2,84216.9,25497.12
1742116500000,84216.8,84232.3,83938.0,84012.7,79044.43
1742117400000,84012.7,84071.5,83800.0,83820.0,94143.76
1742118300000,83819.9,83947.9,83805.8,83900.0,62722.74
1742119200000,83899.9,84075.2,83816.7,84049.0,79615.64
1742120100000,84049.0,84049.0,83666.0,83763.6,126613.31
1742121000000,83763.6,83822.4,83710.0,83814.0,48698.27
1742121900000,83814.0,83814.1,83651.3,83665.5,54405.39
1742122800000,83665.5,83699.9,83091.2,83251.1,320923.34
1742123700000,83251.1,83251.1,82700.0,82859.7,365645.92
1742124600000,82857.9,82857.9,82386.0,82523.2,268557.59
1742125500000,82523.3,82667.1,82360.6,82409.8,151995.23
1742126400000,82410.7,82739.2,82398.7,82630.1,182857.68
1742127300000,82630.1,82933.0,82433.4,82881.9,144151.33
1742128200000,82881.9,82884.3,82591.8,82642.7,89201.31
1742129100000,82642.6,82830.0,82573.7,82750.0,66611.26
1742130000000,82750.0,83145.0,82725.0,83006.3,172197.99
1742130900000,83006.3,83035.9,82813.0,82969.9,71109.0
1742131800000,82970.0,83111.0,82668.0,82729.4,94150.71
1742132700000,82729.4,82788.0,82500.0,82600.2,165456.07
1742133600000,82600.1,82964.2,82574.0,82694.5,133723.26
1742134500000,82694.4,82921.0,82625.0,82892.1,55740.26
1742135400000,82892.1,83006.7,82716.0,82935.9,58383.9
1742136300000,82935.9,83399.9,82888.0,83369.2,166998.34
1742137200000,83369.2,83492.0,83171.0,83274.1,146594.42
1742138100000,83274.0,83290.4,83055.0,83106.2,60032.51
1742139000000,83106.1,83339.0,82969.9,83258.1,90505.64
1742139900000,83258.1,83435.0,83191.6,83312.1,59212.5
1742140800000,83312.1,85167.9,83282.7,84150.0,865759.69
1742141700000,84150.0,84647.1,84040.2,84351.9,297026.6
1742142600000,84352.0,84369.5,83781.7,84054.9,214869.44
1742143500000,84055.0,84173.9,83401.5,83627.2,190192.3
1742144400000,83627.2,84118.0,83627.2,83821.1,160796.66
1742145300000,83821.1,83929.7,83506.9,83590.0,62917.46
1742146200000,83590.0,83776.2,83478.0,83673.7,61862.01
1742147100000,83673.8,84014.4,83542.1,83914.6,61672.25
1742148000000,83914.6,84039.2,83713.3,83916.4,52283.44
1742148900000,83916.4,84029.8,83853.6,84028.0,32564.25
1742149800000,84028.0,84100.0,83735.3,83912.0,44837.46
1742150700000,83911.9,83911.9,83635.0,83704.5,55897.94
1742151600000,83704.4,83737.8,82942.5,83213.2,177180.38
1742152500000,83213.1,83294.1,82540.1,83207.3,230081.4
1742153400000,83207.3,83250.0,82880.7,83155.0,49321.2
1742154300000,83155.1,83228.6,83007.0,83106.2,30785.68
1742155200000,83106.2,83386.0,83021.1,83319.1,56088.83
1742156100000,83319.1,83465.3,83005.0,83060.1,49208.32
1742157000000,83060.1,83166.0,82992.0,83099.1,28349.42
1742157900000,83099.1,83224.2,82867.2,83222.0,56052.36
1742158800000,83222.0,83232.9,82921.1,82966.8,53831.04
1742159700000,82966.8,82984.7,82792.6,82967.6,60946.15
1742160600000,82967.6,82967.6,82720.0,82877.1,35196.61
1742161500000,82877.1,82877.1,82677.1,82771.6,30945.64
1742162400000,82771.6,82845.5,82188.0,82576.0,158807.45
1742163300000,82576.0,82623.4,82234.0,82458.6,90999.84
1742164200000,82457.9,82491.2,82165.5,82433.9,75761.91
1742165100000,82433.8,82443.9,82076.3,82093.1,86419.65
1742166000000,82093.1,82335.2,81980.8,82230.0,108015.85
1742166900000,82230.0,82465.6,82200.0,82441.2,67569.53
1742167800000,82441.2,82632.9,82364.9,82619.5,98860.99
1742168700000,82619.5,82637.1,82505.0,82576.0,57045.63
1742169600000,82576.1,82836.7,82521.1,82742.2,64470.39
1742170500000,82742.1,82904.4,82712.8,82882.1,63094.43
1742171400000,82882.1,83025.2,82799.2,82951.9,86703.38
1742172300000,82952.0,83150.4,82945.7,83057.9,65032.73
1742173200000,83057.8,83253.3,82827.0,82888.0,84524.43
1742174100000,82888.1,83026.7,82825.9,82955.7,57848.94
1742175000000,82955.6,83242.0,82955.6,83164.8,56269.81
1742175900000,83164.9,83413.1,83164.8,83236.4,78072.85
1742176800000,83236.4,83250.5,83035.6,83035.6,53041.34
1742177700000,83035.6,83282.8,82968.0,83263.5,65686.05
1742178600000,83263.5,83330.0,83172.1,83318.0,35753.52
1742179500000,83318.1,83366.6,83134.0,83208.1,40647.06
1742180400000,83208.0,83623.8,83206.1,83498.8,101001.94
1742181300000,83498.8,83600.0,83439.5,83480.0,47001.39
1742182200000,83480.1,83535.0,83382.7,83475.4,38527.42
1742183100000,83475.4,83731.4,83475.4,83672.0,76813.64
1742184000000,83672.1,83876.8,83669.6,83743.7,78093.49
1742184900000,83743.6,83822.0,83642.0,83712.3,44664.24
1742185800000,83712.4,83789.7,83587.3,83624.9,35763.72
1742186700000,83624.9,83672.0,83506.9,83617.8,50611.44
1742187600000,83617.8,83617.8,83181.5,83306.2,106210.79
1742188500000,83306.3,83350.0,83236.0,83308.1,68810.83
1742189400000,83308.1,83350.0,83154.1,83265.9,66391.48
1742190300000,83265.9,83290.1,83118.0,83118.1,49259.11
1742191200000,83118.1,83299.5,83118.0,83249.9,40606.12
1742192100000,83249.8,83285.0,82872.7,82906.3,84167.91
1742193000000,82906.4,83080.3,82666.1,83080.3,125244.55
1742193900000,83080.4,83292.0,83052.4,83233.0,88866.08
1742194800000,83234.2,83479.0,83216.1,83338.4,111064.44
1742195700000,83338.5,83454.2,83241.8,83378.5,60460.17
1742196600000,83378.0,83432.0,83324.4,83412.1,40366.75
1742197500000,83412.0,83641.9,83412.0,83560.1,101842.99
1742198400000,83560.0,83594.2,83310.1,83387.0,75779.42
1742199300000,83387.0,83567.5,83208.0,83544.6,79895.97
1742200200000,83544.6,83563.4,83429.8,83554.8,43702.12
1742201100000,83554.8,83728.7,83480.0,83536.9,64583.85
1742202000000,83537.0,83626.0,83424.4,83551.1,36995.0
1742202900000,83551.1,83781.7,83551.0,83747.7,73388.02
1742203800000,83747.8,83763.7,83600.0,83605.0,34579.18
1742204700000,83605.0,83695.5,83540.2,83652.0,45579.56
1742205600000,83652.0,83687.0,83352.7,83388.0,53966.08
1742206500000,83387.9,83528.9,83337.8,83470.0,47127.04
1742207400000,83470.0,83485.0,83301.6,83388.5,48934.96
1742208300000,83388.5,83449.0,83246.4,83333.6,39084.49
1742209200000,83333.7,83403.2,83207.7,83403.2,52112.72
1742210100000,83403.2,83640.0,83366.2,83532.1,63821.2
1742211000000,83532.2,83688.0,83524.0,83555.1,44003.0
1742211900000,83555.0,83600.0,83477.9,83504.6,38009.6
1742212800000,83504.5,84034.4,83237.7,83348.8,257962.7
1742213700000,83348.7,83348.7,82957.5,83197.0,181310.73
1742214600000,83197.9,83930.4,83130.5,83333.9,346282.97
1742215500000,83333.9,83418.1,83012.6,83054.1,107556.94
1742216400000,83054.1,83294.9,82825.1,83155.6,206132.9
1742217300000,83155.7,83242.0,82883.0,82944.9,78005.95
1742218200000,82945.0,83734.5,82773.0,83411.9,373859.87
1742219100000,83411.9,83478.5,82903.4,83020.1,184906.43
1742220000000,83020.1,83020.1,82444.0,82819.4,370892.18
1742220900000,82819.5,82973.0,82535.1,82776.1,181454.77
1742221800000,82776.1,83278.0,82700.0,83174.7,208707.73
1742222700000,83174.8,83374.0,82830.1,82913.9,135655.95
1742223600000,82914.0,83293.6,82705.9,83231.9,128619.27
1742224500000,83232.8,83588.0,83153.1,83329.7,146960.03
1742225400000,83329.7,83450.0,83142.5,83358.8,87398.66
1742226300000,83358.7,83698.5,83342.0,83531.1,124830.51
1742227200000,83531.0,83866.0,83430.0,83729.8,150674.76
1742228100000,83729.9,83816.8,83501.0,83623.6,99956.22
1742229000000,83623.6,83747.0,83198.0,83234.6,111699.24
1742229900000,83234.7,83506.7,83055.6,83445.9,145975.11
1742230800000,83444.0,83795.9,83350.0,83764.9,87138.67
1742231700000,83764.9,83996.0,83700.4,83925.9,104615.26
1742232600000,83925.9,84294.9,83820.0,84244.8,243552.72
1742233500000,84244.7,84349.4,84076.3,84199.9,104349.32
1742234400000,84199.9,84352.4,83962.0,84126.8,124145.7
1742235300000,84126.8,84243.6,84020.4,84130.0,94202.91
1742236200000,84130.1,84514.0,84090.5,84466.4,107957.98
1742237100000,84466.5,84597.6,84379.3,84504.0,114236.13
1742238000000,84504.0,84637.1,84383.3,84490.1,100436.74
1742238900000,84490.2,84525.0,84314.0,84412.8,85448.96
1742239800000,84411.3,84580.0,84366.0,84570.4,38480.05
1742240700000,84570.4,84768.6,84385.0,84475.8,105146.89
1742241600000,84475.9,84499.3,84202.7,84279.1,89322.69
1742242500000,84279.1,84339.4,84026.4,84130.2,92842.8
1742243400000,84130.2,84153.1,83891.2,84042.3,133346.32
1742244300000,84042.3,84177.1,83855.3,83965.9,54159.4
1742245200000,83966.0,84066.2,83919.3,84066.2,36210.75
1742246100000,84066.2,84266.7,83965.8,83965.9,32426.74
1742247000000,83966.0,84089.2,83885.0,83986.7,30293.23
1742247900000,83986.6,84200.0,83976.8,84074.8,22699.79
1742248800000,84074.8,84148.8,83991.2,84115.4,22756.9
1742249700000,84117.7,84199.8,84100.0,84184.4,20424.77
1742250600000,84184.4,84237.0,84125.5,84128.5,27545.11
1742251500000,84128.5,84131.8,84052.5,84052.7,16513.82
1742252400000,84052.6,84065.6,83954.8,83961.3,27490.61
1742253300000,83961.2,84000.0,83838.1,83838.1,38435.5
1742254200000,83838.2,84100.0,83741.9,84095.6,51991.75
1742255100000,84095.6,84141.1,83994.0,83994.1,28474.57
1742256000000,83994.0,84017.7,83870.0,83875.7,53373.2
1742256900000,83875.7,83988.5,83746.0,83746.1,30358.03
1742257800000,83746.0,83850.0,83718.5,83768.0,52846.05
1742258700000,83768.1,83833.7,83704.5,83805.4,66938.59
1742259600000,83805.5,83930.2,83586.2,83597.9,71551.94
1742260500000,83597.9,83599.9,83206.9,83350.1,175661.58
1742261400000,83350.0,83350.1,83020.0,83055.0,120896.71
1742262300000,83055.1,83208.3,83016.0,83166.0,78691.91
1742263200000,83166.1,83380.0,83076.0,83379.9,94374.12
1742264100000,83379.9,83500.0,83235.7,83448.2,83303.81
1742265000000,83448.2,83534.0,83343.4,83467.8,51178.44
1742265900000,83467.9,83540.3,83340.5,83369.9,42890.72
1742266800000,83369.9,83369.9,83152.7,83237.8,66193.7
1742267700000,83237.9,83300.0,83066.7,83088.1,52989.29
1742268600000,83088.0,83167.5,82942.5,83158.7,105353.15
1742269500000,83158.6,83237.5,83068.1,83146.8,41436.23
1742270400000,83146.7,83218.7,83081.7,83200.1,45452.52
1742271300000,83200.0,83217.1,83084.6,83182.6,24075.12
1742272200000,83182.5,83182.5,82952.7,82991.0,51636.09
1742273100000,82991.0,83038.0,82835.1,83003.9,99168.98
1742274000000,83003.9,83141.2,83000.0,83013.0,39826.16
1742274900000,83012.9,83018.9,82915.0,83018.9,48773.74
1742275800000,83018.8,83109.5,82900.6,83099.9,56767.03
1742276700000,83098.0,83106.3,82950.0,83028.4,30445.48
1742277600000,83028.4,83028.5,82755.0,82791.9,88181.21
1742278500000,82792.0,82867.7,82540.6,82708.0,150555.43
1742279400000,82708.0,82742.9,82330.0,82330.0,238142.48
1742280300000,82330.0,82532.5,82234.9,82455.8,176273.36
1742281200000,82455.8,83288.5,82358.1,82943.5,402912.66
1742282100000,82943.5,83222.0,82789.0,83127.9,126735.97
1742283000000,83127.9,83150.0,82958.0,83103.1,66112.21
1742283900000,83103.2,83192.0,83050.0,83155.2,48145.55
1742284800000,83155.1,83319.8,83084.0,83092.3,78455.42
1742285700000,83097.4,83270.2,83036.1,83233.0,47931.0
1742286600000,83233.1,83454.0,83214.0,83277.3,105708.26
1742287500000,83277.3,83349.5,83222.0,83277.9,41602.75
1742288400000,83277.9,83347.5,83220.0,83242.0,37192.7
1742289300000,83242.0,83259.9,83066.0,83111.0,71699.48
1742290200000,83111.0,83215.0,83080.1,83136.7,34854.69
1742291100000,83136.6,83160.0,82770.0,82837.9,108664.83
1742292000000,82838.0,82940.1,82735.9,82772.3,71322.22
1742292900000,82772.4,82786.7,82591.7,82758.6,102699.86
1742293800000,82758.5,82894.7,82639.9,82834.9,64846.85
1742294700000,82834.9,82842.4,82727.8,82828.6,39812.74
1742295600000,82828.7,82871.5,82652.6,82790.8,59871.49
1742296500000,82790.8,82794.0,82700.0,82708.4,26643.27
1742297400000,82708.5,82721.0,82555.0,82565.0,59486.46
1742298300000,82565.0,82667.7,82506.0,82590.0,50494.27
1742299200000,82590.1,82713.9,82505.0,82561.2,82987.7
1742300100000,82561.1,82830.0,82503.7,82616.9,67127.02
1742301000000,82616.8,82616.9,82411.0,82546.3,104893.1
1742301900000,82546.2,82572.4,82335.0,82413.7,68115.07
1742302800000,82413.7,82493.6,82308.7,82323.2,69670.87
1742303700000,82323.1,82461.6,82275.1,82388.0,65201.6
1742304600000,82388.0,82412.5,81357.9,81409.9,651835.96
1742305500000,81409.8,81569.2,81171.9,81365.0,362598.66
1742306400000,81365.0,81596.4,81223.5,81270.1,249387.9
1742307300000,81270.1,81619.4,81124.9,81617.0,206089.89
1742308200000,81617.0,81970.0,81493.7,81687.2,269610.37
1742309100000,81687.1,81880.2,81525.0,81841.0,139269.4
1742310000000,81841.1,81854.3,81525.0,81763.5,120829.91
1742310900000,81763.5,81934.3,81588.0,81827.0,101346.22
1742311800000,81827.0,82216.4,81771.7,81867.7,193051.0
1742312700000,81866.7,82009.1,81528.0,81600.1,146202.21
1742313600000,81600.1,81842.1,81538.8,81842.1,105963.58
1742314500000,81842.1,82129.1,81664.3,82104.8,92489.6
1742315400000,82104.7,82160.0,81675.3,81697.7,100062.24
1742316300000,81697.7,81931.9,81537.6,81854.9,106890.44
1742317200000,81855.0,81979.0,81573.7,81727.9,92646.64
1742318100000,81727.8,81757.1,81537.0,81614.0,101789.18
1742319000000,81614.0,81854.4,81351.4,81679.7,116549.23
1742319900000,81679.7,81773.0,81321.0,81456.3,86617.27
1742320800000,81456.4,81517.5,81302.0,81404.0,70193.83
1742321700000,81404.0,81662.9,81338.0,81354.3,64886.85
1742322600000,81354.3,81638.0,81230.5,81600.0,65563.47
1742323500000,81600.0,81947.8,81597.0,81879.9,114277.73
1742324400000,81880.0,81970.5,81743.4,81922.1,82645.52
1742325300000,81922.1,82070.1,81855.0,81903.4,56563.71
1742326200000,81903.4,82105.9,81895.0,82045.5,65931.46
1742327100000,82045.6,82473.9,81992.2,82308.1,190391.29
1742328000000,82308.1,82355.0,82107.4,82107.4,62545.69
1742328900000,82107.4,82160.0,82001.7,82020.0,42453.24
1742329800000,82020.0,82036.8,81862.3,81935.9,42870.19
1742330700000,81936.0,82056.8,81878.0,82056.8,27889.66
1742331600000,82056.8,82185.0,82024.0,82184.9,22324.03
1742332500000,82184.9,82205.9,82071.7,82123.2,17283.5
1742333400000,82123.1,82126.0,81930.1,82005.2,23971.33
1742334300000,82005.3,82103.5,81980.2,82055.3,17299.31
1742335200000,82055.3,82355.8,81986.6,82270.1,63548.13
1742336100000,82270.0,82388.0,82200.0,82256.4,37424.14
1742337000000,82257.0,82358.5,82206.8,82279.9,20515.3
1742337900000,82280.0,82569.9,82279.9,82384.0,52002.09
1742338800000,82383.9,82621.0,82383.9,82582.1,53344.29
1742339700000,82582.0,82771.9,82576.9,82770.9,84657.82
1742340600000,82770.9,82777.0,82594.1,82652.1,62344.98
1742341500000,82652.2,82811.7,82624.8,82707.3,33362.4
1742342400000,82707.4,82783.6,82595.0,82723.3,36942.02
1742343300000,82723.3,83006.8,82709.5,82916.1,154800.19
1742344200000,82916.1,83225.9,82916.1,82974.4,124561.61
1742345100000,82974.3,83240.0,82971.3,83102.0,72550.92
1742346000000,83102.0,83156.9,82852.1,82857.9,72697.07
1742346900000,82857.9,82959.0,82780.0,82837.3,72992.54
1742347800000,82837.4,82955.0,82800.8,82893.8,33026.74
1742348700000,82893.8,83087.5,82565.3,82599.2,79969.95
1742349600000,82599.2,82845.9,82530.0,82744.1,77811.57
1742350500000,82744.2,82850.0,82640.8,82701.0,34354.56
1742351400000,82701.1,82885.7,82622.4,82818.1,44384.82
1742352300000,82818.1,82900.0,82737.6,82875.7,40373.83
1742353200000,82875.7,83043.7,82860.0,82940.0,66870.61
1742354100000,82939.9,82982.0,82736.9,82791.9,37971.11
1742355000000,82792.0,82985.0,82791.9,82926.0,42719.75
1742355900000,82926.1,83083.5,82850.0,83032.0,42722.16
1742356800000,83032.0,83074.5,82880.0,82913.9,38035.69
1742357700000,82913.9,82950.0,82821.8,82826.0,30557.24
1742358600000,82826.1,83009.4,82790.0,82970.4,38512.39
1742359500000,82970.3,83044.0,82926.1,82958.6,20512.12
1742360400000,82958.6,83025.0,82908.3,82912.7,24895.07
1742361300000,82912.7,83115.4,82912.7,83033.3,38605.67
1742362200000,83033.3,83272.8,82976.7,83148.5,86487.36
1742363100000,83148.5,83327.8,83134.3,83234.8,72573.54
1742364000000,83234.9,83315.8,83158.4,83282.9,45714.82
1742364900000,83282.9,83327.0,83176.8,83187.9,37314.27
1742365800000,83188.0,83271.3,83124.0,83166.1,46998.52
1742366700000,83166.0,83228.5,83100.1,83189.5,33293.83
1742367600000,83189.5,83200.0,83026.0,83128.1,62076.72
1742368500000,83128.1,83296.0,83124.1,83296.0,46464.03
1742369400000,83295.9,83355.0,83112.6,83184.5,82386.73
1742370300000,83184.5,83260.0,83134.2,83198.4,37067.82
1742371200000,83198.5,83398.0,83178.5,83362.0,68139.0
1742372100000,83361.9,83413.5,83289.2,83402.7,39882.61
1742373000000,83402.6,83490.0,83345.1,83399.9,78391.79
1742373900000,83400.0,83506.0,83378.1,83408.5,64506.9
1742374800000,83408.6,83512.9,83360.0,83440.0,46664.57
1742375700000,83440.0,83588.1,83440.0,83550.1,63809.18
1742376600000,83550.1,83610.1,83424.3,83424.4,55171.15
1742377500000,83424.3,83538.0,83383.0,83532.5,41012.1
1742378400000,83532.5,83692.8,83456.9,83488.7,64072.72
1742379300000,83489.8,83583.9,83489.8,83536.4,30709.89
1742380200000,83537.8,83834.0,83460.1,83571.7,206563.88
1742381100000,83571.6,83650.0,83465.8,83470.1,64133.54
1742382000000,83470.2,83751.1,83379.0,83685.6,120421.8
1742382900000,83685.7,83898.0,83602.8,83772.6,128119.28
1742383800000,83772.6,84134.3,83731.5,83992.0,193587.17
1742384700000,83992.0,84028.0,83770.0,83877.9,126725.86
1742385600000,83877.9,83931.0,83683.5,83762.1,75847.27
1742386500000,83762.0,83852.0,83585.0,83659.1,76557.93
1742387400000,83659.1,83810.0,83499.9,83666.7,107447.92
1742388300000,83666.7,83788.0,83591.5,83751.0,50452.72
1742389200000,83751.0,84000.0,83695.0,83927.9,168116.9
1742390100000,83927.9,84350.0,83819.6,83948.9,229300.38
1742391000000,83948.9,83988.8,83634.0,83945.9,163488.37
1742391900000,83946.0,84320.0,83908.8,84095.6,270892.98
1742392800000,84095.6,84418.6,84030.0,84110.0,164537.6
1742393700000,84110.0,84348.0,83960.0,83966.1,107258.14
1742394600000,83966.1,84251.3,83888.0,84210.0,141408.04
1742395500000,84210.0,84338.0,84126.0,84315.9,78897.51
1742396400000,84315.9,84490.0,84220.0,84220.0,168642.49
1742397300000,84220.0,84349.4,84104.0,84318.7,86320.84
1742398200000,84318.8,84775.3,84290.1,84709.8,188718.81
1742399100000,84709.8,84899.0,84566.0,84737.9,179239.48
1742400000000,84738.0,84833.3,84488.9,84514.1,135210.48
1742400900000,84514.0,84813.0,84468.0,84670.0,132465.58
1742401800000,84670.0,84712.6,84430.4,84466.4,86313.78
1742402700000,84466.3,84649.9,84462.5,84576.2,57425.25
1742403600000,84576.1,84723.6,84508.0,84541.1,80071.17
1742404500000,84541.1,84673.4,84466.7,84470.8,48247.2
1742405400000,84470.7,84508.2,83927.0,83989.1,359305.26
1742406300000,83989.1,84249.0,83768.0,84230.1,222752.18
1742407200000,84230.2,85000.0,83552.0,84500.0,849425.33
1742408100000,84500.0,84839.5,84170.5,84274.1,318752.13
1742409000000,84274.0,84718.0,84260.0,84590.1,190273.11
1742409900000,84590.1,85888.0,84442.4,85622.3,686912.91
1742410800000,85622.3,85959.0,85325.2,85706.5,444795.24
1742411700000,85706.6,85756.7,84941.3,85006.4,255696.51
1742412600000,85006.5,85487.1,84980.1,85459.9,182995.03
1742413500000,85459.9,85469.4,85146.0,85437.4,124323.68
1742414400000,85430.2,85816.8,85416.9,85594.5,135240.54
1742415300000,85594.5,85845.2,85594.5,85679.0,66903.89
1742416200000,85678.9,85700.0,85357.0,85384.1,54486.04
1742417100000,85384.0,85384.0,85210.0,85360.0,41371.02
1742418000000,85359.9,85555.0,85337.5,85554.3,39876.9
1742418900000,85554.2,85930.3,85546.9,85642.0,85248.75
1742419800000,85642.0,85846.7,85579.7,85587.0,31510.32
1742420700000,85587.1,85641.3,85493.0,85639.0,28048.93
1742421600000,85639.0,85866.0,85633.9,85866.0,61269.46
1742422500000,85866.0,85944.0,85718.1,85798.4,51260.85
1742423400000,85798.4,86500.0,85781.2,86354.2,275539.83
1742424300000,86354.2,86555.0,86112.0,86166.3,162344.41
1742425200000,86166.3,86430.9,86166.3,86332.2,66275.17
1742426100000,86332.2,86828.2,86181.8,86807.9,175081.09
1742427000000,86807.9,87058.8,86653.0,86887.9,190318.04
1742427900000,86888.0,86926.0,86711.3,86847.4,100717.19
1742428800000,86847.5,87467.2,86847.4,87261.1,318632.36
1742429700000,87261.0,87282.4,86735.0,86783.6,195510.91
1742430600000,86783.6,86862.5,86284.0,86300.3,214123.23
1742431500000,86300.3,86379.0,85955.7,86035.2,219306.19
1742432400000,86035.1,86356.9,85739.8,86299.5,174339.3
1742433300000,86299.5,86378.0,86204.4,86258.3,44300.64
1742434200000,86258.2,86282.7,85735.0,85775.9,134906.95
1742435100000,85776.0,85978.1,85776.0,85889.4,55142.4
1742436000000,85889.4,85924.2,85634.0,85754.0,103306.3
1742436900000,85754.0,85904.0,85620.0,85800.1,61249.78
1742437800000,85800.1,86050.0,85730.0,86028.0,76889.9
1742438700000,86028.0,86134.0,85950.5,86072.3,65920.62
1742439600000,86072.2,86138.6,85960.0,85981.8,38493.71
1742440500000,85981.7,86081.8,85888.0,85920.0,37455.23
1742441400000,85920.0,86004.3,85836.4,85992.5,31474.51
1742442300000,85992.5,86033.0,85817.1,85894.3,53924.37
1742443200000,85894.4,85941.0,85802.9,85821.5,33976.02
1742444100000,85821.5,85867.0,85734.0,85760.8,38645.39
1742445000000,85760.8,85790.9,85524.3,85534.1,104738.25
1742445900000,85534.1,85713.9,85377.3,85693.2,141137.16
1742446800000,85693.1,85734.8,85600.1,85671.4,39314.78
1742447700000,85671.5,85677.5,85473.5,85490.0,58705.95
1742448600000,85490.1,85695.7,85474.0,85619.3,48354.81
1742449500000,85619.2,85857.0,85610.2,85839.8,65381.29
1742450400000,85839.8,86012.5,85772.2,85955.8,73777.68
1742451300000,85955.8,86030.9,85867.6,85867.6,38940.29
1742452200000,85867.7,85886.0,85597.6,85715.1,83092.21
1742453100000,85715.0,85814.0,85664.9,85760.0,34770.43
1742454000000,85760.0,85976.7,85695.8,85970.1,55124.34
1742454900000,85970.2,85975.0,85810.0,85856.3,23079.78
1742455800000,85856.4,85888.8,85771.9,85791.3,24765.3
1742456700000,85791.4,85900.0,85771.3,85812.4,30852.79
1742457600000,85812.4,85900.0,85710.9,85778.0,46193.62
1742458500000,85778.0,85994.7,85759.7,85940.1,40928.94
1742459400000,85940.0,86063.4,85871.5,86061.0,55277.63
1742460300000,86061.0,86341.4,86054.1,86240.0,181840.28
1742461200000,86240.0,86286.8,86121.9,86149.9,61963.43
1742462100000,86149.9,86149.9,85965.2,85965.2,59729.6
1742463000000,85965.2,86038.2,85905.2,86009.7,41081.64
1742463900000,86009.7,86014.1,85777.5,85879.1,70935.51
1742464800000,85879.1,85954.7,85528.6,85539.5,135385.13
1742465700000,85539.5,85555.1,84735.0,85237.9,514646.23
1742466600000,85237.8,85434.0,85096.5,85290.8,130656.85
1742467500000,85290.9,85373.8,85150.0,85170.0,66426.24
1742468400000,85170.1,85318.7,85158.9,85252.0,60084.37
1742469300000,85252.1,85377.4,85195.4,85304.2,43978.13
1742470200000,85304.1,85539.9,85270.0,85502.7,113809.13
1742471100000,85502.7,85519.9,85400.0,85493.6,44663.59
1742472000000,85493.6,85505.8,85326.8,85397.0,40284.18
1742472900000,85396.9,85567.4,85352.9,85369.9,61539.05
1742473800000,85370.0,85460.2,85226.7,85297.5,49359.32
1742474700000,85297.6,85381.6,85174.2,85356.8,55330.97
1742475600000,85356.9,85362.0,85195.4,85301.9,38829.23
1742476500000,85301.9,85368.7,85063.4,85140.0,66607.06
1742477400000,85140.1,85770.9,85110.0,85620.0,203376.3
1742478300000,85617.6,85864.5,85364.4,85515.6,184754.31
1742479200000,85515.5,86136.1,85469.6,85997.4,238765.7
1742480100000,85997.3,86547.0,85870.0,86343.3,309480.23
1742481000000,86343.3,86370.0,86065.6,86232.7,135644.85
1742481900000,86232.6,86312.0,85915.6,86168.1,96612.3
1742482800000,86168.0,86230.0,85262.0,85966.2,434134.27
1742483700000,85963.4,85987.7,85530.5,85691.9,132969.5
1742484600000,85691.9,85714.5,84834.0,85053.1,372101.42
1742485500000,85053.2,85288.0,84561.0,84677.5,298545.68
1742486400000,84677.5,84915.8,84352.1,84453.8,282462.45
1742487300000,84453.8,84627.5,84068.0,84078.0,286749.86
1742488200000,84078.1,84249.9,83770.0,83900.1,396190.51
1742489100000,83900.0,83903.2,83638.1,83800.0,182869.37
1742490000000,83800.0,84200.0,83722.2,84162.3,282564.07
1742490900000,84162.3,84194.9,83750.0,83802.6,131731.51
1742491800000,83802.6,84350.0,83800.0,84342.0,125145.52
1742492700000,84342.0,84350.0,83861.0,84087.8,154999.19
1742493600000,84087.8,84250.0,83971.8,84222.1,74863.3
1742494500000,84222.0,84335.9,83957.7,83979.6,95807.23
1742495400000,83979.6,84237.2,83934.0,83989.6,69757.78
1742496300000,83989.6,84186.7,83960.1,84059.6,75530.39
1742497200000,84059.6,84150.7,83910.4,83990.9,44257.0
1742498100000,83990.4,84272.5,83980.0,84043.7,64349.81
1742499000000,84043.7,84344.0,84030.0,84342.5,62469.46
1742499900000,84342.4,84420.0,84102.5,84164.2,95266.54
1742500800000,84164.1,84299.4,84126.6,84251.3,35721.04
1742501700000,84251.3,84542.3,84230.3,84482.0,94309.04
1742502600000,84481.9,84600.0,84418.1,84525.0,47553.01
1742503500000,84525.1,84596.9,84483.2,84520.1,46345.15
1742504400000,84520.0,84598.3,84315.4,84327.4,62206.93
1742505300000,84327.4,84416.3,84211.6,84416.3,39491.05
1742506200000,84416.3,84571.3,84391.5,84483.3,41239.95
1742507100000,84483.3,84493.3,84292.0,84365.1,22921.02
1742508000000,84365.1,84502.5,84269.5,84302.8,32902.32
1742508900000,84302.8,84368.4,83948.4,84013.9,72061.41
1742509800000,84013.9,84161.5,84006.5,84126.8,36964.31
1742510700000,84126.9,84346.3,84090.4,84146.2,45335.92
1742511600000,84146.3,84159.4,84014.0,84043.4,43717.85
1742512500000,84043.4,84056.0,83925.2,84052.4,37701.5
1742513400000,84052.4,84207.0,84020.0,84201.5,30273.68
1742514300000,84201.5,84355.5,84161.6,84223.5,43096.39
1742515200000,84223.4,84468.0,84168.0,84430.0,57197.0
1742516100000,84430.0,84434.2,84250.0,84269.0,40736.09
1742517000000,84268.9,84467.4,84240.0,84420.0,36289.29
1742517900000,84420.1,84528.0,84406.7,84500.0,35477.92
1742518800000,84499.9,84567.6,84441.4,84559.7,35315.68
1742519700000,84559.7,84584.1,84370.0,84372.0,37014.02
1742520600000,84372.0,84571.4,84368.4,84560.0,28308.99
1742521500000,84560.1,84789.5,84506.1,84778.9,76791.01
1742522400000,84779.0,84850.0,84635.0,84645.0,55866.15
1742523300000,84645.0,84661.3,84502.8,84637.2,54705.32
1742524200000,84637.2,84650.0,84544.6,84546.1,28878.75
1742525100000,84546.0,84750.0,84525.0,84671.6,51261.51
1742526000000,84671.6,84725.0,84361.2,84416.3,81913.22
1742526900000,84416.4,84444.0,84260.2,84435.3,53649.51
1742527800000,84435.4,84479.9,84360.0,84455.8,26647.66
1742528700000,84455.7,84498.5,84421.6,84447.7,35645.39
1742529600000,84447.6,84648.7,84447.6,84613.5,60635.13
1742530500000,84613.4,84695.1,84559.4,84676.2,31175.71
1742531400000,84676.1,84781.4,84667.7,84726.6,45457.37
1742532300000,84726.7,84800.0,84635.0,84663.0,44613.43
1742533200000,84663.0,84676.2,84491.0,84530.1,65576.96
1742534100000,84530.1,84545.4,84420.3,84425.4,35770.86
1742535000000,84425.1,84532.0,84368.4,84395.6,33849.64
1742535900000,84395.5,84491.0,84329.6,84469.9,47077.05
1742536800000,84469.9,84479.3,84207.0,84243.7,85795.26
1742537700000,84243.6,84272.9,84030.0,84227.5,102381.24
1742538600000,84227.5,84296.5,84111.0,84230.4,48834.65
1742539500000,84230.4,84282.5,84102.5,84205.0,46833.56
1742540400000,84205.0,84273.5,84050.0,84166.1,52421.08
1742541300000,84166.4,84167.7,83940.1,84088.0,80835.37
1742542200000,84088.0,84088.4,83722.7,83802.5,99661.93
1742543100000,83802.5,83955.1,83782.0,83944.8,89088.62
1742544000000,83944.1,84160.9,83832.1,84120.5,87525.81
1742544900000,84120.5,84129.4,83801.4,83853.0,66243.22
1742545800000,83853.0,83988.7,83725.9,83863.1,91688.94
1742546700000,83862.7,84034.8,83815.1,84018.1,39563.69
1742547600000,84018.0,84034.0,83795.4,83955.9,42021.6
1742548500000,83956.0,84183.2,83905.0,84120.0,60105.96
1742549400000,84123.9,84350.0,84091.4,84217.1,110087.84
1742550300000,84217.2,84250.0,84066.9,84134.3,48359.81
1742551200000,84134.4,84250.0,84120.0,84232.4,43814.69
1742552100000,84232.4,84292.4,84001.0,84049.9,66401.13
1742553000000,84049.9,84148.1,83893.3,84077.6,83134.35
1742553900000,84077.5,84206.1,84072.8,84160.0,36407.83
1742554800000,84160.1,84179.5,84019.1,84051.9,30156.63
1742555700000,84051.9,84109.2,83958.0,83958.0,31882.46
1742556600000,83958.0,84077.2,83933.3,84042.0,24451.38
1742557500000,84042.0,84144.3,84025.2,84051.5,42631.38
1742558400000,84051.4,84288.0,84026.5,84203.0,73528.73
1742559300000,84202.9,84399.1,84156.6,84275.8,69354.67
1742560200000,84275.8,84299.5,83680.0,83800.0,231290.54
1742561100000,83800.0,83922.0,83360.0,83466.5,311388.3
1742562000000,83466.5,83740.9,83382.5,83611.0,130927.46
1742562900000,83611.0,83798.8,83509.9,83701.7,102593.23
1742563800000,83701.9,83884.5,83171.0,83787.9,389126.8
1742564700000,83790.0,84121.8,83700.1,83940.0,293433.92
1742565600000,83940.0,84002.0,83500.1,83769.9,215679.29
1742566500000,83769.9,84292.2,83682.7,84091.2,166006.79
1742567400000,84091.3,84285.1,83955.0,84091.0,76055.23
1742568300000,84091.0,84247.0,83900.2,84238.0,71845.01
1742569200000,84237.9,84275.1,83810.2,83831.9,78247.31
1742570100000,83832.0,83928.5,83732.6,83738.8,110074.2
1742571000000,83738.7,83966.0,83577.9,83648.2,95405.98
1742571900000,83646.0,83779.5,83556.0,83571.9,71573.64
1742572800000,83571.9,83852.3,83370.0,83829.5,193627.94
1742573700000,83829.6,84034.0,83644.3,83926.7,137662.82
1742574600000,83926.7,84084.0,83781.7,83834.6,63675.69
1742575500000,83834.6,84164.3,83828.6,84100.0,73158.1
1742576400000,84099.9,84110.0,83864.0,83899.8,69127.43
1742577300000,83899.8,83990.0,83742.5,83792.0,49990.99
1742578200000,83792.0,84098.0,83706.0,84060.2,65384.06
1742579100000,84060.2,84147.7,83986.5,84013.9,57771.52
1742580000000,84013.8,84062.4,83890.2,83943.9,39413.83
1742580900000,83944.0,84147.0,83932.6,84107.8,38103.17
1742581800000,84107.9,84432.0,84107.8,84299.6,122951.24
1742582700000,84299.7,84307.0,84084.5,84100.0,47273.34
1742583600000,84099.9,84105.1,83953.7,84057.0,53552.97
1742584500000,84057.0,84192.7,83990.1,84007.0,41066.0
1742585400000,84007.0,84050.3,83790.0,83863.8,64448.84
1742586300000,83863.8,84021.7,83847.7,83956.2,49888.22
1742587200000,83956.2,83992.3,83802.2,83895.6,46796.27
1742588100000,83895.6,84084.0,83850.0,84077.1,30944.22
1742589000000,84077.2,84127.8,84055.2,84127.7,26701.85
1742589900000,84127.7,84231.0,84054.8,84199.7,23264.94
1742590800000,84199.7,84323.0,84160.7,84322.9,33695.13
1742591700000,84322.9,84440.6,84288.1,84337.5,39722.66
1742592600000,84337.6,84579.9,84335.0,84380.0,63333.57
1742593500000,84380.0,84403.2,84204.1,84389.4,28146.54
1742594400000,84389.4,84409.1,84237.5,84260.0,23859.78
1742595300000,84259.9,84381.1,84257.1,84267.9,17445.73
1742596200000,84268.0,84268.0,84104.2,84113.9,31107.84
1742597100000,84114.0,84202.0,84091.1,84165.2,24783.25
1742598000000,84165.1,84221.0,84087.1,84221.0,23831.24
1742598900000,84220.9,84221.0,84116.0,84132.1,11395.28
1742599800000,84132.0,84132.1,84067.3,84067.4,16347.16
1742600700000,84067.4,84095.7,84044.0,84087.4,16450.37
1742601600000,84087.3,84156.8,84043.6,84075.7,29353.42
1742602500000,84075.7,84233.2,84075.6,84220.0,27145.71
1742603400000,84220.0,84244.0,84160.0,84170.0,16722.79
1742604300000,84170.1,84224.0,84085.5,84193.5,21746.08
1742605200000,84193.4,84321.8,84193.4,84293.3,26036.02
1742606100000,84293.3,84304.1,84175.0,84178.6,19681.81
1742607000000,84178.5,84183.0,83962.4,84020.8,55075.28
1742607900000,84020.9,84094.9,84000.0,84057.7,28514.31
1742608800000,84057.7,84184.0,84000.5,84169.9,27519.8
1742609700000,84169.8,84224.5,84111.0,84174.0,28948.99
1742610600000,84174.1,84250.0,84174.1,84199.8,13893.2
1742611500000,84199.9,84239.9,84142.8,84186.1,19897.64
1742612400000,84186.0,84190.0,84126.5,84138.3,15867.43
1742613300000,84138.3,84273.7,84134.1,84242.3,24242.61
1742614200000,84242.3,84242.5,84206.5,84234.6,12973.87
1742615100000,84234.5,84300.0,84205.2,84257.9,26834.08
1742616000000,84257.9,84344.2,84200.0,84318.1,43345.19
1742616900000,84318.2,84350.0,84228.0,84245.4,16809.59
1742617800000,84245.4,84295.3,84245.3,84295.2,14352.28
1742618700000,84295.2,84394.4,84276.3,84362.9,28394.23
1742619600000,84362.9,84382.2,84326.0,84382.2,23770.76
1742620500000,84382.1,84430.0,84331.0,84336.7,21355.72
1742621400000,84336.6,84363.1,84241.5,84310.2,35587.99
1742622300000,84310.2,84350.0,84292.7,84326.2,8870.17
1742623200000,84326.1,84400.0,84319.8,84371.8,11934.88
1742624100000,84371.8,84388.2,84290.4,84294.1,19639.27
1742625000000,84294.1,84294.4,84158.4,84287.6,35229.58
1742625900000,84287.6,84359.5,84286.0,84327.3,17125.62
1742626800000,84327.3,84387.4,84327.2,84364.5,19204.86
1742627700000,84364.4,84364.4,84301.4,84306.8,9921.94
1742628600000,84306.9,84375.8,84306.8,84315.1,18114.31
1742629500000,84315.2,84315.2,84221.0,84277.9,31521.79
1742630400000,84278.0,84292.4,84201.0,84250.0,53193.88
1742631300000,84250.0,84271.2,84177.0,84210.0,19390.79
1742632200000,84210.0,84266.7,84115.1,84244.4,28540.5
1742633100000,84244.5,84244.5,84162.0,84224.1,25786.07
1742634000000,84224.0,84331.8,84224.0,84325.5,38466.21
1742634900000,84325.5,84416.9,84325.4,84343.2,58874.12
1742635800000,84343.1,84548.0,84343.1,84472.1,68144.71
1742636700000,84472.0,84517.4,84355.6,84355.6,30059.34
1742637600000,84355.6,84426.3,84355.6,84358.1,17192.39
1742638500000,84358.1,84440.7,84358.1,84377.8,18059.52
1742639400000,84377.8,84430.0,84350.0,84401.6,16198.2
1742640300000,84401.5,84455.5,84364.6,84413.5,26825.71
1742641200000,84413.5,84416.3,84270.0,84309.2,43414.5
1742642100000,84309.3,84333.1,84263.7,84333.0,18308.74
1742643000000,84333.0,84346.0,84239.7,84260.7,21175.58
1742643900000,84260.7,84276.3,84189.6,84230.5,48734.02
1742644800000,84230.5,84293.6,84189.9,84293.6,26507.54
1742645700000,84293.5,84299.8,84216.0,84216.0,24433.07
1742646600000,84216.0,84230.0,84180.0,84220.1,21444.18
1742647500000,84220.1,84261.0,84193.0,84232.0,14160.49
1742648400000,84232.0,84252.7,84180.0,84227.8,19760.43
1742649300000,84227.7,84245.2,84050.0,84087.7,37541.33
1742650200000,84087.7,84146.8,84050.0,84140.0,32302.44
1742651100000,84140.1,84180.0,84120.8,84173.0,23110.71
1742652000000,84173.0,84174.1,84106.2,84174.1,13435.01
1742652900000,84174.1,84200.0,84088.0,84124.9,16393.52
1742653800000,84124.9,84125.0,84050.3,84079.3,19895.6
1742654700000,84079.3,84079.5,83988.0,84002.1,43944.88
1742655600000,84002.1,84086.4,83968.1,84060.1,32465.6
1742656500000,84060.0,84060.1,84010.0,84012.0,14652.11
1742657400000,84012.0,84079.9,83980.0,84030.8,19531.17
1742658300000,84030.8,84137.2,84030.8,84109.9,15279.66
1742659200000,84109.9,84119.6,84062.3,84101.1,18727.4
1742660100000,84101.0,84145.0,84087.0,84135.8,18012.53
1742661000000,84135.9,84159.7,84094.3,84122.5,11722.16
1742661900000,84122.5,84183.0,84084.6,84137.3,19198.78
1742662800000,84137.3,84155.1,84120.5,84149.9,13295.04
1742663700000,84149.9,84194.0,84115.7,84173.4,15066.98
1742664600000,84173.3,84238.0,84144.6,84220.9,34952.19
1742665500000,84221.0,84266.0,84180.1,84236.0,25821.01
1742666400000,84236.0,84283.8,84197.5,84249.5,31797.71
1742667300000,84249.4,84326.0,84192.7,84192.8,18715.56
1742668200000,84192.8,84323.4,84187.2,84321.4,19203.07
1742669100000,84321.4,84330.6,84225.6,84238.6,19852.02
1742670000000,84238.6,84253.3,84202.0,84234.0,14796.75
1742670900000,84233.9,84244.0,84200.0,84214.9,6235.93
1742671800000,84215.0,84281.0,84203.1,84219.1,9125.91
1742672700000,84219.0,84219.1,84157.8,84176.3,10492.27
1742673600000,84176.3,84212.5,84157.4,84206.1,13426.92
1742674500000,84206.1,84206.1,84139.0,84161.9,11811.57
1742675400000,84162.0,84204.0,84148.0,84148.0,5787.3
1742676300000,84148.0,84148.1,83927.6,83940.5,43873.97
1742677200000,83940.5,84087.2,83835.0,84062.5,60012.42
1742678100000,84062.6,84094.2,84019.5,84041.6,11735.31
1742679000000,84041.6,84057.2,83965.7,83967.7,13950.06
1742679900000,83967.6,84071.1,83967.6,84014.1,16761.0
1742680800000,84014.1,84062.5,83975.1,84047.4,14865.39
1742681700000,84047.4,84078.2,84004.7,84004.8,10276.6
1742682600000,84004.7,84032.9,83990.0,84025.2,6835.73
1742683500000,84025.1,84025.1,83952.5,83960.0,12307.03
1742684400000,83960.0,83961.1,83837.5,83874.5,31099.63
1742685300000,83874.5,83942.4,83874.4,83902.4,17061.56
1742686200000,83902.5,83902.5,83650.1,83777.5,91707.78
1742687100000,83777.4,83853.0,83743.8,83850.5,25249.79
1742688000000,83850.4,83932.0,83802.2,83894.5,28009.87
1742688900000,83894.5,84062.2,83884.0,83971.8,34308.4
1742689800000,83971.7,84053.9,83957.8,84032.4,23454.42
1742690700000,84032.3,84032.4,83948.8,84000.0,17942.65
1742691600000,84000.0,84067.4,83970.0,84039.1,14342.92
1742692500000,84039.1,84139.0,84039.1,84112.5,31564.72
1742693400000,84112.5,84126.4,84050.0,84081.5,15746.6
1742694300000,84081.6,84101.6,84024.0,84068.3,10198.66
1742695200000,84068.2,84091.8,83980.0,84017.2,15851.46
1742696100000,84017.2,84120.0,84012.6,84115.3,11537.65
1742697000000,84115.3,84268.9,84111.0,84215.3,42247.58
1742697900000,84215.3,84302.5,84215.3,84234.2,44826.15
1742698800000,84234.3,84247.8,84126.5,84169.2,27230.18
1742699700000,84169.1,84249.1,84166.1,84173.6,20515.98
1742700600000,84173.6,84216.3,84147.1,84196.3,10743.51
1742701500000,84196.3,84248.0,84188.1,84233.9,23303.15
1742702400000,84233.9,84238.0,84060.9,84087.5,40640.36
1742703300000,84087.6,84127.5,84062.1,84096.1,22208.52
1742704200000,84096.1,84130.8,84077.9,84083.4,8537.03
1742705100000,84083.4,84116.5,84070.0,84116.4,12801.22
1742706000000,84116.5,84160.2,84104.6,84116.9,18745.21
1742706900000,84117.0,84149.1,84082.3,84132.0,16847.4
1742707800000,84132.0,84193.9,84131.9,84190.7,12278.37
1742708700000,84190.8,84253.5,84190.7,84234.8,23064.19
1742709600000,84234.8,84234.9,84193.5,84200.3,10330.61
1742710500000,84200.3,84305.2,84200.2,84245.0,54177.14
1742711400000,84245.1,84254.0,84230.7,84253.9,14174.11
1742712300000,84253.9,84290.0,84235.1,84238.9,18377.91
1742713200000,84238.8,84238.9,84210.0,84230.0,11438.4
1742714100000,84229.9,84275.3,84229.9,84275.0,20137.79
1742715000000,84275.0,84316.5,84274.9,84316.4,21673.7
1742715900000,84316.5,84327.5,84239.3,84268.2,51358.78
1742716800000,84268.2,84307.4,84228.8,84292.0,36975.42
1742717700000,84292.0,84324.9,84272.6,84290.2,26336.88
1742718600000,84290.2,84351.5,84280.9,84332.7,22204.95
1742719500000,84332.6,84348.8,84303.1,84337.7,17439.32
1742720400000,84337.7,84368.0,84322.3,84322.3,17317.12
1742721300000,84322.3,84341.5,84306.9,84337.3,13426.34
1742722200000,84337.2,84370.0,84334.0,84342.0,27933.69
1742723100000,84342.0,84342.1,84320.0,84320.1,12407.05
1742724000000,84320.1,84322.4,84292.5,84316.2,27723.22
1742724900000,84316.3,84351.5,84316.2,84340.1,21510.78
1742725800000,84340.1,84516.8,84340.1,84516.0,58540.41
1742726700000,84516.0,84516.0,84435.9,84467.9,45010.85
1742727600000,84468.0,84876.0,84467.9,84699.2,227667.4
1742728500000,84699.3,85085.4,84683.8,84916.0,183126.1
1742729400000,84916.0,84920.0,84740.0,84789.8,74911.31
1742730300000,84789.8,84879.5,84584.6,84691.9,111875.13
1742731200000,84692.0,84769.2,84637.3,84646.0,42280.21
1742732100000,84646.0,84735.1,84569.2,84719.9,68598.4
1742733000000,84719.9,84827.5,84719.8,84730.2,48063.2
1742733900000,84730.1,84819.9,84699.9,84722.2,54214.57
1742734800000,84722.1,84750.0,84617.7,84748.4,48194.43
1742735700000,84748.7,85009.7,84748.6,84973.4,106566.41
1742736600000,84973.4,85050.0,84862.4,84862.5,88498.13
1742737500000,84862.4,85146.4,84851.7,85085.8,103910.29
1742738400000,85085.9,85220.0,84960.7,85047.2,109273.62
1742739300000,85047.2,85092.0,84860.8,84904.3,76763.27
1742740200000,84904.3,85122.0,84904.3,85006.4,65143.13
1742741100000,85006.3,85058.0,84860.0,84905.9,73921.22
1742742000000,84905.9,85063.9,84871.6,85043.1,82892.78
1742742900000,85043.1,85215.4,85001.6,85092.6,86469.25
1742743800000,85092.6,85271.2,85029.0,85148.0,69914.27
1742744700000,85148.1,85209.9,85131.3,85195.9,25910.27
1742745600000,85196.0,85359.9,85045.5,85304.1,73010.78
1742746500000,85304.1,85354.6,85214.9,85271.4,53560.11
1742747400000,85271.5,85298.7,84915.3,85107.9,125930.71
1742748300000,85107.9,85403.5,85107.9,85250.1,97860.8
1742749200000,85250.0,85390.0,85250.0,85294.2,37952.31
1742750100000,85294.1,85428.0,85248.1,85248.1,41301.32
1742751000000,85248.1,85263.7,84875.2,84965.3,111496.33
1742751900000,84965.2,85158.1,84946.4,85028.9,58029.07
1742752800000,85029.0,85043.1,84900.0,84948.4,52174.96
1742753700000,84948.4,85023.3,84801.1,84812.0,53724.34
1742754600000,84812.0,84979.7,84812.0,84964.5,37495.32
1742755500000,84964.6,85050.0,84944.8,84984.7,20423.23
1742756400000,84984.8,85099.9,84915.4,85053.4,22810.86
1742757300000,85053.5,85074.0,84982.9,84987.6,18830.21
1742758200000,84987.6,85055.7,84960.5,85010.3,15937.51
1742759100000,85010.3,85039.1,84990.0,85019.6,8523.12
1742760000000,85019.5,85209.6,85019.5,85136.9,56905.39
1742760900000,85136.9,85223.9,85122.8,85219.0,18936.79
1742761800000,85219.0,85270.0,85172.9,85218.8,16782.14
1742762700000,85218.8,85270.0,85100.0,85100.1,14921.63
1742763600000,85100.0,85100.1,84962.1,84969.2,20626.09
1742764500000,84969.3,85022.9,84910.0,85012.6,22849.71
1742765400000,85012.6,85073.0,84935.7,84946.7,26751.9
1742766300000,84946.6,85191.2,84946.6,85190.9,20539.17
1742767200000,85190.8,85399.0,85162.0,85385.5,61087.75
1742768100000,85385.5,85695.9,85385.5,85498.0,117582.7
1742769000000,85498.0,85584.8,85340.0,85340.4,43714.4
1742769900000,85340.4,85430.0,85249.8,85369.9,62115.84
1742770800000,85370.0,85620.7,85370.0,85510.0,63512.61
1742771700000,85510.0,85788.0,85509.9,85747.1,71509.43
1742772600000,85747.1,85868.6,85650.6,85684.0,71853.62
1742773500000,85685.6,86147.7,85658.1,86081.2,137535.53
1742774400000,86081.2,86088.0,85857.1,85970.4,109433.89
1742775300000,85970.4,86419.9,85970.4,86410.1,141565.79
1742776200000,86410.1,86645.1,86200.0,86255.0,201505.74
1742777100000,86255.0,86280.3,85970.0,86030.0,101868.93
1742778000000,86030.0,86044.0,85710.0,85806.9,133513.46
1742778900000,85806.9,85937.8,85626.9,85658.4,79874.11
1742779800000,85658.4,85765.8,85579.1,85624.4,64611.57
1742780700000,85624.4,85731.4,85536.1,85574.2,48902.8
1742781600000,85574.2,85774.9,85529.4,85720.0,55780.3
1742782500000,85720.1,85757.1,85601.9,85729.9,25725.31
1742783400000,85730.0,85812.0,85683.8,85760.0,30006.19
1742784300000,85760.1,85955.8,85760.0,85873.0,78030.34
1742785200000,85873.0,86232.0,85870.3,86207.1,125960.7
1742786100000,86207.1,86525.0,86101.0,86373.9,176456.7
1742787000000,86373.9,86421.3,86233.2,86301.2,67890.33
1742787900000,86301.3,86577.0,86220.0,86533.6,88053.7
1742788800000,86533.6,86880.0,86533.5,86718.8,243351.83
1742789700000,86718.8,86810.0,86616.2,86708.9,87407.93
1742790600000,86709.0,86857.3,86636.4,86841.1,78281.28
1742791500000,86841.2,86940.0,86760.6,86844.1,98186.89
1742792400000,86844.0,86993.2,86844.0,86950.0,86826.34
1742793300000,86950.1,87052.2,86806.2,86871.4,93862.42
1742794200000,86871.4,87000.0,86827.1,86954.9,89333.23
1742795100000,86955.0,86988.0,86831.2,86902.0,46001.43
1742796000000,86902.1,87200.0,86902.0,87177.1,143616.3
1742796900000,87177.0,87297.6,86984.0,87010.4,122996.13
1742797800000,87010.4,87033.5,86892.0,86991.6,75829.64
1742798700000,86991.5,87170.0,86988.6,87117.9,38396.44
1742799600000,87117.9,87180.0,86763.9,87040.8,100107.73
1742800500000,87040.8,87134.6,86910.1,86916.0,57022.6
1742801400000,86916.1,86947.0,86756.0,86816.4,147391.38
1742802300000,86816.0,87006.3,86801.0,86879.3,49486.46
1742803200000,86879.2,87176.5,86862.9,87130.1,77762.63
1742804100000,87130.1,87429.8,87130.1,87396.0,186956.37
1742805000000,87396.0,87498.0,87217.2,87341.8,175813.55
1742805900000,87341.7,87531.6,87313.6,87400.7,102701.58
1742806800000,87400.7,87500.0,87235.7,87329.9,79930.88
1742807700000,87329.8,87378.4,87140.0,87265.8,86149.87
1742808600000,87265.8,87343.1,87250.2,87250.2,43371.24
1742809500000,87250.2,87336.9,87110.0,87153.1,100435.23
1742810400000,87153.1,87411.1,87118.6,87348.6,96598.33
1742811300000,87348.6,87415.6,87282.3,87407.0,31063.89
1742812200000,87407.0,87789.9,87406.9,87673.9,203920.51
1742813100000,87673.9,87900.0,87653.5,87782.1,131856.69
1742814000000,87782.2,87824.9,87625.6,87639.5,55547.62
1742814900000,87639.6,87657.9,87520.2,87540.0,62380.46
1742815800000,87540.0,87708.1,87512.0,87671.9,57033.42
1742816700000,87672.0,87786.3,87655.9,87677.6,49905.62
1742817600000,87677.6,87705.7,87350.1,87620.2,192062.38
1742818500000,87620.2,87633.5,87285.8,87345.3,94491.36
1742819400000,87345.3,87428.7,87268.6,87388.0,64485.33
1742820300000,87388.0,87464.0,87247.9,87329.5,64311.87
1742821200000,87329.4,87358.3,87132.8,87208.1,73894.56
1742822100000,87208.1,87320.0,87184.8,87276.8,50978.59
1742823000000,87276.8,87627.5,87206.7,87401.5,162083.55
1742823900000,87401.5,87708.3,87279.7,87684.6,132651.12
1742824800000,87684.6,88374.0,87628.5,88346.7,392540.85
1742825700000,88346.7,88794.6,88258.7,88307.9,466487.69
1742826600000,88307.9,88307.9,87858.2,88240.0,287714.81
1742827500000,88239.9,88288.0,87905.8,87957.6,127762.99
1742828400000,87957.7,88090.6,87675.0,87915.6,148175.35
1742829300000,87915.6,88357.4,87906.7,87996.4,135509.56
1742830200000,87996.3,88162.9,87881.0,88110.1,61330.93
1742831100000,88110.0,88333.3,88043.0,88322.2,79273.33
1742832000000,88322.1,88493.4,88266.1,88409.0,121932.5
1742832900000,88409.1,88409.1,87778.2,87846.1,165091.81
1742833800000,87846.2,88125.0,87677.0,87991.0,156205.97
1742834700000,87990.9,88088.8,87880.0,88052.0,50145.1
1742835600000,88051.9,88217.8,87930.7,88144.1,74453.38
1742836500000,88144.1,88463.0,88097.8,88408.1,71617.58
1742837400000,88408.2,88456.0,88220.0,88267.9,86358.01
1742838300000,88268.0,88484.1,88143.5,88449.9,83807.74
1742839200000,88450.0,88462.6,88261.2,88418.1,39654.95
1742840100000,88418.0,88477.9,88138.3,88250.0,53771.57
1742841000000,88250.1,88529.0,88113.3,88471.4,80042.68
1742841900000,88471.4,88557.0,88360.5,88450.0,74448.42
1742842800000,88450.1,88506.5,88230.0,88467.5,85953.21
1742843700000,88467.4,88472.0,88270.2,88353.3,37147.59
1742844600000,88353.3,88355.7,87947.6,88013.2,87105.46
1742845500000,88013.1,88367.6,87961.2,88215.0,124255.6
1742846400000,88214.9,88476.9,88114.7,88450.7,65070.29
1742847300000,88450.7,88480.4,88277.4,88353.4,33690.38
1742848200000,88353.3,88353.3,87905.8,87916.8,113860.05
1742849100000,87916.8,88006.4,87776.1,87834.6,107986.4
1742850000000,87834.7,88038.7,87814.4,87896.0,53822.15
1742850900000,87896.0,88306.1,87895.9,88210.9,110215.54
1742851800000,88210.8,88294.0,87924.2,88200.0,43320.55
1742852700000,88200.0,88200.4,88060.0,88119.9,33463.77
1742853600000,88119.9,88194.5,87762.0,87773.0,110348.69
1742854500000,87772.9,87773.0,87500.0,87590.9,158083.47
1742855400000,87590.9,87685.4,87519.8,87568.0,45157.7
1742856300000,87568.0,87568.0,87300.0,87464.4,122340.6
1742857200000,87464.4,87541.8,87300.0,87302.0,80731.87
1742858100000,87301.1,87309.4,87044.6,87209.6,104721.34
1742859000000,87209.7,87356.2,87206.0,87292.5,54173.05
1742859900000,87292.5,87534.7,87230.0,87506.9,59672.59
1742860800000,87506.8,87506.9,87250.9,87334.0,58570.59
1742861700000,87334.0,87645.2,87266.0,87493.8,83282.63
1742862600000,87493.8,87666.0,87388.1,87579.8,61162.1
1742863500000,87579.8,87688.0,87519.8,87601.0,46317.0
1742864400000,87600.9,87600.9,87377.1,87389.5,46749.36
1742865300000,87389.6,87419.7,87046.1,87073.1,88952.31
1742866200000,87073.0,87125.3,86803.6,87125.3,211236.92
1742867100000,87125.3,87276.5,87000.0,87092.1,76730.73
1742868000000,87092.2,87093.8,86876.4,86962.9,53395.64
1742868900000,86963.0,87081.2,86922.1,87066.6,46245.31
1742869800000,87066.6,87069.5,86880.0,86937.7,41409.86
1742870700000,86937.6,86988.0,86823.0,86859.9,32489.39
1742871600000,86860.0,86996.1,86756.8,86880.0,53561.26
1742872500000,86880.1,86880.1,86609.5,86765.8,104688.59
1742873400000,86765.8,86839.7,86429.6,86485.8,136235.63
1742874300000,86485.8,86593.0,86323.6,86526.0,141679.79
1742875200000,86526.0,86673.1,86306.5,86619.3,94424.26
1742876100000,86619.3,86649.5,86450.0,86460.8,60412.76
1742877000000,86460.7,86536.7,86372.0,86492.2,45771.73
1742877900000,86492.2,86550.0,86406.0,86547.6,45746.87
1742878800000,86547.5,86559.4,86397.0,86420.0,46328.4
1742879700000,86420.1,86679.9,86400.0,86615.1,71488.83
1742880600000,86615.1,86750.0,86558.9,86682.4,111367.47
1742881500000,86682.5,86808.9,86651.9,86652.0,70904.51
1742882400000,86651.9,86867.2,86595.0,86766.1,89020.72
1742883300000,86766.2,86791.5,86666.1,86773.7,53348.1
1742884200000,86773.7,86895.8,86614.3,86615.9,78427.24
1742885100000,86615.9,86674.1,86532.0,86554.2,66944.68
1742886000000,86554.2,86840.3,86528.4,86596.1,89687.26
1742886900000,86596.0,86661.0,86523.5,86573.1,38882.52
1742887800000,86573.2,86573.2,86334.6,86371.4,84473.33
1742888700000,86371.5,86511.1,86371.4,86461.4,41496.01
1742889600000,86461.3,86592.4,86444.0,86525.2,43732.51
1742890500000,86525.6,86697.3,86420.0,86625.8,54951.62
1742891400000,86625.7,86744.7,86603.2,86678.9,39467.06
1742892300000,86678.8,86769.7,86630.7,86720.0,39800.48
1742893200000,86720.0,86785.0,86646.1,86683.0,40240.74
1742894100000,86683.1,86924.1,86683.0,86887.0,71455.56
1742895000000,86887.0,87369.1,86866.7,87110.2,240837.76
1742895900000,87110.2,87360.0,87063.5,87227.0,106460.32
1742896800000,87227.0,87293.5,87018.3,87064.1,72269.39
1742897700000,87064.2,87137.9,86946.6,87088.2,65376.37
1742898600000,87088.2,87225.1,87034.5,87216.0,54577.51
1742899500000,87216.1,87216.1,87089.0,87129.4,27789.76
1742900400000,87129.4,87288.1,87053.6,87156.2,47367.94
1742901300000,87156.2,87387.0,87143.3,87339.9,70125.3
1742902200000,87340.0,87489.0,87251.4,87479.0,110008.31
1742903100000,87479.0,87488.7,87344.2,87368.0,62765.53
1742904000000,87368.0,87441.9,87175.1,87304.7,86257.96
1742904900000,87304.6,87313.0,87160.0,87219.3,43649.94
1742905800000,87219.3,87309.9,86919.0,87169.7,127797.83
1742906700000,87169.7,87218.4,86991.3,87079.2,46601.72
1742907600000,87079.2,87423.8,87046.1,87356.5,93189.53
1742908500000,87356.5,87732.2,87356.5,87680.3,240667.62
1742909400000,87680.2,88018.1,87200.1,87281.6,379709.69
1742910300000,87281.6,87679.0,87034.5,87601.7,235094.46
1742911200000,87601.7,87683.8,87333.3,87663.8,158773.28
1742912100000,87663.8,87882.0,87545.1,87705.7,170572.1
1742913000000,87705.7,88249.2,87602.1,88152.3,241505.5
1742913900000,88152.4,88200.0,87833.3,88014.2,135090.08
1742914800000,88014.1,88269.2,87958.8,88044.0,122867.9
1742915700000,88045.9,88081.4,87788.0,87964.1,95818.69
1742916600000,87964.1,88059.9,87720.0,88010.0,98976.5
1742917500000,88010.0,88052.3,87711.0,87770.2,80700.94
1742918400000,87770.2,87965.2,87683.7,87905.9,86087.0
1742919300000,87905.9,87983.7,87740.0,87833.3,44255.16
1742920200000,87833.2,87867.8,87639.0,87777.0,68712.44
1742921100000,87777.0,87880.0,87638.5,87804.0,81333.45
1742922000000,87804.1,88343.0,87804.1,88199.9,146535.95
1742922900000,88199.9,88262.1,87899.0,87922.6,106686.1
1742923800000,87922.1,88068.0,87903.4,88041.8,55393.78
1742924700000,88041.9,88090.6,87854.0,87930.0,48424.89
1742925600000,87930.0,88050.0,87855.0,87928.9,38166.08
1742926500000,87928.9,87948.1,87654.0,87782.1,77759.21
1742927400000,87782.1,87868.3,87580.9,87619.9,58554.56
1742928300000,87619.8,87854.5,87578.4,87808.2,72222.96
1742929200000,87808.2,88119.4,87801.4,88046.5,116480.83
1742930100000,88046.6,88105.9,87880.0,87920.1,90668.87
1742931000000,87920.1,88036.5,87826.3,87963.9,49113.08
1742931900000,87964.0,88268.0,87956.0,88116.0,105784.15
1742932800000,88116.1,88555.0,87970.0,88407.8,281006.8
1742933700000,88407.7,88482.5,88174.1,88183.0,58092.57
1742934600000,88183.1,88206.0,87934.3,88002.0,64614.71
1742935500000,88002.1,88074.3,87800.0,87857.3,124094.85
1742936400000,87857.2,88218.1,87842.0,88136.0,101390.21
1742937300000,88136.0,88212.5,87964.2,87968.0,37004.28
1742938200000,87967.9,88022.0,87800.0,87836.2,55808.61
1742939100000,87836.3,87900.0,87702.8,87761.1,35392.17
1742940000000,87761.1,87819.5,87603.0,87730.1,59900.4
1742940900000,87730.0,87753.9,87196.4,87393.3,136384.9
1742941800000,87393.4,87600.0,87177.7,87597.9,94802.94
1742942700000,87597.9,87698.4,87445.0,87465.8,83469.93
1742943600000,87465.8,87516.1,87138.2,87252.0,101035.83
1742944500000,87252.0,87394.4,87221.2,87394.3,39425.16
1742945400000,87394.3,87467.7,87344.0,87436.9,25302.57
1742946300000,87436.8,87520.0,87331.4,87420.8,35333.89
1742947200000,87420.8,87531.8,87234.4,87304.9,73660.62
1742948100000,87304.8,87628.6,87304.8,87614.0,58358.34
1742949000000,87614.0,87777.0,87470.0,87754.3,82112.88
1742949900000,87754.3,87850.0,87607.8,87649.9,82173.39
1742950800000,87649.9,87733.4,87566.7,87716.1,36095.46
1742951700000,87716.0,87939.9,87664.6,87842.4,101985.3
1742952600000,87842.3,87855.9,87726.4,87792.7,39921.25
1742953500000,87792.7,87850.0,87743.2,87832.8,26752.87
1742954400000,87832.7,87832.8,87529.1,87545.9,71586.9
1742955300000,87545.8,87554.7,87424.4,87526.1,84645.67
1742956200000,87526.1,87568.5,87408.3,87431.1,41607.94
1742957100000,87431.1,87470.1,87290.4,87321.9,49804.21
1742958000000,87321.9,87401.0,87161.4,87180.0,75343.88
1742958900000,87180.0,87324.9,87114.5,87235.3,66588.06
1742959800000,87235.3,87235.3,87093.1,87122.0,47566.27
1742960700000,87121.9,87175.2,87022.0,87154.0,58700.7
1742961600000,87154.0,87291.9,87043.8,87283.0,95409.95
1742962500000,87283.1,87283.1,87130.0,87263.7,65708.81
1742963400000,87263.7,87465.8,87262.1,87407.4,63270.99
1742964300000,87407.4,87439.9,87222.0,87336.4,35675.32
1742965200000,87336.4,87336.5,87238.3,87260.8,26167.96
1742966100000,87260.8,87300.0,87222.0,87287.9,18370.67
1742967000000,87287.9,87698.1,87287.9,87603.1,155223.9
1742967900000,87601.1,87663.6,87454.2,87524.8,115083.69
1742968800000,87524.8,87647.1,87436.9,87558.8,49159.59
1742969700000,87558.8,87608.4,87481.2,87576.0,42761.36
1742970600000,87576.0,87773.7,87576.0,87770.0,70837.36
1742971500000,87770.1,87946.2,87719.4,87909.0,104291.95
1742972400000,87909.1,87967.1,87750.0,87854.7,95542.67
1742973300000,87854.7,88060.4,87780.9,88007.9,63711.29
1742974200000,88007.8,88282.9,87967.5,88203.3,180114.09
1742975100000,88203.3,88296.0,88134.5,88134.5,91860.43
1742976000000,88134.5,88200.0,88000.3,88042.7,77141.05
1742976900000,88042.8,88141.9,87991.5,88027.4,42322.11
1742977800000,88027.4,88082.5,88008.9,88035.2,43471.72
1742978700000,88035.2,88035.3,87863.4,87947.7,72119.42
1742979600000,87947.6,87997.2,87880.0,87888.0,41790.11
1742980500000,87888.0,87988.0,87826.0,87960.2,52733.05
1742981400000,87960.2,88050.6,87921.4,87970.9,51443.28
1742982300000,87970.9,87973.2,87876.6,87935.6,29641.75
1742983200000,87935.6,88035.9,87922.3,88013.2,33146.46
1742984100000,88013.2,88229.9,88013.1,88160.1,84201.97
1742985000000,88160.1,88276.8,88097.6,88103.8,70591.98
1742985900000,88103.9,88272.9,88098.9,88215.8,36549.08
1742986800000,88215.9,88257.9,88150.0,88237.8,41598.46
1742987700000,88237.9,88258.0,88131.1,88171.4,35525.79
1742988600000,88171.4,88210.5,87958.0,87991.3,85353.63
1742989500000,87991.3,88059.9,87925.0,87954.2,61076.41
1742990400000,87954.2,88022.6,87822.0,87960.7,76338.99
1742991300000,87960.6,87973.8,87679.2,87784.1,131627.05
1742992200000,87784.1,87820.0,87586.3,87694.5,76667.83
1742993100000,87694.5,87864.2,87612.8,87808.6,93342.07
1742994000000,87808.6,87808.6,87647.6,87668.8,61575.16
1742994900000,87668.8,87668.8,87463.6,87501.9,114766.92
1742995800000,87501.9,87899.1,87380.8,87814.1,304081.64
1742996700000,87814.8,87934.0,86708.4,86840.1,556359.67
1742997600000,86840.1,87309.2,86740.7,86980.0,390498.54
1742998500000,86980.1,87068.8,86435.0,86697.0,365628.48
1742999400000,86696.3,86812.2,86503.4,86578.0,176566.27
1743000300000,86578.0,86985.0,86451.1,86774.0,209300.16
1743001200000,86774.1,86999.0,86732.0,86857.7,119947.58
1743002100000,86857.7,86870.0,86541.5,86631.0,171826.43
1743003000000,86631.1,86899.8,86622.4,86838.1,77942.68
1743003900000,86838.0,87014.6,86600.4,86738.5,157454.27
1743004800000,86738.1,86839.9,86566.7,86742.0,86223.54
1743005700000,86741.9,86950.0,86600.0,86950.0,89844.98
1743006600000,86949.9,87057.7,86651.0,86696.3,105038.53
1743007500000,86696.2,86836.4,86362.2,86496.1,154815.99
1743008400000,86496.1,86769.0,86470.0,86722.8,74901.07
1743009300000,86722.7,86722.7,86466.0,86612.1,58138.64
1743010200000,86612.0,86831.6,86489.2,86681.3,90634.36
1743011100000,86681.3,86780.0,86492.8,86570.0,41539.11
1743012000000,86571.8,86750.0,86547.1,86676.0,44691.3
1743012900000,86676.0,86750.0,86580.3,86640.2,42048.69
1743013800000,86640.3,86750.0,86500.0,86500.1,35932.55
1743014700000,86500.1,86520.0,86156.0,86208.5,180579.74
1743015600000,86208.4,86365.0,85837.3,85924.1,290554.22
1743016500000,85924.1,86365.0,85852.1,86120.0,161031.01
1743017400000,86120.1,86518.8,86118.1,86480.0,101186.07
1743018300000,86480.1,86794.3,86480.0,86550.6,177915.24
1743019200000,86550.6,86999.8,86503.2,86912.0,255359.14
1743020100000,86912.0,87325.7,86837.5,87211.2,197744.16
1743021000000,87211.2,87398.0,87175.0,87282.8,124157.04
1743021900000,87282.8,87353.8,87088.8,87285.3,66680.35
1743022800000,87285.4,87305.8,87080.0,87199.6,44205.69
1743023700000,87199.6,87223.8,86966.0,87055.1,67087.24
1743024600000,87055.0,87092.1,86715.0,87088.0,66104.77
1743025500000,87088.0,87230.0,87061.8,87104.9,28268.59
1743026400000,87105.0,87150.7,86891.1,86932.0,36660.07
1743027300000,86932.1,86980.0,86760.2,86807.3,49674.9
1743028200000,86806.3,86981.2,86804.5,86894.3,27913.18
1743029100000,86894.3,87039.9,86817.5,86834.3,24110.52
1743030000000,86834.4,86910.7,86666.0,86704.5,61332.52
1743030900000,86704.5,86800.0,86550.6,86687.5,73662.32
1743031800000,86687.5,86899.8,86687.5,86859.9,39355.69
1743032700000,86859.9,86958.7,86802.9,86919.0,28424.33
1743033600000,86918.9,86970.0,86874.6,86903.4,55185.98
1743034500000,86903.4,87137.4,86800.0,87137.3,50580.6
1743035400000,87137.4,87255.0,87045.3,87106.9,69139.28
1743036300000,87107.0,87320.0,87094.4,87289.9,52918.02
1743037200000,87289.8,87429.2,87241.9,87292.9,70151.52
1743038100000,87292.9,87400.0,87180.0,87361.0,44455.32
1743039000000,87360.9,87380.0,87195.1,87306.7,39056.8
1743039900000,87306.7,87518.0,87242.1,87380.1,89706.09
1743040800000,87380.1,87597.2,87333.0,87524.1,60563.68
1743041700000,87524.1,87686.0,87470.9,87587.3,74775.06
1743042600000,87587.3,87677.9,87505.4,87668.9,35866.45
1743043500000,87669.0,87749.5,87522.0,87565.8,73937.59
1743044400000,87565.8,87662.0,87466.0,87565.1,43981.41
1743045300000,87565.1,87565.1,87422.0,87544.9,52901.56
1743046200000,87545.0,87677.9,87529.7,87597.7,38185.98
1743047100000,87597.6,87675.0,87588.9,87665.5,32571.54
1743048000000,87665.5,87682.0,87425.3,87482.0,80282.9
1743048900000,87482.0,87599.0,87432.2,87574.1,24652.46
1743049800000,87574.1,87604.7,87400.5,87469.5,32711.75
1743050700000,87469.5,87533.0,87450.5,87516.0,21395.82
1743051600000,87515.9,87515.9,87420.5,87468.0,32850.93
1743052500000,87468.0,87500.0,87339.5,87435.7,40772.17
1743053400000,87435.7,87435.7,87311.0,87349.1,45265.86
1743054300000,87349.1,87394.0,87255.0,87313.6,48512.38
1743055200000,87313.6,87457.1,87290.6,87457.1,43882.05
1743056100000,87457.1,87543.9,87402.7,87493.0,43326.2
1743057000000,87492.9,87550.0,87415.8,87415.8,27170.07
1743057900000,87415.8,87428.0,87273.2,87354.5,39515.99
1743058800000,87355.0,87393.5,87250.0,87346.1,28999.87
1743059700000,87346.0,87404.5,87261.1,87336.0,23022.37
1743060600000,87334.3,87444.0,87276.1,87302.9,38535.34
1743061500000,87302.9,87411.3,87283.2,87404.6,29968.51
1743062400000,87404.5,87500.0,87250.1,87352.5,48996.33
1743063300000,87352.5,87464.7,87312.0,87402.4,42654.03
1743064200000,87402.5,87593.9,87402.4,87475.7,60361.14
1743065100000,87475.7,87479.9,87288.7,87435.9,38806.44
1743066000000,87435.8,87511.2,87400.1,87470.0,34969.25
1743066900000,87470.1,87525.7,87425.0,87461.7,24124.73
1743067800000,87461.6,87544.6,87425.8,87464.5,32403.05
1743068700000,87464.5,87520.0,87385.4,87414.0,25796.51
1743069600000,87414.0,87600.0,87395.2,87478.0,53753.02
1743070500000,87478.0,87547.2,87430.1,87504.9,24910.55
1743071400000,87504.9,87556.1,87414.2,87414.5,25491.41
1743072300000,87414.4,87425.1,87110.0,87191.9,151309.28
1743073200000,87191.8,87319.9,87146.5,87178.1,46630.0
1743074100000,87178.1,87241.9,86905.0,86946.1,126141.09
1743075000000,86946.1,87078.5,86853.6,86911.6,85180.66
1743075900000,86911.7,86997.9,86781.9,86949.9,84343.75
1743076800000,86949.9,87046.7,86765.4,87005.8,126169.11
1743077700000,87005.7,87069.0,86900.0,86956.2,70431.09
1743078600000,86956.3,87100.0,86850.0,86896.8,115071.42
1743079500000,86896.9,86928.1,86714.3,86750.1,113179.99
1743080400000,86750.1,86860.1,86620.0,86648.1,80457.39
1743081300000,86648.1,86711.9,86132.9,86328.1,376543.87
1743082200000,86328.1,86516.8,85800.0,86020.0,601606.59
1743083100000,86019.9,86493.6,85904.4,86385.1,380354.97
1743084000000,86385.1,86780.0,86192.0,86452.1,434225.2
1743084900000,86452.0,86640.0,86366.9,86634.8,155536.48
1743085800000,86634.9,87222.2,86522.4,87048.0,341701.31
1743086700000,87047.9,87325.9,86871.4,87300.0,275442.97
1743087600000,87299.9,87421.7,87120.6,87390.2,188328.62
1743088500000,87390.2,87579.0,87260.1,87260.1,202241.13
1743089400000,87260.2,87266.9,86841.8,86863.9,238610.91
1743090300000,86863.9,87080.0,86709.5,86961.7,205442.42
1743091200000,86961.6,87212.0,86911.0,87077.2,126429.91
1743092100000,87077.1,87276.2,87003.0,87006.6,69760.18
1743093000000,87006.5,87159.2,86977.3,87145.9,64536.01
1743093900000,87145.9,87174.9,86773.8,86827.9,91367.01
1743094800000,86827.9,87020.0,86827.9,86957.8,72510.15
1743095700000,86957.8,87074.6,86856.5,86861.9,61143.52
1743096600000,86861.8,86978.1,86783.0,86972.0,82377.14
1743097500000,86972.0,87159.1,86894.1,86894.1,67323.47
1743098400000,86894.2,87135.6,86862.5,87122.9,42073.01
1743099300000,87122.8,87150.0,86947.5,87053.5,43767.58
1743100200000,87053.5,87383.8,87020.1,87341.0,101641.46
1743101100000,87341.0,87421.3,87205.0,87205.0,56939.29
1743102000000,87205.1,87358.0,87134.3,87349.5,47556.11
1743102900000,87349.6,87421.3,87250.0,87355.6,38438.48
1743103800000,87355.3,87388.0,87270.4,87297.7,42251.58
1743104700000,87297.7,87304.5,87014.7,87059.1,67230.37
1743105600000,87059.1,87086.1,86920.9,86952.1,44702.51
1743106500000,86952.2,87274.9,86922.6,87205.8,45059.82
1743107400000,87205.8,87316.7,87172.5,87310.0,36454.52
1743108300000,87310.0,87342.0,87244.0,87300.9,23482.44
1743109200000,87300.8,87350.0,87224.4,87286.4,20191.23
1743110100000,87286.4,87465.9,87270.4,87375.6,28486.89
1743111000000,87375.6,87747.4,87360.1,87629.8,136160.0
1743111900000,87629.9,87636.4,87472.0,87560.7,26571.77
1743112800000,87560.8,87600.0,87409.1,87418.0,28549.44
1743113700000,87418.1,87492.1,87350.3,87389.4,22029.37
1743114600000,87389.4,87429.7,87321.8,87346.0,30201.59
1743115500000,87346.1,87441.0,87313.1,87340.8,22003.46
1743116400000,87340.9,87371.4,87156.5,87193.7,55728.41
1743117300000,87193.7,87292.8,87184.8,87288.3,25838.83
1743118200000,87288.3,87345.7,87118.6,87138.5,42229.62
1743119100000,87138.4,87261.5,87111.0,87218.3,19130.14
1743120000000,87218.4,87244.5,87020.0,87056.9,35147.48
1743120900000,87056.8,87124.1,86955.7,86958.5,36544.14
1743121800000,86958.5,87210.0,86900.0,87209.9,72057.62
1743122700000,87209.9,87412.3,87145.1,87344.4,82528.44
1743123600000,87344.4,87370.0,87151.7,87154.6,42888.74
1743124500000,87154.7,87222.1,87099.8,87164.8,30675.63
1743125400000,87164.8,87508.7,87111.0,87499.9,75228.03
1743126300000,87499.9,87500.0,87200.0,87233.8,44572.3
1743127200000,87233.8,87308.0,87151.7,87222.7,44354.97
1743128100000,87222.6,87330.1,87222.6,87251.6,23354.57
1743129000000,87251.6,87251.6,87048.0,87087.7,56558.97
1743129900000,87087.7,87163.7,86951.0,86983.4,65988.82
1743130800000,86983.4,87023.8,86766.0,86858.6,105828.18
1743131700000,86858.6,86941.7,86755.0,86790.1,86239.1
1743132600000,86790.1,86881.8,86788.3,86839.1,57000.97
1743133500000,86839.1,86861.0,86743.9,86789.0,45367.1
1743134400000,86789.0,86834.3,86750.0,86769.6,29913.26
1743135300000,86769.6,86777.8,86662.8,86700.0,77519.61
1743136200000,86700.0,86700.0,86074.1,86241.0,356532.73
1743137100000,86240.1,86385.0,85915.0,86291.8,374980.82
1743138000000,86291.9,86292.7,86037.9,86064.1,163369.66
1743138900000,86064.0,86201.3,85955.0,85971.4,99744.34
1743139800000,85971.5,86068.9,85835.1,85915.0,150701.65
1743140700000,85915.1,86212.0,85820.0,86050.5,175692.13
1743141600000,86050.4,86250.3,85977.8,86211.1,96993.47
1743142500000,86211.1,86219.3,85921.4,86013.1,61646.06
1743143400000,86013.0,86022.0,85841.0,85852.4,102460.61
1743144300000,85852.5,85971.4,85644.2,85713.5,223083.41
1743145200000,85718.4,85867.6,85601.0,85714.4,130968.54
1743146100000,85714.4,85819.9,85560.0,85615.1,91268.8
1743147000000,85615.1,85634.3,85210.1,85260.1,476026.09
1743147900000,85260.2,85372.9,85167.0,85216.4,260494.99
1743148800000,85216.4,85443.8,85153.7,85292.5,171051.37
1743149700000,85292.4,85385.2,85050.0,85086.4,171548.43
1743150600000,85086.3,85214.3,85050.6,85172.0,82106.06
1743151500000,85172.1,85402.8,85163.3,85220.2,130875.95
1743152400000,85220.1,85252.9,85073.5,85075.1,62875.68
1743153300000,85075.0,85326.2,85019.4,85321.1,122408.03
1743154200000,85321.2,85420.0,85200.0,85214.9,78031.89
1743155100000,85214.9,85221.0,85058.9,85169.1,60897.88
1743156000000,85169.1,85270.9,85024.1,85184.0,83945.35
1743156900000,85184.1,85258.0,85100.0,85250.9,51937.12
1743157800000,85250.8,85256.3,85120.0,85142.8,37373.57
1743158700000,85142.9,85142.9,84888.0,84960.6,134408.54
1743159600000,84960.5,85039.7,84811.7,84829.6,102788.68
1743160500000,84829.6,85231.5,84800.1,85104.1,213103.99
1743161400000,85104.0,85214.0,84935.0,85072.1,81520.92
1743162300000,85072.0,85258.0,85011.5,85250.1,74258.18
1743163200000,85250.0,85288.2,85132.9,85168.0,59722.8
1743164100000,85168.0,85474.7,85100.0,85364.3,126539.05
1743165000000,85364.5,85642.8,84889.0,85120.1,337798.57
1743165900000,85120.0,85232.0,85000.0,85041.8,72496.86
1743166800000,85041.9,85354.8,84972.0,85353.5,97322.86
1743167700000,85353.5,85540.2,85264.7,85335.7,144977.31
1743168600000,85335.7,85572.0,85128.4,85300.1,184645.58
1743169500000,85300.1,85316.5,84911.0,85006.6,168826.66
1743170400000,85006.6,85124.6,84329.0,84457.8,539036.61
1743171300000,84457.7,84671.0,84294.0,84369.7,310073.51
1743172200000,84369.7,84476.4,84180.0,84407.8,282003.47
1743173100000,84407.7,84419.1,84150.0,84170.1,226834.43
1743174000000,84170.1,84366.0,83950.1,84310.5,323700.87
1743174900000,84310.4,84398.7,84067.9,84243.7,97506.13
1743175800000,84243.7,84554.9,84200.0,84288.2,187314.12
1743176700000,84288.3,84396.9,84039.0,84044.2,117847.74
1743177600000,84044.2,84217.5,83885.3,83885.3,184031.11
1743178500000,83885.4,84035.8,83621.9,83927.8,363857.05
1743179400000,83927.8,84035.8,83857.1,83910.2,75980.27
1743180300000,83910.2,83959.9,83738.0,83782.6,83797.24
1743181200000,83782.6,83901.2,83562.9,83658.0,108430.48
1743182100000,83658.0,83960.0,83610.5,83758.2,120144.23
1743183000000,83758.2,83933.1,83678.0,83748.1,74289.24
1743183900000,83748.1,84016.6,83712.1,84012.0,60605.07
1743184800000,84012.1,84191.6,83966.6,84079.5,194138.63
1743185700000,84079.6,84161.9,83792.5,83827.8,62898.31
1743186600000,83827.7,83960.4,83746.0,83834.6,39689.64
1743187500000,83834.6,83899.9,83722.0,83885.8,36340.13
1743188400000,83885.8,83907.9,83688.0,83776.2,50046.27
1743189300000,83776.2,83813.4,83646.7,83813.3,39368.89
1743190200000,83813.3,83827.4,83658.0,83687.6,38870.41
1743191100000,83687.7,83917.2,83664.4,83798.4,73145.04
1743192000000,83798.4,83943.9,83737.5,83842.4,54573.88
1743192900000,83842.5,83998.0,83831.4,83898.3,35070.47
1743193800000,83898.3,84162.0,83873.9,84064.0,100750.69
1743194700000,84064.0,84084.0,83700.4,83798.0,69252.25
1743195600000,83798.0,84019.9,83688.0,83982.1,46063.85
1743196500000,83982.0,84087.0,83809.9,84013.9,31313.37
1743197400000,84013.9,84112.7,83944.4,84042.2,32514.21
1743198300000,84042.3,84061.5,83818.0,84060.0,51845.25
1743199200000,84059.9,84267.5,84059.9,84228.7,65371.51
1743200100000,84228.7,84268.0,84115.4,84240.9,43376.57
1743201000000,84241.0,84350.0,84240.9,84313.5,60067.69
1743201900000,84313.5,84489.1,84313.4,84487.1,56246.37
1743202800000,84487.1,84533.3,84284.8,84311.0,81654.28
1743203700000,84311.1,84377.8,84200.0,84246.6,26673.17
1743204600000,84246.6,84424.0,84208.0,84376.9,32831.54
1743205500000,84376.9,84429.1,84357.8,84429.1,15020.66
1743206400000,84429.1,84476.7,84355.8,84474.2,32108.48
1743207300000,84474.3,84620.0,84432.4,84532.0,62793.91
1743208200000,84532.1,84623.2,84476.6,84563.0,44597.31
1743209100000,84563.0,84575.5,84350.0,84396.1,37615.54
1743210000000,84396.0,84507.1,84376.0,84480.4,22040.27
1743210900000,84480.4,84482.9,84213.0,84237.2,40115.97
1743211800000,84237.3,84418.1,84237.2,84300.0,29958.28
1743212700000,84300.0,84354.7,84215.6,84283.6,29296.65
1743213600000,84283.6,84428.5,84283.6,84400.0,36514.86
1743214500000,84400.0,84410.0,84140.0,84199.5,59211.31
1743215400000,84199.5,84285.8,84020.0,84025.2,44713.12
1743216300000,84025.2,84157.5,83802.0,83849.2,124613.25
1743217200000,83849.2,83989.5,83700.0,83835.4,122624.9
1743218100000,83835.4,84090.1,83835.4,84064.0,68188.42
1743219000000,84063.9,84209.5,84063.9,84209.5,51329.4
1743219900000,84209.5,84256.0,84141.9,84160.0,34945.67
1743220800000,84160.0,84278.7,84107.5,84138.9,39684.01
1743221700000,84138.9,84141.2,83987.5,84056.0,38678.02
1743222600000,84056.0,84110.0,83985.0,84010.1,32613.96
1743223500000,84010.1,84084.1,83968.0,84079.1,25969.79
1743224400000,84076.2,84106.2,84005.0,84090.1,35262.41
1743225300000,84090.0,84095.0,83923.7,83924.8,26412.6
1743226200000,83924.8,83958.2,83856.0,83940.0,29159.03
1743227100000,83940.0,84051.9,83927.8,84012.7,23802.9
1743228000000,84012.7,84015.3,83800.0,83800.0,42095.18
1743228900000,83800.0,83835.4,83673.6,83731.7,75952.73
1743229800000,83731.7,83898.4,83731.6,83872.4,59840.88
1743230700000,83872.4,83880.0,83723.8,83803.9,58316.88
1743231600000,83804.0,83846.1,83671.4,83738.4,39843.49
1743232500000,83738.4,83865.1,83680.6,83845.8,33534.62
1743233400000,83845.9,83900.0,83718.1,83804.5,41290.43
1743234300000,83804.5,83841.8,83659.3,83738.1,48766.77
1743235200000,83738.1,83803.4,83667.4,83780.8,44883.57
1743236100000,83780.8,83850.0,83710.0,83803.1,55078.62
1743237000000,83803.1,83941.0,83792.5,83865.7,46884.52
1743237900000,83865.6,83947.6,83850.2,83937.5,49450.6
1743238800000,83937.5,83957.9,83843.1,83843.1,56081.4
1743239700000,83843.1,83867.5,83734.1,83741.8,25202.27
1743240600000,83741.8,83794.0,83223.0,83486.7,254390.83
1743241500000,83486.6,83647.5,83306.3,83552.2,146004.65
1743242400000,83552.1,83552.2,83285.0,83504.1,139148.41
1743243300000,83504.0,83570.0,83372.5,83416.1,65909.56
1743244200000,83416.1,83416.1,83247.5,83306.2,93289.25
1743245100000,83306.3,83333.7,82804.6,82926.0,313726.93
1743246000000,82926.1,83105.2,82850.0,83100.0,103207.47
1743246900000,83100.0,83113.0,82354.2,82511.6,449294.97
1743247800000,82512.5,82524.8,82025.3,82049.0,369777.91
1743248700000,82049.1,82312.9,82010.0,82294.0,147257.21
1743249600000,82294.0,82430.7,82138.1,82344.3,124914.99
1743250500000,82344.3,82525.9,82267.6,82420.0,120414.04
1743251400000,82420.0,82471.7,82222.4,82318.8,57479.38
1743252300000,82318.9,82460.3,82282.9,82459.2,45047.81
1743253200000,82459.2,82703.6,82442.2,82657.0,151779.45
1743254100000,82656.9,82826.2,82585.1,82690.0,94737.68
1743255000000,82689.9,82714.9,82550.0,82597.9,77540.63
1743255900000,82598.0,82849.8,82584.4,82830.0,76332.21
1743256800000,82830.0,82874.3,82650.0,82732.0,67665.72
1743257700000,82732.0,82766.0,82434.6,82528.7,100263.97
1743258600000,82528.7,82729.8,82497.0,82660.1,42713.74
1743259500000,82660.1,82680.0,82491.2,82493.0,35431.72
1743260400000,82493.1,82578.8,82468.5,82534.2,21075.06
1743261300000,82534.2,82625.0,82480.0,82534.2,19807.52
1743262200000,82534.2,82563.7,82382.8,82404.1,47543.11
1743263100000,82404.1,82488.0,82373.8,82415.1,28824.72
1743264000000,82415.1,82690.6,82415.1,82660.0,78853.07
1743264900000,82660.0,82660.2,82384.7,82405.6,69142.42
1743265800000,82405.5,82491.9,82320.1,82320.2,34959.93
1743266700000,82320.2,82364.1,82168.0,82199.8,142239.75
1743267600000,82199.7,82268.0,81857.5,81896.3,171259.6
1743268500000,81896.3,82219.8,81626.1,82188.3,325071.36
1743269400000,82188.3,82625.0,82115.9,82135.7,203770.08
1743270300000,82135.8,82403.9,82072.2,82329.9,90404.14
1743271200000,82329.9,82463.0,82213.0,82416.1,75876.71
1743272100000,82416.2,82511.5,82343.3,82479.9,36109.93
1743273000000,82480.0,82592.7,82438.8,82532.5,45775.27
1743273900000,82532.5,82690.7,82333.5,82344.4,76577.77
1743274800000,82344.4,82598.7,82257.8,82432.2,101511.41
1743275700000,82432.2,82432.3,82229.6,82302.1,34266.84
1743276600000,82302.1,82411.8,82212.6,82355.8,24198.74
1743277500000,82355.8,82780.5,82274.5,82777.5,180339.43
1743278400000,82777.5,82777.6,82484.6,82567.2,111406.21
1743279300000,82567.3,82711.2,82523.0,82667.5,19039.97
1743280200000,82667.5,82800.0,82577.8,82587.0,44769.79
1743281100000,82587.1,82613.0,82430.8,82522.4,23330.83
1743282000000,82522.4,82660.0,82430.8,82618.4,38423.72
1743282900000,82618.4,82700.0,82531.7,82531.7,13132.2
1743283800000,82531.8,82558.7,82366.0,82500.0,18716.14
1743284700000,82500.0,82650.0,82446.0,82525.0,19604.5
1743285600000,82524.9,82533.8,82437.0,82482.0,20252.82
1743286500000,82481.9,82513.1,82416.0,82460.0,15433.16
1743287400000,82460.0,82470.8,82350.0,82371.5,13621.84
1743288300000,82371.5,82434.8,82266.2,82410.1,36168.33
1743289200000,82410.1,82494.3,82348.0,82478.8,17606.47
1743290100000,82478.9,82566.6,82444.0,82473.1,16674.0
1743291000000,82473.0,82513.9,82410.0,82500.0,13786.53
1743291900000,82500.0,82694.6,82475.4,82650.6,34457.47
1743292800000,82650.6,82755.6,82566.6,82753.9,42975.48
1743293700000,82753.9,82784.4,82606.9,82625.4,26896.93
1743294600000,82625.4,82648.0,82500.0,82609.9,26936.24
1743295500000,82609.9,82905.0,82592.2,82815.1,111111.54
1743296400000,82815.0,83087.6,82764.4,83046.0,153264.77
1743297300000,83045.9,83045.9,82913.8,83000.9,62126.01
1743298200000,83000.9,83088.0,82900.2,82905.9,47135.49
1743299100000,82905.9,82955.3,82815.0,82947.7,32704.65
1743300000000,82947.7,83266.0,82931.0,83153.8,91999.17
1743300900000,83153.9,83235.3,83089.0,83099.7,41139.84
1743301800000,83099.6,83333.0,83044.3,83299.9,54524.38
1743302700000,83299.9,83380.0,83235.0,83321.6,68791.53
1743303600000,83321.5,83439.7,83316.8,83438.8,89022.09
1743304500000,83438.7,83513.4,83328.8,83329.9,87959.93
1743305400000,83330.0,83361.9,83143.1,83218.2,106702.53
1743306300000,83218.2,83296.7,83016.8,83077.1,119440.94
1743307200000,83077.2,83203.3,83077.1,83194.7,34496.93
1743308100000,83194.7,83228.0,83069.8,83130.0,31581.48
1743309000000,83130.0,83215.7,83104.1,83206.6,27142.72
1743309900000,83206.6,83319.0,83066.2,83104.0,60276.81
1743310800000,83103.9,83140.8,83069.5,83128.5,25296.85
1743311700000,83129.6,83209.8,83093.6,83181.9,35330.74
1743312600000,83181.8,83223.4,83103.7,83103.9,22279.87
1743313500000,83103.9,83103.9,82915.0,82960.9,68530.97
1743314400000,82960.9,83047.7,82901.2,83000.0,64245.13
1743315300000,83000.0,83006.4,82853.1,82861.3,52534.22
1743316200000,82861.3,83197.3,82853.3,83167.0,57239.71
1743317100000,83167.0,83332.5,83120.0,83198.0,97971.84
1743318000000,83198.0,83325.0,83197.9,83325.0,46910.66
1743318900000,83324.9,83324.9,83237.3,83259.0,32787.06
1743319800000,83259.0,83275.2,83088.0,83098.9,32600.82
1743320700000,83098.9,83141.6,83060.3,83083.6,33379.22
1743321600000,83083.6,83270.0,83083.5,83270.0,29374.82
1743322500000,83269.9,83296.8,83213.0,83225.9,21246.51
1743323400000,83225.9,83360.0,83213.8,83267.7,52111.62
1743324300000,83267.6,83416.7,83267.6,83390.9,32508.13
1743325200000,83390.9,83395.9,83298.0,83328.5,36179.64
1743326100000,83328.6,83418.0,83250.0,83392.1,30852.33
1743327000000,83392.1,83500.0,83392.1,83440.1,42931.81
1743327900000,83440.0,83545.3,83440.0,83494.7,47422.04
1743328800000,83494.6,83538.7,83440.3,83479.7,34263.52
1743329700000,83479.7,83490.5,83107.0,83219.0,188444.06
1743330600000,83219.0,83219.0,83062.0,83065.5,60130.02
1743331500000,83065.5,83177.0,83062.0,83128.6,32165.1
1743332400000,83128.6,83306.9,83106.0,83269.7,66858.04
1743333300000,83269.8,83376.2,82957.0,83085.7,157790.19
1743334200000,83085.6,83199.0,82982.7,83060.0,86288.94
1743335100000,83060.0,83150.0,83012.6,83126.0,24168.85
1743336000000,83126.0,83161.1,82980.0,83024.0,31589.26
1743336900000,83023.9,83281.5,83007.6,83264.5,100371.98
1743337800000,83264.5,83281.0,83029.1,83050.1,51768.15
1743338700000,83050.1,83100.0,83007.0,83081.9,32231.11
1743339600000,83081.9,83099.4,82966.3,83055.7,29978.08
1743340500000,83055.7,83171.2,82888.0,82928.7,52978.96
1743341400000,82928.6,82977.5,82503.8,82973.1,298699.66
1743342300000,82973.0,82980.0,82675.0,82689.7,98483.68
1743343200000,82689.6,82813.8,82605.0,82677.7,65040.01
1743344100000,82677.7,82891.9,82632.5,82759.2,85155.54
1743345000000,82759.2,82900.0,82685.1,82852.4,39176.79
1743345900000,82852.4,83054.0,82757.5,82807.3,112280.25
1743346800000,82807.2,82945.2,82785.3,82938.8,40476.75
1743347700000,82938.8,83072.8,82811.8,82834.4,66418.51
1743348600000,82834.4,82891.7,82761.0,82850.1,28902.54
1743349500000,82850.2,82926.1,82701.4,82736.0,36140.9
1743350400000,82736.0,82797.6,82690.3,82754.0,22099.79
1743351300000,82754.0,82821.9,82650.0,82652.6,29211.5
1743352200000,82652.7,82676.0,82311.7,82505.2,183716.71
1743353100000,82505.2,82545.4,82158.6,82292.8,103295.41
1743354000000,82294.0,82404.9,82044.0,82376.1,111201.8
1743354900000,82375.1,82555.0,82322.3,82427.8,50733.78
1743355800000,82427.8,82582.1,82370.0,82370.0,44196.38
1743356700000,82370.0,82430.0,82280.0,82421.0,31741.53
1743357600000,82421.0,82744.9,82421.0,82621.9,94641.68
1743358500000,82622.0,82800.0,82558.0,82769.3,47065.18
1743359400000,82769.4,82784.6,82571.4,82643.7,28401.97
1743360300000,82643.7,82754.0,82636.7,82730.7,32632.78
1743361200000,82730.8,82908.4,82674.1,82705.9,77435.64
1743362100000,82705.9,82734.6,82577.9,82595.8,36972.33
1743363000000,82595.8,82670.0,82582.0,82613.0,12907.69
1743363900000,82613.0,82613.1,82540.0,82546.2,20816.58
1743364800000,82546.2,82582.0,82390.0,82575.0,42520.37
1743365700000,82575.1,82648.1,82503.9,82540.7,16020.94
1743366600000,82540.7,82666.7,82540.7,82588.9,18060.29
1743367500000,82588.9,82590.0,82505.7,82556.5,14844.03
1743368400000,82556.6,82717.5,82556.6,82648.1,26861.77
1743369300000,82648.1,82648.2,82582.0,82585.4,7465.41
1743370200000,82585.5,82585.5,82231.6,82271.0,36679.13
1743371100000,82271.0,82383.4,82060.3,82238.9,86155.91
1743372000000,82238.7,82251.3,81558.3,81900.0,244862.09
1743372900000,81900.0,82250.0,81791.6,82222.1,94612.46
1743373800000,82222.1,82762.4,82144.9,82521.7,161441.51
1743374700000,82521.7,82638.0,82355.6,82432.0,57031.71
1743375600000,82432.1,82438.8,82116.7,82230.9,62422.86
1743376500000,82230.9,82260.5,81931.0,81961.6,62601.78
1743377400000,81961.5,82363.4,81936.6,82324.0,79814.27
1743378300000,82324.0,82414.3,82212.7,82403.4,38355.62
1743379200000,82403.5,82465.4,82175.0,82289.3,63493.99
1743380100000,82289.2,82333.4,81955.0,81993.8,62838.36
1743381000000,81993.9,82005.6,81337.1,81374.0,202400.28
1743381900000,81373.9,81714.9,81260.9,81652.0,156329.56
1743382800000,81652.1,82066.0,81535.3,81909.0,127768.85
1743383700000,81907.1,82285.8,81750.0,82179.9,141068.96
1743384600000,82179.9,82190.1,81825.0,81985.3,62791.36
1743385500000,81985.2,82030.0,81760.0,81970.8,63545.71
1743386400000,81970.7,81984.1,81645.0,81771.8,56066.87
1743387300000,81771.8,81960.0,81649.0,81723.1,44741.66
1743388200000,81723.0,82025.8,81645.2,81957.1,59155.92
1743389100000,81957.0,82185.8,81893.4,81938.9,80599.76
1743390000000,81938.9,82045.2,81676.1,81701.9,55481.89
1743390900000,81701.8,81862.0,81560.0,81823.8,84815.13
1743391800000,81823.7,81950.7,81692.1,81706.8,69192.89
1743392700000,81706.8,81720.1,81469.8,81540.3,87672.4
1743393600000,81540.3,81769.9,81533.5,81714.0,57378.63
1743394500000,81713.9,81715.0,81405.3,81530.2,66586.94
1743395400000,81530.2,81737.7,81486.0,81689.9,47062.26
1743396300000,81689.9,81875.4,81671.9,81846.7,43884.02
1743397200000,81846.7,82219.5,81836.0,82192.7,110690.08
1743398100000,82194.0,82306.0,82063.3,82175.1,62552.46
1743399000000,82175.0,82198.2,82023.8,82155.2,54123.4
1743399900000,82155.2,82262.9,82101.2,82171.9,36027.76
1743400800000,82171.9,82275.4,82033.1,82082.7,41516.99
1743401700000,82082.7,82208.3,81937.2,81968.0,69715.6
1743402600000,81968.0,82069.1,81916.2,82056.7,30559.1
1743403500000,82056.7,82095.0,81950.0,82060.0,32185.35
1743404400000,82059.9,82298.6,82047.2,82081.9,55041.1
1743405300000,82082.0,82112.6,81916.9,82046.4,46645.91
1743406200000,82046.5,82068.0,81782.5,81841.6,62375.47
1743407100000,81841.7,81949.9,81736.2,81949.9,58428.38
1743408000000,81949.8,82271.2,81920.8,82158.7,95887.01
1743408900000,82158.6,82200.0,82038.0,82184.9,45886.61
1743409800000,82185.0,82268.0,82077.5,82083.1,49474.33
1743410700000,82083.1,82162.1,81882.6,81913.4,43261.72
1743411600000,81913.6,81978.9,81540.0,81609.5,131011.92
1743412500000,81609.6,81746.6,81455.0,81524.8,119078.74
1743413400000,81524.8,81595.1,81370.2,81505.1,126537.01
1743414300000,81505.2,81531.7,81340.0,81472.0,82596.77
1743415200000,81472.0,81613.1,81288.8,81488.7,105217.79
1743416100000,81488.7,81809.1,81445.0,81772.4,93864.47
1743417000000,81772.4,81947.5,81709.5,81926.1,71717.36
1743417900000,81926.1,82225.3,81921.8,82173.0,150278.6
1743418800000,82174.0,82220.0,82012.0,82115.5,83415.28
1743419700000,82115.4,82240.0,81968.0,81968.1,74550.13
1743420600000,81968.0,82068.1,81900.0,82049.2,46413.37
1743421500000,82049.3,82287.3,82035.1,82215.2,77748.89
1743422400000,82215.1,82288.0,82000.1,82011.9,74010.82
1743423300000,82011.9,82157.4,81922.4,82130.8,58310.49
1743424200000,82130.7,82544.0,82047.6,82497.6,174541.54
1743425100000,82497.6,83174.0,82400.0,82780.0,474000.41
1743426000000,82780.1,82881.5,82618.3,82659.0,121525.16
1743426900000,82659.0,82750.0,82444.0,82561.9,115544.88
1743427800000,82561.9,82621.2,81775.0,81916.9,454077.38
1743428700000,81917.0,82793.5,81656.0,82506.0,434535.75
1743429600000,82505.9,83444.0,82500.5,83334.0,415079.41
1743430500000,83333.5,83616.9,82822.4,82822.5,418451.19
1743431400000,82822.6,83490.2,82822.6,83172.1,213109.73
1743432300000,83172.0,83771.0,83166.6,83499.6,261710.28
1743433200000,83499.6,83838.6,83406.7,83445.8,217905.33
1743434100000,83445.8,83943.6,83440.1,83640.8,195437.03
1743435000000,83642.2,83756.6,83442.0,83513.1,127240.25
1743435900000,83513.1,83714.0,83387.2,83427.3,88006.45
1743436800000,83427.3,83700.0,83261.7,83348.3,117206.4
1743437700000,83348.2,83627.1,83281.9,83623.8,75668.01
1743438600000,83623.8,83623.8,83332.1,83377.7,47586.74
1743439500000,83377.7,83515.1,83252.0,83308.0,89384.1
1743440400000,83307.9,83565.4,83270.0,83475.2,45569.03
1743441300000,83475.3,83481.5,83226.4,83314.0,58800.49
1743442200000,83314.0,83400.0,82775.0,82810.1,153403.82
1743443100000,82810.0,82845.0,82580.0,82685.9,156883.78
1743444000000,82686.0,83318.0,82680.3,83138.1,108045.09
1743444900000,83138.0,83368.3,83077.0,83357.5,48436.34
1743445800000,83357.6,83589.6,83296.4,83412.5,77663.11
1743446700000,83412.5,83533.5,83275.2,83286.0,52566.11
1743447600000,83286.0,83446.7,83271.4,83364.3,37861.04
1743448500000,83364.4,83378.4,82935.5,82935.6,64437.29
1743449400000,82935.5,83049.5,82786.7,82804.2,69614.15
1743450300000,82804.2,82804.2,82385.0,82460.0,166456.73
1743451200000,82460.0,82698.1,82355.1,82590.9,110981.93
1743452100000,82591.0,82800.0,82568.5,82775.8,54867.96
1743453000000,82775.9,82853.3,82679.2,82759.1,49074.9
1743453900000,82759.0,82763.9,82368.0,82432.0,53192.52
1743454800000,82432.0,82567.7,82411.0,82562.9,38553.18
1743455700000,82563.0,82757.6,82502.2,82589.3,30735.39
1743456600000,82589.2,82712.6,82554.6,82636.4,22314.24
1743457500000,82636.4,82713.5,82497.2,82568.0,26831.27
1743458400000,82568.0,82581.7,82400.2,82433.9,50874.08
1743459300000,82433.8,82433.8,82268.0,82358.6,65533.25
1743460200000,82356.1,82418.8,82286.1,82338.7,28743.38
1743461100000,82338.6,82420.0,82300.0,82418.0,32466.42
1743462000000,82418.0,82643.0,82385.4,82567.1,64064.07
1743462900000,82567.1,82887.6,82324.4,82366.1,93425.71
1743463800000,82366.2,82575.7,82293.5,82477.7,61419.0
1743464700000,82477.6,82595.2,82396.3,82556.6,32007.44
1743465600000,82556.6,82727.3,82482.1,82487.1,57959.21
1743466500000,82487.0,82772.4,82433.0,82644.0,43557.59
1743467400000,82644.0,82754.7,82550.0,82738.7,46008.6
1743468300000,82738.7,82849.2,82570.0,82657.8,70419.46
1743469200000,82657.8,82682.6,82470.0,82580.0,49213.04
1743470100000,82579.9,82730.0,82513.9,82707.2,44258.9
1743471000000,82707.2,82746.3,82552.0,82592.5,24873.34
1743471900000,82592.5,82750.0,82592.5,82711.2,34918.26
1743472800000,82713.9,82854.1,82650.0,82854.1,35385.75
1743473700000,82854.1,83049.7,82854.1,82883.5,90991.73
1743474600000,82883.6,82957.4,82788.0,82955.2,50347.23
1743475500000,82955.2,83124.7,82877.0,83094.4,80734.04
1743476400000,83094.4,83198.0,83023.5,83170.4,58085.54
1743477300000,83170.5,83250.0,83080.0,83087.4,62501.69
1743478200000,83087.5,83114.7,82980.3,82994.0,50155.6
1743479100000,82994.1,83089.9,82915.5,82956.5,31104.94
1743480000000,82956.5,83037.5,82900.0,82932.7,40596.62
1743480900000,82932.8,83052.8,82880.0,83052.8,41212.53
1743481800000,83052.8,83240.0,83052.8,83174.5,51636.41
1743482700000,83174.5,83174.6,83047.5,83068.4,28094.25
1743483600000,83068.9,83178.0,83010.4,83178.0,28274.81
1743484500000,83177.9,83328.0,83167.0,83286.7,69787.81
1743485400000,83286.8,83328.0,83121.1,83171.9,37410.09
1743486300000,83171.9,83188.0,82982.9,83006.9,42020.44
1743487200000,83007.0,83050.6,82888.6,82998.0,56117.48
1743488100000,82998.0,83147.1,82966.1,83140.2,31333.79
1743489000000,83140.2,83388.0,83126.0,83359.0,77203.34
1743489900000,83360.0,83500.0,83286.0,83455.2,85429.37
1743490800000,83456.0,83520.0,83373.5,83504.2,71814.44
1743491700000,83504.3,83576.3,83381.0,83456.9,57124.35
1743492600000,83456.9,83610.4,83396.3,83531.0,69395.19
1743493500000,83531.0,83588.0,83429.7,83457.4,61360.66
1743494400000,83457.4,83722.0,83436.0,83700.0,158831.05
1743495300000,83700.0,84050.0,83699.9,83941.9,251408.72
1743496200000,83942.0,84199.9,83920.9,83996.1,199682.14
1743497100000,83996.1,84230.0,83996.1,84124.0,119640.42
1743498000000,84123.9,84320.0,84110.0,84160.9,135348.47
1743498900000,84161.0,84291.3,84128.4,84225.5,75077.66
1743499800000,84225.5,84362.0,84189.1,84331.7,87309.65
1743500700000,84331.7,84396.6,84252.3,84352.0,57262.47
1743501600000,84352.1,84395.0,84162.0,84295.0,111504.48
1743502500000,84295.0,84517.5,84295.0,84430.0,161820.89
1743503400000,84430.0,84450.0,84185.7,84254.4,112934.29
1743504300000,84254.4,84362.0,84155.0,84192.2,81460.33
1743505200000,84192.2,84219.5,83963.1,84105.9,157894.69
1743506100000,84105.9,84187.9,84002.0,84060.1,63939.03
1743507000000,84060.0,84060.0,83843.0,83996.0,125166.03
1743507900000,83995.9,84068.9,83890.0,83932.9,47911.04
1743508800000,83932.9,84145.9,83920.5,84107.3,63026.77
1743509700000,84107.4,84166.0,83919.5,84075.2,58270.13
1743510600000,84075.2,84076.0,83686.6,83759.9,107038.33
1743511500000,83760.0,83818.2,83617.5,83621.0,114877.97
1743512400000,83621.1,83842.5,83592.8,83783.5,81513.38
1743513300000,83783.5,83788.0,83630.3,83686.4,66227.62
1743514200000,83686.4,83841.3,83418.2,83743.1,253254.27
1743515100000,83743.1,83916.8,83528.1,83630.6,165401.84
1743516000000,83630.9,83722.7,82654.0,82809.0,629323.18
1743516900000,82809.0,83065.6,82550.0,82975.2,352219.45
1743517800000,82975.1,83666.0,82935.0,83527.4,307010.37
1743518700000,83527.4,84372.2,83432.3,84192.1,433744.93
1743519600000,84192.1,84928.0,84180.7,84920.2,470165.11
1743520500000,84920.1,85250.0,84700.0,84745.0,579656.92
1743521400000,84745.0,85346.0,84744.9,85346.0,273641.18
1743522300000,85346.0,85515.4,85211.7,85295.6,232859.54
1743523200000,85295.7,85504.4,85120.0,85199.9,277923.29
1743524100000,85199.9,85279.0,84821.0,84933.9,208156.94
1743525000000,84933.9,85153.9,84815.0,84966.0,131841.65
1743525900000,84966.0,85312.7,84906.5,85128.0,105784.78
1743526800000,85128.0,85164.0,84909.1,85161.5,81203.26
1743527700000,85161.5,85170.8,84924.0,85146.2,75180.77
1743528600000,85146.2,85275.0,85095.2,85116.1,62650.82
1743529500000,85116.1,85357.2,85102.6,85131.7,74073.05
1743530400000,85131.7,85142.1,84744.9,84872.6,143849.47
1743531300000,84872.7,84967.0,84719.1,84911.9,78422.2
1743532200000,84911.9,85200.0,84860.0,85151.0,96936.79
1743533100000,85151.0,85171.1,84922.5,85132.1,49811.16
1743534000000,85132.0,85184.0,85015.1,85136.5,32276.99
1743534900000,85136.5,85197.0,84924.5,84928.7,51660.13
1743535800000,84928.6,85073.7,84864.2,84995.0,33913.6
1743536700000,84995.0,85117.6,84823.2,84966.1,58419.42
1743537600000,84966.0,85021.5,84777.6,84983.8,59334.26
1743538500000,84983.8,85116.5,84937.4,84966.9,31625.78
1743539400000,84966.8,85057.6,84856.8,85021.8,26224.78
1743540300000,85021.8,85364.1,85014.1,85246.0,62120.04
1743541200000,85245.9,85348.9,85129.6,85298.4,28456.08
1743542100000,85298.4,85298.4,85180.0,85187.4,14110.23
1743543000000,85187.3,85488.0,85148.4,85369.2,47803.48
1743543900000,85369.2,85377.1,85186.5,85234.5,32106.24
1743544800000,85234.8,85471.3,85148.4,85366.0,45536.68
1743545700000,85366.1,85384.0,85207.7,85220.1,30838.75
1743546600000,85220.1,85327.1,85162.5,85211.6,28721.09
1743547500000,85211.6,85338.6,85086.3,85110.0,27796.56
1743548400000,85109.9,85135.0,84972.4,85072.1,42659.03
1743549300000,85073.1,85360.3,85073.0,85350.0,28985.02
1743550200000,85350.0,85587.7,85208.2,85269.9,125387.33
1743551100000,85269.9,85270.0,85150.0,85162.6,36233.46
1743552000000,85162.6,85266.0,85106.5,85110.3,43652.0
1743552900000,85110.3,85257.5,85067.1,85075.1,44736.63
1743553800000,85075.0,85151.2,85040.7,85041.1,37839.09
1743554700000,85041.0,85144.3,84920.9,84970.0,61177.35
1743555600000,84971.4,85105.3,84862.6,84911.1,88060.25
1743556500000,84911.1,85040.0,84861.0,84930.1,48636.68
1743557400000,84930.1,85222.0,84909.0,85171.1,76740.12
1743558300000,85171.1,85189.3,85025.0,85150.2,33227.33
1743559200000,85150.2,85179.1,84622.6,84743.9,200856.73
1743560100000,84743.9,84867.0,84658.0,84792.6,79487.64
1743561000000,84792.5,84888.9,84640.2,84669.6,53638.77
1743561900000,84669.5,84872.5,84661.9,84719.5,40247.91
1743562800000,84719.5,84917.6,84700.0,84855.1,39153.41
1743563700000,84855.2,84903.9,84670.0,84719.5,32707.6
1743564600000,84719.5,84794.7,84504.0,84611.9,75427.95
1743565500000,84611.9,84649.8,84555.0,84555.0,36205.64
1743566400000,84555.1,84704.3,84500.7,84696.9,55771.2
1743567300000,84696.9,84732.4,84600.0,84620.9,36333.47
1743568200000,84620.9,84620.9,84472.4,84472.7,54543.37
1743569100000,84472.6,84636.4,84460.8,84604.6,40426.21
1743570000000,84604.6,84604.6,84374.0,84374.1,61694.73
1743570900000,84374.1,84374.1,84180.2,84251.2,103291.15
1743571800000,84251.1,84360.1,84168.0,84198.5,68929.54
1743572700000,84198.4,84246.6,84111.0,84111.2,84246.57
1743573600000,84111.1,84162.0,83888.0,83995.7,172452.68
1743574500000,83995.7,84183.6,83942.3,84142.5,124253.6
1743575400000,84142.5,84393.1,84048.9,84320.1,162912.24
1743576300000,84320.0,84320.1,84116.6,84132.6,57877.41
1743577200000,84132.6,84232.7,84029.4,84039.9,56880.16
1743578100000,84040.0,84258.9,84012.0,84140.0,72167.6
1743579000000,84140.0,84467.2,84115.0,84250.1,115430.28
1743579900000,84250.1,84467.8,84207.6,84433.9,57775.01
1743580800000,84433.9,84435.9,84321.0,84344.4,44241.69
1743581700000,84344.3,84615.7,84266.5,84558.1,101479.44
1743582600000,84558.0,84736.7,84524.0,84692.4,131343.04
1743583500000,84692.3,84763.0,84600.1,84668.7,43787.49
1743584400000,84668.7,85466.0,84637.5,85309.7,293211.59
1743585300000,85309.6,85356.0,84913.4,85085.0,180801.04
1743586200000,85084.9,85180.0,84974.3,85006.7,68170.67
1743587100000,85005.6,85109.9,84950.9,85020.0,48210.23
1743588000000,85020.0,85198.0,84936.9,85125.0,76634.62
1743588900000,85125.0,85300.0,85050.0,85100.8,57668.7
1743589800000,85100.9,85110.8,84906.5,85027.2,81972.22
1743590700000,85027.2,85074.8,84830.0,84867.1,62927.19
1743591600000,84867.1,84967.8,84740.0,84874.0,71240.49
1743592500000,84874.0,84978.9,84813.6,84813.6,35058.31
1743593400000,84813.6,84881.1,84629.5,84733.1,81594.54
1743594300000,84733.0,84767.7,84543.1,84573.7,62088.23
1743595200000,84573.7,84794.2,84463.6,84765.5,135664.18
1743596100000,84765.5,84810.0,84566.7,84569.9,106850.35
1743597000000,84570.0,84995.0,84570.0,84970.3,109933.61
1743597900000,84970.4,85068.3,84801.1,85062.5,118015.75
1743598800000,85062.4,85062.5,84836.8,84850.1,79312.56
1743599700000,84850.0,84885.9,84601.5,84624.0,93959.45
1743600600000,84624.1,85530.0,84449.2,85482.2,555514.11
1743601500000,85482.2,86200.2,85222.0,85227.4,986051.16
1743602400000,85227.4,85819.7,85166.0,85440.0,366464.09
1743603300000,85440.1,85772.1,85326.1,85734.2,138165.99
1743604200000,85734.1,85891.8,85418.7,85574.8,188906.58
1743605100000,85574.9,85973.0,85522.9,85864.7,133027.37
1743606000000,85864.7,86500.0,85789.6,86188.1,468400.64
1743606900000,86188.1,86644.6,86175.8,86557.7,242497.69
1743607800000,86557.7,87357.0,86549.7,87195.9,808058.34
1743608700000,87195.9,87300.0,86680.0,86772.1,646861.76
1743609600000,86772.0,86950.0,86590.0,86897.4,250160.53
1743610500000,86897.4,87013.2,86777.0,87009.7,126355.19
1743611400000,87009.7,87124.0,86797.2,87019.9,121692.87
1743612300000,87020.0,87239.9,86910.0,87056.4,146572.27
1743613200000,87056.8,87375.2,86960.5,87228.9,183400.46
1743614100000,87228.9,87252.7,86745.5,86762.1,151995.22
1743615000000,86762.1,86846.7,86426.0,86592.3,208951.15
1743615900000,86592.4,86740.3,86335.3,86631.9,187231.24
1743616800000,86631.9,86745.0,86400.0,86535.1,110446.19
1743617700000,86535.1,86619.9,86243.6,86243.6,100252.58
1743618600000,86243.7,86689.1,86222.0,86595.9,120189.57
1743619500000,86595.9,86636.0,86300.0,86302.5,61403.78
1743620400000,86302.5,86469.7,86244.4,86280.1,76821.31
1743621300000,86280.0,86411.7,86182.0,86362.7,94730.28
1743622200000,86362.6,86485.0,86235.3,86414.2,73178.39
1743623100000,86414.2,87064.0,86335.8,86910.1,263847.46
1743624000000,86910.0,88188.0,86067.8,87767.1,876932.56
1743624900000,87767.2,88547.4,85429.1,85880.0,1806180.01
1743625800000,85880.0,86433.3,85230.0,85375.2,972547.21
1743626700000,85375.1,85849.1,85222.0,85663.2,320325.93
1743627600000,85664.4,85749.7,84488.0,84556.7,436929.36
1743628500000,84553.0,84925.5,84224.2,84617.2,304597.39
1743629400000,84617.2,84684.9,84400.0,84627.7,101470.64
1743630300000,84627.7,84894.8,84436.4,84852.0,135290.54
1743631200000,84850.1,84850.1,83577.0,83690.0,481529.77
1743632100000,83690.0,83690.0,83290.0,83487.0,298788.16
1743633000000,83487.1,83487.1,82717.2,82739.8,335761.84
1743633900000,82739.8,83133.0,82683.9,82827.2,235200.27
1743634800000,82827.2,82827.2,82325.4,82706.1,319186.28
1743635700000,82706.0,82859.8,82468.1,82855.3,179981.58
1743636600000,82855.3,82855.4,82525.2,82660.6,152650.12
1743637500000,82660.1,82660.2,82480.0,82513.5,91202.36
1743638400000,82513.5,82815.7,82164.1,82755.1,324116.63
1743639300000,82755.0,83279.5,82700.0,82966.3,322104.42
1743640200000,82966.3,83404.6,82966.0,83205.9,154953.83
1743641100000,83206.0,83262.0,82943.9,83220.9,122119.37
1743642000000,83220.9,83400.0,83089.4,83358.0,95598.88
1743642900000,83357.9,83496.5,83158.0,83475.9,119010.09
1743643800000,83475.9,83711.9,83359.2,83697.0,164427.67
1743644700000,83697.0,83933.5,83674.1,83744.5,160898.91
1743645600000,83744.5,83880.0,83573.1,83709.9,147150.52
1743646500000,83709.9,83748.0,83316.3,83425.1,113806.73
1743647400000,83425.1,83662.5,83273.2,83504.2,86198.65
1743648300000,83507.6,83779.5,83494.9,83768.8,56999.42
1743649200000,83768.9,83779.2,83466.0,83482.9,66087.01
1743650100000,83482.8,83707.3,83466.0,83609.1,48141.36
1743651000000,83609.2,83695.6,83339.1,83400.1,87247.65
1743651900000,83400.2,83580.0,83400.2,83477.1,36319.67
1743652800000,83477.1,83562.6,83350.0,83428.9,65589.0
1743653700000,83428.9,83454.0,83273.1,83319.9,75476.62
1743654600000,83319.8,83740.3,83274.5,83698.0,94047.6
1743655500000,83698.1,83712.5,83542.0,83556.5,63591.11
1743656400000,83556.6,83710.0,83541.5,83605.5,55119.4
1743657300000,83605.3,83654.2,83441.2,83497.4,49028.55
1743658200000,83497.4,83500.0,83333.3,83497.2,65267.15
1743659100000,83497.1,83524.0,83333.0,83339.5,30919.14
1743660000000,83339.6,83422.2,83300.0,83343.1,53854.07
1743660900000,83343.1,83383.9,83212.1,83310.0,78246.12
1743661800000,83310.0,83320.7,83156.0,83250.0,58483.15
1743662700000,83250.0,83373.4,83009.7,83062.9,95631.99
1743663600000,83062.9,83307.6,83035.2,83104.2,78010.85
1743664500000,83104.2,83428.8,83006.8,83408.3,83811.97
1743665400000,83408.3,83434.8,83179.9,83333.2,51638.11
1743666300000,83333.3,83500.0,83259.4,83459.8,42167.52
1743667200000,83459.8,83672.7,83453.4,83638.2,97536.38
1743668100000,83638.1,83721.6,83558.3,83651.5,64866.9
1743669000000,83651.4,83800.0,83525.4,83681.2,79344.91
1743669900000,83681.2,83720.4,83550.0,83678.3,44081.33
1743670800000,83678.2,83763.9,83590.0,83600.1,66773.94
1743671700000,83600.1,83684.6,83594.5,83629.8,24590.29
1743672600000,83629.8,83773.7,83629.8,83743.7,44716.41
1743673500000,83743.6,83743.7,83452.0,83488.0,65175.72
1743674400000,83487.8,83747.1,83455.0,83628.7,69758.87
1743675300000,83628.8,83719.9,83280.8,83308.5,86617.01
1743676200000,83308.5,83419.0,83150.0,83365.5,98616.3
1743677100000,83365.6,83480.0,83210.4,83219.9,62682.05
1743678000000,83219.9,83362.4,83054.2,83353.9,88010.35
1743678900000,83353.9,83353.9,83072.6,83156.1,64375.39
1743679800000,83156.0,83260.0,83058.2,83199.0,37630.66
1743680700000,83199.8,83244.2,83050.0,83101.1,42709.18
1743681600000,83101.0,83158.4,82861.7,83017.1,191699.26
1743682500000,83017.0,83017.0,82537.9,82563.7,176906.47
1743683400000,82563.8,82711.4,82190.3,82191.9,255365.24
1743684300000,82193.9,82285.6,81878.0,81959.9,490647.79
1743685200000,81959.9,82084.4,81802.1,81934.5,184045.52
1743686100000,81934.4,82047.9,81780.2,81986.2,138915.9
1743687000000,81986.2,82787.3,81926.6,82379.9,569052.8
1743687900000,82379.8,82582.8,82141.9,82372.7,201386.59
1743688800000,82371.5,82409.7,81636.8,81782.9,464655.27
1743689700000,81782.8,82319.9,81782.8,82300.0,250320.74
1743690600000,82300.0,82400.0,81752.8,81820.0,202268.0
1743691500000,81820.0,81844.2,81300.0,81532.9,348493.26
1743692400000,81532.9,81820.0,81168.2,81638.7,336376.32
1743693300000,81638.7,81938.6,81584.9,81724.5,187068.06
1743694200000,81724.5,82057.5,81717.0,82000.0,141571.17
1743695100000,82000.0,82100.0,81690.1,82047.9,135713.98
1743696000000,82048.0,82468.8,81987.5,82157.4,288052.23
1743696900000,82157.3,82340.0,82041.7,82294.0,157272.11
1743697800000,82294.1,82357.2,81912.8,82025.9,124307.63
1743698700000,82026.0,82048.4,81700.0,81833.4,133610.47
1743699600000,81833.4,82043.0,81761.2,81850.1,67939.93
1743700500000,81850.1,81944.2,81678.9,81784.9,77901.76
1743701400000,81784.9,82148.9,81625.0,82105.4,132416.23
1743702300000,82105.4,82197.2,81807.1,81833.4,83056.11
1743703200000,81833.4,81965.9,81678.7,81702.0,57858.68
1743704100000,81701.9,81772.4,81540.0,81689.9,60830.46
1743705000000,81690.0,82176.0,81602.0,82155.4,98914.77
1743705900000,82155.4,82328.8,82007.0,82118.1,102396.93
1743706800000,82118.0,82375.6,82079.4,82202.0,87607.96
1743707700000,82201.9,82209.3,81826.1,81933.9,73232.84
1743708600000,81933.9,82288.4,81892.0,82278.0,73408.49
1743709500000,82278.0,82288.4,81926.6,82022.9,64485.74
1743710400000,82026.2,82141.3,81888.8,82036.0,44800.42
1743711300000,82036.0,82070.1,81823.3,81831.9,24399.22
1743712200000,81831.8,82110.1,81802.1,82110.1,26625.59
1743713100000,82110.2,82432.1,82110.2,82372.3,79962.62
1743714000000,82372.4,82576.3,82328.3,82506.1,66931.97
1743714900000,82506.0,82588.0,82433.7,82543.9,47473.23
1743715800000,82543.9,82544.0,82391.0,82540.3,25741.86
1743716700000,82540.3,82868.0,82437.0,82723.0,73943.23
1743717600000,82723.1,82883.8,82595.5,82778.4,81656.01
1743718500000,82778.4,82850.0,82702.0,82762.2,57987.17
1743719400000,82762.1,82863.9,82639.9,82690.1,48554.11
1743720300000,82690.0,82788.5,82637.6,82732.7,25359.1
1743721200000,82732.7,82816.8,82500.0,82594.6,56406.61
1743722100000,82594.7,82816.8,82519.0,82806.6,39188.12
1743723000000,82806.6,82965.4,82801.0,82887.9,75136.19
1743723900000,82887.9,83333.0,82870.0,83223.5,202317.88
1743724800000,83224.5,83307.8,83045.0,83074.6,78794.45
1743725700000,83074.6,83360.9,83046.6,83333.5,72159.86
1743726600000,83333.4,83412.9,83237.8,83307.9,58261.85
1743727500000,83308.0,83323.9,82990.0,83038.0,64945.96
1743728400000,83038.1,83270.3,83029.6,83243.6,61889.23
1743729300000,83243.7,83359.7,83015.1,83112.2,71099.28
1743730200000,83112.2,83119.9,82888.0,82937.9,70613.56
1743731100000,82938.0,82998.0,82580.5,82696.9,124139.82
1743732000000,82697.0,83095.2,82697.0,83052.9,64800.32
1743732900000,83052.9,83184.7,82928.5,82942.2,64039.6
1743733800000,82942.3,82948.0,82831.3,82923.3,41008.09
1743734700000,82923.3,83010.3,82763.6,82912.1,42568.08
1743735600000,82912.1,82975.3,82778.0,82887.9,32005.26
1743736500000,82887.9,83077.4,82800.0,82974.0,54653.17
1743737400000,82974.0,82983.7,82690.9,82802.5,62711.45
1743738300000,82803.8,82884.0,82741.0,82832.2,26525.13
1743739200000,82832.3,82839.9,82680.1,82709.9,42849.23
1743740100000,82710.0,82819.8,82612.1,82811.7,53409.58
1743741000000,82811.6,82930.6,82750.0,82773.7,58577.15
1743741900000,82773.7,82829.9,82700.0,82727.2,25163.04
1743742800000,82727.2,82888.8,82648.9,82837.6,35408.85
1743743700000,82837.5,83129.1,82837.5,83098.1,74824.59
1743744600000,83098.0,83218.0,83055.0,83194.3,81318.63
1743745500000,83194.8,83196.9,83110.2,83188.6,49608.45
1743746400000,83188.6,83244.9,83150.0,83215.0,67922.04
1743747300000,83215.0,83265.0,83125.0,83244.5,39896.41
1743748200000,83244.5,83250.0,83046.1,83069.9,59800.47
1743749100000,83070.0,83125.0,83031.0,83047.0,30005.63
1743750000000,83047.1,83595.1,83040.2,83524.0,155225.0
1743750900000,83524.0,83719.7,83426.2,83600.1,125161.08
1743751800000,83600.0,83738.0,83480.0,83717.7,85421.68
1743752700000,83717.8,84050.0,83717.8,84001.3,287955.92
1743753600000,84001.4,84316.8,84001.3,84250.0,260876.44
1743754500000,84250.1,84600.0,84241.5,84385.9,274338.81
1743755400000,84386.0,84534.0,84361.0,84534.0,106195.27
1743756300000,84533.9,84665.0,84352.1,84417.7,133019.45
1743757200000,84417.8,84481.9,84134.8,84392.9,162784.08
1743758100000,84392.9,84532.4,84318.0,84322.0,89478.06
1743759000000,84322.1,84580.0,84262.6,84512.2,78015.18
1743759900000,84512.3,84750.0,84447.2,84579.9,122745.73
1743760800000,84580.0,84700.0,83633.8,83700.0,446643.03
1743761700000,83700.0,83817.6,82771.4,82948.0,684503.91
1743762600000,82948.0,83221.0,82803.4,82803.4,277100.05
1743763500000,82803.4,82899.0,82434.0,82584.1,280097.65
1743764400000,82584.1,82794.8,82060.5,82162.5,297224.13
1743765300000,82162.5,82376.1,81680.0,81786.1,286736.36
1743766200000,81786.0,82298.0,81668.8,81939.2,319986.13
1743767100000,81939.1,82741.7,81935.1,82676.3,272223.66
1743768000000,82676.3,82676.4,82258.0,82438.1,196042.65
1743768900000,82438.1,82610.9,82230.0,82500.2,148799.86
1743769800000,82500.1,83270.7,82358.7,82781.9,606041.97
1743770700000,82781.9,82900.0,82520.3,82881.9,159169.19
1743771600000,82881.9,83326.1,82789.2,82973.9,238769.81
1743772500000,82974.0,83072.0,82600.0,82606.2,169673.5
1743773400000,82606.2,82973.0,82132.2,82328.0,407965.15
1743774300000,82327.9,83537.0,82216.2,83350.1,451184.8
1743775200000,83350.1,83535.6,82715.4,82988.0,338950.23
1743776100000,82987.9,83236.4,82665.8,82674.0,209121.76
1743777000000,82674.1,82868.0,82248.0,82278.1,268045.81
1743777900000,82278.2,82777.0,81850.0,82574.1,514572.62
1743778800000,82573.0,83617.7,82488.1,83519.9,635019.21
1743779700000,83519.8,83720.2,83106.0,83220.0,479809.08
1743780600000,83220.0,83539.2,82603.4,82888.4,435471.31
1743781500000,82888.3,83310.0,82709.1,82867.3,278997.67
1743782400000,82867.3,83568.9,82860.4,83432.5,262674.98
1743783300000,83434.0,83487.9,82725.9,82966.0,224494.47
1743784200000,82966.0,83384.0,82815.1,83144.0,192417.17
1743785100000,83144.0,83560.0,83045.7,83397.3,156801.82
1743786000000,83397.2,83614.7,83102.0,83134.6,187799.96
1743786900000,83134.6,83599.9,82957.6,83474.3,148745.05
1743787800000,83474.2,84425.2,83281.3,84177.9,518387.84
1743788700000,84177.9,84627.9,84111.0,84471.2,293742.29
1743789600000,84471.3,84592.0,84000.7,84034.3,193666.33
1743790500000,84034.2,84056.7,83734.7,83975.8,202136.02
1743791400000,83975.8,84094.8,83811.7,83913.0,113054.62
1743792300000,83913.0,84315.6,83841.3,84000.1,132509.75
1743793200000,84000.0,84328.0,83784.1,84278.1,109474.45
1743794100000,84278.1,84448.4,84053.2,84222.3,107429.93
1743795000000,84224.0,84471.6,84131.6,84269.3,111463.87
1743795900000,84269.3,84360.0,83843.5,84007.9,117455.24
1743796800000,84007.8,84131.6,83780.7,83869.8,63836.9
1743797700000,83869.8,83891.8,83476.5,83808.2,106391.68
1743798600000,83808.3,84057.4,83786.0,84045.7,56833.77
1743799500000,84045.8,84288.0,84017.8,84169.6,58478.94
1743800400000,84169.6,84300.0,84049.9,84189.7,55539.94
1743801300000,84189.7,84249.9,84075.0,84131.9,38394.72
1743802200000,84131.9,84385.0,83940.1,84385.0,61028.33
1743803100000,84385.0,84474.9,84161.8,84193.7,50908.99
1743804000000,84193.8,84282.4,84121.8,84150.7,36880.37
1743804900000,84150.8,84241.6,84070.0,84155.9,29115.76
1743805800000,84156.0,84166.0,84034.7,84086.0,17775.56
1743806700000,84086.0,84086.0,84016.9,84066.0,21468.67
1743807600000,84066.1,84119.7,83801.0,83826.0,60746.65
1743808500000,83826.0,83897.2,83680.8,83722.1,43151.63
1743809400000,83722.1,83824.9,83652.8,83822.2,26655.07
1743810300000,83822.3,83915.2,83820.0,83900.0,21974.41
1743811200000,83900.0,83900.0,83658.0,83766.1,30590.12
1743812100000,83766.0,83848.4,83699.2,83759.5,18908.04
1743813000000,83759.6,83759.6,83400.0,83520.0,82836.12
1743813900000,83520.1,83862.5,83516.0,83806.0,58151.1
1743814800000,83806.1,84089.6,83800.0,83990.3,78583.41
1743815700000,83990.4,84280.8,83990.3,84194.9,57519.63
1743816600000,84194.9,84240.0,84063.2,84070.0,54007.67
1743817500000,84069.9,84076.0,83923.9,83976.4,44198.89
1743818400000,83976.4,84100.0,83893.3,83924.0,34768.08
1743819300000,83924.0,83985.0,83818.8,83842.0,35001.06
1743820200000,83842.0,84100.0,83808.2,84092.0,40593.68
1743821100000,84091.9,84100.0,83929.0,83974.7,22052.39
1743822000000,83974.7,83980.0,83823.4,83830.2,25951.67
1743822900000,83830.2,83917.9,83717.6,83770.0,42372.32
1743823800000,83770.0,83833.6,83700.0,83739.1,32919.44
1743824700000,83739.0,83795.0,83639.0,83640.1,30639.62
1743825600000,83640.0,83822.5,83639.0,83819.9,30570.93
1743826500000,83819.9,83847.2,83747.0,83847.2,20267.72
1743827400000,83847.2,83876.8,83754.5,83754.5,17169.72
1743828300000,83754.4,83778.3,83616.0,83693.6,52677.54
1743829200000,83693.7,83756.2,83640.6,83730.0,18209.99
1743830100000,83730.0,83866.2,83714.3,83863.2,29285.11
1743831000000,83863.2,83876.7,83725.0,83725.0,16652.21
1743831900000,83725.1,83758.9,83680.0,83688.0,19377.6
1743832800000,83688.0,83733.4,83672.5,83695.0,17328.53
1743833700000,83695.0,83739.9,83628.0,83630.6,22205.7
1743834600000,83630.6,83650.9,83389.0,83406.1,99565.35
1743835500000,83406.0,83494.2,83348.9,83489.9,73725.34
1743836400000,83490.0,83533.3,83369.6,83394.9,40850.05
1743837300000,83394.8,83500.0,83381.0,83500.0,27673.83
1743838200000,83500.0,83500.0,83385.7,83476.7,34749.09
1743839100000,83476.6,83578.0,83452.7,83532.7,34205.28
1743840000000,83532.7,83671.6,83522.0,83542.6,56486.02
1743840900000,83542.7,83634.8,83369.0,83459.0,69554.67
1743841800000,83459.0,83581.7,83448.0,83581.7,35602.01
1743842700000,83581.6,83581.6,83509.5,83533.9,24523.8
1743843600000,83534.0,83782.0,83533.5,83758.1,49453.82
1743844500000,83758.0,83758.1,83674.0,83735.5,41581.09
1743845400000,83735.4,83815.9,83680.2,83800.0,27819.75
1743846300000,83800.0,83876.5,83756.8,83854.5,40519.85
1743847200000,83854.4,83916.0,83772.9,83823.4,47315.56
1743848100000,83823.5,83823.5,83681.8,83744.2,29721.63
1743849000000,83744.2,83759.5,83630.6,83640.0,27427.8
1743849900000,83640.0,83677.9,83580.6,83660.0,34471.74
1743850800000,83660.1,83696.0,83570.0,83585.5,45194.37
1743851700000,83585.5,83698.0,83585.5,83668.7,19405.81
1743852600000,83668.7,83708.0,83474.2,83507.7,55478.52
1743853500000,83507.8,83533.1,83470.0,83478.0,23227.1
1743854400000,83478.0,83555.6,83426.0,83528.0,43118.13
1743855300000,83528.0,83572.0,83431.0,83450.0,40544.15
1743856200000,83449.9,83470.0,83220.0,83238.4,93589.48
1743857100000,83238.4,83325.3,83134.6,83302.0,104574.27
1743858000000,83301.9,83355.0,83156.1,83160.0,53573.2
1743858900000,83160.0,83160.0,82692.0,82835.2,294526.96
1743859800000,82835.0,82910.0,82639.2,82669.6,109234.42
1743860700000,82669.5,82773.1,82529.4,82760.7,155283.76
1743861600000,82760.7,82962.0,82726.2,82762.1,98343.23
1743862500000,82762.1,82943.2,82684.1,82885.2,53731.76
1743863400000,82885.1,83022.0,82784.0,82947.4,65800.45
1743864300000,82947.4,83041.8,82910.4,82923.5,56664.38
1743865200000,82923.6,82923.6,82696.0,82732.3,52389.27
1743866100000,82732.3,82850.0,82632.7,82672.0,82598.73
1743867000000,82672.0,82724.2,82385.0,82407.9,174724.99
1743867900000,82407.9,82635.8,82376.1,82620.0,81559.67
1743868800000,82620.0,82749.9,82608.2,82736.6,61909.82
1743869700000,82736.6,82798.3,82604.1,82664.4,53688.58
1743870600000,82664.3,82833.2,82664.3,82809.6,37585.44
1743871500000,82809.7,82827.8,82659.7,82751.3,33737.6
1743872400000,82751.4,82824.2,82676.7,82764.2,27481.08
1743873300000,82764.2,82900.0,82764.2,82900.0,30828.26
1743874200000,82900.0,82964.7,82854.0,82921.8,29088.13
1743875100000,82921.8,82956.0,82850.0,82875.7,24241.2
1743876000000,82875.8,83084.3,82854.2,83063.5,56003.99
1743876900000,83063.5,83117.0,82926.1,82985.0,43456.46
1743877800000,82985.0,83021.9,82915.8,82992.5,19359.82
1743878700000,82992.5,83107.8,82978.8,83033.1,19767.96
1743879600000,83033.1,83154.8,83033.1,83059.3,47935.55
1743880500000,83059.3,83099.2,83028.9,83068.6,16809.11
1743881400000,83068.5,83108.1,82861.1,82905.8,44451.13
1743882300000,82905.7,82910.0,82777.5,82867.4,26110.73
1743883200000,82867.5,83000.0,82857.6,82973.3,18208.53
1743884100000,82973.2,83057.9,82964.1,83057.9,23452.26
1743885000000,83057.9,83116.0,82829.4,83047.9,39536.14
1743885900000,83048.0,83102.3,82890.6,83098.8,39452.1
1743886800000,83098.8,83169.5,83012.9,83112.0,32511.25
1743887700000,83112.0,83280.6,83047.1,83232.1,55192.34
1743888600000,83232.0,83232.1,83030.1,83050.8,32391.45
1743889500000,83050.8,83110.1,82908.8,82928.5,30089.65
1743890400000,82928.5,83132.6,82928.5,83034.1,28578.84
1743891300000,83034.1,83088.7,82964.4,83033.7,15226.92
1743892200000,83033.6,83099.1,82984.2,83070.5,13762.83
1743893100000,83070.5,83227.9,83048.6,83196.0,28495.66
1743894000000,83196.0,83288.0,83130.2,83219.9,35824.31
1743894900000,83219.9,83260.6,83154.7,83178.0,17549.2
1743895800000,83178.0,83330.1,83142.9,83318.9,59554.55
1743896700000,83318.8,83685.7,83291.6,83536.7,127204.8
1743897600000,83536.7,83626.4,83426.0,83477.9,54349.69
1743898500000,83477.9,83588.8,83440.4,83533.7,37618.68
1743899400000,83533.7,83562.0,83423.1,83520.8,45553.68
1743900300000,83520.9,83561.2,83457.5,83525.1,27260.81
1743901200000,83525.1,83584.2,83480.0,83531.0,40000.9
1743902100000,83531.0,83689.9,83531.0,83649.9,54785.1
1743903000000,83649.9,83800.0,83478.2,83478.2,73822.08
1743903900000,83478.2,83542.5,83424.0,83442.3,43514.25
1743904800000,83442.4,83500.0,83365.6,83394.1,49394.94
1743905700000,83394.1,83462.1,83360.0,83427.9,40288.34
1743906600000,83428.0,83463.5,83366.2,83366.3,23063.09
1743907500000,83366.3,83370.6,83272.0,83301.8,31028.97
1743908400000,83301.9,83379.5,83230.0,83352.0,51534.54
1743909300000,83351.9,83412.4,83268.5,83299.0,38287.71
1743910200000,83298.9,83357.6,83156.0,83277.0,41050.59
1743911100000,83277.0,83363.4,83272.6,83346.8,22130.82
1743912000000,83346.8,83390.5,83230.0,83331.1,47169.24
1743912900000,83331.0,83443.1,83261.2,83405.9,58120.77
1743913800000,83405.8,83464.2,83386.9,83445.7,22229.57
1743914700000,83445.7,83506.3,83418.4,83506.2,32156.55
1743915600000,83506.2,83537.8,83450.7,83468.1,28612.47
1743916500000,83468.0,83542.4,83435.7,83507.8,36280.01
1743917400000,83507.7,83528.0,83321.0,83377.6,50252.37
1743918300000,83377.5,83496.0,83355.0,83445.9,23635.17
1743919200000,83445.9,83470.2,83352.5,83410.9,20996.31
1743920100000,83410.8,83443.5,83400.0,83414.0,6629.1
1743921000000,83414.0,83444.6,83130.3,83218.8,91993.05
1743921900000,83218.8,83247.1,83111.3,83112.1,57340.22
1743922800000,83112.1,83211.2,83039.0,83186.4,81756.39
1743923700000,83186.4,83199.3,83070.1,83070.2,35801.31
1743924600000,83070.1,83129.8,83032.6,83101.9,37502.19
1743925500000,83101.9,83154.0,83029.1,83030.0,22967.11
1743926400000,83030.1,83051.0,82871.1,82882.0,91030.28
1743927300000,82881.9,82920.5,82725.8,82787.4,69742.63
1743928200000,82787.5,82999.9,82765.0,82961.0,81530.73
1743929100000,82961.1,83057.5,82936.3,83032.9,53371.86
1743930000000,83032.9,83037.7,82928.5,82947.5,27457.7
1743930900000,82948.3,83141.8,82936.4,83123.8,45162.76
1743931800000,83123.9,83178.2,83044.0,83109.5,32415.36
1743932700000,83109.6,83140.0,83043.1,83079.8,23398.93
1743933600000,83079.9,83085.6,82850.0,82922.9,50883.69
1743934500000,82922.9,82964.1,82708.9,82838.0,97264.37
1743935400000,82837.9,82867.4,82780.4,82795.2,27760.19
1743936300000,82795.1,82882.8,82756.9,82882.8,34118.2
1743937200000,82882.8,82943.0,82758.1,82758.1,39854.65
1743938100000,82758.1,82793.6,82677.7,82790.3,57633.83
1743939000000,82790.3,82792.0,82673.9,82779.9,37817.18
1743939900000,82779.9,82875.4,82718.0,82857.7,35766.6
1743940800000,82857.7,82990.1,82807.1,82855.9,91881.75
1743941700000,82855.9,82925.0,82756.9,82885.0,43093.53
1743942600000,82885.0,82905.7,82626.4,82762.1,81384.69
1743943500000,82762.1,82822.1,82664.5,82705.5,48562.94
1743944400000,82705.5,82844.2,82660.0,82811.7,55243.87
1743945300000,82811.7,82811.8,82531.6,82544.0,97625.16
1743946200000,82544.0,82655.9,82450.0,82485.9,103640.58
1743947100000,82486.0,82500.0,82221.0,82300.0,195236.39
1743948000000,82300.0,82677.9,82214.6,82624.3,153130.62
1743948900000,82624.4,82630.3,82383.6,82385.0,72130.01
1743949800000,82385.1,82576.4,82374.9,82575.9,55317.97
1743950700000,82575.9,82798.3,82505.0,82670.9,145694.12
1743951600000,82670.9,82818.0,82384.3,82589.5,121574.41
1743952500000,82589.6,82636.5,82437.3,82445.5,61991.94
1743953400000,82445.6,82657.3,82445.5,82626.0,43800.31
1743954300000,82626.0,82716.2,82521.4,82545.0,47845.95
1743955200000,82545.1,82561.1,82421.8,82439.5,66672.08
1743956100000,82439.5,82494.5,82261.7,82335.4,92730.01
1743957000000,82335.5,82426.4,82080.8,82130.0,110355.86
1743957900000,82129.9,82218.9,81900.2,81968.7,176423.81
1743958800000,81968.6,81998.7,81688.0,81692.6,181467.4
1743959700000,81692.5,81909.7,81557.3,81617.1,183529.0
1743960600000,81617.1,81617.1,81080.1,81126.9,375163.69
1743961500000,81126.9,81469.1,80555.0,80806.1,635962.51
1743962400000,80806.1,80806.1,80120.1,80304.0,466226.62
1743963300000,80304.0,80416.4,79622.3,79704.0,673841.96
1743964200000,79704.0,80105.9,79051.3,79163.5,512826.1
1743965100000,79163.5,79427.1,78669.9,79105.9,580052.45
1743966000000,79106.0,79460.0,78826.7,79395.3,272790.7
1743966900000,79395.3,79833.2,79180.8,79496.3,347891.36
1743967800000,79496.2,79848.0,79425.7,79497.1,161345.84
1743968700000,79497.1,79695.7,79083.6,79611.3,175591.33
1743969600000,79611.3,79886.0,79456.0,79462.1,194823.88
1743970500000,79462.1,79670.0,79328.0,79373.1,113184.49
1743971400000,79373.1,79550.0,78516.5,79237.2,436706.07
1743972300000,79237.1,79248.0,78711.9,78873.9,151781.56
1743973200000,78873.9,79410.0,78709.2,79330.6,169000.62
1743974100000,79330.6,79680.1,79058.1,79167.5,191153.07
1743975000000,79167.5,79399.9,79023.2,79100.6,91243.46
1743975900000,79100.6,79285.4,78888.1,78940.0,66588.88
1743976800000,78940.1,79147.4,78200.0,78833.0,711572.47
1743977700000,78832.9,79098.8,78463.7,79064.0,259030.58
1743978600000,79064.0,79064.1,78254.0,78332.6,218075.38
1743979500000,78332.5,78498.0,77802.0,78069.9,366629.71
1743980400000,78070.0,78210.9,77300.0,77750.0,469459.51
1743981300000,77749.9,77832.3,77141.8,77426.1,442409.38
1743982200000,77426.1,78399.0,77363.9,78319.9,387988.34
1743983100000,78319.9,78698.0,78066.7,78419.9,356986.67
1743984000000,78420.0,78520.0,77412.1,77455.3,390330.87
1743984900000,77455.4,78333.0,77455.4,78312.6,288313.47
1743985800000,78313.2,78371.6,77850.0,77941.9,187515.61
1743986700000,77942.0,78388.0,77610.7,78316.0,178677.5
1743987600000,78316.0,78913.6,78307.4,78850.0,288154.78
1743988500000,78850.0,79333.0,78680.0,79031.4,342326.33
1743989400000,79031.3,79128.8,78586.9,78709.1,191028.84
1743990300000,78709.2,79218.3,78676.9,79128.2,140926.96
1743991200000,79128.2,79217.3,78882.4,79023.9,110215.9
1743992100000,79024.0,79100.0,78580.0,78641.9,124810.61
1743993000000,78641.9,78860.5,78400.0,78504.8,155283.43
1743993900000,78504.8,78774.0,78398.6,78446.1,82594.79
1743994800000,78446.2,78517.8,78050.0,78098.0,161708.7
1743995700000,78098.1,78460.0,78081.8,78340.0,133273.84
1743996600000,78340.0,78354.4,77400.0,77411.9,290705.31
1743997500000,77411.9,77735.0,77355.0,77693.0,229061.65
1743998400000,77693.0,77982.1,77162.7,77417.7,282936.27
1743999300000,77417.7,77687.0,76931.2,77428.0,317285.21
1744000200000,77428.1,77542.7,76653.0,76805.0,365062.33
1744001100000,76805.0,77088.0,76655.3,76991.9,198406.05
1744002000000,76991.9,77298.6,76666.7,77073.7,275045.58
1744002900000,77073.7,77508.8,76904.7,77201.4,244057.37
1744003800000,77201.5,77397.9,76874.2,77002.7,163784.92
1744004700000,77004.1,77132.6,76770.0,76957.0,142999.55
1744005600000,76957.0,77301.9,76806.3,76872.5,217017.17
1744006500000,76872.4,76904.2,75706.9,75832.1,818884.5
1744007400000,75832.1,75900.0,74951.4,75050.0,766110.39
1744008300000,75051.6,75407.7,74546.9,74822.0,842458.42
1744009200000,74822.0,75299.9,74505.2,75086.0,499741.8
1744010100000,75086.0,75389.3,75001.1,75074.6,304756.45
1744011000000,75074.6,75499.0,74871.2,75245.9,253174.04
1744011900000,75245.9,75400.0,75022.1,75119.5,167913.01
1744012800000,75119.6,75890.9,75090.0,75532.0,408199.95
1744013700000,75532.0,76475.8,75486.7,76276.0,396180.04
1744014600000,76276.0,76839.6,76064.4,76634.1,374402.91
1744015500000,76632.5,76781.8,76200.0,76258.0,252414.52
1744016400000,76258.0,76536.4,76101.3,76111.3,213491.17
1744017300000,76111.4,76358.4,75729.5,76240.1,307144.25
1744018200000,76240.0,76750.0,76176.1,76637.9,177405.16
1744019100000,76637.9,76798.0,76191.8,76283.0,210318.34
1744020000000,76283.1,77033.9,76150.0,76980.0,291706.26
1744020900000,76979.9,77575.4,76949.5,77226.9,395902.23
1744021800000,77226.9,77540.0,77090.0,77357.1,176786.29
1744022700000,77354.4,77478.2,76800.1,76989.6,225904.12
1744023600000,76989.8,77392.5,76906.0,77107.6,155098.09
1744024500000,77107.6,77221.8,76887.6,77083.5,113996.19
1744025400000,77083.6,77120.2,76559.7,76619.9,243017.8
1744026300000,76619.9,76775.4,76432.6,76690.0,148679.56
1744027200000,76690.1,76921.6,76413.3,76746.5,173973.23
1744028100000,76746.4,77480.0,76606.1,77422.1,344170.91
1744029000000,77422.1,77649.5,76910.0,76954.1,311321.43
1744029900000,76954.1,77636.3,76729.0,77326.8,430111.98
1744030800000,77326.1,77386.7,77011.9,77223.8,198189.88
1744031700000,77223.9,77292.2,76800.0,76869.9,212333.1
1744032600000,76870.0,77221.8,75800.1,76061.9,782167.91
1744033500000,76061.8,78486.0,75783.9,78350.0,1168167.42
1744034400000,78349.9,80081.0,77917.8,79570.0,1740237.9
1744035300000,79565.7,81233.5,77879.9,78135.3,2847740.09
1744036200000,78130.1,79985.8,77915.7,78688.4,1446154.76
1744037100000,78690.0,79555.0,78414.5,79032.3,835115.09
1744038000000,79035.8,79362.7,77800.1,77800.2,694886.23
1744038900000,77800.2,78639.8,77515.0,78026.2,871875.69
1744039800000,78026.2,79078.9,78026.2,78949.7,448780.34
1744040700000,78942.4,78994.0,78445.7,78480.1,219431.34
1744041600000,78480.0,78514.1,78056.2,78285.6,252686.4
1744042500000,78284.0,78435.0,77625.3,78325.4,391912.95
1744043400000,78325.3,78594.5,77806.8,77914.1,216684.96
1744044300000,77914.0,77919.2,77298.9,77436.1,317222.82
1744045200000,77436.0,78393.6,77432.1,78236.0,524512.71
1744046100000,78236.0,78618.5,78077.8,78564.0,300101.65
1744047000000,78564.0,78950.0,78280.0,78931.2,249618.52
1744047900000,78931.3,79215.5,78563.6,79066.8,367825.86
1744048800000,79066.9,79200.0,78700.0,78828.0,253713.46
1744049700000,78824.5,79380.9,78571.5,78640.9,313775.64
1744050600000,78641.0,79155.0,78515.9,78862.3,172415.48
1744051500000,78862.3,78979.9,78282.6,78475.1,201388.41
1744052400000,78475.1,78961.7,78233.4,78330.1,184328.31
1744053300000,78330.0,78719.8,78200.0,78292.8,202522.27
1744054200000,78292.8,78913.6,78100.8,78131.6,196719.41
1744055100000,78131.5,78450.0,78000.0,78123.0,196166.63
1744056000000,78123.5,78579.5,78092.4,78226.1,123953.37
1744056900000,78226.1,78686.0,78226.1,78686.0,75310.61
1744057800000,78685.9,79099.7,78685.9,79082.0,88755.54
1744058700000,79081.9,79125.8,78788.0,78929.4,53040.04
1744059600000,78929.4,79118.5,78666.7,79110.1,52501.56
1744060500000,79110.0,79220.5,78815.3,78951.9,55268.99
1744061400000,78951.9,79035.4,78814.6,79000.4,25697.53
1744062300000,79000.4,79590.7,79000.4,79229.8,70207.23
1744063200000,79229.7,79672.0,79162.1,79588.0,96312.37
1744064100000,79588.1,79830.0,79583.3,79795.8,106691.25
1744065000000,79795.8,79964.1,79670.4,79933.8,86727.32
1744065900000,79933.9,80210.0,79777.8,79950.1,145579.54
1744066800000,79950.0,80099.8,79703.5,79760.8,117411.7
1744067700000,79760.8,79883.8,79645.0,79852.0,84192.51
1744068600000,79851.9,79898.0,79269.1,79322.1,116152.65
1744069500000,79322.1,79436.0,79075.9,79180.1,103040.55
1744070400000,79180.2,79526.3,79085.8,79514.0,89577.01
1744071300000,79514.1,79610.0,79346.9,79356.0,60216.9
1744072200000,79355.9,79489.9,79102.6,79344.1,113132.47
1744073100000,79344.2,79364.0,78992.5,79024.1,83270.53
1744074000000,79024.1,79295.9,78787.2,79223.1,144663.55
1744074900000,79223.0,79788.7,79028.2,79723.7,149799.42
1744075800000,79723.7,80567.0,79656.3,80416.1,323039.34
1744076700000,80418.2,80804.0,80187.3,80595.8,241759.41
1744077600000,80595.9,80866.7,80407.9,80649.9,168533.03
1744078500000,80649.9,80701.9,80446.6,80451.4,114990.57
1744079400000,80451.5,80451.5,80192.2,80242.6,99402.7
1744080300000,80242.8,80287.5,79900.6,79951.9,131424.91
1744081200000,79951.8,80130.3,79886.0,79975.0,104477.02
1744082100000,79975.0,80188.0,79831.0,80176.1,137159.07
1744083000000,80176.0,80210.7,79830.4,79860.5,95759.79
1744083900000,79860.5,79983.9,79752.1,79900.0,80420.91
1744084800000,79900.0,80084.6,79857.2,80070.2,60724.54
1744085700000,80070.2,80292.5,79969.9,80255.3,79591.9
1744086600000,80255.3,80413.8,80118.0,80296.1,75586.27
1744087500000,80296.1,80346.0,80104.1,80296.8,57916.76
1744088400000,80296.7,80312.8,79700.0,79817.8,143481.09
1744089300000,79817.8,79860.4,79526.0,79602.1,163723.22
1744090200000,79602.2,79828.1,79580.0,79680.1,98039.34
1744091100000,79680.1,79876.3,79656.0,79857.5,54453.76
1744092000000,79857.4,79857.5,79458.8,79485.9,121888.29
1744092900000,79485.9,79531.8,79358.6,79400.0,69441.15
1744093800000,79400.0,79540.0,79280.0,79539.8,92589.04
1744094700000,79539.7,79565.0,79380.0,79442.1,58481.72
1744095600000,79442.0,79542.2,79212.0,79496.9,98102.5
1744096500000,79496.8,79717.7,79391.9,79568.1,106053.49
1744097400000,79568.0,79568.0,79382.7,79465.0,67936.1
1744098300000,79465.0,79552.0,79259.1,79494.2,72385.28
1744099200000,79494.1,79524.0,79048.8,79064.4,126838.84
1744100100000,79064.4,79222.7,78957.7,78957.7,132998.51
1744101000000,78957.7,79230.0,78957.7,79230.0,89395.77
1744101900000,79229.9,79233.0,79000.0,79178.0,90017.14
1744102800000,79177.9,79247.9,79006.8,79124.1,81740.41
1744103700000,79124.1,79124.2,78870.2,78885.9,83205.9
1744104600000,78885.9,79173.0,78870.0,79142.0,97643.67
1744105500000,79141.9,79200.0,78897.0,78918.8,89955.27
1744106400000,78918.8,79077.6,78805.5,78916.9,88236.33
1744107300000,78916.9,79084.4,78877.4,79013.9,49846.81
1744108200000,79014.0,79190.2,78938.0,79074.9,71588.27
1744109100000,79074.9,79154.0,78950.0,79019.8,42214.76
1744110000000,79019.8,79295.0,78975.5,79170.1,90945.9
1744110900000,79170.1,79373.7,79066.7,79360.0,106818.36
1744111800000,79360.1,79820.0,79350.0,79602.3,200796.16
1744112700000,79602.3,80078.7,79602.3,79988.0,178808.45
1744113600000,79987.9,80135.9,79801.6,79983.3,192146.54
1744114500000,79983.4,79995.9,79760.0,79873.9,155962.84
1744115400000,79874.0,79984.2,79562.7,79685.4,136392.6
1744116300000,79685.3,79900.0,79600.0,79838.8,108148.6
1744117200000,79838.8,80393.4,79766.1,80052.1,329118.76
1744118100000,80052.1,80288.0,79909.8,80174.0,176388.34
1744119000000,80174.1,80376.1,79376.9,79777.6,620029.28
1744119900000,79777.7,80018.6,79528.7,79892.1,317808.97
1744120800000,79892.2,80262.9,79727.4,79968.7,315958.4
1744121700000,79966.2,80170.0,79386.6,79450.7,315196.0
1744122600000,79450.7,79609.4,79100.9,79126.0,320961.22
1744123500000,79126.0,79250.0,78472.0,78484.2,405496.02
1744124400000,78484.1,78850.0,78177.0,78340.0,349591.85
1744125300000,78339.9,78582.0,78162.0,78207.7,277776.77
1744126200000,78207.8,78682.4,78199.5,78599.0,168911.01
1744127100000,78598.9,78688.0,78269.4,78500.0,138904.41
1744128000000,78500.0,78529.7,78201.4,78202.0,124087.11
1744128900000,78202.0,78208.6,77827.3,78123.9,311948.66
1744129800000,78123.9,78237.6,77402.8,77547.5,432138.06
1744130700000,77547.6,77897.4,77351.0,77421.8,368708.58
1744131600000,77421.8,77558.5,76877.0,77026.1,404478.97
1744132500000,77026.0,77227.0,76575.0,76669.0,343159.23
1744133400000,76669.1,77576.0,76565.1,77321.6,567047.12
1744134300000,77321.7,77539.7,76903.6,77342.0,302893.51
1744135200000,77342.5,77510.0,77083.2,77158.7,178031.29
1744136100000,77158.8,77702.8,77130.0,77333.0,169346.51
1744137000000,77333.0,77999.9,77332.9,77462.0,291030.06
1744137900000,77462.0,77687.1,77244.6,77259.0,108111.58
1744138800000,77258.9,77368.2,76769.0,76806.0,172131.58
1744139700000,76805.9,77083.5,76569.9,76870.1,247261.2
1744140600000,76870.0,76906.7,76370.0,76491.8,359913.74
1744141500000,76491.8,77145.1,76425.5,76868.0,267462.82
1744142400000,76868.1,76991.9,76668.7,76883.9,130988.07
1744143300000,76883.9,77013.9,76602.6,76678.0,113353.14
1744144200000,76678.0,77217.9,76622.3,77150.8,113029.03
1744145100000,77150.7,77152.3,76977.0,77141.6,95000.22
1744146000000,77142.9,77293.6,76854.3,77035.4,83760.97
1744146900000,77035.4,77126.8,76777.8,76842.2,45893.25
1744147800000,76842.3,77078.0,76729.2,77065.9,49399.74
1744148700000,77065.9,77140.0,76986.5,77108.2,33498.11
1744149600000,77108.2,77140.0,76600.0,76767.9,133132.17
1744150500000,76768.7,76946.5,76575.0,76692.0,121208.33
1744151400000,76692.0,76768.9,76245.9,76536.7,187045.49
1744152300000,76536.7,76836.3,76445.6,76737.6,79016.25
1744153200000,76737.5,76809.6,76502.0,76600.6,75254.35
1744154100000,76600.7,76705.5,76310.1,76356.2,75443.1
1744155000000,76356.1,76556.3,76347.3,76377.3,61324.44
1744155900000,76377.3,76512.0,76308.5,76332.0,75433.21
1744156800000,76331.9,76760.0,75922.1,76640.3,327519.98
1744157700000,76642.2,76850.0,76421.0,76679.0,180632.37
1744158600000,76679.0,76889.5,76450.0,76649.9,98924.5
1744159500000,76649.8,76775.4,76356.4,76526.0,65160.84
1744160400000,76526.1,76600.0,75271.5,75315.2,411017.44
1744161300000,75315.2,75496.4,74612.2,74688.0,617341.38
1744162200000,74688.1,75870.0,74684.1,75502.1,414851.62
1744163100000,75502.1,76279.4,75457.9,76079.9,328556.02
1744164000000,76079.9,76463.0,76068.1,76212.0,275787.64
1744164900000,76211.9,76375.9,75807.3,75846.3,183344.98
1744165800000,75846.3,76150.0,75562.5,75590.0,159296.24
1744166700000,75590.0,75924.3,75584.0,75670.0,119504.58
1744167600000,75670.1,75876.6,75542.2,75766.1,121890.12
1744168500000,75766.0,75876.0,75483.2,75490.1,103400.43
1744169400000,75490.1,75750.0,75135.2,75287.9,159614.09
1744170300000,75287.9,75500.0,75000.6,75073.3,159387.07
1744171200000,75073.0,76022.5,75000.0,75827.9,456686.29
1744172100000,75828.0,76235.0,75554.3,75722.5,193816.85
1744173000000,75722.5,76642.8,75722.5,76561.9,337701.77
1744173900000,76561.9,76918.7,76354.6,76419.9,245728.52
1744174800000,76419.9,76688.8,76211.8,76443.9,180467.6
1744175700000,76443.9,76830.0,76380.0,76640.0,104311.48
1744176600000,76640.1,76700.0,76430.8,76535.7,97207.47
1744177500000,76534.2,76738.6,76416.0,76738.6,82320.4
1744178400000,76738.5,77324.2,76702.2,77281.6,246999.41
1744179300000,77284.4,77321.6,76876.0,76908.0,161494.92
1744180200000,76906.0,77160.7,76860.1,77143.6,74505.72
1744181100000,77140.0,77166.0,76762.5,76830.0,83171.16
1744182000000,76830.0,77739.9,76811.4,77626.0,624876.46
1744182900000,77626.1,77788.1,77320.0,77695.9,224191.48
1744183800000,77696.0,77935.0,77626.7,77900.0,186394.11
1744184700000,77900.0,77921.9,77606.9,77678.4,139270.96
1744185600000,77678.4,77860.0,77315.7,77437.9,237142.59
1744186500000,77437.8,77555.2,77272.9,77302.3,122952.61
1744187400000,77302.4,77339.6,77068.8,77260.0,187584.45
1744188300000,77264.1,77380.0,77117.6,77309.9,78551.78
1744189200000,77310.0,77470.0,77240.0,77354.0,61988.5
1744190100000,77354.1,77378.0,77188.0,77247.3,54079.95
1744191000000,77247.2,77380.0,77153.0,77380.0,52496.07
1744191900000,77380.0,77543.2,77334.5,77460.8,94607.92
1744192800000,77460.8,77536.0,77234.0,77512.0,78450.63
1744193700000,77512.0,77578.9,77172.5,77227.9,99743.39
1744194600000,77227.9,77267.8,76940.0,77097.9,150853.99
1744195500000,77097.9,77549.8,77045.0,77195.9,128792.8
1744196400000,77196.0,77202.9,75878.3,76568.6,980466.05
1744197300000,76568.7,76822.0,76296.0,76574.4,225439.32
1744198200000,76574.5,76647.5,75753.9,75964.5,318057.27
1744199100000,75964.4,76567.0,75821.8,76244.0,317772.53
1744200000000,76244.1,76520.0,76028.2,76470.8,169235.94
1744200900000,76470.9,76592.5,76224.6,76287.0,165705.98
1744201800000,76287.0,76523.0,76019.0,76520.0,155609.06
1744202700000,76519.9,77083.0,76392.7,76770.6,301894.86
1744203600000,76770.6,77157.9,76747.4,76955.9,240649.02
1744204500000,76955.9,77095.0,76713.7,76845.0,137570.17
1744205400000,76845.0,77850.0,76845.0,77259.8,756340.81
1744206300000,77259.4,77832.0,77091.1,77704.0,378078.33
1744207200000,77704.0,78332.6,77228.4,77378.0,636470.32
1744208100000,77378.0,77829.2,77368.2,77610.0,261216.51
1744209000000,77610.0,77942.8,77450.0,77488.0,241115.33
1744209900000,77488.0,77727.2,76818.0,76890.0,345949.94
1744210800000,76890.1,77499.2,76858.7,77409.9,242349.83
1744211700000,77408.0,77664.0,77348.0,77414.0,163015.18
1744212600000,77414.0,77586.3,77014.7,77120.0,171405.09
1744213500000,77119.9,77537.2,77100.0,77272.0,151222.65
1744214400000,77272.0,77866.0,77146.8,77772.3,205386.26
1744215300000,77772.3,77839.4,77547.5,77604.9,118695.71
1744216200000,77604.9,77933.0,77526.1,77838.8,119831.52
1744217100000,77838.1,78377.1,77755.3,78265.5,226202.44
1744218000000,78265.6,78800.0,78149.2,78509.0,457428.55
1744218900000,78509.0,81286.0,77622.9,80834.0,2693256.37
1744219800000,80833.9,81886.0,80816.0,80964.0,1314119.52
1744220700000,80967.3,82286.0,80967.3,82192.8,777690.11
1744221600000,82192.8,82500.0,81715.3,82308.0,853123.43
1744222500000,82308.0,82999.9,82158.1,82576.0,707952.13
1744223400000,82576.0,82774.2,82061.7,82105.7,442447.9
1744224300000,82105.7,82358.1,81789.0,81789.0,368668.15
1744225200000,81789.1,82300.0,81766.0,82294.3,299724.76
1744226100000,82294.2,82568.0,82096.5,82382.7,204990.1
1744227000000,82382.6,82580.0,82242.0,82313.9,129771.01
1744227900000,82314.0,82480.0,82133.5,82330.1,158677.45
1744228800000,82332.4,82508.0,82160.0,82178.5,115704.82
1744229700000,82178.5,82338.2,82031.2,82075.9,90080.95
1744230600000,82075.8,82790.0,82004.3,82776.1,161705.19
1744231500000,82776.1,83276.6,82642.7,83198.0,282658.6
1744232400000,83198.0,83516.0,82981.9,83473.0,286729.14
1744233300000,83472.9,83600.7,83241.0,83314.1,146918.41
1744234200000,83314.0,83316.0,82842.3,82949.2,110406.77
1744235100000,82949.2,83386.1,82895.3,83282.4,99807.08
1744236000000,83282.4,83482.7,83086.2,83288.2,115939.65
1744236900000,83288.3,83480.0,83260.0,83359.9,85471.96
1744237800000,83359.9,83471.8,83008.5,83028.9,122152.86
1744238700000,83028.9,83112.8,82944.1,83068.0,73541.36
1744239600000,83067.9,83172.0,83000.0,83034.6,104756.49
1744240500000,83034.6,83038.6,82737.6,82785.8,96597.87
1744241400000,82785.8,82862.0,82689.0,82794.6,73255.65
1744242300000,82794.5,82794.6,82535.9,82634.8,98344.44
1744243200000,82634.8,82758.8,82482.4,82502.6,89078.21
1744244100000,82502.6,82643.3,82367.0,82430.0,108418.87
1744245000000,82430.0,82499.5,82068.0,82159.1,144346.13
1744245900000,82159.1,82394.8,82100.0,82357.8,88257.44
1744246800000,82357.7,82600.1,82277.2,82499.5,111009.16
1744247700000,82499.5,82589.5,82356.4,82423.3,82093.85
1744248600000,82423.3,82476.1,82302.8,82393.8,70892.81
1744249500000,82393.8,82479.9,82238.6,82265.3,46488.17
1744250400000,82265.2,82525.0,82215.0,82517.6,59733.47
1744251300000,82517.5,82577.6,82420.0,82449.9,61526.04
1744252200000,82449.9,82494.3,82313.5,82357.4,48354.04
1744253100000,82357.6,82366.5,82191.6,82207.4,70156.68
1744254000000,82207.4,82227.1,81719.5,81748.1,238292.65
1744254900000,81744.0,81787.2,81540.0,81666.0,208287.18
1744255800000,81665.9,81795.6,81470.1,81740.0,115319.85
1744256700000,81739.9,81824.4,81664.0,81780.0,63352.72
1744257600000,81779.9,81965.0,81681.0,81696.5,102292.52
1744258500000,81696.6,81850.0,81639.6,81652.4,43689.27
1744259400000,81652.4,81888.0,81637.6,81845.0,57891.14
1744260300000,81844.9,82094.2,81826.2,82022.1,109093.09
1744261200000,82022.2,82140.0,81918.0,82102.1,88261.53
1744262100000,82102.1,82236.2,82025.6,82169.9,96741.95
1744263000000,82170.0,82229.6,82092.6,82186.3,63770.79
1744263900000,82186.3,82249.6,82043.1,82160.5,72938.05
1744264800000,82160.5,82349.7,82077.4,82255.1,88981.14
1744265700000,82255.0,82275.8,82043.7,82081.0,55749.23
1744266600000,82084.9,82111.9,81800.0,81906.9,103666.1
1744267500000,81907.1,82181.8,81860.0,82148.0,68853.97
1744268400000,82148.0,82247.0,82042.0,82117.4,60859.14
1744269300000,82117.4,82157.0,81808.0,81812.1,58976.68
1744270200000,81812.2,81812.2,81300.0,81574.2,306952.08
1744271100000,81574.2,81810.1,81547.1,81599.8,91277.56
1744272000000,81599.9,81864.8,81528.1,81759.1,102201.63
1744272900000,81760.0,81852.4,81630.0,81775.9,69903.7
1744273800000,81775.8,81775.9,81426.5,81601.6,112156.15
1744274700000,81603.9,81703.9,81500.0,81560.1,53274.62
1744275600000,81560.0,81602.5,81350.0,81510.1,120011.32
1744276500000,81510.0,81934.0,81510.0,81789.9,137324.33
1744277400000,81789.9,82026.1,81755.3,81830.0,105324.71
1744278300000,81830.1,82089.7,81809.0,82036.1,84772.51
1744279200000,82036.0,82128.0,81942.8,82069.9,74208.3
1744280100000,82070.0,82095.8,81714.8,81721.1,101571.42
1744281000000,81721.2,81870.0,81606.0,81608.0,69752.27
1744281900000,81608.0,81774.5,81565.2,81762.0,67424.02
1744282800000,81762.0,81865.9,81550.0,81550.2,62659.19
1744283700000,81550.1,81746.5,81507.1,81628.7,68244.86
1744284600000,81629.8,81899.8,81601.0,81852.3,73961.54
1744285500000,81852.3,81942.0,81756.2,81878.1,61731.54
1744286400000,81878.0,82045.0,81538.6,81657.6,150837.57
1744287300000,81657.6,82220.0,81604.1,82013.5,176547.98
1744288200000,82020.0,82600.0,81769.6,81838.1,600758.69
1744289100000,81838.0,81863.1,81458.6,81711.1,234644.24
1744290000000,81711.0,81748.3,81530.0,81556.0,88912.26
1744290900000,81555.9,81970.7,81500.0,81754.8,156762.39
1744291800000,81754.9,81862.5,80781.7,80913.4,785497.05
1744292700000,80910.8,81440.8,80846.1,80879.9,388884.5
1744293600000,80879.8,81184.6,80620.3,81111.8,459361.07
1744294500000,81111.7,81500.0,81063.3,81294.0,232238.89
1744295400000,81293.9,81852.2,81293.9,81644.4,407971.59
1744296300000,81642.4,81663.7,81226.1,81280.4,167749.06
1744297200000,81280.3,81385.5,80683.5,80718.3,436683.96
1744298100000,80718.3,80743.6,80222.0,80226.0,441292.78
1744299000000,80226.0,80282.0,79177.9,79223.4,973631.07
1744299900000,79223.3,79268.4,78602.7,78768.1,774994.91
1744300800000,78768.0,79287.5,78460.8,78876.0,545280.06
1744301700000,78875.9,78968.5,78500.0,78850.6,314457.89
1744302600000,78854.8,79480.0,78823.3,79220.0,329551.48
1744303500000,79220.0,79697.5,79063.3,79452.1,223280.17
1744304400000,79452.0,79687.5,78642.1,78795.9,476739.29
1744305300000,78795.9,79274.0,78601.9,79170.1,219581.28
1744306200000,79170.1,79437.7,79065.8,79378.6,177581.52
1744307100000,79378.5,79467.5,79100.0,79313.4,122202.8
1744308000000,79313.4,79732.9,79250.0,79277.7,259861.07
1744308900000,79277.7,79827.2,79207.9,79740.1,204515.96
1744309800000,79740.1,79887.9,79483.5,79708.0,101050.02
1744310700000,79708.0,79716.3,79350.0,79496.0,96195.31
1744311600000,79496.0,79784.1,79383.9,79572.0,100828.89
1744312500000,79572.0,79766.0,79318.1,79357.1,108200.93
1744313400000,79357.1,79682.9,79303.2,79346.0,108852.75
1744314300000,79346.0,80063.9,79346.0,79639.9,208454.76
1744315200000,79635.4,79947.7,79610.0,79909.3,83923.91
1744316100000,79909.3,79909.3,79557.3,79593.9,107050.09
1744317000000,79593.9,79888.0,79582.0,79852.5,45788.06
1744317900000,79852.2,79952.0,79804.0,79927.4,38780.49
1744318800000,79927.4,80031.6,79735.1,79799.9,48757.88
1744319700000,79799.9,79849.0,79659.8,79837.0,40382.1
1744320600000,79837.1,79936.5,79788.7,79834.2,28961.63
1744321500000,79834.3,79836.5,79696.0,79714.8,24485.28
1744322400000,79714.9,79758.9,79527.0,79749.7,99187.84
1744323300000,79749.7,79909.8,79700.0,79712.1,50496.53
1744324200000,79712.0,79928.9,79712.0,79919.8,33356.75
1744325100000,79919.7,79919.7,79676.0,79700.0,36707.67
1744326000000,79699.9,79731.1,79480.1,79492.5,62873.27
1744326900000,79492.6,79647.8,79385.8,79474.8,100036.82
1744327800000,79474.8,79667.7,79416.7,79634.2,55718.58
1744328700000,79634.2,79760.1,79580.5,79606.0,51594.46
1744329600000,79606.0,79770.0,79431.9,79696.1,102091.66
1744330500000,79696.0,79740.9,79460.0,79460.1,59441.33
1744331400000,79460.0,79597.8,79356.0,79406.1,85739.89
1744332300000,79406.0,79480.0,78960.0,79050.0,187500.98
1744333200000,79050.0,79412.0,79020.4,79412.0,117672.72
1744334100000,79412.0,79644.2,79411.9,79549.0,86487.24
1744335000000,79549.0,79906.3,79542.5,79766.0,161575.76
1744335900000,79765.9,80468.2,79736.2,80448.7,301890.35
1744336800000,80448.6,80492.7,80153.3,80308.0,114915.31
1744337700000,80308.0,80841.9,80233.0,80688.7,208379.48
1744338600000,80688.7,80800.0,80405.6,80432.4,130895.2
1744339500000,80432.1,80500.0,80279.5,80288.0,85623.48
1744340400000,80288.1,80549.0,80286.4,80522.1,66308.43
1744341300000,80522.1,80719.2,80478.1,80667.9,70254.38
1744342200000,80667.9,80829.1,80491.9,80811.9,91869.59
1744343100000,80811.8,80922.9,80688.0,80847.5,89030.51
1744344000000,80847.5,80980.9,80732.5,80962.0,99007.02
1744344900000,80962.0,81044.1,80836.5,81027.9,127374.79
1744345800000,81028.0,81088.0,80727.4,80787.0,137260.81
1744346700000,80786.9,80921.0,80712.3,80884.2,71555.36
1744347600000,80884.2,80913.0,80510.0,80646.9,130913.43
1744348500000,80646.8,80823.1,80549.3,80801.0,68810.37
1744349400000,80801.1,80899.1,80625.0,80657.3,76951.81
1744350300000,80657.3,80845.6,80640.0,80819.9,56902.74
1744351200000,80819.9,81191.4,80819.8,81109.9,214199.86
1744352100000,81109.8,81200.0,80969.1,80975.3,108390.86
1744353000000,80975.2,81178.8,80962.5,81159.2,66719.51
1744353900000,81159.3,81341.4,81067.5,81097.7,138026.54
1744354800000,81098.0,81208.8,80957.7,81044.0,73691.33
1744355700000,81044.0,81114.5,80858.0,80902.3,96235.69
1744356600000,80902.3,81419.8,80894.0,81372.0,147924.56
1744357500000,81372.1,81460.0,81250.3,81258.0,138469.36
1744358400000,81258.0,82054.9,80780.0,81460.1,732568.83
1744359300000,81460.2,81516.0,81229.8,81349.9,163571.54
1744360200000,81349.8,81847.7,81256.6,81626.0,241810.59
1744361100000,81626.4,81759.5,81487.4,81636.3,117324.05
1744362000000,81636.2,81674.0,81450.0,81502.4,59914.68
1744362900000,81502.5,82221.7,81502.5,82069.9,248437.24
1744363800000,82069.9,82345.0,82066.0,82218.1,215605.37
1744364700000,82218.1,82438.0,82173.8,82430.3,181226.42
1744365600000,82430.2,82523.6,82299.1,82374.8,181817.23
1744366500000,82374.9,82843.2,82362.0,82735.3,286095.78
1744367400000,82735.4,82978.0,82618.1,82628.0,188182.5
1744368300000,82628.1,82728.6,82517.0,82707.7,158375.03
1744369200000,82707.8,82904.6,82547.6,82627.0,142560.31
1744370100000,82627.1,82639.6,82308.0,82362.0,171919.1
1744371000000,82362.0,82461.9,82139.8,82219.9,188474.9
1744371900000,82220.0,82337.5,82040.0,82153.2,131348.54
1744372800000,82153.1,82302.7,81767.2,82010.0,292294.28
1744373700000,82010.1,82304.3,81970.8,82264.1,188413.79
1744374600000,82264.0,82600.0,82208.1,82320.1,240667.05
1744375500000,82320.1,82330.0,82015.6,82132.9,113775.87
1744376400000,82133.0,82225.0,81870.0,81948.1,102213.51
1744377300000,81948.1,82185.7,81834.1,82140.0,150637.53
1744378200000,82140.0,83350.0,82020.0,82921.9,657671.29
1744379100000,82922.0,83222.0,82778.0,82926.9,264055.74
1744380000000,82926.8,82926.8,82315.5,82536.1,416426.18
1744380900000,82536.1,82660.0,81343.2,81470.0,599530.69
1744381800000,81468.1,82036.6,81416.0,82018.1,291430.38
1744382700000,82018.1,82358.7,81887.9,81893.0,224141.11
1744383600000,81892.9,82257.7,81709.4,81880.0,186440.68
1744384500000,81879.9,82250.0,81817.0,82180.0,133732.76
1744385400000,82180.0,82744.5,82145.4,82534.8,328803.48
1744386300000,82534.7,82640.0,82410.0,82532.5,104115.55
1744387200000,82532.5,82656.9,82266.0,82299.9,142689.71
1744388100000,82300.0,82379.8,82014.6,82251.7,131084.73
1744389000000,82251.8,82978.9,82251.8,82970.0,228937.84
1744389900000,82970.0,83032.3,82756.4,82785.3,144787.13
1744390800000,82785.4,83000.0,82700.0,82963.9,84208.6
1744391700000,82963.9,83109.7,82777.0,82993.9,153188.52
1744392600000,82994.0,84123.5,82990.0,83961.9,587523.02
1744393500000,83961.9,84062.4,83680.5,83933.8,250746.75
1744394400000,83933.8,84248.9,83827.8,83993.2,238477.56
1744395300000,83993.2,84037.6,83655.0,84020.7,152769.2
1744396200000,84020.7,84029.9,83800.0,83884.0,87717.94
1744397100000,83884.0,83941.3,83511.0,83613.8,122652.31
1744398000000,83613.9,83941.6,83559.6,83891.9,87810.1
1744398900000,83891.9,83970.0,83743.0,83767.8,59514.48
1744399800000,83767.8,83876.7,83650.0,83866.0,60335.06
1744400700000,83865.9,83977.0,83765.0,83856.2,71709.7
1744401600000,83856.1,83920.5,83708.8,83762.1,44747.07
1744402500000,83762.1,83980.0,83714.0,83946.5,41954.52
1744403400000,83946.5,84039.1,83817.0,83967.0,46947.72
1744404300000,83967.0,83999.0,83810.4,83840.0,31793.91
1744405200000,83840.1,84038.0,83824.5,83930.0,37112.03
1744406100000,83930.0,84361.4,83887.2,83902.0,127666.33
1744407000000,83902.1,83902.1,83642.0,83701.7,90601.15
1744407900000,83701.8,83810.1,83640.0,83680.9,36440.4
1744408800000,83680.9,83733.6,83539.3,83580.8,62650.87
1744409700000,83580.8,83582.0,83445.7,83487.9,71131.49
1744410600000,83487.8,83488.0,83323.2,83381.1,54493.22
1744411500000,83381.1,83525.8,83381.0,83422.0,35534.97
1744412400000,83422.0,83422.0,83277.7,83281.7,30391.67
1744413300000,83281.7,83340.6,83080.2,83216.6,116194.28
1744414200000,83216.6,83480.2,83195.5,83442.1,47644.52
1744415100000,83442.1,83570.0,83406.8,83422.0,36092.64
1744416000000,83422.0,83512.9,83269.1,83269.1,59789.58
1744416900000,83269.2,83413.8,83238.0,83354.3,45129.3
1744417800000,83354.3,83555.0,83308.6,83495.9,52135.59
1744418700000,83495.9,83582.9,83345.8,83364.6,34433.88
1744419600000,83364.6,83460.0,83320.0,83340.7,27993.03
1744420500000,83340.6,83350.0,83161.1,83177.0,59842.37
1744421400000,83177.1,83326.3,83150.0,83307.4,40181.74
1744422300000,83307.4,83349.2,83162.8,83218.4,31962.93
1744423200000,83218.4,83315.4,83152.1,83174.1,34454.32
1744424100000,83174.0,83264.0,83160.7,83226.6,36687.74
1744425000000,83226.5,83300.0,83181.5,83226.8,20138.68
1744425900000,83226.7,83226.8,82794.1,82794.2,232545.1
1744426800000,82794.1,82992.0,82770.3,82944.6,84792.59
1744427700000,82944.6,83060.1,82888.0,83060.1,41121.31
1744428600000,83060.1,83136.7,83000.0,83122.0,47038.61
1744429500000,83122.0,83135.0,82893.4,82971.9,40014.3
1744430400000,82972.0,82985.0,82850.0,82943.0,37935.39
1744431300000,82943.0,83252.5,82898.2,83211.1,102187.97
1744432200000,83211.1,83467.8,82933.0,83126.2,127448.07
1744433100000,83126.2,83391.9,83100.0,83207.7,94450.65
1744434000000,83209.1,83437.0,83189.0,83327.9,70445.18
1744434900000,83327.9,83490.0,83327.9,83366.0,59013.87
1744435800000,83366.0,83518.3,83358.0,83380.6,47077.84
1744436700000,83380.6,83382.0,83286.7,83332.9,24809.66
1744437600000,83332.9,83537.2,83332.9,83534.0,57593.03
1744438500000,83534.0,83754.7,83460.1,83621.4,109231.57
1744439400000,83621.4,83788.0,83550.6,83736.5,96434.85
1744440300000,83736.5,83736.5,83523.5,83554.2,47893.55
1744441200000,83554.3,83597.0,83482.8,83596.9,61714.99
1744442100000,83597.0,83750.0,83572.9,83609.9,68750.65
1744443000000,83609.9,83788.1,83579.6,83747.6,59595.96
1744443900000,83747.6,83831.4,83685.9,83714.7,59887.59
1744444800000,83714.7,84042.7,83653.6,84012.6,139088.29
1744445700000,84012.7,84012.7,83485.6,83578.9,146350.56
1744446600000,83578.8,83700.0,83464.8,83640.0,84847.89
1744447500000,83640.1,83679.1,83496.0,83600.0,36017.98
1744448400000,83599.9,83773.3,83477.9,83478.3,49981.84
1744449300000,83478.2,83585.7,83412.7,83450.7,42888.54
1744450200000,83450.7,83582.5,83405.0,83566.9,39919.25
1744451100000,83566.9,83654.7,83505.4,83535.7,29685.26
1744452000000,83535.6,83565.8,83445.1,83484.2,25683.98
1744452900000,83484.2,83522.1,83373.6,83485.0,61120.0
1744453800000,83485.0,83505.0,83333.3,83333.3,55816.82
1744454700000,83333.4,83432.1,83304.0,83430.0,44393.37
1744455600000,83429.9,83568.1,83429.9,83519.9,58426.74
1744456500000,83520.0,83690.9,83519.9,83608.4,106035.74
1744457400000,83608.4,83608.4,83363.9,83495.0,60054.07
1744458300000,83494.9,83580.0,83464.1,83528.1,20511.24
1744459200000,83528.1,83732.5,83479.5,83686.0,88348.0
1744460100000,83685.9,83819.8,83667.3,83765.7,53857.46
1744461000000,83765.6,83945.5,83680.3,83843.9,83772.89
1744461900000,83844.0,83875.1,83660.3,83845.3,86569.84
1744462800000,83845.3,84045.4,83804.5,84000.0,136431.02
1744463700000,83999.9,84088.1,83546.4,83849.0,226496.07
1744464600000,83849.0,84545.7,83700.0,84172.6,337041.28
1744465500000,84172.6,84692.8,84150.0,84453.9,301946.5
1744466400000,84453.9,84780.6,84292.8,84494.1,251634.51
1744467300000,84494.1,85040.0,84325.0,84895.9,304901.63
1744468200000,84896.7,85288.0,84790.9,84853.8,271042.24
1744469100000,84853.8,85025.3,84693.9,84830.0,144949.94
1744470000000,84830.0,84941.0,84624.0,84690.1,144162.85
1744470900000,84690.0,85198.0,84680.1,85159.9,152025.83
1744471800000,85159.9,85419.9,85053.4,85290.0,217429.27
1744472700000,85289.9,85367.8,84913.1,85005.4,123654.45
1744473600000,85005.4,85207.7,84820.0,84902.5,147192.41
1744474500000,84902.6,85100.0,84825.6,84976.0,88699.85
1744475400000,84976.1,85014.0,84738.0,84740.0,74437.57
1744476300000,84740.1,84780.0,84585.0,84660.0,79612.24
1744477200000,84660.0,84836.3,84428.3,84437.2,136417.48
1744478100000,84437.2,84675.0,84434.0,84616.8,51211.27
1744479000000,84616.8,84862.3,84616.8,84862.2,62475.98
1744479900000,84862.2,84868.8,84700.2,84769.3,31840.37
1744480800000,84769.2,84985.9,84747.1,84857.9,82132.73
1744481700000,84858.3,84994.6,84858.3,84987.6,34924.41
1744482600000,84987.6,85067.7,84914.5,85034.0,28427.41
1744483500000,85034.0,85210.0,85034.0,85189.9,59112.75
1744484400000,85190.0,85223.1,85027.6,85067.9,42961.69
1744485300000,85067.9,85271.2,84983.3,85056.5,45131.31
1744486200000,85056.5,85125.9,84888.0,84900.0,44031.09
1744487100000,84900.0,84952.2,84827.9,84948.4,27750.04
1744488000000,84948.5,85170.3,84880.7,85155.9,57564.29
1744488900000,85156.0,85291.0,85060.0,85280.2,34754.94
1744489800000,85280.2,85917.7,85280.1,85799.9,291408.57
1744490700000,85799.9,85824.7,85406.1,85518.5,99998.8
1744491600000,85518.4,85577.0,85311.3,85328.9,43906.26
1744492500000,85328.9,85580.0,85289.6,85408.1,32416.89
1744493400000,85408.1,85577.1,85256.8,85491.7,41229.63
1744494300000,85491.8,85529.2,85280.0,85371.0,49787.22
1744495200000,85371.0,85542.6,85371.0,85509.9,27234.21
1744496100000,85510.0,85704.8,85453.3,85473.5,50764.86
1744497000000,85473.5,85582.7,85404.3,85487.9,19235.85
1744497900000,85487.9,85487.9,85322.6,85340.1,26455.84
1744498800000,85340.1,85420.0,85234.2,85255.0,44787.33
1744499700000,85254.9,85375.0,85181.5,85214.1,30525.62
1744500600000,85214.1,85325.9,85164.5,85307.4,28822.41
1744501500000,85307.4,85445.4,85271.2,85272.7,25265.27
1744502400000,85272.8,85458.5,85265.7,85452.3,31489.44
1744503300000,85452.2,85519.2,85145.2,85187.2,42682.25
1744504200000,85187.2,85284.0,85006.6,85254.1,71972.67
1744505100000,85254.1,85574.0,85230.2,85501.9,79959.1
1744506000000,85501.9,85800.0,85433.9,85783.1,103066.3
1744506900000,85783.2,85836.8,85533.6,85826.7,84267.31
1744507800000,85826.7,86147.9,85491.1,85712.2,222726.73
1744508700000,85712.2,85789.0,85137.0,85253.7,187129.84
1744509600000,85253.8,85394.1,85137.0,85137.0,68859.57
1744510500000,85137.1,85181.2,84668.3,84827.2,222934.38
1744511400000,84827.2,85111.0,84800.0,85032.0,80760.13
1744512300000,85032.1,85430.4,85009.6,85282.2,85598.13
1744513200000,85282.2,85500.0,85250.0,85376.0,85180.07
1744514100000,85376.0,85418.4,85222.0,85302.8,64477.99
1744515000000,85302.7,85525.0,85297.5,85490.0,59605.52
1744515900000,85490.0,85726.7,85363.4,85416.1,88308.35
1744516800000,85416.1,85428.8,85030.5,85127.2,91418.84
1744517700000,85127.2,85127.2,84819.7,85034.5,98277.4
1744518600000,85034.5,85054.5,84611.1,84784.4,146321.1
1744519500000,84784.4,84907.1,84501.0,84627.8,160806.71
1744520400000,84627.8,84798.0,84466.4,84480.0,106543.44
1744521300000,84480.0,84676.0,84456.2,84659.8,74419.86
1744522200000,84659.8,84816.0,84585.7,84768.0,86827.1
1744523100000,84767.9,84774.5,84384.3,84528.1,94723.45
1744524000000,84528.2,84760.4,84452.4,84641.0,69131.12
1744524900000,84641.1,84741.6,84541.5,84699.6,43396.68
1744525800000,84699.6,84806.5,84687.1,84750.6,36275.59
1744526700000,84750.7,84861.8,84602.3,84602.3,42579.57
1744527600000,84602.3,84762.0,84600.0,84762.0,41012.2
1744528500000,84762.0,84781.7,84651.5,84694.2,35639.07
1744529400000,84694.2,84699.8,84449.7,84461.8,57619.47
1744530300000,84461.8,84564.9,84409.8,84409.9,54327.25
1744531200000,84409.9,84431.8,84279.8,84296.7,122008.65
1744532100000,84296.6,84555.8,84296.6,84538.3,111377.6
1744533000000,84538.2,84638.4,84492.5,84561.0,94498.66
1744533900000,84560.9,84720.4,84534.5,84677.0,82176.56
1744534800000,84677.0,84719.2,84565.7,84589.6,52451.54
1744535700000,84589.5,84781.8,84486.8,84781.3,104605.16
1744536600000,84781.3,84941.0,84686.7,84894.0,90294.36
1744537500000,84893.9,84950.0,84792.8,84907.1,59747.32
1744538400000,84907.1,84957.2,84708.8,84819.4,59851.23
1744539300000,84819.4,84834.0,84533.2,84558.1,75390.47
1744540200000,84558.1,84700.0,84500.4,84601.5,61492.5
1744541100000,84601.5,84780.0,84589.7,84696.0,25917.71
1744542000000,84696.0,84776.0,84655.7,84708.2,20929.97
1744542900000,84708.2,84708.3,84300.0,84474.1,154874.49
1744543800000,84474.0,84498.0,84327.2,84441.9,42160.47
1744544700000,84441.9,84530.5,84163.5,84522.5,123426.78
1744545600000,84522.4,84636.7,84363.0,84636.7,66445.27
1744546500000,84636.7,84705.5,84201.1,84264.1,229960.66
1744547400000,84264.1,84495.7,84225.9,84358.5,82811.78
1744548300000,84358.5,84465.8,84306.5,84450.0,26019.58
1744549200000,84449.9,84600.8,84336.0,84549.8,86702.0
1744550100000,84549.7,84573.8,84057.6,84073.9,142192.68
1744551000000,84073.9,84183.7,83730.0,83742.1,260308.09
1744551900000,83742.1,83866.3,83474.0,83595.9,300869.73
1744552800000,83595.9,83888.2,83460.0,83763.9,226434.58
1744553700000,83764.0,83886.0,83658.0,83850.1,77277.86
1744554600000,83850.1,84156.8,83773.6,84021.3,229092.73
1744555500000,84021.3,84176.1,83950.1,84084.0,97957.05
1744556400000,84084.1,84084.1,83693.2,83807.4,158349.58
1744557300000,83807.4,83927.5,83729.0,83800.0,40271.36
1744558200000,83800.0,83927.8,83680.1,83744.0,66908.93
1744559100000,83744.1,83880.2,83662.3,83861.8,38646.99
1744560000000,83861.8,84280.0,83845.3,84087.8,253098.18
1744560900000,84088.9,84449.2,84066.5,84299.9,240414.39
1744561800000,84299.9,84400.0,84083.4,84172.9,278920.81
1744562700000,84173.0,84275.9,84092.2,84227.9,46254.43
1744563600000,84227.9,84563.3,84190.1,84557.9,180883.09
1744564500000,84558.0,85062.6,84475.1,84733.9,279422.99
1744565400000,84734.0,84900.0,84571.3,84852.1,196958.6
1744566300000,84852.1,84935.4,84764.7,84764.7,137711.53
1744567200000,84764.7,84914.9,84666.0,84788.0,144894.28
1744568100000,84788.0,84790.0,84521.1,84573.1,94312.73
1744569000000,84573.0,84969.4,84573.0,84906.0,111628.12
1744569900000,84906.0,84919.9,84640.3,84733.6,63451.88
1744570800000,84733.6,84733.7,84334.3,84548.3,127749.29
1744571700000,84548.2,84548.3,84339.5,84498.9,71951.64
1744572600000,84498.9,84570.0,83019.0,83516.4,555015.18
1744573500000,83516.3,84224.4,83401.4,83993.1,259100.68
1744574400000,83993.1,84447.2,83772.6,84209.5,164696.01
1744575300000,84209.4,84402.6,84153.8,84189.1,61067.88
1744576200000,84189.1,84204.0,83152.0,83416.1,265251.41
1744577100000,83416.0,83616.4,83270.0,83509.7,71847.22
1744578000000,83509.6,83509.7,83050.1,83364.0,116200.96
1744578900000,83364.0,83731.8,83181.0,83687.3,101596.53
1744579800000,83688.0,83835.8,83040.5,83282.7,126133.3
1744580700000,83282.7,83801.4,83260.7,83602.6,96372.49
1744581600000,83602.6,83878.3,83326.3,83350.4,171672.9
1744582500000,83350.4,83520.0,83266.0,83440.1,70277.81
1744583400000,83440.1,83502.6,83166.0,83279.7,61343.6
1744584300000,83279.6,83513.2,83212.2,83322.1,49394.79
1744585200000,83322.1,83618.8,83162.1,83560.0,95453.93
1744586100000,83560.0,83699.7,83488.0,83629.3,38637.48
1744587000000,83629.4,83679.9,83357.8,83471.7,49487.77
1744587900000,83471.7,83849.5,83444.1,83765.0,60547.5
1744588800000,83765.0,84211.0,83684.4,84142.5,101596.65
1744589700000,84142.5,85190.4,84095.6,84770.1,396185.18
1744590600000,84770.0,85062.0,84509.0,84777.1,178297.61
1744591500000,84777.0,84820.0,84154.0,84333.7,174022.53
1744592400000,84333.7,84675.2,84268.3,84420.6,97980.19
1744593300000,84420.6,84564.6,84280.0,84557.3,69657.66
1744594200000,84557.3,84690.0,84342.9,84474.2,55364.66
1744595100000,84474.2,84505.0,84087.4,84238.2,81167.38
1744596000000,84238.1,84440.0,84032.0,84381.3,81053.69
1744596900000,84381.3,85041.6,84312.7,85027.7,165294.26
1744597800000,85027.7,85554.9,84984.1,85295.9,361256.43
1744598700000,85296.0,85500.0,85040.0,85125.1,177903.19
1744599600000,85125.0,85134.0,84620.0,84766.1,208414.92
1744600500000,84766.1,84882.0,84580.0,84689.0,107822.33
1744601400000,84688.7,84810.0,84555.0,84680.8,67849.21
1744602300000,84680.8,84731.7,84455.8,84574.6,60202.28
1744603200000,84574.5,84712.6,84447.6,84469.9,74873.92
1744604100000,84469.9,84857.3,84434.7,84816.3,87566.73
1744605000000,84816.2,85046.6,84740.5,85004.0,110376.93
1744605900000,85004.1,85118.0,84875.0,84885.0,71340.47
1744606800000,84884.9,85000.0,84654.2,84673.5,65327.02
1744607700000,84673.5,84774.8,84625.0,84713.0,37543.33
1744608600000,84712.9,84766.9,84349.2,84383.0,147265.48
1744609500000,84383.0,84595.7,84365.8,84582.1,56266.16
1744610400000,84582.1,84600.0,84300.0,84439.1,72265.13
1744611300000,84438.1,84547.0,84330.0,84361.3,32210.03
1744612200000,84361.3,84594.6,84350.0,84551.7,38671.64
1744613100000,84551.6,84660.0,84500.0,84628.0,41899.12
1744614000000,84628.0,84797.6,84300.0,84303.7,94095.57
1744614900000,84303.6,84554.7,84220.0,84490.0,89351.59
1744615800000,84490.1,84600.0,84373.7,84441.9,33447.51
1744616700000,84442.0,84647.3,84430.5,84590.0,37167.51
1744617600000,84590.1,84820.6,84449.0,84532.0,89777.35
1744618500000,84532.0,84668.0,84440.0,84612.0,43171.48
1744619400000,84611.9,84879.2,84490.6,84826.0,60343.35
1744620300000,84826.0,84955.0,84680.6,84764.0,81622.59
1744621200000,84764.0,84920.0,84736.0,84870.1,52224.38
1744622100000,84870.2,84879.9,84456.2,84489.8,89297.0
1744623000000,84489.8,84544.0,84300.0,84385.8,76155.81
1744623900000,84385.8,84485.0,84260.0,84454.5,94372.36
1744624800000,84454.5,84624.5,84315.0,84410.3,71508.32
1744625700000,84410.2,84700.9,84406.0,84650.0,126343.9
1744626600000,84650.0,84818.0,84565.0,84804.2,77582.13
1744627500000,84804.1,84836.8,84642.2,84660.1,68457.34
1744628400000,84660.1,84840.1,84500.1,84799.9,63447.52
1744629300000,84799.9,84898.9,84665.0,84852.0,62494.6
1744630200000,84852.0,84974.9,84800.1,84825.9,61884.79
1744631100000,84825.9,84940.7,84807.9,84929.9,44247.8
1744632000000,84929.9,85031.3,84772.1,84774.6,94835.48
1744632900000,84774.5,85051.7,84754.4,85042.0,71484.9
1744633800000,85042.0,85252.6,84930.3,85148.5,108338.53
1744634700000,85148.6,85236.9,85010.3,85137.7,67324.46
1744635600000,85138.0,85287.4,84975.0,85093.7,87261.07
1744636500000,85093.6,85269.5,84941.4,84941.5,84704.91
1744637400000,84941.5,85053.0,84286.3,84427.9,449055.92
1744638300000,84428.0,84678.0,84064.0,84381.1,380418.08
1744639200000,84381.1,84662.4,84262.0,84523.8,205134.04
1744640100000,84523.8,85129.6,84449.6,85092.1,230639.28
1744641000000,85092.2,85699.0,84960.1,85522.8,464908.77
1744641900000,85522.8,85819.7,85406.8,85415.1,299259.57
1744642800000,85415.1,85470.0,84480.0,84549.9,611801.62
1744643700000,84549.9,84854.0,84409.7,84553.0,205083.03
1744644600000,84553.0,84793.1,83852.9,84245.0,427456.91
1744645500000,84245.0,84276.5,83695.8,84100.7,279720.45
1744646400000,84100.7,84432.3,83850.4,84086.1,264113.55
1744647300000,84086.1,84534.0,84056.1,84225.4,197293.03
1744648200000,84225.5,84683.5,84135.9,84683.4,165381.73
1744649100000,84683.5,84690.0,84330.1,84343.2,119094.31
1744650000000,84343.2,84665.9,84330.0,84432.5,114572.35
1744650900000,84432.5,84633.3,84216.0,84524.9,79740.92
1744651800000,84524.2,84628.0,84412.0,84601.7,44106.07
1744652700000,84601.8,84888.1,84518.2,84867.9,95398.19
1744653600000,84868.0,85071.7,84804.1,84934.6,97652.95
1744654500000,84937.4,85000.0,84841.2,84898.0,44585.56
1744655400000,84897.8,84962.4,84804.4,84893.5,62417.01
1744656300000,84893.5,85016.4,84675.1,84983.0,54378.61
1744657200000,84981.4,85210.0,84957.0,85062.1,71034.09
1744658100000,85062.1,85134.7,84947.0,84962.0,39043.05
1744659000000,84962.0,85154.0,84830.0,85024.7,44815.33
1744659900000,85024.7,85037.4,84766.7,84908.4,81504.46
1744660800000,84908.5,84963.1,84692.9,84800.1,58559.55
1744661700000,84800.1,84852.4,84535.8,84645.9,59279.62
1744662600000,84645.9,84718.0,84578.6,84676.8,28956.66
1744663500000,84676.9,84933.3,84668.1,84852.7,32970.25
1744664400000,84852.7,84932.1,84700.6,84920.0,34030.17
1744665300000,84920.0,84974.9,84733.8,84772.0,17410.44
1744666200000,84771.9,84773.9,84450.0,84609.4,41152.17
1744667100000,84609.3,84758.9,84511.6,84708.7,19622.75
1744668000000,84708.6,84731.0,84542.3,84562.0,34040.75
1744668900000,84562.1,84624.7,84411.4,84485.9,50160.51
1744669800000,84485.9,84688.0,84473.5,84625.9,32002.66
1744670700000,84626.0,84632.5,84468.7,84497.1,23734.79
1744671600000,84497.1,84673.5,84463.3,84608.9,31211.23
1744672500000,84610.0,84780.6,84609.9,84637.6,33921.58
1744673400000,84637.6,84732.4,84462.2,84462.3,33354.31
1744674300000,84462.2,84580.0,84415.8,84579.9,23671.33
1744675200000,84580.0,84680.0,84444.4,84448.4,53728.22
1744676100000,84448.3,84642.9,84333.4,84586.4,48553.18
1744677000000,84586.4,84875.7,84550.0,84780.5,69295.93
1744677900000,84781.9,84975.0,84711.2,84924.0,96248.75
1744678800000,84924.0,84950.0,84531.2,84679.8,64782.62
1744679700000,84679.9,84933.8,84670.0,84917.6,51067.92
1744680600000,84917.5,85137.7,84803.6,85008.0,96415.35
1744681500000,85007.9,85100.0,84941.0,84984.2,54068.3
1744682400000,84984.1,85172.5,84928.0,85147.1,73473.92
1744683300000,85147.1,85185.0,84830.0,84858.2,54190.16
1744684200000,84858.1,84900.0,84692.7,84867.6,66098.18
1744685100000,84867.6,85327.8,84826.0,85235.2,106315.57
1744686000000,85235.1,85328.3,85071.7,85144.1,113174.91
1744686900000,85144.1,85328.1,85134.4,85245.7,72603.91
1744687800000,85245.6,85430.0,85211.0,85307.8,113893.89
1744688700000,85307.8,85416.7,85239.0,85392.3,51916.98
1744689600000,85392.3,85484.4,85202.0,85280.0,139819.35
1744690500000,85280.0,85411.1,85163.0,85180.9,59457.43
1744691400000,85180.9,85338.9,85167.5,85338.9,50626.96
1744692300000,85338.8,85554.7,85291.4,85500.1,110354.03
1744693200000,85500.1,85690.0,85488.0,85665.9,156070.38
1744694100000,85666.0,85750.0,85556.2,85561.1,104784.05
1744695000000,85561.2,85897.9,85529.9,85800.0,140245.97
1744695900000,85799.9,85824.1,85533.7,85537.9,89759.38
1744696800000,85537.8,85700.0,85455.0,85516.8,105887.59
1744697700000,85517.5,85566.0,85383.0,85548.9,82227.18
1744698600000,85548.9,85684.0,85474.4,85503.8,43308.09
1744699500000,85503.9,85506.5,85363.0,85393.3,63033.98
1744700400000,85393.2,85630.5,85393.2,85538.0,41992.4
1744701300000,85538.0,85786.0,85538.0,85699.6,71716.08
1744702200000,85699.7,85750.0,85630.0,85694.0,47434.96
1744703100000,85694.0,85747.8,85632.6,85743.1,45518.1
1744704000000,85743.0,85950.0,85672.0,85862.9,256140.83
1744704900000,85862.9,86000.0,85820.1,85838.0,143361.43
1744705800000,85837.9,85888.8,85739.8,85880.0,65184.99
1744706700000,85880.0,85928.2,85760.0,85845.4,53797.26
1744707600000,85845.4,85948.0,85754.3,85873.9,71268.81
1744708500000,85873.8,85966.0,85860.7,85869.9,54061.89
1744709400000,85869.9,85877.2,85590.4,85756.6,107783.4
1744710300000,85756.6,85999.0,85700.3,85999.0,91955.42
1744711200000,85999.0,86061.6,85775.2,85795.9,125470.14
1744712100000,85795.9,85807.8,85668.3,85768.0,61509.93
1744713000000,85768.1,85788.0,85471.0,85518.1,147153.52
1744713900000,85518.0,85705.9,85425.0,85650.0,80943.27
1744714800000,85649.9,85675.1,85420.0,85495.4,93647.28
1744715700000,85495.3,85582.0,85332.1,85570.3,107735.19
1744716600000,85570.4,85646.0,85499.8,85536.1,71520.74
1744717500000,85536.1,85598.0,85406.0,85590.1,47054.76
1744718400000,85590.1,85775.2,85547.4,85692.2,91589.58
1744719300000,85692.1,85764.0,85452.6,85500.2,89129.62
1744720200000,85500.1,85624.6,85445.7,85563.1,54414.49
1744721100000,85563.0,85834.3,85504.7,85831.5,81724.23
1744722000000,85831.5,85888.3,85708.2,85792.1,85885.0
1744722900000,85792.1,85864.6,85586.7,85847.9,65719.18
1744723800000,85847.8,86127.6,85600.0,86050.1,334417.47
1744724700000,86050.1,86478.0,85511.1,85582.0,788928.06
1744725600000,85585.7,85977.0,85402.9,85756.1,312674.72
1744726500000,85756.2,85870.0,84834.1,84964.9,641876.71
1744727400000,84964.8,85294.8,84865.1,85228.8,215933.26
1744728300000,85228.9,85334.9,85042.5,85144.0,154088.71
1744729200000,85144.0,85279.7,85011.2,85248.1,105577.71
1744730100000,85248.1,85388.0,85162.3,85216.1,84676.12
1744731000000,85216.1,85258.0,84855.5,84872.9,144836.69
1744731900000,84872.9,84941.2,84625.0,84922.7,204223.76
1744732800000,84922.6,85137.1,84880.1,85008.4,131264.86
1744733700000,85008.3,85146.4,84860.1,85011.7,73809.82
1744734600000,85011.8,85055.0,84853.3,84997.2,38842.73
1744735500000,84997.2,85044.5,84777.0,84856.3,50633.73
1744736400000,84856.3,85000.0,84771.8,85000.0,50682.28
1744737300000,84999.9,85009.9,84711.0,84738.8,69603.71
1744738200000,84738.8,84847.9,84650.0,84780.3,75864.01
1744739100000,84780.3,84838.1,84402.1,84477.7,159482.51
1744740000000,84477.8,84603.0,84372.6,84452.2,132053.75
1744740900000,84452.2,84459.2,84142.2,84316.0,124294.57
1744741800000,84316.0,84449.8,84273.5,84449.8,48404.07
1744742700000,84449.8,84500.0,84180.1,84184.8,73646.36
1744743600000,84184.7,84205.3,84027.0,84100.1,109845.54
1744744500000,84100.1,84218.8,84022.0,84071.8,82424.47
1744745400000,84071.8,84105.0,84033.0,84043.7,49235.78
1744746300000,84043.7,84126.4,83888.0,83974.7,162237.06
1744747200000,83974.7,84225.4,83891.2,84151.7,92605.8
1744748100000,84151.7,84199.0,83932.7,84009.4,53329.52
1744749000000,84009.4,84130.0,83958.5,83977.7,39550.1
1744749900000,83977.7,84020.0,83795.0,84007.5,97598.55
1744750800000,84007.5,84100.0,83882.5,83994.7,34224.57
1744751700000,83994.8,84095.0,83864.7,84052.5,27566.85
1744752600000,84052.5,84236.2,84052.4,84107.1,66085.42
1744753500000,84107.2,84220.9,84043.3,84159.1,33596.03
1744754400000,84159.1,84159.1,83856.8,83909.9,72337.54
1744755300000,83909.8,83971.8,83813.8,83928.2,39619.39
1744756200000,83928.2,84060.3,83900.0,83973.6,45445.14
1744757100000,83973.5,83988.5,83667.3,83832.2,89789.29
1744758000000,83832.1,83865.8,83610.9,83739.9,76114.75
1744758900000,83739.9,83836.8,83658.6,83754.5,47804.18
1744759800000,83754.6,83809.0,83588.1,83648.9,56566.08
1744760700000,83648.8,83722.9,83612.9,83649.6,41142.96
1744761600000,83649.6,83712.8,83302.0,83319.3,113549.08
1744762500000,83319.3,83541.4,83222.0,83507.4,134135.72
1744763400000,83507.4,83613.9,83320.0,83381.1,97820.59
1744764300000,83381.2,83399.8,83125.1,83140.0,113877.87
1744765200000,83139.9,83492.6,83101.4,83292.1,134373.53
1744766100000,83292.2,83600.0,83261.1,83504.4,91512.38
1744767000000,83504.4,83507.3,83306.3,83410.4,69210.74
1744767900000,83410.3,83672.5,83385.2,83626.1,106639.36
1744768800000,83626.1,83826.5,83583.4,83790.1,124346.47
1744769700000,83790.2,83873.2,83646.5,83850.7,96441.06
1744770600000,83850.7,83947.9,83713.1,83720.9,87207.71
1744771500000,83720.8,83922.4,83713.3,83890.0,41816.68
1744772400000,83889.9,83949.8,83793.1,83921.5,39453.03
1744773300000,83921.6,83935.0,83780.1,83780.1,37692.96
1744774200000,83780.2,83812.0,83673.9,83714.4,49284.72
1744775100000,83714.4,83748.7,83651.7,83690.1,28469.69
1744776000000,83690.0,83797.4,83627.0,83700.0,41841.27
1744776900000,83700.0,83700.0,83506.7,83575.2,74570.74
1744777800000,83575.2,83641.2,83437.8,83475.3,68632.31
1744778700000,83475.3,83609.8,83403.4,83592.4,41726.85
1744779600000,83592.4,83788.2,83540.0,83755.7,59148.31
1744780500000,83755.6,83820.0,83225.0,83393.0,149289.03
1744781400000,83393.1,83489.0,83217.5,83459.8,106305.66
1744782300000,83459.8,83522.0,83350.1,83365.6,61209.37
1744783200000,83365.6,83502.2,83267.8,83497.4,60773.63
1744784100000,83497.4,83615.3,83472.8,83480.2,46814.63
1744785000000,83480.1,83636.0,83472.1,83585.4,32944.09
1744785900000,83585.3,83728.9,83571.2,83637.5,51138.55
1744786800000,83639.6,83750.0,83520.0,83563.2,48699.2
1744787700000,83563.2,83563.2,83333.1,83380.3,91440.64
1744788600000,83380.3,83480.2,83330.0,83452.7,50640.67
1744789500000,83452.7,83452.7,83311.4,83363.1,52087.75
1744790400000,83363.2,83388.2,83124.9,83175.1,145833.63
1744791300000,83175.1,83759.9,83143.1,83600.0,165156.02
1744792200000,83599.9,84134.9,83599.9,83890.9,335318.73
1744793100000,83890.9,83925.0,83628.1,83743.0,155926.63
1744794000000,83743.0,83899.5,83684.9,83841.6,72916.04
1744794900000,83841.6,83930.0,83728.9,83786.5,40519.45
1744795800000,83786.5,83813.2,83710.9,83722.6,40118.23
1744796700000,83722.6,83762.1,83585.9,83587.2,78327.11
1744797600000,83587.2,83773.2,83562.0,83750.1,45631.62
1744798500000,83750.1,83944.0,83725.0,83899.0,71728.24
1744799400000,83899.0,83955.3,83836.9,83877.4,49718.64
1744800300000,83877.5,83978.0,83869.9,83929.9,33564.03
1744801200000,83929.8,84071.6,83879.0,83980.0,75259.98
1744802100000,83980.0,84082.4,83819.4,83866.2,92828.33
1744803000000,83866.2,84005.6,83756.2,83980.2,51397.06
1744803900000,83980.3,84121.1,83980.3,84044.4,62162.07
1744804800000,84044.8,84117.5,83980.3,83990.3,62519.81
1744805700000,83990.3,84262.3,83990.2,84173.7,98854.02
1744806600000,84173.7,84213.3,83902.7,83920.2,80645.69
1744807500000,83920.3,83920.3,83720.0,83750.2,90907.59
1744808400000,83750.2,83807.4,83682.0,83738.1,64285.23
1744809300000,83738.0,83785.6,83616.0,83735.2,72632.15
1744810200000,83735.2,84209.8,83481.5,84035.5,260566.42
1744811100000,84035.5,84073.0,83583.1,83732.2,163336.95
1744812000000,83732.1,84199.5,83707.4,83988.1,161570.87
1744812900000,83988.1,84464.1,83904.0,84360.0,212090.86
1744813800000,84359.9,84737.5,84247.5,84681.0,234823.61
1744814700000,84680.9,84850.6,84471.5,84606.0,195086.6
1744815600000,84606.0,84873.2,84501.0,84773.5,150661.44
1744816500000,84773.6,85286.1,84682.4,85099.9,347706.49
1744817400000,85099.9,85180.0,84849.9,84974.9,177488.82
1744818300000,84974.8,85024.0,84778.3,84854.6,88060.51
1744819200000,84854.6,85120.9,84851.0,84999.7,98219.49
1744820100000,84999.8,85092.0,84714.0,84850.1,93361.21
1744821000000,84850.1,84950.0,84690.8,84887.1,84478.25
1744821900000,84887.1,85240.0,84837.5,85043.7,105199.78
1744822800000,85043.7,85259.6,85020.0,85155.6,68327.77
1744823700000,85155.5,85493.0,85150.0,85310.0,176932.39
1744824600000,85309.9,85588.0,84302.2,84356.5,508726.32
1744825500000,84359.1,84362.4,83266.2,83287.4,592982.25
1744826400000,83287.4,84288.0,83279.2,84275.9,475691.2
1744827300000,84276.0,84487.2,83749.6,84385.8,243738.5
1744828200000,84385.8,84400.0,83610.0,83740.3,164230.21
1744829100000,83740.2,84155.4,83676.6,84034.0,90887.81
1744830000000,84034.0,84231.7,83862.1,84189.1,99664.19
1744830900000,84189.1,84228.0,83800.0,83842.7,76878.73
1744831800000,83842.7,84180.0,83830.1,84123.4,83495.95
1744832700000,84123.5,84490.5,84105.1,84335.5,141154.26
1744833600000,84335.5,84480.0,84260.4,84390.0,53682.59
1744834500000,84390.0,84635.0,84368.9,84602.2,69278.54
1744835400000,84602.2,84666.0,84363.6,84414.3,46361.42
1744836300000,84414.4,84473.0,84235.2,84300.0,35438.96
1744837200000,84300.0,84499.9,84250.0,84457.5,32401.32
1744838100000,84457.4,84680.3,84410.5,84571.4,37472.0
1744839000000,84571.5,84633.8,84393.8,84475.1,33746.5
1744839900000,84475.2,84683.9,84475.1,84554.9,39549.26
1744840800000,84554.9,84598.0,84400.0,84400.0,28779.97
1744841700000,84400.1,84460.0,84301.5,84365.0,37859.98
1744842600000,84365.0,84532.7,84299.5,84484.7,37024.67
1744843500000,84484.6,84526.2,84406.1,84454.1,17996.41
1744844400000,84454.1,84494.0,84272.2,84302.5,41328.42
1744845300000,84302.5,84347.9,84230.9,84231.0,27318.06
1744846200000,84231.0,84239.7,84063.3,84128.3,75237.51
1744847100000,84128.3,84193.5,84031.3,84034.1,34637.12
1744848000000,84034.1,84144.7,83953.8,83981.1,60965.13
1744848900000,83981.0,84086.0,83941.6,84025.9,48828.32
1744849800000,84025.8,84200.0,83997.3,84063.0,48367.77
1744850700000,84062.9,84225.0,84022.0,84214.0,45511.42
1744851600000,84214.0,84312.8,84120.0,84298.1,53972.97
1744852500000,84298.0,84382.1,84237.7,84368.9,53541.21
1744853400000,84368.9,84496.0,84275.3,84322.1,70613.36
1744854300000,84322.0,84361.3,84176.1,84334.2,42321.73
1744855200000,84334.2,84334.2,84120.4,84140.4,43368.71
1744856100000,84140.4,84200.0,84051.1,84187.1,45188.37
1744857000000,84187.1,84230.4,84025.0,84108.1,33210.41
1744857900000,84108.1,84288.0,84100.0,84261.1,34898.06
1744858800000,84261.0,84300.0,84117.2,84145.9,39024.97
1744859700000,84145.9,84157.5,83790.0,83812.4,155018.13
1744860600000,83812.4,83979.8,83812.3,83867.7,72204.47
1744861500000,83867.6,84024.4,83809.4,83992.7,54278.62
1744862400000,83992.8,84007.9,83895.0,83896.0,40399.88
1744863300000,83895.9,84033.1,83891.4,83966.4,52071.18
1744864200000,83966.4,84040.0,83961.1,84006.6,23533.26
1744865100000,84006.7,84185.8,84006.6,84152.6,41746.86
1744866000000,84152.5,84270.1,84077.6,84225.0,52135.33
1744866900000,84225.0,84350.0,84210.1,84272.4,83197.38
1744867800000,84272.3,84455.0,84266.1,84397.6,55291.4
1744868700000,84397.7,84500.0,84359.9,84385.0,56593.54
1744869600000,84385.0,84491.3,84280.0,84424.1,61056.58
1744870500000,84424.0,84650.0,84362.1,84604.6,91921.61
1744871400000,84604.7,84836.4,84589.0,84761.1,148864.44
1744872300000,84761.1,84868.7,84701.5,84776.4,86135.64
1744873200000,84776.5,84857.1,84619.8,84668.9,110111.45
1744874100000,84669.0,84959.9,84631.2,84929.9,94729.83
1744875000000,84929.8,85063.5,84695.2,84721.1,132670.91
1744875900000,84721.0,84820.0,84580.8,84681.7,81753.46
1744876800000,84681.7,84766.0,84649.1,84706.9,30934.21
1744877700000,84707.0,84707.0,84536.6,84587.6,61096.75
1744878600000,84587.7,84642.5,84566.5,84580.6,24410.96
1744879500000,84580.5,84598.6,84410.1,84455.0,69326.79
1744880400000,84455.0,84485.6,84361.0,84463.9,62835.84
1744881300000,84463.9,84467.5,84364.4,84370.3,34428.24
1744882200000,84370.3,84530.0,84365.0,84512.6,46058.47
1744883100000,84512.6,84541.8,84432.5,84485.8,43407.4
1744884000000,84485.8,84518.0,84220.0,84231.9,54694.35
1744884900000,84231.9,84358.5,84183.2,84358.5,80348.39
1744885800000,84358.5,84399.0,84300.0,84324.0,24714.33
1744886700000,84324.0,84383.1,84282.6,84383.1,25551.75
1744887600000,84383.1,84506.8,84283.8,84299.9,56171.65
1744888500000,84299.9,84457.0,84283.8,84454.0,28450.56
1744889400000,84454.1,84741.9,84405.0,84689.8,99685.2
1744890300000,84689.7,84771.6,84559.3,84580.0,63719.73
1744891200000,84580.0,84847.2,84579.9,84729.9,113334.76
1744892100000,84730.0,84874.0,84704.0,84831.9,61804.64
1744893000000,84831.8,84870.0,84692.3,84800.4,56733.73
1744893900000,84800.3,84862.8,84743.2,84772.0,53599.5
1744894800000,84772.0,84775.9,84580.4,84632.0,66110.76
1744895700000,84632.0,84655.7,84410.1,84650.8,98158.19
1744896600000,84650.8,84699.8,84304.0,84548.6,238565.39
1744897500000,84548.6,84615.4,84380.0,84473.4,75293.69
1744898400000,84473.3,84473.3,84049.9,84163.0,240242.2
1744899300000,84163.0,84203.1,83973.8,84034.3,134559.11
1744900200000,84034.3,84130.4,83703.0,84130.4,293346.49
1744901100000,84130.7,84212.6,84030.0,84086.8,99276.74
1744902000000,84086.8,84727.6,84086.7,84601.3,380891.64
1744902900000,84601.3,84660.0,84375.0,84409.9,126046.04
1744903800000,84409.9,84706.5,84409.9,84607.1,77440.37
1744904700000,84607.2,84691.9,84482.2,84541.9,68963.78
1744905600000,84542.0,84810.4,84404.9,84618.0,210999.63
1744906500000,84618.0,84978.0,84583.9,84951.3,178837.86
1744907400000,84951.3,85110.5,84764.5,84772.1,224188.41
1744908300000,84772.1,84991.4,84744.2,84945.3,73743.25
1744909200000,84945.3,85073.8,84805.2,84990.3,93060.67
1744910100000,84990.3,85099.9,84796.1,85014.2,96224.61
1744911000000,85014.1,85185.0,84978.4,85061.5,92499.78
1744911900000,85061.6,85235.0,85012.5,85116.1,79783.87
1744912800000,85116.1,85331.9,85073.7,85281.6,113278.47
1744913700000,85281.6,85488.0,85225.0,85280.0,147681.34
1744914600000,85280.0,85460.2,85280.0,85384.3,72443.8
1744915500000,85384.4,85410.0,84830.0,84905.8,190843.56
1744916400000,84905.9,85138.7,84890.8,84955.6,122410.64
1744917300000,84955.6,84974.7,84658.1,84709.3,142314.47
1744918200000,84710.0,84805.0,84433.2,84740.1,188757.9
1744919100000,84740.1,84946.6,84650.0,84840.9,96004.15
1744920000000,84840.7,85120.0,84840.6,85029.2,70494.48
1744920900000,85029.3,85082.9,84920.0,85007.3,38146.4
1744921800000,85007.3,85099.4,84864.6,84977.0,33021.3
1744922700000,84977.0,85141.0,84950.8,85139.1,44375.4
1744923600000,85139.2,85139.2,84937.9,84940.0,38463.73
1744924500000,84940.0,85044.8,84885.3,84885.3,21478.81
1744925400000,84885.3,84991.2,84885.3,84983.4,10392.73
1744926300000,84983.5,85111.5,84972.6,85054.4,19901.19
1744927200000,85054.3,85096.6,84934.0,85040.6,31660.77
1744928100000,85040.6,85100.0,84989.8,85025.9,16221.56
1744929000000,85025.9,85033.0,84890.0,84930.1,24632.29
1744929900000,84930.2,84930.2,84727.5,84727.6,36396.57
1744930800000,84727.6,84921.8,84727.6,84921.8,31071.2
1744931700000,84921.8,85000.0,84871.8,84978.7,22727.83
1744932600000,84978.8,85017.6,84912.4,84919.9,20223.08
1744933500000,84920.0,84950.0,84874.1,84949.9,11765.52
1744934400000,84949.9,85024.0,84863.2,84955.2,28183.65
1744935300000,84955.3,84975.9,84840.0,84878.8,35220.95
1744936200000,84878.8,84903.0,84806.3,84810.0,32785.57
1744937100000,84810.0,84848.8,84728.0,84825.4,50943.11
1744938000000,84825.5,85035.0,84825.4,85023.4,42940.64
1744938900000,85023.4,85149.1,84959.1,85148.5,63684.42
1744939800000,85148.6,85148.6,84926.8,84970.1,26341.35
1744940700000,84970.0,85049.6,84916.5,84930.7,22129.25
1744941600000,84930.6,84960.0,84830.0,84838.0,26012.39
1744942500000,84838.0,84976.1,84815.7,84976.1,27809.15
1744943400000,84976.0,84976.0,84860.3,84925.9,18585.81
1744944300000,84926.0,84990.0,84893.6,84907.7,15779.76
1744945200000,84907.8,84915.3,84782.1,84806.5,33803.61
1744946100000,84806.4,84879.0,84746.1,84766.0,29521.17
1744947000000,84766.0,84853.2,84746.0,84835.4,29550.9
1744947900000,84835.4,84849.6,84789.0,84834.2,15209.99
1744948800000,84834.1,84853.2,84650.0,84650.0,64299.36
1744949700000,84650.0,84709.8,84596.8,84706.1,58437.98
1744950600000,84706.1,84730.0,84670.3,84687.9,31637.4
1744951500000,84688.0,84740.0,84643.0,84668.0,24746.26
1744952400000,84668.1,84676.3,84560.0,84595.3,41113.04
1744953300000,84595.3,84654.9,84525.0,84580.0,41363.88
1744954200000,84580.0,84687.2,84540.1,84675.0,30918.38
1744955100000,84675.0,84754.2,84650.0,84746.9,22332.46
1744956000000,84746.9,84786.0,84675.7,84760.3,36096.59
1744956900000,84760.3,84774.0,84680.0,84706.1,20871.56
1744957800000,84706.0,84706.1,84595.4,84642.9,25096.28
1744958700000,84642.8,84742.0,84629.7,84727.7,33525.44
1744959600000,84727.8,84741.4,84601.8,84630.7,29967.28
1744960500000,84630.7,84681.6,84416.0,84521.9,107463.61
1744961400000,84521.8,84626.5,84470.0,84623.1,55341.7
1744962300000,84623.1,84674.3,84591.8,84670.2,53654.58
1744963200000,84670.1,84766.0,84670.1,84761.2,49488.79
1744964100000,84761.2,84778.5,84700.0,84762.5,30595.35
1744965000000,84762.5,84776.0,84666.0,84767.8,35461.92
1744965900000,84767.9,84767.9,84608.0,84655.7,27660.64
1744966800000,84655.8,84655.8,84555.0,84571.7,23189.41
1744967700000,84571.8,84648.8,84548.8,84573.1,25098.45
1744968600000,84573.1,84590.9,84524.8,84590.9,25576.41
1744969500000,84590.9,84649.9,84536.5,84562.0,23415.5
1744970400000,84562.0,84580.0,84500.0,84550.1,26604.76
1744971300000,84550.1,84660.1,84538.2,84637.5,20936.96
1744972200000,84637.5,84645.4,84546.0,84572.7,18989.56
1744973100000,84572.7,84596.5,84511.6,84536.8,25309.27
1744974000000,84536.7,84614.4,84481.3,84600.0,34166.44
1744974900000,84600.0,84630.0,84514.0,84537.9,26571.36
1744975800000,84537.9,84631.7,84518.0,84615.0,23376.66
1744976700000,84615.0,84688.0,84580.6,84679.0,29365.32
1744977600000,84679.0,84720.0,84606.0,84619.9,45450.67
1744978500000,84619.9,84679.2,84573.3,84679.1,18776.57
1744979400000,84679.2,84770.0,84679.1,84705.5,74400.02
1744980300000,84705.5,84718.5,84613.7,84636.4,30961.23
1744981200000,84636.4,84636.5,84510.0,84542.9,54703.81
1744982100000,84542.9,84585.0,84520.0,84545.5,21952.17
1744983000000,84545.5,84614.7,84471.6,84499.9,65550.09
1744983900000,84499.9,84599.3,84472.7,84567.9,43495.75
1744984800000,84567.8,84629.2,84480.0,84520.9,43804.73
1744985700000,84520.8,84520.9,84380.7,84464.2,59647.05
1744986600000,84464.2,84592.3,84426.0,84566.1,32578.97
1744987500000,84566.0,84584.7,84512.4,84582.3,24696.12
1744988400000,84582.2,84610.0,84440.2,84485.3,42148.09
1744989300000,84485.3,84517.8,84355.0,84367.3,68876.69
1744990200000,84367.3,84435.0,84314.9,84389.9,56505.82
1744991100000,84389.9,84458.6,84314.5,84372.8,67359.82
1744992000000,84372.8,84470.6,84270.2,84432.5,65826.68
1744992900000,84432.5,84620.0,84432.4,84490.0,112785.26
1744993800000,84490.0,84544.4,84472.6,84486.2,17721.91
1744994700000,84486.2,84497.1,84432.4,84483.2,17395.0
1744995600000,84483.2,84514.7,84430.0,84498.4,19402.73
1744996500000,84498.4,84529.0,84388.1,84435.1,35281.66
1744997400000,84435.1,84610.4,84416.5,84552.0,43481.37
1744998300000,84552.1,84595.6,84520.1,84573.5,24161.78
1744999200000,84573.5,84616.4,84510.0,84595.1,20203.59
1745000100000,84595.1,84656.4,84589.1,84626.0,44150.98
1745001000000,84625.9,84644.5,84574.8,84633.2,19642.0
1745001900000,84633.1,84657.9,84586.2,84629.4,16284.36
1745002800000,84629.4,84629.9,84559.9,84600.2,12821.04
1745003700000,84600.2,84652.0,84595.1,84632.1,12931.75
1745004600000,84632.0,84632.1,84518.3,84581.3,24019.22
1745005500000,84581.3,84581.4,84520.0,84579.0,13686.37
1745006400000,84578.9,84640.4,84488.5,84529.5,25865.82
1745007300000,84529.5,84568.1,84492.5,84545.1,11870.64
1745008200000,84545.0,84554.3,84480.0,84487.7,12673.27
1745009100000,84487.7,84533.0,84473.7,84524.7,14826.23
1745010000000,84524.6,84535.9,84488.0,84535.9,11092.92
1745010900000,84535.9,84539.4,84510.0,84530.1,8088.45
1745011800000,84530.0,84710.7,84530.0,84667.5,38008.83
1745012700000,84667.5,84667.6,84549.1,84641.8,25319.82
1745013600000,84641.8,84660.9,84518.0,84518.1,32619.15
1745014500000,84518.2,84518.3,84421.1,84480.0,24099.56
1745015400000,84480.0,84541.9,84479.9,84534.9,10153.73
1745016300000,84534.9,84545.4,84509.6,84534.9,6838.34
1745017200000,84534.9,84534.9,84340.0,84407.9,45045.97
1745018100000,84408.0,84456.6,84350.0,84443.5,16393.15
1745019000000,84443.5,84499.9,84404.9,84499.9,18036.88
1745019900000,84499.9,84499.9,84437.9,84467.8,11124.16
1745020800000,84467.8,84489.9,84370.0,84424.4,16238.0
1745021700000,84424.4,84452.8,84373.3,84373.3,11304.76
1745022600000,84373.4,84468.9,84373.3,84447.9,16183.38
1745023500000,84447.9,84490.0,84418.1,84443.9,12631.85
1745024400000,84443.9,84567.6,84430.0,84557.7,29276.05
1745025300000,84557.7,84588.0,84497.2,84568.2,13659.11
1745026200000,84568.2,84609.9,84507.0,84507.0,18184.09
1745027100000,84507.0,84566.1,84492.2,84549.9,13386.98
1745028000000,84549.9,84853.3,84500.0,84673.1,116480.02
1745028900000,84673.1,84775.0,84629.8,84740.0,50683.19
1745029800000,84740.0,84750.0,84610.1,84664.2,25322.24
1745030700000,84664.2,84805.0,84664.2,84785.3,36999.23
1745031600000,84785.3,84960.5,84785.3,84869.9,87800.46
1745032500000,84869.8,84950.0,84855.0,84884.9,35740.14
1745033400000,84884.9,84988.7,84762.2,84780.0,77556.07
1745034300000,84780.0,84937.8,84779.9,84884.5,35470.5
1745035200000,84884.4,84992.0,84879.7,84966.1,49040.58
1745036100000,84966.1,85080.0,84957.7,85079.9,68362.47
1745037000000,85079.9,85274.6,85079.9,85219.1,167887.69
1745037900000,85219.1,85222.6,85001.0,85024.8,75555.94
1745038800000,85024.8,85118.9,85019.7,85040.7,46163.58
1745039700000,85040.7,85179.9,84985.4,85175.8,57184.19
1745040600000,85175.8,85175.9,85105.9,85115.1,27707.44
1745041500000,85115.1,85120.2,85058.0,85079.7,25634.37
1745042400000,85079.7,85104.5,84955.0,84998.5,46922.2
1745043300000,84998.5,85043.0,84998.4,85006.3,25781.8
1745044200000,85006.3,85008.8,84897.0,84897.0,36822.81
1745045100000,84897.1,84943.7,84888.0,84920.1,49848.96
1745046000000,84920.2,84992.4,84920.1,84988.3,20175.67
1745046900000,84988.3,85268.0,84988.2,85171.4,162421.76
1745047800000,85171.4,85267.5,85119.3,85236.2,53929.59
1745048700000,85236.2,85248.9,85186.3,85223.6,43098.86
1745049600000,85223.5,85266.0,85139.6,85139.6,41669.18
1745050500000,85139.7,85250.1,85114.7,85238.7,46516.56
1745051400000,85238.7,85420.0,85178.7,85343.5,113649.98
1745052300000,85343.5,85404.2,85306.7,85318.4,40683.55
1745053200000,85318.4,85456.4,85276.4,85416.9,75111.12
1745054100000,85416.9,85448.2,85338.6,85338.6,43518.46
1745055000000,85338.5,85449.9,85220.5,85397.5,115487.44
1745055900000,85397.6,85437.5,85320.8,85340.0,57553.93
1745056800000,85339.9,85354.9,85249.0,85275.6,65044.11
1745057700000,85275.6,85299.9,85176.7,85204.7,53462.25
1745058600000,85204.8,85252.2,85155.0,85232.9,58077.7
1745059500000,85232.9,85280.1,85203.0,85266.1,23900.59
1745060400000,85266.0,85290.0,85204.3,85210.2,21260.31
1745061300000,85210.2,85237.6,85100.0,85189.4,45849.04
1745062200000,85189.5,85221.1,85124.0,85216.9,23205.38
1745063100000,85216.9,85238.2,85171.0,85230.9,25656.29
1745064000000,85230.8,85314.6,85230.8,85269.9,28962.93
1745064900000,85270.0,85320.0,85192.5,85313.6,22330.54
1745065800000,85313.6,85328.5,85305.2,85306.5,15945.52
1745066700000,85306.5,85326.7,85222.5,85292.9,20020.26
1745067600000,85292.9,85340.0,85201.4,85339.8,24839.71
1745068500000,85339.8,85448.4,85260.4,85404.0,53766.06
1745069400000,85403.9,85429.2,85302.2,85387.9,38110.24
1745070300000,85387.9,85514.4,85363.3,85486.0,88849.41
1745071200000,85486.0,85505.0,85405.4,85419.6,39250.52
1745072100000,85419.6,85485.9,85375.0,85468.0,36510.1
1745073000000,85468.0,85500.0,85359.9,85359.9,44199.87
1745073900000,85360.0,85423.6,85359.9,85405.2,20240.37
1745074800000,85405.2,85463.0,85359.2,85423.3,23362.68
1745075700000,85423.2,85544.0,85310.0,85499.9,76143.3
1745076600000,85500.0,85700.0,85191.0,85271.1,214311.9
1745077500000,85271.2,85296.5,85066.0,85186.6,84072.98
1745078400000,85186.7,85350.2,85166.6,85232.5,112043.14
1745079300000,85231.9,85332.0,85126.0,85132.9,45930.79
1745080200000,85132.9,85133.0,85005.0,85019.2,119396.95
1745081100000,85019.1,85025.5,84710.0,84860.8,218089.01
1745082000000,84860.8,84965.5,84837.5,84960.2,44731.06
1745082900000,84960.3,85070.9,84960.2,85040.4,38787.73
1745083800000,85040.5,85180.9,84994.5,85072.1,80330.73
1745084700000,85072.1,85250.0,85010.6,85239.0,57811.42
1745085600000,85239.0,85317.0,85158.1,85263.2,39017.71
1745086500000,85263.2,85288.5,85203.5,85253.9,21151.88
1745087400000,85253.9,85332.0,85206.3,85219.8,26410.22
1745088300000,85219.9,85219.9,85142.6,85150.1,23183.56
1745089200000,85150.1,85219.8,85050.0,85173.4,34490.3
1745090100000,85173.5,85175.6,85124.0,85174.3,13052.63
1745091000000,85174.3,85174.4,85118.9,85124.9,25571.5
1745091900000,85124.9,85145.3,85052.6,85106.9,24029.06
1745092800000,85106.9,85141.7,85020.0,85097.6,17833.73
1745093700000,85097.5,85216.5,85097.5,85216.5,14104.61
1745094600000,85216.4,85275.0,85216.4,85275.0,9560.52
1745095500000,85275.0,85275.0,85187.2,85193.9,10332.15
1745096400000,85193.8,85348.9,85188.0,85330.0,18044.81
1745097300000,85330.1,85382.5,85280.0,85282.0,21045.84
1745098200000,85282.0,85352.3,85249.9,85323.4,12748.63
1745099100000,85323.4,85390.0,85271.9,85339.7,27632.56
1745100000000,85339.7,85348.3,85286.2,85296.2,14895.06
1745100900000,85296.2,85300.0,85225.6,85239.0,12078.43
1745101800000,85239.0,85366.0,85231.7,85244.3,19115.65
1745102700000,85244.3,85269.4,85214.8,85269.3,6775.7
1745103600000,85269.3,85269.4,85180.0,85180.0,13584.4
1745104500000,85180.1,85208.7,85114.0,85126.0,17811.44
1745105400000,85126.0,85191.5,85125.9,85130.1,11609.85
1745106300000,85130.0,85166.7,85072.0,85091.6,15756.14
1745107200000,85091.6,85204.0,85049.5,85203.0,32236.24
1745108100000,85202.9,85239.5,85143.1,85187.2,22948.71
1745109000000,85187.3,85239.5,85116.2,85123.5,27314.79
1745109900000,85123.5,85200.0,85089.2,85173.7,21065.01
1745110800000,85173.9,85287.7,85144.0,85263.8,27432.86
1745111700000,85263.8,85338.1,85251.6,85268.0,26626.2
1745112600000,85268.0,85310.0,85211.7,85257.9,17595.43
1745113500000,85257.9,85321.9,85237.2,85318.1,17997.54
1745114400000,85318.1,85337.2,85239.4,85259.5,21053.84
1745115300000,85259.5,85288.0,85209.9,85226.5,15183.01
1745116200000,85226.5,85292.3,85212.1,85275.6,11989.83
1745117100000,85275.7,85282.0,85203.0,85234.5,15879.23
1745118000000,85234.5,85267.9,85193.0,85199.5,11174.78
1745118900000,85199.5,85228.9,85176.0,85210.0,10202.45
1745119800000,85210.0,85210.1,85126.1,85126.1,13933.93
1745120700000,85126.1,85174.1,85115.0,85163.0,20178.78
1745121600000,85163.0,85167.3,85111.0,85155.4,14073.52
1745122500000,85155.5,85220.0,85120.0,85204.7,16918.7
1745123400000,85204.7,85242.3,85168.1,85241.8,15247.34
1745124300000,85241.8,85250.0,85188.0,85188.9,9673.84
1745125200000,85188.9,85198.7,85157.8,85178.0,10327.06
1745126100000,85178.0,85194.4,85158.0,85165.6,10986.24
1745127000000,85165.6,85165.6,85124.1,85124.2,17668.9
1745127900000,85124.2,85158.3,85092.7,85092.8,27934.01
1745128800000,85092.7,85168.6,85085.0,85130.7,31900.66
1745129700000,85130.7,85135.2,85062.9,85083.0,34162.84
1745130600000,85083.0,85119.8,84933.3,84972.0,57052.79
1745131500000,84972.0,84973.3,84846.0,84949.8,99442.59
1745132400000,84949.9,84949.9,84736.9,84879.3,117934.0
1745133300000,84879.3,84882.2,84720.2,84750.9,126050.87
1745134200000,84751.0,84784.9,84668.7,84741.6,164185.25
1745135100000,84741.6,84843.6,84720.5,84780.7,47933.56
1745136000000,84780.7,84788.0,84723.0,84782.2,34696.89
1745136900000,84782.2,84799.4,84634.0,84677.9,61873.38
1745137800000,84678.0,84703.0,84631.6,84674.4,46659.71
1745138700000,84674.4,84693.3,84617.0,84649.5,35737.16
1745139600000,84649.6,84652.4,84580.2,84620.2,56909.86
1745140500000,84620.2,84620.2,84580.1,84586.1,36076.16
1745141400000,84586.2,84635.2,84466.0,84497.0,88550.78
1745142300000,84497.0,84558.4,84447.2,84541.6,59827.27
1745143200000,84541.7,84541.7,84432.5,84438.8,55468.46
1745144100000,84438.8,84495.9,84390.1,84399.9,61800.67
1745145000000,84399.9,84444.4,84150.1,84249.8,137866.65
1745145900000,84249.8,84249.8,83986.6,84179.9,201291.99
1745146800000,84179.9,84262.3,84085.6,84224.0,103145.47
1745147700000,84223.9,84224.0,83990.7,84035.3,84010.88
1745148600000,84035.2,84151.0,83935.4,84039.9,95868.42
1745149500000,84040.0,84140.0,83977.0,84133.1,49538.33
1745150400000,84133.2,84343.0,84100.0,84302.4,115812.46
1745151300000,84302.4,84397.3,84264.3,84392.1,76748.19
1745152200000,84392.2,84477.0,84320.3,84350.7,78329.97
1745153100000,84350.7,84366.7,84293.1,84365.4,35191.56
1745154000000,84365.4,84382.8,84186.7,84222.0,60559.74
1745154900000,84221.9,84341.3,84134.4,84341.2,59818.37
1745155800000,84341.2,84461.6,84256.9,84402.2,53487.02
1745156700000,84402.1,84437.7,84300.4,84307.9,32520.56
1745157600000,84307.9,84677.0,84250.2,84555.9,137663.52
1745158500000,84555.9,84556.0,84455.7,84549.3,47173.66
1745159400000,84549.2,84640.0,84542.3,84546.2,69459.77
1745160300000,84546.2,84649.1,84513.7,84620.1,26847.73
1745161200000,84620.0,84625.7,84460.0,84524.8,44942.79
1745162100000,84524.8,84549.2,84344.0,84381.4,51890.34
1745163000000,84381.3,84487.9,84363.0,84485.7,26521.96
1745163900000,84485.7,84485.7,84305.9,84352.2,43843.99
1745164800000,84352.1,84445.8,84280.0,84445.7,45860.03
1745165700000,84445.7,84613.0,84400.2,84535.7,61199.79
1745166600000,84535.7,84579.4,84489.0,84521.0,21520.65
1745167500000,84521.1,84645.8,84521.1,84609.0,58236.46
1745168400000,84609.0,84620.0,84492.9,84496.0,27426.16
1745169300000,84496.0,84520.7,84456.4,84491.5,14599.49
1745170200000,84491.5,84516.6,84458.8,84516.6,17013.35
1745171100000,84516.5,84625.0,84516.5,84583.8,25743.79
1745172000000,84583.8,84620.0,84556.4,84600.0,13164.09
1745172900000,84600.0,84640.0,84556.6,84567.9,15798.82
1745173800000,84567.9,84584.0,84484.0,84516.0,17941.61
1745174700000,84516.0,84588.9,84462.5,84576.2,28769.3
1745175600000,84576.2,84591.6,84524.4,84524.5,8730.79
1745176500000,84524.5,84595.8,84524.4,84556.9,17951.01
1745177400000,84556.9,84600.0,84556.8,84564.1,10331.97
1745178300000,84564.1,84670.0,84564.1,84650.0,23606.95
1745179200000,84650.1,84975.3,84618.0,84942.8,136716.54
1745180100000,84942.8,85232.0,84885.2,85126.9,184724.17
1745181000000,85126.9,85278.2,85038.1,85174.3,109996.88
1745181900000,85174.2,85280.1,85052.9,85144.0,55418.04
1745182800000,85144.0,85258.6,84966.0,84968.5,60929.45
1745183700000,84968.4,85039.5,84907.0,85000.3,39166.21
1745184600000,85000.3,85209.7,85000.2,85082.2,32982.16
1745185500000,85082.0,85143.2,84952.9,85014.9,30802.06
1745186400000,85014.9,85042.0,84808.3,84888.7,51888.44
1745187300000,84888.7,84913.1,84681.0,84725.2,66943.48
1745188200000,84725.2,84812.3,84680.6,84804.0,26531.97
1745189100000,84803.9,84853.8,84760.2,84845.0,32682.75
1745190000000,84845.1,85117.0,84845.0,85115.5,106078.6
1745190900000,85115.5,85309.3,85066.9,85092.6,121715.2
1745191800000,85092.7,85162.3,85000.0,85125.0,50571.84
1745192700000,85125.0,85226.4,85040.4,85193.1,53004.06
1745193600000,85193.1,85398.0,85151.5,85339.9,134511.65
1745194500000,85339.8,86366.0,85339.8,86218.0,606781.53
1745195400000,86219.9,86850.0,86219.9,86687.3,661412.07
1745196300000,86687.4,87040.0,86548.1,86639.9,375978.74
1745197200000,86638.5,87288.0,86638.4,86972.0,368432.38
1745198100000,86972.1,87188.0,86837.0,87097.9,134792.28
1745199000000,87097.9,87424.2,87069.8,87268.4,227718.0
1745199900000,87268.4,87444.0,87170.0,87288.8,185804.01
1745200800000,87288.8,87440.0,87150.0,87287.9,169532.89
1745201700000,87288.0,87679.7,87225.1,87373.9,232566.57
1745202600000,87373.9,87500.0,87143.0,87184.5,145712.84
1745203500000,87184.4,87414.1,87170.0,87362.5,75037.54
1745204400000,87362.5,87634.0,87362.5,87431.2,133072.31
1745205300000,87431.2,87518.3,87375.0,87393.4,69327.04
1745206200000,87393.4,87460.0,87235.7,87260.0,75154.41
1745207100000,87260.0,87332.8,87167.5,87216.8,81179.26
1745208000000,87216.7,87347.9,87180.0,87263.2,60451.81
1745208900000,87263.3,87263.8,87118.7,87120.1,67433.89
1745209800000,87120.0,87318.0,87060.0,87263.3,76532.13
1745210700000,87263.4,87400.0,87229.8,87363.0,52446.65
1745211600000,87363.0,87510.0,87340.0,87377.1,75542.92
1745212500000,87377.1,87475.3,87377.1,87460.5,34980.61
1745213400000,87460.6,87511.0,87356.0,87473.9,36230.25
1745214300000,87474.0,87756.0,87473.9,87550.0,178981.46
1745215200000,87550.1,87715.1,87470.1,87491.6,86818.64
1745216100000,87491.7,87588.8,87450.0,87500.0,42069.05
1745217000000,87499.9,87525.7,87371.2,87420.0,59580.38
1745217900000,87419.9,87556.8,87419.9,87520.1,32519.46
1745218800000,87520.1,87620.0,87444.3,87487.8,46308.42
1745219700000,87487.8,87494.0,87350.0,87421.1,58558.37
1745220600000,87421.2,87561.9,87421.2,87550.1,57436.15
1745221500000,87550.0,87595.0,87438.0,87452.3,34766.92
1745222400000,87452.3,87632.6,87433.0,87534.0,53352.65
1745223300000,87534.1,87717.1,87469.3,87640.0,59925.9
1745224200000,87640.0,87665.7,87571.4,87591.9,34799.41
1745225100000,87591.9,87671.3,87555.1,87569.1,36345.66
1745226000000,87569.1,87799.9,87528.0,87544.0,114100.07
1745226900000,87544.1,87569.1,87310.7,87351.4,104212.46
1745227800000,87351.4,87438.0,87312.5,87400.0,71876.35
1745228700000,87400.0,87528.8,87399.9,87509.9,56915.22
1745229600000,87510.0,87582.0,87359.5,87421.9,70151.67
1745230500000,87421.8,87438.9,87268.2,87301.0,73294.29
1745231400000,87301.1,87326.1,87257.0,87271.1,62685.93
1745232300000,87271.0,87408.0,87264.0,87344.7,46215.33
1745233200000,87344.7,87353.0,87105.2,87155.0,97322.39
1745234100000,87154.9,87161.5,86650.0,86826.6,299506.16
1745235000000,86826.6,86933.7,86766.2,86933.6,100823.62
1745235900000,86933.6,87000.0,86890.0,86970.1,104587.78
1745236800000,86970.1,87439.6,86961.2,87327.8,253329.52
1745237700000,87327.8,87538.5,87266.7,87315.9,122899.44
1745238600000,87315.9,87393.6,87134.7,87173.0,83821.36
1745239500000,87173.0,87235.1,87018.2,87044.0,100833.82
1745240400000,87044.1,87100.7,86790.1,86939.4,146613.62
1745241300000,86939.5,87244.6,86839.7,87244.5,123423.12
1745242200000,87244.6,87579.0,86922.5,87439.1,378835.64
1745243100000,87439.1,87525.0,87035.0,87036.7,209280.63
1745244000000,87035.1,87683.0,86939.0,87679.5,274612.19
1745244900000,87679.4,88444.0,87530.6,88377.0,770669.41
1745245800000,88378.7,88474.3,88021.9,88130.0,394253.63
1745246700000,88132.9,88230.8,87799.0,88195.9,240039.76
1745247600000,88195.8,88287.8,87853.0,87874.9,185606.63
1745248500000,87874.9,88307.9,87862.3,88222.0,176147.84
1745249400000,88222.1,88324.5,88130.0,88150.0,110099.11
1745250300000,88150.1,88162.7,87907.0,88039.2,122331.14
1745251200000,88039.2,88253.0,87895.0,88123.0,125109.38
1745252100000,88123.0,88170.0,87677.4,87768.4,163585.59
1745253000000,87768.5,87937.7,87580.0,87591.6,152625.24
1745253900000,87591.8,87601.8,87043.7,87186.0,370306.17
1745254800000,87186.1,87186.1,86377.0,86856.1,718556.75
1745255700000,86856.1,87321.8,86755.8,87148.0,283727.02
1745256600000,87147.9,87266.7,86951.5,86966.8,109188.52
1745257500000,86966.8,87084.3,86704.8,86869.3,149664.83
1745258400000,86869.3,87008.4,86650.8,86933.1,129055.2
1745259300000,86933.0,87065.0,86800.2,86887.2,73130.32
1745260200000,86887.2,87035.7,86841.8,86930.8,57718.54
1745261100000,86930.8,86962.3,86800.0,86800.0,49963.55
1745262000000,86800.0,87155.3,86720.0,87050.0,122919.9
1745262900000,87050.0,87318.4,87011.4,87281.9,97331.72
1745263800000,87282.0,87440.3,87230.1,87255.3,105599.77
1745264700000,87255.4,87487.2,87230.0,87400.1,93709.02
1745265600000,87400.1,87438.4,87199.2,87201.6,74215.27
1745266500000,87201.6,87240.0,87151.5,87163.6,28113.14
1745267400000,87163.6,87272.9,87147.8,87239.9,23572.29
1745268300000,87239.9,87373.2,87202.0,87373.2,36010.47
1745269200000,87373.4,87392.9,87156.1,87160.7,25410.15
1745270100000,87160.7,87251.9,87153.8,87189.3,31071.97
1745271000000,87189.3,87282.7,86813.3,87187.2,83976.96
1745271900000,87187.1,87349.1,87183.3,87267.9,41308.64
1745272800000,87268.0,87286.5,86968.0,87107.2,71951.89
1745273700000,87107.1,87112.8,86922.2,86990.5,45110.09
1745274600000,86990.5,87098.9,86990.3,87074.9,29783.48
1745275500000,87074.9,87180.0,87061.1,87163.2,31119.96
1745276400000,87163.2,87214.4,87022.0,87214.4,59336.91
1745277300000,87214.3,87350.0,87196.7,87345.2,48720.31
1745278200000,87345.3,87352.9,87184.0,87262.7,39103.75
1745279100000,87262.8,87628.0,87235.6,87505.0,104468.09
1745280000000,87505.1,87700.0,87432.1,87510.0,111872.73
1745280900000,87510.0,87670.0,87480.0,87588.8,74324.65
1745281800000,87588.8,87588.9,87050.0,87379.4,190596.16
1745282700000,87379.2,87724.3,87210.0,87696.6,152010.18
1745283600000,87696.5,87840.8,87510.0,87752.6,119873.69
1745284500000,87752.6,88888.0,87751.5,88402.0,775414.22
1745285400000,88402.0,88547.4,88247.7,88467.9,169909.61
1745286300000,88467.8,88524.7,88305.1,88384.1,86379.07
1745287200000,88384.1,88699.9,88338.1,88360.2,139406.77
1745288100000,88360.2,88360.2,88012.0,88085.0,152291.8
1745289000000,88085.9,88219.5,87940.0,87950.0,119166.5
1745289900000,87950.0,88296.0,87905.6,88189.1,157087.03
1745290800000,88189.1,88276.7,87845.0,87920.0,156745.09
1745291700000,87920.1,88175.9,87899.9,88147.0,79271.62
1745292600000,88147.0,88288.0,88074.7,88249.9,47459.86
1745293500000,88250.0,88268.0,88086.6,88162.6,39283.26
1745294400000,88162.7,88379.6,88154.4,88226.9,85396.34
1745295300000,88226.9,88324.8,88167.1,88281.3,33445.65
1745296200000,88281.4,88312.0,88210.0,88274.3,37102.43
1745297100000,88274.3,88292.0,88041.1,88067.6,63289.27
1745298000000,88067.7,88181.0,87966.1,87966.1,69419.43
1745298900000,87966.2,88149.0,87964.0,88149.0,45971.09
1745299800000,88148.9,88358.0,88121.5,88290.0,75913.1
1745300700000,88289.9,88428.6,88268.1,88390.0,87508.47
1745301600000,88390.0,88464.9,88135.4,88155.8,182664.8
1745302500000,88155.8,88277.7,88066.0,88091.7,41807.34
1745303400000,88091.8,88139.4,87998.9,88057.1,93448.17
1745304300000,88057.0,88256.9,88021.1,88253.3,52497.11
1745305200000,88253.4,88280.0,88174.0,88178.9,43002.32
1745306100000,88179.0,88344.5,88169.6,88299.1,57152.02
1745307000000,88299.1,88499.0,88299.0,88466.0,111752.43
1745307900000,88465.9,88512.3,88377.3,88487.9,66086.55
1745308800000,88487.8,88627.1,88442.7,88539.0,120903.11
1745309700000,88539.0,88699.9,88379.4,88396.6,117433.59
1745310600000,88396.7,88496.0,88336.7,88370.9,66091.0
1745311500000,88371.0,88425.3,88300.0,88403.9,40354.64
1745312400000,88404.0,88510.4,88324.0,88350.9,52008.3
1745313300000,88350.9,88537.6,88324.0,88537.6,38303.65
1745314200000,88537.5,88570.4,88465.1,88522.9,30741.42
1745315100000,88523.0,88610.8,88491.6,88579.2,44918.66
1745316000000,88579.1,88594.9,88478.0,88594.8,41103.15
1745316900000,88594.9,88594.9,88234.6,88333.6,91198.24
1745317800000,88333.6,88570.0,88313.0,88522.1,49287.28
1745318700000,88522.1,88550.0,88454.6,88510.1,28901.49
1745319600000,88510.0,88588.8,88480.0,88521.4,38630.34
1745320500000,88521.3,88680.0,88521.3,88633.5,45257.07
1745321400000,88633.5,88666.0,88476.2,88498.7,38194.68
1745322300000,88498.7,88696.4,88498.6,88621.1,83932.55
1745323200000,88621.1,88700.0,88536.6,88638.7,78973.04
1745324100000,88638.7,88806.3,88601.2,88787.7,98478.75
1745325000000,88787.8,88946.5,88478.8,88709.5,245755.4
1745325900000,88709.5,89270.8,88658.2,88986.0,380864.18
1745326800000,88986.0,89700.0,88945.6,89688.0,443869.92
1745327700000,89688.0,89904.8,89470.5,89611.7,397834.66
1745328600000,89611.7,90203.0,89380.1,90159.9,741485.28
1745329500000,90159.9,90550.0,89911.5,90242.2,631981.68
1745330400000,90242.2,90479.9,90025.1,90475.5,283393.01
1745331300000,90472.0,90543.5,90184.7,90240.0,260079.02
1745332200000,90240.0,90857.0,90112.5,90694.0,451570.55
1745333100000,90694.0,90942.1,90590.8,90781.7,315813.11
1745334000000,90781.7,91413.3,90719.3,91369.5,674057.74
1745334900000,91369.5,91458.7,90900.0,90932.0,398802.86
1745335800000,90932.0,90988.0,90402.0,90464.1,388792.07
1745336700000,90462.0,90935.5,90439.8,90931.8,219565.38
1745337600000,90931.8,91043.4,90706.3,90815.0,200121.16
1745338500000,90815.0,90843.8,90626.8,90685.0,139380.15
1745339400000,90685.0,90823.0,90634.0,90816.8,67615.61
1745340300000,90816.8,90856.7,90650.0,90696.0,65996.9
1745341200000,90695.9,91048.4,90695.9,90831.5,155366.06
1745342100000,90831.6,90961.9,90649.9,90931.9,133095.1
1745343000000,90931.9,91395.0,90922.9,91285.6,245474.69
1745343900000,91285.6,91486.0,91197.2,91382.2,122474.34
1745344800000,91382.2,91680.0,91190.0,91209.9,295416.78
1745345700000,91209.9,91350.0,91134.8,91195.3,74815.49
1745346600000,91195.3,91465.8,91150.0,91450.0,76923.54
1745347500000,91450.0,91532.8,91293.9,91505.8,66916.34
1745348400000,91505.7,91720.9,91476.5,91538.6,130624.96
1745349300000,91538.6,91645.3,91451.0,91634.9,60428.6
1745350200000,91634.9,91658.0,90888.0,91196.1,198169.2
1745351100000,91196.1,91490.0,91149.9,91405.6,101285.62
1745352000000,91405.7,91503.4,91264.4,91285.5,74346.65
1745352900000,91285.5,91366.0,91156.1,91229.7,44044.75
1745353800000,91229.7,91256.8,91106.8,91188.1,33757.31
1745354700000,91188.1,91200.0,91050.0,91089.6,28612.19
1745355600000,91089.0,91320.9,91042.2,91216.0,43151.14
1745356500000,91216.0,91979.2,91216.0,91423.1,282814.35
1745357400000,91423.1,91666.0,91115.0,91665.9,165435.65
1745358300000,91665.9,94180.0,91652.1,93058.1,1297663.91
1745359200000,93058.1,93351.1,92562.0,92882.4,337505.39
1745360100000,92882.3,93103.0,92747.6,92915.6,146580.06
1745361000000,92915.6,93058.6,92638.0,92760.3,130545.18
1745361900000,92760.3,92913.1,92638.0,92800.0,71131.59
1745362800000,92800.0,93248.0,92800.0,93166.4,152351.82
1745363700000,93166.3,93750.0,92915.6,93634.1,373269.65
1745364600000,93634.0,93888.8,93450.0,93535.7,307075.35
1745365500000,93535.7,93692.3,93384.6,93461.2,135525.35
1745366400000,93462.0,93801.9,93400.0,93492.4,152964.85
1745367300000,93492.4,93929.7,93268.0,93328.9,216723.94
1745368200000,93328.9,93446.2,93123.1,93146.0,129440.15
1745369100000,93146.1,93236.1,92815.0,92929.4,145881.72
1745370000000,92929.4,93526.1,92880.4,93235.1,166751.4
1745370900000,93235.1,93370.0,93124.8,93312.2,63773.17
1745371800000,93312.1,93316.4,92950.0,93033.2,62569.8
1745372700000,93033.3,93102.4,92608.6,92660.1,149889.73
1745373600000,92660.2,92928.0,92638.0,92925.8,117299.51
1745374500000,92925.8,93292.7,92875.0,93022.5,150991.97
1745375400000,93022.5,93032.7,92805.5,92905.7,73204.17
1745376300000,92905.7,93058.1,92854.3,92892.1,50875.14
1745377200000,92892.1,92892.1,92701.0,92735.6,86016.95
1745378100000,92735.6,92956.9,92710.0,92950.5,51998.85
1745379000000,92950.4,93130.0,92857.4,93046.9,66818.97
1745379900000,93047.0,93241.1,93019.2,93183.8,55110.18
1745380800000,93183.8,93279.9,93076.9,93172.4,61159.97
1745381700000,93172.4,93229.1,93022.4,93081.3,55834.23
1745382600000,93081.3,93230.8,93081.3,93170.0,46308.45
1745383500000,93170.0,93695.7,93161.0,93663.5,219445.96
1745384400000,93663.5,93663.5,93387.3,93459.9,149298.7
1745385300000,93459.9,93483.4,93355.0,93414.4,61443.94
1745386200000,93414.4,93522.0,93288.8,93341.4,78065.5
1745387100000,93341.4,93586.4,93313.6,93500.0,86526.65
1745388000000,93500.0,93785.8,93439.0,93730.0,136017.5
1745388900000,93730.0,93875.0,93620.0,93741.9,94265.79
1745389800000,93742.0,93838.2,93591.1,93635.4,89204.83
1745390700000,93635.4,93742.4,93572.0,93630.9,50997.29
1745391600000,93630.9,93820.0,93508.0,93529.9,108887.33
1745392500000,93530.0,93600.0,93480.0,93562.6,71943.66
1745393400000,93562.5,93968.0,93554.0,93705.9,150122.25
1745394300000,93705.9,94350.0,93700.0,94144.9,273774.69
1745395200000,94144.9,94465.0,93917.0,94393.0,246559.1
1745396100000,94393.0,94555.0,94127.0,94229.3,232544.19
1745397000000,94229.2,94303.0,94118.0,94286.8,70064.26
1745397900000,94286.9,94441.2,94188.0,94283.2,74592.66
1745398800000,94283.3,94400.0,94239.3,94318.1,50309.08
1745399700000,94318.0,94318.1,94139.8,94139.8,63045.29
1745400600000,94139.9,94205.6,93958.6,94047.9,115075.5
1745401500000,94047.9,94134.5,93899.4,93899.7,68473.74
1745402400000,93899.7,93900.0,93356.0,93441.4,304956.58
1745403300000,93441.5,93710.0,93408.5,93662.5,109966.08
1745404200000,93662.5,93710.0,93525.0,93585.9,61176.01
1745405100000,93585.9,93763.9,93536.0,93746.3,75030.49
1745406000000,93746.2,93780.0,93615.4,93640.0,51587.85
1745406900000,93640.0,93790.0,93612.5,93620.1,62929.18
1745407800000,93620.1,93629.8,93443.1,93486.1,78395.44
1745408700000,93486.0,93540.2,93340.0,93484.0,105679.38
1745409600000,93484.0,93858.0,93436.4,93792.0,131303.56
1745410500000,93792.0,93800.0,93625.7,93727.1,93778.67
1745411400000,93727.2,93870.3,93605.7,93627.7,71808.43
1745412300000,93627.8,93782.0,93627.8,93733.5,78807.39
1745413200000,93733.5,94024.0,93690.0,93967.8,144549.28
1745414100000,93967.8,94174.2,93885.4,93999.9,142540.41
1745415000000,93999.9,94800.0,93359.6,93451.8,1028959.47
1745415900000,93451.9,94031.0,92880.0,93036.7,541800.55
1745416800000,93037.3,93661.5,92887.9,93301.1,350727.83
1745417700000,93301.2,93330.5,92680.0,93149.3,305130.68
1745418600000,93149.3,93243.4,92777.3,93209.9,157022.81
1745419500000,93210.0,93221.9,92903.5,92942.5,93011.27
1745420400000,92942.5,92948.2,92558.0,92624.0,253374.71
1745421300000,92624.0,92674.7,91945.4,92173.9,539753.81
1745422200000,92173.9,92819.0,92027.6,92597.3,324689.0
1745423100000,92597.2,93242.0,92555.0,93188.5,255098.64
1745424000000,93188.4,93348.8,92980.0,93143.8,177188.94
1745424900000,93143.9,93396.8,92913.0,93380.0,129862.54
1745425800000,93380.1,93800.0,93302.0,93536.0,206734.9
1745426700000,93536.0,93766.0,93522.9,93631.3,102447.13
1745427600000,93631.0,93944.8,93438.7,93867.4,180561.1
1745428500000,93867.4,93930.0,93713.3,93771.9,61511.87
1745429400000,93772.0,93900.0,93585.4,93778.2,76357.7
1745430300000,93778.2,93967.4,93702.6,93889.7,60480.1
1745431200000,93889.8,94235.9,93834.8,94046.1,128442.74
1745432100000,94046.0,94214.4,93895.3,93900.0,65998.18
1745433000000,93900.0,93968.9,93688.0,93694.0,59357.13
1745433900000,93694.0,93772.0,93613.7,93613.8,54233.41
1745434800000,93613.8,93614.0,93271.3,93271.3,85869.78
1745435700000,93271.3,93390.4,92955.0,92998.0,126850.08
1745436600000,92997.9,93417.2,92971.0,93403.0,69241.97
1745437500000,93403.1,93620.1,93350.0,93477.7,87449.76
1745438400000,93477.6,93637.6,93461.4,93636.1,56618.7
1745439300000,93636.0,93865.1,93636.0,93719.3,67675.8
1745440200000,93719.3,93854.5,93661.0,93673.6,36792.59
1745441100000,93673.6,93735.3,93567.4,93625.0,38264.74
1745442000000,93625.0,93928.7,93547.9,93838.1,55479.03
1745442900000,93838.1,93867.3,93704.4,93740.0,21483.98
1745443800000,93740.0,93794.2,93354.0,93509.1,52677.73
1745444700000,93509.1,93649.6,93269.2,93479.0,33810.98
1745445600000,93479.0,93519.9,93230.7,93269.9,56954.31
1745446500000,93269.9,93484.6,93269.8,93413.6,25424.53
1745447400000,93413.6,93727.5,93400.0,93727.4,52259.74
1745448300000,93727.5,93797.6,93708.0,93797.6,25516.04
1745449200000,93797.6,93860.6,93684.3,93808.0,34772.81
1745450100000,93807.9,93828.0,93674.4,93704.6,23539.41
1745451000000,93704.6,93704.7,93538.5,93585.8,41172.41
1745451900000,93585.9,93695.7,93513.3,93683.6,26047.52
1745452800000,93683.6,93778.0,93382.0,93434.0,73384.84
1745453700000,93434.0,93639.6,93270.1,93304.1,62161.41
1745454600000,93304.1,93650.0,93236.0,93624.1,57449.96
1745455500000,93624.1,93640.0,93352.4,93367.9,38913.52
1745456400000,93367.9,93457.5,93180.1,93246.6,69534.79
1745457300000,93246.5,93291.5,93076.0,93291.5,71786.47
1745458200000,93291.5,93480.0,93291.5,93460.1,49494.27
1745459100000,93460.1,93631.9,93313.1,93500.0,61532.16
1745460000000,93500.0,93620.0,93350.0,93595.4,79184.24
1745460900000,93595.5,93645.4,93440.0,93519.4,32923.37
1745461800000,93519.4,93543.4,93226.0,93258.8,42037.39
1745462700000,93258.8,93318.3,93043.5,93106.0,92631.54
1745463600000,93106.0,93322.3,93090.7,93142.6,62455.47
1745464500000,93142.6,93284.6,93139.6,93284.6,36183.19
1745465400000,93284.5,93284.6,92836.9,92840.0,103618.04
1745466300000,92840.0,92995.0,92600.0,92659.3,206415.62
1745467200000,92659.3,92825.0,92369.0,92659.8,238701.62
1745468100000,92659.8,92796.1,92415.0,92713.3,183749.71
1745469000000,92713.3,92819.4,92528.5,92622.1,83083.99
1745469900000,92622.0,92770.0,92572.1,92741.5,34328.66
1745470800000,92741.4,92888.0,92741.4,92848.3,63652.49
1745471700000,92848.4,92881.5,92510.0,92600.0,59745.83
1745472600000,92599.9,92720.0,92574.0,92638.6,33932.29
1745473500000,92638.7,92720.0,92540.0,92571.5,41345.33
1745474400000,92571.5,92628.0,92420.3,92495.5,46329.35
1745475300000,92495.5,92640.7,92230.4,92617.9,141962.52
1745476200000,92618.0,92665.8,92373.4,92382.5,70672.73
1745477100000,92382.4,92536.0,92300.0,92375.4,80258.4
1745478000000,92375.4,92600.0,92272.2,92599.9,79520.6
1745478900000,92599.9,92627.2,92276.1,92369.0,68630.16
1745479800000,92369.0,92450.0,92157.0,92250.3,98584.6
1745480700000,92250.3,92250.3,92048.8,92185.4,145478.76
1745481600000,92185.4,92349.8,92080.0,92095.3,114188.09
1745482500000,92095.2,92190.0,91860.0,91866.6,145184.26
1745483400000,91866.5,92196.5,91750.1,91878.6,331827.98
1745484300000,91878.7,92136.9,91640.1,92026.9,306888.79
1745485200000,92027.0,92298.1,91980.1,92282.1,140501.7
1745486100000,92282.1,92580.7,92268.6,92385.2,181732.83
1745487000000,92385.2,92580.0,92322.0,92343.3,70486.83
1745487900000,92343.3,92512.8,92241.4,92467.3,84496.8
1745488800000,92467.4,92525.5,92358.7,92416.5,66662.27
1745489700000,92416.6,92608.1,92415.5,92542.9,69213.35
1745490600000,92543.0,92640.8,92400.0,92616.2,51980.11
1745491500000,92616.2,92647.9,92450.6,92534.8,64685.66
1745492400000,92534.7,92549.8,92300.0,92343.6,89380.53
1745493300000,92343.7,92437.0,92266.7,92429.9,43820.77
1745494200000,92429.9,92572.1,92270.8,92444.6,74283.09
1745495100000,92444.6,92621.6,92444.6,92599.9,48286.99
1745496000000,92600.0,92668.7,92414.7,92593.0,75636.34
1745496900000,92593.0,92713.6,92489.5,92570.6,70025.38
1745497800000,92570.7,92796.3,92500.0,92650.3,92982.31
1745498700000,92650.4,92755.8,92580.0,92755.8,38393.14
1745499600000,92755.7,92819.1,92638.0,92718.4,78105.5
1745500500000,92718.4,92810.0,92700.1,92724.0,40853.15
1745501400000,92723.9,92944.9,92550.0,92799.3,179053.74
1745502300000,92799.4,92870.0,92514.1,92790.4,106815.57
1745503200000,92790.4,93228.0,92627.9,92774.6,336775.7
1745504100000,92774.6,92947.8,92600.0,92802.0,162601.34
1745505000000,92801.9,93130.4,92787.5,93109.6,127222.4
1745505900000,93109.5,93378.6,92940.5,93078.8,197218.38
1745506800000,93079.5,93433.0,92988.0,93266.8,132378.86
1745507700000,93266.8,93395.3,93088.0,93100.9,91912.44
1745508600000,93101.0,93316.7,93030.1,93222.7,67540.29
1745509500000,93222.7,93314.3,93116.4,93171.0,59552.26
1745510400000,93171.1,93439.2,93171.0,93439.1,79342.9
1745511300000,93439.1,93518.0,93362.0,93499.2,111257.58
1745512200000,93499.3,93614.2,93409.4,93488.9,127574.09
1745513100000,93488.9,93542.0,93317.1,93317.1,58240.77
1745514000000,93317.1,93407.7,92915.9,92915.9,131717.69
1745514900000,92916.0,93073.9,92737.2,93008.1,147767.18
1745515800000,93008.0,93066.0,92666.5,92747.5,61314.78
1745516700000,92747.5,93000.1,92649.1,92987.1,94196.99
1745517600000,92987.2,93341.4,92967.6,93307.3,72289.88
1745518500000,93307.2,93381.2,93162.1,93206.4,78124.5
1745519400000,93206.4,93288.0,93150.0,93262.0,24939.05
1745520300000,93262.0,93446.0,93237.5,93352.7,52775.14
1745521200000,93352.7,93433.2,93172.4,93209.6,51217.91
1745522100000,93209.6,93500.0,93187.4,93463.6,40163.4
1745523000000,93463.6,93574.4,93460.9,93558.7,57670.2
1745523900000,93557.7,93676.5,93467.1,93538.8,98499.25
1745524800000,93538.2,93634.1,93423.0,93426.9,86908.73
1745525700000,93427.0,93441.0,93299.2,93427.6,28896.47
1745526600000,93427.6,93438.9,93293.8,93394.0,19618.78
1745527500000,93394.1,93530.8,93368.4,93373.2,39212.1
1745528400000,93373.2,93547.0,93333.0,93523.2,26615.28
1745529300000,93523.1,93548.0,93000.1,93151.1,62256.51
1745530200000,93151.2,93383.9,93104.8,93191.5,44168.09
1745531100000,93191.4,93340.0,93191.4,93340.0,15701.68
1745532000000,93339.9,93522.8,93262.1,93473.4,46708.08
1745532900000,93473.4,93533.3,93414.2,93508.8,26096.61
1745533800000,93508.7,93558.0,93403.0,93412.7,70150.19
1745534700000,93412.7,93427.5,93271.0,93400.0,60771.01
1745535600000,93399.9,93515.0,93343.9,93493.0,51962.78
1745536500000,93493.0,93700.0,93430.4,93653.3,115125.33
1745537400000,93653.3,93982.6,93619.5,93863.5,209968.1
1745538300000,93863.5,93968.5,93778.0,93960.1,94805.05
1745539200000,93960.1,94000.0,93621.6,93690.1,106689.34
1745540100000,93690.1,93724.0,93504.7,93631.6,65521.01
1745541000000,93631.6,93906.1,93590.9,93880.0,52189.41
1745541900000,93880.0,93900.0,93747.8,93879.9,33535.09
1745542800000,93879.9,94410.0,93828.4,94139.2,271136.74
1745543700000,94139.3,94202.1,93611.0,93658.9,255815.88
1745544600000,93658.9,93789.9,93570.0,93763.6,44536.26
1745545500000,93763.7,93841.9,93606.4,93626.7,57572.03
1745546400000,93626.7,93858.7,93522.0,93522.1,99151.51
1745547300000,93522.0,93526.2,93116.9,93291.0,143686.56
1745548200000,93291.1,93300.0,93010.1,93211.0,153556.85
1745549100000,93211.0,93290.5,92838.0,92946.8,166629.36
1745550000000,92946.9,93118.0,92801.0,93075.0,87470.56
1745550900000,93075.0,93162.1,92869.6,93082.4,130396.84
1745551800000,93082.3,93400.0,93073.9,93275.4,127418.31
1745552700000,93275.5,93354.0,93230.0,93275.0,47805.88
1745553600000,93274.9,93481.0,93219.0,93437.8,130747.49
1745554500000,93437.8,93437.9,93114.3,93180.1,107567.25
1745555400000,93180.0,93201.1,93019.5,93154.9,63599.29
1745556300000,93154.9,93172.7,93000.0,93016.0,30721.48
1745557200000,93016.1,93342.9,92970.0,93302.4,83194.68
1745558100000,93302.4,93400.0,93262.3,93358.7,60331.48
1745559000000,93358.7,93375.0,93211.1,93242.0,35321.98
1745559900000,93241.9,93290.7,93162.6,93164.1,19628.3
1745560800000,93164.1,93373.7,93154.8,93295.1,33933.9
1745561700000,93295.1,93418.9,93170.1,93399.8,41813.2
1745562600000,93399.8,93550.8,93388.4,93499.9,71155.43
1745563500000,93499.9,93580.0,93411.0,93499.9,44933.81
1745564400000,93500.0,93756.8,93499.9,93556.0,139183.44
1745565300000,93556.1,93627.0,93465.9,93472.7,86669.84
1745566200000,93472.7,93683.0,93458.1,93660.0,121066.88
1745567100000,93660.0,93868.1,93523.4,93758.6,185937.49
1745568000000,93758.6,93871.9,93594.0,93614.6,78351.19
1745568900000,93614.7,93798.3,93593.5,93769.5,58507.17
1745569800000,93769.6,93787.6,93650.0,93664.2,36131.56
1745570700000,93664.2,93718.3,93620.0,93659.6,50002.22
1745571600000,93659.5,93659.6,93533.6,93641.7,69175.5
1745572500000,93641.7,93641.7,93510.0,93618.7,39873.77
1745573400000,93618.8,93839.9,93609.2,93678.0,75110.76
1745574300000,93678.0,93848.1,93633.8,93789.1,43943.44
1745575200000,93789.1,93836.4,93654.9,93716.6,49381.34
1745576100000,93716.6,93943.9,93625.3,93652.8,69510.44
1745577000000,93652.8,93720.3,93558.0,93634.0,68363.18
1745577900000,93633.9,93724.4,93507.8,93601.0,72306.04
1745578800000,93600.9,93983.7,93600.9,93983.6,124519.82
1745579700000,93983.7,94167.0,93907.4,94140.5,148722.9
1745580600000,94140.6,94249.7,94040.2,94195.7,109517.17
1745581500000,94195.7,94625.4,94179.9,94591.3,185553.92
1745582400000,94591.2,94970.5,94463.7,94761.9,403431.92
1745583300000,94762.0,94911.8,94333.0,94420.1,267196.02
1745584200000,94420.0,94777.7,94344.0,94729.8,109894.5
1745585100000,94729.8,94800.0,94211.1,94368.9,167998.0
1745586000000,94368.9,94540.7,94183.9,94274.0,153269.86
1745586900000,94273.9,94467.8,94133.4,94160.0,84343.71
1745587800000,94160.0,94525.9,93881.5,94401.1,231208.07
1745588700000,94401.1,94649.0,94200.0,94350.1,184224.49
1745589600000,94350.1,95321.0,94338.2,95273.9,533770.25
1745590500000,95274.0,95274.0,94518.3,94657.9,431783.29
1745591400000,94657.9,95263.7,94516.1,95232.0,270555.3
1745592300000,95231.9,95737.2,95100.0,95332.9,462267.76
1745593200000,95333.0,95629.2,95206.0,95464.6,197750.33
1745594100000,95464.6,95494.1,95171.7,95255.1,112095.56
1745595000000,95255.0,95349.0,94764.3,94933.9,243922.59
1745595900000,94933.9,95120.4,94908.7,95020.6,120889.28
1745596800000,95020.7,95185.5,94865.0,94865.0,121873.36
1745597700000,94865.1,95061.1,94675.5,95060.2,117616.09
1745598600000,95060.1,95350.0,94977.2,95323.2,95379.5
1745599500000,95323.2,95323.4,95142.9,95174.8,55860.96
1745600400000,95174.9,95465.6,95150.9,95412.4,118791.84
1745601300000,95412.5,95528.1,95362.0,95380.0,80033.27
1745602200000,95380.1,95380.1,94714.7,94800.2,179312.24
1745603100000,94800.2,94807.1,94333.5,94493.5,203874.26
1745604000000,94493.5,94707.3,94493.5,94653.9,72067.49
1745604900000,94653.9,94876.3,94613.8,94825.4,70972.03
1745605800000,94825.5,95164.8,94788.8,95149.8,107468.07
1745606700000,95149.8,95183.9,94872.0,94930.0,77817.99
1745607600000,94930.1,95274.9,94930.1,94982.4,77791.12
1745608500000,94982.4,95068.2,94827.2,95010.1,63044.21
1745609400000,95010.1,95134.4,94920.0,95078.7,30439.09
1745610300000,95078.8,95260.8,94940.0,95239.5,48066.45
1745611200000,95239.5,95295.3,95000.0,95011.0,56147.36
1745612100000,95011.1,95054.4,94853.4,94910.0,98707.1
1745613000000,94910.1,94971.5,94724.4,94729.6,42670.03
1745613900000,94729.6,94898.8,94729.5,94820.1,24239.61
1745614800000,94820.1,94990.2,94751.9,94882.7,36203.97
1745615700000,94882.6,94900.0,94626.0,94644.0,33526.48
1745616600000,94643.9,94796.8,94618.0,94657.3,33750.56
1745617500000,94657.4,94750.0,94410.0,94559.1,47812.1
1745618400000,94559.2,94762.0,94540.3,94756.1,30773.02
1745619300000,94756.1,94847.0,94656.9,94788.3,19462.94
1745620200000,94788.3,94926.5,94784.0,94900.9,28036.98
1745621100000,94900.8,94912.0,94794.0,94799.9,15248.11
1745622000000,94799.9,94933.1,94720.0,94807.1,36720.42
1745622900000,94807.0,94807.1,94584.0,94690.9,27542.44
1745623800000,94691.0,94732.0,94567.5,94729.4,26670.63
1745624700000,94729.3,94730.0,94543.0,94601.9,39586.5
1745625600000,94601.9,94762.0,94590.0,94762.0,35648.87
1745626500000,94761.9,94782.6,94604.0,94679.3,26858.56
1745627400000,94679.3,94700.0,94514.1,94525.9,43195.1
1745628300000,94525.8,94914.7,94520.0,94860.0,59862.51
1745629200000,94859.9,94928.0,94720.0,94846.0,47069.96
1745630100000,94846.0,95068.1,94788.0,94982.0,97022.45
1745631000000,94982.0,95171.4,94981.9,95000.0,61311.2
1745631900000,95000.0,95080.0,94950.0,94971.6,23435.15
1745632800000,94971.6,94971.6,94726.1,94726.1,46967.88
1745633700000,94726.2,94865.9,94666.0,94837.2,36114.1
1745634600000,94837.2,95125.4,94800.1,95045.5,44241.53
1745635500000,95045.5,95045.5,94900.0,94942.0,30499.62
1745636400000,94942.0,95018.3,94866.2,94958.0,19179.91
1745637300000,94958.0,94958.1,94718.0,94755.9,55727.18
1745638200000,94756.0,94756.0,94701.0,94712.2,28019.64
1745639100000,94712.2,94766.2,94668.1,94701.4,23292.27
1745640000000,94701.5,94806.1,94666.0,94709.4,37055.37
1745640900000,94709.4,94709.4,94584.4,94600.1,36246.25
1745641800000,94600.0,94663.2,94500.1,94660.0,69057.16
1745642700000,94660.0,94683.2,94488.0,94502.9,44033.58
1745643600000,94502.9,94615.7,94470.0,94479.3,58248.4
1745644500000,94479.4,94568.8,94323.8,94518.8,78332.24
1745645400000,94518.7,94668.0,94518.7,94608.2,47193.71
1745646300000,94606.5,94676.9,94572.8,94591.9,26891.27
1745647200000,94591.9,94675.0,94550.0,94667.9,23651.22
1745648100000,94667.9,94668.0,94557.6,94566.0,14945.88
1745649000000,94566.0,94668.0,94564.9,94597.2,22719.75
1745649900000,94597.2,94719.4,94592.3,94600.0,31978.77
1745650800000,94600.1,94730.8,94592.3,94730.0,42804.06
1745651700000,94730.0,94730.1,94635.9,94664.0,31994.77
1745652600000,94664.0,94769.9,94600.0,94734.8,33911.68
1745653500000,94734.7,94734.8,94511.4,94516.4,38411.49
1745654400000,94516.3,94602.6,94367.9,94563.6,64036.37
1745655300000,94563.6,94700.0,94485.0,94608.7,58681.77
1745656200000,94608.8,94640.1,94307.5,94350.1,95647.06
1745657100000,94350.0,94355.3,94216.2,94275.0,98998.96
1745658000000,94275.1,94318.0,94151.8,94301.6,100911.45
1745658900000,94301.6,94380.0,94200.0,94216.1,43548.4
1745659800000,94216.1,94216.2,94070.3,94143.7,76335.17
1745660700000,94143.8,94249.9,94075.2,94242.0,34549.94
1745661600000,94244.0,94325.0,94094.0,94223.8,54058.06
1745662500000,94223.8,94345.0,94169.1,94245.8,27578.02
1745663400000,94245.8,94350.0,94194.0,94349.9,26037.37
1745664300000,94349.9,94365.9,94172.0,94172.1,47008.57
1745665200000,94172.1,94216.6,94116.2,94116.2,34637.66
1745666100000,94116.2,94217.4,94080.9,94094.4,49976.62
1745667000000,94094.4,94210.5,93969.0,94019.6,110981.96
1745667900000,94019.6,94150.0,93942.7,94114.2,95381.11
1745668800000,94114.1,94264.8,94086.0,94196.7,93415.96
1745669700000,94196.7,94294.4,94138.4,94270.1,54594.26
1745670600000,94270.1,94277.0,94150.0,94198.4,40103.44
1745671500000,94198.4,94242.9,94077.5,94206.6,25126.24
1745672400000,94206.5,94268.5,94142.6,94203.8,27145.24
1745673300000,94203.7,94203.7,94028.6,94028.7,42430.88
1745674200000,94028.6,94124.0,93925.1,93944.9,68336.14
1745675100000,93944.9,94109.0,93825.0,94108.9,127228.34
1745676000000,94109.0,94170.0,93878.4,93995.1,65726.02
1745676900000,93995.2,94096.8,93884.1,94079.9,38185.93
1745677800000,94079.8,94213.5,94024.1,94167.0,45986.66
1745678700000,94167.0,94231.9,94138.9,94195.4,27077.69
1745679600000,94195.4,94332.9,94195.4,94288.2,40620.22
1745680500000,94288.2,94362.8,94121.8,94349.8,112525.29
1745681400000,94349.8,94349.9,94200.0,94217.9,20265.6
1745682300000,94217.9,94371.9,94191.3,94330.1,37877.19
1745683200000,94330.1,94337.5,94200.0,94210.0,36276.73
1745684100000,94210.0,94314.7,94200.0,94297.3,29801.69
1745685000000,94297.4,94297.4,93990.1,94111.9,65275.69
1745685900000,94111.9,94334.7,94083.5,94255.5,33015.15
1745686800000,94255.4,94313.8,94208.3,94220.5,19812.65
1745687700000,94220.5,94344.0,94181.7,94288.0,29149.5
1745688600000,94288.0,94323.0,94241.0,94310.0,11695.29
1745689500000,94309.9,94336.7,94256.7,94288.0,11076.68
1745690400000,94288.0,94349.2,94211.8,94214.1,22814.92
1745691300000,94214.2,94321.8,94186.2,94288.7,20011.59
1745692200000,94288.7,94318.1,94200.0,94200.1,7945.87
1745693100000,94200.1,94200.1,94088.1,94112.4,42271.11
1745694000000,94112.3,94181.2,94051.0,94115.7,26588.22
1745694900000,94115.7,94184.6,94087.1,94182.6,14379.67
1745695800000,94182.6,94258.0,94145.6,94230.1,27440.23
1745696700000,94230.1,94288.0,94180.7,94258.4,18119.03
1745697600000,94258.3,94348.0,94221.8,94228.7,15983.45
1745698500000,94228.7,94239.6,94164.4,94196.0,12374.66
1745699400000,94196.0,94200.0,94134.9,94174.2,20194.43
1745700300000,94174.2,94200.0,94035.5,94039.0,62093.89
1745701200000,94039.0,94229.3,94038.9,94227.9,31663.29
1745702100000,94227.9,94268.6,94126.4,94174.5,73180.99
1745703000000,94174.5,94300.0,94161.1,94290.0,22408.51
1745703900000,94289.9,94300.0,94236.1,94299.9,18978.97
1745704800000,94300.0,94548.3,94299.9,94530.2,77815.08
1745705700000,94530.1,94685.4,94450.0,94595.0,72929.82
1745706600000,94594.1,94733.0,94551.9,94716.0,34154.39
1745707500000,94716.1,94740.0,94568.5,94730.6,43836.88
1745708400000,94730.6,94855.5,94634.1,94642.4,78172.7
1745709300000,94642.4,94733.6,94612.0,94690.1,27134.39
1745710200000,94690.1,94690.2,94500.0,94571.9,37462.69
1745711100000,94572.0,94588.0,94510.0,94582.0,16970.39
1745712000000,94582.0,94770.0,94527.2,94735.1,42430.71
1745712900000,94735.0,94937.8,94722.3,94899.7,105028.75
1745713800000,94899.7,94924.3,94769.1,94887.9,43553.17
1745714700000,94887.9,94909.1,94780.0,94822.6,25311.5
1745715600000,94822.7,95224.9,94772.0,95069.1,140850.4
1745716500000,95069.1,95276.3,94567.0,94690.1,195917.57
1745717400000,94690.2,94724.4,94200.1,94492.0,151152.2
1745718300000,94492.0,94511.9,94004.3,94090.7,137218.04
1745719200000,94090.7,94365.7,94020.0,94365.6,91117.05
1745720100000,94365.7,94430.0,94263.4,94300.1,58794.43
1745721000000,94300.1,94401.4,94233.9,94280.8,29932.81
1745721900000,94280.8,94315.0,94121.8,94315.0,24066.23
1745722800000,94315.0,94437.1,94239.4,94316.6,27008.35
1745723700000,94316.5,94384.0,94112.3,94179.2,37447.47
1745724600000,94179.2,94249.9,94125.3,94215.2,24098.0
1745725500000,94215.2,94248.0,94095.2,94119.4,36673.94
1745726400000,94119.3,94238.0,94090.0,94237.9,28727.52
1745727300000,94238.0,94258.6,94167.7,94173.1,19612.83
1745728200000,94173.1,94182.5,94056.0,94059.1,39326.32
1745729100000,94059.1,94111.2,93953.3,93980.0,81919.11
1745730000000,93980.1,94149.4,93948.1,94008.5,53856.38
1745730900000,94008.4,94110.1,93627.0,93764.8,180779.28
1745731800000,93764.8,93937.9,93611.0,93905.4,72620.77
1745732700000,93905.3,93981.9,93820.0,93888.6,43665.68
1745733600000,93889.2,94035.1,93862.0,93985.6,33188.64
1745734500000,93985.6,94068.3,93928.2,93980.0,57508.6
1745735400000,93980.1,93984.0,93905.0,93923.7,18631.23
1745736300000,93923.7,94000.0,93834.0,93990.0,36103.81
1745737200000,93990.0,94074.4,93897.0,93972.6,38901.96
1745738100000,93972.7,94101.8,93970.0,94070.7,35523.72
1745739000000,94070.7,94109.6,94000.0,94030.0,21395.71
1745739900000,94030.0,94111.0,93974.0,94035.6,27179.81
1745740800000,94035.7,94165.0,93980.0,94131.9,39187.96
1745741700000,94131.9,94222.0,94067.0,94172.9,55794.68
1745742600000,94172.9,94236.0,94102.0,94222.9,45450.0
1745743500000,94222.9,94299.9,94156.2,94168.0,31239.69
1745744400000,94168.0,94178.1,94073.1,94078.6,25971.05
1745745300000,94078.6,94174.2,94077.8,94084.5,18968.36
1745746200000,94084.5,94203.2,94060.7,94203.2,27881.26
1745747100000,94203.1,94203.2,94075.4,94130.0,12950.23
1745748000000,94130.0,94151.2,94057.5,94084.8,39139.32
1745748900000,94084.9,94105.0,93983.9,93984.3,30761.01
1745749800000,93984.4,94027.4,93907.4,93989.0,34125.79
1745750700000,93989.0,94028.6,93929.2,94018.1,29451.49
1745751600000,94018.1,94052.6,93900.4,93928.8,26957.77
1745752500000,93928.8,93976.1,93835.1,93921.4,47721.81
1745753400000,93921.3,94032.4,93870.1,93885.0,42635.76
1745754300000,93885.1,93997.7,93870.0,93881.4,20138.15
1745755200000,93881.4,93892.6,93769.6,93788.6,83669.86
1745756100000,93788.5,93838.9,93729.8,93742.3,46793.93
1745757000000,93742.2,93839.9,93620.0,93806.9,119259.76
1745757900000,93806.9,93950.0,93674.0,93706.9,63420.78
1745758800000,93706.8,93843.1,93538.4,93784.1,113782.22
1745759700000,93784.0,93871.4,93666.0,93780.5,51153.96
1745760600000,93780.5,93985.8,93752.1,93925.5,60720.24
1745761500000,93925.5,94060.2,93855.0,94022.0,75718.53
1745762400000,94022.0,94074.4,93886.9,93908.0,60253.78
1745763300000,93908.1,94137.2,93908.0,94012.0,76245.54
1745764200000,94012.1,94090.1,93963.0,93978.0,23208.32
1745765100000,93978.0,93994.0,93906.4,93938.4,23363.15
1745766000000,93938.4,93960.0,93786.0,93818.0,54579.47
1745766900000,93818.1,93934.4,93744.3,93744.4,34140.35
1745767800000,93744.4,93843.8,93740.0,93835.7,35518.48
1745768700000,93835.7,93898.0,93831.1,93847.5,28319.27
1745769600000,93847.5,93888.0,93811.4,93888.0,19511.99
1745770500000,93888.0,93888.0,93735.6,93798.1,43884.92
1745771400000,93798.1,93845.0,93706.0,93841.7,30853.17
1745772300000,93841.7,93907.7,93685.3,93849.2,74867.85
1745773200000,93849.2,94100.0,93763.7,94061.7,86281.5
1745774100000,94061.7,94123.7,93984.9,94023.9,49999.58
1745775000000,94023.9,94064.3,93942.8,93994.8,16657.99
1745775900000,93994.8,94055.5,93954.9,94001.3,15616.43
1745776800000,94001.3,94116.0,93950.3,94116.0,26405.79
1745777700000,94116.0,94180.0,94083.8,94130.0,33624.88
1745778600000,94130.0,94397.9,94129.9,94329.9,71508.35
1745779500000,94329.9,94355.0,94234.0,94254.7,33191.39
1745780400000,94254.7,94285.6,94203.2,94215.0,22430.3
1745781300000,94215.0,94314.0,94159.1,94297.6,20816.38
1745782200000,94297.6,94388.7,94278.4,94324.8,33103.85
1745783100000,94324.8,94394.0,94324.7,94390.0,17278.9
1745784000000,94390.0,94391.0,94229.4,94267.9,19343.27
1745784900000,94267.9,94337.0,94213.5,94239.9,25314.06
1745785800000,94240.0,94329.9,94239.9,94280.5,20100.51
1745786700000,94280.6,94350.0,94209.9,94210.0,11450.52
1745787600000,94210.0,94222.0,94140.1,94140.2,25702.86
1745788500000,94140.2,94315.5,94108.7,94310.4,30512.69
1745789400000,94310.4,94461.9,94310.3,94446.4,47527.2
1745790300000,94446.4,94500.0,94269.2,94280.4,87247.78
1745791200000,94280.5,94295.6,93859.5,93883.6,102189.29
1745792100000,93883.7,93977.9,93756.9,93777.9,127567.31
1745793000000,93777.9,93927.5,93588.9,93927.5,66675.73
1745793900000,93927.5,93971.2,93876.8,93892.6,27781.13
1745794800000,93892.6,93892.6,93650.0,93666.0,61470.84
1745795700000,93666.0,93820.8,93612.5,93788.0,41329.48
1745796600000,93788.0,93849.0,93669.4,93680.1,22903.12
1745797500000,93680.1,93774.4,93650.0,93708.0,20563.15
1745798400000,93708.0,93760.0,93227.5,93367.1,227970.1
1745799300000,93367.2,93550.0,93300.0,93549.1,115659.05
1745800200000,93549.9,93750.0,93506.9,93578.2,96110.97
1745801100000,93578.2,93618.0,93342.9,93386.0,50061.52
1745802000000,93385.9,93559.4,93161.4,93291.3,117872.57
1745802900000,93291.4,93300.0,92933.0,92987.8,272413.82
1745803800000,92987.9,93038.1,92732.5,92850.0,216484.67
1745804700000,92850.0,92972.2,92740.2,92899.2,113156.16
1745805600000,92899.1,93200.0,92829.4,93030.0,211128.41
1745806500000,93029.9,93400.0,93000.0,93336.5,148514.51
1745807400000,93336.4,93539.4,93320.1,93419.9,110850.43
1745808300000,93420.0,93581.4,93419.9,93568.1,72714.08
1745809200000,93568.1,93581.9,93415.1,93537.9,55850.18
1745810100000,93537.9,93784.7,93531.9,93674.0,99605.55
1745811000000,93674.1,93941.5,93674.0,93818.7,146385.6
1745811900000,93818.8,93858.4,93761.1,93804.9,37023.39
1745812800000,93804.9,93955.0,93804.9,93924.1,52695.76
1745813700000,93924.1,94124.9,93878.1,94121.9,98953.22
1745814600000,94121.9,94127.0,93975.0,93999.9,53449.53
1745815500000,93999.9,94062.0,93951.7,93979.9,48793.7
1745816400000,93979.9,94158.0,93905.1,94091.1,68505.36
1745817300000,94091.2,94297.0,94050.5,94068.3,118995.63
1745818200000,94068.4,94171.6,94002.0,94134.1,57132.38
1745819100000,94134.2,94235.0,94060.5,94189.9,51484.44
1745820000000,94190.0,94375.0,94189.9,94368.7,90234.59
1745820900000,94368.7,94404.0,94258.3,94290.0,74499.43
1745821800000,94290.1,94548.0,94290.0,94513.7,92518.85
1745822700000,94513.7,94643.4,94375.0,94534.5,107472.46
1745823600000,94534.6,94620.0,94431.3,94450.0,89504.84
1745824500000,94449.9,94649.9,94449.9,94619.8,56061.32
1745825400000,94619.9,94720.0,94563.9,94709.1,75380.51
1745826300000,94709.0,94751.5,94599.1,94642.2,54707.15
1745827200000,94642.2,94780.0,94537.9,94666.2,94149.02
1745828100000,94666.2,94780.0,94646.0,94780.0,64155.35
1745829000000,94779.9,94780.0,94654.1,94672.1,50565.5
1745829900000,94672.1,94694.3,94550.0,94662.1,51461.41
1745830800000,94662.2,94837.9,94619.3,94623.1,132846.64
1745831700000,94623.0,94765.3,94623.0,94683.0,65214.72
1745832600000,94683.0,94802.5,94682.9,94782.0,70878.3
1745833500000,94782.1,94792.1,94610.9,94689.8,181870.08
1745834400000,94689.8,94776.6,94459.5,94632.7,370134.91
1745835300000,94632.8,94675.7,94284.1,94553.1,520997.64
1745836200000,94553.1,95182.4,94553.1,95154.0,856801.51
1745837100000,95153.9,95180.0,94951.0,95023.1,291686.64
1745838000000,95023.0,95430.0,94956.1,95200.0,250355.09
1745838900000,95200.0,95446.9,95193.2,95427.5,102933.85
1745839800000,95427.6,95488.0,95319.2,95365.8,110337.71
1745840700000,95365.9,95388.0,95164.6,95273.8,124403.55
1745841600000,95273.8,95321.1,95020.4,95078.0,141340.21
1745842500000,95077.9,95259.6,95063.0,95259.5,55524.36
1745843400000,95259.6,95450.0,95178.0,95450.0,75917.72
1745844300000,95450.0,95577.6,95230.9,95288.0,148793.43
1745845200000,95288.1,95456.4,95032.8,95229.4,201448.75
1745846100000,95229.4,95234.6,94968.2,95003.8,108214.87
1745847000000,95003.8,95137.9,94512.0,94723.2,387021.62
1745847900000,94723.3,94794.0,93888.0,93937.6,503937.59
1745848800000,93937.6,94470.7,93810.0,94466.2,341468.66
1745849700000,94466.1,94872.0,94416.6,94607.8,272830.74
1745850600000,94607.8,94669.3,94320.0,94590.2,163288.3
1745851500000,94590.2,94714.3,94310.0,94376.0,156170.69
1745852400000,94375.9,94490.0,94014.0,94112.2,108064.97
1745853300000,94112.2,94158.7,93558.0,93726.2,229414.89
1745854200000,93726.3,93859.4,93529.4,93711.8,173811.07
1745855100000,93711.7,93818.2,93560.0,93800.0,148587.25
1745856000000,93799.9,93800.0,93472.4,93535.9,167037.55
1745856900000,93535.9,93699.5,93406.0,93680.1,142962.32
1745857800000,93680.1,93995.0,93636.6,93991.7,139823.9
1745858700000,93991.7,93991.7,93602.0,93694.6,77518.06
1745859600000,93694.5,93761.8,93606.1,93606.1,44495.16
1745860500000,93606.1,93750.0,93541.0,93541.0,36965.93
1745861400000,93541.1,93859.9,93458.0,93849.4,63117.32
1745862300000,93849.5,94077.4,93842.8,94052.0,86874.47
1745863200000,94051.9,94100.6,93736.7,93765.0,71976.38
1745864100000,93765.0,93907.2,93738.2,93847.5,45209.34
1745865000000,93847.5,94034.7,93811.6,93962.0,26694.44
1745865900000,93961.9,94188.0,93953.7,94137.4,52115.92
1745866800000,94137.4,94620.0,94108.0,94391.8,172935.54
1745867700000,94391.8,94777.0,94391.8,94632.1,116435.64
1745868600000,94632.1,94879.6,94628.2,94868.5,92895.56
1745869500000,94868.6,94872.0,94712.2,94743.8,60931.4
1745870400000,94743.8,94762.8,94517.0,94517.0,103215.84
1745871300000,94517.1,94666.0,94500.0,94611.3,54438.67
1745872200000,94611.3,94639.7,94412.9,94420.0,40684.69
1745873100000,94420.0,94464.5,94324.0,94422.2,67351.08
1745874000000,94422.3,94507.2,94325.0,94325.0,31099.69
1745874900000,94325.0,94400.4,94310.2,94356.3,15207.45
1745875800000,94356.2,94380.6,94253.3,94323.3,23960.01
1745876700000,94323.2,94517.4,94299.5,94497.7,26415.21
1745877600000,94497.7,94666.0,94441.0,94579.2,56538.94
1745878500000,94579.2,94658.6,94431.7,94470.1,23582.86
1745879400000,94470.1,94650.0,94426.0,94587.1,28507.22
1745880300000,94587.1,94839.2,94587.1,94766.0,78152.84
1745881200000,94766.0,94949.0,94743.9,94937.1,65615.41
1745882100000,94937.1,95076.8,94850.3,95016.3,114797.71
1745883000000,95016.4,95146.0,94972.6,95050.0,68437.55
1745883900000,95050.1,95073.8,94870.3,94960.0,59428.81
1745884800000,94959.9,94980.0,94777.0,94809.9,91600.13
1745885700000,94809.9,95083.1,94772.0,94995.3,70641.25
1745886600000,94995.4,95145.9,94907.6,95126.7,50597.62
1745887500000,95126.7,95188.0,94878.0,95005.1,59994.68
1745888400000,95005.0,95376.3,94924.0,94988.9,162361.38
1745889300000,94988.9,95000.5,94665.3,94961.9,116654.67
1745890200000,94961.9,95299.0,94905.0,95205.2,127284.83
1745891100000,95205.3,95420.5,94786.5,94809.9,158231.64
1745892000000,94809.9,94886.0,94570.4,94774.0,141152.35
1745892900000,94774.0,94800.0,94577.7,94763.1,56663.49
1745893800000,94763.1,94910.0,94670.5,94702.6,69268.95
1745894700000,94702.5,94702.6,94450.2,94575.7,104610.16
1745895600000,94575.7,94675.0,94386.9,94419.8,74322.66
1745896500000,94419.8,94699.3,94419.7,94602.4,54037.75
1745897400000,94602.4,94719.0,94602.4,94699.9,31851.94
1745898300000,94700.0,94758.5,94595.1,94617.0,53005.17
1745899200000,94617.0,94750.0,94500.0,94700.0,56422.18
1745900100000,94700.0,94838.0,94654.1,94818.8,39311.99
1745901000000,94818.8,94841.8,94455.2,94488.4,81331.85
1745901900000,94488.5,94494.0,94257.1,94318.4,152678.27
1745902800000,94318.4,94365.6,94161.7,94193.3,96582.46
1745903700000,94193.3,94363.0,94186.5,94307.5,43022.38
1745904600000,94307.6,94389.1,94169.9,94200.0,48666.43
1745905500000,94200.1,94315.0,94185.0,94243.1,36445.25
1745906400000,94243.1,94456.2,94222.0,94446.8,49877.58
1745907300000,94446.7,94720.7,94446.7,94596.9,121000.19
1745908200000,94596.9,94743.8,94530.0,94540.3,64121.81
1745909100000,94540.4,94774.9,94535.7,94726.5,52056.25
1745910000000,94726.6,94758.0,94675.0,94706.9,42075.19
1745910900000,94707.0,94838.6,94706.9,94829.9,58385.01
1745911800000,94830.0,94867.1,94730.0,94762.9,46522.49
1745912700000,94762.9,94926.2,94750.1,94873.5,54613.96
1745913600000,94873.4,94975.4,94843.0,94920.4,58000.12
1745914500000,94920.3,95045.5,94827.0,94893.7,100080.75
1745915400000,94893.8,94893.8,94756.3,94813.1,52059.47
1745916300000,94813.1,94978.4,94777.0,94977.0,42317.49
1745917200000,94977.0,95039.0,94850.0,94852.1,50046.19
1745918100000,94852.1,94900.0,94737.3,94886.1,87856.71
1745919000000,94886.1,94920.0,94825.0,94853.1,21704.63
1745919900000,94853.2,94962.0,94768.0,94936.2,36106.89
1745920800000,94936.3,94994.0,94843.7,94933.5,47500.59
1745921700000,94933.5,94987.9,94800.0,94895.6,34118.36
1745922600000,94895.5,94919.3,94781.7,94821.9,30385.13
1745923500000,94821.9,94822.0,94688.1,94770.8,57599.36
1745924400000,94770.8,95184.0,94755.8,95155.7,105174.07
1745925300000,95155.7,95247.7,95080.1,95179.7,119478.89
1745926200000,95179.6,95179.6,94976.0,94990.5,49933.66
1745927100000,94990.5,95120.0,94990.4,95092.0,41440.89
1745928000000,95092.0,95128.0,95012.7,95039.6,36509.01
1745928900000,95039.5,95076.0,94847.0,94912.0,55889.02
1745929800000,94912.0,95010.0,94808.0,95010.0,53967.26
1745930700000,95009.9,95011.2,94755.0,94780.3,55766.07
1745931600000,94780.3,94831.4,94668.1,94753.3,66280.21
1745932500000,94753.3,94863.0,94526.6,94824.0,142093.91
1745933400000,94824.1,94999.9,94639.0,94791.7,134193.31
1745934300000,94791.6,94958.0,94640.0,94750.1,138023.71
1745935200000,94750.1,95024.8,94439.8,94849.1,250536.43
1745936100000,94849.2,94860.5,94618.9,94687.3,91605.24
1745937000000,94687.3,95262.3,94647.7,95106.9,166013.95
1745937900000,95106.9,95146.0,94911.0,94995.4,78428.87
1745938800000,94995.5,95085.8,94862.5,94925.9,61966.88
1745939700000,94925.9,94943.0,94680.0,94820.9,84678.0
1745940600000,94820.9,94950.0,94702.4,94933.5,56549.4
1745941500000,94933.4,94943.0,94750.0,94791.2,55888.42
1745942400000,94791.3,94898.1,94750.0,94898.0,37396.97
1745943300000,94898.0,95200.0,94850.0,95100.0,136495.35
1745944200000,95100.0,95442.2,95046.2,95412.1,255000.14
1745945100000,95412.1,95432.1,94862.4,94912.1,130504.07
1745946000000,94912.1,95062.5,94595.5,94989.8,247178.39
1745946900000,94989.8,95214.2,94955.8,95175.2,83812.28
1745947800000,95175.2,95176.2,95003.3,95160.0,67928.65
1745948700000,95160.0,95328.1,95028.7,95195.2,81238.0
1745949600000,95195.3,95366.0,94973.6,95150.0,172582.82
1745950500000,95150.0,95400.0,95076.0,95363.0,176005.64
1745951400000,95362.9,95392.9,95244.9,95380.1,44464.05
1745952300000,95380.0,95397.5,95210.0,95340.0,56474.94
1745953200000,95340.0,95383.0,95245.1,95305.0,50901.96
1745954100000,95305.0,95400.0,95217.3,95271.9,42040.75
1745955000000,95271.9,95329.8,95168.5,95186.6,30757.46
1745955900000,95186.0,95335.4,95170.0,95259.3,39024.44
1745956800000,95259.4,95380.5,95049.4,95103.9,60581.16
1745957700000,95103.9,95103.9,94890.0,94897.9,53278.14
1745958600000,94898.0,94936.0,94756.3,94884.6,56898.3
1745959500000,94884.6,94943.0,94759.8,94780.7,40631.13
1745960400000,94780.7,94914.5,94580.0,94614.9,140434.91
1745961300000,94615.0,94615.0,94300.0,94532.8,192883.51
1745962200000,94532.8,94680.9,94369.8,94613.5,108592.2
1745963100000,94613.5,94714.3,94435.5,94692.0,56665.1
1745964000000,94692.1,94692.1,94104.6,94184.9,371700.75
1745964900000,94184.9,94300.0,93911.4,94139.4,271479.39
1745965800000,94139.4,94210.6,94004.5,94024.3,77046.7
1745966700000,94024.3,94234.6,94016.7,94098.1,50418.46
1745967600000,94099.2,94116.6,93668.5,93756.4,210965.84
1745968500000,93756.4,93874.3,93690.5,93847.9,86580.75
1745969400000,93848.0,94040.2,93833.1,94037.3,79293.78
1745970300000,94037.3,94260.0,94003.3,94196.0,145375.59
1745971200000,94196.0,94360.0,94061.5,94329.9,139810.66
1745972100000,94330.0,94423.0,94293.2,94351.1,67032.81
1745973000000,94351.0,94585.7,94292.2,94441.3,97750.49
1745973900000,94441.2,94494.0,94315.0,94493.8,43368.69
1745974800000,94493.9,94555.0,94323.7,94338.1,41719.03
1745975700000,94338.1,94556.3,94290.4,94549.9,65475.45
1745976600000,94549.9,94550.0,94318.5,94337.3,33084.61
1745977500000,94337.3,94500.0,94224.8,94484.9,50023.62
1745978400000,94484.8,94550.0,94395.8,94504.3,37041.78
1745979300000,94504.3,94675.7,94439.5,94460.4,87080.71
1745980200000,94460.4,94670.8,94432.1,94657.4,37101.62
1745981100000,94656.1,94748.9,94577.0,94608.0,79804.27
1745982000000,94608.0,94608.1,94455.0,94554.4,47440.41
1745982900000,94554.4,94684.4,94542.6,94612.1,43250.05
1745983800000,94612.1,94776.9,94612.0,94706.0,62717.0
1745984700000,94705.9,95080.0,94705.9,95000.0,242609.32
1745985600000,95000.0,95146.9,94876.6,94958.4,176049.86
1745986500000,94958.5,95020.8,94810.9,94857.0,79758.01
1745987400000,94856.9,94947.4,94841.0,94857.6,34097.05
1745988300000,94857.6,95031.9,94852.3,95016.0,40451.0
1745989200000,95015.9,95075.0,94888.0,95003.9,49513.56
1745990100000,95004.0,95070.0,94910.1,94910.1,39365.83
1745991000000,94910.1,95009.3,94900.0,94946.3,43764.16
1745991900000,94946.3,94950.0,94823.9,94854.6,42887.02
1745992800000,94854.6,94880.0,94782.2,94871.0,33096.54
1745993700000,94871.0,94927.6,94812.0,94909.5,28006.02
1745994600000,94909.5,94909.5,94725.1,94730.9,46312.21
1745995500000,94731.0,94782.4,94700.1,94700.2,26227.56
1745996400000,94700.1,94809.0,94690.1,94768.8,41253.57
1745997300000,94768.8,94838.6,94708.0,94713.5,40592.41
1745998200000,94713.5,94723.0,94523.6,94535.1,67639.99
1745999100000,94535.0,94596.6,94456.4,94587.3,72587.41
1746000000000,94587.2,94698.7,94503.5,94680.2,63657.5
1746000900000,94680.2,94785.3,94488.0,94488.0,73324.21
1746001800000,94488.1,94618.4,94480.0,94601.5,45473.29
1746002700000,94601.8,94724.2,94556.7,94672.5,58398.89
1746003600000,94672.5,94760.0,94660.1,94660.2,39677.29
1746004500000,94660.2,94750.8,94625.0,94741.7,39227.12
1746005400000,94741.7,95036.0,94741.6,94959.6,86492.07
1746006300000,94959.6,94980.0,94874.9,94934.3,40001.34
1746007200000,94934.2,94949.5,94803.2,94889.8,56578.75
1746008100000,94889.8,94901.0,94822.0,94874.9,12978.02
1746009000000,94874.9,94943.8,94830.1,94935.6,35364.51
1746009900000,94935.6,94980.0,94840.2,94900.0,44611.92
1746010800000,94900.0,94948.0,94895.1,94937.1,22514.44
1746011700000,94937.0,95099.9,94881.5,95068.1,151748.43
1746012600000,95068.0,95180.0,95042.2,95058.5,164524.61
1746013500000,95058.4,95200.0,94990.2,95145.9,168619.8
1746014400000,95145.8,95186.8,95012.6,95123.7,82221.95
1746015300000,95123.7,95161.4,94848.1,94899.9,165467.34
1746016200000,94900.0,95021.9,94307.6,94468.1,417039.24
1746017100000,94468.1,94597.0,94316.0,94510.1,157009.56
1746018000000,94510.1,94578.9,94215.1,94228.0,121487.47
1746018900000,94228.1,94627.1,94170.1,94515.4,164738.27
1746019800000,94515.4,94528.8,93666.0,93874.4,478201.39
1746020700000,93874.4,93959.3,92988.0,93000.3,649642.29
1746021600000,93000.3,93568.2,92864.0,93400.5,619249.27
1746022500000,93400.5,94150.0,93217.3,94075.5,413335.4
1746023400000,94075.4,94328.6,93811.5,94030.0,361819.4
1746024300000,94030.0,94041.9,93622.3,93680.0,140816.44
1746025200000,93680.0,94000.2,93670.0,93932.7,119844.94
1746026100000,93932.2,94000.0,93609.4,93819.8,87242.18
1746027000000,93819.8,94073.6,93763.6,94073.6,82987.14
1746027900000,94073.5,94080.0,93872.9,93955.0,52183.67
1746028800000,93955.0,93979.4,93705.0,93705.1,67220.29
1746029700000,93705.1,93725.0,93464.0,93699.9,168292.55
1746030600000,93699.9,94158.0,93680.0,94040.2,118993.64
1746031500000,94040.1,94100.0,93800.0,93900.0,98289.2
1746032400000,93899.9,94049.2,93714.3,93777.4,61953.59
1746033300000,93777.4,94011.4,93770.9,93994.0,47680.74
1746034200000,93994.1,94244.0,93960.8,94241.8,85939.25
1746035100000,94241.9,94241.9,94046.8,94067.9,43724.27
1746036000000,94067.9,94525.2,94018.4,94318.5,164810.46
1746036900000,94318.5,94442.0,94107.1,94123.4,69388.05
1746037800000,94123.5,94166.0,93923.5,94029.9,64797.47
1746038700000,94029.9,94150.0,93995.4,94055.5,33306.88
1746039600000,94055.4,94138.5,93996.1,94060.6,33523.61
1746040500000,94060.6,94082.2,93710.0,93750.8,83453.79
1746041400000,93750.8,93931.6,93720.0,93912.8,42106.99
1746042300000,93912.7,94245.3,93912.7,94122.6,83094.74
1746043200000,94122.6,94665.6,94077.0,94596.0,151247.12
1746044100000,94596.0,94700.0,94448.6,94676.6,77197.36
1746045000000,94676.7,94695.4,94483.3,94564.9,38130.96
1746045900000,94564.9,94674.1,94491.1,94521.0,50897.02
1746046800000,94521.0,94738.0,94428.6,94530.9,122898.45
1746047700000,94530.9,94642.3,94530.8,94585.1,19819.86
1746048600000,94585.1,94597.9,94428.7,94428.8,32354.62
1746049500000,94428.8,94510.9,94322.6,94380.0,49665.93
1746050400000,94380.0,94675.0,94372.8,94532.2,53964.35
1746051300000,94532.3,94540.1,94288.1,94309.6,62793.51
1746052200000,94309.6,94364.1,94162.4,94210.1,209378.98
1746053100000,94210.1,94210.3,93966.6,94059.6,175018.79
1746054000000,94059.5,94236.6,93873.7,94221.0,186047.22
1746054900000,94221.0,94283.5,94100.0,94193.8,36341.56
1746055800000,94193.8,94278.1,94112.6,94112.6,30875.52
1746056700000,94112.6,94229.3,94067.0,94112.2,29738.44
1746057600000,94112.3,94289.9,94068.6,94218.0,48714.16
1746058500000,94218.0,94264.6,94120.0,94226.6,34913.04
1746059400000,94226.6,94248.3,94153.7,94227.4,24859.19
1746060300000,94227.3,94340.0,94227.3,94339.9,65458.0
1746061200000,94339.9,94568.0,94331.7,94476.7,88347.71
1746062100000,94476.8,94642.6,94457.8,94574.6,88030.09
1746063000000,94574.6,94682.7,94428.6,94652.9,102504.58
1746063900000,94653.0,94660.4,94516.8,94597.4,56303.01
1746064800000,94597.4,94798.4,94567.1,94657.2,74936.96
1746065700000,94657.3,94888.0,94657.2,94875.2,88061.84
1746066600000,94875.3,94942.9,94769.7,94855.4,97646.6
1746067500000,94855.3,94876.5,94714.7,94799.9,64430.03
1746068400000,94799.9,94966.0,94650.0,94659.6,107512.81
1746069300000,94659.6,94764.6,94628.8,94763.8,46930.92
1746070200000,94763.8,94878.9,94597.8,94784.6,185588.51
1746071100000,94784.6,94784.6,94646.1,94728.0,44312.5
1746072000000,94728.0,94829.8,94695.0,94770.0,31744.14
1746072900000,94770.1,94790.0,94670.0,94680.1,21211.45
1746073800000,94680.1,94806.1,94658.8,94768.7,61741.68
1746074700000,94768.7,94870.0,94768.0,94820.1,30686.72
1746075600000,94820.2,94929.8,94790.0,94929.6,49851.97
1746076500000,94929.6,94943.9,94816.4,94862.0,41792.73
1746077400000,94862.0,95141.0,94814.7,95076.2,229112.8
1746078300000,95076.2,95162.8,94990.9,95104.1,127216.19
1746079200000,95104.1,95149.0,94984.2,95027.0,58148.01
1746080100000,95027.0,95068.8,94962.0,94965.3,39478.01
1746081000000,94965.4,94992.7,94785.6,94827.7,71579.11
1746081900000,94827.8,94872.3,94760.0,94843.4,41183.97
1746082800000,94843.5,94938.0,94750.0,94938.0,35213.27
1746083700000,94938.0,94980.0,94886.4,94942.9,37179.55
1746084600000,94942.8,95000.0,94929.2,94982.7,21707.11
1746085500000,94982.7,95064.9,94947.0,94960.9,52251.33
1746086400000,94960.9,95033.0,94851.9,94962.3,42018.2
1746087300000,94962.3,95109.7,94962.2,95090.7,91001.04
1746088200000,95090.6,95096.0,95012.0,95037.1,22643.98
1746089100000,95037.2,95169.1,95037.1,95147.5,46124.5
1746090000000,95147.5,95158.0,95080.0,95115.0,40428.51
1746090900000,95114.9,95333.8,95114.9,95289.7,167446.02
1746091800000,95289.7,95455.7,95254.5,95385.1,174156.09
1746092700000,95385.2,95778.9,95385.0,95475.5,346244.38
1746093600000,95475.6,95700.0,95475.5,95686.3,114469.71
1746094500000,95686.4,96352.7,95686.3,96285.8,665365.26
1746095400000,96285.9,96364.8,96014.7,96090.1,183120.95
1746096300000,96090.0,96152.8,95850.0,96134.0,227461.06
1746097200000,96133.9,96217.2,96009.0,96119.9,109436.03
1746098100000,96120.0,96145.8,95751.6,95881.2,212907.29
1746099000000,95881.2,96134.0,95867.0,96059.9,78619.11
1746099900000,96059.9,96192.4,96059.8,96132.1,99707.58
1746100800000,96132.1,96263.0,96039.6,96205.0,142587.31
1746101700000,96205.1,96345.2,96097.7,96150.5,105486.52
1746102600000,96150.5,96433.7,96048.7,96375.9,133487.46
1746103500000,96375.9,96388.8,96190.2,96323.3,72803.73
1746104400000,96323.4,96449.9,96241.6,96446.0,90822.32
1746105300000,96445.9,96720.0,96392.8,96601.9,258042.18
1746106200000,96601.9,96601.9,95857.1,96113.9,475867.6
1746107100000,96113.9,96200.0,95762.5,95764.5,280996.41
1746108000000,95764.6,96210.0,95764.6,96180.2,247454.4
1746108900000,96180.2,96421.2,96180.1,96370.0,175261.19
1746109800000,96370.0,96666.0,96128.0,96321.1,351979.24
1746110700000,96321.1,96895.9,96278.0,96782.0,258413.11
1746111600000,96782.0,97398.0,96706.2,97347.2,516494.69
1746112500000,97347.2,97379.0,96931.0,97087.5,353503.71
1746113400000,97087.4,97159.3,96899.0,96956.1,166989.14
1746114300000,96956.1,97025.7,96806.0,96806.1,132404.72
1746115200000,96806.0,97103.5,96806.0,97030.8,95747.72
1746116100000,97030.8,97161.0,96829.8,97153.2,109616.83
1746117000000,97153.1,97317.3,97109.6,97278.1,135119.6
1746117900000,97278.1,97319.3,96929.0,96967.3,115402.99
1746118800000,96967.3,97135.7,96915.3,97048.9,51494.62
1746119700000,97048.9,97178.1,96784.2,96829.1,122170.31
1746120600000,96829.1,96957.1,96465.2,96541.7,156607.78
1746121500000,96541.7,96771.4,96475.8,96758.5,96158.6
1746122400000,96758.5,96819.4,96563.2,96563.2,51689.15
1746123300000,96563.2,96616.8,96440.0,96442.4,59970.7
1746124200000,96442.3,96730.0,96396.4,96730.0,70946.29
1746125100000,96730.0,96967.4,96727.1,96822.0,84164.24
1746126000000,96822.0,96837.6,96402.1,96428.5,76861.77
1746126900000,96428.5,96580.0,96364.1,96412.7,77438.12
1746127800000,96412.6,96663.5,96400.0,96466.8,69898.29
1746128700000,96466.8,96623.8,96424.0,96490.0,64440.25
1746129600000,96489.9,96683.8,96262.0,96683.8,155645.37
1746130500000,96683.7,96858.4,96672.0,96672.3,100534.71
1746131400000,96672.3,96737.9,96480.3,96536.6,49471.99
1746132300000,96536.5,96575.6,96300.3,96373.3,68260.1
1746133200000,96373.3,96693.2,96360.0,96662.8,59148.82
1746134100000,96662.8,96676.5,96533.2,96548.7,17529.45
1746135000000,96548.6,96747.2,96452.2,96727.8,37874.0
1746135900000,96727.8,96727.9,96426.1,96429.9,23600.46
1746136800000,96429.9,96572.5,96380.0,96572.5,47626.1
1746137700000,96572.5,96610.0,96508.1,96550.8,14597.51
1746138600000,96550.8,96551.2,96337.8,96423.2,38674.47
1746139500000,96423.3,96424.9,96320.1,96342.6,23241.68
1746140400000,96342.5,96378.8,96163.8,96274.7,78491.02
1746141300000,96274.8,96440.5,96252.4,96354.0,43459.8
1746142200000,96354.1,96354.1,96137.6,96262.9,67160.89
1746143100000,96262.9,96476.9,96253.6,96443.3,48205.51
1746144000000,96443.2,96644.9,96426.2,96570.1,83238.09
1746144900000,96570.0,96833.0,96512.5,96793.9,71638.17
1746145800000,96794.0,97049.8,96705.0,96777.0,139846.33
1746146700000,96777.0,97007.9,96749.2,96990.1,78202.31
1746147600000,96990.1,97157.9,96922.0,96963.0,118231.75
1746148500000,96963.1,97117.3,96905.0,96955.8,63369.21
1746149400000,96955.9,96955.9,96706.3,96799.7,81596.14
1746150300000,96799.8,96980.6,96744.5,96926.0,53542.25
1746151200000,96925.9,96926.0,96684.6,96752.2,61521.01
1746152100000,96752.2,96993.0,96710.0,96958.9,42241.8
1746153000000,96958.9,97009.2,96858.6,96893.9,33509.76
1746153900000,96893.9,96987.0,96893.9,96909.8,21241.55
1746154800000,96909.8,97167.0,96909.8,97143.8,59844.18
1746155700000,97143.9,97144.0,96950.1,96996.9,31947.39
1746156600000,96997.0,97188.0,96996.9,97144.0,67723.61
1746157500000,97144.0,97188.0,97048.0,97055.9,50763.33
1746158400000,97055.9,97250.0,97038.0,97085.4,110500.2
1746159300000,97085.5,97172.3,97045.7,97050.4,28198.48
1746160200000,97050.4,97050.4,96871.0,96882.8,83451.7
1746161100000,96882.8,96968.3,96824.0,96895.3,35639.85
1746162000000,96895.3,96964.9,96800.2,96900.1,35639.88
1746162900000,96900.1,96900.1,96750.0,96802.8,46672.71
1746163800000,96802.8,96850.0,96750.0,96769.4,27437.35
1746164700000,96769.5,96848.6,96585.0,96665.9,71698.14
1746165600000,96665.9,96723.0,96562.0,96665.9,83347.76
1746166500000,96665.9,96800.0,96579.9,96779.7,55896.32
1746167400000,96779.7,96864.2,96591.7,96602.3,87950.2
1746168300000,96602.2,96681.1,96506.5,96681.0,35836.56
1746169200000,96681.0,96689.8,96390.2,96488.5,115996.87
1746170100000,96488.4,96685.2,96404.6,96576.0,98719.47
1746171000000,96576.0,96616.0,96307.6,96480.0,164408.23
1746171900000,96480.0,96505.7,96312.8,96323.0,102046.0
1746172800000,96323.1,96550.0,96320.1,96538.9,113817.39
1746173700000,96538.9,96635.9,96500.6,96580.2,63346.49
1746174600000,96580.3,96740.9,96453.5,96679.2,107258.71
1746175500000,96679.2,96718.0,96567.4,96595.5,41558.98
1746176400000,96595.5,96748.0,96413.3,96740.7,81045.66
1746177300000,96740.6,96740.7,96587.0,96677.9,26559.45
1746178200000,96678.0,96708.7,96551.6,96551.6,23754.9
1746179100000,96551.7,96681.4,96550.0,96567.9,15031.74
1746180000000,96568.0,96760.0,96556.8,96732.2,48677.68
1746180900000,96732.3,96854.0,96732.2,96837.6,35600.83
1746181800000,96837.6,96862.1,96750.0,96852.9,47177.88
1746182700000,96852.8,96900.0,96765.4,96863.9,35521.75
1746183600000,96863.9,96999.7,96863.9,96961.9,96854.21
1746184500000,96961.9,97050.8,96871.7,96900.0,112970.47
1746185400000,96900.0,96932.0,96820.7,96907.4,69808.63
1746186300000,96907.5,96974.4,96810.3,96873.0,52082.8
1746187200000,96873.0,96905.5,96730.7,96740.1,71451.95
1746188100000,96740.0,96956.7,96712.0,96736.9,104942.25
1746189000000,96736.9,97088.7,96600.0,96931.1,233078.0
1746189900000,96931.0,97138.0,96909.9,97137.9,95193.73
1746190800000,97138.0,97222.0,96709.0,96713.7,142188.52
1746191700000,96713.7,96920.2,96709.0,96920.2,54813.61
1746192600000,96920.2,97000.0,96618.5,96882.6,108740.17
1746193500000,96882.6,96944.0,96660.0,96714.0,74300.99
1746194400000,96714.0,97185.2,96650.0,96792.0,216102.27
1746195300000,96792.0,97132.3,96747.0,97100.6,120055.91
1746196200000,97101.0,97642.0,97072.3,97322.1,436558.94
1746197100000,97322.0,97861.2,97310.3,97686.0,278601.12
1746198000000,97686.0,97844.3,97463.9,97500.1,169665.78
1746198900000,97500.0,97635.9,97000.1,97105.8,280747.98
1746199800000,97105.9,97444.0,97031.7,97371.9,125701.63
1746200700000,97372.0,97427.5,97233.1,97269.9,53637.65
1746201600000,97269.8,97698.0,97269.8,97570.0,181191.85
1746202500000,97570.0,97742.2,97504.0,97566.1,89739.97
1746203400000,97566.1,97663.5,97452.2,97617.7,86051.66
1746204300000,97617.8,97617.8,97286.0,97300.0,72492.99
1746205200000,97300.1,97339.8,96983.0,97088.1,187774.51
1746206100000,97088.1,97294.2,97050.0,97260.0,60850.37
1746207000000,97260.0,97381.8,97183.5,97192.5,56400.09
1746207900000,97192.6,97370.0,97150.7,97341.8,28495.66
1746208800000,97341.8,97498.6,97302.6,97460.1,58758.42
1746209700000,97460.1,97497.2,97366.0,97366.5,30511.69
1746210600000,97366.6,97563.4,97360.2,97502.0,36894.96
1746211500000,97502.0,97518.9,97092.9,97122.8,77608.98
1746212400000,97122.8,97122.8,96950.0,96990.5,91811.0
1746213300000,96990.5,97143.9,96947.2,97111.1,48913.46
1746214200000,97111.1,97111.1,96750.0,96837.1,100028.84
1746215100000,96837.1,96975.2,96700.1,96859.5,84550.16
1746216000000,96859.5,97013.2,96790.4,96981.6,42270.81
1746216900000,96981.5,96981.6,96857.7,96948.6,23114.59
1746217800000,96948.6,97085.0,96922.2,97002.0,24555.06
1746218700000,97002.0,97048.8,96926.7,96963.8,19691.81
1746219600000,96963.8,96984.0,96935.0,96983.9,11681.91
1746220500000,96983.9,96984.0,96880.0,96880.0,12607.36
1746221400000,96880.1,96897.1,96750.0,96775.1,21386.92
1746222300000,96775.2,96775.2,96509.8,96675.8,76202.98
1746223200000,96675.8,96759.0,96568.5,96599.1,44165.36
1746224100000,96599.1,96682.0,96523.8,96650.1,43769.15
1746225000000,96650.1,96746.7,96554.0,96580.8,40272.3
1746225900000,96580.8,96659.8,96565.5,96611.5,31886.19
1746226800000,96611.4,96693.6,96555.1,96670.6,28533.97
1746227700000,96670.6,96758.5,96615.2,96662.8,32175.59
1746228600000,96662.8,96787.6,96657.1,96762.8,19850.09
1746229500000,96762.7,96858.8,96750.0,96837.0,29322.7
1746230400000,96836.9,96880.0,96755.1,96755.2,54319.79
1746231300000,96755.2,96822.2,96689.3,96689.4,26217.67
1746232200000,96689.3,96747.1,96618.0,96622.1,27882.05
1746233100000,96622.2,96672.0,96570.6,96653.0,38227.85
1746234000000,96653.1,96691.1,96514.9,96522.4,62639.26
1746234900000,96522.0,96570.6,96443.0,96530.1,72341.24
1746235800000,96530.0,96530.1,96399.9,96432.3,78963.95
1746236700000,96432.2,96463.0,96381.5,96463.0,41365.34
1746237600000,96463.0,96611.0,96443.2,96572.9,56856.19
1746238500000,96572.9,96615.4,96553.6,96615.0,32275.83
1746239400000,96614.9,96662.7,96516.8,96516.9,24154.36
1746240300000,96516.8,96530.0,96468.9,96485.9,24888.33
1746241200000,96485.9,96500.0,96429.8,96441.5,30514.94
1746242100000,96441.5,96446.9,96307.9,96362.9,79899.18
1746243000000,96362.9,96393.4,96256.0,96357.5,112457.87
1746243900000,96357.6,96455.7,96275.0,96280.2,68435.16
1746244800000,96280.2,96408.9,96246.2,96408.9,38928.41
1746245700000,96408.9,96496.5,96341.2,96432.4,58519.92
1746246600000,96432.4,96537.6,96417.3,96505.1,35581.69
1746247500000,96505.0,96539.0,96436.6,96465.5,26165.39
1746248400000,96465.5,96470.3,96358.0,96371.0,23553.15
1746249300000,96371.1,96500.0,96371.0,96488.8,23408.53
1746250200000,96488.8,96550.1,96444.0,96540.1,31846.61
1746251100000,96540.1,96540.1,96363.1,96365.0,30551.96
1746252000000,96365.0,96365.0,96277.0,96293.7,47096.6
1746252900000,96293.7,96293.7,96125.3,96145.8,129246.18
1746253800000,96145.7,96275.1,96145.0,96275.0,50446.41
1746254700000,96275.1,96275.3,96070.0,96130.2,77668.81
1746255600000,96130.1,96236.8,96111.0,96214.9,35747.67
1746256500000,96214.9,96234.8,96105.1,96164.3,29226.46
1746257400000,96164.3,96350.0,96161.0,96312.1,77666.4
1746258300000,96312.1,96362.5,96250.1,96294.7,39293.53
1746259200000,96294.8,96294.8,96100.0,96123.9,65875.55
1746260100000,96123.9,96325.4,96113.4,96323.8,50529.45
1746261000000,96323.8,96400.0,96304.4,96321.3,59285.83
1746261900000,96321.3,96357.9,96240.0,96250.0,17834.74
1746262800000,96250.0,96300.0,96188.0,96208.2,41523.06
1746263700000,96208.3,96359.9,96208.0,96280.1,30392.03
1746264600000,96280.1,96280.1,96211.2,96211.2,17803.56
1746265500000,96211.3,96329.3,96139.3,96214.4,40063.57
1746266400000,96214.4,96214.4,96099.0,96117.2,40364.78
1746267300000,96117.2,96183.9,96110.0,96113.3,38498.73
1746268200000,96113.3,96194.6,95858.8,95907.1,164163.2
1746269100000,95907.0,96006.5,95811.0,95863.4,123391.73
1746270000000,95863.4,95932.6,95830.0,95912.8,59617.22
1746270900000,95912.8,96015.8,95878.9,95984.0,52326.33
1746271800000,95984.1,96050.0,95868.0,95913.3,56037.6
1746272700000,95913.3,95956.0,95845.0,95900.0,33899.88
1746273600000,95900.1,95937.3,95850.0,95900.0,51478.78
1746274500000,95900.0,96027.9,95899.9,96014.5,47054.33
1746275400000,96014.4,96108.2,95951.0,96102.8,66466.37
1746276300000,96102.7,96111.1,96027.6,96070.6,31966.83
1746277200000,96070.6,96150.0,96049.9,96122.5,45807.92
1746278100000,96122.5,96219.3,96122.4,96213.0,63980.87
1746279000000,96213.1,96273.0,96137.0,96210.0,64744.11
1746279900000,96210.0,96293.4,96194.1,96291.9,49275.8
1746280800000,96291.9,96394.0,96247.0,96247.1,77641.95
1746281700000,96247.1,96380.0,96232.8,96316.0,40098.86
1746282600000,96316.0,96348.0,96238.2,96321.8,33098.76
1746283500000,96321.7,96351.8,96259.6,96319.3,24533.24
1746284400000,96319.4,96472.1,96319.3,96411.8,77672.42
1746285300000,96411.8,96411.9,96360.7,96376.7,24284.34
1746286200000,96376.7,96436.2,96362.1,96370.7,17797.21
1746287100000,96370.7,96386.0,96265.5,96359.7,58888.12
1746288000000,96359.8,96374.9,96245.0,96245.1,34924.8
1746288900000,96245.1,96270.5,96151.9,96239.1,55602.76
1746289800000,96239.1,96239.1,96070.0,96117.3,68689.35
1746290700000,96117.3,96197.3,96027.3,96166.5,43062.67
1746291600000,96166.6,96166.6,95904.1,95992.1,102579.12
1746292500000,95992.1,96083.4,95815.0,96083.4,86319.82
1746293400000,96083.3,96083.4,95935.0,96041.0,49608.06
1746294300000,96040.9,96153.9,96040.9,96153.8,38388.79
1746295200000,96153.9,96177.3,96064.4,96177.3,21418.98
1746296100000,96177.3,96236.8,96095.0,96150.0,33550.44
1746297000000,96149.9,96150.0,96060.8,96066.0,16830.79
1746297900000,96065.9,96142.9,96065.9,96116.8,13351.68
1746298800000,96116.8,96170.0,96089.2,96170.0,13976.91
1746299700000,96170.0,96236.7,96163.0,96226.0,20089.27
1746300600000,96226.1,96299.1,96226.0,96252.2,20754.54
1746301500000,96252.3,96323.5,96239.7,96323.4,38147.63
1746302400000,96323.5,96356.7,96300.0,96300.0,23142.55
1746303300000,96300.0,96336.9,96273.6,96331.1,12843.13
1746304200000,96331.1,96336.3,96239.6,96312.4,11692.9
1746305100000,96312.5,96330.2,96261.5,96306.8,18053.77
1746306000000,96306.8,96306.9,96229.9,96241.9,19210.37
1746306900000,96242.0,96386.0,96241.9,96385.7,61668.68
1746307800000,96385.6,96400.0,96215.6,96257.1,25670.54
1746308700000,96257.2,96314.7,96196.6,96236.4,14241.74
1746309600000,96236.3,96345.4,96165.8,96168.7,44221.63
1746310500000,96168.7,96217.1,96166.6,96190.1,10767.66
1746311400000,96190.0,96230.4,96178.8,96230.3,8104.45
1746312300000,96230.4,96230.4,96125.0,96139.9,20783.79
1746313200000,96139.9,96139.9,96100.0,96100.0,13406.9
1746314100000,96100.0,96130.0,95882.7,95883.4,75511.7
1746315000000,95883.3,95996.1,95666.4,95859.7,253181.46
1746315900000,95859.7,95910.0,95760.0,95800.0,54150.83
1746316800000,95800.0,95918.5,95688.0,95915.4,57441.85
1746317700000,95915.5,96000.0,95846.5,95853.8,48806.18
1746318600000,95853.8,95903.7,95717.5,95750.1,64350.67
1746319500000,95750.0,95861.0,95720.0,95820.1,30955.62
1746320400000,95820.0,95899.8,95752.0,95892.3,26831.2
1746321300000,95892.2,95920.0,95780.0,95905.4,26865.52
1746322200000,95905.5,95919.5,95526.4,95626.4,113424.58
1746323100000,95626.4,96146.7,95547.5,96056.4,186784.06
1746324000000,96056.4,96239.0,96028.6,96174.9,79204.7
1746324900000,96174.9,96265.0,96066.5,96142.1,33763.35
1746325800000,96142.0,96198.0,95758.2,95857.3,81059.95
1746326700000,95857.4,95937.1,95760.0,95836.7,44236.22
1746327600000,95836.7,95857.9,95609.7,95712.9,81898.56
1746328500000,95712.9,95758.3,95620.0,95758.3,48344.46
1746329400000,95758.2,95850.0,95661.0,95724.3,44858.44
1746330300000,95724.2,95819.9,95674.0,95688.4,20635.45
1746331200000,95688.4,95833.0,95688.3,95800.0,18449.39
1746332100000,95799.9,95906.1,95799.9,95881.3,45711.89
1746333000000,95881.4,95881.4,95712.9,95730.2,18572.79
1746333900000,95730.1,95816.9,95688.4,95688.5,23063.04
1746334800000,95688.5,95922.1,95650.0,95852.0,61329.4
1746335700000,95852.0,95942.1,95746.9,95909.9,31656.08
1746336600000,95909.9,95949.4,95860.0,95918.0,29317.78
1746337500000,95917.9,96093.0,95917.9,96000.0,49155.33
1746338400000,96000.0,96105.9,95920.0,95987.0,41572.6
1746339300000,95987.1,96039.3,95895.0,95905.9,26804.25
1746340200000,95906.0,95929.7,95830.0,95872.9,19305.37
1746341100000,95872.9,95950.0,95868.4,95874.9,17500.96
1746342000000,95875.0,96040.0,95833.0,96004.8,20521.36
1746342900000,96004.8,96050.0,95850.0,95874.6,23399.73
1746343800000,95874.6,95874.7,95766.0,95805.7,32901.46
1746344700000,95805.6,95861.9,95785.0,95848.6,20599.12
1746345600000,95848.7,95898.6,95848.6,95858.0,14416.96
1746346500000,95858.0,95858.0,95576.4,95635.3,87686.97
1746347400000,95635.4,95657.5,95350.0,95576.6,162342.81
1746348300000,95576.6,95661.3,95500.0,95616.0,42986.71
1746349200000,95616.0,95652.6,95510.7,95608.3,39572.9
1746350100000,95608.3,95617.0,95409.0,95456.0,56826.2
1746351000000,95455.9,95559.0,95392.8,95462.1,56032.87
1746351900000,95462.1,95522.1,95407.7,95440.1,36273.92
1746352800000,95440.1,95475.1,95356.8,95419.4,52193.21
1746353700000,95419.3,95424.2,95233.5,95400.2,112953.98
1746354600000,95400.1,95470.0,95345.8,95454.7,56617.56
1746355500000,95454.8,95500.0,95345.8,95356.2,44161.27
1746356400000,95356.2,95481.6,95305.1,95428.6,54027.28
1746357300000,95428.7,95511.5,95400.0,95430.4,36408.17
1746358200000,95430.5,95472.0,95383.4,95411.1,28562.27
1746359100000,95411.1,95440.0,95335.6,95380.3,24751.8
1746360000000,95380.3,95463.3,95370.4,95463.3,23300.91
1746360900000,95463.3,95540.0,95382.3,95409.9,35859.47
1746361800000,95409.9,95493.7,95396.8,95485.9,30679.41
1746362700000,95486.0,95550.3,95425.8,95425.8,42838.23
1746363600000,95425.9,95555.0,95400.4,95400.4,33988.21
1746364500000,95400.4,95406.1,95269.8,95398.6,70693.59
1746365400000,95398.7,95398.7,95193.2,95213.9,62407.38
1746366300000,95213.8,95366.7,95181.5,95337.5,63755.48
1746367200000,95337.6,95470.0,95280.1,95439.7,36903.09
1746368100000,95439.6,95524.0,95427.5,95523.9,41569.35
1746369000000,95524.0,95561.1,95456.0,95490.1,37869.49
1746369900000,95490.2,95600.0,95480.0,95555.6,32748.63
1746370800000,95555.5,95631.0,95555.5,95600.8,55408.01
1746371700000,95600.8,95600.9,95470.1,95548.8,43744.41
1746372600000,95548.7,95548.8,95406.1,95409.5,31464.04
1746373500000,95409.5,95446.5,95368.6,95415.3,35809.08
1746374400000,95415.2,95496.0,95336.9,95401.9,43532.31
1746375300000,95401.8,95523.0,95320.0,95454.0,42720.13
1746376200000,95453.9,95457.1,95251.0,95282.3,51121.71
1746377100000,95282.3,95341.6,95243.0,95294.9,47158.58
1746378000000,95294.9,95430.0,95294.8,95404.1,28994.61
1746378900000,95404.1,95404.1,95260.0,95299.9,26902.16
1746379800000,95300.0,95361.0,95200.0,95343.9,33901.22
1746380700000,95343.8,95430.0,95343.8,95360.2,29970.1
1746381600000,95360.1,95443.8,95318.0,95318.4,18824.69
1746382500000,95318.4,95444.0,95318.4,95413.9,24910.97
1746383400000,95414.0,95439.0,95350.0,95385.5,9321.7
1746384300000,95385.5,95430.0,95328.3,95331.4,13619.23
1746385200000,95331.4,95410.0,95300.0,95385.5,13011.7
1746386100000,95385.4,95439.9,95355.8,95439.7,8869.23
1746387000000,95439.7,95598.5,95420.4,95565.9,36438.17
1746387900000,95565.9,95592.2,95487.6,95542.1,12096.96
1746388800000,95542.0,95620.0,95542.0,95608.6,17221.53
1746389700000,95608.7,95679.7,95518.0,95676.0,33457.62
1746390600000,95676.0,95683.8,95601.8,95649.8,13890.94
1746391500000,95649.8,95675.0,95634.1,95674.9,12629.45
1746392400000,95674.9,95720.0,95581.2,95581.2,26546.33
1746393300000,95581.2,95649.6,95580.3,95649.0,11160.96
1746394200000,95649.0,95700.0,95645.2,95698.9,13065.83
1746395100000,95699.0,95699.0,95604.2,95632.8,16329.73
1746396000000,95632.8,95640.4,95020.0,95154.5,221789.99
1746396900000,95154.5,95272.6,95085.0,95164.1,47725.9
1746397800000,95164.0,95164.1,94666.0,94830.0,312184.27
1746398700000,94830.1,94976.0,94743.1,94957.1,53109.29
1746399600000,94957.2,94976.0,94502.9,94736.1,154751.52
1746400500000,94736.0,94740.9,94356.0,94370.1,147570.72
1746401400000,94370.0,94472.1,94102.3,94102.3,233818.8
1746402300000,94102.3,94310.0,94102.3,94232.0,97913.72
1746403200000,94232.1,94499.7,94158.0,94391.2,146660.3
1746404100000,94391.2,94692.7,94391.1,94689.8,113821.42
1746405000000,94689.8,94750.0,94601.0,94620.0,73787.44
1746405900000,94620.0,94715.0,94618.0,94665.7,44021.95
1746406800000,94665.7,94700.0,94309.6,94442.6,107967.29
1746407700000,94442.7,94487.2,94171.7,94174.1,115177.24
1746408600000,94174.1,94206.0,93637.3,93912.1,401067.63
1746409500000,93912.1,94006.4,93822.0,93887.3,88804.23
1746410400000,93887.2,94000.0,93430.4,94000.0,320056.45
1746411300000,94000.0,94292.4,93999.9,94224.5,167670.57
1746412200000,94224.6,94341.0,94195.2,94205.8,87814.21
1746413100000,94205.8,94349.3,94157.0,94194.8,55933.54
1746414000000,94194.7,94255.2,94053.0,94100.0,66383.8
1746414900000,94100.1,94212.6,93974.1,93991.1,63891.44
1746415800000,93991.1,94150.8,93991.0,94150.8,47069.73
1746416700000,94151.1,94159.2,94002.6,94009.9,24702.8
1746417600000,94009.9,94161.5,93971.1,94119.9,49084.62
1746418500000,94119.9,94295.3,94119.9,94279.9,55603.5
1746419400000,94280.0,94388.8,94250.0,94388.3,62217.63
1746420300000,94388.3,94400.0,94320.0,94378.6,48862.85
1746421200000,94378.6,94420.0,94180.0,94249.9,95171.35
1746422100000,94250.0,94400.0,94220.1,94385.0,35191.14
1746423000000,94385.0,94496.8,94320.0,94458.6,47292.19
1746423900000,94458.5,94732.4,94453.8,94690.1,110195.73
1746424800000,94690.1,94740.0,94581.1,94590.6,67880.27
1746425700000,94590.7,94668.0,94522.1,94544.6,34362.56
1746426600000,94544.6,94720.0,94540.0,94661.6,56279.36
1746427500000,94661.6,94722.7,94610.5,94715.7,31083.83
1746428400000,94715.6,94786.5,94524.3,94553.4,68524.95
1746429300000,94553.4,94602.9,94490.3,94532.6,59545.06
1746430200000,94532.6,94664.6,94519.4,94659.7,38297.42
1746431100000,94659.6,94706.0,94610.0,94705.9,44908.6
1746432000000,94705.8,94740.0,94600.0,94613.3,63741.0
1746432900000,94613.3,94662.9,94519.5,94519.5,48900.81
1746433800000,94519.6,94590.6,94465.3,94511.1,50299.33
1746434700000,94511.1,94564.7,94459.4,94526.6,41652.9
1746435600000,94526.6,94578.4,94465.0,94465.1,30099.34
1746436500000,94465.1,94602.5,94440.3,94570.0,28318.49
1746437400000,94570.0,94610.5,94492.7,94560.5,18750.98
1746438300000,94560.5,94600.0,94510.3,94520.0,20253.3
1746439200000,94519.9,94529.2,94368.7,94389.5,52294.09
1746440100000,94389.4,94415.9,94322.1,94323.3,42203.95
1746441000000,94323.4,94414.7,94111.0,94160.0,105934.35
1746441900000,94160.0,94188.2,94008.5,94082.5,89815.95
1746442800000,94082.5,94191.7,94049.3,94191.7,45450.45
1746443700000,94191.7,94257.1,93928.2,93969.1,116674.16
1746444600000,93969.1,94033.2,93850.1,93905.8,120457.69
1746445500000,93905.9,94090.0,93905.8,93998.1,65713.65
1746446400000,93998.1,94172.1,93861.5,94159.7,90295.38
1746447300000,94159.6,94300.0,94111.0,94267.7,79554.09
1746448200000,94267.7,94300.0,94188.0,94272.8,46177.77
1746449100000,94272.8,94300.0,94207.7,94289.1,36052.21
1746450000000,94289.1,94370.3,94154.4,94166.6,65000.92
1746450900000,94166.6,94329.1,94088.0,94128.0,45809.68
1746451800000,94128.0,94215.9,93654.2,93840.1,240111.81
1746452700000,93840.1,94188.0,93573.6,94188.0,264163.4
1746453600000,94188.0,94500.0,93929.3,93969.9,269038.86
1746454500000,93969.9,94156.0,93766.6,93903.1,159622.81
1746455400000,93903.0,94110.0,93688.1,94047.9,108092.74
1746456300000,94047.9,94191.8,93785.0,93845.5,120553.4
1746457200000,93845.5,93850.1,93560.0,93694.8,166602.15
1746458100000,93694.8,93933.7,93620.1,93804.3,76724.42
1746459000000,93804.3,93900.0,93654.0,93684.0,48563.65
1746459900000,93684.0,93745.8,93571.8,93734.0,53096.38
1746460800000,93733.9,94011.0,93717.0,93939.0,78900.99
1746461700000,93939.0,94237.3,93926.7,94146.6,101873.2
1746462600000,94146.6,94238.0,94087.6,94197.5,76033.89
1746463500000,94197.6,94218.7,94064.6,94168.8,45132.88
1746464400000,94168.8,94236.0,94025.1,94051.3,93397.7
1746465300000,94051.3,94377.0,94037.6,94320.2,74620.04
1746466200000,94320.2,94600.0,94320.1,94415.9,167074.12
1746467100000,94415.9,94511.2,94377.0,94459.5,36102.97
1746468000000,94459.6,94646.8,94403.1,94625.7,88485.65
1746468900000,94625.8,94660.0,94506.0,94546.4,48659.66
1746469800000,94546.5,94865.4,94523.5,94805.1,104762.54
1746470700000,94805.1,94850.0,94668.8,94684.3,53240.45
1746471600000,94684.4,94794.2,94618.1,94755.0,41612.23
1746472500000,94755.1,94858.0,94556.0,94600.0,57057.02
1746473400000,94600.0,94642.6,94435.6,94458.9,62286.85
1746474300000,94458.8,94458.9,94239.0,94300.0,89337.6
1746475200000,94299.9,94330.5,94135.1,94200.0,61428.43
1746476100000,94200.1,94255.9,94130.0,94151.5,33968.82
1746477000000,94151.5,94151.5,93810.2,94013.8,92338.24
1746477900000,94013.8,94219.1,93946.4,94203.5,40614.47
1746478800000,94203.4,94556.5,94193.0,94545.7,80024.1
1746479700000,94545.7,94622.9,94477.3,94566.0,37750.36
1746480600000,94566.1,94566.1,94300.0,94507.6,50477.93
1746481500000,94507.6,94796.8,94501.6,94669.1,68417.13
1746482400000,94669.1,94837.0,94660.0,94791.4,50691.24
1746483300000,94791.5,94954.0,94786.0,94842.9,74355.93
1746484200000,94842.9,95150.0,94842.9,95129.8,152492.35
1746485100000,95129.8,95129.9,94932.7,94999.9,64261.73
1746486000000,95000.0,95078.0,94943.8,94943.9,43822.36
1746486900000,94943.8,95078.0,94838.2,94838.2,64825.27
1746487800000,94838.3,94877.1,94765.3,94778.5,43364.66
1746488700000,94778.0,94796.0,94670.0,94694.1,46586.38
1746489600000,94694.1,94739.8,94586.2,94639.4,60997.95
1746490500000,94639.4,94696.7,94525.0,94685.9,62876.29
1746491400000,94685.9,94689.1,94380.0,94420.0,54577.44
1746492300000,94419.9,94569.2,94419.9,94566.0,37206.34
1746493200000,94565.9,94736.0,94432.8,94699.9,69296.07
1746494100000,94700.0,94886.0,94699.9,94758.5,66386.1
1746495000000,94758.4,94775.4,94324.9,94341.1,108427.2
1746495900000,94341.1,94394.0,94250.3,94259.9,75250.77
1746496800000,94260.0,94362.0,94160.0,94210.8,64311.32
1746497700000,94210.8,94210.8,94005.1,94081.3,85865.51
1746498600000,94081.3,94195.0,93981.0,94109.4,66260.39
1746499500000,94109.4,94333.3,94109.3,94296.7,58668.27
1746500400000,94296.7,94357.1,94196.8,94224.0,53016.94
1746501300000,94224.0,94399.9,94174.8,94348.9,37600.77
1746502200000,94348.9,94456.1,94348.8,94432.5,40249.15
1746503100000,94432.4,94460.0,94371.7,94410.4,29779.49
1746504000000,94410.3,94412.2,94288.5,94336.2,29209.68
1746504900000,94336.2,94528.0,94314.0,94524.0,63935.89
1746505800000,94524.1,94545.2,94411.6,94421.0,28654.23
1746506700000,94421.0,94545.7,94421.0,94530.0,48133.72
1746507600000,94529.9,94560.0,94436.5,94436.6,29567.55
1746508500000,94436.5,94475.5,94279.5,94310.0,69364.29
1746509400000,94310.0,94371.7,94251.3,94302.6,28796.08
1746510300000,94302.6,94366.3,94259.6,94290.0,28034.75
1746511200000,94290.0,94419.9,94281.8,94395.9,20233.82
1746512100000,94396.0,94435.6,94350.0,94371.4,17053.59
1746513000000,94371.3,94443.8,94332.3,94435.6,15570.34
1746513900000,94435.6,94458.0,94370.6,94457.9,11787.93
1746514800000,94458.0,94599.0,94432.0,94444.1,43270.84
1746515700000,94444.0,94444.0,94370.6,94382.8,14504.98
1746516600000,94382.8,94499.7,94306.7,94361.2,33697.45
1746517500000,94361.2,94417.7,94340.3,94344.1,22361.19
1746518400000,94344.1,94353.3,94119.8,94153.6,51019.25
1746519300000,94153.6,94174.1,93952.1,93999.8,114701.8
1746520200000,93999.8,94240.0,93999.8,94213.5,63484.88
1746521100000,94213.5,94332.4,94213.4,94332.4,45565.56
1746522000000,94332.4,94333.3,94163.8,94163.8,50165.73
1746522900000,94163.9,94184.7,94095.8,94140.1,21500.79
1746523800000,94140.1,94180.6,94081.8,94081.8,18328.29
1746524700000,94081.9,94191.9,94073.0,94177.3,25051.23
1746525600000,94177.3,94177.5,94103.1,94115.8,22960.53
1746526500000,94115.8,94292.9,94108.3,94169.9,44125.3
1746527400000,94170.0,94206.7,94010.0,94030.0,60206.98
1746528300000,94030.1,94045.7,93818.3,93902.3,143858.13
1746529200000,93902.3,94018.8,93880.5,93949.3,48476.99
1746530100000,93949.3,94012.6,93837.0,93847.9,39708.34
1746531000000,93847.9,93939.9,93761.3,93841.2,97682.14
1746531900000,93841.1,93867.6,93674.0,93773.0,113503.6
1746532800000,93772.9,93876.2,93724.4,93774.3,72541.1
1746533700000,93774.3,93837.2,93734.2,93796.2,37733.39
1746534600000,93796.1,93980.0,93796.1,93959.6,74853.27
1746535500000,93959.6,94010.5,93884.9,93909.9,57721.48
1746536400000,93909.9,93918.9,93685.0,93700.1,81883.23
1746537300000,93700.1,93834.5,93684.8,93703.9,64104.64
1746538200000,93703.9,93971.1,93651.3,93918.0,140366.61
1746539100000,93918.0,93977.6,93338.0,93565.0,373803.89
1746540000000,93564.9,94150.0,93561.3,93980.9,340390.04
1746540900000,93980.9,94642.6,93980.9,94276.8,346644.56
1746541800000,94276.8,94420.5,94166.4,94203.3,121162.08
1746542700000,94203.4,94314.9,94028.6,94100.1,100227.95
1746543600000,94100.0,94285.7,94020.0,94285.7,82703.41
1746544500000,94285.7,94490.0,94160.0,94460.0,76256.21
1746545400000,94459.9,94683.5,94404.1,94531.4,160376.67
1746546300000,94531.5,94600.0,94441.5,94505.1,73108.15
1746547200000,94505.7,94766.0,94326.0,94760.1,139866.92
1746548100000,94760.0,94766.0,94385.8,94452.0,98584.53
1746549000000,94452.0,94689.1,94416.0,94424.7,45914.69
1746549900000,94424.8,94443.9,94171.5,94197.7,72276.84
1746550800000,94197.7,94433.3,94187.0,94403.8,44966.91
1746551700000,94403.8,94653.7,94400.0,94644.8,56770.49
1746552600000,94646.3,94800.0,94524.0,94544.0,84370.1
1746553500000,94544.1,94568.0,94445.1,94477.2,35655.82
1746554400000,94477.2,94616.4,94470.0,94559.5,42787.2
1746555300000,94559.4,94886.0,94559.4,94876.0,67666.94
1746556200000,94875.9,94906.8,94760.0,94764.6,52283.76
1746557100000,94764.6,95051.2,94764.5,95019.5,88693.71
1746558000000,95019.5,95075.9,94889.4,95009.9,83797.78
1746558900000,95010.0,95088.0,94957.3,95069.8,39397.3
1746559800000,95069.7,95106.0,94987.2,95067.0,41281.78
1746560700000,95067.0,95106.9,94869.8,94909.2,55631.54
1746561600000,94909.3,94977.0,94835.1,94930.3,39070.81
1746562500000,94930.3,94943.5,94717.0,94720.0,45875.61
1746563400000,94720.0,94730.0,94581.2,94666.0,41306.9
1746564300000,94665.9,94721.3,94580.1,94622.0,50585.34
1746565200000,94622.0,94758.0,94543.3,94566.0,25619.24
1746566100000,94566.0,94619.8,94379.4,94443.1,62328.93
1746567000000,94443.1,94631.1,94443.0,94616.2,27295.43
1746567900000,94616.2,94676.6,94564.8,94650.7,23415.49
1746568800000,94650.7,95490.6,94635.7,95126.3,428158.33
1746569700000,95126.2,95610.0,95103.6,95609.8,173382.69
1746570600000,95609.8,96128.0,95571.9,95996.0,311124.68
1746571500000,95996.0,96238.0,95958.4,96194.1,163060.55
1746572400000,96194.0,96382.0,96042.0,96140.0,242223.96
1746573300000,96140.0,96769.9,96126.0,96582.8,271494.0
1746574200000,96582.7,96830.0,96408.0,96829.8,152973.68
1746575100000,96829.7,96866.0,96712.3,96782.0,134197.75
1746576000000,96782.0,97063.2,96700.3,96966.0,264289.36
1746576900000,96966.0,97474.0,96923.9,97199.9,353495.05
1746577800000,97200.0,97258.0,97085.0,97181.6,133612.29
1746578700000,97181.6,97410.0,97085.8,97383.4,136143.84
1746579600000,97383.5,97720.0,97364.7,97430.7,247200.55
1746580500000,97430.8,97517.1,97333.4,97480.3,92857.04
1746581400000,97480.2,97499.9,97226.7,97254.2,103839.08
1746582300000,97254.2,97411.9,97136.7,97198.6,160658.48
1746583200000,97198.7,97230.0,96782.1,96928.1,258829.51
1746584100000,96928.0,97028.3,96810.3,96848.0,94794.25
1746585000000,96848.1,96860.2,96683.0,96698.8,95812.32
1746585900000,96698.8,96716.7,96454.0,96595.4,123910.86
1746586800000,96595.3,96635.5,96330.3,96382.2,158926.36
1746587700000,96382.2,96483.5,96171.9,96414.3,203401.3
1746588600000,96414.4,96566.0,96414.3,96471.5,103413.68
1746589500000,96471.5,96550.0,96381.3,96464.4,56390.06
1746590400000,96464.4,96673.6,96464.3,96673.6,75527.4
1746591300000,96673.6,96675.8,96515.1,96515.1,55567.87
1746592200000,96515.2,96515.2,96400.8,96473.3,49826.91
1746593100000,96473.3,96584.0,96378.9,96546.2,49939.37
1746594000000,96546.1,96546.2,96418.0,96460.0,37307.76
1746594900000,96460.0,96476.8,96355.3,96389.5,32639.06
1746595800000,96389.5,96477.2,96308.7,96326.1,52417.65
1746596700000,96326.1,96388.4,96274.6,96350.0,31249.51
1746597600000,96350.1,96625.0,96322.1,96625.0,98544.24
1746598500000,96624.9,96625.0,96483.5,96558.8,33630.85
1746599400000,96558.7,96558.8,96389.8,96488.2,35027.17
1746600300000,96488.2,96555.5,96407.0,96526.4,24318.49
1746601200000,96526.5,96651.1,96515.5,96628.1,44719.4
1746602100000,96628.1,96787.9,96608.6,96741.0,71662.36
1746603000000,96741.1,96833.0,96685.0,96821.9,60075.22
1746603900000,96821.9,96958.0,96815.7,96932.0,77123.51
1746604800000,96931.9,96955.3,96801.4,96811.7,62971.76
1746605700000,96811.6,96900.0,96811.6,96863.4,29076.18
1746606600000,96863.5,97008.8,96830.0,96967.2,62830.48
1746607500000,96967.2,97032.8,96902.1,96963.9,65503.52
1746608400000,96963.9,97000.0,96875.0,96893.0,51809.82
1746609300000,96893.0,96926.6,96818.4,96864.0,45660.13
1746610200000,96863.9,96969.9,96812.0,96960.5,36668.16
1746611100000,96960.5,96993.1,96905.9,96930.7,24720.63
1746612000000,96930.8,96932.3,96822.7,96901.8,31143.87
1746612900000,96901.9,96901.9,96778.8,96819.7,34705.38
1746613800000,96819.8,97022.4,96777.0,97015.1,58323.53
1746614700000,97015.1,97066.0,96952.8,96967.2,62778.45
1746615600000,96967.2,97032.3,96890.0,96993.0,43186.94
1746616500000,96993.0,97000.0,96881.1,96887.9,24873.66
1746617400000,96888.0,96980.0,96871.7,96980.0,28467.99
1746618300000,96980.0,97019.7,96916.6,96996.7,23547.41
1746619200000,96996.7,97037.5,96859.6,96952.0,63342.82
1746620100000,96952.1,97150.0,96905.1,96926.7,121215.52
1746621000000,96926.7,96977.1,96810.1,96875.9,51725.86
1746621900000,96876.0,96929.6,96831.0,96912.7,26644.62
1746622800000,96912.7,96912.8,96777.0,96790.0,52029.77
1746623700000,96790.0,96800.0,96680.3,96688.0,75573.71
1746624600000,96688.0,97265.0,96669.0,97180.4,204153.81
1746625500000,97180.4,97219.9,96783.8,96960.2,161484.33
1746626400000,96960.1,97260.8,96910.0,97146.7,143940.64
1746627300000,97146.7,97430.8,97075.0,97400.0,109984.09
1746628200000,97400.0,97444.3,97252.0,97255.5,109777.36
1746629100000,97255.5,97260.8,96748.6,96888.6,189280.67
1746630000000,96888.6,97018.3,96718.8,96820.6,110938.04
1746630900000,96820.7,97010.9,96810.1,96980.6,52908.87
1746631800000,96980.6,97115.1,96880.0,97050.9,59394.6
1746632700000,97050.9,97064.0,96800.0,96896.0,45785.46
1746633600000,96896.1,96897.3,96611.6,96764.2,119539.54
1746634500000,96764.3,96811.2,96470.8,96474.5,181067.48
1746635400000,96474.4,96668.2,96461.0,96654.8,134151.69
1746636300000,96654.8,96917.6,96634.0,96810.3,71392.47
1746637200000,96810.3,96848.2,96676.3,96788.5,58545.33
1746638100000,96788.4,96839.8,96566.8,96599.4,42692.8
1746639000000,96599.4,96657.0,96514.5,96531.1,62438.81
1746639900000,96531.0,96680.0,96140.0,96279.9,189312.46
1746640800000,96279.9,96629.3,95834.7,96182.4,400185.54
1746641700000,96182.5,96480.0,96071.5,96400.1,125268.56
1746642600000,96400.1,96848.4,96242.8,96360.1,245305.91
1746643500000,96360.1,96568.1,95961.5,96553.9,201512.96
1746644400000,96553.9,96582.2,96275.9,96340.2,81924.58
1746645300000,96340.2,96418.0,95934.9,95965.2,100029.35
1746646200000,95965.2,96588.0,95737.8,96421.8,238413.17
1746647100000,96421.8,96480.2,96036.0,96133.1,93978.23
1746648000000,96133.1,96379.8,96026.7,96348.5,58988.7
1746648900000,96348.5,96380.0,96166.7,96247.5,42721.97
1746649800000,96247.4,96403.3,96224.3,96403.3,38523.24
1746650700000,96403.3,96710.0,96367.6,96710.0,109269.36
1746651600000,96710.0,96788.9,96591.8,96757.7,56552.25
1746652500000,96757.6,97102.3,96712.6,97092.2,129122.36
1746653400000,97092.3,97209.7,96920.0,97200.0,120223.39
1746654300000,97200.0,97286.0,96955.0,97081.7,119291.4
1746655200000,97081.7,97264.1,97016.7,97122.7,94216.96
1746656100000,97122.7,97147.9,96961.6,96990.5,51553.26
1746657000000,96990.0,97200.0,96982.0,97195.8,36377.39
1746657900000,97195.9,97221.9,97113.9,97217.0,32524.45
1746658800000,97217.0,97349.5,97200.0,97289.9,88457.98
1746659700000,97290.0,97297.0,97135.3,97159.9,44591.21
1746660600000,97159.9,97198.1,96950.0,96978.8,64651.71
1746661500000,96978.9,97033.2,96922.0,96984.0,32869.38
1746662400000,96983.9,97066.0,96922.9,97027.9,46566.26
1746663300000,97028.0,97100.0,96956.1,97079.6,31730.37
1746664200000,97079.6,97100.0,96805.0,96885.0,73697.08
1746665100000,96885.1,97777.0,96841.9,97718.6,255162.19
1746666000000,97718.5,98350.0,97688.8,97811.1,594672.11
1746666900000,97811.1,98043.3,97551.1,97923.5,177906.18
1746667800000,97923.4,97975.9,97750.0,97787.4,96968.76
1746668700000,97787.4,97909.0,97658.0,97775.8,91065.15
1746669600000,97775.9,98030.0,97775.8,98030.0,94304.53
1746670500000,98029.9,98557.8,97989.9,98547.9,424136.59
1746671400000,98547.9,98821.6,98516.2,98630.0,299557.95
1746672300000,98630.0,98798.6,98581.9,98630.0,101497.7
1746673200000,98630.0,98837.9,98479.6,98731.9,139521.57
1746674100000,98731.9,98800.0,98632.4,98755.5,59899.43
1746675000000,98755.5,99095.0,98656.9,99091.1,288098.76
1746675900000,99091.1,99200.0,98800.0,99102.6,282540.86
1746676800000,99104.0,99362.0,99043.3,99164.2,305265.38
1746677700000,99164.1,99389.0,99164.1,99312.1,161906.97
1746678600000,99312.0,99312.1,99081.8,99092.8,159145.53
1746679500000,99092.7,99163.8,98899.0,98912.3,185357.58
1746680400000,98912.4,99087.6,98864.3,98882.1,102592.53
1746681300000,98882.1,98919.4,98757.0,98914.5,138019.47
1746682200000,98914.5,98922.4,98781.9,98846.0,40796.16
1746683100000,98845.9,98862.4,98703.6,98706.9,52391.9
1746684000000,98706.9,98880.4,98698.8,98876.8,72619.91
1746684900000,98876.7,98876.8,98800.0,98810.0,38173.22
1746685800000,98810.0,98888.0,98770.7,98888.0,56315.81
1746686700000,98888.0,99011.9,98817.8,98997.6,67152.22
1746687600000,98997.7,99142.7,98997.6,99104.6,82254.03
1746688500000,99104.6,99298.2,99074.2,99276.1,145864.65
1746689400000,99276.1,99344.2,99150.0,99311.7,107722.11
1746690300000,99311.7,99311.8,99157.9,99211.9,49059.71
1746691200000,99211.8,99619.9,99162.1,99442.1,301600.38
1746692100000,99442.1,99679.6,99400.0,99489.1,140123.71
1746693000000,99489.1,99622.0,99376.4,99583.0,81700.65
1746693900000,99583.0,99790.0,99559.8,99615.8,171799.11
1746694800000,99615.9,99652.7,99490.3,99535.2,66577.8
1746695700000,99535.1,99635.0,99510.0,99597.9,68290.47
1746696600000,99598.0,99598.0,99491.0,99556.1,51999.9
1746697500000,99556.1,99769.5,99556.0,99746.3,81274.25
1746698400000,99746.4,99767.6,99633.3,99633.4,56472.18
1746699300000,99633.3,99786.1,99633.3,99769.3,63505.11
1746700200000,99769.2,99831.6,99698.8,99725.5,72517.7
1746701100000,99725.4,99875.4,99713.8,99742.2,73454.12
1746702000000,99742.2,99742.2,99558.3,99572.1,124356.15
1746702900000,99572.1,99660.0,99451.1,99463.9,144000.98
1746703800000,99463.9,99552.7,99420.0,99534.0,77750.95
1746704700000,99534.0,99548.4,99366.7,99369.1,64252.34
1746705600000,99369.2,99450.0,99340.0,99340.0,77257.61
1746706500000,99340.0,99508.3,99340.0,99389.1,64013.27
1746707400000,99389.2,99524.2,99213.1,99256.0,128198.49
1746708300000,99256.0,99418.8,99226.3,99256.7,67051.66
1746709200000,99256.7,99361.5,99210.0,99222.1,54134.88
1746710100000,99222.2,99400.1,99210.0,99394.4,63492.54
1746711000000,99394.4,99607.4,99175.2,99256.2,191173.68
1746711900000,99256.2,99385.7,99053.7,99254.1,164715.34
1746712800000,99254.2,99408.9,99101.2,99130.0,128333.67
1746713700000,99130.1,99488.0,99130.0,99451.4,82236.41
1746714600000,99451.5,99742.6,99444.4,99576.0,184170.36
1746715500000,99575.2,99787.0,99320.0,99329.9,218852.84
1746716400000,99330.0,99720.0,99271.9,99691.5,133822.17
1746717300000,99691.5,100859.3,99617.2,100593.9,1091819.78
1746718200000,100593.9,101499.0,100380.0,101239.5,817116.95
1746719100000,101239.4,101400.0,100655.0,100730.0,482241.59
1746720000000,100730.0,100981.0,100528.8,100933.7,295077.44
1746720900000,100933.7,101121.0,100750.0,100825.6,123428.82
1746721800000,100825.6,101137.3,100678.0,101107.9,115317.31
1746722700000,101107.9,101312.0,101010.6,101234.0,144562.19
1746723600000,101233.9,101246.7,101053.6,101192.9,93462.62
1746724500000,101193.0,101666.0,101192.9,101473.9,189509.88
1746725400000,101473.9,101550.0,100972.4,101016.4,144768.28
1746726300000,101016.4,101062.3,100742.6,100982.1,175862.02
1746727200000,100982.1,101277.0,100931.8,101204.4,75497.2
1746728100000,101204.4,101368.0,101167.6,101276.7,66163.71
1746729000000,101276.8,101435.9,101223.0,101273.2,63125.93
1746729900000,101273.2,101374.3,101200.0,101319.2,34313.25
1746730800000,101319.2,101319.2,101011.4,101029.9,64217.26
1746731700000,101030.0,101304.0,100959.7,101137.9,107349.59
1746732600000,101137.9,101269.2,101108.6,101191.2,62481.28
1746733500000,101191.2,101299.9,100918.0,101261.2,105053.99
1746734400000,101261.2,101822.0,101230.6,101398.5,259778.85
1746735300000,101398.6,101535.7,101250.0,101533.0,50941.97
1746736200000,101533.0,102280.0,101525.1,102076.1,385402.47
1746737100000,102076.0,102825.3,101980.6,102575.2,346121.89
1746738000000,102575.2,102650.0,102077.4,102470.1,149624.56
1746738900000,102471.0,104318.9,102423.1,103298.0,731220.81
1746739800000,103297.9,103687.3,102841.5,102978.6,194176.35
1746740700000,102978.6,103299.9,102563.6,102796.0,165885.77
1746741600000,102796.0,102819.6,102376.0,102550.1,112438.71
1746742500000,102550.1,103042.8,102550.1,102808.7,110729.09
1746743400000,102808.7,103189.8,102650.0,103177.6,84183.59
1746744300000,103177.5,103211.4,102870.0,102989.1,60750.34
1746745200000,102989.2,103090.0,102763.7,102958.3,101946.98
1746746100000,102958.2,103149.8,102759.2,102817.9,76740.24
1746747000000,102818.0,103088.0,102803.0,103051.8,123287.01
1746747900000,103051.9,103322.0,103000.0,103234.1,98642.63
1746748800000,103234.0,103234.1,102975.4,103017.6,74810.4
1746749700000,103017.6,103145.8,102780.8,102792.4,61450.35
1746750600000,102792.4,102844.1,102486.0,102662.8,203576.1
1746751500000,102662.8,103015.4,102616.1,102770.9,88037.94
1746752400000,102770.9,102922.0,102662.5,102711.1,50402.17
1746753300000,102711.1,102961.2,102518.6,102728.0,104059.93
1746754200000,102728.0,102896.3,102591.5,102880.9,36782.21
1746755100000,102880.9,103098.8,102802.0,103063.2,49521.35
1746756000000,103063.1,103063.2,102858.0,102872.5,42581.96
1746756900000,102872.5,102972.9,102690.0,102690.1,44988.06
1746757800000,102690.1,102738.4,102599.9,102606.4,54885.63
1746758700000,102606.4,102714.6,102480.1,102585.9,71450.57
1746759600000,102585.9,102758.7,102413.1,102700.2,81818.16
1746760500000,102700.3,102780.0,102580.0,102617.2,58203.1
1746761400000,102617.2,102617.3,102279.4,102336.0,105478.94
1746762300000,102336.0,102443.8,102308.7,102418.1,78100.87
1746763200000,102418.2,102636.9,102346.4,102618.6,72574.49
1746764100000,102618.6,102670.0,102503.1,102526.3,45578.01
1746765000000,102526.3,102567.3,102439.7,102553.1,46927.56
1746765900000,102553.1,102832.3,102544.0,102799.9,81012.57
1746766800000,102800.0,102837.7,102689.7,102713.3,49018.8
1746767700000,102713.3,102723.5,102532.4,102699.5,59243.73
1746768600000,102699.5,102900.0,102699.5,102900.0,52399.15
1746769500000,102899.9,102930.0,102851.6,102930.0,30571.69
1746770400000,102929.9,102994.9,102887.3,102894.4,48127.02
1746771300000,102894.5,103188.0,102881.0,103083.7,81751.48
1746772200000,103083.7,103170.1,102947.3,103004.1,75829.34
1746773100000,103004.1,103226.0,102998.0,103179.9,47882.59
