ts,open,high,low,close,volume
1637910000000,57609.5,57676.5,57500.0,57604.9,34131.0
1637910900000,57604.9,57632.0,57501.0,57514.0,40427.0
1637911800000,57513.9,57524.3,57000.0,57000.6,173148.0
1637912700000,57000.0,57186.6,56658.0,56955.6,232762.0
1637913600000,56951.4,56959.7,56507.1,56783.8,174871.0
1637914500000,56783.2,56783.2,55395.1,55901.7,696813.0
1637915400000,55901.7,56178.6,54716.3,55413.1,410044.0
1637916300000,55413.2,55433.4,54300.0,55188.9,430798.0
1637917200000,55197.4,55380.0,54750.2,55248.9,223361.0
1637918100000,55262.0,55487.0,54948.7,54985.5,139147.0
1637919000000,54977.8,55140.0,54567.4,55127.8,159560.0
1637919900000,55127.8,55193.9,54584.8,54852.2,107118.0
1637920800000,54865.8,54899.9,54518.3,54715.8,121651.0
1637921700000,54721.2,54743.8,54650.6,54689.5,5259.0
1637922600000,54650.7,54770.2,54595.3,54638.6,6727.0
1637923500000,54618.0,54618.0,54605.1,54610.0,26.0
1637924400000,54610.0,54610.0,54610.0,54610.0,0.0
1637925300000,54610.1,54745.8,54510.0,54700.1,42267.0
1637926200000,54700.1,54859.4,53951.7,54125.7,154324.0
1637927100000,54125.7,54220.0,53555.0,53695.0,180822.0
1637928000000,53695.0,53961.0,53467.6,53687.1,182287.0
1637928900000,53685.1,54266.7,53685.0,54138.0,205671.0
1637929800000,54149.9,54360.0,53922.0,54020.0,83249.0
1637930700000,54027.7,54280.0,53890.0,54273.6,57132.0
1637931600000,54280.0,54323.1,53987.3,54013.7,47852.0
1637932500000,54013.6,54240.7,53966.0,54156.5,38187.0
1637933400000,54153.4,54310.0,54119.8,54259.9,29208.0
1637934300000,54259.9,54595.9,54213.0,54562.8,80462.0
1637935200000,54562.7,54574.0,54270.0,54434.5,64862.0
1637936100000,54434.5,54775.1,54352.1,54696.1,67741.0
1637937000000,54696.1,54810.0,54558.5,54559.9,76406.0
1637937900000,54560.0,54666.0,54360.4,54600.1,79296.0
1637938800000,54610.0,54610.0,54412.9,54434.1,32920.0
1637939700000,54436.3,54475.4,54189.5,54378.7,84159.0
1637940600000,54378.7,54500.0,54274.0,54404.5,33843.0
1637941500000,54404.5,54469.4,54289.0,54315.1,29506.0
1637942400000,54315.0,54388.0,54155.8,54198.7,72220.0
1637943300000,54198.6,54353.6,54023.9,54353.6,60974.0
1637944200000,54353.6,54493.1,54265.4,54379.0,68946.0
1637945100000,54379.0,54570.0,54280.0,54280.0,50560.0
1637946000000,54280.0,54470.1,54231.2,54437.6,40245.0
1637946900000,54437.7,54536.0,54119.8,54335.1,45649.0
1637947800000,54335.1,54645.0,54335.1,54576.0,34101.0
1637948700000,54576.1,54585.4,54205.1,54250.0,58982.0
1637949600000,54250.0,54266.8,54150.0,54216.8,20161.0
1637950500000,54216.7,54315.9,53926.0,53967.1,33624.0
1637951400000,53967.0,54335.3,53926.7,54303.7,26802.0
1637952300000,54303.7,54318.0,54088.1,54104.5,12612.0
1637953200000,54100.0,54256.7,54001.2,54223.8,13735.0
1637954100000,54223.7,54329.5,54184.1,54270.3,8511.0
1637955000000,54290.6,54377.9,54230.6,54313.5,7549.0
1637955900000,54303.2,54441.6,54303.2,54358.7,10264.0
1637956800000,54343.0,54343.0,54228.8,54267.9,8332.0
1637957700000,54268.0,54410.9,54232.3,54410.8,4739.0
1637958600000,54403.4,54467.4,54267.0,54296.3,9148.0
1637959500000,54285.7,54578.6,54275.5,54518.3,10195.0
1637960400000,54521.5,54578.1,54347.6,54351.1,11351.0
1637961300000,54351.0,54404.3,54270.1,54323.7,9188.0
1637962200000,54323.7,54419.8,54311.3,54404.9,2507.0
1637963100000,54404.8,54404.8,53984.3,53988.2,31737.0
1637964000000,53993.5,54409.7,53818.8,54275.9,68566.0
1637964900000,54292.1,54306.5,54151.6,54216.1,7031.0
1637965800000,54216.2,54281.7,54186.6,54186.6,3048.0
1637966700000,54177.7,54239.7,53986.1,54092.1,27598.0
1637967600000,54088.6,54223.6,54020.0,54120.0,17186.0
1637968500000,54117.6,54186.6,53674.4,53681.0,36964.0
1637969400000,53690.7,54006.6,53593.3,53657.6,62550.0
1637970300000,53646.0,53872.2,53533.3,53760.1,60667.0
1637971200000,53753.5,54409.2,53620.6,54321.2,77194.0
1637972100000,54321.2,54491.2,54086.0,54360.0,38231.0
1637973000000,54345.8,54619.9,54253.7,54462.8,55881.0
1637973900000,54462.8,54474.7,54092.1,54096.3,50710.0
1637974800000,54096.2,54240.0,53920.2,53923.3,26706.0
1637975700000,53923.4,54175.3,53923.3,54174.4,27449.0
1637976600000,54174.5,54330.6,54126.6,54231.1,21037.0
1637977500000,54231.1,54306.6,54124.8,54167.4,26190.0
1637978400000,54160.7,54359.3,54160.7,54265.8,18245.0
1637979300000,54271.5,54426.4,54125.5,54426.3,18315.0
1637980200000,54426.4,54512.0,54336.7,54429.7,28405.0
1637981100000,54429.1,54442.7,54309.2,54379.0,16782.0
1637982000000,54378.9,54507.5,54267.7,54503.1,14963.0
1637982900000,54503.2,54599.5,54468.0,54546.6,29533.0
1637983800000,54546.7,54596.4,54422.8,54439.2,22429.0
1637984700000,54439.3,54500.0,54300.9,54345.3,19392.0
1637985600000,54345.3,54425.7,54288.4,54305.0,22351.0
1637986500000,54303.0,54541.3,54255.4,54401.3,29738.0
1637987400000,54401.2,54570.0,54401.2,54512.9,23162.0
1637988300000,54512.9,54585.0,54426.7,54467.3,14085.0
1637989200000,54467.4,54540.2,54368.9,54399.8,12110.0
1637990100000,54398.4,54475.4,54381.6,54385.9,11679.0
1637991000000,54386.0,54486.6,54385.0,54436.9,9437.0
1637991900000,54432.9,54487.9,54226.7,54229.3,25221.0
1637992800000,54229.4,54449.9,54192.9,54421.0,28564.0
1637993700000,54410.7,54473.4,54252.9,54260.4,16575.0
1637994600000,54260.4,54358.1,54218.6,54350.0,14679.0
1637995500000,54350.0,54417.1,54203.4,54240.0,13616.0
1637996400000,54240.1,54388.2,54217.8,54388.2,22845.0
1637997300000,54388.2,54391.0,54246.6,54309.9,10718.0
1637998200000,54290.5,54361.6,54274.7,54355.0,6417.0
1637999100000,54354.9,54447.7,54331.9,54378.9,25035.0
1638000000000,54379.0,55107.3,54379.0,55014.1,134203.0
1638000900000,55014.0,55198.4,54668.5,55077.6,140072.0
1638001800000,55077.6,55278.6,55066.5,55095.1,82512.0
1638002700000,55095.0,55123.0,54979.0,55043.9,33812.0
1638003600000,55044.0,55163.4,55014.8,55100.0,24906.0
1638004500000,55100.0,55119.1,54820.1,54820.1,37297.0
1638005400000,54820.0,54946.5,54753.6,54858.1,34418.0
1638006300000,54858.0,54858.0,54571.9,54578.8,58474.0
1638007200000,54578.9,54659.1,54284.7,54409.9,70660.0
1638008100000,54409.9,54767.5,54385.9,54690.7,59462.0
1638009000000,54690.8,54833.5,54589.2,54797.8,45970.0
1638009900000,54795.2,54898.9,54700.0,54709.3,22328.0
1638010800000,54709.4,54936.5,54709.4,54936.5,23639.0
1638011700000,54936.5,54960.0,54767.1,54848.1,20028.0
1638012600000,54848.0,54848.0,54583.5,54652.8,29633.0
1638013500000,54652.9,54699.0,54517.8,54602.1,20421.0
1638014400000,54602.1,54730.2,54501.9,54729.5,29374.0
1638015300000,54724.6,54724.6,54490.8,54609.2,27424.0
1638016200000,54615.8,54834.9,54577.2,54734.4,27799.0
1638017100000,54734.5,54813.3,54696.2,54712.0,13624.0
1638018000000,54709.9,54920.0,54655.0,54858.8,30390.0
1638018900000,54858.9,55019.2,54850.0,54906.3,38123.0
1638019800000,54903.5,55173.0,54899.8,55139.0,45649.0
1638020700000,55139.0,55200.0,54950.0,54976.0,51107.0
1638021600000,54971.6,55243.1,54940.0,55161.6,42071.0
1638022500000,55160.1,55218.3,54909.9,55006.1,46691.0
1638023400000,55006.1,55006.1,54864.6,54916.8,25495.0
1638024300000,54923.6,54937.9,54700.0,54720.3,39212.0
1638025200000,54732.7,54846.5,54619.2,54794.4,35759.0
1638026100000,54794.5,54909.0,54730.8,54811.0,18536.0
1638027000000,54805.2,55019.0,54764.8,55012.5,23829.0
1638027900000,55012.6,55012.6,54868.8,54900.1,15005.0
1638028800000,54900.1,55117.0,54802.7,55104.5,38640.0
1638029700000,55104.5,55148.7,54940.0,54979.4,24875.0
1638030600000,54979.4,55223.7,54924.8,55133.4,27258.0
1638031500000,55133.4,55198.0,54825.0,54914.3,22071.0
1638032400000,54908.9,55051.8,54851.5,54991.5,20016.0
1638033300000,54995.9,55110.7,54958.1,55028.7,14728.0
1638034200000,55034.6,55082.0,54825.0,54846.5,15363.0
1638035100000,54838.0,54956.2,54835.5,54886.9,17982.0
1638036000000,54886.8,54901.8,54632.8,54718.9,36456.0
1638036900000,54720.3,54806.4,54680.0,54787.5,12243.0
1638037800000,54787.4,54948.9,54719.3,54920.8,15813.0
1638038700000,54920.7,55042.8,54819.7,54967.7,19184.0
1638039600000,54967.6,54991.0,54862.0,54948.1,6338.0
1638040500000,54951.9,54984.3,54841.1,54899.0,5625.0
1638041400000,54878.2,54979.9,54863.6,54922.0,6583.0
1638042300000,54922.1,55000.0,54894.4,54948.7,8858.0
1638043200000,54948.6,55074.7,54920.8,55073.0,20228.0
1638044100000,55070.0,55070.0,54973.0,54975.7,6534.0
1638045000000,54975.7,54976.4,54281.2,54425.3,89662.0
1638045900000,54425.3,54511.0,54122.0,54257.5,50932.0
1638046800000,54255.9,54364.6,54025.0,54124.0,27538.0
1638047700000,54123.9,54308.9,54011.1,54175.1,29514.0
1638048600000,54175.1,54423.2,54169.5,54278.8,29124.0
1638049500000,54287.6,54669.8,54287.6,54565.4,24599.0
1638050400000,54565.3,54727.8,54555.5,54722.6,30285.0
1638051300000,54728.4,54728.9,54503.5,54662.1,15432.0
1638052200000,54662.0,54884.6,54650.4,54778.2,13675.0
1638053100000,54778.2,54985.0,54729.6,54843.3,18625.0
1638054000000,54843.6,54890.3,54762.1,54803.3,13984.0
1638054900000,54803.3,54819.2,54605.5,54659.1,17841.0
1638055800000,54663.4,54671.5,54532.9,54557.4,12353.0
1638056700000,54557.4,54835.8,54368.4,54736.0,31008.0
1638057600000,54726.6,54824.5,54542.3,54664.4,35500.0
1638058500000,54666.5,54798.0,54500.0,54522.0,17833.0
1638059400000,54522.1,54548.0,54276.8,54486.6,29771.0
1638060300000,54486.6,54832.4,54486.6,54689.3,47759.0
1638061200000,54689.3,54743.7,54478.6,54506.4,19215.0
1638062100000,54506.3,54603.9,54439.4,54500.8,21451.0
1638063000000,54504.9,54510.2,54182.8,54240.0,46273.0
1638063900000,54236.3,54284.1,54128.9,54248.9,37746.0
1638064800000,54248.9,54347.3,54143.1,54307.5,34205.0
1638065700000,54302.2,54364.5,54150.0,54190.8,26666.0
1638066600000,54190.8,54196.1,53691.1,53856.7,147188.0
1638067500000,53856.7,54392.6,53837.9,54368.6,88675.0
1638068400000,54368.6,54435.9,54262.5,54271.3,45207.0
1638069300000,54271.3,54426.6,54228.2,54273.0,28964.0
1638070200000,54269.3,54299.0,54075.3,54119.7,34195.0
1638071100000,54119.6,54266.8,54055.7,54146.1,26458.0
1638072000000,54150.0,54220.2,53980.1,54003.9,23241.0
1638072900000,54003.9,54220.3,53969.0,54138.7,21935.0
1638073800000,54138.7,54232.3,54037.5,54065.5,16155.0
1638074700000,54053.5,54087.3,53945.7,54078.2,32993.0
1638075600000,54078.3,54318.5,54000.1,54247.0,35654.0
1638076500000,54248.1,54365.9,54161.4,54242.4,25790.0
1638077400000,54242.5,54338.3,54167.6,54247.7,11715.0
1638078300000,54247.6,54399.6,54247.6,54390.6,16055.0
1638079200000,54390.6,54412.7,54200.1,54229.6,12421.0
1638080100000,54229.5,54395.0,54188.0,54395.0,17099.0
1638081000000,54395.0,54465.8,54329.2,54424.7,33295.0
1638081900000,54424.7,54613.3,54424.6,54496.1,41459.0
1638082800000,54496.2,54546.6,54428.0,54498.9,20472.0
1638083700000,54499.0,54570.9,54414.3,54495.7,46705.0
1638084600000,54495.7,54579.0,54460.0,54515.0,21326.0
1638085500000,54515.0,54645.9,54474.8,54524.3,22455.0
1638086400000,54514.2,54630.0,54421.1,54626.9,18456.0
1638087300000,54626.8,54686.0,54440.0,54440.1,36012.0
1638088200000,54440.1,54478.8,54257.2,54358.0,32390.0
1638089100000,54358.0,54414.5,54241.6,54414.5,26388.0
1638090000000,54414.6,54487.9,54307.1,54308.6,28612.0
1638090900000,54308.6,54313.1,54145.8,54217.6,39811.0
1638091800000,54217.6,54343.5,54200.0,54311.9,16860.0
1638092700000,54312.0,54365.1,54246.7,54346.3,11869.0
1638093600000,54346.2,54352.3,54201.3,54349.9,13557.0
1638094500000,54349.9,54354.8,54243.6,54303.1,11971.0
1638095400000,54303.0,54470.0,54303.0,54452.1,22016.0
1638096300000,54452.0,54942.9,54452.0,54725.1,116571.0
1638097200000,54725.1,54874.4,54551.1,54577.3,55880.0
1638098100000,54577.3,54688.0,54529.7,54666.1,24035.0
1638099000000,54666.1,54671.6,54476.0,54482.7,26011.0
1638099900000,54482.7,54578.9,54440.9,54500.1,19209.0
1638100800000,54500.1,54636.0,54450.0,54636.0,22300.0
1638101700000,54636.0,54640.0,54288.0,54357.8,37233.0
1638102600000,54357.8,54435.8,54311.8,54368.8,25535.0
1638103500000,54368.8,54484.5,54332.0,54364.8,30336.0
1638104400000,54360.4,54400.0,54259.2,54287.9,18786.0
1638105300000,54279.0,54349.5,54234.6,54313.6,20978.0
1638106200000,54313.6,54347.3,54235.4,54240.2,15388.0
1638107100000,54240.1,54335.1,54222.0,54288.8,11545.0
1638108000000,54288.8,54360.3,54086.8,54140.6,36634.0
1638108900000,54140.6,54563.0,54033.0,54381.0,57321.0
1638109800000,54369.1,54500.0,54268.2,54280.0,20168.0
1638110700000,54280.0,54389.0,54238.0,54369.7,10586.0
1638111600000,54369.6,54409.9,54280.0,54280.1,8239.0
1638112500000,54280.1,54323.9,54188.5,54224.6,19947.0
1638113400000,54224.6,54371.7,54203.1,54371.7,14888.0
1638114300000,54371.6,54447.5,54289.0,54297.3,9838.0
1638115200000,54297.4,54373.8,54126.6,54184.2,22601.0
1638116100000,54184.1,54284.9,54060.0,54071.4,39684.0
1638117000000,54071.5,54151.3,53990.8,53993.1,41366.0
1638117900000,53993.0,54221.4,53958.1,54199.5,33653.0
1638118800000,54199.6,54258.2,54113.6,54232.5,13801.0
1638119700000,54232.5,54323.8,54069.1,54069.1,27978.0
1638120600000,54069.1,54111.8,53785.0,53857.6,66384.0
1638121500000,53857.7,54027.6,53800.0,53901.7,32992.0
1638122400000,53901.7,54000.0,53870.1,53914.6,15043.0
1638123300000,53914.5,53957.5,53708.0,53708.1,39219.0
1638124200000,53708.0,54058.9,53259.4,53815.3,218499.0
1638125100000,53815.2,54187.0,53815.2,54110.6,111982.0
1638126000000,54122.3,54702.4,54054.4,54622.2,101115.0
1638126900000,54610.5,54662.9,54437.7,54500.7,29191.0
1638127800000,54500.7,54925.8,54500.7,54668.9,62418.0
1638128700000,54669.0,54830.0,54566.1,54623.0,31262.0
1638129600000,54632.0,54839.4,54632.0,54815.6,19922.0
1638130500000,54813.4,54834.8,54641.2,54793.2,26752.0
1638131400000,54799.9,55150.0,54799.9,54893.6,63955.0
1638132300000,54893.6,54991.5,54853.3,54924.7,27735.0
1638133200000,54924.7,55043.2,54872.3,54947.9,15830.0
1638134100000,54948.0,55845.0,54948.0,55775.0,131702.0
1638135000000,55775.0,55958.1,55650.0,55823.6,96238.0
1638135900000,55823.6,56423.0,55749.1,56299.0,156558.0
1638136800000,56298.9,56731.2,56281.6,56513.1,116237.0
1638137700000,56513.1,56756.8,56196.7,56333.8,60393.0
1638138600000,56334.0,56438.0,56192.4,56238.1,24930.0
1638139500000,56231.6,56404.6,56039.2,56053.0,35224.0
1638140400000,56059.7,57318.0,56059.7,57008.7,247126.0
1638141300000,57008.7,57420.0,57008.7,57286.8,137468.0
1638142200000,57286.9,57459.4,57128.0,57140.5,72991.0
1638143100000,57140.4,57328.4,57073.0,57300.1,41239.0
1638144000000,57300.1,57530.9,57220.3,57347.8,130284.0
1638144900000,57360.7,57836.0,57155.2,57793.3,133479.0
1638145800000,57799.1,58000.0,57614.2,57616.2,143468.0
1638146700000,57616.2,57819.2,57480.1,57777.6,71512.0
1638147600000,57777.7,58270.0,57666.0,57818.1,185424.0
1638148500000,57812.0,57901.8,57623.9,57720.8,73143.0
1638149400000,57723.4,57767.0,57567.0,57655.2,30007.0
1638150300000,57655.2,57699.4,57553.1,57673.6,26870.0
1638151200000,57673.6,57739.7,57566.3,57616.0,25332.0
1638152100000,57611.1,57688.0,57506.1,57527.6,25045.0
1638153000000,57527.7,57611.2,57460.0,57466.4,31481.0
1638153900000,57466.4,57533.5,57320.5,57355.5,49289.0
1638154800000,57355.7,57426.5,57329.9,57350.8,25579.0
1638155700000,57342.8,57399.9,57210.8,57366.5,29793.0
1638156600000,57366.5,57425.0,57266.2,57279.9,24531.0
1638157500000,57280.0,57445.0,57275.1,57370.6,22775.0
1638158400000,57370.6,57647.3,57360.9,57512.2,75397.0
1638159300000,57512.2,57512.2,57311.9,57330.0,17213.0
1638160200000,57330.0,57500.0,57318.0,57429.8,14156.0
1638161100000,57435.1,57486.6,57250.0,57267.2,26565.0
1638162000000,57267.3,57300.5,57233.0,57251.1,12904.0
1638162900000,57251.1,57332.2,57251.1,57258.7,15821.0
1638163800000,57258.7,57326.5,57226.3,57318.0,16643.0
1638164700000,57318.0,57400.0,57280.1,57336.7,19391.0
1638165600000,57336.8,57498.8,57336.7,57429.9,26375.0
1638166500000,57430.0,57472.0,57349.4,57472.0,12637.0
1638167400000,57472.0,57497.1,57341.7,57416.9,12742.0
1638168300000,57416.9,57500.0,57366.7,57427.4,20821.0
1638169200000,57427.5,57583.1,57391.2,57566.0,48247.0
1638170100000,57566.0,57666.0,57480.0,57655.0,29846.0
1638171000000,57655.0,57662.0,57479.3,57500.0,22913.0
1638171900000,57499.9,57543.1,57445.6,57521.3,21437.0
1638172800000,57509.5,57619.4,57320.0,57376.4,36900.0
1638173700000,57383.3,57436.7,57220.8,57230.0,48665.0
1638174600000,57225.2,57371.8,57204.7,57233.6,18228.0
1638175500000,57233.5,57310.6,57227.3,57257.4,16140.0
1638176400000,57257.3,57388.0,57240.1,57335.7,24519.0
1638177300000,57335.7,57415.1,57310.0,57310.0,9011.0
1638178200000,57310.1,57366.5,56816.5,56816.5,105994.0
1638179100000,56816.5,57015.3,56700.0,56895.6,85441.0
1638180000000,56895.6,56972.5,56833.8,56899.0,40387.0
1638180900000,56898.9,57411.0,56870.0,57368.0,74418.0
1638181800000,57368.0,57401.2,57138.3,57159.8,54542.0
1638182700000,57159.8,57306.6,57091.1,57190.7,29982.0
1638183600000,57181.5,57315.4,57181.5,57235.5,10431.0
1638184500000,57245.5,57248.3,57066.6,57070.3,35293.0
1638185400000,57070.3,57153.1,56935.6,56974.8,24316.0
1638186300000,56974.9,57125.5,56888.6,56913.4,28536.0
1638187200000,56913.3,57101.3,56888.1,57031.9,37154.0
1638188100000,57031.9,57117.3,56890.0,56925.6,36299.0
1638189000000,56924.8,57082.6,56924.8,56993.1,18917.0
1638189900000,56993.1,57014.8,56860.2,56920.3,22263.0
1638190800000,56909.7,57200.0,56874.2,57172.2,55974.0
1638191700000,57172.3,57316.7,56992.4,57000.0,61828.0
1638192600000,57000.0,57514.8,57000.0,57358.3,73639.0
1638193500000,57365.3,57483.1,57229.4,57298.2,41835.0
1638194400000,57280.2,57409.2,57172.1,57215.4,29392.0
1638195300000,57215.4,57279.9,57130.0,57141.4,28684.0
1638196200000,57136.3,57156.9,57020.0,57103.6,32779.0
1638197100000,57103.5,57110.3,56940.6,57037.5,38384.0
1638198000000,57037.5,57094.1,56869.9,56880.7,34270.0
1638198900000,56871.3,57074.3,56871.3,56952.8,19130.0
1638199800000,56952.8,57005.0,56828.7,56949.2,34964.0
1638200700000,56949.1,57131.0,56931.3,57117.6,27932.0
1638201600000,57117.7,57180.0,57013.0,57060.9,35812.0
1638202500000,57062.0,57080.0,57006.2,57062.7,13966.0
1638203400000,57062.6,57197.0,57037.7,57188.4,25442.0
1638204300000,57182.4,57522.1,57158.0,57493.6,91856.0
1638205200000,57493.6,57988.0,57440.0,57967.8,97330.0
1638206100000,57967.9,58691.5,57899.2,58571.0,212293.0
1638207000000,58571.1,58789.8,58563.5,58649.0,84264.0
1638207900000,58649.1,58719.9,58525.0,58640.5,49399.0
1638208800000,58640.6,58734.5,58514.9,58620.2,38526.0
1638209700000,58620.2,58887.0,58582.8,58638.1,51599.0
1638210600000,58638.0,58760.2,58517.1,58685.1,37558.0
1638211500000,58682.0,58733.3,58626.7,58664.7,12719.0
1638212400000,58664.7,58689.8,58232.5,58308.0,44211.0
1638213300000,58303.5,58393.1,58145.7,58172.5,26982.0
1638214200000,58172.5,58266.6,57997.7,58053.2,35659.0
1638215100000,58053.3,58111.3,57815.6,57904.7,33479.0
1638216000000,57904.7,58014.6,57735.0,57930.3,29757.0
1638216900000,57930.3,58063.1,57866.0,58044.4,15891.0
1638217800000,58033.1,58260.2,57958.4,58260.2,17168.0
1638218700000,58260.3,58266.1,58033.6,58046.6,9389.0
1638219600000,58048.8,58266.5,58000.1,58236.2,14860.0
1638220500000,58236.2,58378.7,58222.3,58329.8,16926.0
1638221400000,58329.8,58362.7,58173.9,58197.9,11066.0
1638222300000,58197.9,58440.1,58181.2,58288.6,16304.0
1638223200000,58288.6,58386.1,58242.0,58272.9,9821.0
1638224100000,58272.9,58338.0,58151.9,58233.1,11376.0
1638225000000,58231.6,58245.6,58155.9,58168.4,6438.0
1638225900000,58168.4,58231.8,58046.4,58078.7,10233.0
1638226800000,58078.6,58117.5,57831.5,57929.0,30321.0
1638227700000,57931.1,58043.5,57890.0,58017.9,17344.0
1638228600000,58027.4,58040.1,57789.0,57833.3,25756.0
1638229500000,57833.4,57915.0,57688.1,57803.9,37511.0
1638230400000,57803.9,57933.0,57540.0,57910.3,79244.0
1638231300000,57910.4,57989.8,57734.9,57832.5,38301.0
1638232200000,57832.6,57924.4,57538.0,57720.4,41171.0
1638233100000,57720.4,57733.0,57555.0,57719.9,31690.0
1638234000000,57719.9,57810.0,57420.4,57440.8,88228.0
1638234900000,57440.7,57480.1,57023.4,57146.4,87632.0
1638235800000,57146.4,57350.7,57144.4,57308.3,47963.0
1638236700000,57308.3,57388.0,57202.0,57310.9,27647.0
1638237600000,57289.8,57460.0,57258.4,57432.3,23206.0
1638238500000,57430.6,57540.0,57341.2,57400.0,19934.0
1638239400000,57404.4,57440.0,57282.1,57366.1,19310.0
1638240300000,57366.1,57399.6,57306.5,57350.0,10425.0
1638241200000,57358.3,57412.6,57238.0,57330.9,16045.0
1638242100000,57330.9,57358.7,57175.0,57193.4,24442.0
1638243000000,57193.4,57261.0,56768.0,56864.7,112102.0
1638243900000,56864.8,57130.1,56864.8,57113.5,33189.0
1638244800000,57113.5,57266.4,57009.1,57247.9,31315.0
1638245700000,57247.9,57286.6,57052.4,57168.2,22552.0
1638246600000,57168.1,57215.6,57068.0,57128.9,11479.0
1638247500000,57134.7,57231.1,57089.1,57203.0,17050.0
1638248400000,57203.0,57295.8,57061.5,57085.3,19535.0
1638249300000,57085.3,57147.7,56812.2,56832.7,52067.0
1638250200000,56825.7,56917.9,56540.7,56608.1,92907.0
1638251100000,56608.2,56700.0,56269.1,56308.2,141028.0
1638252000000,56306.1,56383.6,56082.7,56134.9,162019.0
1638252900000,56134.9,56337.4,55888.0,56318.9,131980.0
1638253800000,56319.0,56416.1,56214.7,56342.1,54096.0
1638254700000,56342.0,56558.0,56333.1,56527.7,46437.0
1638255600000,56527.7,56762.3,56444.0,56570.4,71088.0
1638256500000,56576.9,56623.8,56379.0,56483.2,47470.0
1638257400000,56483.1,56511.0,56206.6,56212.8,33755.0
1638258300000,56212.8,56571.2,56212.8,56510.8,31583.0
1638259200000,56510.8,56608.6,56252.0,56482.4,62502.0
1638260100000,56496.8,56560.0,56342.8,56539.5,25475.0
1638261000000,56539.5,57006.5,56453.8,57006.5,68824.0
1638261900000,57006.5,57409.1,56768.0,56768.1,177882.0
1638262800000,56768.0,56943.2,56561.1,56690.5,69205.0
1638263700000,56690.5,56887.8,56289.3,56460.7,69527.0
1638264600000,56470.6,56580.7,56359.9,56472.0,32706.0
1638265500000,56485.4,56843.3,56485.4,56739.3,44049.0
1638266400000,56739.2,56914.1,56589.1,56820.0,41943.0
1638267300000,56815.1,56815.1,56646.6,56664.4,16517.0
1638268200000,56664.5,56918.4,56650.0,56889.3,18205.0
1638269100000,56889.4,57233.7,56856.3,57149.2,68927.0
1638270000000,57149.2,57196.4,56920.7,57045.9,44898.0
1638270900000,57062.4,57280.0,57028.2,57261.4,48806.0
1638271800000,57261.4,57728.8,57202.7,57599.8,115624.0
1638272700000,57610.7,57694.5,57349.1,57592.2,84566.0
1638273600000,57592.3,58311.3,57580.7,58206.9,162078.0
1638274500000,58207.0,58257.7,57878.0,57953.1,123948.0
1638275400000,57953.0,58176.8,57882.1,58090.5,60552.0
1638276300000,58090.4,58133.2,57824.5,57854.1,48459.0
1638277200000,57854.1,58250.0,57609.0,58214.0,139045.0
1638278100000,58213.9,58335.4,57937.2,58040.2,84672.0
1638279000000,58040.3,58149.6,57866.0,58059.5,40102.0
1638279900000,58062.8,58384.5,58062.8,58343.1,83220.0
1638280800000,58352.7,58479.5,58173.8,58234.0,116542.0
1638281700000,58234.1,58570.0,58139.4,58350.1,86961.0
1638282600000,58356.3,58377.3,58080.0,58217.1,85998.0
1638283500000,58218.0,58449.1,58130.1,58426.0,55546.0
1638284400000,58426.0,59080.0,58350.0,58814.6,256870.0
1638285300000,58814.6,59170.0,58616.3,59111.5,207017.0
1638286200000,59123.0,59234.8,58458.1,58580.1,200113.0
1638287100000,58580.1,58647.6,57104.7,57221.7,341560.0
1638288000000,57224.7,57480.8,56760.4,56870.5,392354.0
1638288900000,56880.9,57418.9,56537.0,57310.4,270071.0
1638289800000,57305.1,57720.4,56987.1,57035.5,174266.0
1638290700000,57023.1,57163.7,56502.0,56789.1,170675.0
1638291600000,56789.1,56900.0,56480.1,56783.7,113479.0
1638292500000,56776.6,57187.4,56766.7,57067.3,68331.0
1638293400000,57066.6,57272.3,57023.9,57206.8,48222.0
1638294300000,57198.8,57627.5,57165.3,57387.0,64736.0
1638295200000,57378.7,57580.3,57214.0,57318.3,57221.0
1638296100000,57318.4,57553.3,57318.4,57503.7,20174.0
1638297000000,57503.7,57876.5,57472.2,57823.1,63824.0
1638297900000,57823.2,58395.1,57721.8,58351.4,79926.0
1638298800000,58351.5,58370.6,57766.2,57929.8,58855.0
1638299700000,57907.7,58026.6,57668.2,57797.2,27091.0
1638300600000,57793.0,57951.9,57477.4,57558.7,78860.0
1638301500000,57572.4,57692.2,57380.2,57644.8,38100.0
1638302400000,57645.5,57765.4,57194.3,57351.5,45397.0
1638303300000,57344.5,57501.5,57252.6,57416.9,22932.0
1638304200000,57396.0,57655.9,57310.1,57616.1,32346.0
1638305100000,57616.2,57753.4,57238.9,57425.1,42223.0
1638306000000,57419.7,57704.6,57415.5,57608.9,19154.0
1638306900000,57612.4,57777.0,57298.0,57308.2,24630.0
1638307800000,57300.1,57379.9,56857.4,56914.4,46515.0
1638308700000,56893.0,57245.4,56893.0,57099.0,24546.0
1638309600000,57093.0,57292.7,57020.9,57276.2,21956.0
1638310500000,57283.8,57536.5,57192.5,57434.5,14296.0
1638311400000,57434.6,57444.3,57251.0,57392.3,7218.0
1638312300000,57386.8,57399.3,57170.4,57313.6,10699.0
1638313200000,57283.2,57415.0,57013.2,57100.2,31909.0
1638314100000,57100.2,57359.4,57100.2,57247.8,19604.0
1638315000000,57247.9,57284.6,57016.3,57139.4,16634.0
1638315900000,57139.4,57160.0,56755.0,56947.0,56556.0
1638316800000,56954.1,57541.7,56641.8,57199.7,103925.0
1638317700000,57199.8,57546.5,57199.8,57529.4,42061.0
1638318600000,57529.4,57683.4,57231.1,57348.6,50689.0
1638319500000,57348.6,57682.4,57330.0,57582.6,29443.0
1638320400000,57582.5,57582.5,57299.1,57347.0,33089.0
1638321300000,57336.7,57336.7,57014.1,57101.6,35079.0
1638322200000,57101.5,57260.5,56925.5,57088.9,30349.0
1638323100000,57088.9,57206.1,57000.0,57008.9,20737.0
1638324000000,57008.9,57107.1,56840.5,56871.4,28095.0
1638324900000,56877.8,56946.6,56840.0,56928.7,18400.0
1638325800000,56928.7,57200.0,56919.9,57170.1,36084.0
1638326700000,57179.3,57405.0,57127.3,57300.0,29510.0
1638327600000,57295.2,57363.0,57185.5,57203.9,37845.0
1638328500000,57203.8,57266.1,57108.0,57126.7,33815.0
1638329400000,57125.6,57432.7,57024.9,57263.9,39539.0
1638330300000,57263.8,57420.0,57114.3,57404.2,38972.0
1638331200000,57404.3,57463.1,57251.9,57314.9,34075.0
1638332100000,57309.0,57320.6,57151.0,57182.5,19964.0
1638333000000,57182.4,57267.5,57145.1,57174.8,16074.0
1638333900000,57174.7,57174.8,57006.0,57076.6,33994.0
1638334800000,57076.6,57153.0,56981.0,56981.0,20760.0
1638335700000,56980.0,57031.0,56840.0,56901.3,49565.0
1638336600000,56901.2,56955.9,56811.3,56940.4,32523.0
1638337500000,56940.4,56963.9,56754.2,56811.5,40919.0
1638338400000,56811.5,57049.6,56690.0,57035.1,53547.0
1638339300000,57035.1,57120.1,56921.1,56950.0,30924.0
1638340200000,56950.0,57019.8,56847.7,56923.4,20183.0
1638341100000,56923.4,57100.0,56920.1,56953.8,20495.0
1638342000000,56953.9,57207.3,56839.0,57113.6,71707.0
1638342900000,57115.7,57342.0,57100.0,57158.5,50873.0
1638343800000,57158.4,57268.6,57066.7,57233.5,35909.0
1638344700000,57233.6,57269.7,57057.2,57193.5,28274.0
1638345600000,57196.1,57239.8,56880.0,56955.7,46378.0
1638346500000,56955.7,57743.3,56928.2,57648.4,191409.0
1638347400000,57642.7,57846.2,57151.1,57158.1,126793.0
1638348300000,57158.1,57293.6,56789.0,56918.4,155236.0
1638349200000,56924.9,57049.9,56733.8,57011.2,80774.0
1638350100000,57011.2,57092.5,56884.4,56974.3,29760.0
1638351000000,56974.3,57124.1,56873.9,57085.6,29385.0
1638351900000,57085.7,57181.5,56989.2,57111.3,70358.0
1638352800000,57107.2,57190.9,57008.0,57008.0,27699.0
1638353700000,57007.7,57136.2,56993.0,57070.2,17232.0
1638354600000,57062.7,57062.7,56838.3,56978.0,29530.0
1638355500000,56978.0,57074.2,56910.1,56968.9,13846.0
1638356400000,56973.5,56997.3,56872.9,56929.6,22069.0
1638357300000,56929.6,56929.7,56766.6,56859.8,28770.0
1638358200000,56859.7,57144.4,56842.6,56999.8,36663.0
1638359100000,56999.8,57243.1,56836.0,57169.8,83679.0
1638360000000,57169.7,57388.0,57062.4,57260.2,63718.0
1638360900000,57260.1,57333.0,57127.8,57252.3,26935.0
1638361800000,57248.0,57284.2,57076.2,57113.8,31095.0
1638362700000,57119.5,57183.3,57002.0,57087.2,27896.0
1638363600000,57096.0,57341.9,57050.0,57258.6,55975.0
1638364500000,57258.7,57456.6,57220.4,57350.7,35999.0
1638365400000,57350.9,57971.5,57350.9,57743.6,157408.0
1638366300000,57743.6,57800.0,57457.8,57652.0,100884.0
1638367200000,57645.0,58054.8,57644.9,57953.1,97083.0
1638368100000,57956.8,58531.2,57953.1,58507.9,173333.0
1638369000000,58507.9,58564.0,58206.6,58564.0,109569.0
1638369900000,58564.0,58748.6,58300.1,58551.4,130533.0
1638370800000,58551.3,58857.5,58358.0,58431.7,134087.0
1638371700000,58431.6,58607.3,58300.0,58498.9,61141.0
1638372600000,58498.9,58753.4,58308.2,58425.5,96733.0
1638373500000,58425.6,58650.0,58425.6,58617.6,42939.0
1638374400000,58617.6,58981.6,58566.6,58958.7,122131.0
1638375300000,58958.8,59067.1,58738.2,58813.2,79098.0
1638376200000,58813.3,58858.4,58576.2,58666.9,53147.0
1638377100000,58667.0,58750.0,58415.6,58456.3,45084.0
1638378000000,58456.3,58600.0,58418.5,58494.7,27088.0
1638378900000,58504.5,58619.2,58352.6,58355.2,33968.0
1638379800000,58355.3,58465.0,58319.2,58400.1,31074.0
1638380700000,58400.0,58621.4,58004.1,58032.8,80460.0
1638381600000,58032.7,58131.8,57700.7,57721.6,97037.0
1638382500000,57721.7,57941.0,57580.0,57827.1,72217.0
1638383400000,57821.2,57966.5,57564.9,57711.0,52340.0
1638384300000,57702.3,57706.5,57384.1,57485.6,63929.0
1638385200000,57485.6,57537.1,57022.0,57050.0,92429.0
1638386100000,57050.0,57493.3,57016.6,57492.9,61176.0
1638387000000,57484.7,57687.8,57389.8,57545.2,51492.0
1638387900000,57545.1,57685.8,57413.9,57428.5,29511.0
1638388800000,57428.5,57453.7,57081.7,57311.0,42906.0
1638389700000,57310.9,57310.9,56736.0,56944.7,103990.0
1638390600000,56944.6,57244.7,56855.0,57201.7,55834.0
1638391500000,57206.5,57227.0,56605.3,56791.6,64336.0
1638392400000,56793.9,56998.2,56450.0,56934.3,98909.0
1638393300000,56934.2,57005.2,56533.0,56541.4,39605.0
1638394200000,56550.5,56792.0,56513.7,56762.1,37124.0
1638395100000,56762.1,57015.3,56650.1,56974.5,29785.0
1638396000000,56974.4,57111.0,56814.8,56850.1,30660.0
1638396900000,56850.0,56891.6,56631.6,56891.6,21287.0
1638397800000,56891.5,57045.2,56709.9,56861.8,10055.0
1638398700000,56861.8,57094.0,56851.8,57043.0,11880.0
1638399600000,57049.9,57235.0,56979.7,57120.3,56722.0
1638400500000,57127.5,57200.0,57005.0,57175.5,27083.0
1638401400000,57175.5,57200.0,57052.8,57076.8,22618.0
1638402300000,57084.8,57210.0,57031.8,57164.9,29659.0
1638403200000,57164.9,57178.1,56879.8,57067.7,56464.0
1638404100000,57067.7,57169.5,56912.6,56998.1,24111.0
1638405000000,57000.1,57157.0,56756.0,56831.5,44032.0
1638405900000,56831.5,57016.7,56700.0,57016.7,36971.0
1638406800000,57016.7,57078.2,56787.2,57069.4,29331.0
1638407700000,57069.4,57391.2,56935.7,57300.7,65128.0
1638408600000,57300.6,57385.7,57105.0,57131.7,46527.0
1638409500000,57131.6,57248.1,57077.8,57216.9,16199.0
1638410400000,57224.3,57229.9,56859.7,56919.6,64669.0
1638411300000,56919.6,56968.0,56842.1,56911.5,28303.0
1638412200000,56911.5,57088.5,56911.4,57072.6,22178.0
1638413100000,57072.5,57175.0,56940.1,56959.5,23272.0
1638414000000,56959.5,56959.5,56124.4,56127.7,267948.0
1638414900000,56127.6,56179.3,55770.5,55957.7,212989.0
1638415800000,55953.3,56198.3,55840.0,56118.1,84934.0
1638416700000,56118.1,56500.0,56022.0,56313.1,112934.0
1638417600000,56313.2,56500.0,56220.0,56476.2,63950.0
1638418500000,56476.1,56566.0,56382.0,56565.2,31368.0
1638419400000,56565.1,56650.0,56432.5,56496.4,55144.0
1638420300000,56496.4,56595.7,56442.7,56480.0,28092.0
1638421200000,56480.0,56835.2,56470.0,56787.9,54473.0
1638422100000,56788.0,56949.1,56753.0,56819.6,72216.0
1638423000000,56819.6,56904.4,56731.3,56860.6,40860.0
1638423900000,56860.6,56975.1,56825.4,56897.6,37408.0
1638424800000,56897.6,56897.6,56560.0,56690.3,44777.0
1638425700000,56690.2,56767.0,56610.9,56730.1,24178.0
1638426600000,56733.9,56734.0,56364.2,56494.9,85177.0
1638427500000,56494.9,56670.0,56494.8,56651.7,23648.0
1638428400000,56651.7,56830.0,56603.1,56744.6,43381.0
1638429300000,56744.5,56960.0,56739.7,56892.1,55086.0
1638430200000,56889.1,56946.4,56620.9,56715.0,40874.0
1638431100000,56715.0,56877.0,56711.7,56819.0,21958.0
1638432000000,56813.0,56967.8,56753.2,56836.3,35721.0
1638432900000,56837.1,57160.9,56835.7,57152.5,51699.0
1638433800000,57152.5,57200.0,56908.3,56959.1,66313.0
1638434700000,56959.1,56993.7,56926.1,56947.4,25182.0
1638435600000,56950.0,57082.5,56940.1,57067.6,15224.0
1638436500000,57067.6,57067.6,56740.1,56777.4,32170.0
1638437400000,56777.3,56865.4,56568.0,56719.0,53199.0
1638438300000,56720.2,56798.4,56587.4,56682.7,38303.0
1638439200000,56682.7,56820.5,56621.1,56676.1,24382.0
1638440100000,56676.0,56676.0,56435.2,56535.4,61840.0
1638441000000,56536.8,56665.5,56480.1,56576.7,32579.0
1638441900000,56576.8,56599.8,56468.5,56564.5,21426.0
1638442800000,56570.9,56624.4,56112.1,56150.1,96696.0
1638443700000,56150.1,56552.1,56060.6,56419.7,97927.0
1638444600000,56419.7,56562.7,56267.3,56451.5,86605.0
1638445500000,56451.5,56451.5,56250.0,56326.7,30840.0
1638446400000,56317.1,56350.0,56066.0,56107.6,59150.0
1638447300000,56107.5,56485.3,56025.3,56443.7,71093.0
1638448200000,56443.8,56521.7,56360.2,56382.8,45584.0
1638449100000,56379.3,56599.7,56273.5,56534.5,44652.0
1638450000000,56534.5,56625.0,56455.0,56536.1,33374.0
1638450900000,56536.1,56616.0,56065.1,56088.5,80443.0
1638451800000,56088.5,56335.0,56088.5,56281.9,43168.0
1638452700000,56281.8,56500.0,56153.9,56476.3,62576.0
1638453600000,56473.8,56747.0,56326.2,56730.0,55338.0
1638454500000,56730.0,56766.9,56475.7,56483.5,37340.0
1638455400000,56483.6,57076.2,56357.1,57032.8,117259.0
1638456300000,57033.1,57215.8,56936.9,57114.7,106920.0
1638457200000,57114.7,57387.8,56761.9,56840.0,143823.0
1638458100000,56840.0,56950.3,56481.7,56617.4,135016.0
1638459000000,56617.4,56690.5,56113.9,56160.1,162442.0
1638459900000,56160.1,56540.0,56138.1,56532.0,65416.0
1638460800000,56520.0,56745.8,56305.9,56360.7,68948.0
1638461700000,56360.8,56513.8,56255.5,56284.3,62710.0
1638462600000,56279.1,56369.0,56116.1,56128.1,55976.0
1638463500000,56130.4,56419.3,56008.0,56353.1,62481.0
1638464400000,56344.7,56532.8,56280.0,56461.1,42092.0
1638465300000,56470.0,56584.6,56369.6,56530.2,24307.0
1638466200000,56535.9,56683.7,56464.0,56530.0,21818.0
1638467100000,56530.1,56659.9,56473.1,56580.3,19941.0
1638468000000,56585.9,56607.4,56305.9,56437.8,37609.0
1638468900000,56437.8,56450.5,56155.1,56189.8,27574.0
1638469800000,56189.8,56519.8,56150.0,56451.3,31537.0
1638470700000,56451.3,56758.7,56318.4,56733.9,46145.0
1638471600000,56733.9,56947.1,56602.7,56794.1,98692.0
1638472500000,56787.1,56942.0,56697.7,56770.0,30096.0
1638473400000,56770.0,56849.9,56585.0,56599.9,22378.0
1638474300000,56599.9,56690.0,56511.5,56618.9,32232.0
1638475200000,56626.0,56998.0,56550.0,56891.0,46135.0
1638476100000,56894.1,56998.0,56806.7,56992.7,21102.0
1638477000000,56992.6,57233.5,56990.2,57184.0,41549.0
1638477900000,57186.6,57186.6,56887.0,57029.7,34223.0
1638478800000,57038.7,57046.1,56823.0,56839.4,19815.0
1638479700000,56839.5,56947.6,56781.6,56810.1,16089.0
1638480600000,56818.7,57032.5,56818.7,57016.9,9273.0
1638481500000,57016.9,57032.6,56829.6,56868.6,6841.0
1638482400000,56868.5,56868.5,56673.2,56788.3,11102.0
1638483300000,56788.6,56791.7,56634.8,56742.2,9902.0
1638484200000,56742.2,56871.7,56735.1,56871.3,5241.0
1638485100000,56871.4,56925.9,56594.6,56866.0,21409.0
1638486000000,56855.8,56910.1,56676.7,56772.0,20918.0
1638486900000,56772.1,56825.9,56509.4,56525.7,49128.0
1638487800000,56525.8,56636.1,56450.0,56508.2,28141.0
1638488700000,56508.2,56587.7,56351.1,56487.8,32568.0
1638489600000,56487.8,56580.1,56414.1,56525.4,37170.0
1638490500000,56522.5,56600.0,56421.2,56491.9,23572.0
1638491400000,56487.1,56764.9,56487.1,56650.0,33539.0
1638492300000,56650.0,56662.1,56512.0,56512.0,12138.0
1638493200000,56512.0,56722.2,56503.0,56588.1,19687.0
1638494100000,56588.0,56720.0,56462.8,56507.3,24220.0
1638495000000,56507.2,56582.9,56451.2,56458.0,19342.0
1638495900000,56458.0,56598.9,56387.5,56514.9,29871.0
1638496800000,56514.8,56580.0,56417.2,56550.0,9989.0
1638497700000,56550.0,56578.0,56420.0,56439.0,8522.0
1638498600000,56439.1,56480.0,56222.0,56240.0,30672.0
1638499500000,56240.0,56399.9,56080.7,56261.3,73256.0
1638500400000,56261.3,56316.1,56150.0,56214.1,29069.0
1638501300000,56214.0,56283.6,56115.0,56283.6,30648.0
1638502200000,56283.5,56534.7,56226.7,56447.4,47382.0
1638503100000,56441.2,56457.6,56310.1,56330.4,22267.0
1638504000000,56330.3,56521.0,56263.1,56469.2,29672.0
1638504900000,56469.3,56660.0,56469.3,56638.6,44234.0
1638505800000,56638.5,56699.0,56540.0,56698.9,25261.0
1638506700000,56699.0,56699.0,56515.3,56608.5,29246.0
1638507600000,56602.3,56657.3,56533.5,56582.5,14997.0
1638508500000,56582.5,56612.8,56435.9,56447.3,14053.0
1638509400000,56447.2,56930.0,56431.6,56924.1,70849.0
1638510300000,56924.1,57042.9,56692.7,56740.3,66038.0
1638511200000,56740.3,56859.5,56689.5,56738.5,32166.0
1638512100000,56738.5,56855.0,56697.1,56842.6,18138.0
1638513000000,56842.7,56969.4,56806.7,56877.9,28310.0
1638513900000,56877.8,56924.1,56805.0,56839.0,19178.0
1638514800000,56851.3,56875.0,56775.6,56812.8,15818.0
1638515700000,56812.8,56939.9,56756.4,56908.9,28537.0
1638516600000,56908.8,56973.4,56650.0,56716.4,49477.0
1638517500000,56716.4,56806.4,56696.0,56757.7,24656.0
1638518400000,56757.7,56838.6,56633.0,56710.3,27265.0
1638519300000,56710.3,56755.3,56511.8,56520.6,38401.0
1638520200000,56520.6,56599.6,56500.0,56568.8,32091.0
1638521100000,56560.7,56615.4,56530.4,56598.3,12293.0
1638522000000,56598.3,56608.3,56500.0,56575.0,14874.0
1638522900000,56571.4,56608.4,56442.3,56490.3,23120.0
1638523800000,56490.3,56650.0,56490.3,56618.9,17793.0
1638524700000,56619.0,56862.6,56618.9,56838.8,49282.0
1638525600000,56833.0,57346.0,56833.0,57181.3,184372.0
1638526500000,57181.3,57236.0,56860.0,56934.2,79795.0
1638527400000,56928.5,56928.5,56700.0,56840.6,60919.0
1638528300000,56840.6,56936.7,56773.1,56864.1,30916.0
1638529200000,56864.2,57185.2,56864.2,56981.3,48369.0
1638530100000,56981.3,57095.4,56931.0,57062.1,24754.0
1638531000000,57062.0,57066.0,56823.0,56927.2,34831.0
1638531900000,56932.9,57037.9,56930.5,56989.2,30383.0
1638532800000,56982.8,57200.0,56982.8,57080.0,40274.0
1638533700000,57072.9,57127.7,56933.1,56945.3,30613.0
1638534600000,56942.1,56962.1,56832.0,56902.9,34756.0
1638535500000,56902.8,56935.5,56761.8,56805.8,41555.0
1638536400000,56805.7,56914.1,56767.5,56907.9,17825.0
1638537300000,56909.9,56956.3,56851.3,56937.1,17111.0
1638538200000,56937.1,57660.1,56937.1,57127.2,234026.0
1638539100000,57127.1,57127.2,56753.0,56881.9,159709.0
1638540000000,56881.8,56930.0,56710.1,56746.8,60056.0
1638540900000,56741.1,56808.0,56554.5,56730.8,71862.0
1638541800000,56730.9,56810.0,56500.0,56542.5,58744.0
1638542700000,56542.6,56606.4,56180.0,56251.7,153544.0
1638543600000,56251.6,56314.6,56080.0,56090.0,98703.0
1638544500000,56090.4,56355.0,56080.0,56319.7,74006.0
1638545400000,56319.7,56319.7,56064.5,56082.3,47098.0
1638546300000,56082.2,56244.9,55738.0,55979.8,225427.0
1638547200000,55976.1,55983.3,54903.8,55463.9,489275.0
1638548100000,55470.0,55578.0,55168.0,55422.9,133652.0
1638549000000,55418.6,55550.0,55280.0,55308.4,75217.0
1638549900000,55308.3,55347.4,54863.1,54995.0,139483.0
1638550800000,55000.0,55049.9,54572.6,54890.1,177655.0
1638551700000,54880.0,55080.0,54868.8,54878.9,39279.0
1638552600000,54878.9,55030.0,54726.6,54949.0,52092.0
1638553500000,54948.9,55033.9,54836.3,54993.0,37598.0
1638554400000,54990.7,55088.0,54893.6,54978.4,29413.0
1638555300000,54989.7,55149.9,54959.0,55017.5,33373.0
1638556200000,55017.5,55083.4,54799.3,54812.6,26460.0
1638557100000,54812.5,55148.7,54356.0,54884.0,183942.0
1638558000000,54884.0,54924.5,54657.7,54799.9,53519.0
1638558900000,54790.6,54812.6,54211.0,54337.5,137520.0
1638559800000,54337.4,54422.9,53734.0,54115.7,227970.0
1638560700000,54117.0,54150.0,53733.3,53832.5,92681.0
1638561600000,53838.9,54065.8,53314.6,53412.9,327092.0
1638562500000,53412.8,53676.9,51360.2,53049.7,1215517.0
1638563400000,53048.7,53270.0,52606.0,52884.9,178902.0
1638564300000,52894.1,53518.8,52780.6,53418.7,109047.0
1638565200000,53418.6,54028.0,53300.0,53718.1,109625.0
1638566100000,53720.8,53950.0,53630.7,53706.3,71924.0
1638567000000,53698.3,53936.9,53635.4,53837.8,41603.0
1638567900000,53837.9,53877.3,53592.2,53600.0,30068.0
1638568800000,53591.5,53706.6,53005.0,53528.1,97508.0
1638569700000,53528.1,53606.9,53311.8,53355.1,29273.0
1638570600000,53355.0,53705.6,53350.8,53470.1,17688.0
1638571500000,53474.7,53527.3,53300.0,53386.0,30352.0
1638572400000,53386.1,53622.6,53330.4,53518.1,36866.0
1638573300000,53509.0,53663.8,53425.0,53559.7,30826.0
1638574200000,53553.0,53798.9,53500.2,53691.5,26267.0
1638575100000,53691.5,53800.0,53434.3,53595.5,35427.0
1638576000000,53594.0,53848.0,53500.0,53787.6,48600.0
1638576900000,53787.6,53839.6,53481.5,53490.0,32999.0
1638577800000,53490.0,53591.7,53269.2,53373.8,52193.0
1638578700000,53373.7,53410.5,53000.0,53033.1,82512.0
1638579600000,53041.6,53196.5,52633.0,52670.0,168534.0
1638580500000,52670.1,53070.0,52670.1,52961.1,52609.0
1638581400000,52961.1,53079.0,52617.1,53071.9,59876.0
1638582300000,53072.0,53127.9,52853.6,52985.4,41521.0
1638583200000,52990.0,53100.0,52866.7,52913.0,30136.0
1638584100000,52912.9,53010.3,52753.0,52791.3,28496.0
1638585000000,52791.3,53015.1,52723.6,53005.5,31119.0
1638585900000,53005.6,53114.0,53000.0,53111.0,25048.0
1638586800000,53111.0,53114.0,52811.0,52817.1,30143.0
1638587700000,52819.2,52847.7,52315.2,52487.7,100437.0
1638588600000,52487.8,52666.0,52445.0,52498.9,71420.0
1638589500000,52497.3,52580.3,52008.0,52011.2,106355.0
1638590400000,52019.7,52446.2,52005.1,52441.3,122762.0
1638591300000,52441.3,52598.9,52300.1,52306.8,52565.0
1638592200000,52306.8,52482.5,51848.7,51886.8,88379.0
1638593100000,51885.1,52216.6,48888.0,50274.1,1035160.0
1638594000000,50265.9,50540.0,47151.5,48853.4,1175907.0
1638594900000,48853.4,49130.3,41419.6,45493.6,1560724.0
1638595800000,45501.9,47140.6,45008.0,46504.1,654506.0
1638596700000,46489.0,47555.0,46445.3,47510.4,346526.0
1638597600000,47500.3,47750.0,46700.2,46976.8,435220.0
1638598500000,46976.9,47709.8,46926.6,47656.9,320228.0
1638599400000,47656.8,47999.0,47493.4,47666.0,239651.0
1638600300000,47666.0,47698.5,47204.3,47469.4,119895.0
1638601200000,47475.2,47528.5,46604.7,46654.2,211489.0
1638602100000,46654.2,47565.9,46639.7,47512.5,213850.0
1638603000000,47512.5,47524.0,46950.7,47136.4,164491.0
1638603900000,47129.6,47295.2,46707.7,47245.7,107893.0
1638604800000,47236.7,47482.9,46960.8,47435.2,116848.0
1638605700000,47431.6,47738.6,47293.6,47699.9,100688.0
1638606600000,47700.0,47878.0,47576.8,47716.7,112395.0
1638607500000,47716.7,47742.8,47332.4,47484.1,86961.0
1638608400000,47490.0,47676.8,47269.1,47363.4,66281.0
1638609300000,47363.4,47459.5,47254.9,47338.2,54744.0
1638610200000,47338.2,47664.8,47336.5,47435.2,50921.0
1638611100000,47438.7,47489.7,47303.0,47481.5,47306.0
1638612000000,47481.6,47546.9,47294.3,47453.3,48492.0
1638612900000,47453.3,47577.9,47258.0,47281.9,47253.0
1638613800000,47282.0,47332.5,46808.0,47085.9,101728.0
1638614700000,47086.0,47469.9,47065.9,47379.2,62390.0
1638615600000,47379.1,47385.7,46935.3,47019.8,48591.0
1638616500000,47023.3,47076.7,46810.0,46922.2,41656.0
1638617400000,46925.4,47020.0,46129.7,46346.0,190132.0
1638618300000,46346.0,46780.0,46278.1,46501.1,104462.0
1638619200000,46501.2,46894.3,46501.2,46846.8,62331.0
1638620100000,46846.8,47572.9,46846.8,47258.9,161024.0
1638621000000,47258.9,47399.9,47113.1,47190.7,54804.0
1638621900000,47194.1,47307.5,46951.7,47072.1,51443.0
1638622800000,47072.1,47162.7,46965.4,47104.0,52894.0
1638623700000,47103.9,47148.1,46760.8,47116.7,61007.0
1638624600000,47117.6,47423.3,47052.3,47321.4,70735.0
1638625500000,47321.4,47389.8,47158.4,47377.4,45997.0
1638626400000,47374.5,47540.0,47249.7,47485.0,49431.0
1638627300000,47491.1,47578.3,47359.5,47415.1,57843.0
1638628200000,47415.1,47502.5,47242.3,47413.6,40852.0
1638629100000,47414.8,47839.0,47414.8,47799.9,108626.0
1638630000000,47796.0,48520.3,47724.5,48452.0,189330.0
1638630900000,48452.0,48515.0,47934.7,48236.0,84981.0
1638631800000,48235.9,48484.0,48069.4,48270.0,82193.0
1638632700000,48269.9,48276.9,48064.2,48186.5,51878.0
1638633600000,48186.4,48250.0,47834.2,48125.5,72808.0
1638634500000,48125.4,48395.8,48025.6,48254.7,37920.0
1638635400000,48254.6,48466.9,48060.7,48109.4,47002.0
1638636300000,48120.3,48131.1,47755.0,47828.8,59401.0
1638637200000,47828.8,47991.7,47778.0,47879.1,37068.0
1638638100000,47870.1,47974.1,47783.7,47927.7,33951.0
1638639000000,47927.7,48110.0,47881.1,48087.6,23461.0
1638639900000,48083.5,48362.7,48079.9,48243.3,38116.0
1638640800000,48235.5,48420.3,48136.3,48330.8,46331.0
1638641700000,48330.7,48636.4,48226.7,48462.2,74416.0
1638642600000,48476.5,48720.0,48432.1,48678.1,43383.0
1638643500000,48678.1,48868.5,48610.8,48847.2,55909.0
1638644400000,48847.3,48962.9,48600.0,48891.4,40157.0
1638645300000,48891.4,49351.9,48854.9,49211.6,115886.0
1638646200000,49211.0,49400.0,49191.5,49343.2,42826.0
1638647100000,49343.3,49428.0,49234.9,49243.0,45221.0
1638648000000,49243.1,49390.2,48936.7,49261.9,69347.0
1638648900000,49261.8,49465.2,49261.8,49413.1,31682.0
1638649800000,49413.2,49470.9,49110.9,49189.7,21402.0
1638650700000,49191.0,49360.0,49070.2,49241.4,49007.0
1638651600000,49241.4,49329.3,48784.0,48852.8,43551.0
1638652500000,48842.4,49022.0,48755.7,48929.1,20169.0
1638653400000,48933.5,48933.5,48674.0,48724.4,26226.0
1638654300000,48721.6,48809.9,48502.1,48689.6,29181.0
1638655200000,48686.1,48801.4,48604.4,48727.9,15629.0
1638656100000,48727.9,48760.0,48642.2,48732.8,9795.0
1638657000000,48732.7,49295.7,48732.7,49050.8,33157.0
1638657900000,49056.2,49210.0,48886.5,49203.9,28516.0
1638658800000,49203.5,49484.6,49112.2,49140.2,56663.0
1638659700000,49140.2,49266.7,49030.8,49106.1,28716.0
1638660600000,49106.1,49138.7,48852.3,49079.7,34896.0
1638661500000,49079.7,49279.4,48805.4,49160.0,29633.0
1638662400000,49145.1,49680.0,49090.7,49293.4,104740.0
1638663300000,49293.4,49690.4,49171.7,49236.7,98341.0
1638664200000,49236.8,49239.1,48336.7,48478.7,192150.0
1638665100000,48488.5,49082.5,48473.8,48950.4,99912.0
1638666000000,48950.0,48971.7,48666.6,48900.2,49141.0
1638666900000,48900.2,49067.5,48723.0,48753.2,41425.0
1638667800000,48764.2,49180.5,48727.5,49151.3,29660.0
1638668700000,49165.6,49242.2,49013.0,49021.3,44932.0
1638669600000,49019.9,49049.7,48807.7,48807.8,40162.0
1638670500000,48807.8,49069.0,48806.0,48975.5,23652.0
1638671400000,48975.5,49060.0,48831.1,48983.7,18469.0
1638672300000,48983.8,49107.1,48871.7,49047.8,20563.0
1638673200000,49055.3,49059.6,48837.0,49036.3,27458.0
1638674100000,49036.4,49265.2,49021.6,49118.0,39803.0
1638675000000,49118.0,49364.8,49118.0,49139.6,37503.0
1638675900000,49148.3,49285.9,49107.5,49166.1,25223.0
1638676800000,49166.1,49238.7,48945.0,48992.3,26524.0
1638677700000,48992.4,49038.9,48883.0,48979.8,23347.0
1638678600000,48979.8,49171.1,48903.7,49171.0,23779.0
1638679500000,49163.0,49216.4,48810.6,48940.0,45667.0
1638680400000,48939.9,49018.5,48856.0,48950.0,27280.0
1638681300000,48949.9,49185.9,48938.7,49074.7,38407.0
1638682200000,49074.7,49341.4,49069.1,49310.0,43033.0
1638683100000,49309.9,49428.0,49181.6,49413.4,55396.0
1638684000000,49413.4,49421.4,49294.8,49333.1,27443.0
1638684900000,49333.1,49526.9,49220.0,49500.0,29214.0
1638685800000,49489.3,49526.9,49288.9,49364.9,39466.0
1638686700000,49364.8,49595.8,49361.7,49463.3,29218.0
1638687600000,49463.4,49666.0,49448.1,49576.1,38210.0
1638688500000,49576.0,49632.9,49467.7,49505.5,24279.0
1638689400000,49505.4,49529.1,49376.4,49424.6,25700.0
1638690300000,49433.1,49433.1,49229.8,49289.8,36525.0
1638691200000,49292.3,49466.0,49127.4,49358.6,47674.0
1638692100000,49364.5,49490.4,49221.7,49320.1,47340.0
1638693000000,49327.8,49492.5,49251.9,49443.5,29478.0
1638693900000,49439.9,49550.0,49407.9,49453.0,20869.0
1638694800000,49453.0,49455.4,48930.7,49018.1,67039.0
1638695700000,49018.2,49081.5,48717.6,49042.4,76594.0
1638696600000,49042.5,49221.8,48933.8,49199.7,59580.0
1638697500000,49192.2,49247.2,48927.8,48990.0,29631.0
1638698400000,48990.0,49139.7,48840.8,49066.6,34344.0
1638699300000,49066.7,49273.7,49050.8,49273.6,24108.0
1638700200000,49273.6,49392.9,49176.6,49336.6,22872.0
1638701100000,49333.9,49387.2,49198.3,49220.2,11412.0
1638702000000,49220.2,49365.9,49181.3,49327.0,18050.0
1638702900000,49326.9,49360.0,49244.3,49325.4,11862.0
1638703800000,49331.6,49355.0,49070.0,49132.0,23787.0
1638704700000,49132.0,49270.3,48972.9,49230.7,36412.0
1638705600000,49221.9,49398.7,49057.1,49387.7,38707.0
1638706500000,49385.0,49689.9,49294.0,49450.1,85143.0
1638707400000,49443.0,49635.7,49333.0,49456.2,52083.0
1638708300000,49450.0,49450.0,49282.5,49351.2,34382.0
1638709200000,49355.0,49355.0,49180.0,49300.1,25107.0
1638710100000,49300.1,49325.3,49144.9,49165.0,34515.0
1638711000000,49166.4,49393.3,49125.4,49380.0,29289.0
1638711900000,49380.0,49410.2,49279.3,49279.3,21280.0
1638712800000,49276.9,49320.1,48803.3,48923.9,154656.0
1638713700000,48920.9,49171.1,48842.3,48960.0,99258.0
1638714600000,48955.4,49114.7,48880.0,49032.5,29058.0
1638715500000,49029.3,49132.9,48880.0,48941.4,53791.0
1638716400000,48926.3,49096.2,48555.0,48567.3,127095.0
1638717300000,48567.2,48672.3,48361.5,48459.1,110393.0
1638718200000,48455.5,48480.3,47840.0,47883.7,200985.0
1638719100000,47883.6,48050.0,47756.3,47964.5,92327.0
1638720000000,47970.1,48840.7,47920.1,48610.0,292321.0
1638720900000,48600.1,48663.8,48252.4,48301.4,94623.0
1638721800000,48296.1,48478.2,48103.2,48430.2,51955.0
1638722700000,48430.3,48676.9,48376.7,48470.0,53575.0
1638723600000,48481.8,48621.9,48365.2,48602.8,48596.0
1638724500000,48599.3,49083.7,48463.4,49039.7,76863.0
1638725400000,49030.0,49327.1,49007.5,49159.4,91898.0
1638726300000,49159.3,49308.0,49077.2,49262.3,33358.0
1638727200000,49257.0,49344.8,49150.1,49236.4,25494.0
1638728100000,49236.3,49295.9,49067.8,49138.3,17229.0
1638729000000,49138.4,49339.5,49090.7,49199.9,23986.0
1638729900000,49189.3,49299.2,49057.5,49080.4,17784.0
1638730800000,49080.4,49126.0,48539.0,48601.4,50810.0
1638731700000,48614.7,48668.0,48275.2,48587.8,77957.0
1638732600000,48579.7,48881.1,48310.4,48790.6,42494.0
1638733500000,48790.6,48958.4,48654.0,48900.0,32823.0
1638734400000,48900.0,49021.6,48856.1,48995.2,26267.0
1638735300000,49002.0,49021.3,48533.9,48540.9,18388.0
1638736200000,48540.8,48868.7,48540.8,48867.8,25931.0
1638737100000,48867.8,48957.9,48736.8,48817.5,22140.0
1638738000000,48813.8,48926.5,48638.9,48674.4,29908.0
1638738900000,48682.5,48915.8,48500.4,48888.1,34588.0
1638739800000,48884.4,49119.6,48800.0,49109.9,15966.0
1638740700000,49117.6,49221.9,49023.2,49162.9,66242.0
1638741600000,49163.0,49211.2,48849.0,48863.2,43257.0
1638742500000,48863.2,49208.3,48826.3,49208.2,26027.0
1638743400000,49208.3,49215.5,48756.9,48911.7,49538.0
1638744300000,48927.6,49221.9,48912.1,49206.0,17228.0
1638745200000,49206.1,49533.3,49040.0,49506.3,100889.0
1638746100000,49514.1,49529.9,49045.6,49189.7,64058.0
1638747000000,49192.8,49349.9,49015.2,49206.8,37984.0
1638747900000,49202.3,49390.0,49098.6,49390.0,25774.0
1638748800000,49395.0,49438.9,48815.9,48862.9,58585.0
1638749700000,48858.3,49034.0,48600.0,48699.9,93614.0
1638750600000,48699.9,48798.2,48515.3,48628.7,38575.0
1638751500000,48638.6,48775.7,48400.1,48739.3,47051.0
1638752400000,48749.4,48982.1,48617.2,48855.9,55699.0
1638753300000,48856.1,48911.3,48451.1,48464.7,59548.0
1638754200000,48459.4,48579.9,48277.4,48525.0,51883.0
1638755100000,48525.0,48850.0,48468.6,48800.0,46725.0
1638756000000,48807.5,48980.4,48730.0,48937.3,35067.0
1638756900000,48939.4,49144.0,48830.0,48840.1,50385.0
1638757800000,48850.3,49019.4,48762.9,48998.9,19851.0
1638758700000,48997.1,49039.9,48848.3,48863.7,18950.0
1638759600000,48863.8,48954.4,48800.1,48834.8,13141.0
1638760500000,48835.3,49203.2,48835.3,49000.0,56894.0
1638761400000,49000.0,49034.8,48887.0,48936.7,21300.0
1638762300000,48946.8,49180.0,48942.6,49008.7,34977.0
1638763200000,49008.7,49147.4,48954.0,49129.3,34622.0
1638764100000,49129.2,49240.9,49041.4,49140.9,27080.0
1638765000000,49140.9,49210.7,49085.1,49111.8,15276.0
1638765900000,49111.8,49134.7,48938.3,48959.1,23410.0
1638766800000,48959.1,49064.2,48834.1,48859.8,27082.0
1638767700000,48851.3,49043.1,48851.3,48918.9,16065.0
1638768600000,48914.2,48940.5,48809.0,48824.0,24705.0
1638769500000,48823.9,48915.1,48670.3,48670.3,38423.0
1638770400000,48670.4,48748.6,48567.0,48582.6,31371.0
1638771300000,48582.7,48697.8,48490.0,48673.9,28375.0
1638772200000,48673.9,48745.8,48350.0,48468.7,42239.0
1638773100000,48473.1,48548.0,48037.5,48173.1,106258.0
1638774000000,48173.2,48300.9,48005.0,48178.3,87576.0
1638774900000,48178.4,48215.8,47720.4,47824.5,91842.0
1638775800000,47824.6,48182.0,47770.1,48011.2,76692.0
1638776700000,48020.4,48443.7,48020.4,48416.8,83480.0
1638777600000,48416.7,49460.0,48323.5,48474.1,502908.0
1638778500000,48471.2,48785.9,47850.4,48205.2,204699.0
1638779400000,48204.1,48280.0,47847.9,48227.0,119701.0
1638780300000,48216.9,48488.0,48076.3,48170.6,76893.0
1638781200000,48170.7,48346.3,47850.0,47944.9,77428.0
1638782100000,47960.5,48263.2,47945.0,48082.1,45861.0
1638783000000,48082.2,48137.4,47088.5,47434.4,306875.0
1638783900000,47434.5,47595.6,47326.6,47448.4,94288.0
1638784800000,47447.4,47793.6,47355.8,47708.3,81231.0
1638785700000,47708.4,47818.7,47510.1,47516.3,56454.0
1638786600000,47520.0,47645.4,47310.1,47645.4,76373.0
1638787500000,47627.0,47746.5,47440.0,47494.1,57741.0
1638788400000,47494.2,47580.2,47223.7,47287.8,61081.0
1638789300000,47287.7,47535.8,47225.0,47464.0,51244.0
1638790200000,47467.6,48426.0,47399.0,48338.8,194730.0
1638791100000,48337.1,48818.5,48018.0,48572.5,362106.0
1638792000000,48583.1,48620.0,48420.0,48447.2,69646.0
1638792900000,48447.2,48697.3,48323.0,48633.3,71665.0
1638793800000,48632.1,48831.3,48550.7,48640.9,83343.0
1638794700000,48659.3,48720.1,48452.4,48485.2,41588.0
1638795600000,48485.3,48714.3,48438.9,48520.4,34353.0
1638796500000,48523.8,48579.4,48357.0,48369.0,33859.0
1638797400000,48369.0,48423.1,48260.1,48311.7,36648.0
1638798300000,48304.2,48370.0,48031.5,48319.6,64692.0
1638799200000,48319.5,48463.1,48190.5,48441.4,46589.0
1638800100000,48446.4,48466.0,48286.5,48410.3,40253.0
1638801000000,48410.3,48590.0,47821.2,48249.0,209223.0
1638801900000,48260.2,48324.5,47966.0,48218.1,81089.0
1638802800000,48215.2,48573.1,48024.2,48533.8,85710.0
1638803700000,48533.9,48828.0,48499.7,48799.5,105159.0
1638804600000,48800.0,48937.9,48542.8,48600.8,83189.0
1638805500000,48591.5,48980.0,48545.5,48954.1,56900.0
1638806400000,48950.4,49012.3,48700.0,48715.0,71034.0
1638807300000,48715.0,48949.5,48660.7,48871.7,37653.0
1638808200000,48871.8,49180.0,48852.7,49148.3,80152.0
1638809100000,49148.3,49180.0,48949.7,49121.5,55085.0
1638810000000,49121.5,49200.0,48992.8,49115.3,35806.0
1638810900000,49115.3,49212.9,49022.3,49205.2,23462.0
1638811800000,49205.3,49260.0,48867.0,48963.6,36321.0
1638812700000,48964.2,49038.8,48884.6,48947.2,11654.0
1638813600000,48947.2,49006.3,48817.0,48865.9,30679.0
1638814500000,48865.9,48959.9,48771.4,48944.4,25937.0
1638815400000,48953.7,49199.9,48925.6,49113.6,29821.0
1638816300000,49113.6,49235.9,49073.2,49160.0,21210.0
1638817200000,49169.5,49358.9,49165.9,49247.6,39611.0
1638818100000,49243.1,49350.0,49170.2,49241.6,17973.0
1638819000000,49241.7,49305.7,49095.7,49095.8,29037.0
1638819900000,49098.6,49141.5,49053.6,49087.7,16678.0
1638820800000,49087.8,49174.3,48988.8,49029.6,16891.0
1638821700000,49029.6,49134.6,49023.1,49114.8,10434.0
1638822600000,49112.3,49215.0,49036.2,49204.7,10971.0
1638823500000,49211.3,49211.3,48733.4,48806.0,60558.0
1638824400000,48810.1,48957.1,48793.3,48881.7,13861.0
1638825300000,48881.7,49213.3,48880.7,49110.6,20214.0
1638826200000,49108.4,49418.4,49096.1,49346.8,60215.0
1638827100000,49339.3,50620.1,49339.3,50073.0,410076.0
1638828000000,50059.9,50826.4,50048.7,50524.3,160970.0
1638828900000,50531.7,50799.9,50407.4,50466.5,66533.0
1638829800000,50466.6,50777.0,50345.3,50726.9,34431.0
1638830700000,50724.5,50884.3,50655.6,50739.8,52483.0
1638831600000,50729.8,50846.9,50572.3,50620.6,44791.0
1638832500000,50620.6,50669.2,50273.8,50379.3,54172.0
1638833400000,50379.4,50500.0,50220.2,50379.5,35320.0
1638834300000,50379.5,50550.0,50276.9,50425.7,29988.0
1638835200000,50425.7,50686.9,50328.4,50636.1,51664.0
1638836100000,50636.1,50644.0,50373.5,50596.2,35672.0
1638837000000,50596.3,50651.5,50492.3,50644.5,20684.0
1638837900000,50640.1,50771.5,50580.1,50621.9,25990.0
1638838800000,50621.9,50771.7,50570.0,50745.2,23424.0
1638839700000,50745.2,51487.1,50726.9,50736.6,197467.0
1638840600000,50736.6,50777.5,50347.7,50498.0,87772.0
1638841500000,50498.1,50699.0,50474.1,50610.9,34754.0
1638842400000,50608.4,50787.4,50563.2,50588.3,31080.0
1638843300000,50588.3,50850.0,50534.3,50798.5,29926.0
1638844200000,50800.0,50836.2,50620.5,50621.9,24956.0
1638845100000,50622.0,50769.0,50560.1,50628.8,24999.0
1638846000000,50627.6,50739.5,50589.7,50719.8,18588.0
1638846900000,50712.5,50822.0,50704.7,50797.9,22021.0
1638847800000,50797.8,51000.0,50788.0,50805.9,61867.0
1638848700000,50806.0,50948.9,50741.4,50920.3,27682.0
1638849600000,50920.3,51150.0,50920.2,51146.9,38726.0
1638850500000,51146.9,51177.0,51041.6,51150.0,21476.0
1638851400000,51149.9,51169.9,50835.5,50893.0,57423.0
1638852300000,50893.0,50913.4,50772.3,50894.3,20198.0
1638853200000,50898.9,51197.3,50898.9,51099.9,28599.0
1638854100000,51090.3,51090.3,50924.0,51011.9,17517.0
1638855000000,51011.9,51042.8,50830.8,50946.3,25167.0
1638855900000,50946.2,50984.6,50812.2,50861.0,24792.0
1638856800000,50861.0,50976.6,50852.0,50928.1,12900.0
1638857700000,50928.1,51136.5,50891.7,51120.7,22352.0
1638858600000,51120.7,51190.7,51047.6,51071.9,27187.0
1638859500000,51071.9,51141.3,51019.2,51141.1,17467.0
1638860400000,51137.2,51328.0,50974.5,51019.0,56959.0
1638861300000,51019.0,51048.6,50929.6,50977.4,19278.0
1638862200000,50977.3,51038.6,50870.1,50879.2,20694.0
1638863100000,50879.2,50945.0,50802.7,50913.1,20965.0
1638864000000,50913.2,51054.4,50816.8,51003.1,31098.0
1638864900000,51003.0,51141.3,50892.3,51057.5,33485.0
1638865800000,51057.6,51276.5,50942.9,51158.1,62256.0
1638866700000,51159.2,51235.3,51122.0,51201.6,39148.0
1638867600000,51201.5,51575.5,51004.1,51207.9,175019.0
1638868500000,51207.9,51397.7,51164.1,51317.6,41290.0
1638869400000,51317.6,51515.0,51230.3,51269.2,72231.0
1638870300000,51269.1,51294.4,51185.6,51250.0,30433.0
1638871200000,51250.1,51306.9,51114.2,51125.0,26965.0
1638872100000,51125.1,51211.6,51105.1,51159.9,13238.0
1638873000000,51159.8,51309.8,51159.8,51300.0,15847.0
1638873900000,51299.9,51380.0,51218.5,51314.0,18218.0
1638874800000,51307.5,51407.7,51280.0,51361.9,17997.0
1638875700000,51361.8,51471.3,51253.4,51387.3,41071.0
1638876600000,51379.5,51379.5,51250.5,51308.7,26064.0
1638877500000,51308.7,51507.4,51257.3,51454.8,44300.0
1638878400000,51454.8,51559.7,51213.8,51325.3,109706.0
1638879300000,51325.4,51363.4,50868.2,50983.7,119192.0
1638880200000,50983.7,51062.3,50658.0,50888.1,109251.0
1638881100000,50891.9,50970.5,50760.0,50908.5,35341.0
1638882000000,50923.2,51077.3,50886.7,51024.5,43589.0
1638882900000,51024.6,51085.4,50830.0,50865.6,36863.0
1638883800000,50865.6,51061.3,50823.1,50986.8,30259.0
1638884700000,50986.9,51017.8,50883.2,50921.2,17907.0
1638885600000,50921.2,50972.0,50833.8,50957.9,16752.0
1638886500000,50958.0,51044.9,50874.0,50936.0,17461.0
1638887400000,50936.0,51377.8,50936.0,51377.7,83364.0
1638888300000,51377.8,51499.0,51266.2,51474.4,74478.0
1638889200000,51474.3,51732.0,51432.9,51572.1,122000.0
1638890100000,51573.9,51699.0,51417.1,51433.1,68951.0
1638891000000,51433.0,51918.0,51358.3,51874.9,148356.0
1638891900000,51874.9,51946.6,51649.0,51739.9,58255.0
1638892800000,51740.0,51868.2,51634.0,51634.2,53827.0
1638893700000,51634.2,51672.3,51513.9,51581.0,50960.0
1638894600000,51581.0,51581.0,51238.6,51292.5,79235.0
1638895500000,51292.4,51343.4,51079.3,51340.0,85167.0
1638896400000,51340.0,51368.2,51183.8,51269.4,50492.0
1638897300000,51269.3,51335.0,51021.9,51027.5,45399.0
1638898200000,51029.1,51118.4,50847.6,50926.9,71448.0
1638899100000,50927.0,51090.2,50927.0,50990.6,22899.0
1638900000000,50990.6,51190.1,50901.8,51000.1,53002.0
1638900900000,51000.1,51100.0,50943.7,51078.4,17774.0
1638901800000,51086.1,51146.8,50930.0,50987.8,12692.0
1638902700000,50993.8,51078.9,50921.1,50934.0,12904.0
1638903600000,50937.7,50986.4,50681.9,50970.0,61437.0
1638904500000,50970.0,51210.3,50900.7,51074.3,42376.0
1638905400000,51067.7,51158.4,50960.0,50971.2,10985.0
1638906300000,50971.1,51021.6,50819.4,50889.6,23572.0
1638907200000,50889.6,51022.8,50756.7,50769.1,19892.0
1638908100000,50768.5,50884.8,50434.6,50505.4,67004.0
1638909000000,50505.5,50587.9,50200.0,50372.0,90647.0
1638909900000,50384.3,50514.1,50155.5,50445.9,55546.0
1638910800000,50446.9,50768.6,50365.7,50693.0,58447.0
1638911700000,50689.9,50838.3,50576.6,50707.0,48788.0
1638912600000,50707.1,50757.4,50579.2,50665.1,13087.0
1638913500000,50670.3,50855.5,50430.8,50500.0,25990.0
1638914400000,50500.1,50542.7,50230.0,50300.1,26172.0
1638915300000,50300.1,50387.1,50033.0,50329.2,66045.0
1638916200000,50329.2,50631.4,50329.0,50434.1,28352.0
1638917100000,50434.2,50468.8,50050.0,50249.1,36412.0
1638918000000,50256.9,50449.9,50150.0,50424.4,34950.0
1638918900000,50424.3,50575.8,50374.0,50393.1,30685.0
1638919800000,50400.1,50728.0,50394.6,50690.1,25529.0
1638920700000,50696.5,50696.5,50522.0,50595.6,14397.0
1638921600000,50595.5,50665.9,50389.3,50527.1,27272.0
1638922500000,50528.7,50554.1,50331.0,50501.6,31801.0
1638923400000,50501.5,50748.5,50401.1,50675.1,48714.0
1638924300000,50679.9,50718.1,50555.6,50718.1,16529.0
1638925200000,50719.9,50788.6,50640.0,50699.9,23870.0
1638926100000,50699.9,50760.0,50645.3,50659.7,14574.0
1638927000000,50659.8,50700.0,50432.3,50483.6,26985.0
1638927900000,50483.6,50522.1,50366.3,50428.0,23246.0
1638928800000,50435.5,50611.0,50422.1,50587.0,16748.0
1638929700000,50586.9,50673.2,50463.8,50673.2,22000.0
1638930600000,50673.3,50700.0,50530.0,50569.9,19994.0
1638931500000,50562.0,50619.5,50319.7,50333.7,34316.0
1638932400000,50333.8,50470.6,50305.0,50430.0,23221.0
1638933300000,50430.1,50476.6,50348.0,50348.0,17740.0
1638934200000,50348.0,50448.2,50338.0,50340.0,13071.0
1638935100000,50340.1,50379.9,50121.4,50126.4,49299.0
1638936000000,50126.4,50335.0,50120.0,50329.1,29388.0
1638936900000,50329.2,50430.0,50187.1,50197.2,37380.0
1638937800000,50190.1,50293.8,50101.0,50293.8,42955.0
1638938700000,50293.7,50324.2,50133.0,50249.5,35593.0
1638939600000,50250.1,50442.0,50150.0,50422.1,38736.0
1638940500000,50422.0,50567.3,50326.4,50502.3,52575.0
1638941400000,50502.2,50522.2,50430.0,50495.2,21968.0
1638942300000,50500.0,50524.3,50379.5,50412.0,16811.0
1638943200000,50417.7,50554.9,50397.1,50540.7,24465.0
1638944100000,50540.7,50686.0,50516.0,50604.6,40404.0
1638945000000,50617.8,50655.7,50547.3,50606.1,21490.0
1638945900000,50606.5,50700.0,50594.2,50607.6,29871.0
1638946800000,50607.7,50640.9,50489.5,50502.6,34373.0
1638947700000,50502.5,50540.4,50441.0,50515.8,20727.0
1638948600000,50522.0,50568.5,50442.3,50514.8,14554.0
1638949500000,50511.8,50561.4,50400.0,50496.2,16827.0
1638950400000,50496.2,50631.3,50454.3,50577.5,23720.0
1638951300000,50577.6,50577.6,50360.0,50360.0,39330.0
1638952200000,50360.1,50414.7,50290.7,50326.6,22021.0
1638953100000,50326.7,50428.1,50300.6,50416.1,13580.0
1638954000000,50416.1,50523.0,50416.1,50466.4,20423.0
1638954900000,50466.4,50530.0,50330.0,50345.1,24070.0
1638955800000,50343.9,50360.6,50226.1,50241.1,34186.0
1638956700000,50241.2,50280.5,50150.0,50150.0,51668.0
1638957600000,50150.0,50286.6,50150.0,50280.8,33372.0
1638958500000,50280.3,50344.8,50192.1,50198.5,18676.0
1638959400000,50201.4,50285.8,49420.5,49539.4,319877.0
1638960300000,49539.1,49645.0,49188.0,49235.1,185524.0
1638961200000,49224.5,49368.1,48822.0,49139.0,240917.0
1638962100000,49149.6,49414.8,49058.4,49087.7,99876.0
1638963000000,49087.7,49276.5,48888.0,49052.8,69817.0
1638963900000,49052.7,49268.8,49028.5,49185.8,83534.0
1638964800000,49189.7,49300.0,48957.5,49028.8,74288.0
1638965700000,49028.7,49134.3,48548.0,48843.0,122406.0
1638966600000,48843.1,49136.0,48788.0,49084.0,73576.0
1638967500000,49099.9,49245.3,49020.3,49225.8,50419.0
1638968400000,49225.9,49372.2,49127.9,49253.9,65564.0
1638969300000,49253.9,49314.8,49044.0,49116.7,44658.0
1638970200000,49116.6,49351.9,49116.6,49150.0,39536.0
1638971100000,49150.0,49239.2,48976.5,49049.3,47190.0
1638972000000,49049.2,49333.9,48958.0,49277.2,65519.0
1638972900000,49277.3,50385.0,49271.5,50314.8,308739.0
1638973800000,50314.8,50364.7,49877.7,50117.5,170301.0
1638974700000,50117.5,51099.5,50091.5,50729.1,294006.0
1638975600000,50729.2,50958.7,50658.0,50920.2,87147.0
1638976500000,50920.2,51247.6,50788.0,50788.0,103898.0
1638977400000,50788.0,50932.0,50470.0,50541.8,110252.0
1638978300000,50531.7,50699.6,50470.0,50646.8,53619.0
1638979200000,50648.0,50758.0,50553.0,50659.6,45440.0
1638980100000,50659.6,50686.9,50498.8,50503.8,42773.0
1638981000000,50507.1,50610.7,50200.0,50500.5,115693.0
1638981900000,50500.5,50643.7,50331.5,50450.8,28935.0
1638982800000,50450.8,50490.1,50378.0,50482.0,15384.0
1638983700000,50482.0,50505.4,50300.0,50422.9,31346.0
1638984600000,50417.9,50417.9,50274.2,50340.7,14438.0
1638985500000,50340.7,50345.0,50194.1,50288.5,27267.0
1638986400000,50288.4,50389.3,50044.6,50334.1,42380.0
1638987300000,50320.8,50460.0,50298.7,50441.3,15898.0
1638988200000,50441.3,50699.9,50283.8,50574.9,35237.0
1638989100000,50583.8,50626.3,50436.3,50557.9,20171.0
1638990000000,50557.9,50611.4,50401.1,50479.5,12527.0
1638990900000,50479.5,50650.0,50463.0,50650.0,12645.0
1638991800000,50671.6,50868.9,50520.0,50537.9,33658.0
1638992700000,50527.8,50583.8,50330.5,50447.0,26321.0
1638993600000,50438.8,50573.0,50331.6,50478.3,15516.0
1638994500000,50464.2,50576.5,50446.5,50552.9,8193.0
1638995400000,50554.6,50729.9,50547.1,50713.7,16860.0
1638996300000,50720.3,50861.4,50648.6,50701.4,22269.0
1638997200000,50700.1,50818.4,50650.0,50734.8,11520.0
1638998100000,50734.7,50805.5,50571.2,50586.7,7838.0
1638999000000,50596.6,50699.8,50491.6,50642.5,12285.0
1638999900000,50647.1,50673.6,50568.2,50596.2,7095.0
1639000800000,50596.3,50663.2,50517.1,50524.5,12096.0
1639001700000,50524.6,50658.6,50439.5,50657.1,8906.0
1639002600000,50657.1,50806.4,50657.1,50796.4,10549.0
1639003500000,50796.4,50804.9,50071.1,50211.3,45773.0
1639004400000,50218.6,50399.9,50162.3,50376.5,35473.0
1639005300000,50376.5,50576.2,50376.5,50440.9,18862.0
1639006200000,50442.1,50522.1,50383.1,50502.2,12270.0
1639007100000,50502.1,50502.4,50370.7,50455.5,12740.0
1639008000000,50467.0,50794.1,50432.4,50787.9,55057.0
1639008900000,50787.8,50787.8,50312.5,50453.2,50854.0
1639009800000,50462.7,50617.8,50403.1,50573.9,26584.0
1639010700000,50573.8,50671.9,50386.0,50402.6,31559.0
1639011600000,50402.7,50481.1,50264.2,50277.4,32177.0
1639012500000,50277.5,50435.3,50277.5,50386.6,23351.0
1639013400000,50386.7,50410.6,50300.0,50355.4,11669.0
1639014300000,50355.5,50426.9,50152.0,50179.8,38348.0
1639015200000,50179.7,50269.5,50100.0,50201.4,37957.0
1639016100000,50206.0,50230.0,49571.5,49847.5,163160.0
1639017000000,49847.5,49943.4,49744.1,49865.2,33321.0
1639017900000,49852.4,49973.5,49790.7,49880.1,26092.0
1639018800000,49880.0,49920.0,49717.5,49812.2,24507.0
1639019700000,49814.1,49856.9,49737.9,49832.6,17209.0
1639020600000,49832.6,49881.1,49630.0,49719.0,42065.0
1639021500000,49719.0,49719.0,49423.1,49514.1,59582.0
1639022400000,49514.0,49735.0,49416.4,49620.9,43129.0
1639023300000,49633.6,49738.9,49575.5,49711.2,24675.0
1639024200000,49712.6,49729.4,49613.4,49659.1,14134.0
1639025100000,49659.2,49806.2,49643.4,49794.9,21772.0
1639026000000,49795.0,49857.4,49710.0,49768.4,23637.0
1639026900000,49765.0,49774.9,49618.1,49717.2,25168.0
1639027800000,49713.5,49820.0,49653.1,49775.6,16629.0
1639028700000,49775.7,49871.1,49727.2,49762.4,17152.0
1639029600000,49752.5,49856.4,49700.0,49814.4,32565.0
1639030500000,49804.6,49812.8,49640.3,49692.7,20469.0
1639031400000,49692.7,49741.7,49468.7,49531.8,38105.0
1639032300000,49531.7,49706.3,49505.2,49612.2,31559.0
1639033200000,49619.3,49637.0,49166.9,49349.9,94968.0
1639034100000,49349.9,49650.0,49349.9,49576.5,48939.0
1639035000000,49576.6,50364.0,49576.5,50072.3,199382.0
1639035900000,50072.2,50215.0,49955.3,49994.1,55738.0
1639036800000,49993.4,49998.5,49600.1,49716.2,75252.0
1639037700000,49710.8,49784.7,49482.0,49620.3,53809.0
1639038600000,49615.2,49680.0,49208.3,49506.9,92939.0
1639039500000,49510.9,49596.3,49434.5,49506.7,28812.0
1639040400000,49506.7,49546.8,49368.2,49385.4,27913.0
1639041300000,49395.7,49527.1,49265.0,49322.8,52854.0
1639042200000,49322.7,49322.7,48858.2,49214.9,230145.0
1639043100000,49212.1,49280.0,49060.0,49211.2,44800.0
1639044000000,49211.2,49236.0,48908.7,49051.9,42125.0
1639044900000,49051.9,49176.9,49000.0,49008.8,21495.0
1639045800000,49003.6,49373.2,49003.1,49265.4,59948.0
1639046700000,49268.8,49397.0,49232.2,49307.4,28073.0
1639047600000,49307.3,49400.0,49213.9,49219.1,22328.0
1639048500000,49219.1,49275.6,49103.8,49173.4,52719.0
1639049400000,49173.4,49224.0,49026.5,49208.3,35537.0
1639050300000,49208.2,49338.2,49138.9,49163.9,28194.0
1639051200000,49163.8,49339.1,48938.7,49308.3,93269.0
1639052100000,49305.0,49660.0,49072.5,49255.0,108430.0
1639053000000,49255.1,49362.1,49192.7,49362.1,27286.0
1639053900000,49362.0,49474.1,49291.5,49393.2,45766.0
1639054800000,49393.2,49399.1,49116.9,49169.9,41133.0
1639055700000,49170.0,49250.0,49047.1,49172.0,40892.0
1639056600000,49172.0,49399.0,49081.1,49298.7,45277.0
1639057500000,49292.1,49373.5,49211.9,49342.0,30681.0
1639058400000,49342.0,49431.3,49259.0,49326.6,31433.0
1639059300000,49331.5,49394.2,49014.3,49051.5,50566.0
1639060200000,49051.4,49074.9,48689.7,48868.6,137571.0
1639061100000,48868.7,48879.5,48500.0,48580.1,146909.0
1639062000000,48580.0,48772.4,48310.0,48702.3,178637.0
1639062900000,48702.4,48777.0,48137.3,48218.9,167763.0
1639063800000,48218.9,48336.1,48087.7,48266.4,122609.0
1639064700000,48270.4,48651.1,48270.4,48466.2,137913.0
1639065600000,48466.2,48493.4,48232.0,48265.7,83364.0
1639066500000,48265.7,48588.0,48220.3,48539.9,70275.0
1639067400000,48539.9,48850.0,48491.4,48672.9,97844.0
1639068300000,48673.0,48702.5,48509.7,48509.8,40227.0
1639069200000,48509.0,48694.4,48449.6,48632.2,72698.0
1639070100000,48632.3,48691.4,48540.0,48562.6,15677.0
1639071000000,48562.6,48574.9,48393.0,48399.7,32947.0
1639071900000,48399.7,48519.6,48102.2,48175.6,45681.0
1639072800000,48175.6,48360.0,48150.6,48254.0,33510.0
1639073700000,48263.3,48352.1,47658.8,47874.2,162625.0
1639074600000,47877.1,47884.9,47571.4,47693.5,87589.0
1639075500000,47683.6,47862.2,47505.6,47754.4,73418.0
1639076400000,47754.3,48008.6,47606.3,47653.7,72356.0
1639077300000,47646.9,47863.3,47552.3,47778.0,34476.0
1639078200000,47778.1,47964.1,47725.1,47783.7,30754.0
1639079100000,47774.8,47866.4,47611.7,47617.5,28076.0
1639080000000,47617.4,47716.5,47375.7,47414.9,58929.0
1639080900000,47417.2,47707.8,47404.1,47524.0,39573.0
1639081800000,47524.0,47611.1,47321.1,47375.6,38999.0
1639082700000,47381.8,47725.7,47331.9,47686.8,43980.0
1639083600000,47686.8,47787.9,47567.9,47767.5,29690.0
1639084500000,47760.4,47950.0,47700.6,47887.4,46339.0
1639085400000,47887.4,48124.0,47737.3,48124.0,31909.0
1639086300000,48123.9,48146.7,47921.6,47971.1,26331.0
1639087200000,47975.7,48449.5,47946.7,48165.3,44851.0
1639088100000,48165.2,48270.0,48087.8,48147.8,15810.0
1639089000000,48147.7,48147.7,47686.5,47754.8,24345.0
1639089900000,47747.0,48001.5,47743.7,47942.1,11132.0
1639090800000,47942.1,48200.0,47804.3,48165.0,44033.0
1639091700000,48165.0,48255.0,48031.8,48082.1,18871.0
1639092600000,48082.2,48127.2,47875.9,47930.0,22381.0
1639093500000,47921.2,47960.4,47511.6,47568.0,65183.0
1639094400000,47568.0,48085.5,47453.6,47956.9,91749.0
1639095300000,47956.9,48068.5,47829.1,47980.8,34890.0
1639096200000,47980.8,48770.0,47948.2,48250.6,217592.0
1639097100000,48255.1,48271.0,47960.0,48031.2,68085.0
1639098000000,48031.3,48235.0,47768.0,48218.8,99260.0
1639098900000,48218.0,48494.5,48121.4,48473.8,51988.0
1639099800000,48473.8,48497.0,48345.1,48462.6,31229.0
1639100700000,48460.2,48549.9,48365.7,48410.9,27657.0
1639101600000,48406.4,48577.4,48290.4,48515.0,46661.0
1639102500000,48515.1,48795.5,48450.5,48492.7,56634.0
1639103400000,48492.7,48650.0,48427.8,48623.4,27858.0
1639104300000,48615.0,48621.9,48436.9,48523.1,23091.0
1639105200000,48526.8,48572.3,48412.2,48433.3,17150.0
1639106100000,48430.9,48466.2,48331.4,48375.8,19846.0
1639107000000,48383.4,48402.1,48222.0,48264.9,20546.0
1639107900000,48265.0,48423.5,48264.6,48374.1,20781.0
1639108800000,48374.1,48460.0,48170.3,48371.9,26467.0
1639109700000,48374.3,48572.2,48361.1,48458.0,32510.0
1639110600000,48458.1,48526.0,48247.6,48294.5,18532.0
1639111500000,48294.5,48388.8,48168.0,48168.0,18149.0
1639112400000,48168.0,48299.9,48132.6,48224.1,20961.0
1639113300000,48224.0,48351.6,48114.7,48171.8,20916.0
1639114200000,48171.8,48243.4,48050.0,48178.8,35320.0
1639115100000,48178.8,48300.1,48119.6,48258.3,25105.0
1639116000000,48258.4,48380.0,48186.0,48285.9,15786.0
1639116900000,48285.9,48451.9,48158.0,48158.0,22820.0
1639117800000,48158.0,48285.9,48108.0,48281.1,32499.0
1639118700000,48292.7,48336.8,47828.2,47850.6,75224.0
1639119600000,47850.7,47951.7,47722.0,47833.7,98514.0
1639120500000,47833.6,47983.0,47720.1,47954.4,59032.0
1639121400000,47954.4,48046.9,47829.7,47910.9,55978.0
1639122300000,47910.9,47942.0,47571.1,47700.0,81703.0
1639123200000,47706.2,47793.8,47647.2,47713.6,38421.0
1639124100000,47719.7,48036.1,47719.7,47973.3,49875.0
1639125000000,47973.2,48143.1,47902.2,47987.6,66318.0
1639125900000,47987.5,48171.9,47930.0,48097.2,25558.0
1639126800000,48097.3,48208.0,48028.2,48041.5,36027.0
1639127700000,48041.5,48159.9,47909.6,47913.2,29208.0
1639128600000,47913.1,48376.7,47850.7,48320.1,60775.0
1639129500000,48320.1,48500.0,48200.0,48376.9,71606.0
1639130400000,48376.8,48511.2,48223.8,48272.4,47738.0
1639131300000,48283.5,48320.0,48223.4,48253.7,17898.0
1639132200000,48253.7,48300.0,48161.0,48271.1,14626.0
1639133100000,48271.1,48379.7,48123.3,48200.1,44590.0
1639134000000,48200.1,48686.4,48197.7,48513.1,56152.0
1639134900000,48513.1,48513.7,48324.6,48421.0,19257.0
1639135800000,48421.0,48611.1,48389.6,48581.3,39746.0
1639136700000,48581.3,48733.0,48500.0,48714.0,53324.0
1639137600000,48714.0,49244.2,48660.6,49113.1,173692.0
1639138500000,49113.1,49118.0,48840.4,48930.9,46675.0
1639139400000,48930.9,49020.4,48840.1,48991.4,43873.0
1639140300000,48991.5,49123.4,48925.6,49088.2,48551.0
1639141200000,49088.2,49198.9,49000.3,49111.8,38413.0
1639142100000,49111.8,49118.0,48850.0,48917.5,44407.0
1639143000000,48917.5,50174.3,48902.3,49730.0,479594.0
1639143900000,49730.0,49859.0,49568.0,49607.7,111070.0
1639144800000,49607.8,49830.9,49591.6,49664.8,54304.0
1639145700000,49665.0,49690.4,49465.2,49475.0,52983.0
1639146600000,49474.9,49692.8,49370.0,49455.0,59403.0
1639147500000,49455.1,49484.6,48127.5,48276.6,515846.0
1639148400000,48276.6,48431.5,47921.3,48217.6,198516.0
1639149300000,48217.6,48600.0,48160.1,48370.1,126027.0
1639150200000,48370.2,48378.6,48124.8,48213.6,52154.0
1639151100000,48213.6,48213.6,47751.1,47978.1,157717.0
1639152000000,47980.0,47998.7,47510.0,47700.5,126306.0
1639152900000,47697.1,47779.6,47258.0,47692.0,241098.0
1639153800000,47692.0,47778.9,47349.0,47633.9,117138.0
1639154700000,47634.0,47829.2,47500.0,47538.3,95559.0
1639155600000,47537.1,47700.0,47468.1,47700.0,53723.0
1639156500000,47700.0,47700.0,47399.9,47414.4,52015.0
1639157400000,47419.6,47581.2,47300.0,47477.0,64174.0
1639158300000,47477.0,47757.4,47450.1,47716.7,43344.0
1639159200000,47718.7,48164.4,47640.4,48045.1,69929.0
1639160100000,48045.0,48333.7,47963.3,48032.7,83638.0
1639161000000,48040.9,48067.1,47840.6,47960.4,28934.0
1639161900000,47950.9,47963.3,47721.5,47823.1,30028.0
1639162800000,47823.0,47869.8,47670.3,47724.5,41559.0
1639163700000,47724.6,48045.8,47724.6,48007.2,24270.0
1639164600000,48007.2,48200.0,48001.0,48132.7,35423.0
1639165500000,48124.4,48219.9,48097.0,48138.5,12062.0
1639166400000,48117.0,48401.3,48103.2,48220.8,29036.0
1639167300000,48228.6,48367.0,48139.1,48315.5,14885.0
1639168200000,48315.5,48379.1,48198.6,48232.4,18451.0
1639169100000,48221.6,48484.0,48221.6,48429.1,21989.0
1639170000000,48440.0,48540.0,48286.1,48346.8,18618.0
1639170900000,48325.9,48400.0,48160.6,48291.3,17943.0
1639171800000,48285.2,48395.4,48200.1,48245.1,15221.0
1639172700000,48249.7,48298.5,47796.8,47929.7,52640.0
1639173600000,47936.5,48039.2,47783.1,47940.3,14842.0
1639174500000,47940.4,48100.2,47849.9,47886.8,11433.0
1639175400000,47886.7,47975.8,47711.0,47957.9,10718.0
1639176300000,47960.3,47967.3,47456.9,47530.7,53343.0
1639177200000,47532.6,47704.6,47336.2,47535.7,43709.0
1639178100000,47535.7,47810.2,47523.1,47640.9,26280.0
1639179000000,47640.8,47719.9,47348.4,47513.4,53485.0
1639179900000,47511.9,47588.9,46833.8,47160.0,263343.0
1639180800000,47148.8,47352.5,46871.2,46992.9,117760.0
1639181700000,46992.9,48324.6,46743.9,48217.5,280094.0
1639182600000,48217.5,48461.1,47805.7,47900.1,153020.0
1639183500000,47900.0,48062.6,47669.1,47758.9,54971.0
1639184400000,47751.9,48054.1,47662.1,47950.4,46585.0
1639185300000,47956.9,48071.7,47870.6,48026.8,33066.0
1639186200000,48032.3,48245.3,47980.9,48092.6,37132.0
1639187100000,48095.1,48095.1,47880.4,47924.1,28086.0
1639188000000,47924.1,48235.3,47907.4,48142.3,29135.0
1639188900000,48142.2,48161.4,47950.6,48096.2,25574.0
1639189800000,48096.1,48229.9,47915.9,48150.5,31026.0
1639190700000,48156.6,48272.8,48111.2,48263.1,25539.0
1639191600000,48263.1,48433.4,48176.1,48371.8,50509.0
1639192500000,48371.9,48688.0,48356.8,48437.5,67820.0
1639193400000,48437.4,48580.0,48360.1,48384.6,33630.0
1639194300000,48389.6,48407.3,48290.0,48307.8,27691.0
1639195200000,48307.8,48493.7,48261.2,48461.8,29140.0
1639196100000,48461.7,48492.9,48302.0,48332.4,14911.0
1639197000000,48337.6,48464.9,48284.6,48336.9,15982.0
1639197900000,48336.9,48622.5,48336.9,48543.8,28552.0
1639198800000,48543.8,48597.3,48453.8,48465.3,19470.0
1639199700000,48465.2,48488.2,48366.0,48483.8,12028.0
1639200600000,48483.8,48550.0,48455.9,48523.9,12431.0
1639201500000,48520.5,48574.2,48215.8,48327.9,42904.0
1639202400000,48329.4,48894.8,48214.8,48770.4,97645.0
1639203300000,48770.5,48827.1,48288.0,48343.3,78315.0
1639204200000,48343.2,48412.8,48143.3,48350.5,35733.0
1639205100000,48347.0,48347.0,48024.6,48066.9,58300.0
1639206000000,48056.5,48129.8,47976.6,48091.6,24911.0
1639206900000,48089.2,48149.8,47980.0,47980.0,16485.0
1639207800000,47980.0,48136.1,47781.6,48035.2,69994.0
1639208700000,48035.3,48184.0,48022.9,48057.9,23444.0
1639209600000,48054.3,48139.8,47869.0,48092.0,32163.0
1639210500000,48092.1,48873.6,48092.1,48859.0,136183.0
1639211400000,48859.0,48918.9,48400.0,48482.5,129886.0
1639212300000,48482.4,48514.3,48265.4,48399.0,69279.0
1639213200000,48405.5,48430.9,48106.3,48213.6,72115.0
1639214100000,48222.5,48456.3,48206.0,48431.0,30178.0
1639215000000,48430.9,48530.4,48394.6,48474.6,25180.0
1639215900000,48474.6,48641.9,48350.0,48534.0,22592.0
1639216800000,48534.0,48597.9,48376.0,48390.0,29825.0
1639217700000,48387.8,48463.7,48327.3,48432.7,19881.0
1639218600000,48434.1,48523.4,48411.2,48462.7,10656.0
1639219500000,48462.8,48519.3,48380.0,48392.5,15782.0
1639220400000,48395.2,48473.1,48279.6,48439.3,19232.0
1639221300000,48431.5,48431.5,48166.3,48238.9,29956.0
1639222200000,48239.0,48331.1,48185.2,48297.3,13486.0
1639223100000,48297.3,48348.8,48172.7,48238.6,14037.0
1639224000000,48244.2,48449.6,48191.0,48387.9,30963.0
1639224900000,48386.0,48579.1,48302.0,48502.9,30173.0
1639225800000,48503.0,48550.0,48427.3,48549.9,19314.0
1639226700000,48550.0,48550.0,48456.4,48524.6,16091.0
1639227600000,48524.6,48955.9,48210.8,48286.0,131162.0
1639228500000,48286.0,48554.1,48212.2,48440.5,65879.0
1639229400000,48440.6,48597.9,48416.1,48417.4,41481.0
1639230300000,48417.5,48450.3,48212.1,48356.7,52129.0
1639231200000,48356.7,48392.2,48161.1,48283.8,35507.0
1639232100000,48283.8,48347.0,48203.7,48309.6,16472.0
1639233000000,48301.0,48443.9,48200.0,48443.8,18034.0
1639233900000,48443.9,48558.7,48375.1,48475.9,37343.0
1639234800000,48472.7,48646.4,48427.6,48453.9,34708.0
1639235700000,48450.7,48616.4,48449.9,48533.2,26505.0
1639236600000,48533.2,48701.9,48533.2,48616.4,37942.0
1639237500000,48616.5,48770.1,48571.4,48752.6,40431.0
1639238400000,48747.4,49185.4,48676.7,48949.6,119484.0
1639239300000,48941.5,49288.0,48900.2,49147.7,79864.0
1639240200000,49147.6,49266.5,49051.7,49145.6,53072.0
1639241100000,49145.7,49145.7,48934.5,48994.3,42541.0
1639242000000,48994.4,49066.7,48789.8,48880.0,45919.0
1639242900000,48877.9,48973.5,48846.9,48945.0,18373.0
1639243800000,48945.0,48968.2,48820.6,48862.9,13588.0
1639244700000,48869.7,48893.6,48572.2,48700.3,42643.0
1639245600000,48700.4,48825.3,48636.2,48679.0,28754.0
1639246500000,48679.1,48685.2,48577.6,48625.3,18744.0
1639247400000,48625.2,48816.1,48625.2,48726.0,13533.0
1639248300000,48732.7,48870.7,48622.3,48662.3,23948.0
1639249200000,48669.9,48789.0,48636.2,48748.1,13573.0
1639250100000,48748.0,48782.8,48680.0,48697.9,4974.0
1639251000000,48698.0,48739.5,48475.3,48489.4,16089.0
1639251900000,48489.5,48590.1,48366.0,48398.6,35350.0
1639252800000,48411.9,48549.9,48392.5,48478.6,7938.0
1639253700000,48478.7,48573.8,48410.1,48548.8,11866.0
1639254600000,48550.8,48739.9,48473.2,48684.4,18625.0
1639255500000,48694.9,48702.8,48556.6,48562.5,4372.0
1639256400000,48562.5,48584.2,48405.2,48461.1,10566.0
1639257300000,48461.1,48628.4,48431.0,48542.8,6762.0
1639258200000,48542.9,48599.9,48404.9,48490.9,5503.0
1639259100000,48491.0,48842.6,48456.8,48789.1,21072.0
1639260000000,48789.0,48865.2,48707.0,48787.9,11422.0
1639260900000,48787.9,48806.0,48642.3,48754.4,10524.0
1639261800000,48751.1,49163.2,48749.4,49006.4,33735.0
1639262700000,48999.6,48999.7,48832.0,48832.0,11350.0
1639263600000,48832.1,49444.3,48791.4,49201.8,47994.0
1639264500000,49197.6,49360.6,49131.4,49349.9,27896.0
1639265400000,49349.6,49500.0,49130.7,49243.1,43968.0
1639266300000,49251.2,49388.0,49123.0,49387.6,22330.0
1639267200000,49387.7,49583.0,49322.8,49449.5,51868.0
1639268100000,49441.0,49698.4,49429.5,49584.4,37737.0
1639269000000,49577.2,49647.0,49304.4,49335.0,45407.0
1639269900000,49339.4,49377.5,49200.0,49320.1,32985.0
1639270800000,49327.6,49451.5,49273.1,49354.8,32036.0
1639271700000,49354.8,49445.9,49053.6,49224.2,40190.0
1639272600000,49229.9,49288.0,49150.1,49249.3,19734.0
1639273500000,49249.3,49292.3,49160.0,49180.4,17539.0
1639274400000,49188.7,49257.7,49121.0,49153.1,14720.0
1639275300000,49153.1,49249.5,49150.0,49204.7,14358.0
1639276200000,49197.6,49311.8,49150.0,49311.8,15158.0
1639277100000,49311.8,49350.0,49030.0,49036.1,23047.0
1639278000000,49047.9,49121.5,49040.0,49090.6,14856.0
1639278900000,49090.6,49200.0,49082.9,49157.4,11178.0
1639279800000,49164.0,49385.0,49146.1,49337.1,24255.0
1639280700000,49337.1,49353.8,49246.2,49294.8,22486.0
1639281600000,49289.1,49330.0,49120.1,49121.3,25956.0
1639282500000,49121.3,49274.7,49091.7,49209.5,13225.0
1639283400000,49202.7,49286.6,49078.0,49078.0,21762.0
1639284300000,49078.1,49125.5,48828.9,48875.9,64860.0
1639285200000,48875.9,49030.6,48838.7,49000.6,24741.0
1639286100000,49006.1,49030.5,48903.4,48945.7,13271.0
1639287000000,48945.6,49065.8,48916.2,48984.8,19443.0
1639287900000,48984.7,49000.0,48892.2,48978.0,15323.0
1639288800000,48979.2,49088.4,48948.2,49070.3,20110.0
1639289700000,49070.2,49243.9,48977.6,49012.6,26932.0
1639290600000,49012.6,49151.8,49012.6,49124.7,9512.0
1639291500000,49123.0,49198.9,49079.8,49159.8,11233.0
1639292400000,49165.1,49190.0,49085.3,49104.1,11113.0
1639293300000,49104.1,49360.0,49096.5,49299.9,33439.0
1639294200000,49297.3,49318.4,49248.0,49280.7,11916.0
1639295100000,49284.0,49359.6,49232.4,49294.6,15167.0
1639296000000,49293.7,49380.4,49253.9,49320.0,19399.0
1639296900000,49320.0,49344.6,49161.0,49182.7,18838.0
1639297800000,49182.8,49188.0,48999.2,49064.9,29686.0
1639298700000,49064.9,49096.6,48957.5,48973.3,29080.0
1639299600000,48973.3,49069.6,48934.8,48955.2,16877.0
1639300500000,48955.1,49171.1,48881.9,49061.4,31578.0
1639301400000,49061.4,49061.4,48900.0,48934.5,21326.0
1639302300000,48934.5,48965.1,48715.3,48823.2,79887.0
1639303200000,48823.3,48881.0,48619.0,48761.6,41529.0
1639304100000,48761.6,48918.0,48700.0,48890.6,37667.0
1639305000000,48890.6,48957.9,48770.7,48839.6,23803.0
1639305900000,48840.8,48950.0,48785.6,48925.6,11077.0
1639306800000,48925.7,49010.0,48843.0,48932.1,26450.0
1639307700000,48921.3,49081.2,48903.6,49006.3,21685.0
1639308600000,49020.0,49287.5,48968.6,49266.1,49815.0
1639309500000,49259.0,49308.6,49083.7,49132.4,38004.0
1639310400000,49132.3,49552.9,49106.4,49390.0,102075.0
1639311300000,49390.0,49619.9,49295.1,49561.1,90984.0
1639312200000,49561.1,49630.0,49388.0,49484.8,54014.0
1639313100000,49484.9,49555.0,49430.5,49510.8,41685.0
1639314000000,49510.9,49831.7,49496.0,49703.0,101891.0
1639314900000,49700.1,49768.0,49559.1,49575.5,40947.0
1639315800000,49575.4,49740.3,49561.6,49700.0,39298.0
1639316700000,49700.0,49921.1,49577.3,49792.6,62743.0
1639317600000,49787.1,49950.0,49717.6,49877.0,68692.0
1639318500000,49877.1,49913.8,49633.0,49674.5,42497.0
1639319400000,49674.5,49790.0,49501.4,49743.6,61849.0
1639320300000,49743.7,49894.0,49702.6,49844.1,35388.0
1639321200000,49844.1,49894.1,49645.2,49714.6,31421.0
1639322100000,49714.6,49838.9,49618.0,49752.6,26825.0
1639323000000,49752.6,49790.8,49632.0,49695.5,12529.0
1639323900000,49696.7,49696.7,49579.9,49615.4,20514.0
1639324800000,49615.3,49786.8,49513.0,49557.8,44601.0
1639325700000,49541.0,49736.5,49501.0,49689.7,41545.0
1639326600000,49689.2,49842.8,49680.8,49773.7,29039.0
1639327500000,49775.5,49889.5,49700.8,49865.2,27100.0
1639328400000,49865.2,50400.0,49811.3,50115.1,188947.0
1639329300000,50115.0,50520.0,50072.3,50113.9,89728.0
1639330200000,50104.8,50128.5,49781.1,50020.0,88626.0
1639331100000,50019.9,50326.5,49979.0,50243.1,77195.0
1639332000000,50243.2,50720.5,50243.2,50655.9,165035.0
1639332900000,50655.9,50799.3,50430.1,50521.9,76339.0
1639333800000,50511.7,50600.0,50445.0,50522.0,76547.0
1639334700000,50516.1,50516.1,50418.9,50475.7,12551.0
1639335600000,50468.7,50600.0,50437.2,50445.9,25392.0
1639336500000,50443.2,50469.6,50208.9,50276.4,33662.0
1639337400000,50280.4,50430.4,50234.7,50299.0,53639.0
1639338300000,50298.0,50298.0,50125.0,50216.9,32694.0
1639339200000,50217.0,50471.6,50154.5,50358.8,45917.0
1639340100000,50358.7,50548.2,50356.1,50509.6,8788.0
1639341000000,50502.2,50544.3,50392.0,50392.0,4738.0
1639341900000,50392.0,50392.0,50239.2,50265.0,8237.0
1639342800000,50268.9,50273.0,50187.1,50265.0,10061.0
1639343700000,50265.9,50328.5,50200.0,50226.7,11739.0
1639344600000,50226.6,50226.6,49934.1,50061.0,40568.0
1639345500000,50065.0,50125.0,49875.0,49952.7,24637.0
1639346400000,49961.0,50120.6,49939.7,50084.1,40281.0
1639347300000,50084.0,50084.0,49955.2,50012.4,11730.0
1639348200000,50009.8,50168.9,49997.1,50132.9,7039.0
1639349100000,50107.4,50311.1,50099.9,50280.1,13719.0
1639350000000,50280.1,50359.9,50192.2,50263.1,31145.0
1639350900000,50263.1,50272.3,50191.9,50242.1,9408.0
1639351800000,50242.1,50274.9,49953.4,50041.9,18482.0
1639352700000,50041.9,50148.4,49982.1,50075.7,17957.0
1639353600000,50071.1,50197.6,50019.3,50169.3,15533.0
1639354500000,50169.3,50181.0,49679.7,49961.0,66484.0
1639355400000,49961.0,49961.1,49685.4,49820.1,40060.0
1639356300000,49820.1,49845.3,49542.3,49645.8,59548.0
1639357200000,49645.8,49645.8,49008.0,49128.2,188435.0
1639358100000,49128.2,49241.1,48814.8,49008.6,111571.0
1639359000000,49008.6,49099.8,48823.3,49009.7,62483.0
1639359900000,49015.6,49091.0,48561.9,48593.5,82745.0
1639360800000,48598.6,48875.0,48500.0,48799.9,88865.0
1639361700000,48799.9,48870.8,48686.0,48735.4,33170.0
1639362600000,48742.4,48788.0,48426.8,48682.7,76218.0
1639363500000,48682.8,48835.2,48664.7,48765.0,32562.0
1639364400000,48765.0,48866.0,48695.0,48847.9,29007.0
1639365300000,48847.9,48911.0,48736.9,48891.5,38177.0
1639366200000,48891.4,49068.0,48853.1,49054.9,47073.0
1639367100000,49054.9,49054.9,48841.9,48873.9,24524.0
1639368000000,48873.8,48936.9,48757.9,48936.9,36487.0
1639368900000,48936.9,48988.6,48823.5,48934.6,19903.0
1639369800000,48934.6,49096.3,48907.9,49059.8,38028.0
1639370700000,49059.9,49100.0,48953.8,49019.3,28108.0
1639371600000,49019.4,49020.0,48957.1,48995.9,14351.0
1639372500000,48995.9,49080.0,48880.0,48930.0,22849.0
1639373400000,48930.0,48985.0,48850.0,48964.4,13897.0
1639374300000,48968.8,49330.0,48968.8,49230.5,74525.0
1639375200000,49230.5,49300.0,49158.8,49163.2,22374.0
1639376100000,49163.1,49205.2,49006.8,49062.0,25986.0
1639377000000,49074.0,49140.7,48961.3,49090.9,23166.0
1639377900000,49090.9,49090.9,48866.1,48928.4,36088.0
1639378800000,48931.4,48988.3,48716.6,48762.8,60577.0
1639379700000,48762.8,48873.3,48720.0,48816.8,27472.0
1639380600000,48823.5,48910.9,48586.0,48651.1,48101.0
1639381500000,48649.9,48794.8,48631.4,48756.5,26781.0
1639382400000,48756.5,49158.6,48086.6,48907.0,285148.0
1639383300000,48906.9,49018.7,48800.0,48907.9,51842.0
1639384200000,48907.8,49094.1,48905.4,49060.0,28504.0
1639385100000,49059.9,49187.8,49001.4,49025.6,32788.0
1639386000000,49018.5,49035.5,48822.9,48904.4,37125.0
1639386900000,48904.4,48911.9,48762.6,48838.1,25449.0
1639387800000,48838.1,48844.6,48710.1,48806.8,19773.0
1639388700000,48815.7,48887.8,48804.2,48856.5,11321.0
1639389600000,48856.5,48916.5,48618.3,48792.9,26544.0
1639390500000,48788.4,48831.4,48630.3,48685.6,24174.0
1639391400000,48675.3,48771.4,48475.7,48720.0,45581.0
1639392300000,48719.9,48816.1,48636.7,48691.5,16824.0
1639393200000,48691.4,48749.0,48580.0,48735.8,19725.0
1639394100000,48735.8,48818.4,48684.1,48725.9,18815.0
1639395000000,48725.8,48882.2,48725.8,48858.0,24800.0
1639395900000,48857.0,48923.3,48760.7,48852.2,18170.0
1639396800000,48848.5,49000.0,48792.0,48980.8,24754.0
1639397700000,48980.7,49000.0,48895.3,48895.4,17219.0
1639398600000,48895.4,48909.6,48625.1,48664.1,32812.0
1639399500000,48677.2,48684.9,48536.3,48585.1,45677.0
1639400400000,48585.1,48644.9,48304.9,48427.0,73431.0
1639401300000,48427.1,48506.8,48160.3,48368.7,99854.0
1639402200000,48368.8,48574.1,48330.0,48519.9,45167.0
1639403100000,48520.0,48536.0,48423.6,48438.0,18289.0
1639404000000,48431.2,48431.2,48101.0,48141.5,105251.0
1639404900000,48141.5,48200.4,47804.0,47952.5,158003.0
1639405800000,47948.2,48019.5,47700.2,47850.7,103125.0
1639406700000,47850.0,47988.3,47750.0,47946.7,58669.0
1639407600000,47949.9,47949.9,47568.3,47682.4,98567.0
1639408500000,47682.5,47779.6,47315.1,47520.1,159009.0
1639409400000,47520.1,47634.6,47300.0,47509.1,93407.0
1639410300000,47509.0,47561.1,47000.0,47247.5,181756.0
1639411200000,47247.4,47572.3,46880.0,47359.9,192233.0
1639412100000,47359.9,47408.7,46603.0,47074.7,215367.0
1639413000000,47064.3,47182.4,46745.0,47107.5,115265.0
1639413900000,47107.6,47317.5,46923.0,47141.1,89374.0
1639414800000,47141.2,48026.2,47063.1,47686.7,241659.0
1639415700000,47674.4,47689.3,47407.3,47488.2,51675.0
1639416600000,47488.1,47651.0,47289.4,47320.0,59643.0
1639417500000,47320.0,47548.2,47251.0,47508.0,39924.0
1639418400000,47500.1,47638.5,47421.7,47576.6,20656.0
1639419300000,47579.7,47679.9,47386.6,47466.5,18940.0
1639420200000,47465.8,47465.8,47322.2,47355.0,23145.0
1639421100000,47354.9,47510.3,47309.0,47449.3,21109.0
1639422000000,47437.6,47442.1,47110.0,47181.1,37948.0
1639422900000,47179.2,47232.4,46000.0,46437.3,515017.0
1639423800000,46437.3,46459.2,45606.6,46059.2,425548.0
1639424700000,46067.9,46859.3,45978.2,46710.9,211316.0
1639425600000,46710.9,46946.7,46565.5,46900.0,97724.0
1639426500000,46896.6,46922.5,46474.0,46682.3,62431.0
1639427400000,46666.0,46744.5,46323.2,46464.2,51944.0
1639428300000,46479.8,46722.9,46449.3,46646.3,32826.0
1639429200000,46646.5,46721.3,46223.7,46424.8,63954.0
1639430100000,46414.4,46545.9,46253.6,46526.3,39546.0
1639431000000,46526.3,46711.4,46360.3,46497.2,32808.0
1639431900000,46495.3,46888.9,46495.3,46783.5,42069.0
1639432800000,46773.7,47370.4,46665.1,47136.6,122635.0
1639433700000,47138.7,47138.8,46913.8,47057.9,29231.0
1639434600000,47058.0,47203.2,46943.2,46985.8,18640.0
1639435500000,46985.7,47056.4,46843.9,46875.3,14742.0
1639436400000,46879.4,47012.1,46697.1,46993.6,42157.0
1639437300000,47003.2,47050.0,46766.0,46795.0,17513.0
1639438200000,46788.5,46853.5,46563.5,46687.7,35080.0
1639439100000,46697.0,46794.1,46558.0,46687.4,28104.0
1639440000000,46695.0,46773.1,46406.2,46490.6,89825.0
1639440900000,46490.6,46839.4,46277.3,46789.8,57219.0
1639441800000,46789.8,47238.7,46788.7,47217.1,83323.0
1639442700000,47217.1,47217.1,46998.3,46998.3,25382.0
1639443600000,46998.4,47048.6,46886.0,47010.7,27524.0
1639444500000,47010.7,47130.7,46840.0,46841.6,37224.0
1639445400000,46841.5,46866.9,46602.5,46700.0,46195.0
1639446300000,46700.0,46980.0,46578.2,46877.9,34611.0
1639447200000,46877.9,46967.9,46800.0,46925.9,30247.0
1639448100000,46921.4,46921.4,46682.9,46755.5,27832.0
1639449000000,46755.5,47051.5,46692.6,46948.7,23466.0
1639449900000,46948.7,47064.4,46795.0,47028.2,26060.0
1639450800000,47028.2,47107.7,46935.5,46971.5,38924.0
1639451700000,46976.6,47074.2,46875.4,47028.0,24596.0
1639452600000,47035.0,47051.2,46779.8,46821.0,25336.0
1639453500000,46821.0,46976.0,46749.6,46944.4,34423.0
1639454400000,46950.6,47159.9,46875.0,47159.9,42987.0
1639455300000,47159.8,47170.0,47019.5,47088.9,26185.0
1639456200000,47083.1,47163.7,46935.6,47060.6,32233.0
1639457100000,47053.2,47080.0,46902.6,46979.6,21083.0
1639458000000,46977.7,47026.2,46840.1,46843.9,17642.0
1639458900000,46840.3,47012.0,46840.0,47012.0,21244.0
1639459800000,47012.0,47126.3,46975.3,47013.1,19080.0
1639460700000,47013.0,47039.5,46680.8,46699.4,47559.0
1639461600000,46699.5,46857.0,46699.5,46755.0,44280.0
1639462500000,46755.1,46764.5,46456.5,46492.7,68439.0
1639463400000,46492.6,46627.8,46312.4,46478.8,55984.0
1639464300000,46478.7,46727.8,46409.6,46678.2,47284.0
1639465200000,46685.3,46840.0,46560.0,46575.1,43544.0
1639466100000,46575.1,46795.5,46568.2,46714.9,20708.0
1639467000000,46714.9,46916.0,46714.8,46812.9,33158.0
1639467900000,46812.8,47048.7,46804.4,47016.3,41512.0
1639468800000,47014.0,47270.3,46962.5,47100.0,100575.0
1639469700000,47099.9,47180.0,47052.8,47128.5,34587.0
1639470600000,47135.9,47456.2,47089.9,47383.2,73658.0
1639471500000,47383.2,47500.0,47279.9,47444.1,53519.0
1639472400000,47444.2,47488.0,47285.0,47292.9,35432.0
1639473300000,47293.0,47388.0,47280.2,47285.0,18520.0
1639474200000,47285.1,47363.8,46967.0,46971.5,97687.0
1639475100000,46971.5,47065.3,46774.2,46826.3,79276.0
1639476000000,46826.4,46965.5,46786.0,46950.0,33922.0
1639476900000,46950.0,47086.7,46889.9,46995.0,26641.0
1639477800000,46980.9,47292.0,46980.9,47122.6,67214.0
1639478700000,47122.7,47379.3,47116.6,47334.9,51170.0
1639479600000,47334.9,47398.3,47231.9,47276.5,26336.0
1639480500000,47272.5,47441.9,47243.1,47303.6,27850.0
1639481400000,47303.6,47381.6,47173.8,47376.8,27241.0
1639482300000,47385.0,47760.0,47275.0,47608.7,104353.0
1639483200000,47608.7,47864.8,47599.4,47771.2,94622.0
1639484100000,47776.9,47944.9,47705.0,47730.0,69090.0
1639485000000,47729.9,47762.3,47530.0,47610.1,59848.0
1639485900000,47610.1,47667.7,47500.0,47500.0,29453.0
1639486800000,47500.1,47672.3,47500.1,47605.7,22646.0
1639487700000,47605.7,47605.7,47301.2,47413.0,50061.0
1639488600000,47411.8,47411.8,47009.0,47063.7,86673.0
1639489500000,47063.6,47219.9,46983.7,47163.6,44874.0
1639490400000,47162.0,47298.4,46865.3,46945.3,74720.0
1639491300000,46945.2,46995.7,46808.4,46924.4,58413.0
1639492200000,46928.5,47239.1,46900.1,47159.1,63167.0
1639493100000,47164.7,47328.8,47105.0,47282.3,45502.0
1639494000000,47275.0,47350.0,47074.0,47074.0,42941.0
1639494900000,47074.0,47499.7,47035.1,47464.3,70559.0
1639495800000,47464.3,47499.9,47190.8,47307.5,43326.0
1639496700000,47307.6,47343.6,46593.3,46838.5,168192.0
1639497600000,46840.0,47118.6,46625.6,46893.6,114635.0
1639498500000,46887.6,46974.8,46541.1,46940.5,105486.0
1639499400000,46946.1,47144.5,46820.8,46939.0,58139.0
1639500300000,46939.0,47099.9,46712.0,46733.5,33554.0
1639501200000,46734.7,46923.1,46657.7,46868.6,37537.0
1639502100000,46855.5,47087.7,46817.7,47068.3,43987.0
1639503000000,47061.8,47061.8,46761.3,46800.7,29366.0
1639503900000,46807.3,46815.8,46544.4,46620.0,64564.0
1639504800000,46620.0,46952.8,46580.0,46829.2,45709.0
1639505700000,46829.3,46883.6,46653.3,46832.8,34121.0
1639506600000,46825.8,46836.9,46450.0,46505.6,68010.0
1639507500000,46505.7,46679.3,46505.7,46648.2,15891.0
1639508400000,46648.2,46977.9,46639.6,46858.9,35018.0
1639509300000,46858.9,47032.4,46839.6,46997.6,41039.0
1639510200000,46983.4,47077.0,46860.2,46889.1,21357.0
1639511100000,46882.0,46950.0,46743.6,46866.7,13552.0
1639512000000,46861.0,47176.9,46841.7,47089.9,64431.0
1639512900000,47074.0,47270.2,47062.9,47184.6,54401.0
1639513800000,47195.2,47885.1,47133.6,47815.7,167926.0
1639514700000,47817.0,47837.2,47623.1,47803.2,45415.0
1639515600000,47802.5,48335.0,47755.0,48237.3,119607.0
1639516500000,48237.8,48362.7,48109.9,48317.4,44554.0
1639517400000,48313.4,48662.3,48220.6,48482.0,91228.0
1639518300000,48482.1,48651.3,48212.5,48294.3,63319.0
1639519200000,48294.4,48496.5,48225.5,48320.3,71804.0
1639520100000,48315.6,48419.5,48134.6,48150.9,31713.0
1639521000000,48151.0,48378.7,48020.8,48378.0,24845.0
1639521900000,48378.0,48390.0,48238.1,48266.1,15784.0
1639522800000,48266.1,48388.0,48157.9,48300.0,22532.0
1639523700000,48300.0,48308.0,48189.9,48204.6,21737.0
1639524600000,48204.5,48284.8,48161.0,48272.4,20243.0
1639525500000,48265.8,48450.9,48195.3,48360.0,48656.0
1639526400000,48360.0,48396.4,48243.4,48322.6,28890.0
1639527300000,48333.3,48772.2,48230.1,48477.3,104892.0
1639528200000,48477.4,48544.4,48113.9,48167.6,60713.0
1639529100000,48168.5,48257.4,48060.6,48150.7,50026.0
1639530000000,48150.7,48182.0,48049.0,48100.4,33920.0
1639530900000,48100.3,48187.9,48053.1,48112.5,18696.0
1639531800000,48115.6,48160.0,47958.3,48042.0,33390.0
1639532700000,48041.9,48120.0,48008.6,48077.4,21847.0
1639533600000,48077.3,48098.1,47833.1,47905.6,54099.0
1639534500000,47905.6,47970.0,47864.1,47926.8,24295.0
1639535400000,47926.9,47997.8,47880.0,47917.1,15924.0
1639536300000,47917.1,48016.5,47899.0,48001.4,19309.0
1639537200000,48001.4,48029.0,47941.0,47961.8,14129.0
1639538100000,47961.7,48142.5,47950.0,48081.2,26130.0
1639539000000,48092.5,48142.9,48045.4,48134.8,18034.0
1639539900000,48134.8,48302.2,48094.7,48266.6,37239.0
1639540800000,48266.6,48374.5,48082.2,48151.7,53689.0
1639541700000,48151.8,48441.0,48136.6,48382.4,64395.0
1639542600000,48382.4,48431.4,48280.1,48338.3,21120.0
1639543500000,48338.4,48353.8,48180.0,48232.0,25798.0
1639544400000,48239.9,48322.6,48111.0,48166.3,31816.0
1639545300000,48166.3,48166.3,48059.1,48094.6,23758.0
1639546200000,48097.5,48236.0,48072.0,48131.3,26850.0
1639547100000,48131.3,48161.5,48051.0,48123.6,15429.0
1639548000000,48123.6,48197.9,48066.2,48149.4,14848.0
1639548900000,48149.3,48325.0,48118.8,48270.2,25995.0
1639549800000,48270.1,48337.2,48022.3,48028.8,27688.0
1639550700000,48037.1,48109.2,48021.0,48070.3,23380.0
1639551600000,48067.5,48298.0,47938.3,48264.6,55139.0
1639552500000,48264.5,48346.0,48138.3,48142.7,41274.0
1639553400000,48141.1,48262.6,48114.1,48216.8,14697.0
1639554300000,48211.3,48300.0,48178.0,48208.9,16518.0
1639555200000,48208.9,48380.8,48208.9,48276.4,33728.0
1639556100000,48282.6,48578.0,48255.4,48488.6,80999.0
1639557000000,48488.6,48774.9,48484.6,48658.1,90503.0
1639557900000,48658.0,48732.6,48471.2,48573.2,60486.0
1639558800000,48573.2,48587.9,48440.1,48466.1,25771.0
1639559700000,48466.0,48528.6,48393.6,48460.1,20875.0
1639560600000,48460.2,48468.7,48388.0,48442.3,24222.0
1639561500000,48442.4,48574.9,48440.0,48485.9,26126.0
1639562400000,48493.2,48598.8,48460.0,48511.7,30185.0
1639563300000,48513.9,48513.9,48263.0,48355.3,44549.0
1639564200000,48358.9,48359.0,48200.8,48236.0,32626.0
1639565100000,48236.0,48323.6,48210.0,48240.4,20452.0
1639566000000,48256.0,48336.6,48166.3,48309.8,34962.0
1639566900000,48309.9,48353.8,48088.4,48127.7,51511.0
1639567800000,48127.7,48240.7,48111.9,48204.0,38270.0
1639568700000,48204.1,48276.1,48133.6,48138.4,13038.0
1639569600000,48138.3,48311.1,48033.6,48220.6,53326.0
1639570500000,48220.6,48278.0,48178.9,48251.9,23631.0
1639571400000,48255.5,48268.9,47564.2,47875.5,196897.0
1639572300000,47875.5,47894.8,47527.8,47592.9,110105.0
1639573200000,47592.8,47724.6,47530.1,47645.5,63628.0
1639574100000,47639.9,47700.0,47426.0,47630.1,61294.0
1639575000000,47630.2,47805.6,47602.4,47730.4,72652.0
1639575900000,47730.4,47799.4,47575.1,47646.5,31448.0
1639576800000,47646.4,47760.0,47573.0,47760.0,25316.0
1639577700000,47760.0,47760.0,47652.0,47686.9,27766.0
1639578600000,47690.1,47713.3,47223.0,47273.9,128438.0
1639579500000,47273.8,47383.6,47222.4,47370.5,60456.0
1639580400000,47370.5,47474.0,46880.7,46969.3,172481.0
1639581300000,46969.4,47079.8,46870.7,46971.0,104425.0
1639582200000,46971.0,47176.4,46926.8,46938.8,87942.0
1639583100000,46938.9,47007.2,46555.0,46636.1,160533.0
1639584000000,46636.0,46985.0,46523.0,46920.0,133842.0
1639584900000,46920.0,47034.3,46708.5,46965.4,71605.0
1639585800000,46965.4,46984.8,46639.2,46819.8,60086.0
1639586700000,46812.5,47026.4,46730.4,47004.2,36993.0
1639587600000,47004.2,47149.7,46955.5,46968.9,67079.0
1639588500000,46969.0,47054.9,46871.0,47039.3,27098.0
1639589400000,47039.3,47362.9,47000.2,47200.1,89156.0
1639590300000,47194.2,47198.0,47088.1,47100.0,20682.0
1639591200000,47093.7,47199.0,47018.0,47136.7,26106.0
1639592100000,47151.2,47390.0,47109.1,47291.0,44284.0
1639593000000,47291.0,47718.8,47264.6,47666.8,81652.0
1639593900000,47667.6,48264.6,47529.5,47837.1,225569.0
1639594800000,47839.5,49280.0,47219.6,48981.0,1017750.0
1639595700000,48975.4,49037.5,47800.0,48100.3,344273.0
1639596600000,48100.3,48928.8,47930.0,48469.7,358441.0
1639597500000,48469.6,48863.8,48416.4,48691.3,164233.0
1639598400000,48688.6,49151.4,48552.1,49021.1,159613.0
1639599300000,49016.4,49392.5,48837.1,49252.5,156824.0
1639600200000,49250.8,49497.3,49121.2,49269.8,110251.0
1639601100000,49266.1,49448.6,49032.2,49211.8,94628.0
1639602000000,49212.4,49368.7,49000.0,49002.4,55920.0
1639602900000,49002.5,49211.8,48934.6,49134.7,60502.0
1639603800000,49147.7,49224.9,49044.7,49069.0,31893.0
1639604700000,49069.1,49276.4,48987.3,49166.4,41208.0
1639605600000,49166.4,49230.4,48978.6,48980.1,24935.0
1639606500000,48980.1,49039.9,48830.8,48885.6,35989.0
1639607400000,48885.7,48910.7,48755.1,48848.8,24067.0
1639608300000,48848.8,48928.0,48666.6,48758.5,35642.0
1639609200000,48758.5,48956.5,48757.1,48881.8,41772.0
1639610100000,48881.7,48944.7,48776.2,48819.5,24105.0
1639611000000,48819.5,48874.3,48702.0,48708.8,19336.0
1639611900000,48708.8,48957.2,48708.8,48864.4,30052.0
1639612800000,48864.5,48963.0,48738.3,48904.4,111689.0
1639613700000,48913.1,49170.2,48908.1,49025.0,38763.0
1639614600000,49025.0,49150.0,48946.2,49129.6,26564.0
1639615500000,49129.7,49284.1,49030.4,49066.1,36371.0
1639616400000,49066.1,49142.8,48915.2,48961.0,30133.0
1639617300000,48960.9,49001.2,48871.2,48919.6,17323.0
1639618200000,48923.2,48967.2,48850.0,48900.7,17736.0
1639619100000,48900.7,49047.0,48873.0,49037.3,13785.0
1639620000000,49037.4,49056.1,48950.0,48980.8,11112.0
1639620900000,48978.3,49029.1,48874.8,48965.7,20071.0
1639621800000,48965.7,49038.6,48955.8,48973.4,14843.0
1639622700000,48977.2,49059.6,48950.0,49013.5,16927.0
1639623600000,49013.6,49060.0,48922.4,48922.4,17485.0
1639624500000,48922.4,48953.6,48773.9,48804.2,36015.0
1639625400000,48804.3,48838.8,48709.4,48791.8,37056.0
1639626300000,48791.8,48855.2,48777.2,48830.0,16008.0
1639627200000,48830.1,48899.1,48760.2,48777.7,18603.0
1639628100000,48777.8,48777.8,48587.9,48726.3,55759.0
1639629000000,48726.4,48767.4,48650.0,48726.6,21454.0
1639629900000,48726.6,48836.8,48712.5,48753.4,20919.0
1639630800000,48753.5,48822.8,48667.5,48753.9,19293.0
1639631700000,48753.9,48782.8,48650.0,48712.0,23515.0
1639632600000,48712.0,48749.9,48639.5,48645.4,15332.0
1639633500000,48645.4,48692.4,48506.0,48524.7,33428.0
1639634400000,48525.0,48630.0,48515.0,48629.9,27981.0
1639635300000,48629.9,48745.2,48603.9,48735.1,30245.0
1639636200000,48735.1,48796.9,48710.0,48786.0,38101.0
1639637100000,48786.0,48925.5,48764.3,48892.4,31230.0
1639638000000,48892.3,48994.3,48861.0,48919.4,41585.0
1639638900000,48912.3,49030.0,48883.2,48964.6,32523.0
1639639800000,48964.6,48995.2,48880.0,48918.3,19090.0
1639640700000,48918.3,48918.3,48686.2,48714.3,46536.0
1639641600000,48714.8,48787.9,48641.0,48641.1,39464.0
1639642500000,48641.0,48770.0,48618.7,48704.3,19921.0
1639643400000,48704.3,48836.0,48691.2,48835.7,20209.0
1639644300000,48835.8,48940.9,48742.6,48767.7,32642.0
1639645200000,48773.3,48865.9,48740.3,48753.1,10233.0
1639646100000,48753.1,48868.1,48749.3,48860.3,14364.0
1639647000000,48860.3,48920.0,48820.0,48910.9,15855.0
1639647900000,48910.8,48974.5,48884.0,48952.3,20853.0
1639648800000,48952.3,49200.0,48916.3,49140.9,63938.0
1639649700000,49141.5,49236.7,49046.9,49076.8,41614.0
1639650600000,49076.7,49152.0,49034.0,49071.8,22489.0
1639651500000,49071.8,49165.0,49041.7,49147.0,14296.0
1639652400000,49146.9,49166.0,48863.1,48945.2,69189.0
1639653300000,48943.0,49044.4,48872.8,49010.0,35929.0
1639654200000,49010.0,49389.9,49000.1,49382.9,80487.0
1639655100000,49388.6,49450.0,49102.6,49206.9,78547.0
1639656000000,49206.9,49212.2,49051.0,49067.5,41379.0
1639656900000,49067.6,49161.6,48982.4,49077.0,32665.0
1639657800000,49076.9,49199.0,48700.0,48815.1,117012.0
1639658700000,48815.0,48820.6,48628.0,48700.1,90042.0
1639659600000,48689.8,48744.2,48388.0,48520.0,136713.0
1639660500000,48529.4,48799.9,48458.5,48799.8,85906.0
1639661400000,48799.9,48912.2,48645.2,48863.5,71161.0
1639662300000,48863.9,49288.2,48812.2,49013.5,104225.0
1639663200000,49013.5,49018.0,48634.8,48719.4,67773.0
1639664100000,48719.3,48869.5,48561.2,48759.9,57425.0
1639665000000,48759.8,48900.0,48586.4,48609.2,67653.0
1639665900000,48606.7,48751.1,48511.0,48536.0,65703.0
1639666800000,48536.0,48551.9,48251.0,48390.0,135720.0
1639667700000,48397.2,48657.2,48328.0,48620.0,68331.0
1639668600000,48622.1,48716.8,48480.0,48496.5,65291.0
1639669500000,48491.5,48700.0,48471.4,48587.7,54176.0
1639670400000,48593.1,48625.6,48329.4,48417.8,82123.0
1639671300000,48412.9,48500.0,48318.0,48489.9,39226.0
1639672200000,48489.9,48537.1,48307.4,48474.2,48199.0
1639673100000,48474.1,48723.7,48386.0,48512.0,56536.0
1639674000000,48512.0,48517.7,48145.9,48230.0,113063.0
1639674900000,48227.4,48318.1,48093.5,48159.4,39811.0
1639675800000,48159.4,48229.9,48075.0,48105.4,30778.0
1639676700000,48105.5,48227.2,48095.0,48100.2,31692.0
1639677600000,48100.1,48331.2,48074.0,48277.4,35391.0
1639678500000,48277.4,48286.1,48187.0,48219.6,13796.0
1639679400000,48219.5,48219.5,47858.0,47962.4,73741.0
1639680300000,47965.9,48029.5,47869.2,47992.8,31753.0
1639681200000,47992.8,48125.4,47928.4,47940.2,41262.0
1639682100000,47940.3,47974.2,47760.0,47799.8,49673.0
1639683000000,47799.7,47933.5,47733.3,47864.2,40306.0
1639683900000,47869.2,47900.0,47666.1,47881.4,48193.0
1639684800000,47881.3,48043.5,47850.1,47934.4,28682.0
1639685700000,47922.7,48407.7,47900.0,48328.3,58878.0
1639686600000,48328.4,48388.0,48071.8,48080.2,49537.0
1639687500000,48076.1,48130.6,47927.6,47934.0,28380.0
1639688400000,47934.0,48147.4,47905.8,48138.5,12665.0
1639689300000,48135.6,48164.8,47990.4,48099.5,12236.0
1639690200000,48099.5,48134.0,48020.9,48087.8,11614.0
1639691100000,48083.1,48151.1,48053.6,48101.9,14589.0
1639692000000,48102.0,48173.6,47520.9,47777.0,93118.0
1639692900000,47777.0,47866.7,47680.8,47726.1,32829.0
1639693800000,47726.6,47940.5,47726.6,47892.3,8882.0
1639694700000,47885.0,47955.7,47806.3,47821.3,9210.0
1639695600000,47824.4,47824.4,47560.5,47685.0,45391.0
1639696500000,47690.6,47794.5,47672.6,47739.4,15389.0
1639697400000,47736.8,47736.8,47536.6,47568.7,32776.0
1639698300000,47568.7,47766.8,47530.0,47637.0,40478.0
1639699200000,47635.1,47876.0,47390.6,47840.7,105825.0
1639700100000,47848.8,47874.5,47644.6,47772.0,40801.0
1639701000000,47772.0,47994.5,47691.6,47825.2,41178.0
1639701900000,47825.2,47887.9,47779.3,47805.0,25609.0
1639702800000,47804.9,47948.1,47790.8,47939.1,34224.0
1639703700000,47939.0,47999.3,47815.0,47820.3,22899.0
1639704600000,47817.7,47836.0,47712.7,47751.1,23925.0
1639705500000,47751.2,47865.6,47730.2,47858.0,15580.0
1639706400000,47857.9,47880.5,47651.1,47670.1,27894.0
1639707300000,47670.1,47769.8,47650.0,47735.1,18095.0
1639708200000,47735.1,47773.8,47644.6,47746.6,16552.0
1639709100000,47746.6,47826.1,47746.6,47822.5,13318.0
1639710000000,47822.5,47827.7,47666.0,47694.1,18452.0
1639710900000,47694.0,47776.9,47685.5,47763.4,18839.0
1639711800000,47756.3,47809.5,47722.0,47787.1,10751.0
1639712700000,47787.1,47815.0,47770.1,47777.3,8519.0
1639713600000,47777.4,47890.0,47756.9,47874.8,17537.0
1639714500000,47874.8,47948.0,47769.9,47779.8,25937.0
1639715400000,47781.7,47900.0,47766.9,47865.1,9513.0
1639716300000,47865.2,47915.0,47852.9,47915.0,13077.0
1639717200000,47915.0,47945.1,47800.5,47811.6,19975.0
1639718100000,47811.6,47879.1,47748.1,47879.1,24195.0
1639719000000,47882.0,47890.6,47602.2,47646.1,43381.0
1639719900000,47650.0,47730.0,47614.0,47704.0,29710.0
1639720800000,47704.1,47739.6,47481.2,47549.8,40918.0
1639721700000,47549.9,47572.3,47468.0,47561.1,34994.0
1639722600000,47561.1,47601.2,47514.3,47547.5,23131.0
1639723500000,47543.4,47545.7,47401.2,47425.9,40610.0
1639724400000,47425.9,47433.7,46897.5,47021.2,228950.0
1639725300000,47021.3,47115.2,46830.7,47013.2,116658.0
1639726200000,47013.2,47022.6,46859.1,46900.1,70499.0
1639727100000,46900.0,47053.0,46728.0,47010.0,82479.0
1639728000000,47003.1,47158.2,46941.0,46981.4,60275.0
1639728900000,46981.4,47003.3,46888.4,46926.9,43127.0
1639729800000,46926.9,47176.6,46922.3,47121.4,39653.0
1639730700000,47119.1,47181.7,47057.2,47125.0,19539.0
1639731600000,47125.0,47127.4,46958.0,46979.4,40718.0
1639732500000,46979.4,47244.0,46970.0,47199.9,65181.0
1639733400000,47196.1,47214.0,47064.0,47102.1,38020.0
1639734300000,47102.1,47275.3,47071.0,47208.0,42023.0
1639735200000,47208.0,47227.1,47074.6,47095.1,24120.0
1639736100000,47095.0,47150.9,46820.7,46858.1,76347.0
1639737000000,46858.1,47033.0,46760.5,47002.9,59128.0
1639737900000,47003.0,47084.0,46860.4,46940.1,44570.0
1639738800000,46937.8,47206.0,46878.0,47143.0,53914.0
1639739700000,47143.0,47306.9,47080.4,47228.5,51619.0
1639740600000,47227.8,47273.2,47120.6,47191.7,34084.0
1639741500000,47195.4,47195.4,47014.9,47117.8,28114.0
1639742400000,47119.3,47209.5,46926.0,47083.1,41160.0
1639743300000,47083.0,47355.0,47053.7,47229.3,49537.0
1639744200000,47229.2,47243.0,47077.8,47148.6,26412.0
1639745100000,47148.6,47193.1,47002.2,47031.5,41962.0
1639746000000,47031.4,47160.0,46971.5,47004.0,44095.0
1639746900000,47010.0,47198.3,47000.1,47176.0,28886.0
1639747800000,47176.0,47230.0,47060.0,47128.0,24706.0
1639748700000,47120.0,47161.9,46874.8,46944.8,51020.0
1639749600000,46944.8,46990.0,46617.6,46725.0,135361.0
1639750500000,46725.0,46830.7,46551.1,46680.6,104271.0
1639751400000,46680.6,46755.0,45793.1,45863.1,484295.0
1639752300000,45863.0,46129.9,45694.9,45957.1,291533.0
1639753200000,45957.1,45959.5,45525.3,45691.9,230094.0
1639754100000,45699.0,45985.1,45407.1,45913.5,280051.0
1639755000000,45913.5,46454.8,45901.0,46311.8,232464.0
1639755900000,46311.7,46580.0,46300.0,46500.0,121848.0
1639756800000,46505.7,46866.0,46400.0,46741.3,154409.0
1639757700000,46741.3,47449.9,46682.3,47367.6,239516.0
1639758600000,47367.6,47440.8,46791.0,46875.2,240501.0
1639759500000,46875.2,47100.0,46736.3,47071.7,97470.0
1639760400000,47071.6,47071.6,46809.8,46939.9,37292.0
1639761300000,46949.1,47010.0,46742.0,46853.8,46079.0
1639762200000,46856.3,46927.5,46670.0,46693.6,43943.0
1639763100000,46693.5,46790.9,46620.1,46759.4,55734.0
1639764000000,46759.4,46874.4,46650.0,46650.1,37749.0
1639764900000,46650.0,46780.0,46646.9,46747.8,14983.0
1639765800000,46747.7,46759.9,46627.0,46644.8,22169.0
1639766700000,46644.8,47061.7,46624.7,46985.6,62866.0
1639767600000,46986.3,47103.2,46876.3,46933.0,50648.0
1639768500000,46929.3,47016.3,46782.3,46842.1,22307.0
1639769400000,46842.1,46870.1,46697.4,46784.0,21120.0
1639770300000,46787.7,46846.7,46688.1,46755.1,12150.0
1639771200000,46759.4,46834.8,46688.0,46688.0,15047.0
1639772100000,46688.1,46741.9,46258.0,46395.8,97064.0
1639773000000,46395.8,46416.5,46158.0,46300.7,59052.0
1639773900000,46300.8,46428.7,46188.7,46188.7,29863.0
1639774800000,46182.6,46380.0,46115.1,46374.2,26605.0
1639775700000,46374.3,46677.9,46368.5,46520.0,43951.0
1639776600000,46520.0,47105.8,46520.0,46908.4,97342.0
1639777500000,46908.4,46999.9,46823.3,46862.5,22140.0
1639778400000,46852.9,46968.5,46113.0,46246.7,145977.0
1639779300000,46246.9,46401.0,45531.0,46323.0,162649.0
1639780200000,46323.1,46463.0,45905.8,46208.5,47404.0
1639781100000,46208.5,46694.8,46204.9,46543.5,49536.0
1639782000000,46548.6,46565.3,46360.4,46380.7,33727.0
1639782900000,46380.7,46491.9,46259.1,46323.0,17137.0
1639783800000,46323.0,46447.4,46189.9,46403.6,41759.0
1639784700000,46403.7,46411.1,46084.7,46150.4,35152.0
1639785600000,46150.3,46252.2,45771.4,45871.9,97648.0
1639786500000,45872.0,46110.6,45774.6,45916.8,54727.0
1639787400000,45927.4,46314.8,45802.0,46195.6,77755.0
1639788300000,46195.6,46382.8,46159.8,46300.0,30859.0
1639789200000,46300.0,46346.8,45889.8,45954.3,54469.0
1639790100000,45954.3,46089.5,45688.0,45794.5,85621.0
1639791000000,45794.5,45892.0,45656.9,45875.3,41101.0
1639791900000,45880.5,45900.0,45631.7,45660.5,53890.0
1639792800000,45660.4,45877.0,45487.7,45877.0,91871.0
1639793700000,45876.9,45962.3,45801.4,45853.3,43279.0
1639794600000,45853.3,45949.9,45710.1,45915.7,23147.0
1639795500000,45915.6,45915.6,45614.1,45710.0,32026.0
1639796400000,45696.6,45922.0,45674.9,45914.8,29898.0
1639797300000,45914.8,46073.8,45870.0,45955.5,38806.0
1639798200000,45957.5,46545.1,45954.9,46386.4,135890.0
1639799100000,46386.4,46389.9,46215.8,46290.1,35056.0
1639800000000,46290.0,46330.1,46073.4,46170.0,37910.0
1639800900000,46179.3,46373.1,46145.2,46292.3,34418.0
1639801800000,46292.2,46437.8,46195.9,46429.9,30829.0
1639802700000,46429.9,46503.2,46370.0,46401.8,34081.0
1639803600000,46401.7,46520.0,46210.3,46479.9,51456.0
1639804500000,46480.0,46795.8,46453.5,46676.3,74655.0
1639805400000,46678.1,46840.0,46650.0,46720.7,66040.0
1639806300000,46720.7,46850.5,46588.2,46588.3,56608.0
1639807200000,46589.5,46776.8,46515.3,46515.4,46884.0
1639808100000,46515.4,46594.2,46447.0,46484.9,34020.0
1639809000000,46480.1,46546.0,46350.0,46393.2,35689.0
1639809900000,46396.2,46430.7,46268.0,46344.7,47175.0
1639810800000,46344.7,46462.1,46329.8,46396.6,17256.0
1639811700000,46396.6,46473.3,46346.3,46446.8,17127.0
1639812600000,46453.1,46461.1,46347.5,46388.2,9938.0
1639813500000,46388.2,46444.8,46317.0,46370.6,15304.0
1639814400000,46368.1,46622.2,46365.0,46580.8,36940.0
1639815300000,46580.9,46664.9,46536.2,46586.3,28224.0
1639816200000,46585.0,46629.7,46248.2,46249.5,63751.0
1639817100000,46249.5,46350.0,46200.3,46326.3,40987.0
1639818000000,46326.3,46533.5,46326.3,46508.1,30139.0
1639818900000,46508.1,46548.5,46451.0,46458.0,19296.0
1639819800000,46455.0,46630.0,46449.9,46608.5,21944.0
1639820700000,46605.0,46857.3,46552.2,46839.3,65718.0
1639821600000,46839.3,46948.0,46704.9,46743.1,50331.0
1639822500000,46748.5,47032.0,46720.2,46834.9,45463.0
1639823400000,46835.0,47055.1,46802.3,46972.8,37593.0
1639824300000,46972.9,47330.0,46972.9,47308.4,124020.0
1639825200000,47316.1,47349.7,47162.0,47181.0,53307.0
1639826100000,47180.9,47195.5,47053.0,47119.7,43323.0
1639827000000,47119.7,47229.0,47119.6,47168.5,20593.0
1639827900000,47168.5,47168.5,46926.7,47056.7,31370.0
1639828800000,47056.7,47170.4,47033.0,47102.8,22453.0
1639829700000,47102.7,47102.7,46887.0,46956.5,34588.0
1639830600000,46956.6,47025.7,46920.7,46966.9,16246.0
1639831500000,46966.9,47088.7,46966.3,47028.7,20505.0
1639832400000,47028.7,47080.5,46969.1,47016.9,24079.0
1639833300000,47016.9,47033.9,46888.1,46963.0,21930.0
1639834200000,46962.9,47009.5,46795.3,46808.5,42004.0
1639835100000,46808.4,46872.9,46527.7,46635.6,84783.0
1639836000000,46635.6,46776.8,46600.0,46771.1,45241.0
1639836900000,46775.5,46980.0,46759.3,46810.0,52202.0
1639837800000,46810.0,46965.2,46757.9,46928.9,29118.0
1639838700000,46932.0,47043.2,46932.0,46996.7,26062.0
1639839600000,46996.7,47079.9,46929.2,47055.5,15164.0
1639840500000,47055.5,47236.6,47040.6,47056.9,42864.0
1639841400000,47060.8,47060.8,46901.0,47026.8,28849.0
1639842300000,47026.8,47046.8,46813.5,46857.9,29217.0
1639843200000,46857.8,46924.8,46751.0,46903.3,41449.0
1639844100000,46906.7,46995.8,46850.8,46951.3,28586.0
1639845000000,46944.7,46944.7,46761.0,46837.0,31523.0
1639845900000,46836.9,46939.3,46775.5,46789.1,14487.0
1639846800000,46788.6,46851.9,46738.4,46814.1,16610.0
1639847700000,46814.2,46841.7,46658.4,46721.2,23054.0
1639848600000,46721.3,46812.7,46647.6,46716.4,24589.0
1639849500000,46716.4,46736.7,46616.7,46673.2,16785.0
1639850400000,46673.2,46766.0,46638.1,46700.0,9915.0
1639851300000,46699.9,46785.9,46652.7,46711.9,14446.0
1639852200000,46705.4,46756.1,46672.5,46719.5,10946.0
1639853100000,46726.0,46768.7,46701.6,46733.2,7905.0
1639854000000,46733.2,46773.4,46321.0,46436.8,74172.0
1639854900000,46440.6,46572.8,46354.2,46508.8,35038.0
1639855800000,46516.3,46586.8,46469.0,46564.1,11593.0
1639856700000,46563.9,46733.0,46563.9,46646.7,14117.0
1639857600000,46646.7,46674.8,46529.1,46588.9,9205.0
1639858500000,46593.2,46697.5,46537.9,46683.8,8985.0
1639859400000,46686.8,46715.8,46636.2,46688.6,9310.0
1639860300000,46695.3,46880.3,46695.3,46861.3,30881.0
1639861200000,46861.2,46925.7,46806.6,46816.2,21319.0
1639862100000,46822.0,46826.7,46745.5,46826.7,7076.0
1639863000000,46826.7,46986.8,46826.7,46909.2,8694.0
1639863900000,46906.8,46948.9,46878.1,46938.4,8479.0
1639864800000,46938.3,47099.2,46807.2,46937.4,22328.0
1639865700000,46936.9,47126.1,46870.2,46872.0,19970.0
1639866600000,46872.0,46925.9,46815.4,46842.6,6441.0
1639867500000,46842.5,46859.2,46657.7,46772.8,12825.0
1639868400000,46773.1,46893.2,46656.9,46818.4,21733.0
1639869300000,46823.2,46856.8,46630.0,46836.9,14954.0
1639870200000,46836.9,47010.0,46836.9,46947.0,16708.0
1639871100000,46946.9,46992.3,46800.1,46836.9,13504.0
1639872000000,46836.9,46896.3,46734.3,46822.2,25589.0
1639872900000,46816.9,46825.6,46641.0,46661.9,23849.0
1639873800000,46665.0,46744.1,46574.1,46613.1,28611.0
1639874700000,46613.1,46685.5,46546.9,46664.9,17795.0
1639875600000,46664.9,46812.7,46640.6,46781.7,15779.0
1639876500000,46786.7,46786.8,46409.4,46463.3,44728.0
1639877400000,46469.6,46603.0,46421.0,46543.0,24650.0
1639878300000,46536.9,46620.6,46480.4,46578.0,12896.0
1639879200000,46578.0,46649.2,46533.2,46647.0,13832.0
1639880100000,46646.9,46735.7,46598.0,46720.3,15696.0
1639881000000,46728.1,46938.9,46698.1,46938.0,39597.0
1639881900000,46938.0,47184.9,46929.3,47139.1,87056.0
1639882800000,47139.2,47560.1,47116.4,47399.9,128584.0
1639883700000,47400.0,47900.0,47400.0,47823.5,220556.0
1639884600000,47823.6,47967.9,47732.9,47735.0,114760.0
1639885500000,47735.0,47832.0,47661.0,47713.1,75837.0
1639886400000,47712.1,47969.0,47710.4,47880.0,69488.0
1639887300000,47880.0,47940.1,47797.1,47865.7,31191.0
1639888200000,47865.8,48096.3,47859.2,47950.0,73465.0
1639889100000,47950.0,48034.8,47880.0,47881.1,34608.0
1639890000000,47881.1,47975.4,47823.9,47953.0,42507.0
1639890900000,47952.9,48018.0,47829.0,47849.1,23485.0
1639891800000,47849.1,47865.0,47714.5,47715.5,43374.0
1639892700000,47715.4,47754.2,47558.9,47624.9,49456.0
1639893600000,47624.8,47679.6,47518.8,47662.1,47809.0
1639894500000,47668.3,47684.3,47600.0,47608.0,18499.0
1639895400000,47608.0,47629.4,47494.3,47555.7,45043.0
1639896300000,47549.3,47575.2,47451.5,47489.7,21991.0
1639897200000,47489.7,47682.7,47459.8,47635.1,38263.0
1639898100000,47635.1,47661.2,47557.6,47634.5,21774.0
1639899000000,47634.4,47745.1,47595.0,47648.6,23976.0
1639899900000,47648.7,47670.8,47450.0,47521.7,28467.0
1639900800000,47521.7,47637.9,47501.1,47602.1,18938.0
1639901700000,47605.4,47610.0,47482.7,47503.3,14117.0
1639902600000,47504.1,47566.0,47403.0,47548.6,30922.0
1639903500000,47548.5,47548.5,47460.7,47475.4,10610.0
1639904400000,47476.4,47562.1,47190.3,47234.0,98473.0
1639905300000,47234.0,47258.0,47100.0,47102.0,101771.0
1639906200000,47102.0,47184.6,47026.6,47130.0,78484.0
1639907100000,47129.9,47174.0,47068.8,47102.1,35405.0
1639908000000,47102.1,47132.5,46900.0,46987.9,84038.0
1639908900000,46987.9,47044.0,46800.0,47019.5,74274.0
1639909800000,47019.4,47185.0,47000.0,47165.2,52417.0
1639910700000,47165.2,47228.5,47099.2,47136.5,37041.0
1639911600000,47136.6,47145.3,46966.7,47070.7,35973.0
1639912500000,47070.6,47117.9,46981.8,46981.8,21353.0
1639913400000,46980.0,47180.9,46966.0,47140.2,30022.0
1639914300000,47140.2,47200.0,47060.8,47149.9,24125.0
1639915200000,47150.0,47177.2,46926.8,46954.5,34599.0
1639916100000,46961.4,47103.3,46862.8,47079.0,44097.0
1639917000000,47077.0,47140.0,47024.2,47090.4,19873.0
1639917900000,47091.8,47280.0,47090.3,47249.9,38909.0
1639918800000,47249.9,47470.7,47214.5,47432.8,73240.0
1639919700000,47432.7,47432.7,47185.0,47185.0,37154.0
1639920600000,47185.0,47209.9,46882.1,46992.6,98799.0
1639921500000,46997.5,47800.0,46932.7,47630.8,204302.0
1639922400000,47635.2,48385.8,46970.0,47197.2,604649.0
1639923300000,47197.3,47388.0,47060.5,47272.0,159625.0
1639924200000,47271.2,47700.1,47233.6,47518.0,105650.0
1639925100000,47518.0,47518.1,47250.0,47390.0,49680.0
1639926000000,47395.7,47471.0,47217.9,47255.5,35509.0
1639926900000,47255.4,47352.9,47163.2,47324.9,34123.0
1639927800000,47332.3,47347.4,47182.4,47235.5,14239.0
1639928700000,47235.5,47287.8,47150.0,47249.0,24938.0
1639929600000,47247.6,47344.0,47151.1,47312.2,25102.0
1639930500000,47312.2,47486.0,47233.9,47332.5,46849.0
1639931400000,47337.3,47365.5,47170.5,47206.0,24028.0
1639932300000,47206.0,47268.5,47158.0,47164.3,15096.0
1639933200000,47164.3,47249.0,47050.0,47225.2,41944.0
1639934100000,47225.1,47225.2,47020.0,47106.8,25732.0
1639935000000,47106.9,47145.0,47055.4,47098.1,13045.0
1639935900000,47098.1,47153.0,47027.5,47147.2,12977.0
1639936800000,47147.1,47147.2,46888.0,46911.8,41180.0
1639937700000,46911.8,47005.7,46892.9,47002.4,18826.0
1639938600000,46996.1,47094.3,46940.0,47093.4,11385.0
1639939500000,47090.7,47187.0,47020.0,47121.3,23015.0
1639940400000,47121.4,47163.9,46921.3,46941.6,14225.0
1639941300000,46941.4,47004.5,46547.7,46682.7,155531.0
1639942200000,46682.7,46765.3,46593.5,46718.6,28491.0
1639943100000,46715.0,46747.1,46578.6,46671.5,30108.0
1639944000000,46669.0,46806.6,46477.2,46806.6,50795.0
1639944900000,46809.4,46834.6,46698.1,46704.0,11762.0
1639945800000,46704.0,46826.8,46704.0,46781.9,9822.0
1639946700000,46782.0,46889.1,46770.1,46782.7,21779.0
1639947600000,46778.0,46838.1,46722.2,46787.5,8292.0
1639948500000,46787.4,46860.8,46740.0,46817.3,9915.0
1639949400000,46824.1,46880.0,46785.3,46860.7,8542.0
1639950300000,46866.3,46866.3,46628.0,46725.4,26781.0
1639951200000,46725.8,47200.0,46653.7,47112.0,39842.0
1639952100000,47112.1,47143.2,47013.8,47080.8,14942.0
1639953000000,47080.1,47089.5,46980.7,47038.2,8061.0
1639953900000,47038.2,47569.9,47038.1,47302.0,78327.0
1639954800000,47306.8,47436.8,47088.4,47127.2,62105.0
1639955700000,47121.2,47150.0,46931.1,46992.8,32804.0
1639956600000,46992.9,47035.6,46790.7,46927.1,51413.0
1639957500000,46930.0,46936.7,46578.5,46684.9,50956.0
1639958400000,46680.1,46739.1,46246.4,46400.0,137709.0
1639959300000,46400.0,46557.7,46222.0,46523.8,73343.0
1639960200000,46518.5,46679.9,46451.5,46679.9,28723.0
1639961100000,46674.5,46878.0,46591.5,46877.9,52292.0
1639962000000,46878.0,47202.6,46821.6,47133.4,100604.0
1639962900000,47133.1,47196.3,46731.2,46818.0,63793.0
1639963800000,46810.9,46825.1,46481.4,46526.1,63086.0
1639964700000,46526.2,46767.9,46526.2,46628.7,28427.0
1639965600000,46618.6,46650.0,46461.4,46539.8,29909.0
1639966500000,46539.7,46850.0,46538.3,46710.8,46277.0
1639967400000,46710.8,46828.1,46631.4,46750.0,47802.0
1639968300000,46752.0,46807.3,46618.0,46739.9,22118.0
1639969200000,46739.9,46847.2,46692.4,46744.8,16693.0
1639970100000,46744.8,46744.8,46514.3,46556.4,37128.0
1639971000000,46556.4,46621.9,46484.8,46569.7,32011.0
1639971900000,46570.9,46736.7,46570.9,46691.2,16229.0
1639972800000,46693.4,46870.8,46668.3,46848.4,46623.0
1639973700000,46843.0,46934.0,46757.0,46824.6,34722.0
1639974600000,46824.6,46935.7,46783.3,46882.4,25891.0
1639975500000,46884.9,47031.8,46826.1,46970.1,36669.0
1639976400000,46976.0,47045.2,46903.4,46951.8,30250.0
1639977300000,46951.7,46987.2,46717.7,46785.1,34333.0
1639978200000,46785.1,46820.0,46511.0,46580.1,55817.0
1639979100000,46580.1,46640.0,46380.0,46434.4,96190.0
1639980000000,46434.4,46665.0,46269.7,46598.2,97407.0
1639980900000,46595.7,46646.9,46400.0,46400.1,31238.0
1639981800000,46400.0,46477.2,46255.0,46467.8,61578.0
1639982700000,46467.7,46594.0,46415.6,46549.9,33047.0
1639983600000,46549.9,46549.9,46200.3,46346.5,76111.0
1639984500000,46346.4,46377.7,46100.0,46351.3,121051.0
1639985400000,46356.0,46457.3,46320.7,46453.3,27656.0
1639986300000,46454.9,46549.0,46370.6,46419.0,41664.0
1639987200000,46419.0,46509.7,46304.9,46482.4,46361.0
1639988100000,46482.5,46550.0,46437.7,46500.1,34668.0
1639989000000,46500.1,46510.0,46203.1,46316.2,47505.0
1639989900000,46316.2,46316.2,46126.1,46278.0,54144.0
1639990800000,46278.0,46302.6,45888.8,45973.1,161637.0
1639991700000,45973.0,46122.3,45855.0,46050.0,92374.0
1639992600000,46053.7,46090.9,45909.1,45956.8,44274.0
1639993500000,45956.7,46035.2,45806.4,45843.0,57054.0
1639994400000,45845.0,46145.1,45771.3,46062.4,105891.0
1639995300000,46069.7,46115.9,45911.9,45931.1,31956.0
1639996200000,45931.0,45989.0,45874.3,45940.5,26911.0
1639997100000,45940.4,46020.0,45818.2,45888.1,36937.0
1639998000000,45888.2,46110.0,45825.0,46051.2,57064.0
1639998900000,46040.4,46128.0,45994.1,46115.9,30990.0
1639999800000,46116.0,46133.5,45985.7,46023.1,32433.0
1640000700000,46023.1,46117.0,46001.0,46088.2,25085.0
1640001600000,46088.1,46094.0,45907.4,45985.0,35004.0
1640002500000,45985.0,45985.0,45681.4,45861.8,83317.0
1640003400000,45861.9,45925.0,45710.7,45770.1,68074.0
1640004300000,45770.0,45800.0,45638.7,45730.0,70494.0
1640005200000,45730.0,45941.9,45585.6,45931.0,97799.0
1640006100000,45931.1,46017.8,45780.4,45902.4,86020.0
1640007000000,45900.0,45952.9,45801.8,45887.9,29200.0
1640007900000,45888.0,45934.4,45702.9,45720.0,30382.0
1640008800000,45719.9,45843.6,45588.6,45647.6,92269.0
1640009700000,45641.4,45933.1,45561.0,45741.1,113794.0
1640010600000,45740.0,45989.5,45579.5,45944.6,165239.0
1640011500000,45945.3,46322.3,45822.7,46310.2,305383.0
1640012400000,46310.2,46310.2,46003.6,46144.9,125465.0
1640013300000,46145.0,46288.4,46069.7,46209.9,65054.0
1640014200000,46210.0,46216.0,46083.6,46147.0,33095.0
1640015100000,46148.0,46156.8,45920.0,45983.6,43951.0
1640016000000,45983.5,46179.2,45876.4,46053.5,60506.0
1640016900000,46053.5,46231.7,46034.2,46122.6,49250.0
1640017800000,46122.5,46279.0,46090.0,46278.9,72607.0
1640018700000,46279.0,46498.3,46182.3,46403.9,116742.0
1640019600000,46406.4,46415.0,46272.2,46340.4,37009.0
1640020500000,46340.4,46494.0,46242.1,46274.4,32486.0
1640021400000,46274.4,46282.0,46168.2,46255.9,26185.0
1640022300000,46255.9,46341.2,46096.0,46117.5,47962.0
1640023200000,46117.5,46197.9,46070.0,46185.1,41016.0
1640024100000,46185.1,46259.2,46116.9,46127.2,15752.0
1640025000000,46127.2,46285.8,46032.2,46226.3,29588.0
1640025900000,46220.1,46338.0,46218.4,46260.6,24562.0
1640026800000,46267.0,46572.8,46243.4,46513.7,66210.0
1640027700000,46513.8,46585.5,46424.6,46477.5,38702.0
1640028600000,46479.2,46508.7,46390.4,46420.0,20971.0
1640029500000,46420.0,46689.0,46411.1,46582.1,54046.0
1640030400000,46582.1,46823.7,46582.1,46733.1,55080.0
1640031300000,46733.2,46916.7,46726.1,46783.6,45217.0
1640032200000,46780.1,46859.4,46670.0,46793.1,21215.0
1640033100000,46799.1,47285.0,46799.1,47024.5,156398.0
1640034000000,47024.5,47329.9,47009.9,47313.6,48350.0
1640034900000,47313.6,47536.0,47159.7,47273.1,103418.0
1640035800000,47273.1,47316.0,47157.0,47174.0,27802.0
1640036700000,47174.0,47226.0,46959.0,46971.1,49324.0
1640037600000,46971.1,47100.0,46971.1,46980.1,12061.0
1640038500000,46980.0,47028.2,46792.7,46855.4,33939.0
1640039400000,46855.4,46958.4,46852.7,46874.8,8678.0
1640040300000,46869.2,46961.0,46731.5,46759.8,22136.0
1640041200000,46759.8,46905.6,46748.5,46847.0,28852.0
1640042100000,46846.9,47042.7,46780.6,47010.9,32609.0
1640043000000,47010.9,47099.0,46928.2,47063.1,30727.0
1640043900000,47063.1,47088.9,46858.8,46905.6,28957.0
1640044800000,46905.7,47033.2,46850.3,46955.6,60073.0
1640045700000,46955.6,47082.9,46907.2,47065.4,38448.0
1640046600000,47065.3,47065.4,46829.0,46829.0,36968.0
1640047500000,46829.1,46905.1,46770.0,46809.9,39845.0
1640048400000,46804.8,46896.8,46685.7,46708.8,45005.0
1640049300000,46708.8,46773.1,46650.9,46738.2,31409.0
1640050200000,46738.2,46990.4,46738.2,46910.0,44638.0
1640051100000,46910.0,47004.6,46882.3,46955.0,23192.0
1640052000000,46955.0,47074.0,46892.4,46920.9,28457.0
1640052900000,46921.0,46982.7,46873.0,46914.7,18772.0
1640053800000,46914.7,47050.0,46890.1,46924.4,27948.0
1640054700000,46925.8,46960.0,46903.4,46952.0,10249.0
1640055600000,46952.1,47098.8,46924.1,47089.7,28482.0
1640056500000,47089.9,47324.0,47070.0,47271.6,73955.0
1640057400000,47271.7,47777.0,47221.3,47374.5,211712.0
1640058300000,47374.5,48118.9,47374.5,47940.5,266459.0
1640059200000,47940.5,48430.0,47940.5,48300.0,241114.0
1640060100000,48300.0,48750.0,48300.0,48639.5,256785.0
1640061000000,48639.5,48826.0,48577.0,48609.5,142380.0
1640061900000,48609.5,48660.0,48514.7,48567.7,54027.0
1640062800000,48567.8,48778.6,48567.8,48664.7,58782.0
1640063700000,48660.7,48709.1,48560.0,48560.0,47599.0
1640064600000,48560.1,48649.0,48326.9,48350.0,91511.0
1640065500000,48350.0,48650.0,48350.0,48603.9,70364.0
1640066400000,48603.8,48677.7,48470.3,48502.1,35797.0
1640067300000,48502.2,48550.0,48358.1,48386.7,29371.0
1640068200000,48386.7,48488.0,48368.0,48370.1,41749.0
1640069100000,48370.1,48617.9,48370.0,48554.5,39499.0
1640070000000,48554.6,48577.6,48451.0,48533.5,19390.0
1640070900000,48533.4,48690.2,48472.9,48681.6,38367.0
1640071800000,48681.5,48691.3,48439.0,48489.6,48655.0
1640072700000,48489.6,48620.0,48453.8,48596.8,34478.0
1640073600000,48596.8,49081.0,48531.7,48746.1,211832.0
1640074500000,48743.5,48924.8,48615.9,48884.2,80892.0
1640075400000,48876.9,48883.7,48624.0,48625.0,47711.0
1640076300000,48625.0,48690.0,48522.1,48577.5,52285.0
1640077200000,48577.5,48654.0,48460.0,48546.9,63554.0
1640078100000,48546.9,48559.0,48443.8,48559.0,32344.0
1640079000000,48558.9,48700.0,48515.9,48626.0,31833.0
1640079900000,48630.0,48679.9,48571.4,48595.8,18824.0
1640080800000,48595.8,48699.0,48571.4,48648.0,18277.0
1640081700000,48648.0,48750.0,48605.4,48712.0,20149.0
1640082600000,48719.3,48784.9,48650.0,48700.0,28011.0
1640083500000,48710.0,48766.4,48652.0,48660.0,17169.0
1640084400000,48660.0,48733.0,48626.8,48688.7,26880.0
1640085300000,48688.8,48814.5,48655.1,48812.4,42997.0
1640086200000,48811.1,48880.8,48712.5,48733.9,35791.0
1640087100000,48733.9,48880.0,48708.2,48849.4,43329.0
1640088000000,48849.3,48888.8,48798.7,48887.1,47999.0
1640088900000,48887.1,49258.8,48849.7,49079.9,174384.0
1640089800000,49080.0,49300.0,49005.1,49066.3,138395.0
1640090700000,49066.2,49120.0,48637.9,48742.9,179649.0
1640091600000,48738.5,48827.0,48589.3,48666.5,92948.0
1640092500000,48666.5,48858.8,48613.1,48815.0,51150.0
1640093400000,48813.8,48961.0,48754.4,48851.8,53955.0
1640094300000,48850.1,48930.0,48776.2,48888.0,31157.0
1640095200000,48888.7,48946.4,48817.2,48845.5,27333.0
1640096100000,48845.5,48845.5,48605.1,48659.1,48083.0
1640097000000,48659.0,48897.3,48659.0,48764.6,51795.0
1640097900000,48764.6,48771.9,48529.1,48623.3,71155.0
1640098800000,48622.4,48700.0,48577.9,48642.8,29455.0
1640099700000,48642.8,48766.5,48450.0,48475.3,83748.0
1640100600000,48472.8,48540.8,48289.3,48433.3,142750.0
1640101500000,48436.6,48522.0,48395.1,48419.0,34529.0
1640102400000,48419.0,48650.0,48376.9,48620.0,64026.0
1640103300000,48620.0,48620.0,48457.9,48520.0,31327.0
1640104200000,48520.1,48718.3,48475.0,48674.1,33742.0
1640105100000,48674.0,48751.9,48623.9,48681.2,29570.0
1640106000000,48681.1,48824.1,48640.0,48744.8,45715.0
1640106900000,48744.8,48880.1,48663.3,48663.3,36938.0
1640107800000,48662.0,48726.9,48644.1,48664.8,10880.0
1640108700000,48660.0,48660.1,48572.1,48642.7,11727.0
1640109600000,48643.6,48686.0,48582.6,48601.6,11337.0
1640110500000,48601.6,48618.8,48521.3,48550.5,14131.0
1640111400000,48550.0,48608.7,48541.5,48570.7,6103.0
1640112300000,48570.7,48608.2,48435.1,48459.4,24916.0
1640113200000,48459.4,48563.7,48440.0,48548.3,8666.0
1640114100000,48548.2,48579.1,48526.1,48548.2,13191.0
1640115000000,48548.2,48560.0,48360.1,48360.1,9669.0
1640115900000,48360.1,48664.8,48335.4,48623.8,25450.0
1640116800000,48623.8,48805.9,48591.1,48709.7,28463.0
1640117700000,48714.9,48714.9,48494.8,48539.0,21134.0
1640118600000,48538.9,48569.9,48480.1,48502.3,11970.0
1640119500000,48502.4,48677.1,48466.2,48610.0,11782.0
1640120400000,48606.5,48700.0,48529.1,48683.7,13053.0
1640121300000,48683.7,48770.9,48671.2,48770.8,15534.0
1640122200000,48770.9,49189.2,48742.4,49178.0,65822.0
1640123100000,49171.8,49171.8,48901.1,49080.1,47311.0
1640124000000,49080.2,49084.7,48977.2,49000.4,13135.0
1640124900000,49000.0,49068.7,48968.4,48982.9,12218.0
1640125800000,48982.9,49124.4,48942.7,49067.9,17671.0
1640126700000,49062.5,49300.0,49040.0,49299.0,35211.0
1640127600000,49299.1,49299.1,49090.1,49114.5,31073.0
1640128500000,49109.3,49199.9,49014.9,49182.7,30625.0
1640129400000,49187.8,49237.2,49067.0,49070.1,22724.0
1640130300000,49070.0,49070.0,48840.3,48883.0,41679.0
1640131200000,48883.0,48973.1,48755.2,48890.0,54183.0
1640132100000,48894.1,48952.0,48894.0,48921.0,29811.0
1640133000000,48920.1,48940.6,48837.6,48853.2,16830.0
1640133900000,48853.2,48871.3,48616.5,48632.2,47071.0
1640134800000,48632.2,48687.0,48590.0,48667.5,32824.0
1640135700000,48667.6,48830.0,48667.6,48830.0,31066.0
1640136600000,48830.0,48832.6,48710.0,48750.1,20302.0
1640137500000,48750.0,48830.5,48728.2,48819.9,27554.0
1640138400000,48819.9,49044.0,48730.2,49001.0,45097.0
1640139300000,49001.2,49288.0,48990.1,49240.0,96253.0
1640140200000,49239.9,49600.0,49239.9,49449.2,202557.0
1640141100000,49449.2,49544.0,49296.7,49322.8,60561.0
1640142000000,49322.8,49437.7,49203.1,49240.2,56542.0
1640142900000,49240.1,49368.2,49240.1,49259.7,27140.0
1640143800000,49259.1,49325.4,49250.0,49320.0,16278.0
1640144700000,49321.9,49388.0,49142.6,49239.9,40944.0
1640145600000,49240.0,49336.2,49074.0,49234.3,48547.0
1640146500000,49234.3,49282.9,49179.0,49274.0,19771.0
1640147400000,49274.0,49315.9,49203.2,49275.1,21844.0
1640148300000,49275.1,49322.0,49240.0,49310.0,13651.0
1640149200000,49311.2,49333.0,49178.4,49183.2,29330.0
1640150100000,49183.1,49227.9,49040.1,49046.9,58153.0
1640151000000,49046.9,49077.6,49000.0,49077.6,34804.0
1640151900000,49077.6,49086.0,48916.0,48974.7,53121.0
1640152800000,48974.7,49064.0,48940.0,49064.0,27027.0
1640153700000,49064.0,49129.9,49037.9,49124.7,30756.0
1640154600000,49124.6,49233.6,49124.6,49206.8,43146.0
1640155500000,49206.8,49214.5,49060.2,49060.3,34003.0
1640156400000,49060.2,49235.5,49060.0,49219.0,28781.0
1640157300000,49219.0,49302.6,49166.0,49205.7,50760.0
1640158200000,49205.6,49263.4,49165.3,49225.0,17515.0
1640159100000,49221.1,49306.0,49191.8,49201.1,29533.0
1640160000000,49201.0,49266.6,49120.2,49241.0,33611.0
1640160900000,49241.1,49398.0,49213.8,49379.9,55316.0
1640161800000,49373.7,49538.0,49321.5,49468.0,78209.0
1640162700000,49468.1,49499.1,49270.2,49270.2,53405.0
1640163600000,49270.1,49332.4,49251.0,49309.9,34592.0
1640164500000,49309.9,49310.0,49148.2,49150.1,56895.0
1640165400000,49150.1,49168.6,48858.0,48996.9,116228.0
1640166300000,48995.0,49002.6,48846.5,48949.8,52791.0
1640167200000,48949.7,49114.3,48869.0,49088.1,49847.0
1640168100000,49088.2,49099.6,49029.3,49044.0,17435.0
1640169000000,49039.5,49064.8,48940.0,49029.5,23919.0
1640169900000,49030.0,49166.7,49030.0,49095.6,34870.0
1640170800000,49095.5,49253.5,49094.4,49203.2,37185.0
1640171700000,49203.2,49226.3,49038.5,49038.5,29362.0
1640172600000,49038.5,49099.2,48989.5,48989.5,25024.0
1640173500000,48989.5,49009.7,48902.6,48985.6,22550.0
1640174400000,48991.8,49140.4,48991.7,49129.8,35003.0
1640175300000,49129.9,49134.3,48697.2,48828.0,114385.0
1640176200000,48828.0,48845.2,48625.4,48735.4,75971.0
1640177100000,48739.9,48793.0,48511.9,48595.4,113356.0
1640178000000,48595.4,48792.6,48583.9,48687.7,46443.0
1640178900000,48685.3,48718.4,48446.4,48503.6,64036.0
1640179800000,48503.6,48605.5,48455.0,48527.3,55072.0
1640180700000,48527.2,48635.7,48471.0,48585.4,66885.0
1640181600000,48585.4,48723.4,48555.0,48695.4,43849.0
1640182500000,48699.9,48793.7,48686.7,48779.8,31676.0
1640183400000,48779.9,48880.0,48650.0,48875.3,48390.0
1640184300000,48875.2,48957.9,48775.2,48816.9,70190.0
1640185200000,48812.6,48867.2,48713.8,48750.5,33951.0
1640186100000,48750.4,48850.0,48633.2,48640.0,26202.0
1640187000000,48633.3,48927.4,48633.2,48856.6,57296.0
1640187900000,48856.6,48917.9,48792.5,48893.6,30672.0
1640188800000,48893.6,49269.3,48781.8,49142.0,124352.0
1640189700000,49141.9,49194.3,48925.0,48998.3,53909.0
1640190600000,48998.2,49075.7,48955.9,48966.5,29493.0
1640191500000,48966.5,48999.0,48849.2,48991.3,21224.0
1640192400000,48991.3,49094.5,48882.1,48897.8,41074.0
1640193300000,48897.8,48970.0,48811.3,48847.7,18764.0
1640194200000,48847.8,48885.7,48716.1,48723.8,37391.0
1640195100000,48723.7,48775.0,48680.2,48701.6,40484.0
1640196000000,48700.1,48810.8,48664.1,48785.4,35719.0
1640196900000,48785.4,48843.1,48745.3,48827.4,7217.0
1640197800000,48827.3,48836.4,48567.0,48601.7,36206.0
1640198700000,48601.7,48727.8,48523.6,48583.3,41892.0
1640199600000,48582.6,48718.7,48509.5,48718.7,31651.0
1640200500000,48720.0,48782.1,48688.9,48723.9,19369.0
1640201400000,48726.3,48928.4,48726.3,48897.2,29007.0
1640202300000,48897.2,48944.4,48833.1,48929.0,22198.0
1640203200000,48928.9,48999.0,48862.8,48980.7,19269.0
1640204100000,48980.7,48980.7,48923.1,48924.1,13071.0
1640205000000,48924.0,48985.3,48912.9,48977.1,7613.0
1640205900000,48977.1,49125.0,48876.2,48981.8,49124.0
1640206800000,48965.0,48970.0,48847.4,48890.9,14468.0
1640207700000,48894.3,48999.4,48878.7,48989.9,17760.0
1640208600000,48983.0,48998.4,48902.8,48985.2,16526.0
1640209500000,48985.2,49143.4,48985.2,49052.5,52384.0
1640210400000,49051.3,49074.6,48878.5,48904.9,20466.0
1640211300000,48904.9,48953.3,48785.0,48880.0,15098.0
1640212200000,48880.0,48912.4,48857.7,48878.1,5025.0
1640213100000,48879.9,49064.9,48879.8,48970.1,13619.0
1640214000000,48970.2,48982.7,48717.0,48750.0,31738.0
1640214900000,48742.9,48781.3,48619.1,48774.7,37184.0
1640215800000,48774.8,48781.8,48555.2,48560.1,27005.0
1640216700000,48560.0,48682.2,48560.0,48594.8,23328.0
1640217600000,48594.8,48670.0,48272.0,48398.5,102113.0
1640218500000,48398.6,48444.0,48111.6,48223.4,121038.0
1640219400000,48223.4,48349.9,48035.7,48304.6,91425.0
1640220300000,48304.7,48366.5,48230.0,48296.0,37050.0
1640221200000,48296.0,48398.9,48205.6,48252.6,51199.0
1640222100000,48252.6,48323.5,48078.0,48309.7,65795.0
1640223000000,48309.8,48382.0,48300.2,48369.4,24476.0
1640223900000,48368.1,48473.9,48364.0,48465.9,31039.0
1640224800000,48465.9,48665.9,48364.8,48612.2,67927.0
1640225700000,48612.2,48743.7,48556.8,48635.6,55729.0
1640226600000,48632.0,48710.2,48582.9,48584.8,29694.0
1640227500000,48584.7,48584.7,48313.2,48351.2,59690.0
1640228400000,48351.3,48409.9,48241.0,48260.1,38456.0
1640229300000,48260.1,48360.2,48210.1,48360.2,37555.0
1640230200000,48360.2,48444.2,48343.8,48397.4,19101.0
1640231100000,48397.3,48572.3,48392.6,48536.9,35001.0
1640232000000,48536.8,48563.8,48453.1,48475.3,28473.0
1640232900000,48475.2,48592.5,48460.1,48560.8,20870.0
1640233800000,48560.9,48566.5,48505.0,48538.4,11263.0
1640234700000,48538.5,48538.5,48350.0,48374.9,29222.0
1640235600000,48374.9,48574.9,48374.8,48545.0,22432.0
1640236500000,48545.1,48562.5,48406.4,48445.9,17388.0
1640237400000,48441.7,48510.1,48258.0,48278.4,33439.0
1640238300000,48278.5,48395.9,48253.1,48385.1,25045.0
1640239200000,48385.1,48445.3,48314.0,48436.9,20962.0
1640240100000,48432.0,48463.4,48391.4,48439.9,18172.0
1640241000000,48439.9,48484.4,48290.1,48314.7,30169.0
1640241900000,48314.6,48511.5,48276.8,48486.8,32224.0
1640242800000,48486.2,48532.1,48440.1,48450.1,37173.0
1640243700000,48450.0,48493.9,48400.0,48481.9,15815.0
1640244600000,48482.0,48482.0,48249.2,48314.3,52573.0
1640245500000,48316.3,48326.6,48058.0,48137.7,135151.0
1640246400000,48137.7,48278.8,48084.7,48275.1,74672.0
1640247300000,48265.4,48305.9,48161.1,48244.8,35653.0
1640248200000,48244.9,48346.8,48235.1,48299.7,37424.0
1640249100000,48299.9,48364.0,48270.0,48354.0,17949.0
1640250000000,48354.1,48400.0,48270.0,48321.3,19495.0
1640250900000,48321.3,48321.3,48321.3,48321.3,0.0
1640251800000,48316.0,48360.0,48165.7,48360.0,43188.0
1640252700000,48360.0,48450.8,48235.9,48387.2,30356.0
1640253600000,48382.4,48435.0,48243.6,48257.4,19117.0
1640254500000,48260.0,48351.0,48220.0,48351.0,25939.0
1640255400000,48351.0,48359.0,48261.8,48325.9,14013.0
1640256300000,48326.0,48469.6,48320.1,48432.0,39681.0
1640257200000,48432.0,48547.9,48408.0,48462.3,54010.0
1640258100000,48462.2,48468.0,48332.9,48350.0,26272.0
1640259000000,48350.0,48350.0,48220.2,48270.1,38744.0
1640259900000,48270.1,48445.1,48270.0,48370.0,43157.0
1640260800000,48366.8,48494.1,48366.8,48445.3,26778.0
1640261700000,48445.3,48486.5,48322.8,48480.0,30859.0
1640262600000,48484.8,48714.5,48446.9,48668.3,102049.0
1640263500000,48668.4,48798.0,48568.8,48611.3,75457.0
1640264400000,48611.3,48850.0,48611.3,48678.8,83282.0
1640265300000,48678.9,48796.1,48678.9,48780.5,21459.0
1640266200000,48780.5,48817.0,48692.3,48700.1,42749.0
1640267100000,48700.1,48742.5,48575.5,48609.9,35573.0
1640268000000,48609.9,48698.8,48570.0,48665.1,26639.0
1640268900000,48665.0,48678.1,48488.0,48562.1,79875.0
1640269800000,48562.2,48629.6,48520.0,48552.2,29763.0
1640270700000,48552.1,48610.0,48460.1,48589.4,49339.0
1640271600000,48589.5,48712.4,48570.0,48685.9,44105.0
1640272500000,48685.9,48840.0,48653.1,48779.9,64650.0
1640273400000,48779.9,48831.9,48716.7,48750.7,39778.0
1640274300000,48750.7,48833.3,48700.0,48803.5,26789.0
1640275200000,48804.6,48987.0,48804.6,48843.8,107871.0
1640276100000,48847.2,48937.7,48730.7,48730.8,46511.0
1640277000000,48730.8,48832.0,48676.2,48832.0,41779.0
1640277900000,48832.0,49180.0,48832.0,49084.1,130087.0
1640278800000,49090.0,49208.4,49020.1,49154.3,54805.0
1640279700000,49154.3,49268.0,49085.7,49197.6,62523.0
1640280600000,49197.6,49900.0,49194.0,49785.1,259252.0
1640281500000,49785.1,50180.0,49753.8,50064.0,242082.0
1640282400000,50064.1,50516.5,50064.1,50371.9,154852.0
1640283300000,50370.0,50769.4,50370.0,50732.0,160228.0
1640284200000,50732.0,50781.0,50450.2,50497.6,124742.0
1640285100000,50497.6,50692.0,50437.8,50626.7,93222.0
1640286000000,50629.4,50670.0,50501.5,50619.7,56593.0
1640286900000,50617.4,51000.0,50617.3,50809.0,154201.0
1640287800000,50809.1,51264.2,50807.7,51142.6,135033.0
1640288700000,51145.3,51374.9,51059.5,51107.8,126516.0
1640289600000,51109.0,51164.5,50888.0,50999.2,92465.0
1640290500000,50999.2,51027.1,50740.2,50844.0,78992.0
1640291400000,50844.0,50949.6,50815.1,50932.7,20890.0
1640292300000,50938.2,51072.6,50897.7,50924.5,42482.0
1640293200000,50928.3,50984.3,50762.9,50810.3,24821.0
1640294100000,50810.3,50833.1,50658.0,50721.8,42766.0
1640295000000,50721.8,50871.7,50642.8,50779.8,26852.0
1640295900000,50774.7,50849.0,50742.1,50822.7,14851.0
1640296800000,50822.8,50868.7,50721.1,50752.6,16981.0
1640297700000,50752.5,50852.8,50725.3,50828.0,10718.0
1640298600000,50828.0,50882.5,50772.8,50862.8,11218.0
1640299500000,50862.8,51001.3,50768.0,50771.5,38220.0
1640300400000,50771.4,50849.9,50685.2,50687.9,25259.0
1640301300000,50695.8,50754.4,50626.2,50699.9,28129.0
1640302200000,50699.9,50705.1,50562.0,50649.9,27992.0
1640303100000,50648.5,50845.2,50648.5,50845.2,19691.0
1640304000000,50846.8,50896.6,50680.0,50702.0,43254.0
1640304900000,50701.9,50828.0,50655.4,50795.0,31999.0
1640305800000,50795.0,50873.4,50741.4,50790.5,21814.0
1640306700000,50790.6,50981.7,50773.8,50875.8,44113.0
1640307600000,50872.5,51250.0,50842.8,51156.9,104310.0
1640308500000,51157.0,51159.1,50953.2,51064.5,60342.0
1640309400000,51064.4,51290.0,51064.4,51231.8,102333.0
1640310300000,51229.8,51345.0,51115.7,51312.8,70304.0
1640311200000,51312.8,51500.0,51220.6,51247.9,169064.0
1640312100000,51247.8,51274.0,51160.0,51233.2,60954.0
1640313000000,51233.3,51233.3,51059.6,51059.6,50724.0
1640313900000,51059.6,51118.1,51023.1,51053.1,40567.0
1640314800000,51053.0,51089.9,50958.0,51082.0,72372.0
1640315700000,51082.0,51166.0,51002.5,51051.7,44417.0
1640316600000,51051.6,51064.5,51025.0,51046.5,19234.0
1640317500000,51046.4,51062.7,50864.1,51050.0,67883.0
1640318400000,51050.0,51097.2,51004.8,51088.5,25022.0
1640319300000,51088.4,51100.0,50981.7,51067.2,21005.0
1640320200000,51067.1,51098.0,51025.0,51094.3,15569.0
1640321100000,51094.2,51094.3,50944.2,50966.5,19389.0
1640322000000,50962.2,50980.0,50852.6,50979.9,49022.0
1640322900000,50975.5,51028.5,50851.0,50877.3,26375.0
1640323800000,50877.2,50980.1,50877.2,50966.3,22057.0
1640324700000,50966.4,51020.7,50948.7,51020.7,18276.0
1640325600000,51020.8,51020.8,50807.4,50882.4,42284.0
1640326500000,50882.5,50949.7,50750.0,50926.6,52019.0
1640327400000,50926.6,50975.6,50911.6,50960.1,43213.0
1640328300000,50960.0,51012.5,50857.5,50906.8,52943.0
1640329200000,50906.8,51015.7,50845.6,51015.6,28435.0
1640330100000,51015.6,51077.0,50954.6,51048.1,47892.0
1640331000000,51048.0,51087.9,50936.0,50941.0,23996.0
1640331900000,50941.0,50998.0,50925.8,50994.9,15312.0
1640332800000,50995.0,51107.0,50899.0,51083.5,46031.0
1640333700000,51083.5,51199.9,51059.8,51181.7,73622.0
1640334600000,51181.8,51216.2,51073.6,51102.8,47472.0
1640335500000,51102.7,51183.0,51060.8,51072.2,28191.0
1640336400000,51066.2,51132.6,51054.5,51119.2,11900.0
1640337300000,51118.8,51300.0,51118.8,51279.9,68256.0
1640338200000,51279.9,51287.7,51194.1,51195.5,27117.0
1640339100000,51195.5,51260.0,51185.0,51260.0,18001.0
1640340000000,51260.0,51260.0,51109.6,51135.0,31273.0
1640340900000,51135.0,51184.7,51081.6,51123.3,26019.0
1640341800000,51123.3,51229.4,51105.5,51204.4,16456.0
1640342700000,51204.4,51238.7,51128.7,51185.5,23156.0
1640343600000,51185.5,51274.3,51120.0,51270.4,28587.0
1640344500000,51270.5,51478.0,51189.3,51189.3,121158.0
1640345400000,51189.3,51196.7,51034.6,51050.0,79394.0
1640346300000,51050.1,51095.0,50855.1,50984.2,96923.0
1640347200000,50987.8,51051.9,50830.0,50976.9,91094.0
1640348100000,50974.3,51083.8,50901.9,50924.8,55093.0
1640349000000,50924.8,51011.8,50868.0,50941.4,35141.0
1640349900000,50941.3,51078.0,50914.4,51024.9,35081.0
1640350800000,51024.9,51024.9,50871.3,50892.8,34093.0
1640351700000,50892.9,51069.5,50892.8,51024.5,35991.0
1640352600000,51028.5,51139.9,50911.0,51128.7,44069.0
1640353500000,51129.3,51178.4,51001.1,51044.6,36910.0
1640354400000,51044.6,51240.0,51003.3,51239.8,56723.0
1640355300000,51240.8,51241.9,51066.0,51097.2,35694.0
1640356200000,51097.1,51188.6,51070.0,51151.1,25457.0
1640357100000,51151.1,51180.9,50658.0,50764.1,144675.0
1640358000000,50764.1,50764.1,50420.0,50690.9,240880.0
1640358900000,50698.0,50865.9,50661.7,50837.5,96959.0
1640359800000,50837.6,50858.0,50729.5,50798.1,34898.0
1640360700000,50798.1,51013.8,50743.8,50955.7,72412.0
1640361600000,50955.7,51246.7,50903.1,51179.9,104964.0
1640362500000,51176.6,51230.0,51044.5,51163.7,53287.0
1640363400000,51163.7,51183.4,50861.8,50873.6,60911.0
1640364300000,50873.7,51000.0,50850.8,50950.1,44257.0
1640365200000,50950.1,50990.0,50829.3,50874.7,26362.0
1640366100000,50874.7,50874.7,50755.0,50783.2,31440.0
1640367000000,50783.5,50939.2,50783.5,50907.6,25413.0
1640367900000,50912.2,51121.2,50886.0,51115.1,35441.0
1640368800000,51119.7,51239.3,51088.0,51152.9,49714.0
1640369700000,51152.9,51294.0,51100.0,51199.9,33021.0
1640370600000,51199.9,51416.2,51176.7,51390.1,53790.0
1640371500000,51390.1,51669.9,51340.0,51615.9,164460.0
1640372400000,51612.6,51845.6,51597.5,51712.5,101345.0
1640373300000,51712.6,51800.0,51430.7,51500.0,72128.0
1640374200000,51508.2,51538.6,51253.5,51300.0,80915.0
1640375100000,51300.1,51426.7,51107.6,51149.7,56651.0
1640376000000,51149.7,51149.7,50795.6,51132.0,107812.0
1640376900000,51132.1,51206.0,50961.0,51057.9,52583.0
1640377800000,51057.9,51189.4,51000.4,51182.2,31942.0
1640378700000,51182.1,51228.0,51050.2,51117.9,26430.0
1640379600000,51117.9,51139.9,51030.0,51030.0,20049.0
1640380500000,51029.2,51136.0,50960.0,51090.8,18418.0
1640381400000,51090.8,51114.0,50881.7,50887.5,19524.0
1640382300000,50887.5,51019.8,50868.0,50890.0,12850.0
1640383200000,50890.0,50916.2,50751.0,50751.0,37264.0
1640384100000,50751.0,50938.3,50660.7,50888.2,35145.0
1640385000000,50886.9,50951.0,50715.5,50715.5,7058.0
1640385900000,50710.0,50806.5,50570.1,50777.2,35364.0
1640386800000,50777.1,50794.7,50520.1,50566.0,48641.0
1640387700000,50566.0,50782.7,50501.1,50740.0,31475.0
1640388600000,50740.0,50893.4,50687.8,50859.9,27382.0
1640389500000,50859.9,50859.9,50626.0,50825.0,31282.0
1640390400000,50825.2,50906.6,50618.4,50850.7,33462.0
1640391300000,50850.5,50950.0,50834.0,50897.4,18564.0
1640392200000,50897.4,51043.3,50864.0,50932.2,32124.0
1640393100000,50932.2,51071.2,50932.2,51040.0,20100.0
1640394000000,51041.3,51093.7,50998.0,51043.6,23930.0
1640394900000,51043.6,51077.4,50941.6,50972.5,17975.0
1640395800000,50973.5,50990.0,50847.9,50851.2,20699.0
1640396700000,50851.2,50995.1,50841.3,50995.1,23634.0
1640397600000,50995.0,51035.0,50945.8,50978.4,19405.0
1640398500000,50978.5,51085.6,50978.5,51074.7,16753.0
1640399400000,51070.0,51131.2,50947.3,50955.9,20298.0
1640400300000,50956.0,50956.0,50779.0,50780.1,34269.0
1640401200000,50780.0,50879.2,50706.5,50859.6,42772.0
1640402100000,50859.6,50912.7,50825.6,50912.3,15874.0
1640403000000,50912.3,50938.4,50888.7,50933.9,10923.0
1640403900000,50930.0,50931.5,50815.0,50848.7,19517.0
1640404800000,50848.7,50983.0,50817.0,50982.9,17236.0
1640405700000,50983.0,51049.0,50927.9,50987.7,24618.0
1640406600000,50987.7,50987.7,50886.2,50886.2,13988.0
1640407500000,50884.0,50916.9,50838.6,50883.7,22350.0
1640408400000,50883.7,50982.2,50860.0,50954.0,24219.0
1640409300000,50954.1,51000.0,50954.0,50981.1,14579.0
1640410200000,50980.0,51001.0,50875.9,50908.5,31249.0
1640411100000,50908.4,50921.8,50866.1,50884.6,9021.0
1640412000000,50880.5,50890.0,50654.3,50668.1,48628.0
1640412900000,50668.0,50875.0,50659.3,50856.7,42749.0
1640413800000,50856.8,50977.0,50856.7,50968.3,35427.0
1640414700000,50968.3,50968.3,50900.2,50959.9,16416.0
1640415600000,50959.9,51027.5,50879.0,51027.5,22622.0
1640416500000,51027.5,51047.5,50964.0,51037.7,21013.0
1640417400000,51037.7,51087.5,50832.7,50832.7,40919.0
1640418300000,50832.7,50930.0,50832.0,50920.2,13434.0
1640419200000,50920.2,50968.0,50877.1,50877.2,18463.0
1640420100000,50872.7,50883.6,50800.5,50827.0,22894.0
1640421000000,50826.9,50866.3,50813.1,50840.0,10836.0
1640421900000,50840.0,50919.7,50805.7,50893.1,23423.0
1640422800000,50893.2,50910.0,50861.2,50909.9,9543.0
1640423700000,50909.8,51016.6,50899.8,50907.5,42517.0
1640424600000,50907.5,50937.9,50873.7,50893.7,14694.0
1640425500000,50894.9,50916.4,50810.1,50816.0,14854.0
1640426400000,50816.0,50846.2,50735.0,50839.9,39793.0
1640427300000,50840.0,50840.0,50719.0,50741.0,40067.0
1640428200000,50741.0,50755.0,50606.1,50692.5,47642.0
1640429100000,50692.6,50781.1,50559.0,50656.0,66826.0
1640430000000,50656.0,50800.0,50603.0,50793.2,40402.0
1640430900000,50793.3,50830.8,50703.2,50746.5,24230.0
1640431800000,50746.5,50746.5,50650.2,50693.9,16839.0
1640432700000,50693.8,50701.3,50606.6,50687.0,20384.0
1640433600000,50687.0,50766.6,50687.0,50718.0,14076.0
1640434500000,50718.0,50920.1,50718.0,50894.3,58289.0
1640435400000,50894.3,50953.0,50859.4,50878.8,52931.0
1640436300000,50878.0,50882.9,50786.8,50811.6,26656.0
1640437200000,50811.5,50818.5,50703.6,50740.4,30047.0
1640438100000,50740.4,50810.0,50740.4,50773.0,15487.0
1640439000000,50773.0,50900.0,50658.0,50865.5,60106.0
1640439900000,50865.6,50923.0,50804.5,50875.4,32478.0
1640440800000,50875.5,50887.8,50760.0,50760.1,17017.0
1640441700000,50764.4,50794.7,50705.6,50770.3,24077.0
1640442600000,50770.4,50787.9,50702.8,50708.9,15197.0
1640443500000,50709.0,50751.5,50708.9,50749.9,15707.0
1640444400000,50750.0,50834.5,50698.6,50739.5,43512.0
1640445300000,50739.5,50800.2,50688.2,50769.0,20648.0
1640446200000,50768.9,50840.3,50768.9,50778.9,57058.0
1640447100000,50778.9,50794.1,50662.6,50671.4,22366.0
1640448000000,50675.8,50745.7,50611.7,50630.1,48058.0
1640448900000,50631.4,50783.0,50489.2,50742.3,94747.0
1640449800000,50742.2,50796.8,50587.0,50612.3,40197.0
1640450700000,50612.4,50676.1,50588.0,50620.1,17828.0
1640451600000,50620.1,50669.8,50577.4,50629.6,31052.0
1640452500000,50629.7,50652.6,50158.0,50320.7,166587.0
1640453400000,50320.7,50448.0,50243.3,50382.9,62354.0
1640454300000,50382.8,50866.3,50382.8,50787.5,109006.0
1640455200000,50787.4,50902.5,50730.3,50829.0,68791.0
1640456100000,50829.0,50995.7,50829.0,50975.9,40146.0
1640457000000,50976.0,51166.4,50883.7,50921.4,111049.0
1640457900000,50921.4,51070.0,50866.6,50995.5,33940.0
1640458800000,50999.9,51065.5,50863.1,50916.5,25364.0
1640459700000,50916.5,50955.2,50824.2,50865.2,14460.0
1640460600000,50865.7,50945.4,50830.3,50884.3,13550.0
1640461500000,50884.2,50927.3,50841.0,50913.8,8083.0
1640462400000,50913.7,50990.0,50876.1,50918.3,11762.0
1640463300000,50918.8,50949.2,50819.1,50840.0,9656.0
1640464200000,50840.3,50913.3,50742.4,50862.0,32939.0
1640465100000,50860.1,50999.0,50842.1,50876.5,19061.0
1640466000000,50876.5,51000.0,50853.0,50974.4,13512.0
1640466900000,50976.0,51030.8,50955.0,51008.1,11628.0
1640467800000,51008.1,51091.0,50993.1,51087.5,13985.0
1640468700000,51086.1,51086.1,50967.4,50970.1,9805.0
1640469600000,50970.1,50980.0,50864.9,50869.5,9790.0
1640470500000,50869.4,50897.5,50666.0,50690.1,40446.0
1640471400000,50690.0,50727.8,50600.0,50657.7,29421.0
1640472300000,50657.7,50730.3,50578.0,50605.1,24639.0
1640473200000,50605.0,50650.0,50540.0,50613.6,36203.0
1640474100000,50613.6,50624.4,50443.8,50480.1,42394.0
1640475000000,50480.1,50684.5,50480.1,50664.3,65523.0
1640475900000,50664.3,50664.3,50332.0,50398.7,49078.0
1640476800000,50398.7,50474.4,50320.2,50433.8,55664.0
1640477700000,50433.7,50549.0,50395.1,50536.3,26842.0
1640478600000,50536.3,50573.1,50255.1,50304.4,39733.0
1640479500000,50304.4,50434.0,50304.4,50394.0,29213.0
1640480400000,50392.0,50474.9,50322.2,50432.0,26614.0
1640481300000,50432.0,50521.0,50364.0,50422.9,34147.0
1640482200000,50422.9,50640.7,50370.1,50609.2,51795.0
1640483100000,50609.1,50677.0,50488.2,50541.1,37492.0
1640484000000,50541.1,50568.4,50470.0,50488.1,24158.0
1640484900000,50488.0,50501.1,50300.0,50313.9,38637.0
1640485800000,50314.7,50350.9,49831.3,50095.7,290813.0
1640486700000,50095.8,50197.7,49998.0,50042.2,59892.0
1640487600000,50042.1,50042.1,49773.6,49888.3,127738.0
1640488500000,49888.2,49959.8,49790.2,49952.6,50309.0
1640489400000,49952.6,49994.7,49670.0,49779.6,140516.0
1640490300000,49779.6,49823.5,49620.0,49680.5,104392.0
1640491200000,49680.5,49880.0,49632.0,49828.2,83084.0
1640492100000,49828.2,49880.1,49685.5,49690.0,43619.0
1640493000000,49690.0,49833.4,49681.9,49800.0,35397.0
1640493900000,49800.1,49880.0,49795.0,49860.9,20227.0
1640494800000,49861.0,49898.0,49797.9,49869.2,25146.0
1640495700000,49869.2,49946.7,49841.6,49913.5,32945.0
1640496600000,49913.5,49964.7,49848.0,49906.5,26623.0
1640497500000,49906.6,49923.7,49800.0,49863.8,30478.0
1640498400000,49863.9,49937.2,49826.9,49913.0,15163.0
1640499300000,49913.0,49913.0,49837.9,49884.3,20945.0
1640500200000,49880.3,49950.0,49797.9,49820.5,37737.0
1640501100000,49820.5,49890.0,49815.6,49889.9,18899.0
1640502000000,49889.9,49896.0,49714.1,49801.5,37118.0
1640502900000,49801.5,49890.0,49801.4,49880.9,17989.0
1640503800000,49880.1,49905.5,49845.1,49880.0,19467.0
1640504700000,49880.0,49958.0,49820.9,49930.2,34651.0
1640505600000,49925.8,50025.0,49844.6,50017.0,39101.0
1640506500000,50017.0,50104.2,50004.4,50039.6,49883.0
1640507400000,50039.6,50039.6,49880.4,49880.4,30991.0
1640508300000,49880.4,49887.3,49824.4,49883.9,37100.0
1640509200000,49883.9,49893.1,49845.0,49881.0,11059.0
1640510100000,49881.1,49967.6,49880.0,49925.1,13208.0
1640511000000,49925.0,49988.9,49898.4,49976.4,12267.0
1640511900000,49980.0,50167.4,49971.2,50013.2,90850.0
1640512800000,50013.2,50075.0,49933.6,49954.2,24459.0
1640513700000,49954.2,50061.7,49941.4,50021.8,19257.0
1640514600000,50021.8,50097.7,49970.0,50085.7,23983.0
1640515500000,50085.8,50100.0,49981.4,50079.9,20163.0
1640516400000,50079.9,50119.4,50027.7,50052.5,19174.0
1640517300000,50045.7,50085.8,50016.7,50051.4,15632.0
1640518200000,50051.4,50055.0,49783.0,49873.9,70711.0
1640519100000,49873.9,49873.9,49382.2,49748.3,199011.0
1640520000000,49748.3,49858.0,49657.0,49823.9,80311.0
1640520900000,49823.9,49824.0,49679.9,49740.5,37416.0
1640521800000,49740.5,49884.8,49702.2,49880.0,34162.0
1640522700000,49879.9,49968.8,49830.0,49881.0,42630.0
1640523600000,49882.9,49945.1,49860.0,49895.8,19838.0
1640524500000,49895.9,49986.2,49801.5,49813.7,28858.0
1640525400000,49813.7,49916.1,49813.6,49827.5,19822.0
1640526300000,49823.3,49873.0,49780.1,49853.0,21251.0
1640527200000,49853.0,49909.4,49844.0,49862.0,15654.0
1640528100000,49860.0,49860.0,49752.0,49776.2,33376.0
1640529000000,49776.3,49865.0,49765.2,49858.1,18966.0
1640529900000,49858.1,49966.9,49763.2,49912.7,43877.0
1640530800000,49912.0,49944.7,49907.8,49937.9,17134.0
1640531700000,49936.4,50287.9,49929.5,50142.7,146479.0
1640532600000,50142.7,50188.1,50100.0,50120.1,32280.0
1640533500000,50120.1,50120.1,49981.0,50043.8,52597.0
1640534400000,50048.3,50186.0,50016.1,50020.9,66333.0
1640535300000,50020.9,50190.0,50012.0,50183.4,18854.0
1640536200000,50183.4,50365.9,50154.9,50306.2,83191.0
1640537100000,50305.1,50413.3,50229.5,50240.0,43219.0
1640538000000,50236.6,50298.7,50201.0,50237.2,20571.0
1640538900000,50237.2,50324.8,50231.4,50265.3,15205.0
1640539800000,50265.4,50374.5,50255.4,50349.9,15174.0
1640540700000,50349.9,50350.0,50162.2,50254.1,32729.0
1640541600000,50250.0,50256.2,50155.5,50180.0,26927.0
1640542500000,50184.2,50244.1,50184.2,50234.0,5889.0
1640543400000,50234.0,50243.4,50184.2,50216.9,9742.0
1640544300000,50216.9,50397.8,50150.0,50347.2,50870.0
1640545200000,50347.1,50459.6,50294.3,50305.6,44259.0
1640546100000,50305.3,50338.4,50218.3,50280.3,29705.0
1640547000000,50277.0,50395.1,50264.1,50351.6,14406.0
1640547900000,50351.5,50368.5,50291.4,50346.5,11932.0
1640548800000,50343.5,50375.6,50300.4,50300.4,6904.0
1640549700000,50300.4,50365.6,50284.0,50318.7,8397.0
1640550600000,50318.7,50344.8,50274.0,50329.3,6780.0
1640551500000,50332.6,50368.0,50276.4,50276.4,8824.0
1640552400000,50273.5,50273.5,49914.4,50057.0,74243.0
1640553300000,50059.9,50450.0,50000.1,50384.8,52286.0
1640554200000,50384.8,50884.4,50382.9,50807.0,162498.0
1640555100000,50810.0,51060.0,50745.0,50787.0,126906.0
1640556000000,50787.0,50919.2,50787.0,50851.5,48147.0
1640556900000,50849.0,50908.9,50786.6,50859.1,15854.0
1640557800000,50857.2,51300.0,50856.0,51104.1,74210.0
1640558700000,51104.0,51104.1,50925.0,50978.5,30811.0
1640559600000,50978.5,51071.1,50770.0,50850.0,57738.0
1640560500000,50849.9,50850.0,50655.1,50722.0,55133.0
1640561400000,50722.0,50840.0,50680.8,50771.9,23310.0
1640562300000,50770.1,50816.1,50737.3,50769.0,19230.0
1640563200000,50770.9,50966.0,50770.9,50905.8,29409.0
1640564100000,50905.8,50925.0,50836.7,50870.2,29763.0
1640565000000,50870.3,50907.1,50588.0,50632.0,71456.0
1640565900000,50632.0,50729.7,50575.1,50620.1,70205.0
1640566800000,50620.0,50620.4,50451.3,50497.5,51135.0
1640567700000,50497.4,50643.5,50454.6,50635.0,35198.0
1640568600000,50635.0,50680.0,50602.3,50680.0,16178.0
1640569500000,50679.9,50810.0,50679.9,50781.8,30582.0
1640570400000,50781.8,50795.4,50675.7,50764.4,33405.0
1640571300000,50764.4,50789.4,50704.2,50780.0,11952.0
1640572200000,50778.0,50900.0,50764.9,50855.6,29835.0
1640573100000,50855.6,50930.0,50811.3,50815.6,50061.0
1640574000000,50814.6,50965.4,50790.0,50948.4,36185.0
1640574900000,50947.2,51134.2,50939.7,51040.0,101425.0
1640575800000,51040.1,51125.6,50995.4,51104.0,66897.0
1640576700000,51103.9,51128.0,50986.2,51003.9,47214.0
1640577600000,51003.9,51100.0,50880.0,51026.9,39238.0
1640578500000,51027.0,51033.0,50870.0,50911.2,47718.0
1640579400000,50911.2,51000.0,50861.0,50960.0,33589.0
1640580300000,50960.0,51040.0,50910.0,51000.0,48057.0
1640581200000,51000.0,51022.6,50870.0,50922.3,37572.0
1640582100000,50925.5,50966.4,50832.7,50922.0,58515.0
1640583000000,50920.1,50955.0,50881.5,50954.3,29268.0
1640583900000,50956.7,50975.2,50853.2,50862.9,33090.0
1640584800000,50862.9,50899.6,50752.0,50759.8,58982.0
1640585700000,50759.7,50876.8,50740.0,50852.7,44443.0
1640586600000,50855.8,50939.1,50855.8,50918.1,16192.0
1640587500000,50918.2,50980.3,50863.1,50941.7,39309.0
1640588400000,50938.5,50985.9,50891.9,50919.8,17605.0
1640589300000,50919.8,50986.0,50823.9,50863.0,38238.0
1640590200000,50862.9,50862.9,50768.0,50807.7,41034.0
1640591100000,50803.0,50803.0,50660.0,50712.0,71405.0
1640592000000,50712.0,50856.6,50677.1,50842.0,45890.0
1640592900000,50841.9,50845.6,50775.4,50784.0,27522.0
1640593800000,50784.0,50796.8,50732.1,50778.5,14929.0
1640594700000,50778.6,50781.6,50559.5,50568.0,72235.0
1640595600000,50568.0,50650.0,50523.0,50636.5,59921.0
1640596500000,50636.6,50684.4,50623.0,50668.8,20097.0
1640597400000,50668.8,50680.0,50573.0,50661.9,31019.0
1640598300000,50662.0,50783.2,50655.0,50773.8,32189.0
1640599200000,50773.8,50860.9,50760.6,50776.3,36466.0
1640600100000,50772.5,50810.0,50735.7,50789.9,17520.0
1640601000000,50790.0,50793.6,50692.4,50761.0,23589.0
1640601900000,50761.0,50922.1,50729.4,50797.7,71199.0
1640602800000,50801.9,50887.9,50786.7,50807.5,39888.0
1640603700000,50806.1,50829.6,50692.0,50692.1,25151.0
1640604600000,50693.9,50777.9,50682.1,50763.5,15381.0
1640605500000,50763.4,50778.5,50710.1,50773.9,12767.0
1640606400000,50773.9,50794.3,50743.7,50773.0,13334.0
1640607300000,50772.9,50868.4,50593.7,50868.4,67757.0
1640608200000,50870.0,51165.8,50867.7,51149.4,201973.0
1640609100000,51149.5,51180.0,51022.9,51107.6,105702.0
1640610000000,51107.7,51242.3,50979.1,51017.9,92694.0
1640610900000,51017.9,51441.2,51017.8,51346.6,178376.0
1640611800000,51346.7,51423.2,51220.0,51228.0,83706.0
1640612700000,51228.1,51345.1,51176.1,51300.0,41989.0
1640613600000,51300.0,51394.1,51236.5,51330.7,62337.0
1640614500000,51330.7,51645.0,51216.7,51221.8,164277.0
1640615400000,51223.9,51658.0,51210.0,51568.6,138971.0
1640616300000,51568.6,51680.0,51480.1,51500.8,90919.0
1640617200000,51500.8,51655.9,51483.3,51551.2,76650.0
1640618100000,51548.1,51561.1,51460.0,51487.1,50058.0
1640619000000,51487.9,51499.8,51353.4,51430.4,66771.0
1640619900000,51429.0,51469.0,51382.7,51437.1,49248.0
1640620800000,51439.6,51512.0,51320.0,51365.9,45328.0
1640621700000,51365.9,51384.7,51218.1,51344.5,85948.0
1640622600000,51344.5,51443.5,51333.5,51432.8,37276.0
1640623500000,51432.9,51475.9,51418.6,51456.9,25852.0
1640624400000,51456.9,51583.7,51439.7,51583.6,47143.0
1640625300000,51583.7,51910.4,51546.4,51781.9,182833.0
1640626200000,51781.9,52010.5,51761.2,51895.4,165605.0
1640627100000,51895.5,52099.4,51780.0,51851.5,126011.0
1640628000000,51851.6,51928.2,51730.5,51754.1,75246.0
1640628900000,51754.0,51784.9,51668.0,51683.3,54650.0
1640629800000,51679.0,51787.7,51645.2,51689.1,60420.0
1640630700000,51689.1,51700.0,51627.9,51689.1,29064.0
1640631600000,51690.0,51707.4,51586.9,51622.8,27055.0
1640632500000,51626.2,51628.2,51430.0,51505.0,44551.0
1640633400000,51504.9,51562.6,51387.4,51475.1,55002.0
1640634300000,51475.0,51556.6,51190.0,51205.6,139500.0
1640635200000,51205.5,51364.2,51149.4,51325.5,70339.0
1640636100000,51325.5,51325.5,51102.3,51167.5,71411.0
1640637000000,51167.5,51209.8,50904.4,51005.6,101856.0
1640637900000,51005.6,51245.1,50991.2,51220.0,45260.0
1640638800000,51220.0,51285.0,51205.8,51231.4,28317.0
1640639700000,51228.8,51290.9,51133.4,51287.2,18863.0
1640640600000,51287.2,51294.3,51156.1,51158.6,10716.0
1640641500000,51158.6,51158.6,50932.0,50966.4,57586.0
1640642400000,50966.3,51173.9,50940.6,51167.6,22079.0
1640643300000,51167.6,51230.3,51062.8,51099.2,16324.0
1640644200000,51099.1,51149.6,50810.0,50867.8,32874.0
1640645100000,50867.7,51027.8,50713.0,51011.3,75781.0
1640646000000,51011.4,51056.7,50843.2,50950.1,45352.0
1640646900000,50950.1,50996.9,50762.1,50880.0,53497.0
1640647800000,50881.7,50881.7,50646.1,50810.5,71540.0
1640648700000,50810.5,50859.3,50636.3,50713.8,67277.0
1640649600000,50713.8,50713.9,50327.0,50576.7,185216.0
1640650500000,50576.7,50576.8,50160.0,50328.0,210853.0
1640651400000,50328.0,50328.0,50021.7,50217.2,163897.0
1640652300000,50217.2,50440.0,50214.8,50354.9,126582.0
1640653200000,50354.9,50354.9,50117.3,50164.5,95487.0
1640654100000,50164.5,50245.0,50000.1,50160.1,127205.0
1640655000000,50160.0,50160.0,49722.2,49800.1,266270.0
1640655900000,49800.1,49894.6,49599.0,49825.2,194097.0
1640656800000,49825.1,49980.0,49715.4,49768.3,130977.0
1640657700000,49768.3,49820.0,49600.0,49820.0,113721.0
1640658600000,49819.9,49861.5,49638.9,49804.4,77092.0
1640659500000,49805.8,49818.8,49640.1,49789.9,70657.0
1640660400000,49790.0,49790.0,49503.3,49535.9,121059.0
1640661300000,49538.8,49715.0,49520.0,49669.9,71433.0
1640662200000,49670.0,49698.6,49533.5,49665.0,82341.0
1640663100000,49664.9,49860.0,49581.7,49837.5,82191.0
1640664000000,49837.5,49837.5,49632.1,49644.9,169969.0
1640664900000,49644.9,49654.1,48564.9,48966.4,760949.0
1640665800000,48966.3,49115.5,48788.1,49115.4,151647.0
1640666700000,49115.4,49174.9,48993.9,49058.0,95584.0
1640667600000,49058.2,49173.2,49000.0,49160.0,56583.0
1640668500000,49160.0,49160.1,48956.4,48986.0,82763.0
1640669400000,48986.0,49169.9,48973.3,49168.0,41315.0
1640670300000,49167.9,49229.1,49146.4,49192.5,48056.0
1640671200000,49192.4,49242.4,49099.1,49170.1,66414.0
1640672100000,49170.0,49300.0,49170.0,49283.2,40528.0
1640673000000,49283.1,49333.0,49226.1,49249.4,50398.0
1640673900000,49248.0,49285.0,49090.0,49213.7,60686.0
1640674800000,49213.6,49372.7,49142.2,49253.7,75618.0
1640675700000,49253.7,49298.2,49099.2,49186.5,45375.0
1640676600000,49186.4,49186.4,49050.0,49154.4,24934.0
1640677500000,49154.5,49244.2,49142.5,49218.7,23794.0
1640678400000,49218.6,49430.9,49106.0,49421.4,100370.0
1640679300000,49420.1,49420.1,49305.7,49392.4,42705.0
1640680200000,49392.4,49399.8,49312.2,49357.5,23898.0
1640681100000,49357.1,49418.2,49221.9,49363.6,53863.0
1640682000000,49363.5,49439.9,49318.8,49318.8,41811.0
1640682900000,49317.7,49350.0,49214.6,49299.5,44757.0
1640683800000,49299.5,49343.9,49134.9,49192.1,51627.0
1640684700000,49191.9,49263.0,49020.2,49030.2,109003.0
1640685600000,49030.1,49167.1,48793.1,48892.5,183618.0
1640686500000,48892.4,49090.0,48892.4,49069.7,99137.0
1640687400000,49069.8,49089.7,48969.7,49018.1,50067.0
1640688300000,49018.0,49056.0,48947.6,49047.1,40384.0
1640689200000,49047.1,49090.0,48904.8,49023.9,44194.0
1640690100000,49023.8,49207.9,49006.9,49120.1,56475.0
1640691000000,49120.1,49205.5,49106.8,49133.9,28511.0
1640691900000,49133.9,49232.1,49133.9,49195.1,25833.0
1640692800000,49195.1,49195.1,49074.1,49174.5,31376.0
1640693700000,49174.5,49269.6,49152.2,49262.0,33481.0
1640694600000,49262.0,49359.1,49206.1,49218.2,57358.0
1640695500000,49214.5,49257.8,49080.0,49097.3,48713.0
1640696400000,49093.5,49187.0,48965.2,49082.7,79461.0
1640697300000,49082.7,49152.4,49060.0,49136.8,41432.0
1640698200000,49136.8,49277.7,49079.7,49266.2,37863.0
1640699100000,49266.2,49266.2,48985.0,49019.3,121367.0
1640700000000,49019.3,49083.0,48830.6,48943.8,136403.0
1640700900000,48943.8,49109.2,48920.7,49060.1,49850.0
1640701800000,49060.0,49060.1,48200.0,48949.7,438219.0
1640702700000,48949.7,49175.6,48816.1,49070.2,135844.0
1640703600000,49070.2,49233.0,48964.0,49033.2,103355.0
1640704500000,49030.0,49076.8,48906.4,49075.3,55318.0
1640705400000,49079.0,49133.0,48938.0,48966.5,37236.0
1640706300000,48970.0,49023.7,48910.0,48955.8,52043.0
1640707200000,48942.4,48980.0,48526.1,48601.3,169754.0
1640708100000,48604.8,48672.7,48113.0,48296.6,277861.0
1640709000000,48297.9,48587.3,48297.9,48503.1,119263.0
1640709900000,48503.1,48642.1,48468.8,48635.0,45316.0
1640710800000,48635.0,48655.0,48279.0,48332.1,73061.0
1640711700000,48332.1,48391.7,48028.8,48032.3,147430.0
1640712600000,48038.4,48139.6,47655.0,47921.3,356453.0
1640713500000,47921.2,48060.1,47767.9,48035.3,86628.0
1640714400000,48034.9,48034.9,47740.1,47840.7,109976.0
1640715300000,47842.6,47948.0,47772.6,47903.7,54582.0
1640716200000,47903.5,47980.0,47830.0,47870.0,40726.0
1640717100000,47870.0,47870.0,47601.1,47805.4,82621.0
1640718000000,47805.3,47805.3,47309.7,47427.1,225617.0
1640718900000,47427.2,47654.6,47340.4,47505.0,89363.0
1640719800000,47505.1,47735.3,47464.7,47652.4,56076.0
1640720700000,47655.4,47767.7,47633.0,47670.5,37500.0
1640721600000,47676.8,47767.5,47570.0,47767.4,43838.0
1640722500000,47767.5,47878.0,47722.2,47800.0,44617.0
1640723400000,47800.7,47999.7,47741.6,47964.8,49392.0
1640724300000,47964.8,48021.6,47663.1,47793.2,81134.0
1640725200000,47794.2,47818.1,47681.6,47742.0,34910.0
1640726100000,47742.0,47848.3,47683.7,47770.0,17164.0
1640727000000,47773.2,47837.4,47665.2,47665.3,14048.0
1640727900000,47668.2,47692.5,47459.0,47550.5,46773.0
1640728800000,47550.5,47672.2,47422.0,47473.3,25710.0
1640729700000,47473.4,47651.8,47455.9,47482.4,24582.0
1640730600000,47485.4,47512.7,47305.6,47490.1,55150.0
1640731500000,47490.0,47740.0,47490.0,47679.1,28906.0
1640732400000,47678.0,47737.1,47515.7,47628.2,36623.0
1640733300000,47628.2,47722.4,47628.2,47698.8,18197.0
1640734200000,47701.5,47783.7,47636.4,47724.2,32709.0
1640735100000,47726.1,47743.7,47509.0,47549.9,34468.0
1640736000000,47550.0,47835.1,47434.1,47802.9,72596.0
1640736900000,47803.0,47848.3,47706.3,47720.8,32257.0
1640737800000,47720.8,47728.5,47555.0,47624.8,34984.0
1640738700000,47624.8,47766.0,47604.4,47765.9,28938.0
1640739600000,47765.9,47925.0,47746.7,47924.9,58007.0
1640740500000,47925.0,47963.9,47800.0,47803.1,48756.0
1640741400000,47803.2,47866.9,47715.0,47866.9,33268.0
1640742300000,47866.9,47866.9,47683.8,47733.6,31285.0
1640743200000,47730.1,47866.9,47665.6,47836.8,28210.0
1640744100000,47840.3,47940.0,47822.1,47899.9,32965.0
1640745000000,47896.5,47950.0,47820.0,47900.2,31131.0
1640745900000,47900.2,48047.6,47900.2,47980.6,45896.0
1640746800000,47980.6,48125.9,47935.7,48085.5,69887.0
1640747700000,48088.6,48088.7,47900.0,47932.8,56825.0
1640748600000,47932.9,47982.2,47890.6,47949.4,22848.0
1640749500000,47949.3,48017.9,47940.1,47994.3,19675.0
1640750400000,47994.2,48051.9,47922.7,47930.1,27348.0
1640751300000,47930.0,47937.4,47852.5,47885.6,25987.0
1640752200000,47882.0,47960.0,47810.2,47942.1,32167.0
1640753100000,47942.1,47949.9,47759.6,47783.5,31276.0
1640754000000,47783.5,47897.9,47765.0,47869.7,30012.0
1640754900000,47873.2,47918.2,47778.4,47790.0,23368.0
1640755800000,47793.4,47860.0,47728.1,47765.8,29434.0
1640756700000,47765.8,47905.8,47765.7,47901.2,29097.0
1640757600000,47901.3,47950.0,47878.6,47925.3,15153.0
1640758500000,47925.2,47989.1,47901.5,47910.4,19583.0
1640759400000,47910.3,47976.8,47836.2,47840.7,28538.0
1640760300000,47840.0,47858.5,47750.0,47858.5,40554.0
1640761200000,47858.5,47878.6,47637.0,47654.4,49756.0
1640762100000,47654.4,47714.2,47588.3,47640.1,46553.0
1640763000000,47640.0,47712.2,47616.3,47625.8,36295.0
1640763900000,47625.8,47643.7,47533.0,47584.9,49163.0
1640764800000,47584.8,47745.4,47557.2,47719.5,43375.0
1640765700000,47715.6,47739.9,47617.1,47678.4,30276.0
1640766600000,47678.4,47798.7,47652.9,47773.5,20758.0
1640767500000,47773.5,47841.0,47683.9,47719.2,32081.0
1640768400000,47720.0,47759.6,47633.2,47690.0,37131.0
1640769300000,47692.2,47734.0,47400.0,47533.4,135024.0
1640770200000,47533.4,47686.8,47502.0,47652.2,53266.0
1640771100000,47650.0,48120.3,47631.9,47957.7,160176.0
1640772000000,47954.1,47996.4,47851.8,47935.9,53384.0
1640772900000,47935.8,47951.4,47796.2,47820.6,44303.0
1640773800000,47820.7,47937.4,47722.6,47749.9,50889.0
1640774700000,47750.0,47762.2,47656.0,47707.1,54976.0
1640775600000,47707.1,47780.9,47623.4,47685.9,30985.0
1640776500000,47685.9,47690.0,47528.1,47566.2,54545.0
1640777400000,47566.2,47697.7,47566.0,47620.7,38373.0
1640778300000,47620.7,47774.0,47561.6,47754.6,37112.0
1640779200000,47754.6,47797.2,46731.7,46999.5,519154.0
1640780100000,46999.5,47087.0,46625.1,46807.2,227873.0
1640781000000,46800.8,46937.7,46736.6,46887.4,109702.0
1640781900000,46887.4,46985.8,46810.5,46834.3,89454.0
1640782800000,46830.8,46982.3,46790.7,46890.1,83964.0
1640783700000,46890.1,46914.5,46567.8,46671.7,135496.0
1640784600000,46664.3,46943.8,46634.3,46903.0,96133.0
1640785500000,46903.1,47466.0,46896.9,47399.9,304109.0
1640786400000,47400.0,47568.4,47308.8,47328.1,178298.0
1640787300000,47328.1,47409.1,47248.8,47330.1,76567.0
1640788200000,47330.1,47900.0,47322.8,47743.6,279376.0
1640789100000,47743.7,47896.5,47653.8,47818.5,90071.0
1640790000000,47818.6,48070.4,47765.8,47808.6,133245.0
1640790900000,47805.4,47897.4,47723.1,47812.6,62261.0
1640791800000,47812.7,47890.3,47742.7,47873.2,43385.0
1640792700000,47873.2,48017.6,47834.4,47947.4,52749.0
1640793600000,47947.4,48040.5,47790.8,47809.8,92016.0
1640794500000,47813.4,47877.1,47715.8,47734.1,46490.0
1640795400000,47734.2,47745.8,47601.3,47663.7,99429.0
1640796300000,47668.3,47755.8,47652.8,47730.5,28834.0
1640797200000,47730.1,47730.1,47636.6,47651.4,19609.0
1640798100000,47651.6,47702.5,47600.8,47622.6,25428.0
1640799000000,47622.6,47708.9,47502.6,47693.3,60833.0
1640799900000,47693.3,47710.0,47471.4,47556.8,54445.0
1640800800000,47556.8,47640.3,47540.1,47596.2,14460.0
1640801700000,47595.9,47722.5,47595.9,47667.0,24741.0
1640802600000,47667.0,47776.5,47550.0,47555.6,44899.0
1640803500000,47553.1,47564.0,47370.9,47532.3,43073.0
1640804400000,47532.3,47546.5,47321.6,47367.9,37840.0
1640805300000,47363.5,47438.0,47257.8,47419.2,31968.0
1640806200000,47419.3,47434.1,47058.7,47113.1,90967.0
1640807100000,47112.7,47186.9,47003.6,47136.5,48816.0
1640808000000,47136.4,47337.0,47076.9,47245.3,43237.0
1640808900000,47245.4,47514.3,47235.0,47494.8,37652.0
1640809800000,47499.0,47720.0,47480.1,47496.9,71623.0
1640810700000,47496.9,47599.9,47339.7,47364.4,34783.0
1640811600000,47376.3,47400.0,47051.8,47117.4,67797.0
1640812500000,47117.3,47298.9,47105.1,47250.6,39333.0
1640813400000,47250.6,47306.8,47130.5,47234.2,26439.0
1640814300000,47234.2,47269.9,47140.1,47234.1,19386.0
1640815200000,47235.4,47235.4,47088.0,47180.0,24012.0
1640816100000,47185.4,47382.7,47185.4,47361.5,25337.0
1640817000000,47363.0,47486.1,47302.2,47425.7,15346.0
1640817900000,47425.7,47425.8,47186.5,47284.2,16069.0
1640818800000,47284.2,47385.8,47134.0,47163.1,36714.0
1640819700000,47163.0,47180.0,45999.6,46398.6,633588.0
1640820600000,46399.9,46492.4,46151.1,46275.1,176126.0
1640821500000,46278.3,46474.8,46074.9,46453.3,143986.0
1640822400000,46452.8,46558.5,46142.5,46259.6,130527.0
1640823300000,46259.6,46679.8,45888.0,46489.7,370110.0
1640824200000,46499.6,46783.3,46492.2,46676.5,120979.0
1640825100000,46676.5,46844.3,46593.9,46686.8,95979.0
1640826000000,46686.8,46700.0,46458.0,46671.3,102820.0
1640826900000,46672.0,46711.9,46537.1,46572.8,64969.0
1640827800000,46572.8,46737.2,46423.3,46734.3,72230.0
1640828700000,46734.3,46750.0,46561.0,46567.8,67785.0
1640829600000,46567.7,46599.1,46240.5,46286.2,123637.0
1640830500000,46285.4,46548.6,46280.0,46510.0,82778.0
1640831400000,46510.0,46609.9,46450.0,46609.8,58300.0
1640832300000,46609.9,46670.9,46520.0,46668.3,45780.0
1640833200000,46668.3,46704.7,46626.5,46640.5,54860.0
1640834100000,46640.5,46640.6,46478.6,46563.9,41290.0
1640835000000,46566.5,46676.7,46536.3,46670.5,54325.0
1640835900000,46670.4,46716.8,46484.8,46514.4,69534.0
1640836800000,46514.4,46829.9,46503.3,46756.3,59712.0
1640837700000,46756.3,46940.0,46726.8,46789.9,216163.0
1640838600000,46793.0,46858.3,46735.0,46738.1,35815.0
1640839500000,46738.1,46799.0,46710.0,46718.3,28510.0
1640840400000,46718.3,46782.9,46640.8,46715.6,70820.0
1640841300000,46712.2,46802.9,46671.9,46699.3,34057.0
1640842200000,46699.3,46711.6,46572.0,46695.8,61250.0
1640843100000,46695.9,46776.1,46618.4,46757.9,26489.0
1640844000000,46757.9,46794.0,46703.2,46729.1,31704.0
1640844900000,46729.2,46795.3,46701.1,46763.0,25526.0
1640845800000,46763.1,46957.2,46763.1,46915.8,58768.0
1640846700000,46912.9,46954.3,46880.1,46889.0,51535.0
1640847600000,46887.7,47091.8,46830.0,47008.0,132273.0
1640848500000,47007.9,47077.0,46869.3,46993.0,67355.0
1640849400000,46993.0,47076.9,46970.1,47004.6,40804.0
1640850300000,47004.7,47050.0,46969.6,46969.6,29924.0
1640851200000,46969.7,47185.9,46969.7,47080.0,86766.0
1640852100000,47075.7,47075.7,46852.0,46975.2,98268.0
1640853000000,46970.0,46970.1,46859.0,46867.5,40094.0
1640853900000,46864.8,46908.8,46762.7,46797.2,56541.0
1640854800000,46797.2,46925.9,46797.2,46899.4,37846.0
1640855700000,46898.9,46909.5,46896.2,46896.2,142.0
1640856600000,46895.8,46960.3,46895.8,46943.8,12016.0
1640857500000,46943.8,46999.4,46709.8,46758.4,76497.0
1640858400000,46758.5,46935.9,46666.0,46920.8,54174.0
1640859300000,46920.9,46961.9,46840.8,46850.4,37775.0
1640860200000,46853.4,46880.0,46748.0,46844.6,40377.0
1640861100000,46844.6,46955.0,46823.5,46945.4,37126.0
1640862000000,46945.3,47014.0,46893.0,46928.8,44299.0
1640862900000,46928.8,47070.0,46900.0,47069.4,35389.0
1640863800000,47070.0,47460.0,47012.8,47411.1,211248.0
1640864700000,47413.9,47566.9,47334.3,47502.6,147776.0
1640865600000,47502.5,47535.8,47388.0,47453.2,116239.0
1640866500000,47453.2,47700.0,47453.2,47641.0,124484.0
1640867400000,47641.1,47687.8,47564.2,47567.5,91135.0
1640868300000,47567.5,47647.3,47500.0,47501.5,71362.0
1640869200000,47501.5,47545.9,47430.1,47442.5,61653.0
1640870100000,47442.5,47507.0,47432.4,47478.2,45995.0
1640871000000,47478.2,47566.8,47430.2,47443.4,38480.0
1640871900000,47443.4,47452.9,47300.0,47323.0,105701.0
1640872800000,47323.0,47367.2,47270.9,47306.9,40973.0
1640873700000,47306.8,47313.4,47201.0,47256.4,73151.0
1640874600000,47253.5,47450.0,47180.0,47262.5,106612.0
1640875500000,47262.5,47368.0,47234.1,47362.2,46640.0
1640876400000,47362.1,47470.0,47305.3,47417.2,60272.0
1640877300000,47417.2,47510.0,47350.0,47360.1,51145.0
1640878200000,47360.1,47378.2,47300.0,47346.8,38432.0
1640879100000,47346.9,47377.9,47129.6,47182.3,71886.0
1640880000000,47182.3,47263.0,47100.0,47224.1,65548.0
1640880900000,47224.1,47319.5,47202.4,47226.1,63932.0
1640881800000,47226.1,47483.6,47226.1,47434.2,78391.0
1640882700000,47433.2,47658.0,47423.8,47595.5,103452.0
1640883600000,47599.3,47627.6,47477.0,47537.5,49300.0
1640884500000,47537.5,47796.1,47478.0,47690.7,88494.0
1640885400000,47690.7,47700.0,47522.7,47605.0,53388.0
1640886300000,47604.9,47691.2,47580.1,47653.3,28306.0
1640887200000,47653.4,47663.7,47471.0,47525.0,41594.0
1640888100000,47519.9,47690.0,47509.7,47684.2,43836.0
1640889000000,47687.9,47696.8,47574.0,47603.3,23849.0
1640889900000,47607.5,47935.5,47592.0,47858.0,94580.0
1640890800000,47858.0,47875.2,47750.0,47875.0,68054.0
1640891700000,47875.0,47875.0,47737.6,47834.4,38729.0
1640892600000,47833.7,47911.3,47796.5,47796.5,24490.0
1640893500000,47796.6,47811.5,47530.0,47560.0,55747.0
1640894400000,47556.1,47590.8,47460.7,47529.3,33969.0
1640895300000,47533.1,47673.0,47533.1,47576.9,24155.0
1640896200000,47577.0,47656.2,47340.0,47415.1,39614.0
1640897100000,47420.0,47420.0,47068.0,47192.2,130792.0
1640898000000,47195.8,47270.9,46900.0,47151.1,101279.0
1640898900000,47151.2,47327.1,47110.9,47292.7,45310.0
1640899800000,47292.7,47344.3,47250.0,47305.1,17339.0
1640900700000,47301.9,47341.9,47168.8,47312.9,31233.0
1640901600000,47312.9,47331.2,47211.4,47269.0,27918.0
1640902500000,47272.0,47329.2,47115.0,47218.9,23369.0
1640903400000,47218.9,47228.4,46714.0,46850.3,60350.0
1640904300000,46860.0,47100.3,46860.0,47098.9,29985.0
1640905200000,47098.9,47210.7,46985.0,47106.0,63002.0
1640906100000,47106.0,47242.5,47040.0,47124.5,50952.0
1640907000000,47120.8,47156.2,46942.6,47085.9,41252.0
1640907900000,47090.7,47181.5,47050.0,47132.8,30522.0
1640908800000,47132.9,47388.1,47095.3,47291.8,100872.0
1640909700000,47291.9,47322.7,46987.8,47042.2,54759.0
1640910600000,47042.1,47075.5,46856.4,46931.7,69390.0
1640911500000,46931.7,47194.7,46912.5,47082.0,41178.0
1640912400000,47082.0,47141.4,46858.0,46962.8,48268.0
1640913300000,46963.1,47291.9,46921.0,47193.6,55490.0
1640914200000,47193.7,47359.9,47146.2,47168.2,43843.0
1640915100000,47168.2,47203.5,47020.0,47134.1,34571.0
1640916000000,47131.1,47143.5,46983.8,47006.1,32822.0
1640916900000,47006.0,47056.9,46865.3,46907.7,50307.0
1640917800000,46907.7,47003.8,46850.0,46909.0,61821.0
1640918700000,46909.0,47043.2,46906.6,47021.2,38731.0
1640919600000,47021.1,47038.5,46931.0,46971.5,48414.0
1640920500000,46971.5,47187.2,46971.5,47158.0,53297.0
1640921400000,47158.0,47292.9,47094.8,47263.6,54632.0
1640922300000,47263.6,47267.1,47164.3,47201.3,38673.0
1640923200000,47204.4,47299.0,47160.0,47194.2,44075.0
1640924100000,47194.2,47479.2,47183.6,47412.9,67316.0
1640925000000,47413.0,47423.9,47306.7,47382.4,29197.0
1640925900000,47382.3,47393.8,47310.0,47342.8,26225.0
1640926800000,47351.3,47410.7,47310.0,47388.3,30695.0
1640927700000,47388.3,47388.3,47254.1,47268.5,34462.0
1640928600000,47268.6,47330.1,47210.0,47296.0,54007.0
1640929500000,47296.0,47350.0,47286.7,47287.2,20001.0
1640930400000,47287.2,47327.9,47161.6,47324.9,61664.0
1640931300000,47325.0,47571.3,47263.2,47447.3,77253.0
1640932200000,47446.4,47458.5,47343.4,47354.1,31308.0
1640933100000,47354.1,47490.0,47340.6,47387.9,35790.0
1640934000000,47387.8,47457.9,47222.4,47228.8,45581.0
1640934900000,47229.1,47258.3,47024.9,47044.8,101813.0
1640935800000,47044.8,47126.3,46871.1,46888.1,134117.0
1640936700000,46888.1,47238.2,46850.0,47215.6,154915.0
1640937600000,47207.2,47212.4,47073.0,47174.3,93186.0
1640938500000,47174.3,47974.1,47158.8,47866.5,318175.0
1640939400000,47866.5,48478.7,47855.2,48345.6,504596.0
1640940300000,48345.7,48578.0,48240.0,48428.7,238376.0
1640941200000,48428.6,48545.6,48348.1,48456.5,150775.0
1640942100000,48454.7,48547.0,48258.2,48395.1,134253.0
1640943000000,48396.3,48430.0,48238.1,48272.9,87202.0
1640943900000,48272.9,48356.3,48235.4,48300.0,63806.0
1640944800000,48300.0,48323.8,48163.4,48236.8,61156.0
1640945700000,48236.7,48380.6,48209.4,48365.4,48923.0
1640946600000,48367.7,48447.0,48338.5,48415.0,43135.0
1640947500000,48415.0,48416.5,47898.0,48015.9,194521.0
1640948400000,48015.9,48158.0,47988.0,48063.8,113149.0
1640949300000,48063.8,48204.2,48044.8,48084.5,55653.0
1640950200000,48084.8,48121.0,47990.9,48044.8,49887.0
1640951100000,48048.3,48080.7,47907.9,47991.4,101273.0
1640952000000,47991.7,48021.5,47842.0,47980.0,96899.0
1640952900000,47980.0,48028.5,47914.4,47977.9,42267.0
1640953800000,47977.9,48115.1,47977.8,48081.1,56137.0
1640954700000,48081.0,48081.0,47921.3,47994.0,34539.0
1640955600000,47994.0,48069.5,47956.7,47985.9,36072.0
1640956500000,47985.9,48006.2,47892.9,48000.0,50389.0
1640957400000,47999.9,48084.3,47986.4,48052.0,44175.0
1640958300000,48052.0,48060.5,47918.3,47960.0,54461.0
1640959200000,47960.0,47987.8,47864.8,47924.1,41467.0
1640960100000,47924.0,48019.9,47850.0,48014.4,45962.0
1640961000000,48014.4,48144.1,47926.2,47948.6,117524.0
1640961900000,47948.6,48074.1,47948.6,47976.1,52966.0
1640962800000,47976.1,48048.5,47915.1,48004.5,52588.0
1640963700000,48004.4,48118.9,47981.6,48011.4,48811.0
1640964600000,48011.3,48022.9,47926.0,47938.1,42002.0
1640965500000,47938.1,48021.8,47873.3,48021.8,45333.0
1640966400000,48021.8,48039.4,47926.1,48028.3,37174.0
1640967300000,48028.3,48130.1,48018.5,48111.0,37583.0
1640968200000,48111.0,48115.1,47879.1,47904.2,72104.0
1640969100000,47904.2,47925.9,47420.1,47478.6,272110.0
1640970000000,47478.5,47550.0,47213.1,47263.8,174163.0
1640970900000,47263.7,47326.3,46927.0,46954.3,201446.0
1640971800000,46953.5,47055.0,46889.9,47036.5,137286.0
1640972700000,47036.5,47063.7,46911.9,47020.0,63512.0
1640973600000,47019.9,47033.1,46930.0,46935.9,70814.0
1640974500000,46935.9,47043.1,46901.4,46944.1,44797.0
1640975400000,46944.0,47000.0,46400.0,46694.3,246482.0
1640976300000,46694.3,46765.9,46573.7,46670.6,68785.0
1640977200000,46674.2,46674.2,46352.8,46412.5,108185.0
1640978100000,46412.5,46434.8,46056.7,46076.4,161979.0
1640979000000,46074.8,46306.6,45928.0,46008.6,234103.0
1640979900000,46008.7,46079.9,45656.1,45715.9,253709.0
1640980800000,45715.9,46198.9,45666.0,46126.1,177061.0
1640981700000,46124.2,46130.0,45820.0,46050.4,92087.0
1640982600000,46050.0,46129.7,45875.6,45977.0,43178.0
1640983500000,45976.9,45980.4,45821.0,45889.8,49996.0
1640984400000,45887.8,46097.8,45759.3,45833.5,80039.0
1640985300000,45833.5,46097.4,45798.3,46097.3,43900.0
1640986200000,46097.4,46510.0,46097.4,46239.4,121223.0
1640987100000,46239.4,46337.0,46167.6,46329.2,36548.0
1640988000000,46323.4,46561.1,46289.3,46427.8,54909.0
1640988900000,46424.6,46565.9,46375.8,46385.6,39149.0
1640989800000,46385.5,46385.5,46300.0,46300.0,18679.0
1640990700000,46300.0,46465.4,46237.1,46311.0,27344.0
1640991600000,46311.0,46455.0,46310.9,46420.8,35213.0
1640992500000,46420.8,46460.0,46338.2,46340.3,25575.0
1640993400000,46340.3,46499.7,46340.3,46469.0,35857.0
1640994300000,46465.5,46465.5,46145.0,46213.9,51164.0
1640995200000,46214.0,46542.2,46214.0,46345.4,106004.0
1640996100000,46345.3,46428.0,46250.0,46388.1,31279.0
1640997000000,46388.1,46689.1,46371.6,46616.6,76684.0
1640997900000,46616.6,46742.5,46585.0,46652.9,60476.0
1640998800000,46652.9,46790.6,46581.3,46786.5,61135.0
1640999700000,46786.4,46950.0,46773.9,46814.1,92422.0
1641000600000,46814.2,46872.8,46736.3,46764.3,50985.0
1641001500000,46764.3,46862.6,46720.1,46780.1,34912.0
1641002400000,46780.0,46868.7,46774.1,46844.2,26605.0
1641003300000,46847.3,46927.7,46823.1,46823.1,29518.0
1641004200000,46823.1,46823.2,46720.0,46774.0,30898.0
1641005100000,46774.0,46854.6,46770.0,46803.1,27291.0
1641006000000,46806.0,46852.5,46758.4,46821.0,31272.0
1641006900000,46821.0,46895.6,46773.5,46806.2,31789.0
1641007800000,46806.2,46900.0,46798.0,46863.9,24177.0
1641008700000,46863.9,46890.0,46792.5,46798.1,20822.0
1641009600000,46798.0,46878.8,46625.0,46639.3,60004.0
1641010500000,46639.2,46718.4,46614.6,46706.0,57883.0
1641011400000,46705.9,46756.8,46643.0,46734.7,41074.0
1641012300000,46734.7,46843.1,46705.8,46706.9,44108.0
1641013200000,46707.0,46772.0,46666.2,46772.0,25136.0
1641014100000,46772.0,47500.0,46760.8,47393.0,227615.0
1641015000000,47393.0,47578.5,47237.4,47292.0,137661.0
1641015900000,47298.2,47317.3,47136.4,47200.0,92012.0
1641016800000,47200.1,47329.5,47091.4,47308.5,65625.0
1641017700000,47308.7,47308.8,47125.0,47137.2,33441.0
1641018600000,47137.3,47205.7,47115.4,47166.2,31767.0
1641019500000,47166.2,47238.5,46932.6,46991.7,95039.0
1641020400000,46991.7,47056.5,46906.5,46989.8,71686.0
1641021300000,46997.4,47061.1,46960.0,46971.6,28059.0
1641022200000,46974.6,47129.4,46961.4,47107.3,33678.0
1641023100000,47113.0,47266.0,47083.3,47212.3,57756.0
1641024000000,47208.3,47245.0,47088.8,47158.9,41727.0
1641024900000,47158.8,47347.0,47155.6,47314.7,65109.0
1641025800000,47314.6,47319.5,47165.6,47220.2,41721.0
1641026700000,47220.2,47266.3,47090.0,47120.0,34380.0
1641027600000,47123.0,47205.0,47075.0,47205.0,34371.0
1641028500000,47207.9,47208.0,47080.9,47096.1,19145.0
1641029400000,47096.1,47130.0,46918.8,46982.1,49138.0
1641030300000,46982.1,47150.0,46952.3,47149.9,28406.0
1641031200000,47149.9,47308.4,47104.1,47104.1,67043.0
1641032100000,47104.1,47104.2,46802.4,46868.6,109454.0
1641033000000,46862.0,47028.4,46710.4,46982.0,140337.0
1641033900000,46981.9,47078.6,46869.9,46869.9,46573.0
1641034800000,46871.4,46960.0,46864.0,46926.8,23546.0
1641035700000,46926.8,47010.1,46908.9,46974.9,35495.0
1641036600000,46974.8,46999.6,46825.3,46956.5,42189.0
1641037500000,46950.0,46991.7,46757.5,46764.2,64321.0
1641038400000,46764.1,47009.9,46764.1,47009.9,50611.0
1641039300000,47010.0,47032.3,46881.0,46962.0,33515.0
1641040200000,46961.9,47154.7,46950.6,47010.2,59177.0
1641041100000,47010.3,47130.0,47010.2,47076.1,39513.0
1641042000000,47076.1,47149.6,47020.0,47138.9,41314.0
1641042900000,47138.9,47208.4,46983.0,47025.1,51419.0
1641043800000,47025.0,47088.4,46931.6,47067.5,29986.0
1641044700000,47067.5,47072.5,46968.0,47016.0,17413.0
1641045600000,47012.5,47060.0,46936.0,46969.5,19142.0
1641046500000,46969.5,47111.0,46968.9,47021.6,25517.0
1641047400000,47021.6,47033.5,46845.1,46901.0,47989.0
1641048300000,46901.0,46965.2,46880.0,46918.6,33077.0
1641049200000,46918.6,47009.8,46870.0,46960.0,25622.0
1641050100000,46956.2,47033.7,46920.0,47028.8,22436.0
1641051000000,47030.7,47494.3,47006.0,47336.0,192943.0
1641051900000,47335.9,47401.5,47106.2,47211.7,100517.0
1641052800000,47211.7,47449.9,47174.4,47421.7,96254.0
1641053700000,47421.8,47528.9,47340.0,47465.4,72210.0
1641054600000,47465.5,47484.3,47365.4,47411.3,49385.0
1641055500000,47411.3,47457.9,47235.0,47254.3,53862.0
1641056400000,47254.3,47368.3,47215.6,47223.5,28297.0
1641057300000,47223.6,47343.2,47223.5,47323.2,30541.0
1641058200000,47323.2,47917.2,47323.1,47849.1,215930.0
1641059100000,47849.2,47947.0,47668.9,47753.5,83888.0
1641060000000,47753.5,47832.7,47668.7,47733.2,42543.0
1641060900000,47733.2,47778.5,47605.0,47639.9,33135.0
1641061800000,47640.0,47659.9,47400.8,47471.3,77690.0
1641062700000,47471.2,47628.0,47428.7,47564.9,34360.0
1641063600000,47565.0,47624.3,47479.0,47502.0,37055.0
1641064500000,47502.0,47502.0,47332.7,47380.0,34564.0
1641065400000,47386.9,47407.9,47300.0,47330.9,33289.0
1641066300000,47330.9,47359.6,47281.5,47332.6,27393.0
1641067200000,47332.5,47359.0,47296.7,47325.0,20569.0
1641068100000,47322.1,47449.9,47243.9,47422.5,33216.0
1641069000000,47422.4,47570.7,47390.0,47410.0,48023.0
1641069900000,47410.0,47474.0,47350.1,47405.2,30712.0
1641070800000,47405.1,47548.9,47368.0,47521.8,24881.0
1641071700000,47516.3,47539.9,47344.3,47358.0,26623.0
1641072600000,47363.0,47495.4,47353.4,47454.1,39544.0
1641073500000,47454.0,47474.4,47274.5,47330.4,23222.0
1641074400000,47330.3,47371.1,47212.7,47264.6,32172.0
1641075300000,47265.2,47431.5,47263.9,47399.5,14595.0
1641076200000,47399.6,47473.9,47383.9,47447.5,5015.0
1641077100000,47447.7,47485.3,47383.8,47432.7,11723.0
1641078000000,47432.7,47448.6,47270.2,47334.9,36267.0
1641078900000,47336.9,47498.2,47336.9,47448.2,26968.0
1641079800000,47448.2,47595.0,47377.6,47504.4,33115.0
1641080700000,47504.3,47829.0,47504.3,47723.2,101141.0
1641081600000,47723.2,47756.8,47461.4,47516.9,51439.0
1641082500000,47516.8,47565.9,47376.8,47554.9,61135.0
1641083400000,47554.9,47700.0,47503.8,47648.2,56977.0
1641084300000,47648.1,47676.3,47582.2,47636.0,27810.0
1641085200000,47634.1,47645.9,47436.1,47452.8,47178.0
1641086100000,47455.7,47504.4,47415.1,47461.1,38895.0
1641087000000,47461.0,47487.8,47321.0,47398.4,33603.0
1641087900000,47398.3,47413.7,47324.0,47390.1,28946.0
1641088800000,47390.2,47449.0,47340.6,47442.7,30017.0
1641089700000,47442.7,47462.4,47324.1,47346.5,38900.0
1641090600000,47346.5,47439.7,47301.0,47379.5,38071.0
1641091500000,47381.2,47440.0,47380.4,47390.2,14449.0
1641092400000,47390.1,47406.8,47310.0,47310.0,15981.0
1641093300000,47310.0,47401.3,47280.2,47400.0,23871.0
1641094200000,47400.0,47477.9,47392.4,47415.9,27964.0
1641095100000,47416.0,47421.9,47283.3,47342.8,31356.0
1641096000000,47342.8,47433.1,47312.0,47400.0,30842.0
1641096900000,47398.4,47398.4,47300.0,47318.7,24885.0
1641097800000,47318.6,47395.5,47126.2,47166.8,109958.0
1641098700000,47166.8,47178.1,46777.0,46914.8,282374.0
1641099600000,46914.8,47007.3,46840.0,46885.4,60514.0
1641100500000,46885.4,46973.2,46851.3,46951.2,40179.0
1641101400000,46951.1,47080.0,46946.2,46974.7,55137.0
1641102300000,46971.8,47105.4,46927.3,47089.9,64527.0
1641103200000,47089.9,47149.9,47020.0,47036.9,45161.0
1641104100000,47036.9,47208.9,47033.3,47106.7,45705.0
1641105000000,47106.6,47243.0,47065.6,47189.0,58131.0
1641105900000,47189.0,47243.0,47121.1,47125.5,33667.0
1641106800000,47125.5,47183.4,47093.8,47134.5,26210.0
1641107700000,47138.9,47211.9,47134.9,47187.7,19881.0
1641108600000,47187.7,47311.5,47163.8,47184.1,50442.0
1641109500000,47184.1,47195.7,47103.3,47178.7,37630.0
1641110400000,47178.7,47181.7,46977.2,47063.6,50967.0
1641111300000,47063.6,47226.0,47052.6,47165.1,39045.0
1641112200000,47165.0,47181.9,47057.1,47155.5,32018.0
1641113100000,47155.5,47245.0,47147.0,47221.9,37544.0
1641114000000,47220.1,47241.3,47151.1,47214.2,32811.0
1641114900000,47217.7,47520.0,47180.2,47339.3,146835.0
1641115800000,47338.9,47393.9,47331.4,47385.5,48838.0
1641116700000,47385.5,47385.5,47255.2,47277.0,45933.0
1641117600000,47277.0,47349.6,47257.7,47343.0,22315.0
1641118500000,47345.9,47345.9,47252.5,47271.6,19284.0
1641119400000,47271.5,47324.9,47211.0,47259.9,29316.0
1641120300000,47260.0,47262.7,47130.3,47184.7,19506.0
1641121200000,47184.7,47280.0,47160.0,47270.1,23214.0
1641122100000,47270.0,47330.8,47253.2,47303.5,16903.0
1641123000000,47303.5,47385.0,47255.1,47256.5,38501.0
1641123900000,47256.5,47256.6,47195.1,47239.0,16655.0
1641124800000,47238.9,47248.6,47000.0,47110.5,100634.0
1641125700000,47110.6,47196.4,47080.3,47153.7,25928.0
1641126600000,47153.7,47472.0,47144.1,47309.9,107152.0
1641127500000,47309.9,47374.7,47264.7,47293.6,34948.0
1641128400000,47294.7,47297.9,47120.0,47120.1,47335.0
1641129300000,47120.0,47270.4,47084.4,47249.4,63950.0
1641130200000,47249.9,47255.3,47130.0,47169.5,17605.0
1641131100000,47169.5,47183.7,47081.0,47140.1,22232.0
1641132000000,47140.0,47193.9,47103.3,47180.7,24666.0
1641132900000,47180.7,47204.2,47010.0,47064.1,53465.0
1641133800000,47064.0,47170.3,47061.3,47141.0,30641.0
1641134700000,47141.1,47164.9,47098.3,47114.4,16437.0
1641135600000,47114.4,47345.8,47076.0,47295.5,68896.0
1641136500000,47295.5,47310.0,47176.8,47183.3,35973.0
1641137400000,47183.3,47217.6,47117.6,47217.6,27709.0
1641138300000,47217.6,47413.7,47217.6,47343.1,72405.0
1641139200000,47344.2,47500.0,47269.3,47429.7,83459.0
1641140100000,47429.8,47476.6,47364.9,47421.9,40828.0
1641141000000,47422.0,47677.0,47422.0,47550.0,127744.0
1641141900000,47549.9,47899.2,47549.9,47792.8,184269.0
1641142800000,47792.8,48003.6,47530.0,47568.4,242193.0
1641143700000,47568.4,47694.2,47491.2,47642.5,83955.0
1641144600000,47642.6,47672.5,47525.0,47600.0,33176.0
1641145500000,47597.8,47603.0,47313.2,47408.1,84235.0
1641146400000,47408.1,47408.2,47232.3,47264.5,90373.0
1641147300000,47264.6,47303.0,46850.0,46937.9,154300.0
1641148200000,46937.9,47012.1,46651.0,46908.2,268890.0
1641149100000,46908.1,47088.0,46860.1,47059.6,91603.0
1641150000000,47056.2,47230.0,46961.1,47063.4,113570.0
1641150900000,47063.5,47113.0,46860.1,46925.8,68430.0
1641151800000,46925.9,47001.0,46856.3,46943.4,36823.0
1641152700000,46943.4,46989.3,46910.9,46917.1,19009.0
1641153600000,46914.0,47064.0,46830.0,47039.3,64752.0
1641154500000,47039.3,47050.9,46966.0,47044.3,23181.0
1641155400000,47044.3,47044.3,46904.6,46961.3,20999.0
1641156300000,46964.5,47047.4,46927.6,47018.4,19445.0
1641157200000,47018.3,47186.6,46927.1,47166.0,36198.0
1641158100000,47166.0,47166.0,47046.2,47058.4,24078.0
1641159000000,47060.9,47173.4,47060.9,47070.7,16323.0
1641159900000,47070.7,47070.7,47003.7,47028.9,24560.0
1641160800000,47028.9,47205.5,47028.8,47203.8,22115.0
1641161700000,47203.8,47203.8,47115.1,47156.1,14721.0
1641162600000,47156.0,47428.8,47156.0,47392.3,64772.0
1641163500000,47392.2,47392.3,47245.2,47261.8,15799.0
1641164400000,47263.8,47440.0,47263.8,47333.7,46090.0
1641165300000,47330.7,47420.0,47284.4,47412.0,35423.0
1641166200000,47412.1,47484.8,47315.0,47362.6,40245.0
1641167100000,47362.7,47391.7,47301.0,47301.1,20116.0
1641168000000,47301.8,47301.8,47155.0,47155.1,68143.0
1641168900000,47155.1,47257.4,47155.1,47171.5,32951.0
1641169800000,47172.4,47182.2,47062.7,47158.0,36147.0
1641170700000,47154.8,47212.9,47060.2,47060.2,26549.0
1641171600000,47060.3,47093.0,47033.9,47048.5,29638.0
1641172500000,47050.3,47099.0,46950.0,47046.3,43336.0
1641173400000,47045.3,47089.5,46983.4,46983.4,28197.0
1641174300000,46983.5,47140.0,46972.0,47121.0,26415.0
1641175200000,47121.0,47121.0,46903.0,46932.9,55075.0
1641176100000,46932.9,47015.6,46869.3,46995.4,47968.0
1641177000000,46995.4,47055.4,46959.1,46987.3,26934.0
1641177900000,46987.3,47031.7,46866.8,47008.2,71376.0
1641178800000,47008.3,47087.8,46958.1,46958.1,34114.0
1641179700000,46958.1,46983.8,46884.0,46972.1,55964.0
1641180600000,46972.1,46987.9,46750.0,46803.8,107402.0
1641181500000,46803.7,46862.5,46730.0,46810.0,52300.0
1641182400000,46810.0,46900.0,46765.6,46871.3,37634.0
1641183300000,46871.3,46927.6,46835.0,46844.9,28580.0
1641184200000,46844.9,46955.4,46840.0,46942.9,40689.0
1641185100000,46942.9,46950.8,46820.0,46840.4,29519.0
1641186000000,46840.4,46891.2,46780.0,46780.1,40711.0
1641186900000,46783.1,47047.3,46783.1,46973.4,62935.0
1641187800000,46973.4,47235.4,46973.4,47155.4,112410.0
1641188700000,47155.4,47184.0,47050.0,47092.0,43185.0
1641189600000,47092.0,47112.9,47020.9,47033.5,23970.0
1641190500000,47031.7,47068.4,46946.4,46971.4,35391.0
1641191400000,46974.0,47076.7,46933.2,47066.3,28137.0
1641192300000,47063.1,47063.1,46891.7,46940.0,30096.0
1641193200000,46940.0,46951.7,46875.9,46950.8,28078.0
1641194100000,46950.8,46980.0,46904.8,46975.3,24393.0
1641195000000,46973.8,47035.0,46963.4,46992.0,18185.0
1641195900000,46991.9,47077.0,46956.5,47052.0,25043.0
1641196800000,47052.0,47138.7,47023.5,47066.3,53440.0
1641197700000,47066.2,47068.7,46983.8,47008.8,28504.0
1641198600000,47008.8,47035.5,46950.1,46964.4,24651.0
1641199500000,46961.3,46994.6,46927.4,46980.4,22608.0
1641200400000,46980.4,47107.6,46960.9,46960.9,62115.0
1641201300000,46960.9,46964.8,46783.9,46824.1,128419.0
1641202200000,46824.0,46923.2,46783.0,46884.4,51245.0
1641203100000,46884.3,47018.9,46874.4,46990.1,65797.0
1641204000000,46990.1,47257.0,46987.1,47189.0,152585.0
1641204900000,47189.0,47200.0,47065.7,47072.0,80986.0
1641205800000,47072.0,47200.0,47012.0,47170.6,43926.0
1641206700000,47170.6,47241.0,47105.0,47129.7,38746.0
1641207600000,47129.7,47340.5,47129.7,47323.9,103271.0
1641208500000,47324.0,47380.9,47259.8,47323.9,71828.0
1641209400000,47323.9,47332.5,47218.8,47276.4,36932.0
1641210300000,47276.3,47432.9,47255.3,47362.9,54151.0
1641211200000,47363.0,47569.9,47237.4,47480.1,135169.0
1641212100000,47480.0,47570.0,47325.0,47381.7,109687.0
1641213000000,47385.0,47385.1,47222.8,47278.9,52502.0
1641213900000,47278.9,47308.1,47171.7,47200.0,57005.0
1641214800000,47199.9,47302.7,47199.9,47247.1,54223.0
1641215700000,47247.1,47356.3,47247.1,47310.4,36820.0
1641216600000,47308.2,47327.5,47210.3,47248.9,28011.0
1641217500000,47248.9,47277.6,47130.0,47162.5,49382.0
1641218400000,47162.5,47209.5,46933.1,47027.7,162837.0
1641219300000,47029.6,47110.0,46961.9,47093.0,53657.0
1641220200000,47093.0,47291.0,47092.7,47153.3,94026.0
1641221100000,47154.0,47177.4,46789.0,46870.4,280839.0
1641222000000,46870.4,46995.0,46790.0,46987.7,121720.0
1641222900000,46987.6,47027.4,46840.1,46943.7,70088.0
1641223800000,46943.7,46943.7,46840.0,46900.4,42539.0
1641224700000,46900.4,46952.9,46568.9,46697.3,179980.0
1641225600000,46697.3,46803.7,46569.0,46633.9,136964.0
1641226500000,46633.9,46644.0,46261.0,46398.6,281477.0
1641227400000,46398.6,46528.4,46306.0,46439.3,107375.0
1641228300000,46439.4,46499.5,46311.7,46489.9,74576.0
1641229200000,46489.8,46643.2,46420.1,46439.1,78530.0
1641230100000,46439.0,46801.3,46407.7,46695.3,82636.0
1641231000000,46695.3,46795.6,46566.0,46589.8,88902.0
1641231900000,46589.8,46697.9,46578.5,46580.0,42741.0
1641232800000,46580.0,46737.4,46560.0,46611.1,45350.0
1641233700000,46607.4,46687.1,46584.5,46622.7,31550.0
1641234600000,46620.3,46646.9,46450.0,46467.1,39615.0
1641235500000,46467.1,46518.0,46406.7,46469.7,46871.0
1641236400000,46469.8,46558.9,46361.1,46498.5,52569.0
1641237300000,46498.5,46644.8,46465.5,46620.3,23363.0
1641238200000,46617.4,46647.4,46555.5,46592.7,20727.0
1641239100000,46589.8,46620.0,46375.0,46375.0,28372.0
1641240000000,46373.4,46414.9,46187.3,46312.5,126995.0
1641240900000,46312.4,46344.5,45730.0,45781.5,364785.0
1641241800000,45781.6,45956.2,45681.0,45783.4,130897.0
1641242700000,45783.4,45944.3,45780.1,45914.1,58345.0
1641243600000,45915.2,45999.0,45818.0,45819.4,45359.0
1641244500000,45819.4,46052.9,45819.3,46022.4,38640.0
1641245400000,46022.4,46254.9,46015.3,46040.0,67815.0
1641246300000,46042.6,46143.5,45968.0,45988.5,27312.0
1641247200000,45988.5,46162.7,45970.6,46121.3,33587.0
1641248100000,46121.3,46318.1,46069.0,46262.4,30930.0
1641249000000,46262.4,46452.0,46178.0,46255.0,30487.0
1641249900000,46255.0,46305.8,46120.0,46226.5,34014.0
1641250800000,46226.5,46457.6,46170.2,46378.6,79717.0
1641251700000,46378.5,46459.9,46337.7,46413.0,33826.0
1641252600000,46413.0,46578.6,46366.8,46530.2,58733.0
1641253500000,46530.3,46554.9,46415.1,46446.9,31269.0
1641254400000,46446.9,46530.7,46345.5,46410.2,47905.0
1641255300000,46410.2,46549.8,46233.1,46490.9,93161.0
1641256200000,46490.9,46501.7,46263.1,46284.7,41471.0
1641257100000,46284.7,46340.0,46160.3,46261.5,60905.0
1641258000000,46261.5,46307.3,46168.0,46307.3,39309.0
1641258900000,46307.4,46409.5,46257.6,46351.9,61433.0
1641259800000,46351.9,46352.0,46079.5,46139.6,54601.0
1641260700000,46139.5,46209.0,46043.6,46070.3,50300.0
1641261600000,46070.3,46156.9,45956.3,45988.5,83857.0
1641262500000,45988.5,46160.5,45950.0,46141.5,63275.0
1641263400000,46141.4,46268.9,46080.0,46209.7,66118.0
1641264300000,46206.9,46235.0,46090.4,46119.9,53613.0
1641265200000,46113.2,46165.6,46028.3,46049.9,40635.0
1641266100000,46050.0,46211.9,46025.1,46202.2,54155.0
1641267000000,46205.6,46344.0,46186.7,46344.0,68987.0
1641267900000,46343.9,46390.1,46294.8,46325.8,55570.0
1641268800000,46322.7,46399.9,46183.9,46253.7,74847.0
1641269700000,46250.3,46343.5,46236.9,46340.0,20026.0
1641270600000,46340.0,46420.0,46016.2,46158.0,102953.0
1641271500000,46158.0,46214.5,46072.1,46112.0,43634.0
1641272400000,46112.0,46185.6,46051.8,46154.0,44182.0
1641273300000,46151.2,46308.0,46146.3,46281.7,42759.0
1641274200000,46281.7,46281.8,46074.6,46097.8,49408.0
1641275100000,46097.0,46170.0,46025.6,46163.0,53395.0
1641276000000,46162.9,46270.0,46078.6,46209.9,79355.0
1641276900000,46211.2,46300.0,46120.4,46289.3,40416.0
1641277800000,46287.0,46337.7,46258.0,46312.9,54106.0
1641278700000,46312.9,46383.9,46273.3,46365.5,43396.0
1641279600000,46365.5,46473.9,46317.6,46340.3,81539.0
1641280500000,46340.2,46510.0,46310.6,46456.1,78209.0
1641281400000,46456.1,46537.3,46438.0,46503.3,52976.0
1641282300000,46503.4,46571.1,46453.2,46543.4,57051.0
1641283200000,46543.5,46682.8,46460.0,46614.5,141976.0
1641284100000,46614.6,46640.0,46500.0,46529.4,62655.0
1641285000000,46529.4,46599.4,46471.7,46471.7,42475.0
1641285900000,46471.8,46493.0,46378.0,46481.2,65996.0
1641286800000,46481.6,46590.0,46460.0,46505.7,35880.0
1641287700000,46505.8,46557.9,46400.0,46449.7,50544.0
1641288600000,46449.7,46449.7,46289.3,46371.6,67543.0
1641289500000,46371.7,46420.0,46296.8,46355.1,45649.0
1641290400000,46358.5,46393.3,46289.2,46354.6,47283.0
1641291300000,46354.6,46550.0,46354.6,46517.0,71487.0
1641292200000,46517.0,46652.0,46425.0,46595.9,101052.0
1641293100000,46595.8,46765.3,46568.1,46619.6,122741.0
1641294000000,46619.6,46750.0,46619.6,46699.1,87401.0
1641294900000,46699.2,46740.0,46612.3,46665.0,46462.0
1641295800000,46665.0,46743.9,46621.0,46724.8,55188.0
1641296700000,46724.9,46744.8,46664.2,46722.1,34453.0
1641297600000,46722.2,46757.5,46586.3,46612.3,60748.0
1641298500000,46612.3,46651.8,46518.0,46533.3,67351.0
1641299400000,46533.2,46585.0,46476.0,46530.1,51830.0
1641300300000,46530.0,46659.3,46495.3,46646.6,39014.0
1641301200000,46646.6,46667.8,46463.5,46471.1,44558.0
1641302100000,46471.0,46923.5,46400.0,46884.3,161727.0
1641303000000,46885.0,46900.0,46738.3,46817.7,119818.0
1641303900000,46817.7,47096.4,46806.1,46960.0,195198.0
1641304800000,46960.0,47037.3,46814.0,46885.5,106230.0
1641305700000,46885.5,46959.9,46833.0,46906.2,49606.0
1641306600000,46906.2,47088.0,46906.1,47079.3,72691.0
1641307500000,47079.3,47456.7,47077.7,47318.6,329343.0
1641308400000,47317.7,47521.0,47300.0,47386.3,155480.0
1641309300000,47386.3,47430.0,47238.5,47349.4,89463.0
1641310200000,47349.4,47357.3,47025.3,47030.4,154155.0
1641311100000,47030.4,47157.1,46857.8,46932.8,136077.0
1641312000000,46932.9,46941.0,46741.6,46785.2,216846.0
1641312900000,46785.1,46832.6,46653.8,46700.9,149918.0
1641313800000,46701.4,46867.4,46664.6,46819.9,100434.0
1641314700000,46819.9,46878.0,46751.5,46770.3,52546.0
1641315600000,46770.2,46834.4,46725.4,46830.2,50493.0
1641316500000,46827.3,46988.0,46791.4,46829.3,88188.0
1641317400000,46829.3,46934.8,46770.7,46881.1,40864.0
1641318300000,46881.1,46888.6,46507.4,46565.0,95771.0
1641319200000,46565.0,46719.9,46530.6,46661.8,79105.0
1641320100000,46661.7,46699.9,46455.9,46468.2,63224.0
1641321000000,46468.2,46483.7,45858.0,45973.8,398350.0
1641321900000,45973.7,45986.3,45510.0,45745.5,354008.0
1641322800000,45745.4,46450.0,45580.5,46328.9,395646.0
1641323700000,46328.8,46444.0,46122.4,46192.2,122197.0
1641324600000,46192.2,46293.8,46075.7,46131.7,71310.0
1641325500000,46134.9,46200.0,45953.9,46067.1,66842.0
1641326400000,46067.0,46240.0,45967.4,46205.7,74441.0
1641327300000,46208.6,46439.9,46205.9,46416.9,74929.0
1641328200000,46416.9,46417.8,46271.8,46323.4,46426.0
1641329100000,46320.3,46375.9,46234.0,46276.5,35648.0
1641330000000,46275.1,46281.7,46172.5,46220.2,32453.0
1641330900000,46220.2,46223.9,46046.5,46147.7,50959.0
1641331800000,46142.4,46285.6,46124.2,46256.8,31203.0
1641332700000,46256.7,46333.9,46186.2,46230.7,28559.0
1641333600000,46230.7,46230.8,46109.1,46109.1,29625.0
1641334500000,46109.1,46187.6,45986.6,46140.1,30085.0
1641335400000,46145.4,46261.2,46145.4,46240.4,13109.0
1641336300000,46240.4,46241.2,46060.0,46164.5,27472.0
1641337200000,46164.5,46166.2,45910.0,45943.2,49987.0
1641338100000,45942.5,46099.9,45870.0,46046.5,60167.0
1641339000000,46049.8,46060.6,45760.6,45819.5,87027.0
1641339900000,45819.5,46016.4,45796.2,45843.3,49002.0
1641340800000,45843.3,46043.3,45725.5,46005.4,99151.0
1641341700000,46005.3,46115.0,45979.1,46032.2,51092.0
1641342600000,46032.3,46229.0,46024.0,46164.3,73726.0
1641343500000,46164.2,46293.8,46134.8,46267.2,62443.0
1641344400000,46267.3,46319.0,46210.1,46312.8,65109.0
1641345300000,46312.9,46335.0,46168.7,46219.2,50857.0
1641346200000,46219.1,46280.0,46154.9,46265.8,49578.0
1641347100000,46265.8,46279.0,46106.9,46109.9,54728.0
1641348000000,46109.9,46269.2,46109.8,46247.2,47521.0
1641348900000,46247.2,46402.0,46247.2,46288.7,69557.0
1641349800000,46285.8,46383.0,46280.1,46374.8,37468.0
1641350700000,46374.9,46380.0,46283.7,46289.7,25674.0
1641351600000,46289.7,46480.0,46289.7,46447.3,67175.0
1641352500000,46447.3,46567.9,46400.0,46410.2,86700.0
1641353400000,46409.0,46449.5,46386.6,46403.0,30507.0
1641354300000,46403.1,46493.6,46403.0,46416.6,27072.0
1641355200000,46416.7,46497.7,46380.4,46497.6,37347.0
1641356100000,46497.6,46519.5,46445.9,46484.5,40720.0
1641357000000,46484.5,46488.0,46348.4,46368.0,33492.0
1641357900000,46367.9,46460.4,46350.0,46416.0,35274.0
1641358800000,46415.9,46415.9,46302.2,46307.9,33401.0
1641359700000,46308.0,46325.2,46257.5,46316.4,44730.0
1641360600000,46316.4,46326.0,46242.4,46260.0,33012.0
1641361500000,46260.1,46336.3,46252.9,46304.8,23771.0
1641362400000,46304.7,46391.9,46248.2,46360.9,34147.0
1641363300000,46360.9,46388.0,46303.9,46315.6,18196.0
1641364200000,46315.6,46436.2,46312.7,46374.2,32175.0
1641365100000,46374.1,46466.0,46366.2,46449.3,31740.0
1641366000000,46449.4,46483.0,46400.0,46471.2,33306.0
1641366900000,46471.2,46471.3,46359.1,46418.1,32366.0
1641367800000,46418.1,46428.0,46341.0,46344.2,21137.0
1641368700000,46344.1,46420.5,46330.2,46405.1,24201.0
1641369600000,46408.0,46437.4,46301.6,46317.1,29817.0
1641370500000,46317.1,46377.4,46261.8,46353.6,37748.0
1641371400000,46353.7,46555.0,46331.1,46528.1,56066.0
1641372300000,46528.0,46671.4,46526.9,46635.7,133465.0
1641373200000,46635.7,46695.0,46567.7,46638.9,73154.0
1641374100000,46636.1,46859.0,46626.7,46805.8,137771.0
1641375000000,46805.8,46946.0,46746.0,46897.8,90089.0
1641375900000,46897.9,46947.6,46768.7,46850.9,81178.0
1641376800000,46851.0,47088.9,46851.0,46951.7,143397.0
1641377700000,46951.7,46951.7,46762.2,46798.2,116877.0
1641378600000,46798.2,46835.2,46699.7,46717.9,73968.0
1641379500000,46717.9,46830.0,46715.0,46816.9,42801.0
1641380400000,46819.2,46839.9,46609.3,46642.8,80411.0
1641381300000,46637.5,46656.2,46458.0,46555.7,100507.0
1641382200000,46555.7,46556.5,46140.0,46200.9,253266.0
1641383100000,46200.9,46292.7,46113.0,46277.1,130154.0
1641384000000,46277.0,46352.0,46123.0,46209.7,103936.0
1641384900000,46204.2,46246.7,45955.0,46167.7,185649.0
1641385800000,46167.8,46180.3,45895.7,46062.8,191356.0
1641386700000,46064.9,46270.9,45933.0,46244.9,142248.0
1641387600000,46244.9,46288.9,46125.0,46170.3,107806.0
1641388500000,46170.3,46410.0,46140.1,46380.3,102598.0
1641389400000,46380.4,46471.0,46326.1,46370.6,106957.0
1641390300000,46370.7,46458.9,46276.8,46448.7,92831.0
1641391200000,46448.7,46533.8,46369.5,46422.3,95163.0
1641392100000,46422.3,46422.3,46282.0,46417.1,68895.0
1641393000000,46414.4,46792.0,46236.4,46320.4,351724.0
1641393900000,46324.9,46850.0,46149.7,46703.5,382838.0
1641394800000,46703.4,46833.1,46555.0,46555.1,180015.0
1641395700000,46555.1,46790.9,46500.0,46758.4,98097.0
1641396600000,46758.4,46758.4,46462.1,46554.3,109847.0
1641397500000,46550.9,46647.8,46378.0,46621.3,89447.0
1641398400000,46621.8,46663.8,46346.7,46470.5,99987.0
1641399300000,46470.5,46673.8,46465.3,46673.7,90247.0
1641400200000,46673.7,46673.8,46371.9,46397.7,83805.0
1641401100000,46397.8,46399.5,46277.0,46307.0,77513.0
1641402000000,46307.0,46472.4,46291.2,46361.6,44787.0
1641402900000,46361.7,46394.5,46250.0,46380.0,70825.0
1641403800000,46380.0,46380.0,46080.0,46158.5,112598.0
1641404700000,46156.9,46211.8,46000.0,46007.4,83795.0
1641405600000,46010.5,46010.6,45558.1,45789.8,447953.0
1641406500000,45789.7,45962.7,45578.0,45856.9,190582.0
1641407400000,45853.8,46329.8,45812.6,46008.6,219053.0
1641408300000,46008.6,46147.8,45916.1,45924.6,85529.0
1641409200000,45924.6,46118.8,45650.0,45702.1,242797.0
1641410100000,45702.1,46016.6,45600.0,45920.1,180018.0
1641411000000,45920.0,45999.9,45568.9,45578.2,118956.0
1641411900000,45578.1,45589.4,44200.0,44675.3,1242827.0
1641412800000,44680.3,44829.0,43580.0,44212.5,817772.0
1641413700000,44212.5,44421.7,43986.5,44142.3,351873.0
1641414600000,44141.3,44409.0,44051.1,44202.5,155695.0
1641415500000,44195.3,44287.4,43888.0,43972.3,195200.0
1641416400000,43970.4,44335.0,43908.4,44188.7,100824.0
1641417300000,44191.9,44211.1,43843.4,43976.5,96070.0
1641418200000,43976.5,43988.0,43332.4,43677.4,311161.0
1641419100000,43671.1,43940.1,43602.5,43608.0,109143.0
1641420000000,43605.5,43783.7,43201.0,43375.8,159895.0
1641420900000,43369.7,43516.1,42938.1,42964.8,181371.0
1641421800000,42964.9,43499.9,42413.2,43415.0,334013.0
1641422700000,43415.0,43619.9,43120.0,43433.3,127712.0
1641423600000,43433.3,43555.1,43236.3,43524.8,125819.0
1641424500000,43524.7,43685.6,43454.3,43615.4,130287.0
1641425400000,43615.4,43630.8,43402.9,43610.3,102684.0
1641426300000,43610.4,43666.0,43377.5,43435.1,88449.0
1641427200000,43439.9,43554.9,43270.9,43500.7,151875.0
1641428100000,43500.6,43614.8,43362.1,43518.5,80717.0
1641429000000,43518.5,43756.1,43480.0,43678.1,116002.0
1641429900000,43675.0,43696.0,43530.6,43677.4,58350.0
1641430800000,43677.5,43694.9,43523.1,43650.1,50136.0
1641431700000,43650.2,43781.9,43564.8,43597.4,80435.0
1641432600000,43597.4,43658.2,43510.4,43658.2,65413.0
1641433500000,43658.1,43658.2,43302.0,43552.1,124753.0
1641434400000,43550.0,43610.4,43350.3,43350.3,69918.0
1641435300000,43350.4,43418.6,43136.5,43235.8,146424.0
1641436200000,43232.9,43400.0,43208.4,43400.0,94364.0
1641437100000,43400.0,43447.3,43218.7,43260.0,64056.0
1641438000000,43260.0,43314.7,43092.4,43247.3,103906.0
1641438900000,43247.3,43271.8,43087.8,43105.6,69151.0
1641439800000,43105.6,43219.6,43008.0,43097.6,100787.0
1641440700000,43097.6,43145.1,42821.2,42848.4,240554.0
1641441600000,42848.4,43060.1,42758.8,43030.6,201139.0
1641442500000,43030.5,43150.0,42823.3,42828.1,152817.0
1641443400000,42828.1,42998.6,42580.0,42772.2,238732.0
1641444300000,42772.6,43143.8,42672.3,43028.0,174357.0
1641445200000,43028.0,43181.9,42791.5,43130.0,173547.0
1641446100000,43132.5,43240.0,43057.2,43150.1,86835.0
1641447000000,43150.1,43176.4,42829.5,42934.7,142392.0
1641447900000,42939.1,43134.9,42937.3,43040.2,67487.0
1641448800000,43040.2,43107.8,42904.3,43107.7,71434.0
1641449700000,43107.7,43213.9,43046.2,43109.4,103993.0
1641450600000,43109.4,43150.0,42910.0,42960.1,84860.0
1641451500000,42960.1,43121.9,42940.5,43091.9,59063.0
1641452400000,43096.3,43221.7,42994.4,43137.9,90226.0
1641453300000,43137.9,43194.9,43092.3,43189.8,45844.0
1641454200000,43186.4,43217.1,43035.3,43053.3,74091.0
1641455100000,43053.3,43249.0,43017.5,43228.5,81811.0
1641456000000,43225.0,43247.6,43067.6,43094.3,103533.0
1641456900000,43095.7,43216.0,42976.1,43083.4,101521.0
1641457800000,43083.4,43100.0,42917.2,42965.3,113692.0
1641458700000,42965.4,43082.1,42922.5,43053.5,77585.0
1641459600000,43053.6,43080.9,42864.8,42940.2,77266.0
1641460500000,42944.2,43000.0,42709.3,42762.0,98749.0
1641461400000,42761.6,42915.6,42512.0,42800.0,233194.0
1641462300000,42800.0,42876.6,42406.4,42612.0,215606.0
1641463200000,42612.0,42773.2,42588.0,42667.9,98122.0
1641464100000,42668.0,42858.6,42580.0,42836.0,108523.0
1641465000000,42835.9,42948.0,42760.1,42762.9,104322.0
1641465900000,42763.0,42950.0,42744.5,42891.6,92808.0
1641466800000,42891.6,42957.5,42825.1,42941.9,90317.0
1641467700000,42942.9,42958.0,42800.0,42816.6,62668.0
1641468600000,42816.6,42895.5,42700.0,42700.0,67873.0
1641469500000,42700.0,42944.0,42700.0,42874.5,67966.0
1641470400000,42874.4,42948.0,42756.0,42761.0,74857.0
1641471300000,42761.0,42855.0,42638.8,42662.8,80810.0
1641472200000,42662.9,42832.6,42658.9,42767.0,74612.0
1641473100000,42767.0,43074.5,42750.0,43061.1,125916.0
1641474000000,43065.1,43198.8,43004.8,43048.0,142713.0
1641474900000,43044.7,43097.0,42930.0,43000.0,108944.0
1641475800000,43000.0,43021.0,42904.2,42996.2,48290.0
1641476700000,42996.2,43184.6,42954.9,43135.3,85721.0
1641477600000,43137.9,43185.7,43012.1,43019.3,101401.0
1641478500000,43019.4,43036.9,42855.6,42875.5,75387.0
1641479400000,42878.1,43233.3,42878.1,43116.9,134011.0
1641480300000,43117.0,43129.0,42769.8,42804.3,200359.0
1641481200000,42805.2,42874.8,42658.1,42732.9,160444.0
1641482100000,42735.9,42930.0,42716.0,42865.1,125186.0
1641483000000,42865.2,43000.0,42825.4,42874.0,81724.0
1641483900000,42871.6,43019.7,42840.0,42944.7,99907.0
1641484800000,42944.7,43046.5,42880.5,42996.0,77122.0
1641485700000,42995.9,43092.1,42829.4,42855.0,84443.0
1641486600000,42854.9,42960.7,42751.1,42892.7,76424.0
1641487500000,42892.7,42922.1,42798.3,42886.8,52241.0
1641488400000,42890.0,43011.5,42850.4,42851.8,51521.0
1641489300000,42851.7,43054.0,42794.3,43053.1,62190.0
1641490200000,43053.2,43159.0,42980.7,43146.2,70244.0
1641491100000,43148.3,43172.6,42994.2,43006.6,49276.0
1641492000000,43006.6,43181.5,42979.1,43145.2,38679.0
1641492900000,43141.4,43155.0,43007.7,43049.6,32427.0
1641493800000,43049.6,43180.1,43029.0,43177.5,29342.0
1641494700000,43182.5,43400.6,43132.2,43357.2,116592.0
1641495600000,43360.3,43431.2,43222.2,43320.0,61687.0
1641496500000,43311.2,43444.0,43292.9,43363.9,41412.0
1641497400000,43363.8,43457.7,43310.1,43444.3,53664.0
1641498300000,43441.5,43496.5,43414.4,43426.1,29736.0
1641499200000,43426.0,43568.0,43377.9,43377.9,52123.0
1641500100000,43383.9,43394.1,43150.0,43312.9,59421.0
1641501000000,43310.3,43327.8,43110.6,43217.0,51369.0
1641501900000,43217.0,43242.9,43110.6,43211.7,33435.0
1641502800000,43220.6,43237.5,43117.1,43149.1,27785.0
1641503700000,43149.0,43235.6,43080.0,43192.8,41549.0
1641504600000,43192.8,43244.8,43121.4,43121.4,21255.0
1641505500000,43121.4,43180.7,43075.3,43118.4,30161.0
1641506400000,43121.8,43172.2,43030.3,43031.1,19873.0
1641507300000,43031.0,43163.7,43003.9,43144.6,35446.0
1641508200000,43135.9,43234.9,43105.0,43108.5,12035.0
1641509100000,43108.6,43185.7,43108.5,43173.9,7871.0
1641510000000,43174.0,43193.2,43090.4,43142.8,28729.0
1641510900000,43147.1,43159.9,43055.6,43156.3,23849.0
1641511800000,43156.2,43242.5,43100.0,43210.4,32716.0
1641512700000,43210.4,43227.5,43093.1,43093.1,33205.0
1641513600000,43088.5,43146.1,42888.8,42921.6,77725.0
1641514500000,42921.6,42995.7,42832.9,42898.9,53170.0
1641515400000,42898.8,42927.9,42732.0,42772.5,90332.0
1641516300000,42770.0,42880.0,42766.0,42793.8,41237.0
1641517200000,42793.8,42988.0,42793.7,42927.3,66143.0
1641518100000,42927.3,43000.0,42810.0,42983.0,43923.0
1641519000000,42983.0,43039.4,42922.0,42949.1,51297.0
1641519900000,42949.9,43035.1,42935.9,43005.9,42085.0
1641520800000,43005.9,43030.0,42856.9,42872.6,35148.0
1641521700000,42872.6,42957.6,42868.8,42935.9,28617.0
1641522600000,42935.9,42965.0,42781.1,42816.6,45665.0
1641523500000,42816.6,42873.0,42780.0,42802.6,42674.0
1641524400000,42802.7,42840.1,42678.0,42773.5,87967.0
1641525300000,42773.4,42816.3,42100.0,42283.7,472532.0
1641526200000,42283.7,42321.6,41516.1,41853.7,775696.0
1641527100000,41858.6,42000.0,41758.2,41810.3,212738.0
1641528000000,41810.3,41913.6,41633.3,41760.8,191520.0
1641528900000,41757.9,41760.8,41200.0,41471.4,514769.0
1641529800000,41471.3,41471.3,40950.9,41441.8,448340.0
1641530700000,41441.9,41766.0,41422.5,41695.3,290493.0
1641531600000,41695.2,41755.0,41531.9,41733.0,143472.0
1641532500000,41732.9,41880.0,41719.9,41789.9,119912.0
1641533400000,41789.8,41938.2,41679.7,41728.0,126809.0
1641534300000,41728.0,41885.4,41641.0,41855.3,104778.0
1641535200000,41858.1,41858.1,41630.0,41669.9,60797.0
1641536100000,41669.9,41785.6,41535.7,41657.3,111079.0
1641537000000,41657.3,41734.8,41450.0,41541.3,148200.0
1641537900000,41541.4,41575.9,41420.0,41539.2,89586.0
1641538800000,41539.2,41554.9,41224.8,41275.4,202522.0
1641539700000,41270.2,41619.4,41264.9,41618.9,146136.0
1641540600000,41619.0,41693.2,41422.3,41469.2,105141.0
1641541500000,41472.7,41730.0,41466.6,41700.1,109140.0
1641542400000,41711.7,41790.0,41612.7,41746.1,76350.0
1641543300000,41748.6,42950.0,41658.8,42285.5,632553.0
1641544200000,42285.5,42585.1,42121.0,42202.7,297767.0
1641545100000,42201.6,42249.9,42061.1,42095.4,119504.0
1641546000000,42095.4,42365.3,42077.4,42345.6,96053.0
1641546900000,42345.7,42543.1,42242.0,42411.2,114453.0
1641547800000,42411.2,42625.0,42403.3,42459.1,109839.0
1641548700000,42459.2,42513.6,42380.0,42419.9,52131.0
1641549600000,42417.2,42536.5,42372.4,42451.5,54347.0
1641550500000,42450.1,42469.5,42333.3,42341.5,51498.0
1641551400000,42341.5,42387.4,42280.0,42327.4,56963.0
1641552300000,42327.5,42354.0,42160.6,42173.0,50647.0
1641553200000,42173.0,42315.0,42168.6,42273.3,74083.0
1641554100000,42273.2,42349.0,42236.7,42258.0,33829.0
1641555000000,42257.9,42283.2,42188.1,42254.0,38177.0
1641555900000,42257.1,42309.5,42203.5,42258.4,30544.0
1641556800000,42258.4,42369.9,42258.4,42351.0,48027.0
1641557700000,42351.1,42458.4,42302.7,42439.6,57064.0
1641558600000,42439.6,42493.9,42384.9,42460.5,49430.0
1641559500000,42460.4,42480.0,42353.9,42391.2,36329.0
1641560400000,42391.2,42474.9,42168.6,42241.0,77388.0
1641561300000,42237.1,42333.0,42175.0,42305.9,57395.0
1641562200000,42296.2,42777.0,41130.0,41416.4,938712.0
1641563100000,41421.7,41744.9,41285.0,41489.2,310778.0
1641564000000,41491.0,41731.9,41394.6,41716.7,146622.0
1641564900000,41716.8,41875.2,41650.1,41860.5,128404.0
1641565800000,41861.9,42008.6,41593.5,41980.1,193091.0
1641566700000,41980.0,42129.8,41882.6,41893.8,166687.0
1641567600000,41893.8,41911.5,41526.1,41583.8,165180.0
1641568500000,41583.8,41688.0,41418.8,41595.6,118885.0
1641569400000,41591.3,41669.7,41180.0,41265.5,218181.0
1641570300000,41260.1,41470.5,40550.0,41314.0,604783.0
1641571200000,41314.0,41549.6,41047.5,41197.9,295087.0
1641572100000,41201.4,41847.9,40914.8,41700.5,453480.0
1641573000000,41703.1,41800.0,41557.5,41730.6,133049.0
1641573900000,41730.6,42369.7,41651.3,42145.6,231228.0
1641574800000,42145.1,42172.3,41936.8,41993.2,92327.0
1641575700000,41993.3,42049.9,41793.1,41921.3,80056.0
1641576600000,41921.2,41921.2,41774.8,41888.3,44478.0
1641577500000,41888.3,42017.6,41868.9,42001.8,34473.0
1641578400000,42000.8,42006.6,41868.9,41921.1,47064.0
1641579300000,41921.1,41994.5,41651.4,41672.0,57140.0
1641580200000,41675.4,41842.2,41672.4,41689.1,40726.0
1641581100000,41685.0,41728.2,41527.3,41708.6,51085.0
1641582000000,41708.7,41771.8,41526.3,41549.2,61069.0
1641582900000,41549.2,41724.9,41549.2,41724.9,39284.0
1641583800000,41729.1,41833.1,41692.5,41785.0,40920.0
1641584700000,41788.2,41898.8,41725.6,41772.1,40594.0
1641585600000,41776.9,41948.7,41707.7,41730.0,54655.0
1641586500000,41730.0,41755.8,41583.1,41683.9,49264.0
1641587400000,41687.7,41907.4,41660.0,41854.3,35495.0
1641588300000,41854.4,42059.9,41803.5,41918.2,59765.0
1641589200000,41923.2,42037.2,41884.2,41884.3,26111.0
1641590100000,41884.3,41985.7,41860.0,41868.2,17759.0
1641591000000,41868.2,41970.3,41852.0,41931.2,19241.0
1641591900000,41928.9,41967.0,41873.6,41888.4,15541.0
1641592800000,41880.1,41880.1,41707.7,41707.7,28747.0
1641593700000,41706.6,41847.9,41692.1,41786.1,27229.0
1641594600000,41786.1,41786.1,41559.4,41577.7,16412.0
1641595500000,41577.7,41657.1,41364.2,41546.5,51252.0
1641596400000,41546.6,41602.0,41446.9,41481.6,46978.0
1641597300000,41481.6,41545.4,41340.1,41500.0,52588.0
1641598200000,41500.0,41593.9,41500.0,41570.8,22139.0
1641599100000,41570.8,41580.0,41438.1,41569.6,25126.0
1641600000000,41571.1,41753.8,41571.1,41719.1,79359.0
1641600900000,41719.2,41839.9,41705.1,41793.0,45026.0
1641601800000,41795.8,41834.1,41704.6,41808.5,26972.0
1641602700000,41808.6,42132.2,41796.2,42005.3,105010.0
1641603600000,41998.3,42248.0,41939.3,42188.4,106450.0
1641604500000,42188.5,42188.5,41940.4,42009.9,60136.0
1641605400000,42009.9,42055.6,41940.0,42020.0,32407.0
1641606300000,42020.0,42063.1,41845.4,41893.5,41168.0
1641607200000,41889.9,41945.0,41802.5,41867.1,41743.0
1641608100000,41867.0,41915.2,41797.4,41825.9,32586.0
1641609000000,41825.7,41825.8,41689.9,41730.9,38787.0
1641609900000,41730.9,41888.7,41730.9,41881.7,38677.0
1641610800000,41881.7,41900.0,41819.8,41843.0,26011.0
1641611700000,41839.3,41853.0,41644.8,41761.7,51613.0
1641612600000,41761.7,41849.0,41699.6,41800.1,32158.0
1641613500000,41806.5,41863.9,41701.9,41805.0,37806.0
1641614400000,41804.9,41895.1,41787.3,41819.0,35515.0
1641615300000,41826.3,41882.3,41787.9,41835.1,23798.0
1641616200000,41832.3,41995.0,41754.4,41941.2,53155.0
1641617100000,41941.2,41980.0,41886.0,41893.9,35459.0
1641618000000,41893.8,41916.6,41840.0,41914.0,30328.0
1641618900000,41914.0,41950.0,41864.7,41941.6,30501.0
1641619800000,41941.7,41951.6,41830.0,41868.1,33189.0
1641620700000,41868.1,41981.6,41828.8,41953.9,45638.0
1641621600000,41953.9,41974.9,41861.7,41880.3,28514.0
1641622500000,41881.2,41945.9,41857.0,41862.8,21127.0
1641623400000,41862.8,41864.0,41739.8,41826.4,47631.0
1641624300000,41826.4,41932.9,41718.1,41913.6,40265.0
1641625200000,41913.6,41957.0,41876.9,41905.3,34818.0
1641626100000,41905.4,41918.3,41832.4,41889.0,20449.0
1641627000000,41889.0,41955.0,41841.3,41866.3,54888.0
1641627900000,41866.2,41949.9,41844.7,41911.5,20252.0
1641628800000,41911.5,42175.4,41911.5,42118.4,106813.0
1641629700000,42118.4,42120.0,41972.6,41986.8,51623.0
1641630600000,41986.7,42027.2,41888.0,41928.5,72087.0
1641631500000,41928.5,42022.0,41919.1,41955.5,44831.0
1641632400000,41955.4,42105.1,41955.4,42099.0,54197.0
1641633300000,42099.9,42099.9,41969.7,42005.5,31899.0
1641634200000,42003.1,42152.9,41947.5,42110.0,58047.0
1641635100000,42110.0,42150.0,42066.1,42150.0,35696.0
1641636000000,42149.9,42194.8,42052.3,42107.4,36046.0
1641636900000,42100.6,42100.6,42014.0,42093.8,24736.0
1641637800000,42093.7,42142.0,41977.8,42014.5,39023.0
1641638700000,42014.6,42014.6,41800.0,41920.2,87436.0
1641639600000,41920.2,41932.4,41779.4,41826.1,62557.0
1641640500000,41826.0,41886.3,41785.9,41844.6,34393.0
1641641400000,41844.7,41913.7,41764.4,41902.7,34414.0
1641642300000,41904.9,41975.6,41880.0,41943.0,29804.0
1641643200000,41942.9,42062.0,41894.0,42001.6,44355.0
1641644100000,42001.5,42001.5,41852.0,41910.2,30856.0
1641645000000,41910.2,41919.2,41780.0,41784.0,46487.0
1641645900000,41784.0,41910.0,41784.0,41886.8,27504.0
1641646800000,41886.9,41942.0,41811.1,41856.1,27660.0
1641647700000,41856.2,41928.8,41619.4,41904.6,101422.0
1641648600000,41904.7,41963.0,41833.0,41915.8,48572.0
1641649500000,41915.7,42040.0,41860.0,41909.1,76391.0
1641650400000,41909.0,41986.6,41890.4,41977.7,24660.0
1641651300000,41977.7,41998.7,41850.0,41893.0,40109.0
1641652200000,41893.0,41918.4,41790.0,41854.0,36474.0
1641653100000,41854.0,41887.4,41725.1,41747.1,43491.0
1641654000000,41754.4,41807.6,41433.9,41599.7,279028.0
1641654900000,41599.6,41716.4,41586.2,41639.3,57393.0
1641655800000,41639.3,41691.7,41521.3,41682.9,56326.0
1641656700000,41682.9,41728.9,41576.6,41622.1,42345.0
1641657600000,41622.1,41737.6,41522.9,41720.0,89422.0
1641658500000,41720.1,41742.0,41488.0,41540.0,69862.0
1641659400000,41537.7,41539.1,41307.9,41450.7,138323.0
1641660300000,41450.7,41537.2,41245.7,41354.4,166144.0
1641661200000,41354.4,41415.7,41133.0,41184.2,206348.0
1641662100000,41184.2,41375.3,41184.2,41279.5,80857.0
1641663000000,41279.5,41279.5,40966.2,41125.0,181952.0
1641663900000,41125.0,41319.9,40805.4,40855.0,227928.0
1641664800000,40855.9,41137.7,40585.1,40814.4,391071.0
1641665700000,40816.8,41333.0,40743.7,41126.7,271850.0
1641666600000,41126.7,41235.0,40980.8,41001.0,92876.0
1641667500000,41001.0,41089.0,40640.6,40689.2,119205.0
1641668400000,40689.1,41124.1,40518.0,41024.3,257807.0
1641669300000,41028.0,41063.9,40669.0,40818.2,119398.0
1641670200000,40818.2,41000.0,40744.3,40764.7,81650.0
1641671100000,40766.9,40948.4,40709.4,40843.4,102545.0
1641672000000,40843.3,40985.0,40741.1,40800.8,91287.0
1641672900000,40797.8,41062.7,40735.7,41016.3,62511.0
1641673800000,41016.2,41200.0,40955.7,41028.1,75108.0
1641674700000,41028.4,41060.0,40916.9,40980.0,25948.0
1641675600000,40984.5,41177.1,40940.0,41157.3,42393.0
1641676500000,41162.4,41456.1,41101.3,41421.3,103773.0
1641677400000,41421.2,42088.0,41389.1,41951.1,251549.0
1641678300000,41951.1,42035.0,41730.0,41782.4,111452.0
1641679200000,41780.4,42100.0,41750.0,41982.6,73738.0
1641680100000,41980.3,42319.7,41931.1,42304.3,96062.0
1641681000000,42304.1,42304.2,42053.9,42175.2,39612.0
1641681900000,42175.2,42189.9,41880.0,41920.9,55693.0
1641682800000,41920.9,41959.0,41826.6,41871.0,54125.0
1641683700000,41876.8,41942.0,41786.7,41798.6,43659.0
1641684600000,41798.6,41900.0,41777.0,41868.6,34875.0
1641685500000,41868.5,41878.2,41661.5,41688.0,57400.0
1641686400000,41690.7,41697.5,41389.6,41599.9,146340.0
1641687300000,41600.0,41673.0,41465.0,41477.4,45567.0
1641688200000,41480.6,41629.0,41473.7,41583.2,40358.0
1641689100000,41583.5,41827.4,41583.5,41775.0,73675.0
1641690000000,41776.0,41919.2,41683.8,41765.0,63436.0
1641690900000,41765.0,41785.5,41601.9,41623.4,40775.0
1641691800000,41626.0,41762.5,41600.0,41643.6,37952.0
1641692700000,41643.5,41846.5,41622.6,41802.3,51734.0
1641693600000,41802.3,41910.0,41779.2,41851.1,54602.0
1641694500000,41851.2,42000.0,41835.8,41998.9,72953.0
1641695400000,41998.9,42135.6,41927.9,42090.7,54121.0
1641696300000,42090.8,42169.3,42050.0,42095.9,85201.0
1641697200000,42095.9,42095.9,41932.0,41954.7,45580.0
1641698100000,41961.3,42036.2,41902.0,41987.5,33279.0
1641699000000,41987.5,41987.5,41833.0,41848.7,44973.0
1641699900000,41851.2,41886.0,41792.1,41836.0,47652.0
1641700800000,41833.0,41935.6,41805.4,41899.7,48324.0
1641701700000,41899.7,41998.8,41868.2,41956.9,43301.0
1641702600000,41958.9,42023.9,41940.0,41940.0,41198.0
1641703500000,41937.9,42085.0,41935.5,42071.0,43626.0
1641704400000,42070.9,42080.7,41966.1,41977.9,28289.0
1641705300000,41977.9,41977.9,41800.0,41853.1,61395.0
1641706200000,41853.2,41905.2,41800.0,41868.6,32870.0
1641707100000,41868.6,41878.9,41705.8,41763.6,61770.0
1641708000000,41763.5,41813.0,41680.1,41802.6,45698.0
1641708900000,41802.6,41817.0,41717.7,41797.0,27425.0
1641709800000,41797.0,41927.5,41766.2,41899.4,33330.0
1641710700000,41899.4,41942.3,41832.9,41865.9,28684.0
1641711600000,41865.9,41900.0,41810.0,41878.2,24087.0
1641712500000,41878.2,41883.9,41829.2,41853.0,17346.0
1641713400000,41854.5,41859.9,41771.1,41771.1,26710.0
1641714300000,41771.4,41844.7,41771.4,41792.2,20715.0
1641715200000,41789.3,41945.0,41789.1,41837.1,40225.0
1641716100000,41837.1,41848.6,41642.9,41650.9,67751.0
1641717000000,41650.9,41767.3,41615.8,41733.0,42703.0
1641717900000,41733.0,41791.6,41655.0,41669.4,27143.0
1641718800000,41669.3,41773.8,41650.0,41670.2,30502.0
1641719700000,41670.2,41692.6,41468.0,41560.1,84257.0
1641720600000,41560.1,41688.3,41540.0,41604.6,55088.0
1641721500000,41604.6,41673.2,41480.1,41517.5,50750.0
1641722400000,41517.4,41593.5,41415.0,41481.8,67574.0
1641723300000,41485.0,41560.7,41415.1,41551.3,53687.0
1641724200000,41551.3,41738.9,41530.3,41718.0,52203.0
1641725100000,41718.0,41718.1,41623.0,41658.2,34034.0
1641726000000,41658.3,42000.0,41658.2,41893.9,142914.0
1641726900000,41894.0,41934.0,41777.0,41824.6,57963.0
1641727800000,41824.6,41895.0,41778.7,41810.5,35105.0
1641728700000,41810.5,41880.0,41800.0,41870.2,25808.0
1641729600000,41867.8,41924.9,41702.0,41751.1,66244.0
1641730500000,41751.1,41780.0,41685.3,41755.0,42190.0
1641731400000,41756.5,41856.4,41720.5,41813.8,25406.0
1641732300000,41813.8,41854.2,41738.1,41746.1,21911.0
1641733200000,41748.3,41820.0,41693.6,41801.3,24942.0
1641734100000,41801.3,41921.2,41570.4,41585.1,86620.0
1641735000000,41585.2,41718.1,41527.9,41632.3,88133.0
1641735900000,41632.3,41678.8,41488.0,41488.1,77179.0
1641736800000,41488.1,41665.6,41488.0,41649.9,62322.0
1641737700000,41649.9,41708.0,41571.2,41606.2,26418.0
1641738600000,41600.1,41749.9,41575.0,41726.9,35236.0
1641739500000,41727.0,41740.0,41550.0,41550.0,34151.0
1641740400000,41550.0,41609.4,41442.0,41456.4,46848.0
1641741300000,41456.4,41544.9,41188.0,41500.0,235261.0
1641742200000,41498.7,41692.7,41492.5,41537.2,104483.0
1641743100000,41537.2,41648.3,41478.2,41626.1,59024.0
1641744000000,41630.2,41682.8,41563.0,41563.0,53184.0
1641744900000,41563.0,41759.0,41557.7,41734.1,52588.0
1641745800000,41734.0,41870.6,41727.4,41763.4,64958.0
1641746700000,41763.4,42149.9,41756.5,42141.6,180420.0
1641747600000,42144.8,42200.0,41962.2,41993.1,103499.0
1641748500000,41994.2,42146.3,41989.9,42034.9,76103.0
1641749400000,42034.9,42126.1,41927.4,41966.3,52168.0
1641750300000,41966.3,42107.3,41874.3,42090.0,65126.0
1641751200000,42089.9,42123.9,42018.1,42024.9,40946.0
1641752100000,42024.9,42284.6,42004.2,42233.0,56805.0
1641753000000,42230.6,42264.8,42027.2,42058.1,60345.0
1641753900000,42058.2,42111.7,41902.0,41959.0,41354.0
1641754800000,41959.9,42106.9,41924.0,42063.2,38016.0
1641755700000,42066.2,42663.1,42040.1,42595.2,208863.0
1641756600000,42595.3,42668.0,42450.0,42488.9,113030.0
1641757500000,42489.0,42737.2,42456.4,42675.9,74890.0
1641758400000,42681.9,42770.0,42543.0,42581.6,72147.0
1641759300000,42581.6,42640.0,42470.1,42478.8,55652.0
1641760200000,42478.8,42505.5,42380.0,42380.0,29353.0
1641761100000,42377.4,42499.9,42365.0,42431.2,23233.0
1641762000000,42426.6,42530.3,42411.5,42436.6,22248.0
1641762900000,42436.7,42505.4,42373.0,42399.4,20080.0
1641763800000,42399.4,42410.7,42313.7,42319.6,22644.0
1641764700000,42316.5,42380.6,42274.3,42300.2,21285.0
1641765600000,42300.1,42444.3,42285.3,42439.6,22192.0
1641766500000,42438.8,42479.0,42400.9,42423.3,19152.0
1641767400000,42421.3,42422.4,42320.0,42387.1,13851.0
1641768300000,42390.4,42390.4,42080.0,42188.1,52474.0
1641769200000,42189.0,42278.3,41927.8,41979.4,112356.0
1641770100000,41984.0,41995.7,41764.7,41818.0,89305.0
1641771000000,41817.9,41926.1,41762.7,41914.8,56012.0
1641771900000,41914.8,41939.9,41824.4,41849.9,33933.0
1641772800000,41849.9,41949.5,41701.0,41942.0,92283.0
1641773700000,41942.0,42033.0,41880.1,41953.4,50464.0
1641774600000,41953.4,41953.4,41661.6,41705.7,86606.0
1641775500000,41705.7,41788.6,41604.0,41655.9,76124.0
1641776400000,41655.8,41795.9,41600.0,41738.8,68076.0
1641777300000,41740.9,41742.3,41654.9,41741.4,29776.0
1641778200000,41741.4,41821.3,41650.0,41669.5,41537.0
1641779100000,41669.5,41856.8,41669.4,41820.1,33267.0
1641780000000,41820.1,41859.0,41743.4,41769.6,26856.0
1641780900000,41769.6,41913.5,41724.5,41898.0,38028.0
1641781800000,41898.0,41977.8,41861.4,41948.7,48413.0
1641782700000,41948.7,41999.8,41929.2,41933.5,34783.0
1641783600000,41933.5,41933.5,41872.0,41923.5,25045.0
1641784500000,41923.5,41969.9,41872.6,41938.1,22241.0
1641785400000,41938.1,41984.5,41926.4,41939.8,21634.0
1641786300000,41939.9,41974.9,41912.0,41964.4,27095.0
1641787200000,41962.9,41990.0,41927.5,41990.0,21332.0
1641788100000,41990.0,42164.4,41990.0,42120.7,107078.0
1641789000000,42120.8,42198.0,42085.0,42087.7,52090.0
1641789900000,42087.8,42237.5,42087.6,42178.0,47772.0
1641790800000,42178.0,42212.2,42107.4,42112.6,33967.0
1641791700000,42115.4,42187.9,42110.4,42110.4,24742.0
1641792600000,42110.1,42114.6,41956.4,41967.2,58124.0
1641793500000,41967.2,42044.8,41966.8,42027.9,26174.0
1641794400000,42026.5,42026.5,41828.4,41889.2,56118.0
1641795300000,41890.9,41979.3,41830.0,41956.5,58255.0
1641796200000,41956.5,42049.9,41914.0,41917.8,42790.0
1641797100000,41917.8,41960.0,41911.0,41933.0,17368.0
1641798000000,41933.0,42153.7,41920.9,42065.8,90211.0
1641798900000,42065.8,42070.1,41910.0,42019.5,50372.0
1641799800000,42019.6,42060.8,41940.0,41950.7,25634.0
1641800700000,41950.8,42060.2,41920.6,42048.2,35653.0
1641801600000,42048.2,42113.4,41921.1,41934.4,51804.0
1641802500000,41934.4,41985.3,41829.0,41916.4,61167.0
1641803400000,41916.4,41929.4,41734.2,41769.6,76643.0
1641804300000,41769.6,41828.2,41721.9,41814.5,47201.0
1641805200000,41814.5,41848.8,41724.3,41792.7,54721.0
1641806100000,41792.7,41911.8,41792.6,41885.7,32341.0
1641807000000,41885.7,41931.9,41828.1,41858.4,27770.0
1641807900000,41858.3,41897.6,41791.2,41807.5,25517.0
1641808800000,41803.9,41910.0,41750.0,41907.7,37777.0
1641809700000,41904.1,41995.1,41861.5,41874.5,42371.0
1641810600000,41873.5,41966.0,41845.2,41860.0,36531.0
1641811500000,41858.4,41920.0,41777.0,41783.3,40394.0
1641812400000,41783.4,41796.8,41555.5,41635.9,163667.0
1641813300000,41640.3,41701.6,41506.9,41639.9,98398.0
1641814200000,41639.9,41684.9,41550.0,41576.5,60835.0
1641815100000,41578.2,41629.7,41450.0,41568.5,73996.0
1641816000000,41568.5,41617.4,41363.0,41389.2,116709.0
1641816900000,41389.2,41493.8,41301.0,41454.7,134405.0
1641817800000,41454.7,41480.0,41234.0,41246.8,119758.0
1641818700000,41249.6,41314.0,40936.1,40950.3,287513.0
1641819600000,40950.2,41065.0,40868.0,40912.1,183015.0
1641820500000,40912.1,40981.6,40750.0,40867.0,186879.0
1641821400000,40864.0,41013.7,40832.0,40846.7,99421.0
1641822300000,40846.6,40885.2,40726.1,40778.3,124065.0
1641823200000,40778.3,40797.5,40570.0,40724.4,189535.0
1641824100000,40724.4,40738.7,39700.0,39883.1,1213430.0
1641825000000,39883.2,40979.9,39621.4,40670.3,811450.0
1641825900000,40670.4,41298.1,40400.0,40795.0,705020.0
1641826800000,40795.0,40950.0,40551.0,40671.0,284537.0
1641827700000,40673.4,40909.1,40578.0,40835.3,160615.0
1641828600000,40835.3,41210.0,40760.1,41004.8,282095.0
1641829500000,41004.8,41019.0,40752.5,40971.5,205325.0
1641830400000,40971.6,41166.1,40840.6,41134.4,137524.0
1641831300000,41134.3,41997.0,41064.0,41717.3,683545.0
1641832200000,41717.3,41975.7,41552.1,41700.2,274723.0
1641833100000,41700.2,41939.9,41603.8,41907.9,132209.0
1641834000000,41907.8,42123.0,41661.0,41669.8,259294.0
1641834900000,41669.9,41722.0,40865.1,41120.3,425770.0
1641835800000,41125.7,41129.4,40550.0,40687.1,404102.0
1641836700000,40684.8,41500.0,40639.0,41192.1,450013.0
1641837600000,41192.1,41331.7,41117.7,41239.7,116793.0
1641838500000,41239.6,41449.2,41163.7,41303.0,87775.0
1641839400000,41302.9,41732.4,41282.0,41596.1,193876.0
1641840300000,41589.8,41727.5,41467.2,41610.2,69789.0
1641841200000,41605.1,41706.3,41469.6,41577.8,75959.0
1641842100000,41574.3,41671.1,41416.1,41529.0,45870.0
1641843000000,41529.0,41654.3,41430.5,41523.3,34521.0
1641843900000,41520.1,41562.1,41235.7,41296.2,72583.0
1641844800000,41298.6,41486.9,41162.2,41244.5,83451.0
1641845700000,41250.2,41436.6,41192.3,41359.1,56831.0
1641846600000,41359.1,41634.7,41272.0,41461.6,72701.0
1641847500000,41461.5,41783.9,41409.6,41710.5,79323.0
1641848400000,41712.3,41999.0,41660.2,41865.2,125369.0
1641849300000,41863.6,41863.6,41650.0,41753.4,43098.0
1641850200000,41753.3,41791.6,41661.5,41680.0,31306.0
1641851100000,41677.6,41713.1,41569.7,41709.2,38154.0
1641852000000,41704.7,41841.9,41704.7,41823.3,30674.0
1641852900000,41823.3,41823.3,41516.2,41703.4,29132.0
1641853800000,41703.3,41740.0,41586.5,41694.5,11350.0
1641854700000,41694.4,41694.4,41529.6,41600.0,21793.0
1641855600000,41600.0,41749.6,41511.4,41716.0,56784.0
1641856500000,41716.0,41809.9,41673.7,41791.8,34090.0
1641857400000,41796.3,41885.9,41781.3,41860.9,52053.0
1641858300000,41860.8,41860.8,41758.9,41824.7,29016.0
1641859200000,41814.2,41877.0,41681.1,41745.7,53124.0
1641860100000,41745.7,41748.6,41662.0,41682.2,33188.0
1641861000000,41680.1,41755.0,41631.8,41706.2,50783.0
1641861900000,41704.8,41761.9,41588.9,41593.8,39295.0
1641862800000,41593.9,41697.7,41540.8,41617.1,44522.0
1641863700000,41617.0,41819.1,41576.3,41799.5,61050.0
1641864600000,41799.1,42087.0,41787.1,41889.5,185798.0
1641865500000,41889.4,41942.6,41822.3,41929.4,33741.0
1641866400000,41929.4,41948.0,41820.3,41867.5,33007.0
1641867300000,41867.5,42200.0,41867.5,42157.0,117177.0
1641868200000,42157.0,42275.0,42095.0,42178.3,117841.0
1641869100000,42178.3,42389.0,42150.4,42169.0,184462.0
1641870000000,42168.9,42190.0,42049.5,42073.6,70052.0
1641870900000,42073.6,42157.2,42060.8,42123.4,30456.0
1641871800000,42126.8,42230.0,42116.4,42188.8,34500.0
1641872700000,42187.0,42266.8,42178.7,42266.8,42111.0
1641873600000,42266.8,42340.0,42120.0,42141.5,57293.0
1641874500000,42141.5,42257.3,42123.4,42252.6,82890.0
1641875400000,42252.7,42354.0,42229.8,42232.9,64309.0
1641876300000,42232.8,42356.0,42147.5,42295.0,86247.0
1641877200000,42295.0,42299.7,42180.1,42198.1,43010.0
1641878100000,42198.1,42199.6,42020.2,42023.2,65530.0
1641879000000,42022.2,42179.1,42022.2,42122.1,45861.0
1641879900000,42122.1,42168.5,42085.5,42108.7,25866.0
1641880800000,42108.1,42229.8,42085.9,42226.2,44549.0
1641881700000,42226.2,42228.3,42104.4,42107.5,30866.0
1641882600000,42107.5,42158.7,42055.0,42056.1,40569.0
1641883500000,42056.2,42110.8,41980.0,42110.8,54436.0
1641884400000,42114.4,42201.7,42083.6,42152.6,42474.0
1641885300000,42152.6,42224.0,42152.6,42196.6,41252.0
1641886200000,42199.7,42205.7,42099.1,42116.4,34991.0
1641887100000,42114.2,42292.4,42092.1,42200.2,54762.0
1641888000000,42200.1,42330.0,42187.4,42304.1,94224.0
1641888900000,42304.2,42700.0,42215.7,42222.1,240079.0
1641889800000,42222.0,42250.0,41958.0,42018.6,234185.0
1641890700000,42018.7,42064.4,41945.0,41997.3,93884.0
1641891600000,41997.3,42056.0,41846.8,41904.6,93775.0
1641892500000,41904.6,42048.8,41888.0,42021.6,70417.0
1641893400000,42024.7,42118.2,42022.9,42102.0,59443.0
1641894300000,42102.1,42149.9,41956.3,41991.0,87234.0
1641895200000,41991.0,42073.8,41960.0,41960.1,47922.0
1641896100000,41960.1,41960.1,41780.0,41812.4,138835.0
1641897000000,41812.4,41824.7,41715.0,41795.4,83299.0
1641897900000,41795.4,41800.0,41588.0,41633.3,107681.0
1641898800000,41633.3,41827.8,41602.1,41772.5,121191.0
1641899700000,41772.5,41817.1,41707.3,41801.1,45001.0
1641900600000,41807.6,41939.9,41736.4,41782.9,95247.0
1641901500000,41781.8,41925.7,41781.8,41820.1,45163.0
1641902400000,41820.0,41924.1,41724.2,41894.8,69485.0
1641903300000,41894.8,41960.0,41827.5,41892.9,52735.0
1641904200000,41890.2,41934.4,41778.2,41906.7,47279.0
1641905100000,41906.7,41906.7,41807.6,41812.1,37117.0
1641906000000,41812.2,41878.4,41780.0,41857.9,48084.0
1641906900000,41857.9,41887.9,41686.7,41725.9,80894.0
1641907800000,41725.9,41803.5,41587.1,41587.1,85197.0
1641908700000,41587.8,41727.9,41587.7,41705.2,59711.0
1641909600000,41705.2,41820.0,41654.6,41767.8,56447.0
1641910500000,41767.8,41767.8,41368.0,41375.2,232531.0
1641911400000,41377.9,41529.9,41266.2,41435.9,246121.0
1641912300000,41435.9,41718.1,41383.3,41629.2,173621.0
1641913200000,41629.1,42222.0,41574.4,41928.1,421437.0
1641914100000,41933.6,41969.2,41730.0,41809.4,155731.0
1641915000000,41812.8,41970.0,41439.9,41500.0,242270.0
1641915900000,41499.9,41777.0,41473.9,41734.3,117060.0
1641916800000,41734.3,42174.4,41678.3,42162.9,276264.0
1641917700000,42162.9,42477.6,42152.8,42460.8,346531.0
1641918600000,42460.8,42923.0,42431.9,42784.9,350326.0
1641919500000,42784.9,42850.0,42633.0,42700.0,148081.0
1641920400000,42695.8,43100.0,42695.8,42973.0,233843.0
1641921300000,42977.2,43033.8,42307.0,42378.7,403028.0
1641922200000,42375.5,42617.2,42328.3,42544.1,114052.0
1641923100000,42544.1,42584.3,42421.8,42540.4,58945.0
1641924000000,42540.4,42548.6,42350.0,42482.8,58550.0
1641924900000,42482.7,42712.5,42433.2,42663.8,95961.0
1641925800000,42663.8,42862.2,42616.8,42838.8,87005.0
1641926700000,42838.9,42910.5,42700.0,42735.4,69349.0
1641927600000,42739.6,42764.4,42632.0,42745.5,55123.0
1641928500000,42748.9,42838.8,42672.3,42733.2,44327.0
1641929400000,42732.7,42831.2,42600.0,42798.4,42345.0
1641930300000,42798.8,43080.7,42798.8,42963.9,111379.0
1641931200000,42963.8,43089.8,42804.8,42831.1,75638.0
1641932100000,42827.9,42897.6,42791.8,42807.0,32335.0
1641933000000,42806.5,42899.8,42730.2,42800.3,40251.0
1641933900000,42806.6,42844.3,42684.4,42791.4,55501.0
1641934800000,42795.4,42804.5,42725.4,42725.4,26132.0
1641935700000,42721.6,42782.3,42679.4,42697.0,19241.0
1641936600000,42698.0,42745.7,42646.7,42710.5,25206.0
1641937500000,42714.9,42749.5,42644.0,42656.4,21583.0
1641938400000,42656.3,42703.2,42627.0,42637.0,17448.0
1641939300000,42636.5,42715.0,42601.1,42648.5,14513.0
1641940200000,42648.5,42698.0,42647.8,42650.1,10698.0
1641941100000,42650.0,42782.6,42646.5,42705.1,18410.0
1641942000000,42705.1,42877.7,42650.1,42865.5,44951.0
1641942900000,42865.6,42865.6,42745.0,42779.3,23472.0
1641943800000,42779.4,42813.4,42693.8,42780.9,30727.0
1641944700000,42780.8,42805.3,42632.0,42716.2,32337.0
1641945600000,42716.3,42942.0,42690.3,42927.8,70750.0
1641946500000,42926.4,42960.0,42713.8,42835.8,61562.0
1641947400000,42832.3,42843.9,42617.4,42625.8,48631.0
1641948300000,42625.7,42730.1,42573.1,42684.7,51198.0
1641949200000,42681.1,42771.0,42600.5,42627.2,43470.0
1641950100000,42627.1,42683.9,42568.0,42654.2,35558.0
1641951000000,42654.3,42700.0,42570.9,42593.5,28004.0
1641951900000,42593.5,42641.7,42571.8,42630.0,23740.0
1641952800000,42630.0,42694.0,42616.7,42643.1,21110.0
1641953700000,42643.1,42707.3,42580.1,42626.1,31531.0
1641954600000,42630.1,42636.3,42556.0,42559.5,36636.0
1641955500000,42559.4,42571.2,42458.8,42571.2,74816.0
1641956400000,42571.6,42587.7,42510.0,42550.6,23491.0
1641957300000,42550.6,42627.4,42542.8,42595.2,28711.0
1641958200000,42592.8,42664.9,42580.6,42631.0,33847.0
1641959100000,42630.9,42641.8,42572.8,42615.1,29311.0
1641960000000,42615.0,42743.9,42596.9,42704.6,52595.0
1641960900000,42704.6,42707.4,42578.6,42589.8,34153.0
1641961800000,42589.8,42589.9,42522.7,42589.3,31468.0
1641962700000,42589.3,42631.8,42546.2,42631.8,20549.0
1641963600000,42631.8,42706.9,42568.6,42703.1,28103.0
1641964500000,42703.1,42733.1,42668.0,42682.0,30888.0
1641965400000,42682.1,42742.0,42658.2,42738.8,25211.0
1641966300000,42738.8,42771.5,42672.3,42706.0,35065.0
1641967200000,42707.3,42745.3,42660.0,42703.6,35451.0
1641968100000,42703.6,42710.4,42624.1,42708.0,28908.0
1641969000000,42707.9,42871.5,42705.1,42717.3,92125.0
1641969900000,42717.4,42723.4,42605.1,42679.1,47448.0
1641970800000,42681.6,42681.6,42523.4,42524.9,45011.0
1641971700000,42525.7,42594.0,42467.4,42536.9,90458.0
1641972600000,42540.9,42637.0,42534.4,42603.2,43213.0
1641973500000,42603.3,42603.3,42543.7,42572.7,21060.0
1641974400000,42569.9,42692.0,42520.9,42692.0,51555.0
1641975300000,42691.9,42711.2,42601.9,42601.9,43939.0
1641976200000,42601.9,42654.5,42560.0,42581.1,43845.0
1641977100000,42581.2,42679.6,42581.2,42612.7,27657.0
1641978000000,42612.7,42734.7,42581.0,42653.3,52348.0
1641978900000,42653.3,42911.6,42631.5,42869.8,84693.0
1641979800000,42869.7,42880.1,42670.0,42676.1,67636.0
1641980700000,42676.1,42800.0,42634.8,42796.5,39234.0
1641981600000,42795.2,42981.9,42735.2,42977.5,111588.0
1641982500000,42977.6,42985.0,42837.5,42871.1,52896.0
1641983400000,42871.1,42900.0,42735.9,42778.9,39219.0
1641984300000,42778.9,42850.3,42755.0,42757.2,24574.0
1641985200000,42757.1,42817.3,42725.5,42779.3,26671.0
1641986100000,42772.3,42843.4,42747.0,42758.1,25850.0
1641987000000,42758.0,43450.0,42676.7,43111.7,554736.0
1641987900000,43111.6,43207.8,42878.5,42928.9,189439.0
1641988800000,42928.9,43039.6,42878.0,42893.5,88735.0
1641989700000,42893.4,43193.0,42881.2,43127.7,99193.0
1641990600000,43127.8,43278.7,43064.5,43076.0,126451.0
1641991500000,43076.1,43284.1,43016.4,43275.8,88972.0
1641992400000,43275.8,43390.0,43225.4,43245.0,132317.0
1641993300000,43245.0,43400.0,43180.1,43373.9,82922.0
1641994200000,43373.9,43972.6,43319.4,43929.6,675158.0
1641995100000,43929.7,44077.4,43795.1,43894.6,214923.0
1641996000000,43894.6,43944.0,43660.0,43717.7,135747.0
1641996900000,43717.6,43865.0,43712.7,43791.8,69475.0
1641997800000,43791.8,43921.0,43671.0,43723.1,149850.0
1641998700000,43724.0,43864.8,43680.5,43834.7,65582.0
1641999600000,43834.7,43925.0,43733.2,43897.7,72560.0
1642000500000,43897.6,43898.0,43766.0,43779.2,48689.0
1642001400000,43786.8,43800.0,43411.0,43538.5,202644.0
1642002300000,43538.6,43612.6,43466.6,43543.0,78663.0
1642003200000,43554.2,43686.9,43440.4,43475.1,98740.0
1642004100000,43475.1,43593.1,43322.8,43522.1,103559.0
1642005000000,43522.0,43668.0,43514.6,43620.4,58463.0
1642005900000,43620.4,43653.5,43560.5,43614.3,34880.0
1642006800000,43612.4,43620.9,43486.8,43557.9,33902.0
1642007700000,43556.2,43729.6,43556.2,43700.0,49502.0
1642008600000,43698.0,43776.9,43670.9,43700.2,41462.0
1642009500000,43700.9,43869.7,43697.7,43830.7,52401.0
1642010400000,43835.1,43884.9,43750.9,43773.0,32627.0
1642011300000,43773.0,43872.6,43620.0,43790.3,79583.0
1642012200000,43790.4,43836.6,43660.0,43673.6,29808.0
1642013100000,43673.6,43725.4,43571.7,43588.8,48145.0
1642014000000,43593.4,43614.7,43531.0,43610.9,37258.0
1642014900000,43614.4,43679.9,43542.6,43672.6,26698.0
1642015800000,43676.9,43676.9,43580.1,43586.9,24744.0
1642016700000,43587.0,43756.9,43584.8,43735.2,19994.0
1642017600000,43735.2,43757.0,43663.6,43666.2,20579.0
1642018500000,43669.6,43758.8,43669.6,43697.2,10966.0
1642019400000,43698.4,43726.1,43624.6,43719.7,19348.0
1642020300000,43719.8,43988.0,43708.3,43817.7,115923.0
1642021200000,43819.7,43958.6,43802.0,43927.5,21646.0
1642022100000,43927.5,44350.0,43920.4,44092.3,206003.0
1642023000000,44092.2,44092.3,43767.8,43806.1,87704.0
1642023900000,43806.0,43898.4,43741.1,43767.6,36624.0
1642024800000,43769.6,43819.6,43740.1,43798.2,19286.0
1642025700000,43798.5,43886.0,43782.6,43876.2,25849.0
1642026600000,43876.1,43932.5,43860.1,43866.8,20003.0
1642027500000,43866.7,43866.8,43789.1,43830.0,19381.0
1642028400000,43830.1,43932.1,43805.9,43914.8,37619.0
1642029300000,43914.8,44027.8,43865.9,43880.0,73437.0
1642030200000,43881.9,44012.3,43881.9,43969.7,26766.0
1642031100000,43969.7,43977.7,43868.5,43900.0,32416.0
1642032000000,43898.9,44053.6,43855.1,43886.4,70197.0
1642032900000,43886.5,43898.0,43806.5,43855.1,48437.0
1642033800000,43855.2,43887.0,43744.1,43757.9,44986.0
1642034700000,43757.9,43799.0,43658.0,43712.1,52251.0
1642035600000,43709.2,43791.9,43700.0,43746.5,29810.0
1642036500000,43746.5,43773.0,43593.4,43606.0,45138.0
1642037400000,43605.9,43654.4,43520.1,43531.9,58741.0
1642038300000,43531.9,43618.3,43520.0,43538.9,33320.0
1642039200000,43538.9,43626.5,43538.9,43620.1,44741.0
1642040100000,43620.1,43645.2,43609.2,43637.8,38458.0
1642041000000,43637.8,43692.8,43637.7,43651.1,35119.0
1642041900000,43651.1,43651.1,43544.0,43594.9,54874.0
1642042800000,43596.7,43649.6,43430.7,43443.9,63131.0
1642043700000,43443.9,43499.9,43433.4,43448.1,38956.0
1642044600000,43448.0,43549.4,43429.7,43549.4,33731.0
1642045500000,43549.3,43573.0,43500.0,43512.5,21939.0
1642046400000,43512.4,43630.0,43500.9,43621.5,39140.0
1642047300000,43621.4,43680.0,43614.1,43657.6,41280.0
1642048200000,43658.8,43715.2,43628.8,43711.0,47380.0
1642049100000,43711.0,43713.7,43595.3,43615.4,42278.0
1642050000000,43615.3,43651.8,43576.9,43584.0,37944.0
1642050900000,43584.0,43712.0,43576.9,43712.0,26356.0
1642051800000,43715.0,43790.3,43634.0,43644.5,42573.0
1642052700000,43644.5,43715.6,43629.9,43658.8,29697.0
1642053600000,43658.9,43745.0,43643.5,43718.5,38730.0
1642054500000,43718.5,43790.0,43718.5,43734.1,35074.0
1642055400000,43734.1,43774.8,43682.8,43715.4,41074.0
1642056300000,43715.5,43727.6,43646.3,43707.9,46941.0
1642057200000,43708.0,43728.0,43659.7,43705.3,25376.0
1642058100000,43705.4,43779.2,43695.4,43703.6,44035.0
1642059000000,43703.7,43735.0,43571.9,43613.2,72260.0
1642059900000,43612.7,43720.0,43606.3,43705.1,34473.0
1642060800000,43705.0,43838.0,43673.3,43834.7,76266.0
1642061700000,43834.7,43856.7,43775.2,43812.4,56905.0
1642062600000,43812.4,43875.3,43783.4,43825.4,43955.0
1642063500000,43825.3,43892.3,43800.1,43889.9,26379.0
1642064400000,43890.0,43892.9,43768.3,43789.9,27963.0
1642065300000,43789.8,43946.5,43733.2,43893.2,40344.0
1642066200000,43893.2,43997.4,43742.9,43768.0,87234.0
1642067100000,43767.9,43878.7,43738.0,43878.7,38378.0
1642068000000,43878.7,44020.0,43860.9,43958.5,64128.0
1642068900000,43958.4,44018.4,43861.4,43882.9,48273.0
1642069800000,43882.8,43948.7,43827.0,43850.3,43162.0
1642070700000,43850.3,43882.1,43758.0,43780.0,48472.0
1642071600000,43780.1,43826.3,43650.0,43665.7,83128.0
1642072500000,43665.7,43726.0,43479.8,43635.1,137217.0
1642073400000,43635.2,43721.8,43635.1,43704.6,46264.0
1642074300000,43704.6,43704.6,43578.6,43620.0,57588.0
1642075200000,43617.2,43819.9,43588.0,43786.9,71242.0
1642076100000,43787.0,43793.1,43681.0,43780.4,50176.0
1642077000000,43783.5,43804.4,43697.0,43755.4,45450.0
1642077900000,43755.4,43823.4,43700.7,43810.4,43946.0
1642078800000,43810.4,43810.4,43726.7,43761.5,62859.0
1642079700000,43761.6,43763.8,43681.0,43689.7,53705.0
1642080600000,43689.7,43960.0,43682.1,43811.7,137353.0
1642081500000,43811.8,43929.0,43811.8,43928.9,49253.0
1642082400000,43929.0,43995.2,43841.8,43977.6,114092.0
1642083300000,43977.7,44283.5,43950.0,44178.9,232258.0
1642084200000,44178.9,44399.0,44084.4,44151.4,333316.0
1642085100000,44151.5,44195.2,43942.8,44137.1,178406.0
1642086000000,44138.8,44187.2,43720.9,43770.3,173061.0
1642086900000,43770.2,43770.3,43195.0,43310.2,556535.0
1642087800000,43310.1,43310.1,43021.2,43131.8,332815.0
1642088700000,43134.8,43248.6,42888.0,43201.6,279420.0
1642089600000,43201.6,43481.0,43088.0,43188.7,225350.0
1642090500000,43188.6,43377.9,43125.9,43314.8,113183.0
1642091400000,43314.8,43410.0,43253.0,43349.3,75275.0
1642092300000,43349.3,43380.0,43215.1,43252.6,58854.0
1642093200000,43252.6,43252.7,42886.4,42900.0,126791.0
1642094100000,42900.1,42968.8,42565.3,42833.3,303872.0
1642095000000,42833.7,42954.7,42717.0,42771.7,137914.0
1642095900000,42771.8,42854.0,42658.1,42816.5,140637.0
1642096800000,42816.5,42932.0,42750.0,42827.5,77124.0
1642097700000,42827.5,42950.6,42827.5,42899.8,44329.0
1642098600000,42899.1,42910.0,42720.0,42749.6,41459.0
1642099500000,42750.0,42849.0,42642.4,42716.1,64114.0
1642100400000,42716.1,42884.5,42671.7,42844.3,75019.0
1642101300000,42846.8,42902.3,42607.7,42721.9,69034.0
1642102200000,42721.5,42740.0,42554.0,42660.1,92813.0
1642103100000,42659.5,42750.0,42535.1,42706.4,74611.0
1642104000000,42706.4,42706.4,42330.0,42432.8,213981.0
1642104900000,42432.8,42598.5,42417.6,42598.5,68389.0
1642105800000,42598.4,42650.0,42500.1,42625.4,57922.0
1642106700000,42623.8,42817.8,42530.8,42798.4,76366.0
1642107600000,42798.4,42803.1,42668.8,42753.4,55943.0
1642108500000,42753.4,42860.0,42719.7,42719.7,49056.0
1642109400000,42719.6,42809.2,42719.6,42800.0,31800.0
1642110300000,42802.1,42873.5,42764.0,42808.6,31238.0
1642111200000,42810.0,42888.0,42734.3,42749.7,27859.0
1642112100000,42749.7,42820.7,42732.6,42787.5,15167.0
1642113000000,42787.5,42795.7,42466.0,42618.4,38520.0
1642113900000,42618.4,42633.3,42490.5,42599.0,32134.0
1642114800000,42599.0,42701.4,42538.2,42660.8,39617.0
1642115700000,42663.1,42690.0,42550.1,42633.5,43223.0
1642116600000,42633.5,42724.9,42595.0,42665.2,43929.0
1642117500000,42666.9,42667.0,42500.1,42565.6,51396.0
1642118400000,42565.1,42675.4,42363.0,42660.8,102601.0
1642119300000,42660.9,42739.6,42472.9,42496.7,83084.0
1642120200000,42496.7,42750.0,42496.7,42745.5,48719.0
1642121100000,42745.6,42774.2,42653.1,42749.8,41144.0
1642122000000,42749.7,42770.0,42678.3,42690.0,33319.0
1642122900000,42686.6,42720.0,42617.0,42617.0,32616.0
1642123800000,42617.0,42686.3,42550.0,42560.0,50555.0
1642124700000,42560.0,42657.3,42547.6,42587.0,38312.0
1642125600000,42587.0,42594.9,42471.8,42477.9,62567.0
1642126500000,42477.8,42627.1,42427.2,42623.4,70023.0
1642127400000,42623.4,42696.7,42532.9,42686.0,47003.0
1642128300000,42686.0,42718.0,42656.2,42712.0,41555.0
1642129200000,42711.9,42732.3,42587.8,42615.1,51448.0
1642130100000,42613.1,42647.0,42575.1,42646.1,32929.0
1642131000000,42647.3,42726.0,42635.2,42647.4,39774.0
1642131900000,42647.4,42730.0,42630.0,42630.0,30556.0
1642132800000,42628.2,42797.6,42613.5,42748.2,52268.0
1642133700000,42748.3,42826.3,42729.9,42747.3,54640.0
1642134600000,42747.2,42766.6,42690.0,42747.0,38205.0
1642135500000,42748.5,42779.9,42657.4,42667.0,35676.0
1642136400000,42667.0,42748.4,42640.9,42730.8,36145.0
1642137300000,42730.8,42833.6,42716.7,42774.4,41596.0
1642138200000,42774.4,42829.9,42726.7,42757.3,28360.0
1642139100000,42760.0,42898.8,42751.1,42880.0,51678.0
1642140000000,42880.0,42899.0,42769.9,42833.7,45683.0
1642140900000,42833.7,42964.5,42829.5,42890.0,79355.0
1642141800000,42890.0,42943.5,42808.8,42818.0,41766.0
1642142700000,42819.4,42832.5,42761.6,42803.4,38817.0
1642143600000,42800.8,42876.6,42760.1,42814.3,32536.0
1642144500000,42814.3,42865.0,42801.6,42846.4,25091.0
1642145400000,42849.3,42863.5,42631.1,42663.7,82146.0
1642146300000,42663.6,42701.9,42591.5,42646.0,73886.0
1642147200000,42647.9,42670.3,42368.4,42466.6,162066.0
1642148100000,42466.6,42541.8,42380.4,42483.1,80977.0
1642149000000,42485.3,42498.6,42380.0,42463.3,74518.0
1642149900000,42463.3,42538.5,42389.7,42525.3,78704.0
1642150800000,42525.3,42643.1,42478.5,42587.2,86614.0
1642151700000,42587.1,42625.3,42481.0,42523.9,44088.0
1642152600000,42523.9,42664.9,42514.4,42596.0,50755.0
1642153500000,42592.8,42693.0,42542.1,42551.1,48282.0
1642154400000,42551.0,42617.9,42502.1,42591.5,38669.0
1642155300000,42591.4,42591.4,42406.1,42417.2,62209.0
1642156200000,42416.6,42585.8,42384.3,42504.2,55423.0
1642157100000,42504.3,42538.3,41920.0,42082.9,348534.0
1642158000000,42082.9,42086.8,41901.0,41994.5,212578.0
1642158900000,41994.5,42042.5,41858.0,41906.5,123986.0
1642159800000,41906.5,41989.0,41859.0,41880.5,116513.0
1642160700000,41880.4,42045.2,41836.4,42012.4,109802.0
1642161600000,42013.1,42090.5,41750.0,41948.0,138594.0
1642162500000,41948.0,42164.3,41948.0,42023.7,129462.0
1642163400000,42023.7,42163.0,42020.8,42117.9,64767.0
1642164300000,42117.9,42245.0,42050.0,42057.4,81001.0
1642165200000,42057.5,42263.0,42033.9,42233.2,62670.0
1642166100000,42233.1,42308.0,42186.0,42230.1,83982.0
1642167000000,42230.1,42316.5,42165.7,42252.7,89497.0
1642167900000,42252.8,42300.0,42106.5,42165.8,74052.0
1642168800000,42165.8,42417.8,42131.0,42351.7,120545.0
1642169700000,42351.8,42383.9,42229.2,42283.0,81257.0
1642170600000,42283.7,42556.6,42160.0,42500.0,218644.0
1642171500000,42499.9,43088.0,42468.0,42976.2,443460.0
1642172400000,42976.3,43221.1,42782.1,43070.8,314786.0
1642173300000,43070.9,43350.0,43070.9,43130.0,213282.0
1642174200000,43130.1,43146.4,42931.1,42946.9,122241.0
1642175100000,42946.9,43129.9,42935.5,43109.9,92132.0
1642176000000,43102.6,43171.5,42870.0,42935.3,122044.0
1642176900000,42938.0,43064.2,42860.0,42980.3,77049.0
1642177800000,42980.3,43235.1,42926.2,43125.5,120023.0
1642178700000,43125.5,43215.6,43125.5,43203.7,50739.0
1642179600000,43203.7,43266.1,43081.2,43098.2,79870.0
1642180500000,43099.8,43139.3,43007.9,43064.3,35983.0
1642181400000,43064.2,43078.9,42915.0,42929.4,51500.0
1642182300000,42928.0,43011.9,42870.2,42914.0,56479.0
1642183200000,42914.0,42990.0,42803.5,42898.6,57574.0
1642184100000,42901.8,42905.2,42777.0,42856.9,57052.0
1642185000000,42860.1,42984.8,42788.1,42974.5,44766.0
1642185900000,42974.6,43111.4,42933.3,43058.6,44983.0
1642186800000,43058.7,43177.4,43007.8,43153.6,61294.0
1642187700000,43153.6,43169.9,43074.1,43099.6,67402.0
1642188600000,43096.3,43430.0,43081.2,43150.0,126599.0
1642189500000,43150.0,43198.6,43081.3,43081.3,58267.0
1642190400000,43082.1,43185.1,43058.1,43058.1,32485.0
1642191300000,43058.1,43136.3,43022.0,43059.2,22342.0
1642192200000,43059.2,43117.2,43000.9,43105.2,29114.0
1642193100000,43105.3,43130.0,43038.0,43091.0,30570.0
1642194000000,43093.8,43272.1,43087.5,43241.5,40408.0
1642194900000,43241.5,43249.0,43151.6,43181.2,19344.0
1642195800000,43181.2,43327.0,43181.2,43276.9,21330.0
1642196700000,43276.9,43455.0,43220.4,43289.9,48145.0
1642197600000,43289.9,43318.9,43202.2,43277.0,34625.0
1642198500000,43278.8,43309.9,43185.8,43206.2,17845.0
1642199400000,43206.4,43295.8,43170.7,43244.0,12112.0
1642200300000,43244.1,43388.9,43238.6,43250.0,27943.0
1642201200000,43250.1,43274.1,43178.8,43226.1,32168.0
1642202100000,43223.2,43246.8,43026.0,43070.9,69622.0
1642203000000,43071.0,43092.2,43021.5,43024.6,31933.0
1642203900000,43024.7,43074.6,43000.1,43063.1,19548.0
1642204800000,43063.0,43171.5,42912.0,43006.9,67344.0
1642205700000,43006.9,43084.7,42989.8,43069.3,60398.0
1642206600000,43069.4,43112.7,42958.8,43008.3,29282.0
1642207500000,43005.4,43137.8,43000.7,43103.8,30109.0
1642208400000,43103.6,43162.5,43053.9,43115.0,23179.0
1642209300000,43114.9,43115.0,43041.3,43070.4,21560.0
1642210200000,43070.4,43079.9,42871.8,42907.3,56414.0
1642211100000,42907.3,42990.0,42907.2,42984.5,23988.0
1642212000000,42984.5,43021.6,42927.5,42984.0,37215.0
1642212900000,42984.0,43043.5,42981.2,43003.2,27210.0
1642213800000,43003.3,43063.8,43003.3,43053.0,15902.0
1642214700000,43053.0,43101.4,43014.9,43101.4,26910.0
1642215600000,43101.5,43110.5,43060.0,43060.0,32905.0
1642216500000,43056.9,43125.0,43029.9,43121.8,50529.0
1642217400000,43119.2,43137.1,43014.4,43069.7,35077.0
1642218300000,43066.7,43082.0,42930.0,42946.1,57674.0
1642219200000,42949.0,42971.0,42892.6,42955.8,58404.0
1642220100000,42955.7,42955.8,42713.8,42839.5,112687.0
1642221000000,42839.4,42901.9,42767.8,42855.9,57405.0
1642221900000,42855.8,42958.7,42855.8,42924.7,36823.0
1642222800000,42924.7,42947.3,42875.0,42884.2,14200.0
1642223700000,42884.3,42980.0,42840.0,42973.0,26623.0
1642224600000,42973.0,43024.1,42951.0,42977.9,20120.0
1642225500000,42978.0,43067.3,42960.0,43001.4,23307.0
1642226400000,43001.3,43021.3,42890.0,42931.7,29263.0
1642227300000,42931.7,43052.7,42920.5,42994.6,28438.0
1642228200000,42990.8,42999.9,42912.4,42987.0,29370.0
1642229100000,42987.1,43113.4,42987.0,43084.6,40198.0
1642230000000,43084.6,43091.9,42999.4,43006.2,14935.0
1642230900000,43006.1,43067.1,42972.1,42982.5,15056.0
1642231800000,42982.5,43020.2,42980.6,42993.1,13039.0
1642232700000,42993.0,43099.0,42939.9,43099.0,19539.0
1642233600000,43098.9,43118.0,43026.1,43085.8,39212.0
1642234500000,43085.9,43099.9,43006.8,43029.4,24392.0
1642235400000,43029.4,43047.8,43008.8,43025.0,11367.0
1642236300000,43028.8,43097.3,42951.1,42980.6,28216.0
1642237200000,42980.6,43036.2,42965.5,42975.4,18163.0
1642238100000,42975.5,43022.5,42891.0,42919.6,30635.0
1642239000000,42915.5,42957.3,42892.7,42893.1,21439.0
1642239900000,42893.1,43094.9,42893.1,43066.7,37272.0
1642240800000,43066.7,43219.2,43015.8,43214.5,107366.0
1642241700000,43214.4,43285.2,43123.0,43200.0,90251.0
1642242600000,43200.0,43200.0,43096.0,43137.5,31019.0
1642243500000,43137.4,43159.9,43092.4,43100.0,19310.0
1642244400000,43099.9,43100.0,43010.4,43059.7,40718.0
1642245300000,43059.6,43089.7,43021.0,43066.9,24624.0
1642246200000,43066.9,43066.9,43016.4,43046.8,16812.0
1642247100000,43046.8,43105.9,42956.6,43011.8,29498.0
1642248000000,43011.7,43032.7,42925.4,42989.9,40916.0
1642248900000,42989.9,43026.0,42900.1,42948.2,23974.0
1642249800000,42948.9,42952.1,42640.0,42707.4,167558.0
1642250700000,42707.5,42720.8,42560.0,42706.6,143540.0
1642251600000,42707.2,42797.4,42646.1,42796.4,57793.0
1642252500000,42796.4,42888.0,42727.2,42864.5,54391.0
1642253400000,42869.6,42956.4,42849.0,42886.6,75991.0
1642254300000,42886.6,42965.1,42855.7,42910.0,49202.0
1642255200000,42910.0,42952.5,42858.1,42879.9,52060.0
1642256100000,42879.9,42950.0,42750.0,42950.0,75882.0
1642257000000,42950.0,43254.9,42885.6,43189.8,130548.0
1642257900000,43189.8,43326.4,43062.0,43182.6,178454.0
1642258800000,43182.6,43197.4,43105.8,43182.6,46005.0
1642259700000,43180.1,43211.5,43070.7,43171.0,115050.0
1642260600000,43171.0,43350.0,43155.4,43286.7,77123.0
1642261500000,43286.7,43419.5,43274.3,43412.6,88589.0
1642262400000,43412.4,43449.0,43289.3,43333.9,83293.0
1642263300000,43333.9,43368.0,43223.8,43275.8,47184.0
1642264200000,43275.8,43354.4,43275.8,43276.1,26523.0
1642265100000,43276.2,43393.0,43262.9,43331.1,31748.0
1642266000000,43333.0,43394.2,43249.7,43279.0,31209.0
1642266900000,43276.7,43446.0,43271.7,43371.5,44681.0
1642267800000,43371.5,43438.0,43341.6,43430.3,17422.0
1642268700000,43430.2,43576.9,43334.2,43376.0,118131.0
1642269600000,43374.4,43376.8,43255.9,43264.2,46385.0
1642270500000,43264.2,43346.9,43236.6,43269.7,19987.0
1642271400000,43273.5,43358.2,43273.5,43344.5,12752.0
1642272300000,43344.5,43358.3,43295.7,43323.7,10326.0
1642273200000,43322.0,43430.0,43312.7,43360.5,15137.0
1642274100000,43360.5,43426.1,43360.5,43393.0,15079.0
1642275000000,43393.0,43455.6,43392.2,43455.6,13831.0
1642275900000,43455.6,43550.0,43401.2,43517.9,36670.0
1642276800000,43518.0,43768.8,43516.2,43674.1,145575.0
1642277700000,43674.1,43814.1,43610.0,43699.9,53274.0
1642278600000,43700.0,43716.4,43585.1,43609.2,25378.0
1642279500000,43609.2,43622.0,43479.4,43489.6,27550.0
1642280400000,43489.3,43518.8,43424.5,43428.0,30647.0
1642281300000,43427.9,43521.8,43352.3,43368.8,26633.0
1642282200000,43368.8,43380.0,43235.0,43285.9,55010.0
1642283100000,43284.1,43339.5,43162.0,43303.9,41033.0
1642284000000,43304.0,43395.9,43250.6,43374.5,24566.0
1642284900000,43374.6,43391.5,43134.6,43167.5,27320.0
1642285800000,43167.4,43213.8,43167.4,43205.7,10650.0
1642286700000,43205.6,43278.8,43203.7,43247.3,9758.0
1642287600000,43247.4,43347.9,43171.6,43319.5,34562.0
1642288500000,43319.5,43369.0,43199.9,43233.7,21147.0
1642289400000,43233.7,43261.6,43070.3,43173.6,44114.0
1642290300000,43173.5,43232.9,43070.1,43079.5,25348.0
1642291200000,43083.9,43104.8,43003.0,43013.3,53243.0
1642292100000,43013.2,43086.6,43005.1,43084.2,27223.0
1642293000000,43084.2,43112.3,42991.9,43000.0,42957.0
1642293900000,43000.0,43099.0,42996.0,43073.9,32782.0
1642294800000,43074.0,43147.0,43032.7,43033.2,31998.0
1642295700000,43033.0,43081.9,42982.0,43072.5,52012.0
1642296600000,43074.9,43082.2,43015.0,43077.9,19183.0
1642297500000,43077.9,43080.5,43001.8,43005.0,13199.0
1642298400000,43005.0,43084.8,42983.5,43043.6,24929.0
1642299300000,43041.9,43080.1,43010.0,43023.3,15605.0
1642300200000,43023.3,43087.9,42953.2,42985.8,45387.0
1642301100000,42985.8,43036.9,42840.2,42937.2,69331.0
1642302000000,42937.2,42979.5,42868.7,42926.0,44952.0
1642302900000,42925.9,43013.6,42899.8,42982.6,33144.0
1642303800000,42976.5,42999.1,42900.0,42995.8,25406.0
1642304700000,42995.9,43051.9,42961.4,42990.0,29584.0
1642305600000,42990.0,43053.8,42880.0,43034.0,69252.0
1642306500000,43034.1,43060.0,42955.2,43011.0,37014.0
1642307400000,43011.1,43073.9,43000.0,43040.8,16940.0
1642308300000,43040.8,43073.9,42997.3,43038.0,24516.0
1642309200000,43038.0,43087.7,43026.2,43077.8,20121.0
1642310100000,43077.8,43120.4,43050.0,43086.8,27409.0
1642311000000,43086.8,43090.9,43041.0,43065.4,19168.0
1642311900000,43069.1,43069.1,42962.7,42962.7,24385.0
1642312800000,42962.6,43094.2,42923.5,43094.2,35626.0
1642313700000,43094.2,43147.0,43082.3,43131.4,40902.0
1642314600000,43131.5,43168.5,43086.7,43100.0,29152.0
1642315500000,43100.0,43226.0,43096.3,43198.6,27678.0
1642316400000,43198.6,43247.1,43155.0,43220.3,38528.0
1642317300000,43220.4,43220.4,43120.7,43120.7,27489.0
1642318200000,43120.8,43245.4,43113.8,43233.0,22315.0
1642319100000,43233.0,43254.4,43194.2,43200.7,25138.0
1642320000000,43200.7,43299.3,43200.6,43215.0,29363.0
1642320900000,43215.0,43238.8,43162.8,43176.7,21555.0
1642321800000,43176.7,43200.0,43141.0,43165.2,15667.0
1642322700000,43165.2,43170.0,43065.9,43077.9,38981.0
1642323600000,43077.9,43145.0,43037.5,43112.3,27636.0
1642324500000,43112.3,43128.0,43036.0,43111.3,27375.0
1642325400000,43111.4,43134.3,43068.0,43124.3,18214.0
1642326300000,43126.2,43130.4,43062.0,43080.9,12495.0
1642327200000,43081.0,43181.2,43081.0,43154.6,29571.0
1642328100000,43154.6,43188.1,43146.2,43166.0,24577.0
1642329000000,43166.1,43166.1,43090.0,43105.9,20907.0
1642329900000,43103.4,43106.0,42888.0,42914.7,61555.0
1642330800000,42914.6,42929.5,42723.2,42862.1,129367.0
1642331700000,42862.0,42990.5,42815.7,42977.4,57082.0
1642332600000,42977.5,43058.0,42935.4,43014.2,43343.0
1642333500000,43018.5,43045.5,42947.4,42975.4,31072.0
1642334400000,42975.0,43098.2,42972.9,43098.2,27984.0
1642335300000,43098.2,43148.0,43059.8,43090.9,42722.0
1642336200000,43090.9,43098.5,42990.8,43039.5,6858.0
1642337100000,43039.5,43156.3,43004.6,43004.7,33082.0
1642338000000,43004.6,43027.9,42900.0,42986.2,61180.0
1642338900000,42980.0,42980.0,42593.5,42615.4,259937.0
1642339800000,42615.4,43005.6,42600.4,42986.0,135537.0
1642340700000,42986.1,43215.1,42877.1,43151.2,168627.0
1642341600000,43150.7,43393.3,43138.2,43138.3,171864.0
1642342500000,43138.0,43257.7,43040.8,43249.8,69384.0
1642343400000,43247.1,43440.8,43222.0,43288.0,132712.0
1642344300000,43286.1,43334.1,43246.3,43310.1,44538.0
1642345200000,43310.1,43325.7,43188.0,43232.7,34421.0
1642346100000,43238.4,43274.4,43153.5,43172.5,30536.0
1642347000000,43165.3,43286.5,43161.3,43206.2,20310.0
1642347900000,43206.2,43372.8,43139.9,43223.9,70998.0
1642348800000,43227.0,43310.0,43182.4,43251.0,40938.0
1642349700000,43251.1,43478.9,43251.0,43398.8,87315.0
1642350600000,43398.8,43453.6,43322.9,43378.4,33415.0
1642351500000,43378.5,43441.9,43338.2,43381.9,21141.0
1642352400000,43381.9,43434.4,43296.5,43322.8,21568.0
1642353300000,43322.8,43353.5,43281.3,43281.5,19122.0
1642354200000,43281.5,43307.4,43172.0,43177.4,33347.0
1642355100000,43177.3,43195.0,43050.0,43076.2,61786.0
1642356000000,43076.2,43129.4,43052.0,43083.4,24754.0
1642356900000,43083.4,43126.7,43026.2,43047.7,25346.0
1642357800000,43047.7,43074.2,42952.6,43058.1,47216.0
1642358700000,43058.2,43096.4,43013.6,43062.7,19964.0
1642359600000,43062.8,43080.8,42895.2,42908.1,36916.0
1642360500000,42908.1,42999.0,42891.1,42926.7,34406.0
1642361400000,42926.7,42944.0,42854.2,42868.9,35115.0
1642362300000,42860.9,42900.0,42803.2,42836.2,39291.0
1642363200000,42836.2,42989.1,42744.8,42983.7,50302.0
1642364100000,42983.7,43057.5,42921.0,43016.5,26784.0
1642365000000,43011.7,43096.0,42945.0,43076.5,31546.0
1642365900000,43074.7,43116.4,43026.6,43037.0,18688.0
1642366800000,43037.0,43093.5,42950.8,42964.7,15372.0
1642367700000,42964.7,43014.7,42938.3,42956.8,9627.0
1642368600000,42959.2,42959.2,42894.3,42947.2,8813.0
1642369500000,42947.2,43013.0,42941.7,42952.0,17141.0
1642370400000,42952.0,43198.8,42945.5,43193.8,42301.0
1642371300000,43193.9,43207.1,43172.0,43203.0,12324.0
1642372200000,43204.2,43214.3,43168.1,43184.5,8714.0
1642373100000,43184.6,43249.9,43108.0,43198.4,23126.0
1642374000000,43198.5,43277.3,43123.1,43239.0,51416.0
1642374900000,43239.0,43252.7,43134.8,43192.6,19863.0
1642375800000,43186.4,43231.1,43113.5,43124.5,22359.0
1642376700000,43124.4,43128.0,43044.2,43069.0,32320.0
1642377600000,43069.0,43173.3,43034.0,43097.2,52154.0
1642378500000,43097.2,43102.4,42915.3,42976.4,52266.0
1642379400000,42976.4,43042.9,42939.9,43025.9,29632.0
1642380300000,43025.9,43025.9,42867.8,42887.1,36115.0
1642381200000,42887.1,42935.7,42830.0,42852.3,36156.0
1642382100000,42852.3,42907.9,42810.0,42892.9,42731.0
1642383000000,42892.9,42915.7,42817.0,42849.1,29767.0
1642383900000,42848.5,42918.7,42813.4,42899.9,32105.0
1642384800000,42899.9,42950.0,42793.9,42838.0,68456.0
1642385700000,42835.1,42928.3,42806.2,42902.7,26117.0
1642386600000,42905.1,42907.5,42812.2,42877.0,24175.0
1642387500000,42877.0,42937.9,42865.6,42922.3,18472.0
1642388400000,42922.3,42981.2,42900.0,42914.4,25086.0
1642389300000,42914.3,42939.1,42763.2,42795.9,46219.0
1642390200000,42795.8,42795.8,42665.7,42753.3,104354.0
1642391100000,42753.3,42753.3,42629.2,42655.7,86339.0
1642392000000,42657.5,42745.3,42606.8,42745.2,80187.0
1642392900000,42745.2,42805.0,42713.0,42782.0,37600.0
1642393800000,42781.9,42781.9,42627.6,42681.0,45602.0
1642394700000,42683.3,42745.2,42624.5,42624.6,29877.0
1642395600000,42624.6,42624.6,42320.0,42408.5,252798.0
1642396500000,42408.5,42588.0,42392.5,42540.2,65333.0
1642397400000,42540.1,42617.3,42530.0,42590.0,41932.0
1642398300000,42589.9,42699.0,42484.2,42659.4,64157.0
1642399200000,42663.4,42768.4,42653.4,42686.8,74145.0
1642400100000,42689.4,42876.8,42663.7,42832.8,120704.0
1642401000000,42832.9,42861.5,42760.1,42790.4,39720.0
1642401900000,42795.5,42832.1,42743.0,42759.4,26638.0
1642402800000,42757.7,42973.0,42728.3,42849.3,70379.0
1642403700000,42849.3,42868.0,42766.3,42851.9,32467.0
1642404600000,42851.8,42870.0,42739.1,42764.3,26213.0
1642405500000,42764.3,42787.6,42656.2,42659.9,44829.0
1642406400000,42659.8,42773.0,42580.1,42769.4,62446.0
1642407300000,42769.4,42779.9,42610.0,42669.0,46528.0
1642408200000,42669.0,42855.9,42610.0,42830.0,80177.0
1642409100000,42830.0,42878.3,42753.6,42804.8,41843.0
1642410000000,42800.5,42895.0,42751.8,42857.5,34572.0
1642410900000,42857.5,42880.0,42742.2,42756.0,41686.0
1642411800000,42756.0,42860.0,42754.2,42825.3,25045.0
1642412700000,42825.3,42910.0,42790.2,42852.6,33964.0
1642413600000,42850.2,42899.0,42769.8,42851.5,31703.0
1642414500000,42851.6,42851.6,42735.1,42820.1,38641.0
1642415400000,42820.1,42824.1,42707.5,42721.2,32860.0
1642416300000,42721.2,42830.0,42627.4,42794.6,63055.0
1642417200000,42794.7,42839.5,42740.6,42783.8,29266.0
1642418100000,42783.9,42842.9,42716.0,42722.5,31534.0
1642419000000,42719.3,42742.6,42653.2,42686.5,35502.0
1642419900000,42686.5,42775.0,42662.0,42672.7,27329.0
1642420800000,42672.7,42713.3,42491.3,42570.1,103350.0
1642421700000,42570.1,42787.0,42432.9,42711.3,129012.0
1642422600000,42711.3,42800.0,42635.8,42635.9,85062.0
1642423500000,42635.9,42666.4,42554.0,42570.9,56715.0
1642424400000,42568.6,42633.6,42516.7,42625.9,49846.0
1642425300000,42625.9,42681.1,42580.8,42587.2,33792.0
1642426200000,42587.2,42670.0,42554.7,42570.0,32073.0
1642427100000,42570.0,42670.0,42530.0,42657.7,26411.0
1642428000000,42657.6,42711.9,42581.7,42631.0,35391.0
1642428900000,42627.0,42744.0,42575.4,42717.0,42641.0
1642429800000,42717.0,42730.5,42639.9,42730.5,29176.0
1642430700000,42730.5,42731.0,42577.0,42659.6,62455.0
1642431600000,42659.6,42689.9,42313.5,42549.1,146618.0
1642432500000,42549.1,42640.1,42504.3,42624.1,57084.0
1642433400000,42626.9,42643.3,42511.3,42628.8,37113.0
1642434300000,42628.7,42636.9,42402.4,42481.2,56194.0
1642435200000,42481.2,42538.8,42168.8,42219.6,189413.0
1642436100000,42219.8,42483.9,42121.4,42351.2,139113.0
1642437000000,42351.1,42395.5,42181.1,42314.4,66052.0
1642437900000,42319.3,42336.5,42136.9,42235.1,53305.0
1642438800000,42235.1,42255.3,42063.6,42084.5,96377.0
1642439700000,42087.0,42209.5,42011.6,42064.1,79617.0
1642440600000,42064.0,42209.8,41924.0,42209.8,113068.0
1642441500000,42209.9,42238.8,42050.0,42119.7,40340.0
1642442400000,42119.9,42124.8,41960.3,42024.9,73711.0
1642443300000,42024.9,42051.6,41850.0,41995.3,133063.0
1642444200000,41995.3,42078.9,41970.0,42057.5,49049.0
1642445100000,42057.6,42180.0,42051.1,42177.0,53716.0
1642446000000,42176.9,42256.4,42115.0,42242.1,53773.0
1642446900000,42242.1,42242.1,42113.0,42188.9,23483.0
1642447800000,42188.8,42282.3,42159.5,42260.0,17117.0
1642448700000,42264.7,42318.5,42222.6,42232.8,22025.0
1642449600000,42237.2,42299.9,42185.4,42199.3,21121.0
1642450500000,42199.3,42270.0,42185.2,42197.6,15124.0
1642451400000,42197.7,42202.5,42014.2,42110.0,38426.0
1642452300000,42110.1,42154.6,42069.0,42090.0,13415.0
1642453200000,42086.4,42141.6,42016.0,42050.8,19102.0
1642454100000,42050.8,42058.6,41770.0,41784.0,101029.0
1642455000000,41782.0,41844.9,41586.0,41650.7,133665.0
1642455900000,41653.8,41786.1,41609.2,41732.5,49217.0
1642456800000,41732.4,41737.0,41636.9,41664.5,38080.0
1642457700000,41664.1,41807.1,41534.5,41803.4,77045.0
1642458600000,41803.4,42385.3,41803.4,42272.8,94879.0
1642459500000,42270.0,42270.0,42039.0,42086.4,51264.0
1642460400000,42086.3,42260.0,42059.8,42197.4,49866.0
1642461300000,42197.5,42237.0,42088.8,42160.8,44306.0
1642462200000,42160.7,42230.0,42131.6,42197.5,31956.0
1642463100000,42197.5,42249.4,42157.4,42201.4,21692.0
1642464000000,42201.4,42304.7,42137.4,42279.9,64869.0
1642464900000,42279.8,42400.0,42259.1,42270.7,69499.0
1642465800000,42270.7,42336.4,42232.8,42288.0,35124.0
1642466700000,42288.1,42426.3,42288.1,42359.9,54247.0
1642467600000,42359.9,42443.0,42290.0,42402.7,46579.0
1642468500000,42398.9,42402.2,42291.7,42329.2,32451.0
1642469400000,42329.1,42329.1,42240.0,42250.1,30136.0
1642470300000,42250.2,42272.9,42166.5,42259.1,37008.0
1642471200000,42259.1,42269.3,42200.0,42211.3,22213.0
1642472100000,42211.4,42232.8,42150.0,42167.2,23165.0
1642473000000,42167.2,42284.1,42167.2,42276.6,20476.0
1642473900000,42276.6,42303.2,42181.5,42275.2,20711.0
1642474800000,42275.2,42297.2,42220.0,42225.6,18253.0
1642475700000,42225.5,42225.5,42161.2,42182.7,23315.0
1642476600000,42181.3,42222.0,41982.4,42023.3,62192.0
1642477500000,42023.4,42080.0,41972.7,42047.9,50299.0
1642478400000,42047.9,42102.5,41990.0,42046.2,35194.0
1642479300000,42046.2,42068.2,41865.9,41979.6,82551.0
1642480200000,41979.6,42088.0,41926.7,42080.7,55667.0
1642481100000,42080.7,42107.4,42021.3,42036.8,30468.0
1642482000000,42036.8,42193.4,41990.4,42168.1,47530.0
1642482900000,42168.1,42168.3,42094.1,42139.8,19982.0
1642483800000,42139.8,42170.8,42085.5,42087.4,15000.0
1642484700000,42087.3,42171.6,42087.3,42101.9,20429.0
1642485600000,42099.0,42229.0,42098.9,42222.5,36736.0
1642486500000,42223.3,42279.5,42183.6,42279.5,33441.0
1642487400000,42279.5,42279.6,42229.0,42241.3,41636.0
1642488300000,42241.3,42339.6,42228.9,42240.1,57523.0
1642489200000,42240.1,42278.3,42121.0,42125.1,47333.0
1642490100000,42128.1,42178.0,41962.6,42028.2,80225.0
1642491000000,42028.3,42051.4,41958.1,41990.9,62139.0
1642491900000,41990.8,42060.0,41980.4,42060.0,33808.0
1642492800000,42061.4,42061.4,41762.6,41849.4,138471.0
1642493700000,41849.3,41935.8,41741.0,41760.0,107362.0
1642494600000,41760.0,41839.9,41720.0,41839.9,95219.0
1642495500000,41839.8,41856.8,41630.0,41714.5,101935.0
1642496400000,41717.5,41780.0,41638.8,41677.0,91415.0
1642497300000,41677.0,41836.9,41450.0,41799.5,267218.0
1642498200000,41799.5,41926.0,41760.3,41901.9,156102.0
1642499100000,41902.0,41985.0,41861.5,41903.4,81343.0
1642500000000,41903.4,42020.0,41841.1,41995.4,72361.0
1642500900000,41995.4,42033.1,41906.0,41961.0,48829.0
1642501800000,41960.9,42065.7,41946.6,42036.1,72314.0
1642502700000,42036.1,42059.3,41914.5,41932.4,34998.0
1642503600000,41932.4,41940.0,41824.8,41891.1,56471.0
1642504500000,41891.1,41911.8,41738.6,41823.9,61728.0
1642505400000,41823.9,41850.0,41700.0,41747.2,56579.0
1642506300000,41749.6,41913.6,41729.0,41874.9,58066.0
1642507200000,41874.9,41952.4,41751.7,41771.2,77807.0
1642508100000,41771.3,41775.0,41658.0,41762.0,85915.0
1642509000000,41761.9,41811.2,41680.0,41680.6,49289.0
1642509900000,41680.6,41820.0,41635.0,41814.6,56385.0
1642510800000,41814.6,41843.8,41639.4,41653.0,46331.0
1642511700000,41653.8,41653.8,41411.2,41449.1,211112.0
1642512600000,41449.0,41622.0,41430.6,41480.0,118075.0
1642513500000,41480.0,41687.4,41450.0,41656.6,98600.0
1642514400000,41656.7,41692.6,41527.1,41532.9,80631.0
1642515300000,41532.9,41587.0,41335.3,41517.2,134966.0
1642516200000,41517.1,41692.5,41263.4,41603.1,288570.0
1642517100000,41603.1,41640.6,41325.7,41458.0,202061.0
1642518000000,41460.0,41744.6,41339.0,41575.7,207324.0
1642518900000,41575.6,41800.0,41525.2,41796.8,134632.0
1642519800000,41796.8,41838.6,41638.4,41772.1,113394.0
1642520700000,41772.1,41791.5,41552.0,41592.9,79520.0
1642521600000,41592.9,41680.0,41474.7,41520.1,106691.0
1642522500000,41520.1,41643.5,41520.0,41548.2,59744.0
1642523400000,41550.9,41718.1,41380.8,41705.9,128677.0
1642524300000,41705.9,41780.0,41680.1,41703.4,80707.0
1642525200000,41703.4,41716.8,41496.7,41613.1,75107.0
1642526100000,41616.5,41732.4,41570.6,41576.7,78448.0
1642527000000,41576.6,41622.9,41494.0,41617.2,67317.0
1642527900000,41617.2,41622.1,41472.2,41495.5,56048.0
1642528800000,41493.8,41548.0,41392.3,41505.0,81775.0
1642529700000,41504.9,41567.0,41397.3,41441.2,67111.0
1642530600000,41441.1,41563.0,41401.1,41556.9,76167.0
1642531500000,41556.8,41661.6,41503.0,41601.7,56897.0
1642532400000,41601.7,41684.3,41584.4,41630.2,51221.0
1642533300000,41630.3,41700.0,41625.1,41632.7,37131.0
1642534200000,41638.1,41765.1,41628.0,41683.7,50575.0
1642535100000,41683.7,41776.0,41662.4,41701.3,40353.0
1642536000000,41701.4,41749.9,41640.9,41692.2,37265.0
1642536900000,41692.2,41698.0,41530.0,41629.0,44808.0
1642537800000,41629.0,41629.9,41492.1,41503.6,43428.0
1642538700000,41503.5,41800.0,41503.5,41789.5,77819.0
1642539600000,41789.4,41986.0,41724.8,41967.7,78160.0
1642540500000,41964.9,42300.0,41959.3,42272.9,178512.0
1642541400000,42273.0,42424.0,42268.7,42385.9,131909.0
1642542300000,42385.3,42477.4,42308.5,42367.9,71402.0
1642543200000,42367.9,42385.8,42236.9,42328.3,50313.0
1642544100000,42331.4,42376.5,42266.7,42372.8,27758.0
1642545000000,42372.8,42690.0,42318.6,42488.0,72205.0
1642545900000,42488.0,42576.0,42409.8,42474.2,45064.0
1642546800000,42474.2,42549.6,42436.8,42503.0,80202.0
1642547700000,42503.0,42503.0,42429.0,42475.2,45158.0
1642548600000,42475.2,42484.1,42330.5,42430.4,56164.0
1642549500000,42430.3,42442.9,42341.0,42350.0,36423.0
1642550400000,42350.0,42400.0,42257.5,42299.4,59864.0
1642551300000,42299.6,42483.9,42243.6,42456.6,54138.0
1642552200000,42456.6,42460.5,42188.0,42212.6,79910.0
1642553100000,42212.5,42316.6,42162.6,42262.9,58589.0
1642554000000,42260.1,42393.8,42255.9,42374.8,35365.0
1642554900000,42374.8,42436.7,42353.0,42422.4,42000.0
1642555800000,42424.3,42460.0,42340.1,42360.5,48203.0
1642556700000,42362.2,42459.0,42362.2,42428.8,41371.0
1642557600000,42428.8,42463.4,42380.1,42444.9,35421.0
1642558500000,42444.9,42507.0,42386.2,42386.2,49782.0
1642559400000,42386.1,42410.0,42334.4,42341.7,32459.0
1642560300000,42341.7,42341.7,42286.1,42329.9,60971.0
1642561200000,42329.9,42330.0,42245.3,42277.6,46259.0
1642562100000,42277.5,42332.1,42236.7,42263.1,42965.0
1642563000000,42263.1,42300.0,41782.5,41825.7,292429.0
1642563900000,41825.1,41963.3,41572.6,41700.9,282315.0
1642564800000,41701.4,41806.8,41601.0,41616.9,109522.0
1642565700000,41613.8,41743.7,41613.8,41670.4,70222.0
1642566600000,41669.0,41743.4,41640.5,41703.2,41880.0
1642567500000,41703.2,41765.0,41674.1,41710.0,36138.0
1642568400000,41709.9,41811.5,41688.3,41795.1,46771.0
1642569300000,41795.0,41798.8,41735.3,41782.4,23982.0
1642570200000,41782.4,41799.9,41692.9,41702.4,34073.0
1642571100000,41702.3,41764.1,41656.1,41764.0,35621.0
1642572000000,41764.0,41843.1,41684.2,41833.1,53745.0
1642572900000,41833.1,41848.0,41734.0,41734.0,33213.0
1642573800000,41734.0,41820.0,41705.1,41774.0,30524.0
1642574700000,41773.2,41818.7,41693.4,41711.1,31426.0
1642575600000,41711.0,41711.0,41380.0,41425.3,169858.0
1642576500000,41426.6,41426.7,41264.5,41346.2,176044.0
1642577400000,41346.4,41365.2,41216.7,41256.3,135948.0
1642578300000,41256.2,41342.9,41155.0,41276.9,131508.0
1642579200000,41277.2,41365.2,41189.1,41335.1,94873.0
1642580100000,41335.1,41387.7,41243.4,41257.1,87532.0
1642581000000,41257.0,41315.9,41134.0,41304.6,105861.0
1642581900000,41304.6,41398.0,41255.1,41368.7,70300.0
1642582800000,41368.8,41545.9,41331.0,41487.3,131138.0
1642583700000,41487.2,41596.0,41460.0,41475.0,69518.0
1642584600000,41473.9,41586.0,41433.9,41535.8,56753.0
1642585500000,41535.9,41666.0,41495.5,41574.4,87361.0
1642586400000,41574.4,41613.7,41425.0,41455.3,65596.0
1642587300000,41455.2,41543.8,41435.2,41501.6,51818.0
1642588200000,41501.6,41540.9,41300.0,41389.1,105158.0
1642589100000,41389.1,41509.3,41301.0,41509.3,89930.0
1642590000000,41509.3,42178.3,41504.6,42066.7,439099.0
1642590900000,42066.7,42167.9,41860.9,41913.3,157387.0
1642591800000,41912.5,42077.7,41872.2,41985.9,98664.0
1642592700000,41985.9,42058.0,41942.9,42047.6,73088.0
1642593600000,42049.9,42287.7,42032.2,42090.5,184159.0
1642594500000,42092.6,42177.3,42044.0,42167.7,60140.0
1642595400000,42171.4,42181.8,41980.0,41999.5,65865.0
1642596300000,41999.5,42150.0,41933.0,42100.4,77130.0
1642597200000,42101.0,42347.0,42097.2,42290.5,139915.0
1642598100000,42290.6,42302.7,42169.3,42231.0,69362.0
1642599000000,42231.1,42267.2,42125.0,42140.0,57526.0
1642599900000,42137.6,42225.0,42046.4,42203.0,70925.0
1642600800000,42203.0,42280.0,42074.7,42115.1,62342.0
1642601700000,42115.1,42227.3,42089.0,42206.6,44782.0
1642602600000,42206.6,42546.2,42186.2,42474.9,317061.0
1642603500000,42473.1,42566.0,42348.7,42505.5,222818.0
1642604400000,42505.5,42538.9,42379.3,42440.2,180797.0
1642605300000,42441.0,42450.0,42200.0,42207.5,134300.0
1642606200000,42207.9,42247.0,41918.9,41929.9,232210.0
1642607100000,41929.9,42059.0,41848.1,41996.7,156375.0
1642608000000,41995.2,42065.8,41687.5,41738.3,226018.0
1642608900000,41740.1,41865.0,41701.1,41839.1,145875.0
1642609800000,41839.2,41943.9,41722.9,41800.8,130890.0
1642610700000,41800.8,41936.9,41780.1,41906.6,65149.0
1642611600000,41906.6,42341.4,41901.9,42341.4,279848.0
1642612500000,42342.0,42374.4,42184.2,42249.7,80621.0
1642613400000,42249.7,42279.2,41980.1,42019.8,101834.0
1642614300000,42017.0,42232.9,41962.6,42167.7,111101.0
1642615200000,42167.7,42219.0,42069.0,42218.9,63514.0
1642616100000,42216.0,42230.0,42010.0,42016.4,52596.0
1642617000000,42016.5,42020.1,41871.6,42000.6,82235.0
1642617900000,42000.8,42059.7,41951.0,42010.1,37192.0
1642618800000,42010.1,42046.1,41760.1,41802.4,85283.0
1642619700000,41802.3,41863.6,41764.2,41777.5,51711.0
1642620600000,41780.5,41909.4,41738.2,41896.5,71913.0
1642621500000,41899.4,41919.0,41760.0,41878.5,56972.0
1642622400000,41875.1,41974.6,41784.1,41935.4,43919.0
1642623300000,41935.3,41956.2,41720.0,41723.1,58957.0
1642624200000,41723.1,41723.7,41576.8,41680.5,100228.0
1642625100000,41680.4,41718.5,41556.0,41627.7,70470.0
1642626000000,41627.7,41832.6,41627.7,41704.4,96839.0
1642626900000,41704.3,41776.3,41661.5,41774.6,31739.0
1642627800000,41774.7,41789.6,41690.2,41767.0,25169.0
1642628700000,41767.0,41794.0,41707.0,41715.4,22624.0
1642629600000,41715.3,41783.1,41644.5,41774.2,24105.0
1642630500000,41775.4,41912.3,41775.4,41879.1,26173.0
1642631400000,41879.2,41968.0,41876.9,41967.9,13040.0
1642632300000,41968.0,41994.3,41877.2,41982.9,30878.0
1642633200000,41982.9,41987.2,41872.6,41890.7,43267.0
1642634100000,41890.8,41922.9,41779.1,41797.6,36441.0
1642635000000,41797.0,41886.8,41774.8,41807.7,23283.0
1642635900000,41807.8,41807.8,41634.8,41666.3,65155.0
1642636800000,41665.0,41796.5,41659.4,41765.0,75174.0
1642637700000,41765.0,41875.2,41759.9,41778.6,49789.0
1642638600000,41778.5,41868.0,41767.3,41799.8,29197.0
1642639500000,41800.0,41854.4,41742.3,41839.1,26899.0
1642640400000,41839.1,41893.7,41770.8,41814.5,34115.0
1642641300000,41814.4,41834.2,41685.1,41714.0,39673.0
1642642200000,41714.0,41800.0,41670.3,41790.4,30332.0
1642643100000,41790.5,41823.6,41728.5,41772.8,31731.0
1642644000000,41772.8,41958.8,41771.0,41924.7,65466.0
1642644900000,41921.9,41975.6,41835.3,41947.3,41345.0
1642645800000,41947.3,42062.6,41914.0,42008.4,80007.0
1642646700000,42008.5,42054.7,41974.1,41996.0,25411.0
1642647600000,41996.1,42088.0,41974.9,42003.5,37587.0
1642648500000,42003.5,42047.1,41950.0,41950.0,30715.0
1642649400000,41950.0,41979.1,41885.5,41926.7,37495.0
1642650300000,41929.7,41964.3,41906.1,41935.5,25834.0
1642651200000,41935.5,41996.0,41910.0,41911.6,28696.0
1642652100000,41911.6,41935.0,41880.0,41888.9,23339.0
1642653000000,41888.9,41977.9,41876.7,41896.4,40129.0
1642653900000,41893.7,41945.9,41880.0,41900.6,22578.0
1642654800000,41900.6,41950.0,41880.0,41885.8,21783.0
1642655700000,41888.7,41938.7,41770.7,41805.5,74479.0
1642656600000,41805.5,41884.7,41792.5,41860.0,29580.0
1642657500000,41858.1,41903.4,41806.3,41897.2,40831.0
1642658400000,41897.3,42004.3,41889.1,41962.9,56698.0
1642659300000,41962.9,42066.8,41912.2,42042.4,46561.0
1642660200000,42042.3,42051.3,41992.4,42025.4,51940.0
1642661100000,42025.4,42048.3,41983.1,42012.6,35931.0
1642662000000,42012.6,42018.5,41958.8,42007.0,26860.0
1642662900000,42004.4,42004.4,41929.0,41970.0,37317.0
1642663800000,41971.1,42158.0,41953.9,42094.0,58068.0
1642664700000,42094.0,42122.3,42019.9,42060.5,50537.0
1642665600000,42060.6,42079.1,41955.1,41960.5,54988.0
1642666500000,41960.5,41967.8,41862.6,41917.0,59525.0
1642667400000,41917.1,41970.0,41880.0,41899.7,33677.0
1642668300000,41899.7,41986.6,41883.7,41966.0,24508.0
1642669200000,41965.9,41999.0,41845.0,41845.1,36843.0
1642670100000,41845.0,41936.0,41816.4,41909.9,21096.0
1642671000000,41909.9,42071.5,41895.0,42059.6,52494.0
1642671900000,42059.6,42097.8,42008.4,42052.4,43303.0
1642672800000,42053.9,42152.9,42026.5,42086.3,62243.0
1642673700000,42086.3,42153.0,42066.1,42096.6,42597.0
1642674600000,42096.7,42133.0,42037.1,42053.4,32729.0
1642675500000,42050.4,42115.4,42010.1,42106.4,33531.0
1642676400000,42106.4,42238.9,42106.4,42169.5,94486.0
1642677300000,42169.5,42198.5,42066.0,42082.5,52364.0
1642678200000,42085.4,42116.8,42052.0,42108.7,29564.0
1642679100000,42108.6,42165.4,42077.3,42126.7,29521.0
1642680000000,42126.8,42129.2,41950.0,42023.4,112669.0
1642680900000,42024.1,42040.0,41931.9,41996.1,60401.0
1642681800000,41996.0,42004.4,41946.4,41989.4,46550.0
1642682700000,41991.9,42095.3,41937.6,42041.0,46897.0
1642683600000,42040.9,42100.2,42002.0,42058.8,71137.0
1642684500000,42059.4,42111.0,41988.5,42051.1,48423.0
1642685400000,42051.1,42444.0,42050.0,42419.3,278695.0
1642686300000,42419.2,42477.0,42353.9,42394.4,186009.0
1642687200000,42391.5,42500.0,42375.4,42489.3,127116.0
1642688100000,42489.4,42525.0,42402.6,42407.6,96635.0
1642689000000,42407.5,42850.0,42402.8,42734.3,420810.0
1642689900000,42734.3,43072.8,42730.0,42972.3,327252.0
1642690800000,42972.4,43447.0,42942.2,43166.4,480575.0
1642691700000,43166.4,43306.0,43066.0,43286.9,225833.0
1642692600000,43286.9,43410.0,43159.5,43192.2,164810.0
1642693500000,43192.2,43350.0,43133.0,43291.6,136737.0
1642694400000,43293.7,43502.6,43177.3,43243.8,238742.0
1642695300000,43236.4,43314.6,43166.0,43314.5,112359.0
1642696200000,43314.6,43400.0,43189.0,43210.0,99684.0
1642697100000,43210.0,43356.8,43201.9,43277.8,66230.0
1642698000000,43277.9,43306.1,43184.9,43200.7,59541.0
1642698900000,43200.8,43248.1,43170.0,43233.0,48244.0
1642699800000,43234.7,43273.1,43100.0,43101.0,56128.0
1642700700000,43101.1,43126.5,43001.3,43047.2,79920.0
1642701600000,43047.2,43055.6,42933.5,43038.8,95383.0
1642702500000,43038.9,43045.9,42904.6,42957.3,68843.0
1642703400000,42957.4,43049.8,42878.0,43007.5,62309.0
1642704300000,43007.4,43102.0,42817.8,42841.9,92120.0
1642705200000,42842.0,43242.5,42833.8,42944.2,171445.0
1642706100000,42944.2,43139.9,42944.2,43078.6,66628.0
1642707000000,43077.9,43077.9,42903.2,42923.9,57400.0
1642707900000,42921.9,42962.4,42890.0,42924.8,37182.0
1642708800000,42924.7,42986.1,42770.0,42786.0,77269.0
1642709700000,42783.1,42849.7,42713.5,42717.7,77411.0
1642710600000,42718.1,42731.8,42642.0,42646.1,82605.0
1642711500000,42646.0,42758.5,42580.0,42727.4,91836.0
1642712400000,42727.3,42735.3,42555.0,42555.0,50650.0
1642713300000,42555.0,42629.5,42419.0,42419.0,104083.0
1642714200000,42419.0,42446.8,41411.7,41760.0,523632.0
1642715100000,41760.0,41760.0,41312.7,41326.8,333382.0
1642716000000,41326.8,41552.9,40930.7,41331.1,471089.0
1642716900000,41328.8,41523.2,41162.6,41456.3,139433.0
1642717800000,41456.3,41477.4,41175.1,41207.6,84423.0
1642718700000,41205.3,41286.1,40690.1,41163.5,251832.0
1642719600000,41165.3,41174.9,40919.5,40985.5,251042.0
1642720500000,40985.5,40985.5,40579.5,40832.1,334211.0
1642721400000,40832.1,40892.7,40685.4,40870.9,163349.0
1642722300000,40870.8,40880.0,40556.0,40668.5,222531.0
1642723200000,40667.5,40744.6,40254.7,40621.4,383781.0
1642724100000,40621.4,40985.2,40564.9,40912.0,235305.0
1642725000000,40912.1,41093.8,40805.8,41037.0,179405.0
1642725900000,41038.4,41038.4,40816.2,40895.7,127595.0
1642726800000,40895.7,40929.5,40637.3,40769.2,111038.0
1642727700000,40769.2,40838.1,40688.0,40707.5,78437.0
1642728600000,40707.5,40707.5,39866.0,39994.0,513079.0
1642729500000,39994.0,40001.5,39718.0,39754.3,425734.0
1642730400000,39754.3,39980.0,39669.9,39775.8,291633.0
1642731300000,39775.7,40266.0,39165.1,40158.8,808968.0
1642732200000,40159.1,40165.0,39749.9,39780.1,322261.0
1642733100000,39780.1,39992.9,39720.8,39836.6,243330.0
1642734000000,39835.0,39942.9,39299.0,39652.9,382817.0
1642734900000,39653.5,39687.0,38583.3,38939.8,615300.0
1642735800000,38939.8,38985.7,38200.0,38640.7,890549.0
1642736700000,38640.6,38852.9,38353.5,38453.4,354686.0
1642737600000,38453.4,38850.0,38428.4,38748.1,241694.0
1642738500000,38744.3,38836.8,38614.6,38773.3,121712.0
1642739400000,38773.3,39074.5,38651.2,38830.1,194580.0
1642740300000,38830.1,38888.8,38747.5,38823.3,104850.0
1642741200000,38825.5,38948.0,38683.4,38771.1,148681.0
1642742100000,38771.1,38850.0,38720.9,38773.9,103165.0
1642743000000,38776.8,38946.5,38740.1,38905.1,84335.0
1642743900000,38905.1,38975.4,38847.2,38894.0,101618.0
1642744800000,38894.0,38915.4,38781.4,38803.5,76052.0
1642745700000,38805.3,38839.6,38692.2,38760.0,95292.0
1642746600000,38759.9,38784.6,38570.7,38622.1,117786.0
1642747500000,38622.1,38751.2,38533.0,38668.5,97891.0
1642748400000,38668.2,38807.2,38542.5,38807.1,152745.0
1642749300000,38807.0,38870.0,38757.8,38830.6,60696.0
1642750200000,38830.6,38887.3,38722.4,38861.9,74423.0
1642751100000,38861.8,39171.9,38860.7,39119.9,252076.0
1642752000000,39119.9,39275.0,38990.7,39136.7,214387.0
1642752900000,39136.6,39163.2,39030.0,39149.9,151705.0
1642753800000,39148.9,39194.8,39086.0,39111.5,105726.0
1642754700000,39111.5,39213.4,39010.2,39152.4,116643.0
1642755600000,39152.4,39180.3,38926.5,38978.9,180356.0
1642756500000,38978.9,39100.0,38946.4,39040.0,98445.0
1642757400000,39040.1,39095.3,38907.9,39020.5,108229.0
1642758300000,39020.4,39097.8,38961.7,38961.7,62387.0
1642759200000,38961.8,39075.0,38855.1,38974.1,175638.0
1642760100000,38974.1,39068.1,38948.2,39025.5,65946.0
1642761000000,39025.5,39086.0,38933.8,38964.0,53130.0
1642761900000,38961.5,39040.6,38893.0,38976.8,55461.0
1642762800000,38976.7,38985.7,38765.0,38827.1,125588.0
1642763700000,38827.0,38845.9,38659.3,38843.3,150632.0
1642764600000,38840.9,38878.0,38690.0,38872.4,106439.0
1642765500000,38872.4,38913.9,38772.4,38896.0,82578.0
1642766400000,38895.9,38928.8,38521.0,38602.2,186455.0
1642767300000,38602.2,38738.8,38434.8,38548.2,174825.0
1642768200000,38548.2,38548.2,37673.9,37994.5,760664.0
1642769100000,37996.6,38300.0,37880.2,38181.6,311468.0
1642770000000,38181.5,38533.5,38157.0,38413.7,284795.0
1642770900000,38414.2,38514.2,38322.4,38398.3,114714.0
1642771800000,38398.4,38706.4,38161.8,38652.6,201504.0
1642772700000,38652.5,38750.0,38426.0,38503.3,135659.0
1642773600000,38504.5,38575.0,38267.7,38371.3,106837.0
1642774500000,38371.2,38610.8,38266.7,38607.8,140323.0
1642775400000,38608.5,38888.0,38376.3,38397.3,425075.0
1642776300000,38398.0,38649.9,38278.0,38434.2,368908.0
1642777200000,38434.2,38600.0,38232.2,38336.5,304051.0
1642778100000,38334.2,38563.2,38108.5,38459.8,296485.0
1642779000000,38462.2,38888.0,38428.9,38774.4,435476.0
1642779900000,38774.4,39035.5,38675.2,38855.5,334018.0
1642780800000,38858.2,38945.6,38677.0,38760.3,264720.0
1642781700000,38760.4,39060.1,38720.0,38934.9,193878.0
1642782600000,38932.5,38932.5,38651.0,38676.4,187255.0
1642783500000,38676.4,38743.3,38507.2,38725.4,201155.0
1642784400000,38725.5,38759.9,38437.9,38458.8,165270.0
1642785300000,38457.2,38544.3,38374.5,38501.0,155776.0
1642786200000,38501.0,38572.7,38284.8,38375.5,201268.0
1642787100000,38375.4,38421.9,38285.8,38377.1,102486.0
1642788000000,38380.1,38638.4,38368.6,38578.8,134801.0
1642788900000,38577.6,38609.0,38058.0,38185.5,292217.0
1642789800000,38185.5,38488.0,37810.9,38390.8,409473.0
1642790700000,38386.3,38481.1,38220.8,38270.6,118183.0
1642791600000,38267.3,38451.8,38233.2,38344.3,96721.0
1642792500000,38347.8,38509.1,38181.2,38235.9,100194.0
1642793400000,38235.1,38296.2,38021.5,38213.3,171259.0
1642794300000,38214.6,38292.5,37950.1,37984.1,147972.0
1642795200000,37984.2,38168.9,37570.8,37640.0,354594.0
1642796100000,37643.6,38120.7,37597.6,37761.4,343743.0
1642797000000,37764.4,38396.8,37755.2,38201.5,381718.0
1642797900000,38202.6,38469.1,37930.5,38347.1,327799.0
1642798800000,38347.1,38450.4,38231.1,38244.0,142935.0
1642799700000,38240.0,38320.0,37976.5,38024.7,77242.0
1642800600000,38024.8,38094.5,37324.0,37473.5,649475.0
1642801500000,37468.9,37468.9,36118.9,36648.7,1208592.0
1642802400000,36649.5,37138.8,36575.1,36835.7,300310.0
1642803300000,36835.8,37026.0,36422.0,36978.4,158501.0
1642804200000,36978.4,36983.4,36272.8,36425.2,101481.0
1642805100000,36425.3,36547.0,35413.6,36102.8,815611.0
1642806000000,36112.0,36504.9,35784.6,36367.1,637543.0
1642806900000,36367.1,36817.9,36271.0,36727.4,358558.0
1642807800000,36725.7,36767.3,36366.0,36429.1,183510.0
1642808700000,36429.0,36516.2,36300.0,36454.8,158543.0
1642809600000,36454.8,36829.5,36191.0,36345.9,275014.0
1642810500000,36345.8,36463.9,36148.1,36416.5,152293.0
1642811400000,36412.7,36710.9,36380.1,36551.1,197758.0
1642812300000,36551.0,36685.8,36471.4,36492.0,142763.0
1642813200000,36492.0,36496.0,36194.2,36203.4,180999.0
1642814100000,36206.5,36530.0,36161.7,36259.2,163534.0
1642815000000,36262.2,36610.0,36200.8,36491.0,173905.0
1642815900000,36487.7,36574.0,36401.8,36486.9,81466.0
1642816800000,36485.6,36504.9,36300.0,36475.3,75947.0
1642817700000,36475.3,36539.7,36258.2,36313.7,94043.0
1642818600000,36316.4,36465.3,36280.0,36413.5,80524.0
1642819500000,36413.6,36550.0,36334.7,36474.6,74204.0
1642820400000,36474.6,36688.0,36467.6,36585.2,163535.0
1642821300000,36585.1,36662.6,36502.2,36531.8,89328.0
1642822200000,36526.9,36588.6,35988.6,36129.2,297097.0
1642823100000,36129.2,36359.5,36088.0,36329.9,127335.0
1642824000000,36330.0,36417.9,36246.1,36404.7,162224.0
1642824900000,36404.8,36404.8,36285.2,36294.3,50691.0
1642825800000,36294.4,36348.0,36192.6,36314.5,76998.0
1642826700000,36314.5,36350.8,36245.5,36283.8,69788.0
1642827600000,36283.8,36340.0,36168.0,36315.5,106170.0
1642828500000,36315.4,36347.8,36143.6,36147.0,81091.0
1642829400000,36147.0,36210.4,35851.8,35915.4,179974.0
1642830300000,35915.5,36010.6,35598.7,35744.7,197504.0
1642831200000,35744.8,35938.7,35685.5,35715.6,177346.0
1642832100000,35715.7,35862.3,35560.7,35572.1,132678.0
1642833000000,35572.0,35988.6,35311.3,35921.0,389390.0
1642833900000,35923.5,35929.8,35622.7,35733.3,203557.0
1642834800000,35733.4,35899.0,35589.5,35750.0,168526.0
1642835700000,35749.9,35806.0,35221.6,35354.7,276324.0
1642836600000,35354.8,35596.9,35100.0,35553.1,347160.0
1642837500000,35553.1,35696.9,35400.0,35400.0,141549.0
1642838400000,35400.1,35783.9,35390.0,35633.8,169087.0
1642839300000,35633.8,35799.0,35470.6,35756.4,150849.0
1642840200000,35755.4,35810.0,35632.3,35664.4,94055.0
1642841100000,35664.3,35740.0,35564.0,35596.9,64337.0
1642842000000,35596.8,35732.3,35378.7,35507.2,138851.0
1642842900000,35510.4,35626.6,35376.2,35427.2,112759.0
1642843800000,35429.5,35484.3,34963.3,35141.5,327573.0
1642844700000,35141.5,35261.5,34635.6,34824.1,673296.0
1642845600000,34824.0,34950.0,33985.0,34457.5,847119.0
1642846500000,34457.8,35075.0,34258.0,34897.7,517487.0
1642847400000,34897.6,35925.8,34869.3,35626.7,694995.0
1642848300000,35626.7,35635.4,35215.8,35478.1,268567.0
1642849200000,35478.0,35649.6,35271.4,35290.2,193605.0
1642850100000,35287.2,35453.6,35250.0,35379.2,88279.0
1642851000000,35378.6,35436.9,35009.0,35064.0,181466.0
1642851900000,35063.9,35516.5,34806.7,35400.8,450215.0
1642852800000,35400.8,35685.5,35340.0,35568.8,263581.0
1642853700000,35568.8,35882.9,35330.2,35384.0,243886.0
1642854600000,35385.6,35694.8,35385.6,35581.6,161065.0
1642855500000,35581.5,35863.7,35574.3,35762.8,167979.0
1642856400000,35762.7,35831.6,35560.0,35804.4,137587.0
1642857300000,35801.5,36181.4,35750.1,35769.9,313591.0
1642858200000,35769.9,35856.0,35650.0,35701.0,119489.0
1642859100000,35700.0,35760.0,35514.9,35583.1,142238.0
1642860000000,35583.2,35640.0,35356.8,35374.0,158395.0
1642860900000,35377.3,35599.0,35377.2,35485.3,97929.0
1642861800000,35485.4,35656.5,35401.9,35490.5,99085.0
1642862700000,35490.5,35560.0,34978.0,35013.9,259776.0
1642863600000,35013.8,35338.7,35005.0,35124.6,297312.0
1642864500000,35124.6,35249.2,34959.6,35027.7,153649.0
1642865400000,35027.7,35171.1,34900.1,35018.6,161936.0
1642866300000,35018.6,35030.5,34804.4,34848.5,150153.0
1642867200000,34844.3,35466.9,34501.4,35352.4,521941.0
1642868100000,35350.6,35500.0,35135.2,35256.4,266390.0
1642869000000,35256.4,35339.0,35108.4,35194.3,140059.0
1642869900000,35192.0,35194.3,34838.7,35098.0,193762.0
1642870800000,35097.9,35211.4,34703.2,34847.3,191921.0
1642871700000,34847.3,35013.7,34589.9,34630.9,178633.0
1642872600000,34630.9,34812.0,34612.7,34726.9,149023.0
1642873500000,34726.8,34838.2,34477.6,34604.8,161595.0
1642874400000,34604.8,34649.7,34220.3,34503.0,279425.0
1642875300000,34502.9,34775.2,34390.6,34504.7,219179.0
1642876200000,34498.1,34519.9,34296.9,34393.4,165593.0
1642877100000,34394.0,34660.6,34379.1,34392.7,156104.0
1642878000000,34393.4,34700.1,34392.7,34632.2,122889.0
1642878900000,34635.2,34716.4,34360.0,34427.7,132906.0
1642879800000,34431.0,34680.0,34431.0,34626.2,101109.0
1642880700000,34629.3,34843.7,34444.1,34527.2,134339.0
1642881600000,34527.7,35333.9,34432.6,35281.8,302453.0
1642882500000,35278.9,35543.0,34834.6,34932.9,285630.0
1642883400000,34936.0,35175.3,34933.9,34933.9,117744.0
1642884300000,34932.0,35423.3,34672.6,35301.7,260932.0
1642885200000,35297.7,35358.0,35087.5,35120.6,96637.0
1642886100000,35120.7,35373.0,35106.0,35222.5,91296.0
1642887000000,35225.3,35538.8,35162.6,35492.0,83153.0
1642887900000,35488.8,35740.8,35327.4,35379.4,129543.0
1642888800000,35379.4,35395.6,35127.8,35249.7,91625.0
1642889700000,35252.4,35276.6,35017.2,35021.5,35821.0
1642890600000,35021.5,35100.0,34859.7,34923.0,47468.0
1642891500000,34923.0,34923.0,34728.3,34876.5,43461.0
1642892400000,34878.8,34964.7,34754.8,34949.9,45882.0
1642893300000,34948.2,35098.9,34891.5,35098.8,41122.0
1642894200000,35098.8,35103.6,34892.0,34903.3,38215.0
1642895100000,34903.3,35077.8,34883.2,35062.8,28390.0
1642896000000,35060.1,35275.2,34930.1,35166.6,160318.0
1642896900000,35166.5,35413.9,35102.0,35371.9,110826.0
1642897800000,35371.8,35444.4,35257.1,35260.1,77937.0
1642898700000,35260.1,35421.3,35251.9,35399.9,44348.0
1642899600000,35399.9,35399.9,35275.0,35304.6,46326.0
1642900500000,35304.6,35479.5,35263.7,35420.2,71414.0
1642901400000,35417.1,35520.0,35347.3,35399.9,99846.0
1642902300000,35399.9,35425.0,35295.5,35306.7,89004.0
1642903200000,35306.7,35337.0,35109.1,35137.5,67437.0
1642904100000,35137.5,35193.9,35110.1,35153.6,58793.0
1642905000000,35156.5,35259.2,35023.0,35036.6,93684.0
1642905900000,35036.6,35106.5,34830.2,34873.3,119845.0
1642906800000,34873.3,34963.2,34857.8,34881.1,62726.0
1642907700000,34881.2,34990.0,34820.6,34924.9,70948.0
1642908600000,34925.0,35088.0,34880.1,35049.9,65336.0
1642909500000,35050.0,35097.9,35000.0,35058.4,46852.0
1642910400000,35055.4,35200.0,34951.8,35189.7,92552.0
1642911300000,35189.7,35285.7,35112.2,35224.9,111823.0
1642912200000,35224.9,35280.6,35168.9,35200.0,90851.0
1642913100000,35200.0,35248.1,35152.6,35226.1,71246.0
1642914000000,35226.1,35288.0,34945.1,34996.0,139181.0
1642914900000,34992.9,35089.4,34951.6,35056.2,53480.0
1642915800000,35056.3,35216.5,35056.3,35128.3,53110.0
1642916700000,35131.2,35578.3,35067.7,35444.4,317406.0
1642917600000,35444.4,35522.2,35291.1,35313.2,150278.0
1642918500000,35310.2,35517.2,35292.0,35309.5,132108.0
1642919400000,35309.5,35345.2,35175.9,35240.0,110479.0
1642920300000,35240.0,35304.7,35191.0,35281.6,58905.0
1642921200000,35284.7,35491.1,35235.3,35491.1,93436.0
1642922100000,35491.1,35711.0,35472.8,35680.7,185092.0
1642923000000,35680.6,35761.8,35578.3,35666.4,114556.0
1642923900000,35666.4,35666.4,35552.2,35572.0,76171.0
1642924800000,35572.0,35969.9,35326.3,35688.2,603841.0
1642925700000,35690.3,35792.2,35430.1,35471.0,220477.0
1642926600000,35466.3,35762.2,35451.0,35667.2,162382.0
1642927500000,35667.1,35865.5,35592.0,35865.5,70899.0
1642928400000,35865.0,35941.6,35742.1,35897.2,166726.0
1642929300000,35900.1,36032.4,35800.0,36020.6,220451.0
1642930200000,36020.6,36180.0,35888.9,35920.0,235918.0
1642931100000,35919.9,35977.8,35861.5,35877.8,87688.0
1642932000000,35880.8,35899.6,35716.4,35823.0,149268.0
1642932900000,35822.9,35869.0,35677.5,35835.1,98449.0
1642933800000,35835.1,35895.7,35777.2,35879.6,58751.0
1642934700000,35882.5,35975.0,35677.0,35898.9,147075.0
1642935600000,35899.0,35905.2,35808.4,35849.9,46153.0
1642936500000,35849.9,35867.3,35715.0,35743.6,63415.0
1642937400000,35743.7,35743.7,35628.6,35672.2,91332.0
1642938300000,35673.7,35734.2,35638.9,35691.6,41151.0
1642939200000,35691.6,35738.9,35607.7,35624.9,66557.0
1642940100000,35624.9,35800.0,35572.0,35703.1,239694.0
1642941000000,35703.1,35733.3,35627.0,35648.2,48096.0
1642941900000,35648.2,35833.6,35599.9,35802.6,106543.0
1642942800000,35802.6,35812.0,35706.8,35781.9,53580.0
1642943700000,35779.0,35911.6,35767.1,35866.9,76293.0
1642944600000,35866.9,35887.9,35801.0,35845.3,57318.0
1642945500000,35845.3,36062.6,35845.2,35966.3,138172.0
1642946400000,35966.1,36083.8,35746.5,35781.0,185302.0
1642947300000,35781.0,35781.1,35466.8,35617.2,209562.0
1642948200000,35617.6,35629.5,35368.3,35441.3,168560.0
1642949100000,35441.3,35488.0,35060.0,35332.0,439689.0
1642950000000,35332.0,35370.5,35190.6,35206.3,122113.0
1642950900000,35208.6,35370.4,35208.6,35270.1,95961.0
1642951800000,35270.0,35270.0,35129.5,35192.0,83594.0
1642952700000,35192.0,35354.7,35118.4,35295.5,98767.0
1642953600000,35295.5,35442.0,35247.7,35332.3,145787.0
1642954500000,35328.1,35403.9,35178.0,35178.0,87985.0
1642955400000,35178.0,35281.0,35160.0,35215.3,73988.0
1642956300000,35215.4,35318.0,35192.0,35224.2,50564.0
1642957200000,35224.1,35358.0,35196.9,35328.3,51517.0
1642958100000,35328.3,35356.0,35250.1,35320.4,65314.0
1642959000000,35320.4,35400.0,35300.1,35350.0,54271.0
1642959900000,35350.1,35437.4,35328.0,35333.5,51965.0
1642960800000,35333.4,35400.0,35240.0,35255.2,75953.0
1642961700000,35256.2,35296.2,35013.4,35128.0,109906.0
1642962600000,35127.9,35233.0,35020.0,35131.3,78041.0
1642963500000,35131.4,35160.4,34877.0,34959.4,161192.0
1642964400000,34959.3,35050.0,34895.2,34920.0,69308.0
1642965300000,34919.9,35128.0,34841.6,35094.3,121556.0
1642966200000,35094.3,35198.7,34641.6,34713.6,290487.0
1642967100000,34713.5,34889.3,34600.0,34778.3,262477.0
1642968000000,34778.3,35366.0,34704.8,35293.3,248180.0
1642968900000,35293.1,35391.8,35066.9,35093.5,166647.0
1642969800000,35093.5,35231.8,35070.0,35180.2,70644.0
1642970700000,35180.3,35305.0,35160.4,35294.5,76660.0
1642971600000,35294.4,35331.2,35103.6,35195.2,95813.0
1642972500000,35195.1,35449.1,35180.4,35293.9,99150.0
1642973400000,35296.9,35543.8,35213.9,35502.9,114134.0
1642974300000,35498.8,35570.8,35336.3,35357.7,108654.0
1642975200000,35354.5,35449.9,35285.0,35320.1,82917.0
1642976100000,35320.0,35481.6,35281.7,35381.4,59172.0
1642977000000,35381.4,35421.2,35344.3,35364.5,16194.0
1642977900000,35364.4,35554.5,35329.9,35520.3,46886.0
1642978800000,35520.3,36463.0,35395.8,36376.4,612763.0
1642979700000,36376.6,36516.9,36217.9,36339.9,309139.0
1642980600000,36340.0,36345.2,36131.0,36218.6,164757.0
1642981500000,36218.6,36324.1,36216.6,36258.6,138749.0
1642982400000,36258.1,36258.1,35938.0,35990.6,169042.0
1642983300000,35992.4,36068.4,35801.1,35835.3,179930.0
1642984200000,35835.4,35921.5,35766.0,35783.4,115070.0
1642985100000,35783.4,35950.0,35783.3,35853.0,99408.0
1642986000000,35852.5,35984.9,35820.9,35900.0,98918.0
1642986900000,35900.0,36052.2,35804.2,35810.0,106719.0
1642987800000,35809.0,35809.0,35636.3,35683.6,94878.0
1642988700000,35681.5,35722.6,35600.0,35654.0,113637.0
1642989600000,35654.0,35711.0,35572.9,35613.0,91600.0
1642990500000,35613.0,35660.1,35550.7,35583.3,69593.0
1642991400000,35585.3,35642.5,35333.0,35413.6,141654.0
1642992300000,35413.6,35489.5,35163.0,35197.0,181774.0
1642993200000,35198.4,35331.0,35168.1,35320.0,133323.0
1642994100000,35320.0,35333.1,35201.0,35209.7,89124.0
1642995000000,35209.7,35308.4,35209.7,35267.0,55897.0
1642995900000,35267.0,35394.4,35267.0,35331.0,90715.0
1642996800000,35331.0,35470.9,35301.9,35351.2,133931.0
1642997700000,35351.2,35416.2,35322.8,35355.1,61836.0
1642998600000,35352.0,35370.9,35200.0,35226.9,84558.0
1642999500000,35226.8,35252.0,35054.5,35116.8,146316.0
1643000400000,35116.7,35116.7,34984.8,35070.0,131833.0
1643001300000,35070.0,35150.0,35016.5,35032.5,82267.0
1643002200000,35032.5,35106.3,34938.0,35046.3,132869.0
1643003100000,35046.3,35252.0,35043.6,35190.0,124252.0
1643004000000,35190.0,35211.3,35061.4,35123.2,87280.0
1643004900000,35120.6,35358.1,35095.1,35323.6,143458.0
1643005800000,35323.6,35350.0,35257.2,35335.8,78433.0
1643006700000,35335.7,35335.8,35257.3,35270.8,54954.0
1643007600000,35272.8,35272.8,35121.3,35134.6,102097.0
1643008500000,35133.1,35320.0,35133.1,35245.0,85777.0
1643009400000,35247.8,35290.5,34987.0,34995.3,136835.0
1643010300000,34995.4,35065.8,34825.5,34886.7,236656.0
1643011200000,34889.3,35040.0,34856.7,35032.8,188807.0
1643012100000,35035.7,35158.9,35021.4,35147.3,134624.0
1643013000000,35147.4,35229.2,35099.3,35145.3,120817.0
1643013900000,35145.4,35590.0,34797.4,34966.3,724435.0
1643014800000,34966.3,35097.0,34889.3,34909.1,277625.0
1643015700000,34909.1,34938.6,34416.8,34729.4,630784.0
1643016600000,34728.1,34829.7,34486.0,34522.9,268186.0
1643017500000,34520.9,34680.0,34433.0,34517.1,307329.0
1643018400000,34519.4,34590.2,33520.1,33852.6,878422.0
1643019300000,33852.6,33988.6,33482.0,33537.3,579851.0
1643020200000,33541.3,33768.3,33404.7,33598.5,310609.0
1643021100000,33598.5,33739.0,33246.0,33279.1,561132.0
1643022000000,33279.2,33909.8,33023.3,33861.9,981697.0
1643022900000,33863.0,34180.0,33689.7,33785.8,653858.0
1643023800000,33783.2,33951.2,33602.5,33858.8,270819.0
1643024700000,33858.8,33983.8,33639.1,33700.6,262338.0
1643025600000,33700.6,33830.0,33546.0,33663.1,206454.0
1643026500000,33663.1,33675.0,33422.5,33586.6,153912.0
1643027400000,33583.9,33686.0,33336.3,33394.3,246378.0
1643028300000,33395.6,33663.9,33033.0,33109.0,522548.0
1643029200000,33111.5,33771.7,32914.7,33470.6,928424.0
1643030100000,33477.0,33666.0,33318.7,33525.2,281286.0
1643031000000,33525.2,33626.2,33250.7,33358.2,232902.0
1643031900000,33352.3,33596.0,33329.4,33335.3,219537.0
1643032800000,33330.7,33386.5,33107.3,33362.4,486171.0
1643033700000,33360.6,33663.7,33334.0,33596.7,368793.0
1643034600000,33596.8,34151.9,33393.7,33711.0,958994.0
1643035500000,33711.5,33841.8,33466.4,33631.9,529957.0
1643036400000,33631.9,33794.6,33206.1,33458.3,586180.0
1643037300000,33454.0,34062.4,33333.1,33882.8,532064.0
1643038200000,33886.8,34384.9,33877.2,34264.9,586026.0
1643039100000,34262.1,34359.5,34010.0,34242.2,297698.0
1643040000000,34245.8,34245.8,33979.8,34179.3,258339.0
1643040900000,34179.6,34485.3,34158.2,34433.2,383351.0
1643041800000,34433.2,34560.0,34007.7,34088.2,451304.0
1643042700000,34088.3,34400.0,33788.0,34391.3,439767.0
1643043600000,34392.3,34399.0,34181.6,34280.2,182957.0
1643044500000,34280.2,34784.5,34150.2,34636.3,359905.0
1643045400000,34630.0,35359.8,34552.5,35254.3,568262.0
1643046300000,35254.3,35500.0,35177.4,35346.2,401666.0
1643047200000,35343.5,36022.8,35174.6,35890.8,599654.0
1643048100000,35886.2,36235.0,35733.0,35773.3,499906.0
1643049000000,35769.9,36007.3,35741.3,35925.4,257369.0
1643049900000,35925.4,36428.0,35916.9,36175.4,494777.0
1643050800000,36175.5,36335.2,35923.3,35933.8,240519.0
1643051700000,35933.8,36008.7,35756.6,35848.6,188780.0
1643052600000,35848.6,36041.1,35672.7,35783.4,189750.0
1643053500000,35783.5,36113.4,35689.9,36071.0,176206.0
1643054400000,36070.6,36264.2,35948.4,36210.8,203640.0
1643055300000,36210.8,36345.8,35994.4,36090.8,200227.0
1643056200000,36091.4,36666.0,36011.9,36388.0,317922.0
1643057100000,36389.4,37573.6,36381.6,37213.9,649935.0
1643058000000,37213.9,37213.9,36815.0,36890.4,282470.0
1643058900000,36890.4,37055.3,36820.0,36887.1,105068.0
1643059800000,36890.5,37065.9,36830.0,36883.0,117938.0
1643060700000,36883.0,36918.7,36741.3,36810.2,92927.0
1643061600000,36810.2,36815.0,36637.1,36792.9,74675.0
1643062500000,36790.1,36844.4,36555.0,36567.4,58292.0
1643063400000,36569.9,36572.9,36262.8,36485.8,109470.0
1643064300000,36485.8,36485.8,36349.5,36380.7,47527.0
1643065200000,36377.7,36574.8,36367.8,36540.6,101896.0
1643066100000,36537.4,36693.3,36492.2,36541.8,94780.0
1643067000000,36540.9,36739.9,36462.9,36678.8,101527.0
1643067900000,36681.3,36766.2,36619.9,36664.6,65613.0
1643068800000,36660.1,36675.1,36402.1,36497.8,139207.0
1643069700000,36497.8,36663.9,36263.2,36280.9,125135.0
1643070600000,36276.2,36373.1,36268.0,36337.6,64848.0
1643071500000,36337.7,36372.9,36030.6,36050.2,151672.0
1643072400000,36050.2,36172.5,35980.0,36008.0,136463.0
1643073300000,36008.1,36181.9,35971.6,36130.1,96714.0
1643074200000,36130.2,36186.4,36034.9,36042.5,69504.0
1643075100000,36040.7,36158.8,36033.0,36129.7,77375.0
1643076000000,36129.6,36253.4,36100.0,36189.4,89906.0
1643076900000,36186.5,36233.9,36090.3,36171.9,63778.0
1643077800000,36171.1,36240.0,36156.4,36170.9,67819.0
1643078700000,36170.9,36334.0,36164.1,36310.7,81327.0
1643079600000,36310.7,36321.0,36174.1,36203.0,57086.0
1643080500000,36203.0,36265.4,36189.0,36253.7,55551.0
1643081400000,36255.0,36443.2,36255.0,36332.6,103816.0
1643082300000,36332.7,36455.0,36280.1,36418.7,83475.0
1643083200000,36418.7,36488.0,36345.9,36374.2,63489.0
1643084100000,36371.6,36415.8,36328.7,36400.8,64921.0
1643085000000,36400.9,36409.4,36150.0,36196.7,93456.0
1643085900000,36196.8,36197.3,35901.0,35953.9,130867.0
1643086800000,35950.9,36116.0,35916.7,36091.9,62058.0
1643087700000,36091.9,36103.3,35855.0,35872.2,123794.0
1643088600000,35872.3,36036.0,35856.0,36028.1,61476.0
1643089500000,36028.7,36090.2,35974.5,36065.9,51170.0
1643090400000,36065.8,36136.7,36003.6,36011.7,76783.0
1643091300000,36013.9,36043.1,35953.7,35993.9,61798.0
1643092200000,35993.9,36120.6,35924.9,35932.4,104389.0
1643093100000,35931.8,35979.9,35856.2,35856.3,61347.0
1643094000000,35856.3,35940.0,35699.9,35740.1,138381.0
1643094900000,35740.2,35895.9,35715.9,35885.3,82188.0
1643095800000,35885.3,36100.0,35878.8,36070.9,97487.0
1643096700000,36073.7,36119.2,35976.8,36071.1,71083.0
1643097600000,36072.8,36360.0,36009.9,36343.1,263279.0
1643098500000,36343.1,36554.9,36166.0,36179.9,303809.0
1643099400000,36180.0,36238.0,36027.9,36221.0,162252.0
1643100300000,36221.0,36307.0,36063.0,36076.6,104097.0
1643101200000,36076.7,36241.9,36040.0,36194.6,76995.0
1643102100000,36191.2,36398.0,36166.9,36369.3,94971.0
1643103000000,36372.3,36429.5,36275.5,36296.8,95322.0
1643103900000,36296.8,36515.0,36296.8,36409.4,103419.0
1643104800000,36409.4,36650.0,36337.2,36549.6,130821.0
1643105700000,36549.7,36791.7,36455.0,36480.1,181003.0
1643106600000,36482.5,36514.4,36311.7,36327.7,116837.0
1643107500000,36327.8,36439.2,36303.5,36427.0,92828.0
1643108400000,36427.0,36570.2,36348.3,36553.1,91406.0
1643109300000,36553.1,36605.1,36230.2,36269.0,114243.0
1643110200000,36269.0,36393.6,36231.8,36333.4,84749.0
1643111100000,36333.4,36477.9,36291.6,36398.5,97972.0
1643112000000,36398.6,36446.6,36242.4,36304.4,93539.0
1643112900000,36304.3,36475.5,36175.9,36449.4,107382.0
1643113800000,36449.3,36759.0,36399.0,36639.9,199239.0
1643114700000,36640.0,36651.4,36490.0,36516.4,107084.0
1643115600000,36516.5,36575.2,36333.1,36419.9,146508.0
1643116500000,36418.3,36577.0,36268.3,36298.2,163562.0
1643117400000,36298.2,36440.0,36256.0,36415.7,87858.0
1643118300000,36415.7,36525.0,36344.8,36495.6,84135.0
1643119200000,36494.2,36621.5,36371.4,36606.3,131742.0
1643120100000,36606.3,36888.0,36560.0,36585.3,234515.0
1643121000000,36584.3,37167.3,36457.7,36805.1,598983.0
1643121900000,36808.7,36823.2,36234.9,36295.9,447211.0
1643122800000,36295.9,36441.6,35965.1,36412.0,457893.0
1643123700000,36412.7,36665.5,36252.2,36646.2,300855.0
1643124600000,36643.2,36718.4,36335.6,36692.5,250795.0
1643125500000,36692.5,36765.5,36493.1,36548.7,246854.0
1643126400000,36549.6,36740.0,36523.2,36600.9,203618.0
1643127300000,36600.1,36912.0,36562.0,36783.6,237473.0
1643128200000,36783.5,36880.5,36657.1,36868.6,150181.0
1643129100000,36868.2,37072.5,36815.6,36828.0,174856.0
1643130000000,36827.9,37227.2,36779.2,37195.5,197135.0
1643130900000,37195.5,37488.0,37090.9,37335.2,280994.0
1643131800000,37332.2,37452.7,37142.3,37438.0,124898.0
1643132700000,37437.9,37467.2,37057.9,37279.6,209122.0
1643133600000,37276.3,37286.2,37123.3,37267.2,119939.0
1643134500000,37267.4,37598.0,37246.7,37421.6,189372.0
1643135400000,37421.6,37500.4,37250.0,37270.4,109305.0
1643136300000,37273.5,37375.5,37253.0,37329.3,78121.0
1643137200000,37329.3,37365.9,37161.2,37361.9,95380.0
1643138100000,37361.9,37416.1,37140.0,37160.1,68444.0
1643139000000,37162.1,37213.5,36906.7,37203.7,129725.0
1643139900000,37203.7,37265.1,37062.2,37062.2,103522.0
1643140800000,37062.2,37081.7,36811.0,36843.2,128396.0
1643141700000,36843.2,36993.8,36769.3,36782.2,104674.0
1643142600000,36782.2,37106.4,36617.5,37007.7,198743.0
1643143500000,37007.0,37100.0,36790.7,36860.5,148844.0
1643144400000,36857.3,36907.0,36605.0,36707.5,83829.0
1643145300000,36710.6,36726.6,36497.6,36544.8,83027.0
1643146200000,36541.9,36608.4,36422.2,36519.7,68587.0
1643147100000,36519.8,36665.0,36443.9,36559.6,89815.0
1643148000000,36559.6,36675.3,36557.2,36624.8,44364.0
1643148900000,36622.5,36655.3,36444.0,36597.7,49076.0
1643149800000,36600.1,36773.5,36550.5,36621.6,22798.0
1643150700000,36621.6,36784.0,36617.1,36784.0,19468.0
1643151600000,36784.0,36855.0,36710.5,36754.4,67244.0
1643152500000,36757.5,36979.1,36757.5,36932.5,78784.0
1643153400000,36932.5,36966.0,36841.0,36918.9,54324.0
1643154300000,36921.9,37044.6,36875.4,36962.5,92418.0
1643155200000,36965.9,37017.2,36793.0,36818.0,137323.0
1643156100000,36818.0,36895.1,36730.4,36845.4,97540.0
1643157000000,36845.6,36905.5,36786.3,36818.8,47462.0
1643157900000,36816.6,36843.7,36556.4,36636.3,89620.0
1643158800000,36636.4,36737.5,36556.9,36577.4,72195.0
1643159700000,36577.4,36739.3,36577.4,36723.3,60840.0
1643160600000,36723.3,36723.3,36590.0,36697.3,56736.0
1643161500000,36697.9,36920.2,36697.9,36845.3,93078.0
1643162400000,36847.2,37050.0,36831.9,37019.6,117645.0
1643163300000,37019.6,37025.5,36890.4,36900.4,56329.0
1643164200000,36900.1,36967.4,36838.7,36870.4,52423.0
1643165100000,36870.4,36895.2,36786.6,36817.2,47981.0
1643166000000,36817.2,37050.0,36795.5,37019.9,147695.0
1643166900000,37020.0,37207.2,36970.3,37150.9,174108.0
1643167800000,37150.9,37424.4,37150.9,37381.3,263305.0
1643168700000,37381.4,37492.4,37333.4,37383.2,185500.0
1643169600000,37383.1,37435.9,37291.1,37328.6,92232.0
1643170500000,37328.3,37354.2,37252.3,37327.5,64301.0
1643171400000,37327.4,37385.0,37280.0,37356.8,51772.0
1643172300000,37356.9,37877.0,37356.8,37782.0,388751.0
1643173200000,37782.0,37874.7,37592.0,37592.1,146805.0
1643174100000,37592.2,37725.9,37588.1,37693.4,105724.0
1643175000000,37693.4,37855.0,37646.4,37849.4,84690.0
1643175900000,37849.4,37999.0,37575.8,37580.0,236643.0
1643176800000,37580.0,37664.1,37572.1,37608.8,106758.0
1643177700000,37608.8,37788.0,37435.1,37456.3,186408.0
1643178600000,37456.3,37516.6,37322.8,37455.0,187116.0
1643179500000,37454.9,37455.0,37205.9,37289.3,170001.0
1643180400000,37289.3,37326.2,37142.8,37180.8,193956.0
1643181300000,37180.7,37279.9,37139.7,37196.9,102526.0
1643182200000,37199.2,37374.0,37172.1,37336.0,93676.0
1643183100000,37336.0,37348.9,37240.0,37343.1,68027.0
1643184000000,37343.2,37528.8,37340.2,37481.9,138895.0
1643184900000,37481.9,37595.0,37440.7,37521.2,88700.0
1643185800000,37521.1,37677.0,37519.4,37601.5,135133.0
1643186700000,37604.0,37655.6,37506.0,37594.9,98533.0
1643187600000,37594.9,37743.7,37584.9,37703.5,99074.0
1643188500000,37703.5,37987.5,37693.9,37766.6,239496.0
1643189400000,37766.5,37834.5,37658.0,37790.2,136558.0
1643190300000,37790.3,37895.7,37559.0,37630.8,214182.0
1643191200000,37630.9,37772.5,37552.6,37690.8,132338.0
1643192100000,37690.8,37740.1,37608.1,37713.3,70113.0
1643193000000,37713.4,37848.0,37713.4,37813.0,71159.0
1643193900000,37813.0,38180.0,37776.6,37933.0,272811.0
1643194800000,37933.1,38250.0,37781.2,37832.4,314725.0
1643195700000,37832.3,37893.9,37771.8,37844.0,101065.0
1643196600000,37843.9,38034.0,37827.5,37961.4,118039.0
1643197500000,37961.4,38074.5,37908.4,38067.4,87666.0
1643198400000,38067.4,38078.0,37858.0,37858.1,92215.0
1643199300000,37858.1,37880.0,37783.9,37820.1,111813.0
1643200200000,37820.0,37926.8,37755.0,37792.4,99422.0
1643201100000,37792.3,37832.1,37745.2,37750.0,87712.0
1643202000000,37750.0,37992.9,37583.0,37704.3,312228.0
1643202900000,37704.4,38043.1,37657.0,37978.1,191211.0
1643203800000,37978.1,37994.6,37885.4,37931.2,122470.0
1643204700000,37931.2,38291.5,37931.2,38193.8,317199.0
1643205600000,38193.8,38485.0,38130.9,38444.0,394478.0
1643206500000,38443.9,38499.0,38323.8,38394.7,262886.0
1643207400000,38398.3,38421.2,38051.5,38058.6,240706.0
1643208300000,38058.6,38264.5,38058.6,38218.9,150559.0
1643209200000,38219.0,38347.7,38144.1,38167.2,155546.0
1643210100000,38167.2,38197.4,37836.4,37915.9,195538.0
1643211000000,37912.9,38037.7,37851.8,37943.1,171340.0
1643211900000,37946.0,38034.9,37813.6,37998.0,180288.0
1643212800000,37995.0,38138.6,37921.6,38134.2,125543.0
1643213700000,38134.1,38178.0,38060.0,38120.6,115420.0
1643214600000,38121.9,38219.2,38025.2,38168.9,141851.0
1643215500000,38168.8,38287.1,38132.4,38262.0,84183.0
1643216400000,38262.1,38353.2,38259.1,38281.1,127595.0
1643217300000,38281.0,38304.6,38181.2,38222.5,71320.0
1643218200000,38222.5,38225.0,38008.6,38123.0,93807.0
1643219100000,38123.0,38146.1,38029.0,38044.2,71354.0
1643220000000,38044.2,38061.1,37566.1,37817.1,325331.0
1643220900000,37817.0,37890.9,37650.0,37800.2,168207.0
1643221800000,37800.1,37868.2,37689.9,37721.3,60764.0
1643222700000,37721.3,38302.8,37670.3,37963.9,255505.0
1643223600000,37969.5,38896.5,37821.3,37876.9,1036493.0
1643224500000,37876.9,38378.1,37400.0,38215.4,641656.0
1643225400000,38212.4,38347.0,37720.0,37806.0,434332.0
1643226300000,37801.5,37942.1,37487.6,37574.3,353097.0
1643227200000,37574.3,37574.3,37075.0,37090.4,310165.0
1643228100000,37090.4,37278.8,36682.7,37199.6,316246.0
1643229000000,37193.4,37288.0,36700.0,37078.1,212898.0
1643229900000,37078.1,37143.8,36861.2,37016.8,144573.0
1643230800000,37017.7,37168.0,36973.1,37030.0,79956.0
1643231700000,37030.0,37063.1,36720.3,36883.7,107806.0
1643232600000,36881.6,36904.2,36510.0,36528.4,126031.0
1643233500000,36528.4,36568.7,36325.5,36340.6,150914.0
1643234400000,36340.5,36482.2,36254.4,36320.0,100853.0
1643235300000,36319.9,36432.5,36293.0,36340.0,58175.0
1643236200000,36340.0,36583.6,36330.0,36466.7,79378.0
1643237100000,36464.8,36530.7,36400.0,36502.4,64955.0
1643238000000,36502.4,36799.9,36440.1,36691.7,170888.0
1643238900000,36691.7,36822.9,36626.1,36806.6,66275.0
1643239800000,36806.6,36858.0,36750.5,36808.1,66800.0
1643240700000,36808.2,36885.8,36760.1,36812.3,81455.0
1643241600000,36812.2,36951.9,36705.8,36904.6,167657.0
1643242500000,36904.5,37068.2,36878.4,36995.6,113998.0
1643243400000,36995.5,37044.5,36898.0,37014.3,79545.0
1643244300000,37014.4,37027.2,36927.2,36993.5,69236.0
1643245200000,36993.4,36993.4,36823.7,36842.9,126206.0
1643246100000,36843.9,36861.7,36588.0,36675.1,134429.0
1643247000000,36675.0,36675.0,36132.7,36255.2,330336.0
1643247900000,36255.2,36285.3,35834.4,35885.3,289853.0
1643248800000,35885.2,35925.4,35764.2,35873.3,211179.0
1643249700000,35874.8,35976.0,35663.6,35855.5,187381.0
1643250600000,35855.5,35885.7,35705.9,35847.8,112304.0
1643251500000,35847.8,36023.6,35847.8,36009.0,123726.0
1643252400000,36009.0,36229.2,35988.5,36113.7,147909.0
1643253300000,36116.5,36213.0,36092.7,36196.6,81877.0
1643254200000,36196.6,36196.6,35535.3,35593.3,259878.0
1643255100000,35593.3,35771.3,35512.0,35748.7,255663.0
1643256000000,35750.9,36013.0,35700.0,35868.8,167918.0
1643256900000,35868.0,35927.7,35741.0,35801.1,117437.0
1643257800000,35801.1,35888.0,35770.2,35780.0,82922.0
1643258700000,35780.1,35988.5,35780.1,35938.6,87745.0
1643259600000,35938.7,36103.7,35853.9,35861.7,150161.0
1643260500000,35861.7,36063.2,35833.1,35987.0,88810.0
1643261400000,35989.9,36065.9,35897.7,35942.7,98544.0
1643262300000,35942.8,36009.0,35929.5,35979.9,80712.0
1643263200000,35976.9,35999.9,35856.4,35930.0,85519.0
1643264100000,35933.0,35995.4,35898.5,35928.3,64644.0
1643265000000,35928.4,36144.0,35914.9,36088.5,90211.0
1643265900000,36088.5,36160.0,36045.2,36133.9,71583.0
1643266800000,36133.9,36145.4,35970.0,35995.7,94945.0
1643267700000,35995.7,36300.0,35995.7,36230.0,127017.0
1643268600000,36229.9,36278.4,36185.1,36215.9,73291.0
1643269500000,36213.7,36225.0,36136.3,36167.9,63975.0
1643270400000,36170.1,36222.9,36095.3,36222.9,71215.0
1643271300000,36222.8,36228.4,36100.4,36140.6,81334.0
1643272200000,36140.7,36217.0,35812.1,36211.8,226162.0
1643273100000,36209.9,36497.5,36201.2,36438.5,213191.0
1643274000000,36438.5,36495.7,36338.5,36426.3,127110.0
1643274900000,36426.3,36589.9,36371.0,36550.1,164849.0
1643275800000,36550.2,36605.0,36469.7,36586.5,73284.0
1643276700000,36586.4,36619.2,36500.0,36525.0,65493.0
1643277600000,36525.0,36658.0,36493.9,36602.0,93605.0
1643278500000,36602.0,36625.9,36522.6,36546.7,74533.0
1643279400000,36546.7,36546.8,36428.1,36428.1,82943.0
1643280300000,36428.0,36470.1,36308.0,36326.2,107826.0
1643281200000,36326.2,36486.0,36312.5,36479.9,82069.0
1643282100000,36480.0,36644.4,36430.0,36626.2,116042.0
1643283000000,36626.2,36804.0,36610.6,36712.0,224560.0
1643283900000,36712.0,36726.9,36592.8,36704.8,86845.0
1643284800000,36702.5,36789.0,36630.7,36754.7,129184.0
1643285700000,36751.8,36788.0,36624.1,36638.1,89376.0
1643286600000,36638.1,36684.0,36496.4,36550.1,102478.0
1643287500000,36550.1,36757.1,36542.7,36686.5,87075.0
1643288400000,36686.5,36829.0,36627.8,36727.0,121206.0
1643289300000,36727.0,36803.6,36682.5,36711.3,124495.0
1643290200000,36711.3,36731.9,36551.4,36683.0,139876.0
1643291100000,36683.0,36869.0,36682.9,36840.4,121618.0
1643292000000,36840.4,36950.0,36768.3,36944.1,134969.0
1643292900000,36944.0,37020.0,36830.0,36898.8,186951.0
1643293800000,36898.8,37238.0,36691.4,36997.2,460184.0
1643294700000,36997.3,37117.0,36788.0,36885.2,192509.0
1643295600000,36885.2,37036.4,36752.3,37000.3,213795.0
1643296500000,37000.6,37024.5,36689.7,36699.0,153878.0
1643297400000,36699.0,36768.0,36581.0,36738.8,177894.0
1643298300000,36741.4,36754.2,36524.3,36652.3,136483.0
1643299200000,36652.4,36687.9,36441.4,36527.2,160282.0
1643300100000,36527.2,36533.2,36333.1,36440.6,155621.0
1643301000000,36440.5,36795.6,36410.9,36593.0,242052.0
1643301900000,36594.1,36644.1,36459.7,36525.5,111328.0
1643302800000,36528.7,36600.0,36268.4,36304.4,168496.0
1643303700000,36304.4,36393.0,36171.8,36335.6,150644.0
1643304600000,36335.1,36377.0,36156.2,36241.1,134621.0
1643305500000,36241.1,36384.9,36184.9,36291.6,109543.0
1643306400000,36290.1,36349.2,36072.7,36168.7,141572.0
1643307300000,36168.7,36289.4,36040.0,36051.9,105881.0
1643308200000,36049.9,36185.7,36022.0,36109.1,115710.0
1643309100000,36109.1,36322.0,36055.0,36218.7,126743.0
1643310000000,36218.6,36325.3,36208.5,36229.4,78681.0
1643310900000,36232.4,36267.1,36095.5,36129.8,90283.0
1643311800000,36129.9,36265.0,35873.9,36249.6,287612.0
1643312700000,36249.6,36294.7,36159.9,36218.9,194924.0
1643313600000,36216.3,36449.1,36166.7,36187.4,175165.0
1643314500000,36184.7,36203.0,36003.0,36050.1,160238.0
1643315400000,36050.1,36076.4,35736.2,35898.9,235675.0
1643316300000,35898.9,36005.3,35561.2,35582.3,213492.0
1643317200000,35584.0,35734.9,35539.8,35607.6,203378.0
1643318100000,35600.7,35835.9,35598.0,35672.5,124459.0
1643319000000,35675.4,35903.9,35638.8,35897.2,133620.0
1643319900000,35898.2,36332.8,35884.2,36198.2,226444.0
1643320800000,36198.2,36204.7,35906.1,35914.0,122131.0
1643321700000,35913.9,36222.0,35908.1,36123.7,79026.0
1643322600000,36123.8,36815.8,36023.0,36656.2,150205.0
1643323500000,36656.9,37000.0,36656.9,36708.0,177734.0
1643324400000,36708.0,37043.1,36703.0,37023.1,227625.0
1643325300000,37023.5,37044.7,36809.3,36856.6,143518.0
1643326200000,36858.2,37084.3,36803.9,37005.1,180473.0
1643327100000,37005.1,37230.1,36971.1,37157.5,152233.0
1643328000000,37160.5,37462.0,37068.7,37368.6,253594.0
1643328900000,37368.7,37390.0,37141.8,37209.1,115176.0
1643329800000,37209.2,37236.0,37100.0,37110.4,105519.0
1643330700000,37113.3,37210.0,37093.0,37164.2,72714.0
1643331600000,37163.9,37202.0,37100.0,37173.1,62593.0
1643332500000,37172.9,37192.9,36947.2,36958.7,79506.0
1643333400000,36958.7,36969.2,36733.7,36823.6,166012.0
1643334300000,36823.6,36942.9,36810.9,36877.5,111361.0
1643335200000,36878.2,36911.9,36633.4,36744.2,215162.0
1643336100000,36745.2,36800.7,36694.4,36793.1,67595.0
1643337000000,36793.2,36833.5,36745.8,36807.0,81209.0
1643337900000,36807.0,36977.0,36803.8,36950.1,77133.0
1643338800000,36950.1,37444.0,36913.5,37420.7,255475.0
1643339700000,37420.7,37448.0,37234.5,37304.8,115810.0
1643340600000,37304.9,37360.0,37211.7,37359.9,63226.0
1643341500000,37359.9,37386.4,37271.5,37350.5,64247.0
1643342400000,37353.0,37452.9,37259.4,37328.4,86359.0
1643343300000,37331.0,37353.0,37240.0,37250.0,46973.0
1643344200000,37250.1,37307.8,37184.3,37190.1,55028.0
1643345100000,37192.6,37243.4,37000.0,37227.4,156446.0
1643346000000,37227.3,37237.5,37100.0,37122.6,66603.0
1643346900000,37122.6,37283.0,37122.6,37279.4,47840.0
1643347800000,37281.4,37343.0,37228.0,37313.2,46246.0
1643348700000,37313.2,37313.8,37170.1,37208.8,35739.0
1643349600000,37208.7,37444.0,37175.4,37394.7,116806.0
1643350500000,37394.7,37398.9,37295.8,37342.0,42352.0
1643351400000,37342.0,37495.0,37141.3,37180.5,152418.0
1643352300000,37180.5,37205.5,36902.2,36908.5,162427.0
1643353200000,36908.5,37018.5,36841.1,36943.6,132563.0
1643354100000,36943.6,37108.6,36915.4,36942.8,103058.0
1643355000000,36942.8,37044.9,36800.0,37019.3,132531.0
1643355900000,37017.8,37034.2,36784.0,36810.3,87697.0
1643356800000,36810.3,36899.0,36667.7,36689.9,151510.0
1643357700000,36689.1,36711.7,36453.0,36626.8,203347.0
1643358600000,36626.8,36674.0,36525.7,36527.7,117334.0
1643359500000,36527.6,36686.3,36423.4,36660.9,126920.0
1643360400000,36660.8,36728.7,36533.0,36719.5,89947.0
1643361300000,36719.4,36864.4,36643.5,36681.9,128123.0
1643362200000,36679.9,36704.5,36421.2,36497.3,130339.0
1643363100000,36497.4,36598.7,36483.7,36489.6,72558.0
1643364000000,36489.7,36565.9,36326.1,36503.9,133293.0
1643364900000,36505.0,36653.1,36471.6,36590.1,98744.0
1643365800000,36590.1,36679.8,36555.9,36637.8,74860.0
1643366700000,36637.7,36684.6,36508.0,36615.7,76766.0
1643367600000,36615.6,36656.3,36475.1,36552.7,67319.0
1643368500000,36552.8,36588.5,36338.1,36407.5,135640.0
1643369400000,36405.6,36483.8,36354.0,36407.8,63760.0
1643370300000,36407.8,36497.1,36388.7,36451.7,59522.0
1643371200000,36454.2,36621.9,36383.4,36508.9,87249.0
1643372100000,36508.9,36573.6,36201.9,36347.6,139710.0
1643373000000,36347.6,36433.6,36180.8,36210.7,144364.0
1643373900000,36210.7,36300.0,36178.1,36282.0,100089.0
1643374800000,36285.0,36359.5,36229.4,36340.0,110670.0
1643375700000,36341.8,36515.2,36335.4,36346.8,116342.0
1643376600000,36347.8,37010.1,36347.8,36792.9,464379.0
1643377500000,36794.8,36974.4,36724.4,36912.6,166360.0
1643378400000,36913.1,37125.9,36828.7,36926.4,206243.0
1643379300000,36926.4,37080.0,36924.9,37062.6,102927.0
1643380200000,37062.6,37092.0,36661.8,36695.5,331953.0
1643381100000,36695.6,36833.7,36614.1,36769.0,180873.0
1643382000000,36771.9,37210.0,36700.0,37165.6,282267.0
1643382900000,37158.4,37316.4,36926.1,36979.1,294620.0
1643383800000,36979.2,37111.0,36884.2,37027.4,163818.0
1643384700000,37027.4,37291.2,37008.4,37185.7,166347.0
1643385600000,37187.6,37342.5,37098.8,37229.9,172072.0
1643386500000,37230.0,37378.7,37119.4,37140.8,151448.0
1643387400000,37140.8,37260.9,37058.8,37194.0,129644.0
1643388300000,37191.8,37208.7,37006.4,37104.2,114352.0
1643389200000,37106.1,37198.6,37009.2,37053.7,92902.0
1643390100000,37054.7,37109.6,36913.0,36941.2,114446.0
1643391000000,36938.3,37009.9,36916.8,37004.8,76672.0
1643391900000,37005.9,37040.5,36762.0,36839.4,126693.0
1643392800000,36839.3,36931.9,36832.5,36892.0,70057.0
1643393700000,36894.9,36990.5,36788.1,36898.0,93898.0
1643394600000,36899.8,37139.0,36899.8,37003.6,152418.0
1643395500000,37003.4,37095.1,36953.1,37051.4,83762.0
1643396400000,37051.4,37128.0,36862.5,36882.5,70714.0
1643397300000,36882.6,36915.9,36835.5,36871.0,69878.0
1643398200000,36871.0,37158.3,36777.5,37074.8,174045.0
1643399100000,37071.9,37231.3,37046.7,37221.0,94002.0
1643400000000,37221.0,37315.0,37132.7,37170.3,112955.0
1643400900000,37170.3,37347.3,37170.3,37276.9,73396.0
1643401800000,37274.8,37715.0,37226.0,37617.6,257200.0
1643402700000,37617.6,37869.5,37562.2,37752.1,171937.0
1643403600000,37749.2,37795.6,37656.0,37734.1,88683.0
1643404500000,37734.1,37911.9,37730.7,37845.0,84249.0
1643405400000,37847.9,37935.0,37775.6,37902.7,60341.0
1643406300000,37902.6,38015.6,37790.4,37796.6,141307.0
1643407200000,37796.7,37936.4,37792.1,37920.0,41002.0
1643408100000,37920.1,37944.8,37799.1,37800.8,31829.0
1643409000000,37800.8,37899.0,37800.8,37843.0,13046.0
1643409900000,37843.1,37861.1,37649.6,37660.6,33772.0
1643410800000,37659.3,37752.5,37643.0,37692.4,46898.0
1643411700000,37693.7,37752.5,37693.7,37738.5,36799.0
1643412600000,37738.4,37844.9,37686.8,37744.1,41277.0
1643413500000,37744.1,37810.4,37702.5,37702.5,24215.0
1643414400000,37702.5,37983.0,37650.0,37894.6,103055.0
1643415300000,37894.5,37973.8,37831.6,37890.3,57404.0
1643416200000,37890.0,37890.0,37721.1,37792.1,57964.0
1643417100000,37790.2,37803.0,37743.4,37790.0,40559.0
1643418000000,37790.0,37905.3,37751.2,37836.5,61757.0
1643418900000,37836.5,37880.0,37584.6,37622.8,79681.0
1643419800000,37622.7,37650.0,37481.0,37488.5,64043.0
1643420700000,37488.6,37573.0,37488.6,37540.0,69828.0
1643421600000,37540.0,37634.0,37525.2,37631.6,36823.0
1643422500000,37631.5,37631.5,37542.3,37569.1,29108.0
1643423400000,37569.1,37591.9,37480.4,37503.0,42527.0
1643424300000,37503.0,37541.1,37459.0,37536.3,38272.0
1643425200000,37536.6,37589.9,37500.0,37589.8,31935.0
1643426100000,37589.8,37698.8,37581.1,37695.6,65548.0
1643427000000,37695.6,37760.1,37665.1,37671.9,99857.0
1643427900000,37671.9,37732.4,37649.7,37728.5,42004.0
1643428800000,37728.5,37875.6,37717.7,37834.8,58921.0
1643429700000,37834.8,37888.0,37820.9,37871.6,42735.0
1643430600000,37871.6,37900.0,37789.5,37881.7,68553.0
1643431500000,37881.7,37933.6,37803.9,37823.1,65160.0
1643432400000,37823.1,37835.4,37790.3,37790.3,30096.0
1643433300000,37790.3,37793.0,37684.1,37724.7,48273.0
1643434200000,37724.7,37764.4,37621.7,37621.8,47519.0
1643435100000,37621.7,37664.1,37620.0,37659.5,39162.0
1643436000000,37662.2,37736.8,37600.0,37710.3,40077.0
1643436900000,37710.4,37767.9,37665.0,37767.3,38973.0
1643437800000,37767.4,37862.7,37674.7,37683.1,82483.0
1643438700000,37683.1,37758.9,37667.1,37752.7,27968.0
1643439600000,37752.6,37762.7,37710.0,37744.3,28784.0
1643440500000,37744.1,37891.6,37673.4,37887.8,46570.0
1643441400000,37887.8,37918.0,37801.6,37847.9,54121.0
1643442300000,37848.0,37950.0,37764.9,37837.1,60210.0
1643443200000,37837.2,37895.0,37762.0,37762.0,36428.0
1643444100000,37760.1,37933.5,37760.0,37862.1,57106.0
1643445000000,37862.1,37893.2,37791.7,37818.0,40012.0
1643445900000,37818.0,37849.4,37767.5,37787.5,23605.0
1643446800000,37787.5,37787.5,37580.0,37649.9,116480.0
1643447700000,37649.9,37681.0,37588.8,37668.4,49486.0
1643448600000,37668.4,37709.5,37657.7,37693.9,41218.0
1643449500000,37694.0,37724.3,37671.2,37706.7,29979.0
1643450400000,37706.7,37706.7,37624.7,37657.1,38189.0
1643451300000,37657.1,37716.0,37616.0,37707.1,37542.0
1643452200000,37707.1,37823.1,37656.1,37789.8,60382.0
1643453100000,37789.7,37790.0,37742.6,37753.9,36904.0
1643454000000,37753.8,37764.5,37671.1,37756.9,31272.0
1643454900000,37757.0,37792.4,37713.1,37746.8,23212.0
1643455800000,37746.9,37751.4,37672.9,37709.1,33864.0
1643456700000,37709.2,37747.0,37685.0,37738.5,19914.0
1643457600000,37738.4,37798.3,37621.2,37664.4,54021.0
1643458500000,37664.3,37857.1,37638.1,37828.0,84184.0
1643459400000,37827.9,37900.0,37794.1,37861.2,48987.0
1643460300000,37861.2,37861.2,37779.9,37848.4,59292.0
1643461200000,37846.5,37846.5,37772.5,37772.5,25852.0
1643462100000,37772.5,37812.1,37722.2,37812.1,48755.0
1643463000000,37812.0,38145.0,37810.7,38069.8,252104.0
1643463900000,38067.0,38175.0,38046.4,38145.0,105854.0
1643464800000,38145.0,38198.4,38060.9,38061.3,92513.0
1643465700000,38061.3,38145.0,38042.2,38111.8,43395.0
1643466600000,38111.8,38117.9,38001.2,38021.7,58590.0
1643467500000,38021.7,38030.3,37487.5,37613.9,299813.0
1643468400000,37613.9,37689.0,37461.0,37688.1,193200.0
1643469300000,37688.1,37730.0,37582.0,37634.9,59943.0
1643470200000,37634.9,37673.6,37488.0,37556.9,77388.0
1643471100000,37556.9,37628.9,37278.3,37566.5,208271.0
1643472000000,37564.3,37598.3,37371.1,37397.5,103657.0
1643472900000,37397.5,37550.0,37315.2,37506.3,112116.0
1643473800000,37506.3,37542.5,37423.3,37500.6,47258.0
1643474700000,37500.5,37577.0,37454.3,37545.2,59943.0
1643475600000,37545.2,37659.5,37542.4,37642.3,64827.0
1643476500000,37642.2,37647.7,37550.0,37636.9,29159.0
1643477400000,37636.9,37726.9,37620.5,37694.9,36366.0
1643478300000,37695.0,37724.9,37564.8,37640.3,55129.0
1643479200000,37642.2,37700.0,37619.0,37619.0,25039.0
1643480100000,37619.1,37688.5,37618.2,37639.1,36207.0
1643481000000,37639.2,37641.1,37555.4,37591.5,27137.0
1643481900000,37591.6,37911.8,37590.2,37800.0,133205.0
1643482800000,37805.8,37887.5,37785.6,37864.8,36739.0
1643483700000,37864.8,37936.0,37820.1,37884.9,38508.0
1643484600000,37884.9,37955.8,37843.7,37877.0,37924.0
1643485500000,37877.1,37915.9,37840.9,37853.6,30095.0
1643486400000,37855.0,37901.8,37831.5,37886.3,21481.0
1643487300000,37886.3,38100.0,37840.0,38025.0,72464.0
1643488200000,38025.0,38669.2,38025.0,38515.6,390638.0
1643489100000,38511.7,38534.9,38119.3,38345.8,215343.0
1643490000000,38347.6,38755.0,38286.7,38562.2,174190.0
1643490900000,38561.0,38650.0,38474.2,38555.6,47504.0
1643491800000,38555.7,38630.8,38389.4,38411.1,55170.0
1643492700000,38411.0,38488.7,38354.8,38362.4,27104.0
1643493600000,38359.3,38412.4,38164.4,38176.5,66861.0
1643494500000,38176.5,38229.4,38079.8,38101.7,29844.0
1643495400000,38103.4,38195.9,38065.1,38191.5,23095.0
1643496300000,38191.4,38191.4,38100.3,38145.0,19866.0
1643497200000,38145.0,38145.1,37983.7,38090.6,48791.0
1643498100000,38090.5,38105.3,37900.2,37951.2,49772.0
1643499000000,37947.3,38076.3,37938.8,38045.0,24678.0
1643499900000,38045.1,38193.3,38045.0,38172.0,38177.0
1643500800000,38171.9,38284.9,38122.3,38252.0,55126.0
1643501700000,38252.1,38252.1,38070.6,38085.0,35371.0
1643502600000,38085.0,38105.0,37735.9,37823.9,149109.0
1643503500000,37824.6,37928.1,37777.8,37817.2,75600.0
1643504400000,37817.2,37896.5,37798.9,37887.0,55533.0
1643505300000,37886.9,37966.0,37863.0,37966.0,38637.0
1643506200000,37965.9,37977.9,37834.8,37865.8,36365.0
1643507100000,37865.9,37944.3,37862.2,37932.0,24947.0
1643508000000,37931.9,37986.5,37872.0,37920.0,39307.0
1643508900000,37920.0,38029.5,37920.0,38020.1,35742.0
1643509800000,38020.1,38055.5,38017.4,38032.5,28129.0
1643510700000,38032.6,38032.6,37923.0,37960.2,43085.0
1643511600000,37960.2,38013.0,37959.0,37960.0,30595.0
1643512500000,37960.1,38048.1,37960.0,38028.7,24978.0
1643513400000,38028.7,38040.0,37979.9,37979.9,19222.0
1643514300000,37979.9,37979.9,37881.9,37921.8,52848.0
1643515200000,37921.8,37949.9,37900.0,37900.1,17018.0
1643516100000,37900.1,38000.0,37900.1,37977.7,50271.0
1643517000000,37977.6,38049.1,37977.6,38035.4,25522.0
1643517900000,38035.3,38188.0,38006.9,38104.0,62477.0
1643518800000,38104.0,38319.2,38092.6,38292.0,127641.0
1643519700000,38292.0,38292.0,38171.6,38186.0,50537.0
1643520600000,38186.0,38195.8,38112.3,38187.1,51532.0
1643521500000,38187.1,38235.7,38122.6,38130.6,22424.0
1643522400000,38130.7,38145.9,38103.0,38124.4,28686.0
1643523300000,38124.3,38157.9,38101.7,38127.3,29610.0
1643524200000,38127.4,38145.0,38110.8,38116.0,11262.0
1643525100000,38116.1,38126.0,38062.1,38113.0,39117.0
1643526000000,38113.0,38260.3,38113.0,38214.7,57776.0
1643526900000,38214.7,38214.7,38152.1,38166.9,25186.0
1643527800000,38166.8,38233.1,38125.1,38127.4,24270.0
1643528700000,38127.3,38297.2,38127.3,38250.0,62173.0
1643529600000,38249.9,38450.0,38169.9,38197.1,108038.0
1643530500000,38197.2,38250.6,38104.1,38122.0,58346.0
1643531400000,38121.9,38122.0,37970.0,37987.5,112653.0
1643532300000,37987.5,38073.7,37987.5,38012.9,43201.0
1643533200000,38012.2,38075.6,38004.6,38059.2,35528.0
1643534100000,38059.1,38091.0,37831.1,37882.9,95849.0
1643535000000,37882.9,37974.7,37869.5,37956.1,43012.0
1643535900000,37956.2,37977.0,37905.5,37905.5,57591.0
1643536800000,37905.6,37973.0,37878.0,37947.9,38312.0
1643537700000,37947.2,38237.9,37947.1,38090.0,103926.0
1643538600000,38090.0,38196.9,38077.2,38149.0,63674.0
1643539500000,38149.0,38195.6,38110.6,38191.0,42936.0
1643540400000,38190.9,38190.9,38118.3,38130.8,28489.0
1643541300000,38130.9,38294.9,38045.4,38075.5,87155.0
1643542200000,38075.5,38108.6,37970.8,38043.3,58068.0
1643543100000,38043.4,38133.6,37948.5,38111.8,48390.0
1643544000000,38112.6,38112.6,37936.4,37966.3,43785.0
1643544900000,37966.3,38042.6,37966.2,38034.7,36176.0
1643545800000,38034.7,38172.5,37944.3,37977.2,70735.0
1643546700000,37977.1,37993.6,37852.5,37943.9,72497.0
1643547600000,37943.8,37943.9,37833.5,37924.9,47821.0
1643548500000,37924.9,37995.5,37891.8,37983.5,54241.0
1643549400000,37983.5,38017.9,37881.7,37942.6,42232.0
1643550300000,37942.6,37997.9,37940.0,37968.5,19454.0
1643551200000,37968.6,38005.8,37877.0,37877.0,46897.0
1643552100000,37877.1,37907.4,37713.7,37800.1,130952.0
1643553000000,37800.0,37848.0,37739.9,37826.9,65494.0
1643553900000,37826.9,37868.0,37752.2,37846.1,67166.0
1643554800000,37846.1,37927.4,37841.1,37881.4,52677.0
1643555700000,37881.3,38056.4,37775.0,37990.7,113538.0
1643556600000,37990.7,38032.5,37926.8,37993.1,56474.0
1643557500000,37993.1,38023.0,37935.2,37972.7,35515.0
1643558400000,37972.9,38076.3,37884.6,38004.2,72584.0
1643559300000,38003.8,38003.8,37889.6,37914.1,33576.0
1643560200000,37914.1,37916.6,37811.8,37825.8,44653.0
1643561100000,37825.9,37884.2,37797.1,37831.2,28151.0
1643562000000,37834.7,37858.0,37751.3,37855.5,40420.0
1643562900000,37855.4,37966.9,37845.5,37957.4,37266.0
1643563800000,37957.3,37973.2,37916.6,37959.0,17706.0
1643564700000,37958.9,38000.0,37935.3,37998.8,18172.0
1643565600000,37998.9,38020.0,37972.7,38012.7,19328.0
1643566500000,38012.7,38015.3,37884.8,37937.3,27695.0
1643567400000,37935.0,37935.0,37850.9,37864.3,17507.0
1643568300000,37863.4,37890.7,37823.4,37829.7,16659.0
1643569200000,37829.7,37830.3,37523.3,37550.3,154696.0
1643570100000,37551.9,37646.2,37427.0,37535.0,116536.0
1643571000000,37535.0,37597.9,37460.8,37543.8,61585.0
1643571900000,37543.8,37607.1,37468.4,37519.9,38834.0
1643572800000,37520.0,37676.9,37348.4,37620.3,149027.0
1643573700000,37621.8,37740.0,37591.6,37652.0,71196.0
1643574600000,37651.9,37703.1,37576.4,37619.3,28851.0
1643575500000,37619.4,37746.3,37590.8,37691.0,32829.0
1643576400000,37691.1,37715.9,37628.0,37636.8,25028.0
1643577300000,37636.8,37680.2,37478.0,37529.5,53264.0
1643578200000,37535.3,37729.9,37530.2,37723.1,38066.0
1643579100000,37723.0,37776.5,37698.5,37729.9,35883.0
1643580000000,37730.0,37796.1,37630.3,37704.4,39725.0
1643580900000,37704.5,37790.7,37666.5,37689.3,26113.0
1643581800000,37689.3,37711.4,37635.5,37636.6,11039.0
1643582700000,37636.7,37866.0,37636.6,37785.8,45578.0
1643583600000,37785.8,38251.9,37785.8,38198.1,228312.0
1643584500000,38198.1,38216.9,37998.7,38069.3,104400.0
1643585400000,38069.3,38083.7,37874.5,37959.1,68552.0
1643586300000,37959.1,37959.1,37880.2,37896.3,31393.0
1643587200000,37892.0,37960.7,37661.7,37723.0,123433.0
1643588100000,37723.0,37773.9,37645.0,37687.8,71408.0
1643589000000,37687.8,37710.6,36850.0,37156.3,331830.0
1643589900000,37156.3,37163.8,36826.7,36837.7,276035.0
1643590800000,36837.7,36970.3,36782.0,36824.9,119621.0
1643591700000,36825.8,36891.1,36760.5,36884.8,114999.0
1643592600000,36884.7,36928.2,36809.4,36879.0,70543.0
1643593500000,36879.1,36905.9,36795.7,36821.8,59102.0
1643594400000,36821.9,36878.6,36636.1,36878.6,180164.0
1643595300000,36878.6,36945.0,36851.1,36876.3,78677.0
1643596200000,36876.3,36988.8,36860.4,36979.4,65149.0
1643597100000,36979.4,36997.8,36933.4,36985.9,54720.0
1643598000000,36986.0,37044.6,36921.0,37028.1,62119.0
1643598900000,37024.1,37040.0,36970.0,36992.5,50194.0
1643599800000,36992.5,37017.2,36938.6,37003.3,34980.0
1643600700000,37003.3,37029.8,36991.6,37024.3,29559.0
1643601600000,37024.2,37024.2,36915.9,36966.2,44581.0
1643602500000,36966.2,36994.5,36841.0,36861.9,60506.0
1643603400000,36863.7,36947.6,36811.0,36941.7,44233.0
1643604300000,36941.7,36972.7,36900.0,36902.2,29282.0
1643605200000,36904.2,36942.7,36857.0,36872.1,39859.0
1643606100000,36872.2,36950.6,36870.1,36923.1,23613.0
1643607000000,36923.1,36996.3,36918.5,36996.3,27084.0
1643607900000,36997.7,37014.5,36982.1,36998.9,26843.0
1643608800000,36998.9,37029.0,36961.2,37014.1,31465.0
1643609700000,37014.2,37080.3,37009.5,37050.3,42951.0
1643610600000,37050.2,37050.3,36959.9,36996.9,37311.0
1643611500000,36996.8,37045.5,36922.1,36922.1,34227.0
1643612400000,36922.1,37014.4,36874.3,36988.3,52377.0
1643613300000,36981.0,37066.6,36968.3,37029.9,39338.0
1643614200000,37029.9,37169.9,37020.5,37169.2,91433.0
1643615100000,37169.2,37196.9,37090.0,37121.3,66413.0
1643616000000,37121.3,37178.0,37110.0,37164.3,44394.0
1643616900000,37164.3,37208.6,37115.0,37167.5,48091.0
1643617800000,37167.9,37192.9,37135.1,37179.9,30129.0
1643618700000,37179.9,37193.2,37119.1,37145.2,31708.0
1643619600000,37145.3,37163.2,37081.2,37119.2,41965.0
1643620500000,37119.2,37156.4,37097.0,37136.8,26520.0
1643621400000,37136.8,37249.1,37103.6,37204.8,64055.0
1643622300000,37204.8,37228.2,37173.0,37200.6,33241.0
1643623200000,37202.5,37216.9,37169.3,37177.3,27899.0
1643624100000,37176.9,37200.0,37150.8,37199.9,28589.0
1643625000000,37199.9,37222.0,37161.1,37208.7,21993.0
1643625900000,37208.8,37348.4,37208.8,37292.7,80020.0
1643626800000,37292.7,37313.5,37198.9,37201.8,49470.0
1643627700000,37201.8,37244.0,37133.0,37159.3,31907.0
1643628600000,37159.3,37164.1,36977.4,36985.1,57681.0
1643629500000,36985.0,37362.0,36900.0,37268.9,221674.0
1643630400000,37268.9,37437.9,36940.1,36989.0,238757.0
1643631300000,36988.9,37002.8,36830.0,36987.9,129313.0
1643632200000,36987.8,37138.0,36913.9,36983.0,105332.0
1643633100000,36983.0,37088.0,36971.0,37082.6,41609.0
1643634000000,37078.9,37090.1,36812.4,37040.0,145082.0
1643634900000,37040.0,37144.5,36990.0,37143.4,94861.0
1643635800000,37144.2,37318.0,37141.3,37305.1,105747.0
1643636700000,37305.1,37350.0,37244.9,37249.5,72170.0
1643637600000,37249.4,37374.4,37223.6,37334.8,71421.0
1643638500000,37334.8,37378.0,37292.3,37349.4,51044.0
1643639400000,37349.5,37528.0,37188.5,37410.0,215138.0
1643640300000,37408.5,37527.7,37235.9,37518.0,143618.0
1643641200000,37517.9,37850.0,37517.3,37701.0,321200.0
1643642100000,37701.1,37900.0,37664.8,37707.4,175682.0
1643643000000,37707.4,37843.0,37630.0,37835.3,138212.0
1643643900000,37835.3,37903.3,37668.5,37718.1,108270.0
1643644800000,37720.8,38030.4,37674.7,37933.9,232823.0
1643645700000,37933.5,37966.9,37800.0,37828.9,82441.0
1643646600000,37828.9,38001.9,37805.7,37959.7,107217.0
1643647500000,37957.6,38440.9,37957.6,38338.1,392263.0
1643648400000,38338.1,38550.9,38129.0,38460.0,362639.0
1643649300000,38460.0,38630.0,38330.3,38372.0,200086.0
1643650200000,38372.0,38466.5,38282.4,38436.7,80586.0
1643651100000,38436.6,38560.0,38436.6,38490.6,57833.0
1643652000000,38490.6,38558.7,38374.1,38400.0,63384.0
1643652900000,38400.2,38520.7,38384.3,38390.7,36344.0
1643653800000,38390.6,38530.6,38365.7,38471.8,45969.0
1643654700000,38471.9,38650.0,38457.3,38475.6,77339.0
1643655600000,38479.6,38631.4,38437.0,38604.5,70280.0
1643656500000,38604.6,38777.0,38559.5,38575.0,99001.0
1643657400000,38575.1,38578.4,38410.8,38475.3,79333.0
1643658300000,38475.3,38542.3,38377.4,38430.0,71188.0
1643659200000,38430.1,38516.3,38274.8,38294.1,77450.0
1643660100000,38294.1,38434.3,38249.9,38393.5,64027.0
1643661000000,38393.5,38526.0,38332.5,38461.3,49762.0
1643661900000,38459.1,38568.7,38437.5,38451.3,48514.0
1643662800000,38450.5,38533.3,38391.3,38443.9,39170.0
1643663700000,38443.9,38443.9,38341.3,38393.4,28492.0
1643664600000,38399.3,38450.4,38360.9,38380.1,16329.0
1643665500000,38380.0,38456.1,38364.0,38415.1,20070.0
1643666400000,38415.1,38528.6,38403.1,38480.6,19632.0
1643667300000,38479.9,38618.6,38447.8,38553.1,30448.0
1643668200000,38553.2,38745.2,38486.2,38594.7,36134.0
1643669100000,38594.8,38594.8,38406.6,38406.6,21067.0
1643670000000,38406.6,38492.3,38372.2,38457.8,27724.0
1643670900000,38453.8,38488.0,38393.3,38406.0,18780.0
1643671800000,38406.0,38456.5,38361.9,38363.8,31095.0
1643672700000,38365.3,38506.6,38348.6,38460.6,25291.0
1643673600000,38460.5,38629.2,38306.2,38496.9,105491.0
1643674500000,38496.9,38506.0,38303.8,38436.0,66238.0
1643675400000,38436.0,38467.4,38290.3,38310.9,44683.0
1643676300000,38311.0,38364.7,38272.3,38345.0,39553.0
1643677200000,38345.0,38399.7,38310.2,38367.3,40264.0
1643678100000,38367.4,38379.6,38275.4,38306.0,21244.0
1643679000000,38306.0,38329.1,38276.4,38282.3,30257.0
1643679900000,38282.4,38292.2,38170.0,38245.6,69854.0
1643680800000,38245.5,38307.2,38205.2,38293.5,40172.0
1643681700000,38293.5,38436.2,38293.5,38369.2,50657.0
1643682600000,38369.2,38503.1,38357.3,38456.8,66018.0
1643683500000,38455.0,38508.2,38421.6,38473.6,29357.0
1643684400000,38476.1,38551.5,38388.0,38537.6,56497.0
1643685300000,38537.7,38596.4,38471.1,38499.9,50630.0
1643686200000,38497.9,38509.5,38455.0,38509.4,37724.0
1643687100000,38508.2,38650.0,38480.2,38586.6,65948.0
1643688000000,38586.7,38639.4,38564.7,38589.6,46919.0
1643688900000,38589.6,38589.6,38488.0,38536.1,45873.0
1643689800000,38536.1,38536.1,38445.5,38534.7,51392.0
1643690700000,38534.7,38560.0,38483.0,38542.2,43481.0
1643691600000,38542.2,38570.5,38464.7,38540.0,35752.0
1643692500000,38540.0,38562.7,38482.1,38485.2,21865.0
1643693400000,38485.3,38609.3,38485.2,38592.1,47981.0
1643694300000,38586.7,38612.8,38436.0,38453.5,67621.0
1643695200000,38453.4,38485.1,38256.1,38282.9,136280.0
1643696100000,38282.9,38327.3,38237.1,38275.2,89646.0
1643697000000,38275.2,38332.7,38260.6,38271.5,43574.0
1643697900000,38271.6,38330.0,38259.3,38289.0,40161.0
1643698800000,38289.0,38381.4,38284.7,38381.4,43756.0
1643699700000,38381.3,38464.5,38361.2,38406.5,53302.0
1643700600000,38406.5,38454.9,38372.0,38383.6,36775.0
1643701500000,38383.6,38441.3,38362.9,38433.2,28369.0
1643702400000,38434.4,38550.0,38394.1,38539.9,67844.0
1643703300000,38540.0,38581.4,38500.4,38578.3,52927.0
1643704200000,38578.2,38595.1,38480.2,38508.6,49630.0
1643705100000,38508.5,38605.5,38491.8,38587.8,48939.0
1643706000000,38587.7,39200.0,38544.1,38942.9,473412.0
1643706900000,38942.9,38993.1,38348.3,38469.6,370773.0
1643707800000,38469.7,38510.0,38242.6,38300.1,293434.0
1643708700000,38301.5,38330.9,38222.3,38257.5,133667.0
1643709600000,38257.5,38358.0,38178.3,38256.0,134877.0
1643710500000,38257.1,38274.4,38000.0,38162.6,206036.0
1643711400000,38162.5,38261.5,38106.3,38240.9,66328.0
1643712300000,38239.1,38302.2,38186.6,38256.6,90325.0
1643713200000,38256.6,38301.0,38210.5,38297.0,65723.0
1643714100000,38297.8,38493.6,38283.0,38385.3,149654.0
1643715000000,38385.2,38412.0,38290.9,38333.8,43581.0
1643715900000,38333.8,38474.2,38331.7,38435.3,42909.0
1643716800000,38435.3,38493.8,38370.0,38475.4,62840.0
1643717700000,38475.5,38609.7,38432.6,38591.2,100779.0
1643718600000,38591.1,38773.0,38547.0,38675.1,160917.0
1643719500000,38675.0,38710.2,38571.9,38658.6,92489.0
1643720400000,38657.3,38712.5,38600.2,38633.8,83013.0
1643721300000,38633.8,38890.0,38612.6,38649.5,119663.0
1643722200000,38649.6,38887.4,38451.0,38825.1,198483.0
1643723100000,38823.7,38968.4,38716.4,38881.2,150960.0
1643724000000,38881.2,38959.9,38795.9,38919.7,109639.0
1643724900000,38919.8,39026.3,38855.5,38909.0,113992.0
1643725800000,38909.0,39055.9,38520.0,38574.4,361251.0
1643726700000,38574.4,38688.0,38329.1,38507.0,325965.0
1643727600000,38507.1,38523.2,38182.2,38420.9,375272.0
1643728500000,38421.0,38508.2,38295.7,38408.5,147970.0
1643729400000,38404.8,38520.3,38278.2,38332.9,139508.0
1643730300000,38331.9,38650.0,38302.5,38618.6,131430.0
1643731200000,38618.5,39015.7,38591.4,39000.1,247439.0
1643732100000,39000.0,39000.1,38694.7,38890.5,189855.0
1643733000000,38890.5,39046.7,38809.6,38872.9,154643.0
1643733900000,38873.5,39288.0,38873.4,39112.5,234339.0
1643734800000,39112.5,39175.3,38878.6,38956.0,168366.0
1643735700000,38956.0,39048.5,38790.1,38807.3,114847.0
1643736600000,38807.3,38855.7,38635.5,38762.7,160879.0
1643737500000,38762.7,38913.4,38704.4,38866.4,96566.0
1643738400000,38866.5,38872.1,38740.8,38813.4,56530.0
1643739300000,38813.3,38866.9,38742.9,38839.6,52300.0
1643740200000,38839.5,38910.7,38750.0,38797.8,69701.0
1643741100000,38797.9,38814.7,38451.6,38524.6,134766.0
1643742000000,38524.6,38593.6,38443.7,38496.5,102516.0
1643742900000,38505.0,38539.9,38333.0,38453.3,94233.0
1643743800000,38455.2,38491.0,38343.7,38381.9,55567.0
1643744700000,38381.8,38424.0,38350.1,38372.9,52419.0
1643745600000,38372.8,38545.8,38361.7,38542.4,82957.0
1643746500000,38539.4,38585.3,38465.2,38524.4,70734.0
1643747400000,38527.7,38676.4,38524.3,38653.0,49615.0
1643748300000,38653.1,38728.1,38474.1,38490.1,53871.0
1643749200000,38490.1,38703.8,38484.3,38614.6,43828.0
1643750100000,38614.6,38806.9,38614.6,38770.6,48909.0
1643751000000,38770.5,38821.0,38699.2,38737.0,32628.0
1643751900000,38737.1,38796.1,38671.4,38790.7,39889.0
1643752800000,38789.0,38861.4,38766.0,38790.8,24603.0
1643753700000,38782.3,38797.7,38728.9,38730.1,13780.0
1643754600000,38730.1,38730.1,38539.5,38629.9,18532.0
1643755500000,38630.0,38704.3,38597.2,38702.8,52118.0
1643756400000,38702.8,38715.2,38617.4,38627.2,25815.0
1643757300000,38627.3,38837.2,38608.9,38779.2,44022.0
1643758200000,38780.9,38903.5,38688.1,38762.5,60171.0
1643759100000,38760.4,38830.3,38673.8,38700.2,34324.0
1643760000000,38695.2,38828.6,38610.6,38784.4,59648.0
1643760900000,38780.4,38862.6,38745.6,38756.7,37489.0
1643761800000,38754.0,38754.0,38413.6,38504.4,128528.0
1643762700000,38502.4,38667.5,38457.5,38551.5,61998.0
1643763600000,38551.6,38662.9,38506.0,38653.0,56369.0
1643764500000,38652.9,38652.9,38471.8,38494.7,55942.0
1643765400000,38494.7,38502.9,38363.0,38412.1,76007.0
1643766300000,38412.1,38473.2,38395.1,38445.5,34940.0
1643767200000,38445.5,38558.0,38390.7,38558.0,40910.0
1643768100000,38559.9,38625.0,38558.6,38599.4,46666.0
1643769000000,38599.8,38650.2,38554.1,38633.7,36252.0
1643769900000,38633.8,38672.9,38593.0,38626.2,28672.0
1643770800000,38626.2,38750.0,38618.1,38726.9,31063.0
1643771700000,38726.2,38752.7,38652.7,38667.4,32125.0
1643772600000,38667.3,38670.0,38540.0,38558.2,45364.0
1643773500000,38554.8,38608.6,38554.5,38554.5,13642.0
1643774400000,38554.6,38554.6,38415.5,38430.9,54972.0
1643775300000,38430.8,38533.8,38430.8,38468.1,44314.0
1643776200000,38468.1,38550.0,38414.2,38504.1,52110.0
1643777100000,38503.2,38530.0,38420.0,38421.5,32392.0
1643778000000,38421.5,38521.0,38411.0,38433.0,35648.0
1643778900000,38432.9,38458.1,38312.6,38372.1,84734.0
1643779800000,38372.1,38423.6,38340.5,38346.6,46909.0
1643780700000,38346.6,38419.9,38346.6,38418.0,23657.0
1643781600000,38417.9,38478.3,38383.7,38469.1,54638.0
1643782500000,38469.1,38551.1,38423.6,38448.9,47523.0
1643783400000,38450.4,38475.4,38238.0,38267.3,92895.0
1643784300000,38267.2,38333.0,38200.2,38287.5,82425.0
1643785200000,38287.4,38335.6,38222.8,38322.5,57479.0
1643786100000,38322.6,38364.3,38288.0,38364.3,31517.0
1643787000000,38364.3,38397.1,38264.3,38294.4,37773.0
1643787900000,38294.4,38315.2,38210.0,38281.3,45396.0
1643788800000,38282.9,38400.1,38233.4,38379.7,68693.0
1643789700000,38378.0,38474.0,38345.2,38369.7,61042.0
1643790600000,38369.6,38415.5,38353.3,38384.5,31292.0
1643791500000,38389.6,38466.4,38330.0,38452.1,47955.0
1643792400000,38452.1,38500.0,38383.4,38423.1,66040.0
1643793300000,38426.7,38500.0,38384.0,38451.8,48528.0
1643794200000,38451.7,38510.0,38445.7,38499.9,31873.0
1643795100000,38499.9,38541.7,38494.5,38524.0,37749.0
1643796000000,38524.1,38525.9,38408.6,38437.3,58107.0
1643796900000,38441.3,38525.3,38389.0,38511.7,41657.0
1643797800000,38511.7,38549.3,38464.3,38477.7,35371.0
1643798700000,38477.7,38597.5,38467.6,38563.1,52931.0
1643799600000,38563.2,38571.5,38460.0,38495.5,28296.0
1643800500000,38495.4,38521.3,38426.8,38512.1,26571.0
1643801400000,38512.1,38539.1,38454.2,38473.7,24708.0
1643802300000,38473.7,38550.0,38473.7,38492.1,22292.0
1643803200000,38492.2,38677.1,38476.4,38654.4,116557.0
1643804100000,38654.4,38687.8,38552.6,38646.4,78883.0
1643805000000,38646.4,38735.3,38555.3,38701.6,78896.0
1643805900000,38701.6,38750.0,38620.0,38717.2,92727.0
1643806800000,38717.2,38743.8,38575.0,38586.8,96174.0
1643807700000,38586.7,38603.4,38430.2,38512.5,138698.0
1643808600000,38512.5,38555.5,38468.7,38486.9,54037.0
1643809500000,38488.6,38488.6,38340.6,38359.5,112541.0
1643810400000,38359.5,38427.1,38297.8,38396.5,86247.0
1643811300000,38396.4,38422.1,38250.0,38335.8,117996.0
1643812200000,38335.8,38370.3,37723.0,37813.8,667968.0
1643813100000,37813.7,37855.7,37620.0,37705.2,338390.0
1643814000000,37704.2,37826.6,37568.9,37594.7,261074.0
1643814900000,37594.7,37698.0,37486.3,37613.9,230913.0
1643815800000,37615.7,37661.1,37377.7,37569.0,294607.0
1643816700000,37569.0,37585.8,37362.1,37426.4,177600.0
1643817600000,37422.6,37432.9,37100.0,37182.7,320891.0
1643818500000,37185.3,37333.0,37067.3,37237.8,203383.0
1643819400000,37237.7,37269.8,37093.3,37212.1,122726.0
1643820300000,37212.1,37382.2,37168.8,37332.0,110106.0
1643821200000,37331.9,37542.9,37264.0,37430.6,130163.0
1643822100000,37434.5,37470.7,37351.5,37397.7,67205.0
1643823000000,37397.7,37413.2,37313.5,37324.3,56173.0
1643823900000,37324.3,37466.0,37324.3,37460.0,54593.0
1643824800000,37462.9,37552.2,37390.6,37429.4,70794.0
1643825700000,37429.4,37462.1,37381.4,37427.3,50921.0
1643826600000,37422.1,37482.0,37411.9,37478.2,38083.0
1643827500000,37478.2,37501.3,37374.7,37488.9,43435.0
1643828400000,37486.2,37559.3,37442.7,37459.6,62965.0
1643829300000,37461.8,37506.9,37398.1,37504.3,43283.0
1643830200000,37502.7,37662.7,37497.5,37607.1,85016.0
1643831100000,37609.0,37657.9,37546.5,37561.4,47425.0
1643832000000,37561.5,37620.0,37482.8,37596.9,56403.0
1643832900000,37593.8,37655.7,37480.0,37511.8,62450.0
1643833800000,37511.9,37540.0,37405.8,37437.5,67371.0
1643834700000,37437.6,37643.6,37410.0,37561.2,80921.0
1643835600000,37559.5,37599.9,37252.4,37368.9,110988.0
1643836500000,37369.0,37432.2,37088.0,37212.9,129652.0
1643837400000,37216.0,37275.7,36535.5,36703.6,354048.0
1643838300000,36703.6,36935.3,36661.2,36920.8,137370.0
1643839200000,36920.8,37110.0,36842.3,36842.3,130443.0
1643840100000,36840.9,37002.6,36835.1,37000.0,75214.0
1643841000000,36999.9,37215.8,36999.9,37170.1,41721.0
1643841900000,37170.1,37179.0,36963.0,37004.6,31219.0
1643842800000,37004.7,37102.8,36923.6,37067.0,42579.0
1643843700000,37064.2,37141.4,36919.9,36971.9,50003.0
1643844600000,36971.9,37035.1,36842.9,36887.8,71587.0
1643845500000,36880.6,36979.0,36825.4,36904.5,47312.0
1643846400000,36904.9,36977.0,36769.6,36972.9,77491.0
1643847300000,36973.0,37028.0,36800.1,36979.8,84720.0
1643848200000,36979.2,37047.2,36880.1,36902.1,78925.0
1643849100000,36902.0,36976.8,36858.1,36897.0,52133.0
1643850000000,36895.3,36965.9,36873.1,36946.5,42460.0
1643850900000,36949.0,36973.3,36889.2,36909.4,71105.0
1643851800000,36909.5,36998.0,36909.5,36965.4,32794.0
1643852700000,36965.4,36970.0,36777.0,36856.3,81708.0
1643853600000,36856.4,36897.0,36731.5,36825.3,75209.0
1643854500000,36825.4,36894.2,36781.2,36863.0,47546.0
1643855400000,36863.0,36947.1,36858.0,36913.2,36819.0
1643856300000,36911.2,36963.8,36892.7,36963.8,47316.0
1643857200000,36963.7,36968.0,36890.5,36959.1,29717.0
1643858100000,36959.2,36960.0,36839.5,36845.9,33418.0
1643859000000,36845.9,36939.0,36819.9,36834.3,34607.0
1643859900000,36834.2,36891.2,36776.5,36832.3,50400.0
1643860800000,36832.4,36920.0,36791.0,36909.3,43563.0
1643861700000,36909.3,36929.0,36843.4,36866.0,40654.0
1643862600000,36866.0,36929.3,36835.1,36910.9,24194.0
1643863500000,36910.9,36960.0,36904.0,36906.2,35970.0
1643864400000,36908.1,36914.6,36847.9,36860.7,25574.0
1643865300000,36860.7,37023.0,36860.7,37002.8,71707.0
1643866200000,37002.8,37070.0,36965.5,36973.0,40150.0
1643867100000,36972.9,37047.3,36935.0,36998.1,40104.0
1643868000000,36994.5,37003.2,36953.0,36967.9,29586.0
1643868900000,36967.6,36971.3,36851.1,36854.7,46498.0
1643869800000,36854.7,36907.6,36840.1,36899.7,30837.0
1643870700000,36899.7,36952.9,36895.8,36928.9,23714.0
1643871600000,36928.9,37044.4,36922.8,37023.8,43410.0
1643872500000,37023.8,37030.0,36972.9,37019.1,25354.0
1643873400000,37019.0,37040.0,36950.3,37039.0,50769.0
1643874300000,37038.9,37107.4,37009.6,37016.9,43445.0
1643875200000,37015.7,37084.1,37015.7,37078.4,46798.0
1643876100000,37078.4,37088.0,37030.2,37032.0,28340.0
1643877000000,37032.0,37082.9,37003.2,37007.6,32015.0
1643877900000,37007.6,37060.0,36974.7,37059.9,47245.0
1643878800000,37059.8,37079.0,36977.3,36992.3,33321.0
1643879700000,36992.3,36996.1,36884.4,36923.8,66221.0
1643880600000,36923.7,37008.4,36916.8,36947.0,45475.0
1643881500000,36947.0,36971.1,36573.4,36616.0,147168.0
1643882400000,36616.1,36671.2,36338.0,36445.9,308104.0
1643883300000,36445.8,36469.3,36273.1,36347.5,149697.0
1643884200000,36347.4,36450.0,36300.0,36389.2,90030.0
1643885100000,36389.2,36462.6,36376.5,36385.3,61434.0
1643886000000,36385.3,36443.7,36350.0,36396.2,63433.0
1643886900000,36396.2,36531.3,36300.0,36508.4,101195.0
1643887800000,36508.3,36774.4,36478.3,36707.6,236516.0
1643888700000,36707.6,36806.2,36641.5,36783.1,102947.0
1643889600000,36783.7,36798.3,36605.1,36618.4,95921.0
1643890500000,36618.3,36709.3,36247.5,36340.7,181030.0
1643891400000,36340.8,36528.6,36250.0,36461.5,197628.0
1643892300000,36461.5,36700.0,36410.6,36687.5,193689.0
1643893200000,36687.5,36769.5,36621.0,36728.3,117876.0
1643894100000,36729.8,36747.6,36664.2,36682.6,60209.0
1643895000000,36683.0,36755.0,36611.0,36616.1,85205.0
1643895900000,36616.7,36647.7,36452.9,36582.8,145528.0
1643896800000,36584.6,36664.4,36504.0,36609.8,97179.0
1643897700000,36612.8,36715.1,36550.0,36560.1,99685.0
1643898600000,36559.3,36789.0,36470.0,36679.8,293590.0
1643899500000,36679.2,36687.4,36490.0,36520.0,192243.0
1643900400000,36520.0,36642.8,36476.2,36614.3,145261.0
1643901300000,36614.2,36948.5,36604.3,36884.9,257641.0
1643902200000,36884.9,36980.4,36785.6,36863.4,114408.0
1643903100000,36863.5,36940.1,36790.9,36906.6,85994.0
1643904000000,36904.7,37133.6,36852.3,37044.5,130666.0
1643904900000,37044.6,37068.2,36839.7,36879.9,93266.0
1643905800000,36880.0,36907.5,36823.3,36856.3,65889.0
1643906700000,36853.9,36884.4,36678.8,36684.6,80478.0
1643907600000,36684.7,36780.0,36550.0,36749.1,149235.0
1643908500000,36749.1,36814.1,36572.8,36794.8,110753.0
1643909400000,36794.9,36888.4,36727.1,36766.2,96347.0
1643910300000,36766.2,36850.0,36718.0,36834.8,62368.0
1643911200000,36832.7,36832.7,36705.3,36743.0,55702.0
1643912100000,36741.4,36784.0,36709.3,36719.4,35099.0
1643913000000,36721.2,36850.0,36710.7,36797.7,49920.0
1643913900000,36797.7,36839.5,36750.0,36767.2,33036.0
1643914800000,36767.2,36831.1,36641.2,36652.9,45176.0
1643915700000,36652.9,36720.9,36611.1,36644.6,43224.0
1643916600000,36644.6,36704.7,36501.0,36523.5,88107.0
1643917500000,36524.5,36623.2,36436.4,36557.7,89694.0
1643918400000,36556.0,36600.0,36464.7,36586.7,66268.0
1643919300000,36586.8,36638.0,36528.9,36551.9,43885.0
1643920200000,36551.9,36552.0,36371.0,36437.6,97215.0
1643921100000,36437.6,36479.1,36272.1,36372.0,130748.0
1643922000000,36372.1,36887.8,36364.3,36752.5,282621.0
1643922900000,36750.8,36896.6,36730.7,36815.3,78120.0
1643923800000,36815.3,36982.3,36815.3,36935.0,65764.0
1643924700000,36937.7,37049.2,36892.9,36943.0,59971.0
1643925600000,36945.8,37010.2,36860.1,37002.3,44416.0
1643926500000,37002.3,37002.3,36858.0,36859.8,26205.0
1643927400000,36859.8,36898.9,36810.0,36823.3,13500.0
1643928300000,36823.3,36971.4,36810.0,36938.6,16654.0
1643929200000,36938.6,37035.3,36882.6,37026.7,65972.0
1643930100000,37026.8,37038.0,36937.3,36962.9,34736.0
1643931000000,36963.0,37003.5,36932.8,36996.7,24903.0
1643931900000,36996.7,37393.2,36964.8,37321.5,187967.0
1643932800000,37320.7,37320.7,37189.3,37233.9,94620.0
1643933700000,37234.0,37260.8,37163.6,37195.3,63080.0
1643934600000,37195.3,37208.4,37123.7,37124.5,52517.0
1643935500000,37124.5,37185.5,37124.5,37182.5,38614.0
1643936400000,37177.4,37179.0,37122.8,37155.0,42678.0
1643937300000,37155.1,37174.2,37120.1,37159.6,28669.0
1643938200000,37158.8,37158.8,37031.4,37057.5,64264.0
1643939100000,37057.6,37212.5,37032.8,37168.9,72641.0
1643940000000,37169.0,37230.0,37149.1,37227.9,45164.0
1643940900000,37228.0,37350.0,37226.8,37343.2,89830.0
1643941800000,37343.2,37443.0,37270.0,37370.0,129050.0
1643942700000,37370.0,37411.6,37305.0,37327.0,74007.0
1643943600000,37327.0,37380.5,37303.3,37363.0,45938.0
1643944500000,37363.0,37410.5,37326.0,37347.5,54953.0
1643945400000,37347.6,37388.5,37285.2,37318.9,44431.0
1643946300000,37318.9,37351.3,37260.1,37305.7,38130.0
1643947200000,37305.7,37357.2,37262.3,37318.9,49566.0
1643948100000,37318.9,37318.9,37253.4,37282.2,37290.0
1643949000000,37283.3,37327.0,37252.2,37298.4,43427.0
1643949900000,37298.5,37353.1,37277.7,37288.7,35855.0
1643950800000,37288.8,37472.0,37261.4,37400.0,93155.0
1643951700000,37398.5,37642.2,37368.7,37562.7,273936.0
1643952600000,37562.7,37689.0,37536.3,37585.6,145224.0
1643953500000,37585.7,37644.8,37532.4,37543.8,71289.0
1643954400000,37543.8,37940.0,37543.8,37825.5,286947.0
1643955300000,37824.5,38026.5,37818.1,37962.5,178409.0
1643956200000,37962.4,38017.0,37907.9,37927.4,84663.0
1643957100000,37927.4,37999.9,37923.0,37993.5,56913.0
1643958000000,37993.5,38222.0,37908.0,37913.8,289390.0
1643958900000,37914.8,37970.4,37873.3,37932.1,85811.0
1643959800000,37933.9,37950.0,37880.0,37900.1,61124.0
1643960700000,37900.1,37904.0,37850.0,37883.6,56164.0
1643961600000,37883.6,38044.0,37845.0,37950.9,144530.0
1643962500000,37952.4,38045.5,37884.0,37898.0,78841.0
1643963400000,37898.0,37961.8,37868.1,37958.1,52330.0
1643964300000,37958.1,37968.5,37890.8,37968.4,38986.0
1643965200000,37968.5,38012.9,37910.0,37918.2,48769.0
1643966100000,37918.2,38000.0,37908.7,37957.2,60219.0
1643967000000,37957.2,38015.9,37918.2,37947.5,52431.0
1643967900000,37947.5,38115.4,37936.9,38009.5,86947.0
1643968800000,38009.1,38256.7,37967.6,37976.7,203607.0
1643969700000,37978.4,37985.9,37856.3,37880.0,96045.0
1643970600000,37880.1,37965.0,37796.7,37933.2,114968.0
1643971500000,37930.0,37945.9,37844.0,37894.1,70221.0
1643972400000,37892.3,37922.2,37826.1,37826.1,63313.0
1643973300000,37826.1,37941.2,37813.6,37889.7,68592.0
1643974200000,37889.6,37970.1,37870.4,37934.0,67723.0
1643975100000,37932.3,37932.3,37813.5,37813.6,63205.0
1643976000000,37813.6,37922.6,37813.5,37913.1,65486.0
1643976900000,37913.1,38032.4,37864.4,38004.2,73743.0
1643977800000,38006.3,38015.0,37956.1,37983.3,39925.0
1643978700000,37983.3,38055.3,37928.9,37955.6,51558.0
1643979600000,37957.4,38027.4,37914.0,37995.9,41362.0
1643980500000,37995.9,38200.0,37844.0,37892.8,190565.0
1643981400000,37892.9,37894.8,37534.4,37552.5,347650.0
1643982300000,37552.6,37617.5,37372.1,37425.4,238995.0
1643983200000,37425.3,37553.5,37288.2,37543.5,207959.0
1643984100000,37543.6,37827.0,37543.5,37775.5,213211.0
1643985000000,37775.5,38050.0,37572.5,37888.9,415542.0
1643985900000,37889.0,37995.9,37788.4,37946.3,225593.0
1643986800000,37946.4,38850.0,37895.4,38717.4,857812.0
1643987700000,38717.4,39888.0,38714.3,39504.0,1124219.0
1643988600000,39504.0,39850.0,39220.0,39387.5,747417.0
1643989500000,39387.5,39571.0,39281.5,39493.4,342159.0
1643990400000,39493.4,39800.1,39451.9,39673.4,344803.0
1643991300000,39673.4,40568.7,39653.4,40341.9,670911.0
1643992200000,40343.6,40419.0,40133.1,40280.0,335096.0
1643993100000,40280.0,40737.8,40247.4,40271.6,322996.0
1643994000000,40271.6,40449.0,40200.0,40387.8,230507.0
1643994900000,40387.8,40400.0,40194.0,40322.4,139526.0
1643995800000,40322.4,40500.0,40260.0,40379.2,133880.0
1643996700000,40382.7,40566.0,40348.0,40523.2,127021.0
1643997600000,40523.2,40677.9,40360.0,40370.0,159283.0
1643998500000,40370.1,40460.0,40290.5,40419.8,94323.0
1643999400000,40419.7,40459.9,40315.3,40434.7,85001.0
1644000300000,40434.7,40486.7,40371.9,40476.1,70908.0
1644001200000,40476.1,40512.8,40378.1,40431.2,67464.0
1644002100000,40431.5,40578.1,40376.9,40500.0,72652.0
1644003000000,40500.0,40728.0,40471.3,40522.1,122921.0
1644003900000,40522.1,40899.0,40472.0,40729.5,170225.0
1644004800000,40727.5,40875.4,40720.6,40750.0,126390.0
1644005700000,40753.5,40761.5,40567.3,40596.5,93760.0
1644006600000,40596.5,40672.7,40560.7,40583.5,87038.0
1644007500000,40583.5,40593.0,40460.3,40593.0,103860.0
1644008400000,40596.7,40596.7,40443.7,40463.5,43557.0
1644009300000,40463.6,40564.5,40436.5,40502.2,29205.0
1644010200000,40502.2,40561.4,40470.8,40549.3,26679.0
1644011100000,40551.4,40639.8,40530.4,40628.4,73031.0
1644012000000,40628.3,40628.4,40387.2,40530.8,67401.0
1644012900000,40530.8,40600.1,40450.0,40532.5,24577.0
1644013800000,40532.4,40586.5,40518.5,40585.6,8205.0
1644014700000,40585.5,40679.8,40532.5,40658.0,20993.0
1644015600000,40658.0,40688.0,40628.1,40637.6,33909.0
1644016500000,40637.6,40658.6,40580.0,40644.5,30610.0
1644017400000,40644.5,40846.0,40630.7,40805.7,79305.0
1644018300000,40805.7,41784.0,40805.7,41580.3,471220.0
1644019200000,41580.3,41700.0,41370.0,41668.9,190779.0
1644020100000,41669.0,41791.2,41516.2,41600.1,125957.0
1644021000000,41600.1,41936.8,41557.0,41680.5,174843.0
1644021900000,41680.2,41732.9,41415.0,41481.6,156919.0
1644022800000,41485.5,41542.9,41280.1,41298.3,107242.0
1644023700000,41298.3,41494.3,41298.2,41366.6,63329.0
1644024600000,41366.6,41414.1,41283.5,41323.0,65598.0
1644025500000,41323.0,41323.0,41205.0,41283.3,61667.0
1644026400000,41283.3,41324.4,41176.7,41290.7,40804.0
1644027300000,41290.6,41381.1,41290.6,41348.4,51783.0
1644028200000,41346.4,41440.7,41309.4,41417.6,51929.0
1644029100000,41417.6,41448.5,41345.4,41362.2,30121.0
1644030000000,41362.2,41464.5,41362.1,41394.4,46497.0
1644030900000,41394.4,41443.2,41326.2,41420.4,37701.0
1644031800000,41422.9,41430.0,41357.2,41408.4,20861.0
1644032700000,41408.5,41460.0,41367.3,41442.2,25596.0
1644033600000,41442.2,41568.7,41396.7,41482.0,66373.0
1644034500000,41482.0,41694.8,41475.0,41624.8,78536.0
1644035400000,41624.7,41647.3,41421.1,41485.6,51059.0
1644036300000,41485.7,41487.3,41366.0,41458.6,58956.0
1644037200000,41458.6,41472.0,41380.0,41449.9,41023.0
1644038100000,41449.9,41557.9,41422.6,41511.9,43642.0
1644039000000,41513.3,41559.3,41467.0,41543.7,41161.0
1644039900000,41543.6,41656.7,41496.2,41519.6,45279.0
1644040800000,41519.7,41626.0,41519.6,41617.1,29116.0
1644041700000,41617.1,41673.4,41572.1,41651.7,35245.0
1644042600000,41651.8,41743.2,41474.4,41492.0,71401.0
1644043500000,41499.4,41540.0,41470.1,41488.0,30114.0
1644044400000,41488.0,41488.0,41380.0,41445.1,49242.0
1644045300000,41445.1,41491.4,41383.5,41455.1,32206.0
1644046200000,41455.2,41482.0,41400.0,41414.2,31466.0
1644047100000,41414.1,41435.2,41370.0,41383.6,31888.0
1644048000000,41383.6,41482.1,41370.2,41469.9,46113.0
1644048900000,41470.0,41484.0,41431.9,41453.2,20728.0
1644049800000,41453.1,41589.8,41300.0,41417.6,131268.0
1644050700000,41417.6,41477.9,41378.3,41444.7,28900.0
1644051600000,41444.7,41518.8,41395.8,41484.0,40648.0
1644052500000,41484.0,41539.0,41460.0,41498.8,24707.0
1644053400000,41498.9,41519.9,41480.9,41491.9,16666.0
1644054300000,41491.8,41577.8,41210.0,41564.1,157005.0
1644055200000,41563.6,41683.4,41483.8,41514.9,110925.0
1644056100000,41511.9,41548.3,41426.3,41453.2,48516.0
1644057000000,41453.3,41559.0,41453.1,41510.0,32337.0
1644057900000,41510.0,41582.6,41468.8,41571.4,31973.0
1644058800000,41569.6,41611.0,41512.6,41611.0,38403.0
1644059700000,41611.0,41645.0,41399.9,41484.4,53962.0
1644060600000,41484.4,41510.2,41430.1,41438.2,25507.0
1644061500000,41436.4,41481.3,41400.0,41450.2,43094.0
1644062400000,41450.2,41492.7,41352.4,41483.5,52453.0
1644063300000,41485.8,41535.5,41439.7,41480.1,40943.0
1644064200000,41480.1,41485.6,41368.9,41464.9,29033.0
1644065100000,41465.0,41518.8,41386.2,41396.2,29500.0
1644066000000,41396.2,41476.6,41375.0,41462.4,44868.0
1644066900000,41463.6,41473.4,41390.6,41455.8,32209.0
1644067800000,41455.8,41545.1,41440.4,41482.8,37826.0
1644068700000,41482.7,41568.3,41482.7,41532.5,29001.0
1644069600000,41532.5,41532.5,41404.0,41444.0,38192.0
1644070500000,41444.0,41512.6,41427.4,41462.6,29761.0
1644071400000,41462.5,41525.8,41405.0,41493.5,40002.0
1644072300000,41493.6,41779.2,41378.8,41466.2,169324.0
1644073200000,41466.3,41670.2,41330.0,41602.9,129822.0
1644074100000,41604.7,41859.5,41588.6,41694.9,177497.0
1644075000000,41695.0,41908.8,41689.1,41817.3,138786.0
1644075900000,41817.3,41825.7,41666.6,41769.3,66284.0
1644076800000,41769.0,41859.5,41564.6,41606.0,122828.0
1644077700000,41605.9,41696.1,41559.1,41600.9,68484.0
1644078600000,41601.0,41676.8,41474.2,41492.9,75227.0
1644079500000,41493.0,41496.1,41243.0,41287.1,124075.0
1644080400000,41287.1,41341.1,40935.1,41043.3,232893.0
1644081300000,41043.3,41354.5,40953.7,41302.1,143934.0
1644082200000,41302.1,41466.4,41283.5,41447.6,86960.0
1644083100000,41450.0,41675.9,41409.3,41587.3,99263.0
1644084000000,41587.3,41665.4,41500.5,41611.2,59615.0
1644084900000,41611.3,41761.3,41565.2,41674.4,50454.0
1644085800000,41672.7,41739.0,41584.0,41678.5,42021.0
1644086700000,41679.9,41679.9,41586.1,41679.4,27020.0
1644087600000,41679.4,41679.4,41596.4,41646.0,34461.0
1644088500000,41644.2,41682.6,41533.0,41543.3,30029.0
1644089400000,41543.3,41636.0,41484.2,41588.5,33597.0
1644090300000,41588.6,41609.2,41505.7,41547.1,19819.0
1644091200000,41549.0,41611.0,41381.4,41467.6,60454.0
1644092100000,41467.6,41555.0,41391.5,41469.9,29773.0
1644093000000,41469.9,41572.9,41447.2,41559.0,21209.0
1644093900000,41557.2,41698.9,41557.1,41653.7,43063.0
1644094800000,41645.4,41734.8,41563.0,41723.3,40920.0
1644095700000,41723.3,41788.5,41685.0,41730.6,32856.0
1644096600000,41730.5,41730.5,41600.4,41712.1,25891.0
1644097500000,41713.4,41716.2,41633.0,41643.3,19641.0
1644098400000,41643.3,41765.0,41618.5,41730.7,39833.0
1644099300000,41730.8,41739.3,41665.2,41687.9,11429.0
1644100200000,41687.8,41688.2,41629.2,41629.2,7212.0
1644101100000,41629.2,41691.1,41557.3,41582.9,21601.0
1644102000000,41582.8,41635.5,41516.6,41601.2,30913.0
1644102900000,41601.3,41610.7,41489.4,41511.1,31125.0
1644103800000,41507.5,41536.6,41421.0,41513.4,33963.0
1644104700000,41513.3,41592.0,41345.1,41383.4,57133.0
1644105600000,41385.0,41476.0,41385.0,41455.7,34828.0
1644106500000,41455.8,41500.0,41392.3,41412.7,31972.0
1644107400000,41410.8,41459.0,41334.0,41422.3,29384.0
1644108300000,41422.4,41524.1,41394.3,41479.0,34035.0
1644109200000,41478.9,41619.0,41478.9,41603.3,39652.0
1644110100000,41603.3,41603.3,41492.0,41555.0,21928.0
1644111000000,41555.0,41577.5,41497.8,41534.9,20225.0
1644111900000,41535.0,41636.1,41534.9,41598.2,25251.0
1644112800000,41598.2,41623.1,41570.1,41604.8,23934.0
1644113700000,41604.9,41607.5,41541.4,41566.0,16007.0
1644114600000,41566.1,41574.1,41478.0,41507.6,22352.0
1644115500000,41507.6,41545.9,41465.8,41533.3,22718.0
1644116400000,41533.2,41549.0,41462.0,41468.1,14273.0
1644117300000,41468.0,41524.1,41444.1,41502.8,19311.0
1644118200000,41502.8,41550.0,41502.7,41549.9,14368.0
1644119100000,41550.0,41550.0,41429.7,41437.1,20817.0
1644120000000,41437.1,41499.2,41329.3,41372.7,49878.0
1644120900000,41372.7,41497.0,41322.2,41496.9,56941.0
1644121800000,41496.9,41530.0,41462.4,41501.9,34435.0
1644122700000,41501.9,41548.1,41499.4,41541.4,21847.0
1644123600000,41541.3,41546.4,41490.3,41490.7,25980.0
1644124500000,41490.7,41577.0,41490.7,41561.3,26187.0
1644125400000,41561.3,41585.1,41535.3,41579.8,25551.0
1644126300000,41579.8,41586.9,41512.0,41582.0,17567.0
1644127200000,41574.2,41579.9,41495.9,41500.0,30390.0
1644128100000,41500.0,41559.0,41461.4,41543.8,36672.0
1644129000000,41541.3,41575.0,41472.2,41483.9,13340.0
1644129900000,41483.8,41483.8,41403.7,41456.8,30581.0
1644130800000,41456.8,41480.0,41400.1,41480.0,21665.0
1644131700000,41480.0,41492.0,41415.1,41417.6,19130.0
1644132600000,41417.6,41566.0,41417.5,41562.0,36006.0
1644133500000,41562.1,41718.5,41536.4,41606.6,134322.0
1644134400000,41606.6,41681.3,41566.3,41597.0,50387.0
1644135300000,41595.1,41595.2,41504.2,41522.1,32400.0
1644136200000,41522.1,41628.1,41495.0,41596.3,41412.0
1644137100000,41593.5,41654.3,41553.6,41637.0,30867.0
1644138000000,41636.9,41659.4,41592.0,41613.6,34032.0
1644138900000,41613.7,41660.0,41582.3,41595.0,31842.0
1644139800000,41595.1,41640.8,41587.1,41587.1,20440.0
1644140700000,41587.1,41649.9,41587.1,41649.9,19206.0
1644141600000,41649.8,41684.7,41611.7,41665.5,47590.0
1644142500000,41665.5,41700.0,41620.0,41622.8,26610.0
1644143400000,41622.7,41622.8,41535.1,41577.4,39823.0
1644144300000,41579.0,41593.6,41519.6,41583.7,31369.0
1644145200000,41583.7,41637.7,41500.1,41531.9,27585.0
1644146100000,41531.9,41548.5,41520.0,41543.2,13156.0
1644147000000,41543.3,41580.1,41508.2,41508.3,21131.0
1644147900000,41508.2,41542.2,41444.3,41533.3,55282.0
1644148800000,41531.2,41649.4,41531.2,41611.5,57702.0
1644149700000,41611.6,41644.1,41562.9,41589.7,36330.0
1644150600000,41589.7,41613.2,41577.6,41580.9,17120.0
1644151500000,41580.9,41628.0,41492.1,41614.8,68297.0
1644152400000,41614.8,41819.9,41513.4,41575.9,233166.0
1644153300000,41575.9,41705.1,41481.3,41690.1,126324.0
1644154200000,41690.1,41760.0,41633.0,41699.5,94153.0
1644155100000,41699.6,41710.0,41655.6,41692.6,24310.0
1644156000000,41692.5,41763.5,41645.2,41674.0,62844.0
1644156900000,41674.0,41786.1,41674.0,41777.8,54292.0
1644157800000,41777.8,42264.9,41361.2,41478.6,595345.0
1644158700000,41478.6,41579.9,41205.0,41309.4,268229.0
1644159600000,41309.4,41495.6,41122.3,41357.9,236453.0
1644160500000,41356.6,41439.9,41323.8,41439.9,84492.0
1644161400000,41439.9,41504.4,41344.0,41344.0,83986.0
1644162300000,41344.1,41550.0,41344.1,41518.9,87651.0
1644163200000,41518.9,41607.5,41422.8,41480.5,102225.0
1644164100000,41480.6,41604.2,41480.6,41566.9,49977.0
1644165000000,41567.0,41706.5,41470.0,41500.8,131696.0
1644165900000,41500.8,41675.0,41500.8,41636.4,39116.0
1644166800000,41636.5,41695.0,41609.0,41617.6,37094.0
1644167700000,41610.1,41718.8,41606.4,41711.3,32436.0
1644168600000,41711.4,41755.0,41531.1,41601.7,79842.0
1644169500000,41601.7,41679.8,41601.7,41646.5,23625.0
1644170400000,41646.5,41683.9,41610.0,41620.0,29572.0
1644171300000,41618.1,41652.1,41492.9,41538.1,37522.0
1644172200000,41534.9,41593.1,41507.9,41565.2,31455.0
1644173100000,41565.2,41588.2,41424.9,41516.2,38949.0
1644174000000,41516.2,41569.9,41497.3,41560.0,15135.0
1644174900000,41560.1,41664.3,41560.1,41664.2,21670.0
1644175800000,41664.3,41713.2,41613.8,41640.1,28359.0
1644176700000,41638.5,41727.0,41622.4,41713.3,24057.0
1644177600000,41713.3,41748.2,41677.1,41684.8,31353.0
1644178500000,41683.5,41718.5,41649.6,41705.7,17254.0
1644179400000,41705.8,41738.2,41645.4,41648.6,14514.0
1644180300000,41648.6,41670.3,41509.5,41583.7,54965.0
1644181200000,41583.7,41618.0,41549.9,41556.6,13711.0
1644182100000,41556.5,41686.6,41551.5,41662.9,20744.0
1644183000000,41663.0,41716.1,41650.9,41678.6,37625.0
1644183900000,41678.7,41710.4,41649.0,41653.7,18224.0
1644184800000,41653.8,41709.6,41644.0,41693.4,16229.0
1644185700000,41692.0,41703.8,41626.2,41627.5,6396.0
1644186600000,41628.2,41708.9,41628.2,41701.2,14445.0
1644187500000,41701.2,41702.3,41530.0,41593.4,24710.0
1644188400000,41593.4,42109.5,41482.6,41708.8,380449.0
1644189300000,41708.8,42489.5,41708.8,42155.8,450714.0
1644190200000,42155.8,42587.5,42155.8,42557.2,194658.0
1644191100000,42557.4,42679.7,42335.5,42371.1,182231.0
1644192000000,42373.4,42480.0,42053.9,42088.1,232891.0
1644192900000,42088.1,42166.9,41640.6,41778.3,285906.0
1644193800000,41778.3,41850.0,41678.5,41762.5,124193.0
1644194700000,41762.6,41860.0,41666.6,41823.2,83593.0
1644195600000,41823.2,41844.2,41701.0,41827.3,67501.0
1644196500000,41827.3,41941.9,41760.1,41884.7,111522.0
1644197400000,41892.8,42193.9,41892.8,42142.6,150533.0
1644198300000,42142.7,42251.5,42025.9,42097.4,115962.0
1644199200000,42094.4,42216.1,42085.0,42205.8,70298.0
1644200100000,42205.8,42419.7,42187.1,42385.2,120889.0
1644201000000,42385.2,42590.1,42372.7,42554.7,190413.0
1644201900000,42554.8,42650.0,42320.8,42320.8,211331.0
1644202800000,42320.9,42601.2,42320.9,42497.2,123378.0
1644203700000,42497.3,42909.4,42438.1,42743.9,207913.0
1644204600000,42743.3,42942.0,42556.7,42738.9,269463.0
1644205500000,42738.9,42914.2,42666.0,42811.2,126765.0
1644206400000,42811.2,42862.3,42686.6,42709.2,99605.0
1644207300000,42709.1,42900.0,42709.1,42797.4,107062.0
1644208200000,42797.5,42884.6,42733.6,42791.8,81151.0
1644209100000,42791.8,42828.7,42718.4,42802.5,85642.0
1644210000000,42802.6,42881.6,42714.7,42832.8,88705.0
1644210900000,42827.5,43078.0,42740.0,42757.1,184225.0
1644211800000,42757.1,42822.0,42701.0,42718.0,127812.0
1644212700000,42718.1,42820.0,42682.6,42791.7,61003.0
1644213600000,42795.6,42819.3,42715.1,42805.7,52649.0
1644214500000,42808.9,42813.2,42725.0,42748.3,41898.0
1644215400000,42748.4,42774.6,42655.7,42730.0,49800.0
1644216300000,42730.1,42766.2,42685.4,42754.5,33541.0
1644217200000,42754.5,42764.7,42662.0,42732.8,44266.0
1644218100000,42732.9,42756.0,42693.7,42750.5,30545.0
1644219000000,42750.4,42755.9,42671.4,42672.1,42288.0
1644219900000,42671.2,42776.8,42560.5,42726.7,118173.0
1644220800000,42726.8,42773.9,42632.1,42690.4,90201.0
1644221700000,42693.1,42700.0,42530.0,42594.2,97806.0
1644222600000,42594.1,42627.1,42537.7,42596.5,100962.0
1644223500000,42596.6,42687.9,42595.8,42606.7,78858.0
1644224400000,42606.7,42638.1,42505.2,42560.9,70292.0
1644225300000,42560.9,42593.9,42475.0,42518.5,82673.0
1644226200000,42516.1,42521.2,42250.0,42297.5,245421.0
1644227100000,42297.5,42457.3,42269.0,42416.0,116060.0
1644228000000,42416.0,42484.9,42353.8,42399.9,90976.0
1644228900000,42400.0,42525.5,42390.7,42489.0,74050.0
1644229800000,42493.0,42617.9,42492.9,42611.0,71617.0
1644230700000,42611.1,42640.0,42531.5,42557.0,59567.0
1644231600000,42557.0,42686.5,42557.0,42658.7,60534.0
1644232500000,42663.7,42701.5,42603.6,42695.4,95106.0
1644233400000,42695.5,42765.9,42657.1,42709.6,81698.0
1644234300000,42709.6,42734.7,42608.3,42726.6,84639.0
1644235200000,42724.2,42800.0,42556.2,42608.9,105330.0
1644236100000,42608.9,42693.7,42501.0,42569.3,105319.0
1644237000000,42569.4,42708.5,42469.8,42707.4,107317.0
1644237900000,42707.4,42776.0,42644.0,42649.2,99444.0
1644238800000,42647.6,42735.1,42615.8,42699.7,74289.0
1644239700000,42699.7,42908.0,42680.5,42757.5,183256.0
1644240600000,42757.4,42816.1,42688.0,42741.3,95304.0
1644241500000,42739.7,42821.9,42692.3,42795.5,61471.0
1644242400000,42795.4,42886.1,42774.6,42825.2,118037.0
1644243300000,42823.1,42977.7,42760.8,42930.0,173301.0
1644244200000,42928.6,43388.0,42782.5,43307.0,844015.0
1644245100000,43307.0,43450.0,43160.8,43403.4,401505.0
1644246000000,43403.4,43490.0,43265.7,43293.7,316175.0
1644246900000,43293.7,43418.7,43105.6,43321.1,220713.0
1644247800000,43321.1,43762.2,43256.5,43597.3,499885.0
1644248700000,43600.7,43895.8,43598.5,43829.3,349228.0
1644249600000,43829.3,43950.0,43629.0,43683.9,375851.0
1644250500000,43683.9,43827.6,43635.0,43751.4,215695.0
1644251400000,43751.5,44222.0,43492.3,43516.4,512034.0
1644252300000,43516.4,43808.3,43510.0,43785.3,185794.0
1644253200000,43785.3,43796.0,43621.3,43630.0,138723.0
1644254100000,43630.1,43869.3,43614.4,43772.7,120103.0
1644255000000,43772.7,43958.1,43715.4,43945.2,157373.0
1644255900000,43945.2,44376.9,43884.3,44205.5,383162.0
1644256800000,44204.3,44541.8,44159.2,44227.0,427016.0
1644257700000,44227.0,44276.6,44037.3,44037.3,200138.0
1644258600000,44037.4,44163.3,43898.0,43900.8,159554.0
1644259500000,43900.9,44110.4,43754.0,44071.3,233325.0
1644260400000,44071.2,44214.1,43967.6,44199.0,161877.0
1644261300000,44196.6,44445.5,44132.5,44414.8,164113.0
1644262200000,44414.9,44496.5,44234.0,44429.9,203823.0
1644263100000,44429.9,44429.9,44252.9,44258.5,101498.0
1644264000000,44258.5,44432.3,44238.9,44389.4,162569.0
1644264900000,44389.9,44389.9,44130.9,44167.2,205547.0
1644265800000,44167.3,44234.7,43988.0,44098.5,149819.0
1644266700000,44098.5,44170.2,43793.8,44141.5,229776.0
1644267600000,44141.6,44265.0,43975.6,44165.7,104976.0
1644268500000,44163.0,44172.1,43792.6,43857.6,198511.0
1644269400000,43860.0,44045.4,43860.0,43966.5,73035.0
1644270300000,43965.4,44083.3,43848.4,44074.8,73559.0
1644271200000,44078.5,44103.8,43969.8,44058.0,61583.0
1644272100000,44058.0,44173.4,44003.6,44158.8,39705.0
1644273000000,44158.9,44159.9,44054.1,44144.6,24333.0
1644273900000,44144.6,44145.0,44058.5,44074.2,26054.0
1644274800000,44074.1,44194.5,43910.8,43923.6,100124.0
1644275700000,43923.6,43986.8,43790.1,43820.0,108707.0
1644276600000,43819.9,43864.9,43760.0,43858.5,103187.0
1644277500000,43859.8,43927.1,43782.5,43844.1,60442.0
1644278400000,43844.1,43944.0,43670.0,43681.8,152550.0
1644279300000,43681.9,43842.1,43577.0,43786.2,127694.0
1644280200000,43791.7,43889.0,43729.1,43863.4,75601.0
1644281100000,43863.5,43936.9,43801.3,43850.0,68610.0
1644282000000,43849.9,43970.3,43804.3,43934.7,79686.0
1644282900000,43933.8,43979.8,43895.8,43967.4,68201.0
1644283800000,43967.3,44033.1,43921.4,43998.6,73704.0
1644284700000,43998.7,44071.1,43977.0,44036.6,72328.0
1644285600000,44036.6,44096.9,43985.2,43994.5,88339.0
1644286500000,43994.5,44069.8,43947.1,44009.7,86555.0
1644287400000,44009.5,44050.0,43988.0,44015.7,63137.0
1644288300000,44015.7,44050.0,43880.0,43949.8,89281.0
1644289200000,43949.9,44011.0,43839.2,43873.8,92403.0
1644290100000,43873.9,43965.5,43860.4,43963.5,72809.0
1644291000000,43963.8,44145.4,43939.3,44099.8,93652.0
1644291900000,44099.8,44183.3,44051.4,44174.0,85393.0
1644292800000,44174.0,44193.0,44096.6,44132.2,107264.0
1644293700000,44133.1,44174.3,44084.3,44107.0,57639.0
1644294600000,44107.1,44255.6,44102.3,44216.1,82190.0
1644295500000,44216.1,44370.2,44193.1,44360.3,132349.0
1644296400000,44360.3,44390.1,44280.4,44340.0,105797.0
1644297300000,44340.0,44343.7,44224.7,44305.6,101138.0
1644298200000,44305.7,44437.4,44271.5,44437.3,111544.0
1644299100000,44436.8,45070.0,44428.2,44873.2,532355.0
1644300000000,44873.3,45480.0,44780.9,45197.8,451554.0
1644300900000,45197.7,45586.0,45079.0,45134.2,334832.0
1644301800000,45134.2,45134.2,44567.9,44702.9,367771.0
1644302700000,44702.9,44836.7,44551.7,44794.6,140818.0
1644303600000,44794.7,44813.7,44604.1,44763.2,113339.0
1644304500000,44763.7,44871.6,44700.0,44805.6,113190.0
1644305400000,44805.6,44926.1,44755.2,44858.3,78074.0
1644306300000,44858.3,44906.6,44788.0,44856.7,41187.0
1644307200000,44856.6,44933.3,44230.0,44347.3,290138.0
1644308100000,44347.3,44347.4,44095.4,44205.4,255049.0
1644309000000,44205.4,44287.6,44003.2,44131.1,202816.0
1644309900000,44131.0,44250.0,43700.0,44019.4,285185.0
1644310800000,44019.5,44147.8,43554.9,43595.4,284192.0
1644311700000,43595.4,43873.3,43541.6,43863.9,231481.0
1644312600000,43863.9,44188.2,43818.3,44132.1,290859.0
1644313500000,44132.0,44147.8,43779.5,43853.6,261117.0
1644314400000,43853.6,43939.8,43611.0,43677.2,254899.0
1644315300000,43677.1,43865.5,43595.4,43861.9,128489.0
1644316200000,43861.9,43861.9,43728.2,43742.3,62796.0
1644317100000,43743.8,43950.2,43743.8,43871.8,94179.0
1644318000000,43871.8,44072.4,43802.4,43803.0,119592.0
1644318900000,43803.0,43931.9,43720.1,43790.9,76795.0
1644319800000,43791.3,43908.9,43744.2,43830.4,55623.0
1644320700000,43830.3,44007.7,43731.9,43993.7,88360.0
1644321600000,43993.7,43993.7,43731.3,43787.5,96644.0
1644322500000,43787.5,43787.5,42678.2,43279.9,417112.0
1644323400000,43279.8,43387.9,43144.1,43323.9,299639.0
1644324300000,43325.4,43477.7,43167.3,43467.0,179517.0
1644325200000,43467.1,43540.0,43304.9,43346.5,164437.0
1644326100000,43346.5,43479.0,43230.0,43467.8,150880.0
1644327000000,43467.9,43599.6,43396.8,43477.3,142598.0
1644327900000,43477.3,43643.3,43445.3,43635.4,94295.0
1644328800000,43637.1,43670.8,43578.2,43593.4,76295.0
1644329700000,43593.5,43701.8,43593.4,43610.9,82707.0
1644330600000,43610.8,43975.8,43540.3,43755.1,344621.0
1644331500000,43755.1,43842.5,43570.2,43596.2,216375.0
1644332400000,43596.2,43596.3,43026.0,43070.8,467990.0
1644333300000,43070.8,43311.7,42488.0,43200.5,392843.0
1644334200000,43200.5,43290.7,43057.8,43282.5,207946.0
1644335100000,43282.5,43487.0,43281.8,43442.2,202186.0
1644336000000,43442.2,43573.6,43316.7,43488.0,224326.0
1644336900000,43488.0,43620.1,43446.7,43587.8,194746.0
1644337800000,43589.5,43700.0,43467.3,43504.8,182999.0
1644338700000,43504.8,43576.8,42899.9,43027.6,359191.0
1644339600000,43027.4,43208.1,42876.7,42991.0,301750.0
1644340500000,42991.6,43161.6,42800.0,42874.0,211711.0
1644341400000,42874.2,43012.4,42665.1,42877.2,270581.0
1644342300000,42880.3,43086.1,42837.5,42965.3,199869.0
1644343200000,42964.3,43140.0,42931.1,43136.8,126834.0
1644344100000,43136.8,43183.8,43054.3,43151.5,105827.0
1644345000000,43151.6,43256.4,43072.3,43078.1,123801.0
1644345900000,43075.9,43118.6,42859.0,42986.4,115584.0
1644346800000,42986.4,43117.1,42883.4,43044.3,96218.0
1644347700000,43043.8,43137.5,42701.0,42729.5,209741.0
1644348600000,42729.4,43077.7,42700.1,42897.3,168716.0
1644349500000,42898.5,43057.2,42801.9,43011.5,117736.0
1644350400000,43010.0,43297.0,42950.0,43282.4,154301.0
1644351300000,43285.1,43631.9,43244.2,43625.3,224756.0
1644352200000,43625.2,44120.0,43566.5,44047.5,366172.0
1644353100000,44047.5,44365.4,43953.9,44265.0,273581.0
1644354000000,44265.0,44418.7,43915.5,43949.3,226824.0
1644354900000,43949.4,44190.8,43947.5,44093.9,109794.0
1644355800000,44090.7,44355.5,44032.1,44329.3,176018.0
1644356700000,44329.3,44336.0,44170.0,44192.7,75726.0
1644357600000,44192.8,44272.1,44063.5,44081.8,63105.0
1644358500000,44081.9,44100.0,44012.3,44053.2,50314.0
1644359400000,44056.9,44119.0,43879.0,44014.6,56867.0
1644360300000,44014.4,44108.5,43968.2,44066.9,63929.0
1644361200000,44066.9,44166.1,44016.2,44092.5,58573.0
1644362100000,44092.4,44285.2,44088.8,44280.0,75271.0
1644363000000,44280.0,44307.1,44132.8,44184.3,67761.0
1644363900000,44184.3,44184.4,44017.8,44038.0,67078.0
1644364800000,44038.2,44139.9,43992.5,44104.5,89030.0
1644365700000,44104.6,44192.2,43963.2,44003.8,58650.0
1644366600000,44003.7,44268.0,43960.1,44261.8,122185.0
1644367500000,44260.9,44333.0,44166.9,44244.5,95280.0
1644368400000,44244.5,44244.5,44082.8,44120.9,80991.0
1644369300000,44119.9,44140.2,44006.6,44048.4,64995.0
1644370200000,44048.1,44155.2,43930.0,44037.0,117620.0
1644371100000,44037.0,44054.1,43820.0,43879.6,115719.0
1644372000000,43879.5,43932.8,43351.2,43356.2,217011.0
1644372900000,43356.2,43460.0,43281.8,43313.9,140914.0
1644373800000,43313.9,43332.2,43115.0,43220.4,120066.0
1644374700000,43221.0,43349.4,43221.0,43349.3,64666.0
1644375600000,43349.3,43415.0,43253.9,43304.9,72789.0
1644376500000,43305.0,43443.0,43304.9,43433.3,49995.0
1644377400000,43433.3,43500.1,43378.0,43384.7,60512.0
1644378300000,43384.6,43409.3,43303.0,43348.6,36436.0
1644379200000,43349.8,43493.0,43324.2,43482.7,58928.0
1644380100000,43482.7,43527.5,43438.0,43447.0,45671.0
1644381000000,43449.1,43527.4,43398.0,43457.6,40233.0
1644381900000,43457.7,43569.3,43435.9,43449.1,67332.0
1644382800000,43449.1,43495.3,43192.3,43242.4,96048.0
1644383700000,43242.4,43364.6,43123.0,43329.0,85262.0
1644384600000,43329.0,43728.2,43329.0,43700.0,123402.0
1644385500000,43700.1,43753.5,43560.0,43593.5,121976.0
1644386400000,43590.5,43689.3,43542.7,43610.2,70737.0
1644387300000,43607.2,43742.1,43592.0,43688.3,44519.0
1644388200000,43688.3,43815.5,43652.2,43744.5,75361.0
1644389100000,43744.5,43842.8,43659.6,43694.3,59061.0
1644390000000,43694.3,43748.5,43630.0,43709.4,50073.0
1644390900000,43709.5,43709.5,43502.0,43534.2,79447.0
1644391800000,43534.2,43561.7,43416.0,43488.6,69521.0
1644392700000,43491.8,44015.7,43491.8,43816.2,145392.0
1644393600000,43817.7,43942.0,43668.5,43718.6,122175.0
1644394500000,43718.6,43774.8,43224.6,43318.9,233825.0
1644395400000,43318.8,43374.4,43173.1,43294.3,104246.0
1644396300000,43294.4,43485.0,43294.3,43395.0,91702.0
1644397200000,43395.0,43557.6,43386.9,43530.9,113183.0
1644398100000,43530.9,43595.9,43447.8,43560.0,71711.0
1644399000000,43560.1,43667.6,43304.5,43499.4,131184.0
1644399900000,43499.3,43578.4,43351.8,43380.4,43893.0
1644400800000,43381.5,43660.7,43357.4,43586.7,88883.0
1644401700000,43585.8,43758.0,43536.1,43619.7,84657.0
1644402600000,43619.7,43677.1,43520.0,43531.9,61105.0
1644403500000,43531.8,43617.8,43458.6,43617.7,60503.0
1644404400000,43617.7,43680.0,43373.5,43459.9,116637.0
1644405300000,43456.3,43634.2,43422.2,43619.0,77709.0
1644406200000,43619.1,43723.0,43569.6,43677.9,89091.0
1644407100000,43677.9,43832.6,43677.9,43718.9,130230.0
1644408000000,43717.0,43899.4,43618.8,43828.9,147861.0
1644408900000,43830.1,43855.9,43753.4,43817.2,74234.0
1644409800000,43817.2,44300.2,43781.0,44300.2,267955.0
1644410700000,44300.4,44352.6,44010.0,44126.5,153072.0
1644411600000,44126.6,44451.5,44040.6,44348.1,217715.0
1644412500000,44348.0,44400.0,44179.6,44208.6,147351.0
1644413400000,44208.1,44277.0,44058.0,44191.0,116480.0
1644414300000,44191.0,44191.1,43845.0,43941.0,131842.0
1644415200000,43940.9,43988.0,43778.8,43917.6,123101.0
1644416100000,43917.7,44049.7,43846.9,43977.2,85685.0
1644417000000,43977.2,44258.0,43944.3,44145.1,160144.0
1644417900000,44147.1,44252.5,44030.0,44096.3,137310.0
1644418800000,44096.3,44200.1,44012.5,44031.0,103111.0
1644419700000,44031.3,44043.1,43873.5,44004.5,132777.0
1644420600000,44004.5,44084.7,43828.8,43828.9,99999.0
1644421500000,43828.9,43917.5,43801.4,43882.3,90619.0
1644422400000,43882.3,44037.3,43608.6,43761.0,275222.0
1644423300000,43761.0,43863.9,43686.7,43804.1,79732.0
1644424200000,43804.1,43969.0,43745.2,43963.6,99248.0
1644425100000,43963.6,44152.0,43963.6,44076.3,118196.0
1644426000000,44076.3,44167.9,44046.9,44129.9,84244.0
1644426900000,44129.9,44325.0,44129.9,44171.5,97929.0
1644427800000,44171.5,44231.3,44048.4,44167.0,57259.0
1644428700000,44166.9,44206.7,43980.0,44062.7,58103.0
1644429600000,44062.6,44118.0,43966.7,43986.5,50611.0
1644430500000,43986.9,44047.9,43920.1,43975.9,55611.0
1644431400000,43975.8,44123.4,43946.2,44116.3,33127.0
1644432300000,44116.3,44169.8,44055.4,44164.5,31467.0
1644433200000,44167.9,44541.5,44135.1,44330.6,176095.0
1644434100000,44330.5,44699.0,44273.9,44620.4,131520.0
1644435000000,44620.4,44746.3,44471.7,44549.6,119095.0
1644435900000,44549.5,44601.7,44443.5,44471.5,70440.0
1644436800000,44471.6,44576.8,44440.9,44440.9,64773.0
1644437700000,44440.5,44581.0,44358.0,44561.1,64227.0
1644438600000,44557.3,44832.1,44550.3,44714.4,127454.0
1644439500000,44711.3,44804.7,44662.9,44755.7,90147.0
1644440400000,44757.6,44771.5,44587.6,44631.5,101074.0
1644441300000,44631.5,44668.7,44555.7,44616.3,40659.0
1644442200000,44616.3,44635.5,44558.9,44594.3,24574.0
1644443100000,44594.3,44595.8,44444.4,44460.0,45154.0
1644444000000,44459.9,44568.2,44408.5,44424.2,48251.0
1644444900000,44425.9,44472.6,44223.0,44330.8,40262.0
1644445800000,44330.8,44549.4,44324.6,44465.0,16594.0
1644446700000,44465.0,44583.4,44442.7,44552.0,23279.0
1644447600000,44551.9,44576.0,44474.3,44479.6,49406.0
1644448500000,44481.2,44481.2,44320.6,44361.8,46254.0
1644449400000,44361.8,44397.8,44280.5,44298.4,36060.0
1644450300000,44298.5,44407.5,44249.0,44387.0,70364.0
1644451200000,44387.1,44404.3,44146.9,44182.9,80491.0
1644452100000,44182.9,44211.0,44030.1,44155.9,104682.0
1644453000000,44156.0,44187.6,44073.9,44140.6,55450.0
1644453900000,44140.4,44163.8,44049.6,44109.6,54636.0
1644454800000,44109.7,44208.3,44109.1,44188.6,43413.0
1644455700000,44188.6,44249.6,44128.8,44128.8,59264.0
1644456600000,44128.8,44218.2,44018.1,44218.0,79825.0
1644457500000,44219.2,44258.0,44166.6,44253.7,31753.0
1644458400000,44253.8,44369.8,44202.6,44306.8,69842.0
1644459300000,44306.9,44314.9,44224.5,44297.2,40270.0
1644460200000,44297.2,44300.0,44227.5,44236.7,32397.0
1644461100000,44236.9,44279.8,43784.8,43784.8,178230.0
1644462000000,43784.8,43838.6,43577.0,43632.7,211210.0
1644462900000,43632.7,43780.0,43596.8,43732.9,81906.0
1644463800000,43728.4,43790.0,43676.0,43746.0,50188.0
1644464700000,43747.2,43792.0,43717.9,43771.2,39995.0
1644465600000,43771.1,43853.3,43721.5,43841.7,46373.0
1644466500000,43841.6,43844.4,43753.2,43821.2,37898.0
1644467400000,43821.2,43912.1,43663.3,43667.5,113785.0
1644468300000,43667.4,43800.0,43557.0,43776.0,118471.0
1644469200000,43778.7,43792.9,43694.3,43785.0,45443.0
1644470100000,43784.9,43850.0,43738.6,43817.3,47995.0
1644471000000,43817.3,43863.2,43762.5,43856.9,44022.0
1644471900000,43856.9,43892.8,43796.4,43867.3,54863.0
1644472800000,43867.3,43928.0,43818.0,43832.9,70495.0
1644473700000,43832.9,43847.5,43754.4,43775.6,59264.0
1644474600000,43775.6,43983.3,43753.9,43969.9,87072.0
1644475500000,43969.9,43992.2,43860.1,43873.2,47416.0
1644476400000,43873.1,43983.9,43851.5,43982.3,43307.0
1644477300000,43982.3,43988.7,43899.8,43976.2,38065.0
1644478200000,43976.2,43990.0,43934.7,43960.6,36287.0
1644479100000,43960.7,44121.1,43940.1,44078.8,85590.0
1644480000000,44078.7,44288.8,44046.1,44214.7,125763.0
1644480900000,44214.7,44233.2,44123.5,44152.9,64080.0
1644481800000,44153.0,44235.1,44115.1,44210.2,89119.0
1644482700000,44210.2,44245.1,44177.5,44205.3,62494.0
1644483600000,44205.3,44219.2,44093.4,44093.5,38928.0
1644484500000,44093.5,44483.8,44093.5,44389.5,141976.0
1644485400000,44385.3,44402.8,44307.9,44336.2,52368.0
1644486300000,44336.1,44421.3,44300.7,44398.9,66031.0
1644487200000,44398.9,44563.2,44360.2,44549.9,176561.0
1644488100000,44541.9,44733.0,44459.0,44668.5,205332.0
1644489000000,44665.4,44764.1,44590.0,44689.7,107577.0
1644489900000,44689.8,44689.8,44517.2,44645.0,85217.0
1644490800000,44645.0,44778.5,44563.5,44762.0,119225.0
1644491700000,44761.9,44999.8,44662.5,44944.5,251822.0
1644492600000,44944.6,45199.0,44911.2,45053.9,272665.0
1644493500000,45053.9,45053.9,44693.2,44838.6,230548.0
1644494400000,44838.5,45026.2,44770.0,44941.1,142314.0
1644495300000,44946.6,44951.7,44585.0,44745.6,174753.0
1644496200000,44745.5,44794.2,44566.6,44641.3,105116.0
1644497100000,44641.4,44875.0,44641.3,44827.8,128967.0
1644498000000,44827.9,45089.0,44762.8,45014.8,131915.0
1644498900000,45015.2,45056.6,44860.7,44947.7,117603.0
1644499800000,44947.1,44947.1,43658.0,43794.2,1116493.0
1644500700000,43794.1,43946.4,43610.0,43648.5,396958.0
1644501600000,43649.0,43732.4,43180.0,43375.2,528706.0
1644502500000,43375.1,43560.0,43300.0,43521.0,222920.0
1644503400000,43521.0,43826.6,43518.7,43628.4,354101.0
1644504300000,43628.4,44396.8,43518.9,44363.7,389027.0
1644505200000,44363.6,45390.0,44158.3,44861.0,1060051.0
1644506100000,44861.0,45078.6,44653.6,45002.5,349842.0
1644507000000,45002.5,45700.0,44940.2,45419.2,587180.0
1644507900000,45419.2,45449.7,44742.1,44951.6,416715.0
1644508800000,44951.5,45150.0,44890.3,44994.9,242535.0
1644509700000,44994.9,45480.0,44826.7,45428.9,336170.0
1644510600000,45428.8,45432.5,45066.0,45165.0,213642.0
1644511500000,45165.0,45550.0,45128.3,45390.4,192761.0
1644512400000,45390.5,45680.0,45303.2,45671.2,218727.0
1644513300000,45671.1,45860.0,45483.6,45632.8,290048.0
1644514200000,45637.0,45755.6,45372.2,45456.7,191842.0
1644515100000,45456.7,45476.3,45027.5,45326.9,403967.0
1644516000000,45326.8,45389.9,45057.8,45109.9,173782.0
1644516900000,45110.0,45164.4,44917.6,44950.6,161608.0
1644517800000,44950.5,45137.2,44842.6,45116.7,186146.0
1644518700000,45116.8,45216.2,45066.0,45216.2,100607.0
1644519600000,45216.2,45257.2,44638.0,44651.7,208722.0
1644520500000,44647.5,44750.0,44552.0,44575.4,167408.0
1644521400000,44575.4,44776.9,44570.0,44657.5,104712.0
1644522300000,44658.0,44761.9,44322.3,44356.6,170098.0
1644523200000,44356.6,44591.7,44224.5,44527.0,160219.0
1644524100000,44531.2,44578.1,44088.0,44175.5,171102.0
1644525000000,44175.4,44214.5,43771.0,43862.4,202892.0
1644525900000,43860.9,44191.4,43763.1,44091.9,183957.0
1644526800000,44092.4,44101.2,43907.7,44017.4,51783.0
1644527700000,44017.4,44188.0,43813.7,44103.7,57578.0
1644528600000,44103.8,44191.8,43976.5,44101.2,54161.0
1644529500000,44096.2,44166.2,43662.8,43732.1,187533.0
1644530400000,43732.1,43871.0,43573.3,43828.8,68690.0
1644531300000,43828.8,44030.7,43642.6,43989.5,39789.0
1644532200000,43989.6,44062.1,43760.0,43903.7,49764.0
1644533100000,43903.8,43983.0,43762.0,43948.5,40034.0
1644534000000,43948.5,44036.3,43726.2,43753.7,85417.0
1644534900000,43753.6,43899.7,43633.0,43633.0,93899.0
1644535800000,43633.0,43684.4,43471.7,43584.3,160303.0
1644536700000,43584.2,43584.2,43317.0,43487.1,130892.0
1644537600000,43487.0,43562.5,43250.3,43503.9,133221.0
1644538500000,43503.1,43510.7,42820.5,42902.3,275449.0
1644539400000,42902.3,43016.3,42700.0,42701.9,274393.0
1644540300000,42701.8,43063.1,42588.0,43035.4,198453.0
1644541200000,43033.4,43734.6,42928.8,43492.8,405717.0
1644542100000,43492.8,43640.0,43339.4,43405.5,107939.0
1644543000000,43405.4,43438.0,42950.4,43073.1,166713.0
1644543900000,43076.9,43208.0,43028.1,43167.6,77674.0
1644544800000,43170.6,43195.1,42868.0,42963.8,113088.0
1644545700000,42964.4,43006.2,42811.0,42979.1,119141.0
1644546600000,42979.0,43130.6,42956.8,43070.1,55974.0
1644547500000,43070.0,43147.3,42980.3,43126.1,55105.0
1644548400000,43126.2,43199.0,43099.2,43129.8,56371.0
1644549300000,43129.9,43317.4,43100.0,43218.6,85995.0
1644550200000,43218.6,43329.1,43136.8,43312.0,63977.0
1644551100000,43310.9,43409.1,43213.8,43338.2,92208.0
1644552000000,43338.1,43365.1,43266.6,43268.1,36159.0
1644552900000,43268.2,43294.6,43059.0,43093.1,73592.0
1644553800000,43093.1,43170.5,42955.1,43011.4,85645.0
1644554700000,43011.4,43119.3,42988.0,43102.8,62914.0
1644555600000,43102.8,43102.8,42883.3,42931.9,90805.0
1644556500000,42932.0,43002.8,42908.1,42964.2,73441.0
1644557400000,42966.3,43079.6,42930.6,42992.8,72969.0
1644558300000,42992.8,43055.5,42831.9,42851.4,83981.0
1644559200000,42851.4,43131.6,42821.3,43106.1,91676.0
1644560100000,43110.2,43205.6,43062.4,43168.5,58640.0
1644561000000,43165.6,43242.6,43092.7,43236.9,66068.0
1644561900000,43236.3,43267.8,43194.0,43233.8,51305.0
1644562800000,43233.8,43334.0,43160.5,43263.3,89453.0
1644563700000,43265.2,43273.9,43179.2,43204.0,86135.0
1644564600000,43203.5,43289.9,43189.1,43266.4,89464.0
1644565500000,43266.8,43406.4,43255.1,43354.2,103062.0
1644566400000,43354.2,43555.0,43297.3,43491.8,148145.0
1644567300000,43491.8,43491.8,43380.0,43427.3,80391.0
1644568200000,43427.4,43431.2,43306.7,43324.6,72797.0
1644569100000,43324.6,43342.0,42984.0,42990.3,145236.0
1644570000000,42990.4,43297.4,42859.1,43297.4,200184.0
1644570900000,43298.2,43620.0,43237.7,43442.4,271365.0
1644571800000,43441.2,43598.0,43263.7,43541.3,116101.0
1644572700000,43541.3,43595.0,43437.3,43491.0,82122.0
1644573600000,43490.9,43497.7,43303.5,43330.7,81134.0
1644574500000,43330.6,43414.5,43273.6,43320.4,46341.0
1644575400000,43320.4,43566.2,43227.0,43494.9,94046.0
1644576300000,43494.9,43545.2,43382.5,43437.0,44751.0
1644577200000,43437.1,43453.9,43308.0,43442.1,53076.0
1644578100000,43442.2,43519.7,43360.0,43407.8,42058.0
1644579000000,43407.0,43509.0,43356.9,43442.8,37886.0
1644579900000,43440.2,43500.0,43331.4,43355.3,42184.0
1644580800000,43355.3,43464.2,43256.0,43456.3,80699.0
1644581700000,43456.6,43693.9,43391.5,43624.5,180933.0
1644582600000,43624.5,43662.5,43471.0,43486.8,79811.0
1644583500000,43486.9,43656.0,43428.0,43563.7,70322.0
1644584400000,43568.1,43644.1,43491.5,43623.3,65074.0
1644585300000,43620.9,43754.8,43591.9,43706.6,122349.0
1644586200000,43706.5,43821.4,43637.4,43736.8,111750.0
1644587100000,43736.8,43822.4,43666.6,43768.5,97894.0
1644588000000,43768.6,43813.9,43522.0,43550.1,120019.0
1644588900000,43550.1,43689.9,43437.8,43597.1,108687.0
1644589800000,43602.2,43791.9,43270.3,43425.9,285909.0
1644590700000,43426.0,43928.0,43426.0,43509.9,364089.0
1644591600000,43509.9,43771.2,43509.9,43611.0,191381.0
1644592500000,43611.0,43759.1,43499.8,43620.5,179206.0
1644593400000,43620.6,43766.0,43600.1,43754.0,132953.0
1644594300000,43754.1,43808.4,43625.8,43667.7,99678.0
1644595200000,43667.6,43768.1,43474.8,43598.9,163794.0
1644596100000,43598.9,43675.1,43466.5,43566.9,127585.0
1644597000000,43564.8,43599.9,43423.0,43534.0,137169.0
1644597900000,43533.9,43624.5,43461.6,43570.1,111925.0
1644598800000,43570.0,43718.8,43521.6,43635.8,95089.0
1644599700000,43631.0,43640.7,43407.1,43518.9,93634.0
1644600600000,43513.6,43610.0,43491.8,43509.2,50327.0
1644601500000,43509.2,43540.1,43367.7,43416.0,77432.0
1644602400000,43415.7,43509.6,43412.8,43427.4,44735.0
1644603300000,43427.4,43480.6,43319.6,43343.5,89116.0
1644604200000,43343.6,43364.1,42680.0,42713.2,336666.0
1644605100000,42713.1,42845.1,42599.1,42669.3,258701.0
1644606000000,42669.2,42780.0,42054.1,42602.1,520981.0
1644606900000,42602.8,42778.0,42376.3,42448.7,248047.0
1644607800000,42448.8,43171.5,42448.8,42809.8,322769.0
1644608700000,42807.6,42891.8,42502.9,42743.9,213599.0
1644609600000,42745.2,42860.9,42317.8,42430.3,276588.0
1644610500000,42434.6,42609.2,42264.8,42382.7,186590.0
1644611400000,42382.6,42498.7,42238.0,42456.2,199627.0
1644612300000,42457.4,42648.1,42322.6,42346.4,167015.0
1644613200000,42346.5,42730.7,42310.6,42610.7,121622.0
1644614100000,42606.4,42705.0,42518.2,42675.8,44652.0
1644615000000,42675.8,42675.8,42470.0,42564.1,62963.0
1644615900000,42564.2,42616.3,42441.6,42552.8,58013.0
1644616800000,42554.0,42616.0,42404.6,42436.7,59205.0
1644617700000,42436.8,42558.0,42115.0,42316.3,98967.0
1644618600000,42316.3,42425.0,42254.1,42326.3,39220.0
1644619500000,42326.3,42326.3,42005.8,42159.2,117930.0
1644620400000,42159.2,42245.0,41895.0,42169.6,153186.0
1644621300000,42172.5,42396.8,42172.5,42331.2,78726.0
1644622200000,42319.1,42431.5,42319.0,42363.3,52068.0
1644623100000,42363.4,42423.4,42275.0,42381.5,83065.0
1644624000000,42380.5,42423.9,42239.9,42256.0,94301.0
1644624900000,42256.0,42386.8,42240.0,42268.3,53090.0
1644625800000,42268.3,42386.8,42227.4,42276.4,51750.0
1644626700000,42276.3,42364.8,42257.4,42311.6,46974.0
1644627600000,42311.6,42488.2,42265.7,42449.0,70926.0
1644628500000,42449.1,42489.2,42378.2,42402.6,43948.0
1644629400000,42405.6,42432.8,42346.7,42392.6,35452.0
1644630300000,42392.7,42456.0,42365.7,42449.9,48862.0
1644631200000,42450.0,42474.1,42396.0,42474.0,50296.0
1644632100000,42471.9,42471.9,42350.0,42375.5,35859.0
1644633000000,42375.5,42433.4,42339.5,42425.3,38393.0
1644633900000,42425.3,42448.5,42368.2,42448.4,31980.0
1644634800000,42448.5,42450.0,42278.3,42295.4,57269.0
1644635700000,42296.5,42350.7,42150.0,42220.5,63694.0
1644636600000,42219.9,42314.5,42196.8,42299.6,44334.0
1644637500000,42299.6,42341.1,42277.0,42296.9,31208.0
1644638400000,42296.9,42450.0,42229.7,42374.8,67331.0
1644639300000,42374.8,42413.7,42361.0,42379.8,28275.0
1644640200000,42379.7,42416.0,42297.9,42319.9,39335.0
1644641100000,42317.8,42329.0,42268.0,42294.8,30526.0
1644642000000,42294.7,42408.4,42290.0,42296.9,40599.0
1644642900000,42296.8,42307.5,42254.5,42303.6,32900.0
1644643800000,42303.6,42335.8,42200.1,42335.8,50173.0
1644644700000,42335.8,42346.1,42253.4,42283.0,41238.0
1644645600000,42284.1,42311.0,42112.0,42156.3,89257.0
1644646500000,42156.4,42205.8,42124.7,42162.8,57088.0
1644647400000,42162.8,42190.0,41800.0,41872.8,263043.0
1644648300000,41872.4,42150.0,41735.5,42053.8,217680.0
1644649200000,42050.4,42178.0,42047.8,42160.2,74746.0
1644650100000,42158.3,42244.7,42067.4,42115.9,103842.0
1644651000000,42115.9,42137.5,41960.0,41962.1,96170.0
1644651900000,41962.1,42156.6,41962.1,42114.2,62094.0
1644652800000,42114.1,42339.4,42107.5,42317.6,99856.0
1644653700000,42317.5,42317.6,42208.0,42242.0,67652.0
1644654600000,42242.1,42335.3,42218.4,42288.7,68197.0
1644655500000,42288.7,42379.7,42233.3,42282.4,65362.0
1644656400000,42282.4,42308.3,42229.9,42284.9,33922.0
1644657300000,42284.9,42419.9,42247.2,42362.1,49041.0
1644658200000,42361.0,42373.7,42291.0,42337.0,35714.0
1644659100000,42338.2,42463.8,42337.0,42383.9,80331.0
1644660000000,42383.8,42383.9,42288.7,42311.7,47966.0
1644660900000,42311.7,42356.1,42265.3,42298.8,33571.0
1644661800000,42298.8,42307.1,42096.6,42191.3,116973.0
1644662700000,42191.3,42292.8,42119.8,42268.3,64170.0
1644663600000,42268.3,42300.0,42142.4,42170.9,53964.0
1644664500000,42170.8,42269.1,41888.0,42250.1,207167.0
1644665400000,42250.0,42372.8,42181.8,42342.2,83723.0
1644666300000,42342.1,42435.0,42279.1,42405.5,91005.0
1644667200000,42405.5,42435.0,42330.7,42345.1,65533.0
1644668100000,42345.2,42363.3,42267.4,42338.1,61501.0
1644669000000,42338.1,42363.9,42230.3,42284.8,71486.0
1644669900000,42284.9,42324.0,42202.1,42271.0,45612.0
1644670800000,42271.2,42304.5,42176.8,42277.3,63656.0
1644671700000,42277.3,42337.4,42277.3,42315.4,48510.0
1644672600000,42315.4,42315.4,42133.7,42188.0,73569.0
1644673500000,42190.0,42243.8,42063.8,42102.8,96576.0
1644674400000,42102.7,42198.2,42037.6,42179.0,101791.0
1644675300000,42179.0,42222.0,42063.0,42065.4,54098.0
1644676200000,42065.4,42112.6,41796.9,42008.9,298436.0
1644677100000,42008.9,42188.3,41874.1,42160.6,169519.0
1644678000000,42160.6,42226.3,41966.0,42058.1,92868.0
1644678900000,42058.0,42081.4,41835.7,42018.3,156745.0
1644679800000,42018.3,42152.4,41858.4,42102.1,126292.0
1644680700000,42102.1,42178.3,42087.2,42136.2,98463.0
1644681600000,42136.3,42472.8,41992.5,42352.0,320413.0
1644682500000,42352.0,42441.4,42313.0,42367.7,111872.0
1644683400000,42367.7,42807.2,42321.2,42631.7,301154.0
1644684300000,42631.8,42798.0,42536.0,42718.8,148306.0
1644685200000,42718.9,42808.5,42640.6,42660.9,86524.0
1644686100000,42660.9,42706.9,42602.8,42632.2,64808.0
1644687000000,42632.3,42669.6,42544.7,42625.6,73168.0
1644687900000,42625.6,42750.6,42608.0,42722.2,45358.0
1644688800000,42722.3,42960.0,42722.3,42925.4,147384.0
1644689700000,42925.4,42999.0,42808.0,42832.6,105708.0
1644690600000,42832.6,42899.9,42773.8,42833.1,70382.0
1644691500000,42833.2,42885.7,42806.6,42835.5,50669.0
1644692400000,42835.5,42879.5,42788.3,42827.0,64347.0
1644693300000,42827.0,42843.1,42668.4,42776.4,82763.0
1644694200000,42776.3,42785.6,42608.1,42664.9,63615.0
1644695100000,42665.0,42732.9,42612.4,42662.0,44409.0
1644696000000,42662.0,42708.5,42473.0,42651.6,102891.0
1644696900000,42651.6,42670.0,42605.4,42634.9,26353.0
1644697800000,42634.9,42744.3,42619.6,42619.6,31685.0
1644698700000,42619.7,42661.1,42571.4,42615.0,23806.0
1644699600000,42615.0,42615.0,42523.7,42586.1,34517.0
1644700500000,42586.0,42586.1,42350.0,42426.5,99071.0
1644701400000,42426.5,42426.5,41666.5,41944.1,303748.0
1644702300000,41948.0,41948.0,41733.0,41871.0,87942.0
1644703200000,41871.0,42005.0,41830.0,41933.8,76806.0
1644704100000,41932.9,42062.4,41888.0,41978.3,41993.0
1644705000000,41978.4,42190.8,41921.7,42031.8,39731.0
1644705900000,42031.8,42218.4,41958.6,42175.9,52945.0
1644706800000,42178.1,42243.6,42100.0,42224.1,37605.0
1644707700000,42217.3,42249.9,42130.8,42184.6,35965.0
1644708600000,42184.6,42184.6,42063.4,42100.2,39159.0
1644709500000,42101.9,42247.7,42067.7,42217.7,51496.0
1644710400000,42217.7,42222.3,42061.3,42120.7,56898.0
1644711300000,42121.2,42199.0,42100.3,42199.0,24783.0
1644712200000,42199.9,42496.6,42199.9,42485.8,117764.0
1644713100000,42481.5,42481.5,42347.0,42387.0,32906.0
1644714000000,42387.0,42479.9,42344.1,42411.7,44822.0
1644714900000,42411.7,42452.0,42367.1,42401.4,48494.0
1644715800000,42401.4,42401.4,42328.9,42328.9,34687.0
1644716700000,42328.4,42348.0,42203.1,42235.2,54748.0
1644717600000,42237.4,42275.3,42175.7,42226.4,37727.0
1644718500000,42226.3,42253.3,42124.7,42142.7,51820.0
1644719400000,42142.6,42218.9,42105.8,42186.6,36552.0
1644720300000,42186.6,42243.8,42178.4,42230.0,29079.0
1644721200000,42230.0,42253.5,42202.6,42202.6,20995.0
1644722100000,42202.6,42217.9,42160.3,42212.2,28971.0
1644723000000,42212.2,42303.2,42181.7,42247.9,43328.0
1644723900000,42248.0,42289.5,42223.0,42230.8,31462.0
1644724800000,42230.9,42333.9,42230.9,42280.9,38433.0
1644725700000,42280.8,42300.0,42257.6,42274.3,23488.0
1644726600000,42272.8,42298.4,42157.3,42173.2,46211.0
1644727500000,42177.3,42232.5,42125.0,42206.6,38745.0
1644728400000,42211.0,42224.0,42175.9,42189.6,23068.0
1644729300000,42189.6,42245.8,42130.6,42233.1,42008.0
1644730200000,42233.1,42303.9,42233.1,42270.0,30479.0
1644731100000,42270.0,42304.6,42221.5,42266.2,26706.0
1644732000000,42266.2,42292.2,42246.4,42277.7,34032.0
1644732900000,42277.6,42277.6,42228.8,42259.4,24297.0
1644733800000,42262.1,42422.8,42217.4,42349.1,101354.0
1644734700000,42349.2,42422.6,42323.6,42417.1,49539.0
1644735600000,42417.1,42417.1,42348.0,42397.5,42663.0
1644736500000,42397.4,42455.0,42336.1,42347.1,48261.0
1644737400000,42347.1,42360.0,42286.3,42340.9,37008.0
1644738300000,42340.9,42436.2,42340.8,42405.8,36993.0
1644739200000,42405.9,42468.0,42328.9,42440.2,51633.0
1644740100000,42440.1,42472.9,42389.1,42399.0,37080.0
1644741000000,42400.0,42489.0,42400.0,42489.0,32453.0
1644741900000,42488.9,42488.9,42419.6,42437.9,40707.0
1644742800000,42437.9,42438.0,42288.0,42347.0,55842.0
1644743700000,42347.1,42379.0,42329.3,42361.5,22609.0
1644744600000,42361.4,42371.6,42261.5,42365.2,59095.0
1644745500000,42365.2,42371.1,42307.8,42313.3,30240.0
1644746400000,42313.4,42326.3,42231.0,42285.7,58710.0
1644747300000,42285.7,42350.0,42285.5,42349.9,20717.0
1644748200000,42349.9,42635.7,42345.6,42595.0,195050.0
1644749100000,42595.0,42633.1,42489.7,42577.0,106117.0
1644750000000,42575.2,42589.5,42515.0,42517.7,53568.0
1644750900000,42517.7,42650.0,42517.7,42592.1,70626.0
1644751800000,42592.1,42592.2,42530.0,42550.1,52775.0
1644752700000,42550.1,42561.1,42424.5,42467.5,54692.0
1644753600000,42467.5,42553.4,42416.8,42544.7,58381.0
1644754500000,42544.8,42620.3,42498.3,42606.3,66533.0
1644755400000,42606.3,42606.4,42520.0,42550.1,52147.0
1644756300000,42550.1,42610.0,42454.0,42458.7,70108.0
1644757200000,42458.7,42522.2,42386.2,42511.1,95466.0
1644758100000,42514.1,42556.8,42464.4,42555.0,52056.0
1644759000000,42555.0,42563.0,42457.9,42473.9,50933.0
1644759900000,42473.9,42525.8,42451.1,42506.4,38480.0
1644760800000,42506.6,42550.0,42485.0,42531.7,30017.0
1644761700000,42531.7,42726.7,42468.2,42478.3,177628.0
1644762600000,42478.2,42497.4,42166.0,42371.0,202798.0
1644763500000,42371.0,42548.0,42209.8,42540.3,186007.0
1644764400000,42540.3,42626.1,42501.1,42605.9,95004.0
1644765300000,42606.0,42693.0,42531.9,42640.4,152827.0
1644766200000,42640.4,42800.0,42627.0,42704.7,129308.0
1644767100000,42704.8,42704.8,42556.9,42561.4,89038.0
1644768000000,42561.5,42581.3,42322.3,42362.7,176861.0
1644768900000,42371.7,42431.0,42222.0,42300.4,131051.0
1644769800000,42300.4,42336.4,42213.0,42248.9,75822.0
1644770700000,42248.8,42353.0,42245.2,42316.2,69849.0
1644771600000,42316.1,42316.2,42150.0,42161.8,125337.0
1644772500000,42161.8,42261.9,42081.5,42218.7,107588.0
1644773400000,42218.7,42283.1,42162.0,42234.4,47698.0
1644774300000,42234.4,42296.0,42183.6,42269.6,42983.0
1644775200000,42269.6,42398.0,42269.5,42347.0,58801.0
1644776100000,42347.0,42373.6,42265.0,42285.0,19874.0
1644777000000,42286.5,42286.5,41892.3,41956.2,217867.0
1644777900000,41956.2,42034.9,41870.0,41982.7,86187.0
1644778800000,41982.7,42109.7,41950.0,42061.0,57360.0
1644779700000,42061.0,42179.0,42058.1,42081.5,66190.0
1644780600000,42081.9,42118.0,41888.0,41903.7,93503.0
1644781500000,41905.0,42062.8,41896.2,42040.7,48531.0
1644782400000,42041.0,42154.7,41953.5,42134.8,53638.0
1644783300000,42134.8,42371.5,42117.1,42311.6,87767.0
1644784200000,42311.7,42332.5,42264.0,42289.4,31831.0
1644785100000,42289.3,42447.0,42283.1,42443.3,40851.0
1644786000000,42444.5,42505.0,42341.0,42355.0,77690.0
1644786900000,42347.1,42364.7,42211.0,42225.4,32763.0
1644787800000,42225.3,42282.8,42206.5,42279.8,22095.0
1644788700000,42279.8,42295.1,42212.9,42212.9,28893.0
1644789600000,42212.9,42279.7,42210.0,42272.1,25528.0
1644790500000,42272.5,42380.0,42269.4,42367.8,22795.0
1644791400000,42367.8,42368.0,42302.2,42325.3,9600.0
1644792300000,42322.5,42439.4,42258.0,42379.7,51646.0
1644793200000,42377.8,42395.3,42050.8,42166.3,171053.0
1644794100000,42166.3,42366.9,42165.5,42213.4,60413.0
1644795000000,42213.4,42240.1,42093.7,42190.0,49691.0
1644795900000,42190.0,42291.6,42027.6,42063.5,75906.0
1644796800000,42063.4,42148.9,41979.9,42091.4,99974.0
1644797700000,42091.4,42181.5,42001.6,42030.9,65866.0
1644798600000,42028.2,42133.3,41939.3,42025.9,100000.0
1644799500000,42025.9,42135.0,41990.0,42120.3,52016.0
1644800400000,42120.3,42165.9,42052.8,42102.9,93108.0
1644801300000,42103.0,42103.0,41800.0,41869.1,166788.0
1644802200000,41869.1,41869.1,41541.9,41693.9,313870.0
1644803100000,41693.9,41738.6,41593.4,41678.3,107056.0
1644804000000,41678.5,41792.2,41609.6,41767.7,94619.0
1644804900000,41767.6,41838.0,41726.6,41788.5,75945.0
1644805800000,41788.9,41799.0,41688.0,41781.2,81359.0
1644806700000,41781.2,41834.2,41688.8,41710.3,106582.0
1644807600000,41708.7,41880.0,41620.1,41811.9,125711.0
1644808500000,41812.0,41986.8,41800.0,41858.5,110897.0
1644809400000,41858.5,41959.9,41856.9,41894.4,63843.0
1644810300000,41894.4,41937.3,41859.0,41910.5,49132.0
1644811200000,41910.5,41929.8,41835.3,41910.1,62491.0
1644812100000,41910.1,41970.4,41854.4,41936.9,83053.0
1644813000000,41936.8,41965.9,41900.1,41935.6,46053.0
1644813900000,41932.4,41963.2,41872.4,41954.3,46142.0
1644814800000,41951.7,41999.0,41909.2,41926.9,56562.0
1644815700000,41927.0,41951.0,41860.0,41872.0,49413.0
1644816600000,41871.1,41902.2,41808.5,41839.5,49217.0
1644817500000,41839.5,41862.6,41761.5,41775.1,67478.0
1644818400000,41775.0,41838.0,41736.0,41816.3,70884.0
1644819300000,41816.3,41978.4,41810.9,41866.2,100706.0
1644820200000,41866.2,41965.6,41831.2,41905.6,56793.0
1644821100000,41905.5,42275.0,41902.1,42185.5,233902.0
1644822000000,42185.6,42235.9,42116.0,42221.9,88004.0
1644822900000,42221.9,42253.8,42133.9,42150.8,69739.0
1644823800000,42150.6,42223.8,42130.0,42217.1,64020.0
1644824700000,42217.1,42368.6,42186.0,42311.1,138826.0
1644825600000,42311.1,42416.0,42274.5,42388.5,134079.0
1644826500000,42388.5,42403.9,42149.4,42175.7,172868.0
1644827400000,42175.7,42200.9,42044.0,42125.8,168535.0
1644828300000,42125.8,42139.9,42017.0,42042.9,135258.0
1644829200000,42042.9,42118.5,41964.0,42045.8,158996.0
1644830100000,42047.5,42200.0,42037.1,42152.1,146319.0
1644831000000,42152.1,42233.0,42039.8,42064.1,152894.0
1644831900000,42064.1,42106.2,42043.1,42080.7,61009.0
1644832800000,42081.0,42199.3,41919.6,42195.5,149015.0
1644833700000,42195.5,42248.8,42124.0,42190.5,105420.0
1644834600000,42190.6,42207.3,42115.5,42150.5,86702.0
1644835500000,42150.6,42292.0,42139.8,42232.6,82351.0
1644836400000,42232.7,42247.1,42141.0,42141.0,67525.0
1644837300000,42141.1,42258.4,42125.4,42240.0,66772.0
1644838200000,42240.0,42277.9,42185.1,42261.8,51858.0
1644839100000,42261.8,42261.8,42070.5,42120.9,105500.0
1644840000000,42120.9,42151.6,42000.0,42009.3,104801.0
1644840900000,42009.3,42106.2,41962.0,42106.2,105802.0
1644841800000,42106.2,42471.5,42080.0,42387.6,271333.0
1644842700000,42387.7,42588.0,42308.8,42527.6,263903.0
1644843600000,42527.7,42687.8,42452.3,42492.1,224336.0
1644844500000,42491.7,42625.8,42469.5,42621.2,132206.0
1644845400000,42621.3,42631.2,42393.4,42393.4,189587.0
1644846300000,42393.5,42566.3,42393.5,42497.6,103795.0
1644847200000,42497.6,42651.7,42471.3,42597.5,119452.0
1644848100000,42597.5,42733.5,42544.5,42654.5,157486.0
1644849000000,42654.6,42854.7,42510.9,42618.5,410847.0
1644849900000,42618.4,42690.0,42501.3,42520.7,202493.0
1644850800000,42520.7,42650.0,42413.0,42570.3,202699.0
1644851700000,42570.3,42590.0,42422.9,42473.3,201934.0
1644852600000,42473.3,42567.1,42356.9,42541.9,211056.0
1644853500000,42543.0,42668.7,42518.5,42583.3,152532.0
1644854400000,42583.5,42695.4,42555.2,42615.2,195598.0
1644855300000,42615.3,42820.0,42615.3,42743.2,194349.0
1644856200000,42743.2,42826.6,42672.3,42709.3,170500.0
1644857100000,42709.4,42771.1,42624.3,42648.3,130262.0
1644858000000,42649.8,42671.6,42600.7,42632.0,92782.0
1644858900000,42632.0,42701.7,42616.8,42686.3,87423.0
1644859800000,42686.4,42750.0,42515.0,42576.5,126546.0
1644860700000,42576.6,42795.0,42539.4,42579.3,137511.0
1644861600000,42579.3,42637.6,42518.7,42562.8,73965.0
1644862500000,42567.2,42645.4,42414.5,42510.4,117446.0
1644863400000,42508.8,42517.2,42425.5,42486.1,84914.0
1644864300000,42484.6,42502.9,42126.7,42241.0,270710.0
1644865200000,42240.9,42295.7,41944.1,42052.1,303250.0
1644866100000,42052.1,42095.8,41802.9,42000.7,266246.0
1644867000000,42000.7,42240.2,41892.4,42131.8,298945.0
1644867900000,42131.8,42197.1,41988.0,42118.9,158007.0
1644868800000,42118.8,42191.6,41991.0,42151.9,165664.0
1644869700000,42151.8,42218.6,42035.1,42138.4,130182.0
1644870600000,42138.3,42311.2,42124.8,42249.4,139421.0
1644871500000,42249.4,42293.6,42157.6,42173.4,130277.0
1644872400000,42173.4,42233.0,42151.1,42232.9,40967.0
1644873300000,42233.0,42234.1,42130.0,42138.4,28180.0
1644874200000,42138.3,42191.9,42133.7,42177.8,25358.0
1644875100000,42177.2,42290.3,42100.0,42233.1,46146.0
1644876000000,42234.7,42687.5,42223.6,42601.4,135571.0
1644876900000,42601.5,42784.9,42588.1,42745.0,84999.0
1644877800000,42744.9,42745.0,42618.0,42651.3,32532.0
1644878700000,42651.3,42678.8,42566.6,42674.9,46751.0
1644879600000,42674.9,42806.0,42607.0,42721.8,142141.0
1644880500000,42721.9,42762.5,42687.2,42688.7,50047.0
1644881400000,42688.7,42688.8,42617.1,42640.8,44863.0
1644882300000,42640.8,42657.5,42530.0,42533.4,63959.0
1644883200000,42533.5,42657.9,42533.5,42561.6,77068.0
1644884100000,42561.7,42605.9,42510.0,42567.2,72435.0
1644885000000,42567.2,42567.2,42431.7,42487.6,79575.0
1644885900000,42487.6,42580.0,42463.6,42578.0,42659.0
1644886800000,42578.0,42596.0,42529.5,42542.0,39914.0
1644887700000,42542.0,42796.3,42542.0,42744.1,115761.0
1644888600000,42744.2,43693.8,42744.1,43475.9,653534.0
1644889500000,43475.9,43562.5,43386.6,43455.7,137440.0
1644890400000,43457.2,43643.0,43385.0,43385.1,171003.0
1644891300000,43385.0,43492.7,43377.3,43435.3,74404.0
1644892200000,43435.3,43611.0,43404.1,43594.0,133451.0
1644893100000,43593.9,43697.4,43500.1,43561.5,131061.0
1644894000000,43561.6,43586.5,43501.9,43581.8,53771.0
1644894900000,43581.7,43644.6,43561.9,43631.6,51351.0
1644895800000,43631.6,43650.0,43581.1,43618.7,36380.0
1644896700000,43618.8,43618.8,43534.0,43565.4,40916.0
1644897600000,43565.5,43778.0,43501.9,43513.5,188769.0
1644898500000,43513.4,43571.0,43501.9,43546.8,38823.0
1644899400000,43546.9,43569.9,43483.7,43517.6,55021.0
1644900300000,43517.6,43532.6,43462.0,43473.0,65583.0
1644901200000,43472.9,43511.6,43400.0,43482.0,115309.0
1644902100000,43481.9,43578.1,43481.9,43563.3,65847.0
1644903000000,43563.4,43579.4,43543.8,43548.6,40898.0
1644903900000,43548.6,43631.4,43548.6,43566.4,52775.0
1644904800000,43566.4,43669.2,43545.3,43640.4,86865.0
1644905700000,43640.4,43640.4,43570.0,43612.4,61595.0
1644906600000,43612.5,43650.0,43583.6,43590.3,53009.0
1644907500000,43590.3,43610.0,43529.2,43539.3,59020.0
1644908400000,43539.4,43615.6,43535.6,43582.7,61371.0
1644909300000,43582.6,43624.9,43537.8,43619.9,51777.0
1644910200000,43620.0,43715.6,43562.8,43714.8,107790.0
1644911100000,43714.8,43766.3,43655.0,43679.2,98625.0
1644912000000,43677.8,43896.1,43608.0,43792.7,274025.0
1644912900000,43792.8,43880.1,43746.6,43867.7,143205.0
1644913800000,43867.7,44200.0,43867.7,43950.0,373014.0
1644914700000,43949.9,43984.9,43870.0,43980.7,151844.0
1644915600000,43980.8,44058.9,43838.5,43888.6,142861.0
1644916500000,43888.7,43966.0,43838.4,43869.5,105485.0
1644917400000,43868.9,43997.1,43868.9,43986.7,88883.0
1644918300000,43986.8,44110.1,43966.4,44047.0,136072.0
1644919200000,44047.0,44084.6,43959.9,44000.0,64753.0
1644920100000,44000.1,44240.1,44000.1,44155.3,145294.0
1644921000000,44155.4,44293.2,44127.6,44202.5,136804.0
1644921900000,44201.3,44394.4,44154.0,44262.9,185020.0
1644922800000,44263.0,44336.4,44155.1,44215.4,106216.0
1644923700000,44215.4,44241.4,44086.8,44131.6,71257.0
1644924600000,44131.6,44348.9,44131.6,44302.3,83582.0
1644925500000,44303.1,44438.9,44231.6,44234.3,130121.0
1644926400000,44234.3,44340.0,44187.4,44306.7,89406.0
1644927300000,44306.7,44308.2,44150.0,44241.0,99701.0
1644928200000,44242.5,44305.5,44150.0,44170.1,99306.0
1644929100000,44170.1,44249.8,44154.9,44176.5,47958.0
1644930000000,44176.4,44304.4,44176.4,44280.6,62314.0
1644930900000,44280.6,44308.7,44110.1,44155.8,80476.0
1644931800000,44159.5,44289.1,44023.1,44197.1,161656.0
1644932700000,44197.0,44298.0,44197.0,44245.8,81635.0
1644933600000,44245.9,44418.0,44230.4,44331.2,133583.0
1644934500000,44331.2,44441.8,44233.6,44240.4,114365.0
1644935400000,44240.4,44510.0,44201.0,44360.4,291185.0
1644936300000,44360.4,44441.8,44226.1,44250.6,118563.0
1644937200000,44250.6,44270.0,44174.9,44198.4,90037.0
1644938100000,44198.3,44240.4,44122.4,44233.0,125766.0
1644939000000,44233.0,44254.2,44150.0,44237.3,74154.0
1644939900000,44235.9,44293.7,44195.1,44200.6,65443.0
1644940800000,44203.6,44271.4,44140.0,44234.5,95396.0
1644941700000,44234.4,44234.5,44041.3,44093.8,106368.0
1644942600000,44095.3,44152.0,44075.5,44080.1,58974.0
1644943500000,44080.1,44144.0,44027.1,44135.1,67584.0
1644944400000,44135.0,44165.0,44079.3,44128.2,61121.0
1644945300000,44128.2,44128.2,43860.0,43892.9,200117.0
1644946200000,43892.9,44038.3,43885.4,43984.7,129830.0
1644947100000,43984.7,43997.0,43890.0,43937.3,64370.0
1644948000000,43940.5,43993.0,43883.0,43964.6,80951.0
1644948900000,43964.6,44181.3,43947.4,44148.8,102009.0
1644949800000,44148.8,44199.0,44032.1,44109.0,59863.0
1644950700000,44109.0,44145.0,44093.7,44133.5,31256.0
1644951600000,44130.5,44130.6,44036.7,44085.9,45301.0
1644952500000,44085.9,44128.8,44031.3,44069.4,44257.0
1644953400000,44069.4,44080.0,43963.4,44037.6,61189.0
1644954300000,44039.1,44078.2,43975.2,43995.0,46974.0
1644955200000,43995.0,44074.8,43977.0,44063.0,44602.0
1644956100000,44065.9,44157.6,44047.4,44157.6,57213.0
1644957000000,44157.5,44178.3,44040.8,44134.6,77456.0
1644957900000,44134.6,44169.9,44055.5,44138.9,93332.0
1644958800000,44138.8,44162.3,44065.8,44123.5,39167.0
1644959700000,44123.5,44138.9,44014.9,44023.0,30832.0
1644960600000,44023.0,44043.2,43960.0,43969.3,30810.0
1644961500000,43969.3,44014.8,43969.3,43981.6,18998.0
1644962400000,43981.5,44120.0,43981.5,44117.0,30573.0
1644963300000,44117.6,44196.7,44056.4,44196.5,44126.0
1644964200000,44197.4,44394.5,44180.8,44245.3,66726.0
1644965100000,44245.3,44308.0,44163.6,44186.4,41296.0
1644966000000,44186.3,44216.2,44114.2,44178.6,60132.0
1644966900000,44180.0,44400.0,44158.9,44349.0,72225.0
1644967800000,44349.0,44787.3,44321.5,44704.2,265304.0
1644968700000,44704.2,44762.1,44485.1,44556.7,93167.0
1644969600000,44556.7,44556.7,44359.4,44407.3,101260.0
1644970500000,44407.3,44418.9,44120.2,44192.8,105002.0
1644971400000,44192.8,44281.1,44134.3,44189.7,69768.0
1644972300000,44189.6,44212.4,44145.9,44209.5,44106.0
1644973200000,44210.0,44210.1,44062.0,44075.6,77872.0
1644974100000,44075.6,44171.8,44051.1,44168.7,57086.0
1644975000000,44168.6,44183.6,43952.2,43995.6,156786.0
1644975900000,43995.5,44044.2,43965.1,43996.8,64385.0
1644976800000,43996.7,44050.0,43996.7,44043.9,35245.0
1644977700000,44044.2,44044.3,43973.0,43973.0,32358.0
1644978600000,43973.1,44015.5,43901.1,44011.2,51207.0
1644979500000,44011.2,44095.7,43986.6,44080.0,44419.0
1644980400000,44079.9,44162.7,44056.0,44143.0,71017.0
1644981300000,44143.1,44143.1,44079.2,44092.6,22842.0
1644982200000,44092.6,44093.0,43955.3,44029.9,58799.0
1644983100000,44029.9,44050.0,43960.1,43986.4,33492.0
1644984000000,43986.3,43986.8,43925.0,43940.8,38334.0
1644984900000,43940.8,43940.8,43681.2,43710.1,303339.0
1644985800000,43710.0,43888.0,43710.0,43847.7,78950.0
1644986700000,43846.2,43899.0,43837.6,43897.9,24751.0
1644987600000,43898.0,44099.0,43891.7,44075.6,79202.0
1644988500000,44075.7,44082.1,43968.7,44076.8,39683.0
1644989400000,44076.8,44130.0,43983.8,43999.0,51586.0
1644990300000,43999.0,44129.9,43977.0,44053.2,45566.0
1644991200000,44053.3,44118.1,44043.9,44106.6,28812.0
1644992100000,44106.6,44198.6,44068.8,44075.7,70715.0
1644993000000,44075.8,44137.8,44075.8,44107.5,21360.0
1644993900000,44107.6,44129.0,44020.4,44028.4,46980.0
1644994800000,44028.4,44094.5,43991.0,44017.5,40306.0
1644995700000,44017.5,44043.1,43912.8,43985.0,54107.0
1644996600000,43984.9,44108.6,43968.3,44108.6,31517.0
1644997500000,44108.6,44188.0,44084.0,44179.2,47031.0
1644998400000,44179.1,44275.7,44155.5,44207.6,101066.0
1644999300000,44207.7,44338.0,44207.7,44278.7,128367.0
1645000200000,44275.0,44275.0,44151.3,44151.4,71863.0
1645001100000,44151.4,44208.2,44136.1,44150.1,43611.0
1645002000000,44150.3,44235.3,44072.8,44140.3,74976.0
1645002900000,44139.4,44183.1,44117.8,44174.6,23062.0
1645003800000,44171.6,44238.8,44041.4,44048.1,69414.0
1645004700000,44048.0,44102.7,44001.2,44008.3,53063.0
1645005600000,44010.6,44083.8,43975.0,44046.1,58204.0
1645006500000,44046.1,44076.9,43866.1,43956.8,110063.0
1645007400000,43956.8,44092.6,43920.0,44092.5,67274.0
1645008300000,44092.6,44132.3,44057.8,44112.8,33712.0
1645009200000,44112.9,44258.3,44112.9,44161.7,114198.0
1645010100000,44159.0,44194.7,44119.6,44134.5,33000.0
1645011000000,44134.5,44226.4,44114.0,44171.1,46528.0
1645011900000,44171.1,44225.0,44151.3,44176.1,26621.0
1645012800000,44171.3,44218.5,44029.6,44040.0,79897.0
1645013700000,44040.0,44147.9,44015.0,44103.9,43165.0
1645014600000,44104.0,44174.9,43989.3,43999.0,83434.0
1645015500000,43998.9,44064.9,43947.9,44037.7,70460.0
1645016400000,44037.8,44061.7,43950.0,44040.1,64779.0
1645017300000,44040.1,44040.2,43969.0,43985.6,46547.0
1645018200000,43985.7,44152.7,43744.0,43845.1,306903.0
1645019100000,43845.1,43942.9,43517.7,43640.9,396340.0
1645020000000,43640.8,43726.6,43578.0,43683.5,160653.0
1645020900000,43683.5,43738.0,43506.9,43648.5,149208.0
1645021800000,43648.4,43710.0,43518.0,43570.1,152953.0
1645022700000,43570.1,43650.0,43284.7,43489.7,328889.0
1645023600000,43489.7,43654.9,43444.0,43592.4,124470.0
1645024500000,43592.4,43639.0,43512.6,43621.5,67796.0
1645025400000,43621.5,43685.7,43587.3,43666.9,85167.0
1645026300000,43666.9,43684.2,43560.1,43596.8,59773.0
1645027200000,43598.6,43642.9,43451.1,43456.9,118557.0
1645028100000,43456.9,43574.2,43362.4,43574.0,107614.0
1645029000000,43574.0,43617.0,43516.8,43542.1,58930.0
1645029900000,43542.2,43745.0,43542.1,43649.2,102440.0
1645030800000,43649.3,43701.0,43595.5,43595.6,44242.0
1645031700000,43595.6,43688.6,43595.6,43668.3,39302.0
1645032600000,43668.2,43668.2,43549.6,43595.3,75323.0
1645033500000,43595.3,43600.2,43546.9,43568.9,28010.0
1645034400000,43568.9,43656.3,43505.0,43656.3,51219.0
1645035300000,43656.3,43677.7,43633.7,43672.2,33834.0
1645036200000,43672.2,43878.8,43651.0,43696.7,91031.0
1645037100000,43696.7,43912.3,43696.7,43841.9,76067.0
1645038000000,43841.8,44143.5,43672.2,44002.0,428789.0
1645038900000,44002.0,44292.5,44002.0,44234.9,220737.0
1645039800000,44234.8,44350.0,44162.2,44162.3,129035.0
1645040700000,44162.3,44255.5,44149.2,44219.9,71841.0
1645041600000,44219.9,44388.0,44219.9,44243.5,100247.0
1645042500000,44243.6,44295.0,44195.4,44219.8,61224.0
1645043400000,44219.8,44224.8,44128.9,44170.1,37840.0
1645044300000,44170.1,44187.2,44076.0,44096.5,63880.0
1645045200000,44092.0,44169.1,44081.2,44097.5,38218.0
1645046100000,44097.6,44125.8,44044.7,44102.9,34142.0
1645047000000,44102.8,44102.8,44015.5,44019.5,17358.0
1645047900000,44019.5,44070.8,43872.8,44064.5,59325.0
1645048800000,44064.5,44071.0,43957.9,44014.3,24709.0
1645049700000,44014.2,44139.1,44014.2,44134.8,18674.0
1645050600000,44134.8,44144.8,44063.4,44114.5,12241.0
1645051500000,44111.8,44111.8,44000.0,44021.8,20625.0
1645052400000,44021.7,44155.9,44004.5,44108.2,35633.0
1645053300000,44102.9,44179.0,44093.3,44178.9,15528.0
1645054200000,44179.0,44180.0,44040.9,44041.0,38167.0
1645055100000,44040.9,44054.1,43834.4,43874.8,87126.0
1645056000000,43874.8,43958.9,43826.5,43886.0,64355.0
1645056900000,43886.0,43914.3,43826.5,43849.6,56526.0
1645057800000,43849.5,43952.7,43849.5,43952.7,36190.0
1645058700000,43954.9,44101.0,43927.6,44071.3,63643.0
1645059600000,44071.4,44161.5,44003.4,44032.8,80170.0
1645060500000,44032.8,44133.9,43967.0,44098.2,74383.0
1645061400000,44098.1,44098.2,44000.9,44002.7,30889.0
1645062300000,44002.7,44023.7,43970.7,44010.3,23104.0
1645063200000,44010.3,44097.9,43994.8,44074.2,28537.0
1645064100000,44074.3,44099.0,43816.6,43855.5,110298.0
1645065000000,43855.5,44048.4,43848.1,44027.8,68710.0
1645065900000,44027.8,44110.4,43934.1,44007.2,69678.0
1645066800000,44007.1,44007.2,43949.6,43949.7,18666.0
1645067700000,43949.6,44022.3,43907.2,43974.9,44291.0
1645068600000,43972.8,43995.7,43744.1,43759.9,165337.0
1645069500000,43760.5,43849.9,43580.0,43582.0,159681.0
1645070400000,43582.0,43582.8,43334.8,43568.2,285867.0
1645071300000,43568.2,43666.0,43492.5,43555.0,111932.0
1645072200000,43553.8,43690.6,43540.8,43624.2,81393.0
1645073100000,43624.2,43713.3,43582.0,43611.1,54562.0
1645074000000,43611.1,43706.4,43506.6,43650.6,81143.0
1645074900000,43650.6,43698.9,43617.1,43649.7,37520.0
1645075800000,43649.7,43696.5,43593.3,43600.8,56222.0
1645076700000,43600.9,43635.6,43535.0,43617.5,60237.0
1645077600000,43617.4,43697.0,43575.1,43598.5,65697.0
1645078500000,43598.4,43809.6,43593.3,43793.4,76539.0
1645079400000,43793.4,43887.9,43721.6,43833.2,147090.0
1645080300000,43833.2,43867.6,43806.1,43830.2,60871.0
1645081200000,43830.2,43847.9,43756.8,43786.3,69856.0
1645082100000,43786.3,43787.7,43745.2,43763.9,31586.0
1645083000000,43763.9,43867.7,43742.0,43856.0,57758.0
1645083900000,43856.0,43960.0,43855.8,43910.0,74991.0
1645084800000,43910.1,44033.3,43905.1,43926.5,129859.0
1645085700000,43926.6,43942.7,43618.9,43625.3,157894.0
1645086600000,43625.3,43631.9,43315.0,43484.7,361385.0
1645087500000,43484.7,43491.6,43346.6,43480.7,106826.0
1645088400000,43480.0,43539.5,43351.8,43398.1,83918.0
1645089300000,43402.7,43402.7,42688.0,43240.9,356386.0
1645090200000,43242.4,43299.0,43157.2,43160.2,129155.0
1645091100000,43160.2,43262.5,43111.9,43217.2,79998.0
1645092000000,43217.2,43339.5,43157.1,43332.5,103279.0
1645092900000,43332.5,43332.5,43234.0,43244.5,42985.0
1645093800000,43244.6,43267.2,43172.0,43183.5,55243.0
1645094700000,43183.5,43213.1,42923.9,43054.9,146559.0
1645095600000,43057.5,43167.2,42978.8,43154.3,93451.0
1645096500000,43154.3,43190.7,43103.6,43139.9,49120.0
1645097400000,43139.8,43217.9,43044.5,43143.3,75358.0
1645098300000,43139.6,43196.4,43107.5,43174.5,49138.0
1645099200000,43174.5,43361.5,43152.5,43315.6,168724.0
1645100100000,43315.5,43332.9,43281.3,43300.1,50403.0
1645101000000,43300.1,43300.1,43235.7,43287.0,53385.0
1645101900000,43287.0,43342.9,43143.5,43212.8,118396.0
1645102800000,43212.8,43289.1,43072.0,43111.7,119887.0
1645103700000,43111.7,43133.5,42396.1,42553.2,621535.0
1645104600000,42553.6,42683.7,42327.4,42447.1,232631.0
1645105500000,42448.3,42497.2,42150.0,42249.2,421231.0
1645106400000,42249.2,42388.0,42069.9,42206.8,347742.0
1645107300000,42206.8,42336.5,42035.1,42161.2,195529.0
1645108200000,42161.2,42289.7,42101.4,42187.6,222857.0
1645109100000,42187.7,42192.8,41858.0,41923.4,323739.0
1645110000000,41923.3,42131.9,41870.8,42054.0,179232.0
1645110900000,42051.7,42051.7,41818.0,41933.7,143288.0
1645111800000,41933.6,42021.5,41668.0,41958.0,248585.0
1645112700000,41955.7,41955.7,41760.9,41920.9,172410.0
1645113600000,41920.9,42078.2,41622.0,42040.0,371576.0
1645114500000,42040.0,42069.9,41863.3,41947.4,131745.0
1645115400000,41947.4,42086.5,41830.8,42021.1,127561.0
1645116300000,42021.0,42100.0,41880.6,41976.2,79305.0
1645117200000,41978.0,41991.3,41757.0,41826.9,129790.0
1645118100000,41827.0,41967.3,41809.5,41830.2,97668.0
1645119000000,41830.2,41949.9,41805.4,41846.6,58110.0
1645119900000,41846.7,41849.4,41550.0,41745.8,181678.0
1645120800000,41745.8,41868.9,41150.0,41397.1,425540.0
1645121700000,41396.9,41524.5,40739.0,40963.8,568193.0
1645122600000,40963.8,41079.0,40832.1,41072.8,225979.0
1645123500000,41072.7,41290.0,41033.0,41277.8,135778.0
1645124400000,41277.8,41277.8,41083.3,41126.3,88187.0
1645125300000,41127.7,41182.0,40925.0,41090.3,107820.0
1645126200000,41090.2,41137.0,41000.0,41102.6,63982.0
1645127100000,41094.1,41232.4,41010.7,41179.7,99218.0
1645128000000,41179.7,41181.9,40960.4,41083.5,150366.0
1645128900000,41086.2,41130.5,40962.8,40984.2,85397.0
1645129800000,40984.1,41068.6,40837.3,41044.2,106876.0
1645130700000,41045.1,41089.1,40838.2,40878.0,123843.0
1645131600000,40877.4,40942.9,40345.8,40559.4,352663.0
1645132500000,40559.4,40633.4,40015.9,40273.5,328099.0
1645133400000,40273.5,40728.4,40241.2,40582.1,200006.0
1645134300000,40578.0,40750.0,40470.1,40661.0,99535.0
1645135200000,40660.9,40750.0,40496.5,40515.6,81861.0
1645136100000,40515.7,40614.5,40405.7,40521.2,53147.0
1645137000000,40521.2,40681.4,40517.3,40606.8,29506.0
1645137900000,40609.3,40705.6,40543.4,40705.6,36596.0
1645138800000,40705.6,40710.3,40584.3,40626.4,56064.0
1645139700000,40626.5,40750.0,40613.1,40652.1,60572.0
1645140600000,40652.1,40656.5,40524.2,40572.6,77090.0
1645141500000,40572.6,40574.9,40441.4,40500.6,61992.0
1645142400000,40505.6,40595.4,40347.2,40432.3,138319.0
1645143300000,40431.9,40597.0,40267.6,40589.5,108889.0
1645144200000,40589.4,40673.1,40513.2,40518.7,53011.0
1645145100000,40516.9,40584.1,40365.0,40562.8,76530.0
1645146000000,40559.7,40597.7,40402.8,40429.4,70274.0
1645146900000,40429.3,40485.3,40361.9,40367.0,52939.0
1645147800000,40367.0,40919.0,40362.4,40873.4,247577.0
1645148700000,40873.4,40935.0,40763.6,40782.7,117224.0
1645149600000,40782.7,40891.0,40660.9,40715.9,75557.0
1645150500000,40715.9,40801.9,40701.6,40723.6,54991.0
1645151400000,40723.6,40747.5,40666.7,40733.6,42246.0
1645152300000,40737.6,40770.3,40701.1,40763.0,38370.0
1645153200000,40761.8,40771.2,40678.1,40723.8,31399.0
1645154100000,40723.9,40737.5,40575.6,40678.7,66856.0
1645155000000,40678.6,40706.7,40575.3,40631.5,32784.0
1645155900000,40632.2,40708.8,40611.5,40686.4,32791.0
1645156800000,40686.3,40733.8,40631.7,40649.9,31222.0
1645157700000,40649.9,40749.1,40600.0,40715.0,42643.0
1645158600000,40715.0,40783.6,40680.4,40746.8,36041.0
1645159500000,40746.9,40746.9,40485.8,40509.1,101584.0
1645160400000,40510.6,40618.9,40489.5,40571.4,44407.0
1645161300000,40571.3,40615.1,40518.9,40608.4,31904.0
1645162200000,40608.5,40700.0,40597.0,40602.2,48504.0
1645163100000,40602.3,40676.7,40602.2,40626.3,34943.0
1645164000000,40626.3,40678.7,40576.1,40668.6,37423.0
1645164900000,40668.6,40673.3,40617.6,40634.7,40771.0
1645165800000,40634.6,40746.4,40580.0,40739.5,47670.0
1645166700000,40739.5,40739.5,40666.0,40713.3,32179.0
1645167600000,40713.5,40745.0,40679.1,40744.4,39156.0
1645168500000,40744.4,40765.9,40548.5,40575.0,90185.0
1645169400000,40575.0,40659.0,40556.6,40659.0,42282.0
1645170300000,40658.9,40667.8,40604.5,40651.8,30474.0
1645171200000,40651.8,40735.0,40645.1,40719.6,54325.0
1645172100000,40721.5,40752.8,40671.1,40680.0,42895.0
1645173000000,40680.0,40806.0,40675.0,40781.3,54472.0
1645173900000,40781.2,40961.9,40733.1,40855.1,126600.0
1645174800000,40855.1,40891.3,40765.1,40788.4,64926.0
1645175700000,40788.5,40840.3,40758.6,40825.0,55614.0
1645176600000,40825.1,40872.8,40825.0,40862.4,28227.0
1645177500000,40862.4,40907.1,40822.1,40860.3,42722.0
1645178400000,40860.4,40860.4,40707.0,40784.3,54019.0
1645179300000,40780.7,40802.9,40688.8,40753.1,53648.0
1645180200000,40753.1,40780.0,40720.2,40741.7,25410.0
1645181100000,40741.8,40847.6,40694.7,40787.5,50639.0
1645182000000,40787.5,40799.0,40350.0,40420.1,241635.0
1645182900000,40420.0,40495.5,40270.4,40374.6,144597.0
1645183800000,40374.6,40416.6,40101.0,40284.0,226976.0
1645184700000,40284.0,40392.7,40112.0,40185.1,155551.0
1645185600000,40185.2,40566.1,40078.5,40556.6,264337.0
1645186500000,40555.5,40555.6,40392.9,40420.1,94129.0
1645187400000,40420.0,40472.5,40311.3,40378.8,65666.0
1645188300000,40377.6,40465.5,40337.5,40440.6,62921.0
1645189200000,40440.5,40532.4,40251.2,40377.6,143422.0
1645190100000,40378.9,40425.3,40217.5,40302.9,119514.0
1645191000000,40301.7,40439.7,40183.1,40421.4,125701.0
1645191900000,40421.4,40448.2,40331.0,40385.5,70595.0
1645192800000,40385.6,40491.8,40367.9,40379.9,87407.0
1645193700000,40380.0,40411.1,40279.0,40358.7,67306.0
1645194600000,40370.5,40446.7,39652.1,39658.4,632902.0
1645195500000,39658.5,40527.5,39637.0,40485.0,580124.0
1645196400000,40484.9,40800.0,40333.0,40444.1,402330.0
1645197300000,40444.1,40596.0,40231.0,40281.0,212409.0
1645198200000,40281.0,40281.1,39642.9,39887.9,531232.0
1645199100000,39887.9,39923.7,39656.0,39835.8,207365.0
1645200000000,39835.8,39980.8,39430.6,39968.9,689716.0
1645200900000,39968.9,40445.7,39962.5,40169.6,486287.0
1645201800000,40167.2,40415.3,40112.1,40314.8,232231.0
1645202700000,40314.7,40378.5,39915.8,39930.9,189016.0
1645203600000,39931.2,40348.0,39931.2,40137.8,181219.0
1645204500000,40137.9,40381.0,40051.4,40070.6,151016.0
1645205400000,40070.6,40231.8,39915.2,39989.2,193770.0
1645206300000,39989.3,40120.0,39963.1,40033.5,78325.0
1645207200000,40027.7,40057.3,39832.9,39851.6,129303.0
1645208100000,39851.7,40041.5,39784.8,39969.4,90848.0
1645209000000,39971.7,40163.9,39930.7,40088.6,83179.0
1645209900000,40088.6,40241.1,40083.5,40144.8,67555.0
1645210800000,40144.9,40235.2,40060.4,40069.2,76870.0
1645211700000,40068.3,40257.6,40047.1,40230.5,63441.0
1645212600000,40231.5,40339.9,40133.1,40134.2,66784.0
1645213500000,40134.2,40240.0,40058.1,40203.4,54698.0
1645214400000,40209.4,40277.5,40120.9,40138.6,62888.0
1645215300000,40138.5,40158.2,40026.0,40057.5,50546.0
1645216200000,40059.9,40172.1,39955.6,40112.0,58634.0
1645217100000,40112.0,40153.8,39937.7,40026.4,75843.0
1645218000000,40026.3,40164.5,39885.1,40004.2,56740.0
1645218900000,40009.3,40120.0,40000.7,40118.7,23850.0
1645219800000,40120.9,40120.9,39955.6,40067.9,47806.0
1645220700000,40065.0,40065.0,39959.2,39971.0,45573.0
1645221600000,39970.9,40050.9,39763.4,39817.7,87739.0
1645222500000,39818.7,39964.3,39739.3,39845.5,29574.0
1645223400000,39850.0,39981.3,39847.0,39946.1,14844.0
1645224300000,39946.1,39973.6,39881.0,39939.1,16210.0
1645225200000,39939.1,40046.1,39888.0,40020.4,37575.0
1645226100000,40020.4,40065.4,39974.6,40058.4,18733.0
1645227000000,40058.5,40096.3,40007.0,40060.4,33595.0
1645227900000,40060.5,40086.1,39978.7,39991.2,31631.0
1645228800000,39991.1,40079.4,39921.5,40079.4,42565.0
1645229700000,40079.3,40198.0,40060.0,40147.5,46513.0
1645230600000,40147.5,40250.0,40126.3,40187.4,43783.0
1645231500000,40187.4,40221.9,40150.1,40210.2,32493.0
1645232400000,40210.3,40317.7,40172.0,40270.1,51844.0
1645233300000,40270.1,40270.1,40164.1,40218.0,57358.0
1645234200000,40219.1,40235.2,40058.8,40217.5,54015.0
1645235100000,40217.5,40227.7,40123.7,40153.3,26249.0
1645236000000,40157.2,40199.3,40074.9,40092.0,26776.0
1645236900000,40092.0,40159.9,40092.0,40150.7,26332.0
1645237800000,40150.6,40210.1,40146.7,40192.0,17939.0
1645238700000,40191.9,40196.9,40151.7,40156.8,14997.0
1645239600000,40156.9,40228.2,40150.1,40170.0,23517.0
1645240500000,40170.0,40170.6,40088.9,40109.6,31416.0
1645241400000,40109.5,40109.6,40055.3,40109.5,28015.0
1645242300000,40109.6,40157.4,40109.2,40131.1,21755.0
1645243200000,40133.0,40178.0,40062.0,40090.9,37965.0
1645244100000,40090.9,40221.4,40090.8,40221.4,46100.0
1645245000000,40218.1,40290.0,40181.6,40204.8,39804.0
1645245900000,40204.7,40237.1,40149.4,40220.0,25655.0
1645246800000,40219.9,40224.6,40155.0,40179.4,19933.0
1645247700000,40179.3,40248.9,40175.0,40230.0,18339.0
1645248600000,40230.0,40240.1,40160.0,40170.0,22476.0
1645249500000,40169.9,40240.0,40150.0,40239.9,23933.0
1645250400000,40239.9,40250.0,40203.3,40209.6,25338.0
1645251300000,40209.7,40288.0,40209.7,40287.8,35952.0
1645252200000,40287.9,40425.0,40249.4,40335.8,106678.0
1645253100000,40335.7,40438.8,40335.7,40377.8,72011.0
1645254000000,40370.0,40404.0,40302.0,40308.0,57274.0
1645254900000,40308.1,40333.8,40253.5,40306.7,43080.0
1645255800000,40306.8,40338.0,40290.3,40299.2,29349.0
1645256700000,40299.1,40319.2,40230.8,40255.3,42778.0
1645257600000,40258.0,40298.3,40255.9,40265.5,22066.0
1645258500000,40266.6,40285.7,40188.8,40188.8,44358.0
1645259400000,40188.8,40232.0,40141.1,40210.9,60407.0
1645260300000,40210.8,40210.9,39940.0,39975.5,200559.0
1645261200000,39973.0,40059.2,39852.2,39929.9,141271.0
1645262100000,39929.8,40029.6,39925.7,39975.2,51008.0
1645263000000,39975.2,40048.8,39942.6,39971.2,45260.0
1645263900000,39970.0,39986.8,39890.0,39929.1,55644.0
1645264800000,39931.0,39983.4,39921.3,39970.3,31266.0
1645265700000,39970.3,39970.3,39772.3,39827.5,123539.0
1645266600000,39827.5,39903.1,39777.6,39813.3,64782.0
1645267500000,39813.2,39966.8,39813.2,39956.2,80429.0
1645268400000,39956.3,40044.7,39911.8,39949.5,82599.0
1645269300000,39949.5,39984.4,39844.6,39907.6,75991.0
1645270200000,39909.0,39909.0,39640.3,39736.7,258430.0
1645271100000,39738.0,39857.3,39693.3,39844.3,72204.0
1645272000000,39844.4,39948.3,39658.6,39900.0,138023.0
1645272900000,39900.0,39958.0,39789.9,39800.9,78168.0
1645273800000,39796.0,39849.0,39733.5,39780.4,57252.0
1645274700000,39780.5,39841.8,39710.0,39761.2,43174.0
1645275600000,39761.2,39879.9,39641.0,39879.8,142916.0
1645276500000,39879.8,39998.0,39804.1,39890.3,122357.0
1645277400000,39888.1,39987.9,39870.4,39971.6,72457.0
1645278300000,39971.6,40081.4,39953.5,40029.6,92497.0
1645279200000,40029.6,40029.6,39886.4,39912.8,78548.0
1645280100000,39912.8,39961.1,39877.6,39887.6,38310.0
1645281000000,39887.7,39929.0,39771.7,39917.1,78169.0
1645281900000,39917.1,39965.0,39883.2,39884.5,37803.0
1645282800000,39887.6,39906.1,39823.2,39878.3,35325.0
1645283700000,39878.3,40004.6,39878.3,39988.7,54387.0
1645284600000,39988.7,40015.2,39936.3,39964.8,42665.0
1645285500000,39964.8,40000.0,39924.3,39972.4,48744.0
1645286400000,39968.0,40218.8,39935.1,40218.8,169045.0
1645287300000,40218.8,40360.0,40140.4,40180.2,161158.0
1645288200000,40180.2,40266.1,40147.1,40159.2,56852.0
1645289100000,40159.3,40169.0,39836.3,39941.4,165146.0
1645290000000,39942.1,40080.2,39872.4,40080.2,108078.0
1645290900000,40080.1,40101.0,39949.2,40045.4,55877.0
1645291800000,40047.4,40144.6,40027.4,40117.9,57725.0
1645292700000,40115.9,40161.5,40023.7,40136.3,49241.0
1645293600000,40136.2,40136.2,40075.0,40077.0,39984.0
1645294500000,40077.1,40111.2,40040.0,40044.8,25723.0
1645295400000,40044.9,40146.0,40041.9,40116.1,38851.0
1645296300000,40116.2,40215.5,40080.1,40109.8,42732.0
1645297200000,40109.8,40118.4,39920.2,39999.9,66911.0
1645298100000,39999.9,40033.3,39961.0,40023.1,27525.0
1645299000000,40023.0,40088.0,39987.7,40050.0,51666.0
1645299900000,40046.3,40063.2,39892.9,39971.5,57656.0
1645300800000,39973.5,40035.6,39934.9,40030.0,22415.0
1645301700000,40030.0,40050.0,40029.9,40034.3,10145.0
1645302600000,40034.4,40118.5,40000.0,40066.0,32149.0
1645303500000,40066.1,40077.5,40034.8,40059.8,25154.0
1645304400000,40059.9,40062.2,39986.2,39997.9,23421.0
1645305300000,39997.9,39997.9,39781.9,39928.6,94426.0
1645306200000,39929.9,39930.3,39868.5,39926.7,25478.0
1645307100000,39926.7,39930.0,39899.5,39919.6,12016.0
1645308000000,39919.6,39988.0,39901.0,39939.4,24128.0
1645308900000,39937.5,39978.2,39869.7,39973.5,22065.0
1645309800000,39973.6,40039.5,39963.8,40039.5,9563.0
1645310700000,40039.4,40046.3,40007.8,40007.8,13450.0
1645311600000,40007.8,40043.3,39958.3,40042.1,26077.0
1645312500000,40043.7,40085.8,40025.5,40040.3,19851.0
1645313400000,40040.3,40084.4,40012.8,40081.2,20089.0
1645314300000,40082.5,40136.0,40016.2,40074.5,52743.0
1645315200000,40071.1,40112.5,40041.4,40050.9,25348.0
1645316100000,40049.1,40075.0,39920.7,39922.1,47951.0
1645317000000,39922.0,39965.8,39871.3,39921.4,43413.0
1645317900000,39921.3,39947.2,39885.3,39930.0,31996.0
1645318800000,39930.3,39944.8,39826.5,39868.0,55985.0
1645319700000,39868.0,39938.6,39841.0,39923.0,29212.0
1645320600000,39923.0,40002.4,39902.6,39995.7,32527.0
1645321500000,39995.8,40019.5,39980.0,39993.4,29694.0
1645322400000,39993.4,40005.1,39933.3,39998.0,19427.0
1645323300000,39994.9,40010.5,39955.1,39965.0,24984.0
1645324200000,39965.0,39965.0,39876.3,39918.2,44244.0
1645325100000,39918.3,39968.3,39833.7,39839.9,57909.0
1645326000000,39840.0,39898.3,39817.0,39873.8,36444.0
1645326900000,39873.8,39890.9,39755.0,39820.6,64309.0
1645327800000,39820.5,39868.2,39701.0,39787.9,81865.0
1645328700000,39787.8,39831.7,39720.0,39798.9,38941.0
1645329600000,39798.9,39850.0,39735.1,39786.3,63134.0
1645330500000,39786.3,39811.7,39678.5,39727.2,61461.0
1645331400000,39727.2,39758.1,39515.9,39622.2,187864.0
1645332300000,39622.1,39676.0,39472.8,39557.8,116046.0
1645333200000,39556.3,39704.5,39510.9,39672.9,62715.0
1645334100000,39672.9,39700.0,39560.8,39589.7,60048.0
1645335000000,39587.2,39611.0,39507.9,39559.4,70206.0
1645335900000,39556.3,39586.7,39270.0,39352.9,240395.0
1645336800000,39352.9,39440.4,38825.0,39010.7,486939.0
1645337700000,39010.7,39087.0,38860.0,38999.0,238499.0
1645338600000,38998.9,39060.8,38713.6,38843.3,240650.0
1645339500000,38843.2,38888.0,38765.0,38807.8,80005.0
1645340400000,38804.2,38898.4,38658.0,38760.2,182094.0
1645341300000,38760.2,38836.6,38564.4,38756.3,169933.0
1645342200000,38756.3,38817.7,38672.3,38684.6,102186.0
1645343100000,38685.2,38829.9,38595.4,38794.9,148678.0
1645344000000,38794.1,38850.0,38687.5,38723.5,88973.0
1645344900000,38723.5,38723.5,38266.3,38370.5,372868.0
1645345800000,38370.4,38430.0,38135.0,38195.5,247868.0
1645346700000,38195.4,38274.2,38078.0,38155.2,202649.0
1645347600000,38155.1,38417.7,37950.0,38329.6,399425.0
1645348500000,38329.6,38366.1,38092.4,38143.5,114464.0
1645349400000,38143.4,38237.8,38085.0,38222.3,96288.0
1645350300000,38222.4,38264.4,38123.4,38176.9,69196.0
1645351200000,38176.9,38291.1,38176.9,38250.1,77795.0
1645352100000,38250.0,38332.9,38220.1,38319.3,86720.0
1645353000000,38316.7,38361.5,38272.6,38288.4,60575.0
1645353900000,38285.2,38285.2,38121.7,38186.2,94557.0
1645354800000,38186.3,38216.8,38122.9,38194.6,59415.0
1645355700000,38192.6,38280.0,38182.3,38200.0,42094.0
1645356600000,38199.9,38255.1,38167.2,38239.5,48986.0
1645357500000,38240.0,38350.0,38240.0,38332.6,73929.0
1645358400000,38332.7,38499.2,38289.0,38418.1,122862.0
1645359300000,38418.1,38610.0,38300.0,38318.8,228187.0
1645360200000,38318.9,38383.2,38233.5,38352.0,86189.0
1645361100000,38352.0,38353.5,38183.7,38203.8,86097.0
1645362000000,38203.9,38271.6,38192.1,38206.6,73867.0
1645362900000,38206.6,38309.0,38180.3,38233.1,77587.0
1645363800000,38232.8,38315.1,38188.0,38291.1,67880.0
1645364700000,38291.2,38319.0,38200.1,38208.8,47605.0
1645365600000,38208.7,38253.8,38185.3,38193.3,57905.0
1645366500000,38193.4,38305.0,38024.8,38184.2,223612.0
1645367400000,38184.1,38225.7,38068.1,38184.5,88353.0
1645368300000,38184.6,38220.0,38077.3,38202.2,56831.0
1645369200000,38202.2,38292.9,38184.5,38206.3,73629.0
1645370100000,38209.0,38285.3,38191.0,38232.1,46888.0
1645371000000,38232.1,38338.3,38176.4,38301.2,82230.0
1645371900000,38305.0,38420.2,38282.3,38327.4,70591.0
1645372800000,38327.4,38496.6,38302.0,38483.6,111691.0
1645373700000,38483.7,38496.5,38395.9,38409.9,65801.0
1645374600000,38409.9,38410.0,38229.7,38257.1,123068.0
1645375500000,38257.1,38336.3,38253.9,38263.1,40875.0
1645376400000,38263.0,38375.0,38230.3,38356.2,50848.0
1645377300000,38356.3,38405.3,38251.0,38266.7,49348.0
1645378200000,38266.7,38311.1,38206.5,38281.1,54744.0
1645379100000,38277.9,38326.8,38251.7,38273.0,19256.0
1645380000000,38273.0,38382.9,38171.1,38371.2,65851.0
1645380900000,38371.2,38371.2,38282.3,38299.4,29000.0
1645381800000,38299.3,38417.9,38291.3,38365.8,25491.0
1645382700000,38368.6,38468.5,38352.1,38451.5,51120.0
1645383600000,38450.0,38450.0,38368.7,38384.3,26352.0
1645384500000,38384.3,38425.6,38336.8,38400.4,30705.0
1645385400000,38400.3,38424.4,38357.8,38372.6,20546.0
1645386300000,38372.7,38423.0,38370.1,38393.2,23852.0
1645387200000,38393.3,38393.3,38255.6,38305.0,36530.0
1645388100000,38305.0,38338.0,38255.0,38270.3,15944.0
1645389000000,38270.3,38357.0,38251.7,38342.9,19728.0
1645389900000,38345.2,38352.7,38296.2,38316.8,13023.0
1645390800000,38316.9,38360.1,38142.9,38184.7,78921.0
1645391700000,38184.7,38193.1,38082.5,38096.5,47902.0
1645392600000,38096.5,38156.3,38050.0,38123.4,59673.0
1645393500000,38126.8,38266.1,38123.4,38251.8,65444.0
1645394400000,38251.9,38386.1,38251.8,38284.7,75208.0
1645395300000,38288.1,38358.6,38260.9,38313.4,28316.0
1645396200000,38313.4,38352.9,38302.7,38333.8,9381.0
1645397100000,38332.9,38880.0,38332.8,38822.6,225918.0
1645398000000,38822.6,38989.7,38667.4,38709.5,245039.0
1645398900000,38709.5,38709.5,38513.3,38594.6,92064.0
1645399800000,38594.6,38743.4,38550.4,38602.9,65543.0
1645400700000,38606.1,38606.2,38338.0,38389.5,91567.0
1645401600000,38385.6,38465.9,38184.5,38450.0,150192.0
1645402500000,38450.0,38457.3,38266.7,38314.2,85277.0
1645403400000,38314.2,38417.5,38277.2,38412.4,49524.0
1645404300000,38412.4,38748.0,38323.7,38733.1,190546.0
1645405200000,38732.0,39153.9,38548.3,39061.0,281832.0
1645406100000,39061.0,39164.3,38928.5,38998.7,157741.0
1645407000000,38998.7,39384.6,38982.6,39177.5,196777.0
1645407900000,39177.6,39318.2,39114.1,39126.8,93746.0
1645408800000,39126.8,39217.2,39066.0,39081.4,78122.0
1645409700000,39081.5,39160.0,39017.0,39086.1,72112.0
1645410600000,39088.2,39163.9,39087.1,39129.9,48383.0
1645411500000,39130.0,39247.7,39094.0,39106.4,58883.0
1645412400000,39106.4,39196.1,39072.5,39196.0,39009.0
1645413300000,39196.1,39250.0,39116.7,39138.0,87057.0
1645414200000,39138.0,39155.5,38871.0,38945.9,190516.0
1645415100000,38945.8,38966.6,38800.2,38909.1,84116.0
1645416000000,38909.1,39025.4,38900.7,38999.6,42138.0
1645416900000,38999.6,39018.2,38950.1,38955.5,29275.0
1645417800000,38955.5,39120.0,38955.5,39023.6,91163.0
1645418700000,39023.6,39374.5,39023.6,39293.6,210942.0
1645419600000,39293.5,39322.0,39231.8,39274.7,55100.0
1645420500000,39274.7,39545.0,39229.3,39378.5,140382.0
1645421400000,39384.2,39408.2,39244.2,39262.8,66221.0
1645422300000,39262.8,39266.6,39201.0,39211.0,45603.0
1645423200000,39211.0,39253.3,39130.3,39191.5,94125.0
1645424100000,39191.4,39212.3,39142.5,39211.1,40793.0
1645425000000,39211.0,39257.2,39182.0,39190.0,45669.0
1645425900000,39190.0,39224.9,39166.9,39194.7,36881.0
1645426800000,39194.8,39219.0,39060.1,39107.5,68718.0
1645427700000,39107.5,39243.1,39060.9,39243.1,74775.0
1645428600000,39243.0,39253.4,39116.4,39184.8,54750.0
1645429500000,39179.5,39321.8,39173.4,39290.0,93927.0
1645430400000,39290.0,39359.9,39236.6,39315.7,82187.0
1645431300000,39315.7,39333.0,39189.2,39198.8,62847.0
1645432200000,39199.9,39256.4,39060.2,39086.6,119253.0
1645433100000,39086.5,39145.0,39027.4,39061.7,75387.0
1645434000000,39061.7,39082.5,38905.0,39007.4,116650.0
1645434900000,39007.5,39114.9,38950.7,39049.1,66714.0
1645435800000,39049.1,39083.2,38988.0,39037.7,39700.0
1645436700000,39037.7,39065.7,38870.9,38921.0,66900.0
1645437600000,38920.9,38984.0,38861.6,38903.3,83402.0
1645438500000,38903.3,38913.4,38550.0,38576.5,231934.0
1645439400000,38576.4,38616.4,38232.5,38332.0,276981.0
1645440300000,38331.9,38385.4,38236.0,38303.2,148602.0
1645441200000,38303.2,38443.5,38246.0,38300.0,140340.0
1645442100000,38299.9,38368.0,38205.0,38283.1,174581.0
1645443000000,38283.1,38315.0,37461.5,37546.9,746057.0
1645443900000,37546.9,37629.0,37342.0,37581.5,400042.0
1645444800000,37580.8,37776.3,37459.6,37595.1,296448.0
1645445700000,37595.1,37694.0,37400.8,37619.8,232007.0
1645446600000,37619.8,37680.0,37493.7,37579.5,169218.0
1645447500000,37580.2,37620.3,37406.4,37549.7,235317.0
1645448400000,37549.7,37682.3,37201.0,37662.4,367189.0
1645449300000,37661.9,37706.9,37342.8,37405.5,292502.0
1645450200000,37405.5,37561.7,37323.8,37489.7,152467.0
1645451100000,37489.7,37650.0,37402.0,37557.1,292263.0
1645452000000,37554.3,37852.1,37480.4,37732.1,313001.0
1645452900000,37732.1,38888.0,37702.4,38605.3,1146546.0
1645453800000,38600.1,38671.8,38451.7,38509.6,364477.0
1645454700000,38509.7,38852.2,38502.6,38673.7,312476.0
1645455600000,38673.3,39313.1,38631.0,39062.1,515011.0
1645456500000,39061.5,39250.0,38658.6,38799.5,438444.0
1645457400000,38799.5,38991.3,38747.3,38859.8,177028.0
1645458300000,38859.8,38923.4,38684.5,38820.4,142503.0
1645459200000,38832.1,39059.4,38792.2,38952.5,172489.0
1645460100000,38952.4,39171.8,38734.3,38781.4,207234.0
1645461000000,38785.1,38939.1,38765.0,38924.8,113111.0
1645461900000,38925.3,38958.6,38650.9,38692.0,115534.0
1645462800000,38696.6,38837.2,38600.9,38809.3,123036.0
1645463700000,38809.2,38827.0,38696.6,38797.2,130778.0
1645464600000,38797.2,38815.6,38605.0,38618.5,106287.0
1645465500000,38620.2,38655.4,38476.7,38528.7,139092.0
1645466400000,38534.6,38660.0,37828.0,37863.8,521927.0
1645467300000,37863.8,37923.3,37539.0,37656.1,361865.0
1645468200000,37653.2,37778.8,37547.8,37778.7,160671.0
1645469100000,37778.8,38524.3,37618.0,37748.0,534381.0
1645470000000,37741.8,38047.1,37555.0,37780.3,373255.0
1645470900000,37780.3,37849.4,37645.1,37799.9,108971.0
1645471800000,37799.9,38344.2,37718.8,38007.7,444780.0
1645472700000,38007.7,38228.7,37919.0,38136.7,132917.0
1645473600000,38136.7,38316.9,38021.3,38112.4,118081.0
1645474500000,38112.5,38155.8,37954.5,38112.3,67049.0
1645475400000,38112.2,38447.0,38042.3,38384.3,108353.0
1645476300000,38378.0,38409.9,38180.0,38230.3,70697.0
1645477200000,38233.4,38253.3,38091.3,38221.9,52587.0
1645478100000,38226.7,38354.2,38089.0,38138.0,70944.0
1645479000000,38137.9,38175.6,37734.6,37787.0,176312.0
1645479900000,37790.6,37870.4,36926.0,37042.8,404330.0
1645480800000,37042.7,37505.8,36777.0,37386.3,414952.0
1645481700000,37386.4,37500.0,36955.6,37117.0,141569.0
1645482600000,37119.8,37438.2,37119.7,37338.2,58154.0
1645483500000,37336.5,37777.0,37320.0,37538.3,125185.0
1645484400000,37538.2,37666.4,37355.6,37482.8,265335.0
1645485300000,37482.8,37525.0,37076.1,37185.5,222301.0
1645486200000,37185.4,37288.3,36845.7,36940.6,295005.0
1645487100000,36940.6,37112.4,36876.0,37007.5,181361.0
1645488000000,37007.4,37170.8,36842.2,37158.1,195016.0
1645488900000,37161.1,37246.1,36934.0,37090.0,122335.0
1645489800000,37085.4,37299.3,37072.0,37253.4,111245.0
1645490700000,37253.3,37339.2,37145.0,37232.6,72700.0
1645491600000,37232.5,37249.9,37053.2,37065.9,82939.0
1645492500000,37066.0,37123.3,36872.0,36915.7,104725.0
1645493400000,36915.7,37481.4,36892.3,37348.3,179902.0
1645494300000,37348.2,37359.4,37167.1,37247.6,82740.0
1645495200000,37247.6,37247.6,36976.4,37025.6,118014.0
1645496100000,37025.5,37108.0,36893.0,36902.5,86998.0
1645497000000,36902.4,37087.2,36889.8,37030.3,74269.0
1645497900000,37030.3,37111.0,36912.2,37014.8,65602.0
1645498800000,37009.9,37024.6,36375.2,36414.7,402214.0
1645499700000,36414.8,36681.3,36333.0,36647.4,216621.0
1645500600000,36647.5,36658.3,36462.0,36559.1,127409.0
1645501500000,36559.1,36611.4,36435.9,36592.6,105714.0
1645502400000,36592.7,36754.0,36554.0,36743.5,104449.0
1645503300000,36741.5,36763.9,36601.7,36693.0,82690.0
1645504200000,36691.8,36756.0,36637.4,36722.8,99633.0
1645505100000,36721.1,36804.2,36600.0,36615.7,92006.0
1645506000000,36615.8,36720.0,36578.0,36581.9,60768.0
1645506900000,36582.2,36873.1,36560.9,36866.1,85857.0
1645507800000,36866.1,36919.0,36733.3,36895.4,88713.0
1645508700000,36895.4,37267.8,36698.6,36740.7,287661.0
1645509600000,36744.4,36830.5,36669.5,36775.8,129686.0
1645510500000,36775.8,36807.8,36591.6,36673.0,69714.0
1645511400000,36673.0,37008.7,36621.9,36801.3,145613.0
1645512300000,36801.3,36935.4,36755.8,36862.1,88781.0
1645513200000,36862.1,36995.2,36811.0,36811.0,116307.0
1645514100000,36810.0,36833.1,36504.5,36650.7,154150.0
1645515000000,36650.7,36866.0,36624.7,36800.9,100462.0
1645515900000,36800.9,36928.8,36762.5,36767.8,73464.0
1645516800000,36770.8,36997.7,36759.9,36908.4,114226.0
1645517700000,36908.4,37055.7,36832.4,36989.5,96275.0
1645518600000,36991.7,37029.0,36864.8,36960.2,93302.0
1645519500000,36960.2,37180.0,36859.4,37107.3,133376.0
1645520400000,37107.4,37153.9,37024.0,37145.6,72447.0
1645521300000,37145.6,37155.0,37003.0,37041.3,71229.0
1645522200000,37042.4,37329.1,37042.4,37219.7,169106.0
1645523100000,37219.6,37247.5,37116.0,37126.2,61553.0
1645524000000,37126.3,37286.5,37075.0,37264.2,88159.0
1645524900000,37262.3,37500.0,37223.4,37444.4,217514.0
1645525800000,37446.2,37757.2,37357.5,37608.8,296931.0
1645526700000,37608.7,37858.0,37513.0,37701.0,318207.0
1645527600000,37701.1,37758.8,37540.6,37577.6,160332.0
1645528500000,37577.7,37649.0,37481.2,37503.5,112582.0
1645529400000,37503.5,37595.7,37437.4,37580.0,127679.0
1645530300000,37580.1,37690.0,37500.8,37518.2,104352.0
1645531200000,37518.2,37658.0,37265.3,37658.0,202614.0
1645532100000,37658.0,37780.0,37561.4,37658.8,172268.0
1645533000000,37658.7,37688.0,37450.0,37615.0,120401.0
1645533900000,37615.0,37648.0,37546.2,37639.9,40701.0
1645534800000,37639.9,37656.6,37433.3,37447.5,84417.0
1645535700000,37447.5,37574.2,37304.7,37452.0,149473.0
1645536600000,37452.1,37600.0,37440.0,37585.6,106250.0
1645537500000,37585.4,37976.4,37529.3,37840.4,206023.0
1645538400000,37840.4,37888.3,37549.9,37587.7,162483.0
1645539300000,37587.9,37615.7,37462.4,37519.5,146545.0
1645540200000,37519.5,37886.5,37418.1,37732.4,390411.0
1645541100000,37731.3,38331.4,37716.5,38144.1,540608.0
1645542000000,38144.0,38144.0,37888.0,38068.0,281273.0
1645542900000,38068.0,38235.8,37971.9,38128.2,216680.0
1645543800000,38128.2,38128.2,37800.0,37894.3,212610.0
1645544700000,37892.4,37932.6,37680.0,37750.5,170940.0
1645545600000,37749.3,37872.5,37572.0,37596.3,215576.0
1645546500000,37596.6,37781.4,37470.0,37649.9,266008.0
1645547400000,37647.4,37738.7,37533.7,37615.8,125264.0
1645548300000,37614.6,37832.3,37573.9,37708.1,152359.0
1645549200000,37707.0,37828.4,37542.7,37576.5,129002.0
1645550100000,37576.3,37576.3,37377.4,37480.0,161441.0
1645551000000,37480.1,37661.0,37442.1,37577.8,105058.0
1645551900000,37580.2,37742.0,37506.8,37632.5,117604.0
1645552800000,37632.5,37786.1,37557.4,37699.4,117424.0
1645553700000,37697.4,37705.2,37541.4,37610.7,73053.0
1645554600000,37610.6,38034.0,37551.5,37854.5,173493.0
1645555500000,37854.5,37875.8,37690.0,37717.0,86914.0
1645556400000,37715.1,37851.2,37600.0,37832.5,144538.0
1645557300000,37830.1,38075.9,37695.9,37910.6,264241.0
1645558200000,37911.1,38114.4,37842.6,37894.5,205228.0
1645559100000,37894.5,38186.0,37837.4,38065.9,177383.0
1645560000000,38070.4,38283.0,38050.0,38081.1,194541.0
1645560900000,38081.2,38151.5,37944.7,38034.7,102634.0
1645561800000,38034.1,38056.4,37813.1,37868.9,119427.0
1645562700000,37868.8,38009.0,37787.5,37905.8,127521.0
1645563600000,37905.9,38043.3,37905.9,37996.6,50063.0
1645564500000,37998.1,38026.2,37921.0,38026.2,28280.0
1645565400000,38026.2,38054.6,37870.6,37997.7,46711.0
1645566300000,37997.7,37997.7,37825.0,37877.5,42495.0
1645567200000,37877.5,37965.4,37849.5,37907.7,23711.0
1645568100000,37911.2,37920.7,37814.0,37824.1,11595.0
1645569000000,37823.8,37883.5,37758.6,37883.5,28933.0
1645569900000,37883.5,37963.1,37832.1,37913.5,22273.0
1645570800000,37913.5,38036.2,37885.4,38031.9,56512.0
1645571700000,38031.9,38142.1,37986.8,38091.7,52178.0
1645572600000,38092.3,38439.0,38003.4,38351.4,193024.0
1645573500000,38351.3,38425.1,38205.5,38230.0,146184.0
1645574400000,38230.0,38348.8,38130.5,38230.0,81723.0
1645575300000,38230.0,38314.2,38154.9,38196.1,74477.0
1645576200000,38196.0,38211.5,38040.1,38180.9,97749.0
1645577100000,38180.9,38236.5,38131.4,38141.0,58622.0
1645578000000,38141.1,38144.8,38038.4,38107.7,91376.0
1645578900000,38107.7,38159.2,38055.0,38100.8,37479.0
1645579800000,38100.7,38100.7,37977.1,38023.1,92614.0
1645580700000,38023.1,38076.0,37950.0,38061.9,69580.0
1645581600000,38061.8,38198.0,38031.9,38192.5,50576.0
1645582500000,38192.5,38205.6,37773.9,37835.8,183787.0
1645583400000,37835.7,37864.0,37538.7,37614.4,264875.0
1645584300000,37614.4,37685.5,37539.0,37685.5,115201.0
1645585200000,37685.5,37750.1,37602.6,37691.9,92558.0
1645586100000,37691.9,37786.4,37668.7,37786.3,53005.0
1645587000000,37786.4,37792.0,37716.0,37756.7,49171.0
1645587900000,37753.8,37762.1,37690.8,37749.2,44514.0
1645588800000,37749.3,37981.9,37708.9,37908.2,130829.0
1645589700000,37908.2,37975.0,37841.2,37841.2,63972.0
1645590600000,37840.1,38061.2,37840.1,38051.0,88719.0
1645591500000,38051.7,38070.3,37950.4,37994.7,44397.0
1645592400000,37994.7,38116.7,37932.8,37958.5,103880.0
1645593300000,37958.5,37969.8,37805.9,37879.8,109367.0
1645594200000,37879.9,37985.0,37850.0,37888.1,84882.0
1645595100000,37888.1,38024.1,37843.8,37971.6,46672.0
1645596000000,37973.6,38140.1,37963.6,38089.2,100509.0
1645596900000,38086.4,38148.0,38010.4,38051.6,97792.0
1645597800000,38046.3,38093.7,37964.4,37983.3,62573.0
1645598700000,37983.2,37991.5,37906.6,37982.3,88965.0
1645599600000,37983.3,38105.5,37952.7,38101.2,69688.0
1645600500000,38101.2,38115.0,38018.5,38062.6,63318.0
1645601400000,38062.5,38166.1,38015.7,38146.2,88658.0
1645602300000,38146.1,38218.0,38097.4,38143.9,94838.0
1645603200000,38143.9,38300.0,38078.0,38236.0,153125.0
1645604100000,38236.0,38776.5,38142.6,38735.1,547672.0
1645605000000,38735.1,38770.8,38612.8,38718.3,205552.0
1645605900000,38716.8,38742.6,38577.8,38666.0,199184.0
1645606800000,38666.1,38999.0,38596.1,38950.6,257467.0
1645607700000,38950.5,38957.0,38732.5,38793.8,224595.0
1645608600000,38793.8,38859.4,38750.0,38773.7,82843.0
1645609500000,38773.6,38914.2,38747.0,38869.9,83002.0
1645610400000,38870.0,38917.4,38763.0,38778.4,84295.0
1645611300000,38778.5,38920.1,38778.4,38846.8,111987.0
1645612200000,38846.8,38965.3,38843.4,38884.6,68922.0
1645613100000,38884.6,38897.7,38822.0,38875.5,70734.0
1645614000000,38875.5,38931.2,38760.1,38806.5,101556.0
1645614900000,38806.5,38949.1,38790.8,38923.8,82425.0
1645615800000,38925.8,38961.0,38860.1,38923.3,103286.0
1645616700000,38923.3,39137.4,38732.9,38780.6,369425.0
1645617600000,38780.6,38840.0,38740.4,38792.2,95934.0
1645618500000,38790.2,38904.3,38785.5,38872.4,71077.0
1645619400000,38872.4,39008.6,38847.1,38977.7,114316.0
1645620300000,38977.7,39100.0,38935.4,39016.0,149359.0
1645621200000,39016.1,39175.4,38982.8,39130.0,166288.0
1645622100000,39129.9,39291.0,38962.2,39025.5,270002.0
1645623000000,39025.5,39025.5,38943.9,38994.8,69770.0
1645623900000,38995.9,39008.2,38900.0,38963.9,106768.0
1645624800000,38963.8,39003.9,38784.3,38810.8,129531.0
1645625700000,38810.8,38923.2,38810.7,38905.5,113931.0
1645626600000,38906.0,38997.4,38797.0,38887.6,272826.0
1645627500000,38887.5,38946.4,38631.7,38662.0,304254.0
1645628400000,38663.1,38680.6,38438.0,38640.8,338045.0
1645629300000,38641.1,38655.5,38503.3,38526.8,191130.0
1645630200000,38526.7,38637.9,38502.8,38534.0,139128.0
1645631100000,38533.9,38611.0,38468.1,38521.7,139848.0
1645632000000,38521.6,38569.2,38355.4,38415.8,230393.0
1645632900000,38413.9,38553.3,38374.9,38526.3,151609.0
1645633800000,38526.2,38711.8,38503.8,38600.4,216674.0
1645634700000,38600.3,38698.6,38560.8,38640.5,98021.0
1645635600000,38640.5,38699.0,38589.9,38699.0,94224.0
1645636500000,38699.3,38785.8,38626.1,38649.8,123556.0
1645637400000,38649.9,38663.0,38423.0,38477.6,155722.0
1645638300000,38477.7,38528.6,38017.5,38082.4,327628.0
1645639200000,38082.4,38100.7,37836.7,37842.7,248430.0
1645640100000,37842.8,37942.3,37709.4,37736.5,187389.0
1645641000000,37736.5,37870.6,37718.7,37842.2,120139.0
1645641900000,37842.2,37948.0,37733.3,37776.5,129427.0
1645642800000,37774.4,37868.0,37625.4,37812.1,170988.0
1645643700000,37812.1,37868.0,37706.4,37741.1,125296.0
1645644600000,37741.1,37777.3,37530.5,37556.0,147442.0
1645645500000,37556.0,37682.1,37556.0,37618.2,105818.0
1645646400000,37618.1,37620.3,37379.2,37548.0,154155.0
1645647300000,37547.9,37723.6,37484.8,37672.1,127749.0
1645648200000,37672.0,37725.6,37560.1,37610.1,112448.0
1645649100000,37610.1,37699.9,37560.9,37671.0,150625.0
1645650000000,37674.8,37717.3,37600.9,37714.5,50852.0
1645650900000,37714.8,37783.7,37683.3,37690.6,55132.0
1645651800000,37690.6,37690.6,37430.0,37491.4,76641.0
1645652700000,37491.5,37609.0,37471.4,37515.1,50034.0
1645653600000,37514.5,37577.2,37155.0,37265.7,99063.0
1645654500000,37266.8,37474.6,37121.7,37468.8,95524.0
1645655400000,37468.7,37654.2,37463.3,37516.2,51867.0
1645656300000,37516.2,37644.8,37464.7,37644.4,45038.0
1645657200000,37644.4,37705.2,37172.7,37172.7,170644.0
1645658100000,37172.7,37362.6,37027.5,37276.9,236267.0
1645659000000,37278.9,37381.8,37213.8,37346.3,98556.0
1645659900000,37349.2,37360.0,37204.2,37257.3,63997.0
1645660800000,37257.3,37410.0,37103.1,37332.5,140726.0
1645661700000,37332.6,37385.5,37155.4,37205.0,121842.0
1645662600000,37207.9,37207.9,36817.1,36885.0,338666.0
1645663500000,36883.4,36937.7,36700.0,36748.8,198615.0
1645664400000,36751.0,36949.0,36751.0,36867.8,137844.0
1645665300000,36867.9,36899.2,36626.0,36698.8,160057.0
1645666200000,36698.7,36896.3,36674.3,36883.2,110410.0
1645667100000,36885.2,37090.5,36870.2,36948.6,156588.0
1645668000000,36948.6,37007.6,36865.0,36915.6,118041.0
1645668900000,36915.6,37016.7,36861.6,36864.4,115975.0
1645669800000,36860.7,36964.8,36856.1,36964.8,73010.0
1645670700000,36964.8,36993.6,35756.0,35912.0,837713.0
1645671600000,35911.9,35943.1,35098.7,35512.0,1173366.0
1645672500000,35514.5,35650.0,35322.5,35426.5,489459.0
1645673400000,35424.7,35479.1,34701.1,34868.2,669625.0
1645674300000,34870.3,35376.4,34869.3,34928.5,492753.0
1645675200000,34927.5,35201.5,34603.4,34781.3,688226.0
1645676100000,34781.4,35011.4,34520.0,34771.8,581189.0
1645677000000,34771.8,35186.3,34770.1,34996.6,422541.0
1645677900000,34996.6,35105.4,34904.3,35065.8,185058.0
1645678800000,35063.7,35098.6,34793.0,34888.7,216217.0
1645679700000,34888.6,34945.0,34620.5,34620.6,202430.0
1645680600000,34622.7,34738.4,34327.4,34419.0,578905.0
1645681500000,34419.0,34799.6,34324.3,34670.6,356096.0
1645682400000,34670.8,35110.0,34603.2,34885.8,315196.0
1645683300000,34885.8,35070.6,34808.0,34834.1,167847.0
1645684200000,34834.0,34999.2,34765.9,34946.2,150502.0
1645685100000,34946.3,35056.6,34820.7,34899.9,183663.0
