ts,open,high,low,close,volume
1684566000000,26858.2,26858.2,26851.3,26852.9,6745.0
1684566900000,26852.9,26857.0,26842.5,26849.0,14399.0
1684567800000,26849.1,26859.1,26841.8,26858.1,14617.0
1684568700000,26858.2,26865.1,26856.3,26859.1,16470.0
1684569600000,26859.0,26870.3,26859.0,26866.9,10377.0
1684570500000,26866.9,26898.0,26866.9,26886.0,60287.0
1684571400000,26886.1,26895.0,26878.5,26880.1,30520.0
1684572300000,26880.0,26923.8,26880.0,26911.7,66280.0
1684573200000,26911.8,26919.7,26887.7,26903.2,49785.0
1684574100000,26903.2,26913.8,26892.5,26893.3,25876.0
1684575000000,26893.3,26903.0,26878.1,26880.1,26244.0
1684575900000,26880.1,26888.0,26872.0,26881.0,12917.0
1684576800000,26881.0,26899.7,26878.0,26891.0,20599.0
1684577700000,26891.0,26897.6,26885.4,26896.4,9268.0
1684578600000,26896.4,26899.8,26881.0,26888.1,15082.0
1684579500000,26888.1,26896.2,26886.3,26890.3,16331.0
1684580400000,26890.3,26890.3,26869.6,26874.3,29573.0
1684581300000,26874.2,26899.4,26873.2,26888.2,16374.0
1684582200000,26888.3,26888.3,26875.2,26879.7,8042.0
1684583100000,26879.7,26882.8,26878.0,26882.7,6417.0
1684584000000,26882.7,26940.0,26882.7,26914.4,60201.0
1684584900000,26914.4,26950.0,26897.2,26930.8,42162.0
1684585800000,26930.8,26931.7,26901.5,26901.6,29989.0
1684586700000,26901.6,26911.1,26894.0,26896.6,18920.0
1684587600000,26896.6,26915.0,26883.3,26886.0,19734.0
1684588500000,26886.1,26922.5,26873.2,26889.6,49899.0
1684589400000,26889.6,26903.6,26888.0,26893.9,17100.0
1684590300000,26893.9,26899.4,26881.1,26889.2,10989.0
1684591200000,26889.2,26912.0,26889.2,26903.1,17024.0
1684592100000,26903.1,26915.0,26896.1,26896.1,18264.0
1684593000000,26896.1,26899.2,26887.0,26898.0,14379.0
1684593900000,26898.1,26928.0,26898.1,26921.5,35792.0
1684594800000,26921.6,26939.7,26899.4,26908.1,48082.0
1684595700000,26908.0,26943.5,26890.0,26932.0,31353.0
1684596600000,26932.1,26977.1,26926.0,26944.7,80893.0
1684597500000,26944.8,26965.9,26928.2,26939.9,47506.0
1684598400000,26939.9,26944.4,26926.9,26932.6,30287.0
1684599300000,26932.6,26937.9,26914.1,26928.0,43883.0
1684600200000,26928.0,26929.3,26914.0,26920.0,15267.0
1684601100000,26920.1,26920.1,26913.0,26917.0,19895.0
1684602000000,26916.9,26928.7,26915.1,26920.7,20356.0
1684602900000,26920.8,26931.9,26916.1,26924.1,14574.0
1684603800000,26924.1,27041.4,26923.4,27028.0,134905.0
1684604700000,27028.0,27148.2,27002.5,27135.6,370404.0
1684605600000,27135.6,27147.8,27081.7,27138.0,212255.0
1684606500000,27137.9,27144.4,27079.1,27100.0,84824.0
1684607400000,27100.1,27111.0,27060.4,27060.4,44844.0
1684608300000,27060.3,27080.7,27023.9,27026.3,63677.0
1684609200000,27026.3,27038.7,26960.4,27014.1,171133.0
1684610100000,27014.0,27070.4,27012.2,27043.6,45759.0
1684611000000,27043.6,27076.6,27043.6,27070.8,50401.0
1684611900000,27070.7,27073.4,27047.1,27064.1,28632.0
1684612800000,27064.1,27097.7,27039.1,27050.0,43221.0
1684613700000,27050.0,27060.9,27035.0,27035.0,13765.0
1684614600000,27035.1,27053.7,27017.2,27036.6,31321.0
1684615500000,27036.6,27036.6,27000.0,27008.0,24190.0
1684616400000,27008.0,27008.0,26961.5,26994.2,61744.0
1684617300000,26994.1,27054.0,26981.0,27036.2,45027.0
1684618200000,27036.2,27050.6,27020.5,27021.1,26544.0
1684619100000,27021.1,27038.6,27005.4,27038.6,18766.0
1684620000000,27038.6,27038.6,27011.8,27023.9,20315.0
1684620900000,27023.7,27046.1,27016.1,27042.4,13832.0
1684621800000,27042.4,27066.5,27038.7,27058.4,43926.0
1684622700000,27058.5,27075.0,27054.7,27069.8,26290.0
1684623600000,27071.1,27071.1,27051.3,27063.8,15770.0
1684624500000,27063.9,27077.0,27063.8,27069.8,17614.0
1684625400000,27069.7,27108.1,27069.6,27096.5,67419.0
1684626300000,27096.6,27133.6,27083.5,27105.2,46778.0
1684627200000,27105.2,27117.4,27061.4,27071.6,66591.0
1684628100000,27071.7,27087.6,27060.8,27081.6,22088.0
1684629000000,27081.6,27116.9,27081.5,27112.1,31216.0
1684629900000,27112.2,27299.6,27110.4,27244.5,563466.0
1684630800000,27244.5,27260.0,27194.1,27235.0,98120.0
1684631700000,27234.9,27235.0,27184.4,27188.5,85159.0
1684632600000,27188.5,27205.6,27177.8,27183.0,43878.0
1684633500000,27183.0,27195.0,27147.0,27155.7,70056.0
1684634400000,27155.7,27184.8,27144.6,27179.9,69982.0
1684635300000,27179.9,27181.4,27143.6,27158.1,39715.0
1684636200000,27158.2,27169.3,27156.5,27164.1,19370.0
1684637100000,27164.1,27171.3,27152.9,27170.2,19061.0
1684638000000,27170.3,27175.8,27154.8,27164.3,20430.0
1684638900000,27164.2,27176.4,27155.3,27174.0,31848.0
1684639800000,27174.0,27179.6,27167.3,27179.5,24784.0
1684640700000,27179.5,27193.9,27166.5,27177.9,29145.0
1684641600000,27177.9,27178.0,27155.8,27157.6,33743.0
1684642500000,27157.7,27174.0,27156.6,27167.1,27074.0
1684643400000,27167.0,27173.0,27145.0,27157.2,36713.0
1684644300000,27157.2,27157.2,27122.0,27128.4,54619.0
1684645200000,27128.5,27143.1,27112.9,27122.1,55028.0
1684646100000,27122.0,27132.0,27089.4,27112.7,99167.0
1684647000000,27112.6,27122.0,27105.2,27112.2,26425.0
1684647900000,27112.2,27121.2,27098.3,27100.1,27891.0
1684648800000,27100.1,27108.4,27088.0,27103.6,49067.0
1684649700000,27103.6,27109.3,27083.4,27094.7,50288.0
1684650600000,27094.8,27095.0,27070.0,27082.9,29303.0
1684651500000,27082.8,27102.0,27082.8,27090.0,30688.0
1684652400000,27090.0,27094.8,27073.0,27073.0,25726.0
1684653300000,27073.1,27086.1,27060.0,27070.1,51634.0
1684654200000,27070.0,27086.2,27053.0,27072.4,44601.0
1684655100000,27072.4,27081.4,27059.0,27063.7,27177.0
1684656000000,27063.6,27072.4,27020.8,27072.3,140916.0
1684656900000,27072.3,27075.4,27049.9,27062.5,47887.0
1684657800000,27062.5,27067.7,27044.3,27053.7,22378.0
1684658700000,27053.6,27057.2,27048.0,27051.9,14893.0
1684659600000,27051.9,27051.9,27030.1,27033.0,48052.0
1684660500000,27033.0,27083.8,27031.5,27059.9,64161.0
1684661400000,27060.0,27072.5,27046.5,27072.2,20727.0
1684662300000,27072.1,27086.9,27069.0,27086.7,33167.0
1684663200000,27086.7,27093.9,27060.4,27063.0,25649.0
1684664100000,27063.0,27066.4,27056.0,27061.6,12696.0
1684665000000,27061.5,27071.5,26983.0,27000.0,139198.0
1684665900000,27000.0,27000.0,26873.7,26957.0,491507.0
1684666800000,26956.9,26957.0,26846.6,26908.5,228555.0
1684667700000,26908.5,26909.3,26860.0,26902.9,164141.0
1684668600000,26902.9,26933.7,26879.1,26904.2,127108.0
1684669500000,26904.2,26934.9,26767.9,26836.9,395655.0
1684670400000,26836.8,26861.4,26810.0,26825.1,147759.0
1684671300000,26825.1,26864.4,26816.4,26851.3,92174.0
1684672200000,26852.1,26906.0,26844.5,26903.4,137379.0
1684673100000,26903.3,26946.8,26879.1,26927.5,114432.0
1684674000000,26927.4,26933.5,26910.0,26912.3,53601.0
1684674900000,26912.2,26930.7,26908.1,26929.5,33143.0
1684675800000,26929.5,26929.5,26905.0,26905.0,28239.0
1684676700000,26905.0,26925.0,26888.0,26888.3,45190.0
1684677600000,26888.3,26927.7,26888.3,26918.6,31615.0
1684678500000,26918.6,26974.4,26917.1,26950.9,106967.0
1684679400000,26950.8,26974.4,26936.6,26950.1,48054.0
1684680300000,26950.0,26966.1,26872.2,26894.7,109757.0
1684681200000,26894.7,26984.3,26882.6,26933.0,130957.0
1684682100000,26932.9,26948.3,26920.0,26946.9,27619.0
1684683000000,26946.8,26946.9,26810.0,26810.0,140323.0
1684683900000,26810.1,26908.8,26800.7,26901.6,172268.0
1684684800000,26901.5,26919.2,26889.9,26896.3,81292.0
1684685700000,26896.2,26897.9,26858.2,26869.8,94296.0
1684686600000,26869.7,26908.3,26850.0,26879.7,54234.0
1684687500000,26879.7,26894.8,26845.9,26880.8,59529.0
1684688400000,26880.7,26931.4,26869.0,26911.5,51265.0
1684689300000,26912.3,26912.4,26870.2,26879.1,24281.0
1684690200000,26879.0,26894.6,26843.1,26892.0,46609.0
1684691100000,26892.0,26898.3,26830.0,26870.2,73216.0
1684692000000,26870.2,26882.3,26865.4,26874.8,15480.0
1684692900000,26874.7,26881.2,26845.0,26864.3,23274.0
1684693800000,26864.2,26883.6,26840.0,26880.0,58140.0
1684694700000,26880.0,26892.0,26853.3,26866.9,40402.0
1684695600000,26866.8,26878.6,26854.4,26878.0,18066.0
1684696500000,26878.0,26884.5,26860.7,26870.6,17918.0
1684697400000,26870.6,26904.8,26870.6,26890.2,21080.0
1684698300000,26890.2,26915.6,26883.4,26900.2,17723.0
1684699200000,26900.1,26919.9,26892.9,26902.0,30439.0
1684700100000,26902.0,26902.0,26880.1,26887.5,11644.0
1684701000000,26887.6,26889.7,26853.6,26853.6,19604.0
1684701900000,26853.7,26880.6,26817.8,26839.4,48694.0
1684702800000,26839.3,26848.3,26650.4,26765.7,479176.0
1684703700000,26765.6,26775.0,26670.0,26705.7,153036.0
1684704600000,26705.7,26773.3,26701.2,26759.5,59610.0
1684705500000,26759.5,26796.5,26750.4,26750.6,40475.0
1684706400000,26750.5,26791.7,26735.3,26760.0,36057.0
1684707300000,26760.0,26783.8,26750.8,26756.7,25189.0
1684708200000,26756.6,26794.0,26750.0,26775.8,52092.0
1684709100000,26775.8,26785.9,26760.0,26760.0,21087.0
1684710000000,26760.0,26809.3,26760.0,26794.1,42478.0
1684710900000,26794.1,26799.1,26776.3,26787.6,24013.0
1684711800000,26787.6,26793.4,26771.8,26782.8,24856.0
1684712700000,26782.8,26787.9,26723.9,26747.7,49516.0
1684713600000,26747.7,26785.0,26737.2,26785.0,55351.0
1684714500000,26785.0,26786.0,26688.0,26705.1,98901.0
1684715400000,26705.1,26705.1,26527.3,26625.4,592843.0
1684716300000,26625.4,26668.0,26584.0,26658.1,144419.0
1684717200000,26658.0,26694.9,26591.1,26621.2,123974.0
1684718100000,26621.1,26673.5,26590.0,26669.9,99208.0
1684719000000,26669.9,26673.0,26613.0,26651.4,70269.0
1684719900000,26651.4,26655.4,26561.0,26588.0,124978.0
1684720800000,26587.9,26622.4,26540.0,26622.4,252836.0
1684721700000,26622.4,26655.0,26608.2,26647.8,86071.0
1684722600000,26647.8,26669.2,26646.4,26666.7,48286.0
1684723500000,26666.7,26672.7,26637.0,26652.4,70560.0
1684724400000,26652.4,26663.5,26639.0,26656.0,44569.0
1684725300000,26654.9,26673.0,26632.9,26670.3,40957.0
1684726200000,26670.3,26679.9,26652.0,26670.8,30993.0
1684727100000,26670.8,26670.8,26644.6,26649.9,28824.0
1684728000000,26649.8,26666.8,26642.5,26654.9,37116.0
1684728900000,26655.0,26692.5,26653.6,26690.1,34123.0
1684729800000,26690.1,26738.0,26678.5,26719.0,94898.0
1684730700000,26719.0,26719.8,26690.5,26694.4,42472.0
1684731600000,26694.4,26737.4,26694.3,26732.7,62911.0
1684732500000,26732.8,26758.0,26728.0,26742.0,68429.0
1684733400000,26742.1,26800.0,26727.9,26770.7,134804.0
1684734300000,26770.7,26783.6,26745.8,26754.7,42570.0
1684735200000,26754.8,26781.6,26752.0,26781.3,62693.0
1684736100000,26781.2,26916.6,26781.2,26899.9,488521.0
1684737000000,26899.9,26915.0,26833.1,26839.5,142793.0
1684737900000,26839.5,26849.7,26804.2,26821.1,108142.0
1684738800000,26821.8,26840.0,26796.0,26837.3,90874.0
1684739700000,26837.3,26860.3,26825.5,26847.9,72541.0
1684740600000,26847.9,26881.7,26832.7,26871.1,90054.0
1684741500000,26871.1,26877.3,26846.8,26847.0,61446.0
1684742400000,26847.0,26890.1,26836.6,26890.1,83759.0
1684743300000,26890.3,26909.6,26865.8,26866.2,172016.0
1684744200000,26866.2,26881.5,26852.5,26867.5,47962.0
1684745100000,26867.5,26874.9,26827.9,26829.5,72154.0
1684746000000,26829.5,26858.7,26829.4,26858.0,52350.0
1684746900000,26858.0,26890.0,26857.8,26862.8,37371.0
1684747800000,26862.7,26873.4,26857.3,26860.0,18136.0
1684748700000,26859.9,26875.0,26822.8,26865.9,53854.0
1684749600000,26866.2,26883.8,26839.9,26854.4,56404.0
1684750500000,26854.4,26854.4,26834.6,26834.6,31566.0
1684751400000,26834.7,26841.6,26800.1,26818.5,73508.0
1684752300000,26818.4,26837.9,26796.2,26837.9,45181.0
1684753200000,26837.8,26841.6,26797.6,26797.7,25879.0
1684754100000,26797.8,26807.7,26771.0,26802.0,80957.0
1684755000000,26802.0,26820.4,26783.7,26800.7,54466.0
1684755900000,26800.7,26834.0,26800.6,26831.9,37313.0
1684756800000,26831.9,26872.5,26819.7,26838.2,85779.0
1684757700000,26838.2,26840.0,26811.3,26830.6,40637.0
1684758600000,26830.7,26850.0,26790.1,26793.5,58502.0
1684759500000,26793.5,26800.0,26725.8,26734.0,232644.0
1684760400000,26733.9,26776.9,26692.8,26774.2,250128.0
1684761300000,26774.9,26806.0,26768.5,26782.1,61795.0
1684762200000,26782.1,27121.0,26782.1,27026.0,1145896.0
1684763100000,27026.1,27065.9,26988.5,27003.0,431374.0
1684764000000,27003.0,27044.7,26757.7,26876.6,956645.0
1684764900000,26876.6,26990.4,26854.1,26944.2,397479.0
1684765800000,26944.1,27009.0,26889.6,26914.1,287747.0
1684766700000,26914.2,26957.0,26886.2,26956.9,106695.0
1684767600000,26956.9,26989.1,26840.5,26846.5,331766.0
1684768500000,26846.5,26884.6,26800.0,26844.7,212362.0
1684769400000,26844.7,26902.7,26843.7,26876.4,94653.0
1684770300000,26876.6,26894.5,26860.4,26873.3,31754.0
1684771200000,26872.4,26924.7,26868.2,26905.0,76450.0
1684772100000,26904.8,26904.8,26832.1,26868.4,81904.0
1684773000000,26868.5,26898.0,26851.2,26894.4,33116.0
1684773900000,26894.3,26894.4,26840.1,26871.0,36811.0
1684774800000,26870.9,26900.6,26780.6,26799.4,138121.0
1684775700000,26799.3,26824.8,26779.0,26792.9,85168.0
1684776600000,26792.2,26856.3,26792.1,26835.3,61208.0
1684777500000,26835.8,26875.0,26835.8,26851.6,40817.0
1684778400000,26851.6,26866.5,26843.1,26858.3,33767.0
1684779300000,26858.3,26940.6,26858.2,26915.7,93491.0
1684780200000,26915.7,26920.0,26880.0,26905.6,32818.0
1684781100000,26905.6,26905.7,26868.9,26883.2,27294.0
1684782000000,26883.2,26894.9,26850.7,26851.1,22339.0
1684782900000,26851.1,26856.6,26825.0,26845.0,36682.0
1684783800000,26844.9,26869.1,26823.7,26850.3,24896.0
1684784700000,26850.3,26876.0,26837.0,26868.9,24158.0
1684785600000,26868.9,26871.6,26855.1,26859.0,17941.0
1684786500000,26858.8,26861.5,26836.6,26836.7,11935.0
1684787400000,26836.6,26865.4,26836.6,26865.4,8806.0
1684788300000,26866.6,26943.0,26865.0,26895.6,51449.0
1684789200000,26895.7,26919.6,26893.3,26901.7,19346.0
1684790100000,26901.7,26974.7,26884.7,26918.5,65526.0
1684791000000,26917.7,26957.6,26917.6,26920.7,27013.0
1684791900000,26920.7,26928.0,26897.8,26906.2,17107.0
1684792800000,26906.2,26918.9,26894.2,26897.4,22719.0
1684793700000,26897.5,26897.5,26876.4,26888.6,10970.0
1684794600000,26888.6,26899.0,26875.0,26896.8,17027.0
1684795500000,26896.8,26896.9,26873.0,26873.1,10651.0
1684796400000,26873.0,26886.5,26850.3,26866.0,34794.0
1684797300000,26866.0,26866.0,26826.3,26850.3,49216.0
1684798200000,26850.3,26867.3,26845.0,26862.9,13305.0
1684799100000,26862.8,26863.9,26839.0,26850.0,16221.0
1684800000000,26849.9,26858.5,26835.6,26857.3,33444.0
1684800900000,26857.4,26890.0,26850.0,26887.7,25321.0
1684801800000,26887.7,26939.9,26887.7,26917.1,103836.0
1684802700000,26917.1,26917.1,26800.0,26828.0,132856.0
1684803600000,26828.0,26848.2,26808.0,26842.7,59335.0
1684804500000,26842.8,27010.8,26842.8,26976.9,186895.0
1684805400000,26977.0,27147.3,26973.0,27031.2,594528.0
1684806300000,27031.3,27083.8,26978.7,26991.0,260134.0
1684807200000,26991.0,27066.4,26990.9,27062.9,112878.0
1684808100000,27063.0,27085.5,27036.7,27044.5,79515.0
1684809000000,27044.6,27061.8,27009.9,27034.0,68698.0
1684809900000,27033.9,27185.0,27033.9,27129.7,246562.0
1684810800000,27129.6,27225.8,27118.0,27175.3,345664.0
1684811700000,27175.3,27432.8,27175.3,27331.2,1169820.0
1684812600000,27333.7,27400.0,27330.0,27360.0,316629.0
1684813500000,27360.1,27420.6,27352.8,27369.8,232256.0
1684814400000,27369.8,27440.0,27345.7,27348.1,211648.0
1684815300000,27348.1,27425.0,27348.1,27384.7,121136.0
1684816200000,27384.8,27407.9,27342.6,27362.6,155521.0
1684817100000,27362.6,27397.0,27350.0,27379.3,102782.0
1684818000000,27379.4,27424.7,27375.9,27410.8,133553.0
1684818900000,27410.8,27500.0,27370.3,27379.8,296450.0
1684819800000,27379.8,27415.7,27361.0,27390.0,150738.0
1684820700000,27390.1,27439.5,27383.0,27383.0,138894.0
1684821600000,27383.1,27425.0,27366.1,27390.0,179933.0
1684822500000,27389.9,27406.0,27351.0,27354.7,77186.0
1684823400000,27354.6,27368.4,27285.1,27328.1,284925.0
1684824300000,27328.0,27328.1,27290.3,27297.3,80025.0
1684825200000,27296.1,27310.9,27273.0,27278.0,111060.0
1684826100000,27278.1,27328.6,27250.6,27257.0,150216.0
1684827000000,27256.9,27296.2,27205.0,27286.0,185678.0
1684827900000,27286.0,27320.0,27257.2,27310.4,99664.0
1684828800000,27310.3,27333.3,27268.0,27280.4,76203.0
1684829700000,27280.4,27297.2,27260.0,27292.5,47505.0
1684830600000,27292.5,27325.0,27284.6,27309.4,63275.0
1684831500000,27309.5,27342.7,27305.5,27335.2,73922.0
1684832400000,27335.2,27346.1,27304.7,27306.2,63460.0
1684833300000,27306.2,27314.4,27285.4,27297.1,42545.0
1684834200000,27297.1,27307.5,27263.7,27270.7,132659.0
1684835100000,27270.7,27287.0,27267.2,27269.4,39799.0
1684836000000,27269.4,27276.9,27252.0,27275.0,56017.0
1684836900000,27275.0,27316.8,27270.2,27316.8,41560.0
1684837800000,27316.8,27319.4,27284.3,27290.0,31277.0
1684838700000,27289.9,27339.0,27271.0,27331.6,53477.0
1684839600000,27331.5,27347.4,27285.2,27310.4,68574.0
1684840500000,27310.4,27334.5,27303.4,27334.5,44512.0
1684841400000,27334.5,27339.9,27306.7,27329.6,39889.0
1684842300000,27328.8,27357.9,27318.0,27338.8,65765.0
1684843200000,27338.8,27368.0,27319.8,27356.9,99102.0
1684844100000,27357.0,27386.8,27341.4,27384.3,86286.0
1684845000000,27384.3,27386.0,27288.7,27294.9,149486.0
1684845900000,27294.9,27310.0,27225.8,27280.0,214092.0
1684846800000,27280.0,27295.9,27256.5,27276.1,93954.0
1684847700000,27276.0,27303.8,27255.5,27269.4,95494.0
1684848600000,27271.9,27312.1,27200.0,27234.6,230017.0
1684849500000,27235.5,27262.7,27180.0,27242.6,251656.0
1684850400000,27242.6,27293.1,27236.3,27280.8,107623.0
1684851300000,27280.9,27368.9,27261.3,27287.7,306968.0
1684852200000,27287.7,27346.1,27276.8,27337.0,123465.0
1684853100000,27338.0,27338.0,27292.0,27319.1,105283.0
1684854000000,27319.2,27332.0,27290.2,27296.8,44106.0
1684854900000,27296.8,27366.9,27296.7,27330.9,70237.0
1684855800000,27330.9,27349.8,27291.0,27322.2,54384.0
1684856700000,27322.2,27334.4,27305.5,27321.9,30689.0
1684857600000,27322.0,27332.8,27270.1,27311.2,133698.0
1684858500000,27311.1,27312.5,27276.6,27280.0,63335.0
1684859400000,27280.0,27298.0,27222.0,27242.6,100075.0
1684860300000,27242.5,27262.3,27201.1,27236.0,136170.0
1684861200000,27235.9,27273.7,27232.7,27256.3,38071.0
1684862100000,27256.3,27274.6,27193.0,27202.0,97361.0
1684863000000,27200.7,27232.5,27190.0,27217.5,112474.0
1684863900000,27217.5,27223.1,27191.3,27207.2,46117.0
1684864800000,27207.1,27229.2,27197.3,27198.4,40791.0
1684865700000,27198.4,27205.3,27122.8,27132.2,269016.0
1684866600000,27132.2,27189.9,27130.1,27180.4,99981.0
1684867500000,27180.3,27181.5,27130.0,27143.3,47329.0
1684868400000,27143.2,27183.0,27100.3,27183.0,146897.0
1684869300000,27183.0,27186.2,27159.5,27184.0,38889.0
1684870200000,27184.0,27222.9,27181.7,27199.0,58243.0
1684871100000,27198.9,27230.0,27187.9,27188.2,90078.0
1684872000000,27188.2,27227.9,27179.0,27206.7,31888.0
1684872900000,27206.7,27206.7,27174.9,27180.1,22490.0
1684873800000,27180.1,27207.0,27158.0,27202.6,30781.0
1684874700000,27202.7,27255.0,27194.7,27223.7,74002.0
1684875600000,27223.7,27244.0,27195.9,27240.6,36922.0
1684876500000,27240.6,27240.6,27211.5,27211.5,8644.0
1684877400000,27211.6,27224.3,27193.0,27195.8,9839.0
1684878300000,27197.2,27224.8,27194.3,27202.6,19443.0
1684879200000,27202.6,27230.3,27176.6,27227.5,49054.0
1684880100000,27227.5,27227.5,27200.0,27208.5,25334.0
1684881000000,27208.5,27209.3,27189.9,27199.6,28436.0
1684881900000,27199.7,27218.0,27191.5,27207.2,29797.0
1684882800000,27207.3,27232.8,27200.6,27210.0,35077.0
1684883700000,27210.0,27265.0,27205.7,27257.1,54356.0
1684884600000,27257.1,27257.6,27225.0,27227.3,26226.0
1684885500000,27227.2,27228.3,27221.5,27227.9,17943.0
1684886400000,27227.9,27227.9,27204.8,27209.0,28702.0
1684887300000,27209.0,27224.3,27186.0,27224.2,59775.0
1684888200000,27224.2,27224.3,27158.0,27173.3,51668.0
1684889100000,27173.2,27173.3,27133.5,27164.3,74548.0
1684890000000,27164.3,27195.0,27142.0,27194.4,53673.0
1684890900000,27194.3,27194.4,27152.1,27176.3,39387.0
1684891800000,27176.3,27192.2,27144.9,27191.7,47617.0
1684892700000,27191.6,27191.7,27138.4,27140.3,60753.0
1684893600000,27140.3,27168.6,27118.3,27168.0,71015.0
1684894500000,27167.9,27178.5,27166.2,27173.1,27772.0
1684895400000,27173.1,27173.1,27158.4,27164.8,13917.0
1684896300000,27164.8,27178.7,27158.0,27168.3,25004.0
1684897200000,27168.3,27168.3,27053.3,27107.8,268530.0
1684898100000,27107.8,27120.4,26875.0,26934.3,977835.0
1684899000000,26934.2,26934.3,26666.0,26748.2,1419850.0
1684899900000,26748.3,26799.0,26706.7,26787.2,337257.0
1684900800000,26787.1,26790.8,26722.0,26722.3,216433.0
1684901700000,26722.4,26761.1,26713.8,26761.1,115582.0
1684902600000,26761.2,26811.3,26747.9,26788.0,180011.0
1684903500000,26788.0,26805.0,26757.9,26805.0,86308.0
1684904400000,26804.9,26818.6,26791.3,26805.1,82169.0
1684905300000,26805.0,26821.9,26783.5,26819.9,59255.0
1684906200000,26819.9,26820.0,26740.4,26767.7,154092.0
1684907100000,26767.7,26776.3,26720.0,26773.2,100634.0
1684908000000,26773.3,26773.3,26720.0,26736.6,95939.0
1684908900000,26737.4,26755.0,26716.0,26737.8,67227.0
1684909800000,26737.7,26759.2,26712.0,26744.9,86847.0
1684910700000,26744.9,26745.0,26605.0,26708.0,336854.0
1684911600000,26708.0,26759.7,26680.0,26759.0,205642.0
1684912500000,26759.0,26762.0,26680.5,26712.5,88023.0
1684913400000,26710.8,26720.7,26666.3,26708.5,122795.0
1684914300000,26708.5,26709.2,26650.0,26676.3,116806.0
1684915200000,26676.2,26725.0,26668.0,26711.8,87895.0
1684916100000,26711.9,26749.6,26706.0,26729.9,96496.0
1684917000000,26729.9,26762.0,26719.4,26740.0,68203.0
1684917900000,26739.9,26754.0,26707.2,26753.9,56223.0
1684918800000,26753.9,26763.7,26738.7,26755.2,75262.0
1684919700000,26755.1,26858.0,26750.0,26790.7,193808.0
1684920600000,26790.7,26806.1,26763.5,26789.0,79383.0
1684921500000,26789.0,26792.8,26727.0,26743.1,128028.0
1684922400000,26743.0,26758.0,26726.0,26747.9,54482.0
1684923300000,26747.9,26747.9,26710.1,26720.0,52928.0
1684924200000,26720.0,26743.7,26712.2,26731.5,63144.0
1684925100000,26731.5,26736.4,26721.0,26730.0,21739.0
1684926000000,26729.9,26730.9,26693.3,26703.6,47005.0
1684926900000,26703.6,26770.9,26688.0,26698.3,118053.0
1684927800000,26696.4,26726.8,26686.0,26720.1,43833.0
1684928700000,26720.1,26750.0,26720.0,26745.6,28627.0
1684929600000,26746.2,26746.2,26671.0,26725.2,106284.0
1684930500000,26725.2,26731.6,26705.6,26724.3,28196.0
1684931400000,26724.3,26730.2,26669.3,26718.1,90810.0
1684932300000,26718.2,26725.1,26688.0,26700.0,41643.0
1684933200000,26700.1,26717.1,26689.6,26697.1,55131.0
1684934100000,26697.2,26697.2,26668.0,26686.0,65139.0
1684935000000,26685.1,26692.7,26610.2,26640.1,143133.0
1684935900000,26640.2,26661.2,26254.4,26435.1,2287611.0
1684936800000,26435.0,26435.0,26127.6,26331.7,1108600.0
1684937700000,26331.7,26365.8,26253.0,26303.5,333313.0
1684938600000,26303.5,26387.8,26288.3,26348.9,205622.0
1684939500000,26348.9,26357.2,26230.1,26262.1,242769.0
1684940400000,26262.2,26265.8,26070.2,26150.9,1127780.0
1684941300000,26150.9,26335.0,26142.2,26316.5,492335.0
1684942200000,26316.5,26374.0,26253.3,26297.2,289942.0
1684943100000,26297.2,26332.3,26281.6,26315.4,172582.0
1684944000000,26315.3,26327.7,26230.0,26260.7,148496.0
1684944900000,26260.7,26262.3,26182.1,26215.2,239282.0
1684945800000,26215.1,26238.4,26150.5,26185.6,174274.0
1684946700000,26185.1,26240.0,26163.0,26240.0,124268.0
1684947600000,26239.9,26240.0,26164.4,26204.0,158465.0
1684948500000,26203.0,26300.0,26198.2,26271.3,175767.0
1684949400000,26270.7,26363.4,26270.6,26346.7,157586.0
1684950300000,26346.7,26353.9,26248.5,26278.6,188864.0
1684951200000,26278.5,26328.2,26234.3,26277.5,227784.0
1684952100000,26277.6,26290.4,26222.0,26237.0,102550.0
1684953000000,26237.0,26285.4,26225.3,26276.0,44715.0
1684953900000,26276.0,26278.5,26205.6,26216.5,59891.0
1684954800000,26216.5,26263.1,26202.5,26257.0,70831.0
1684955700000,26256.2,26352.3,26235.8,26319.8,156023.0
1684956600000,26319.9,26403.5,26295.8,26296.1,250202.0
1684957500000,26296.1,26304.0,26231.0,26254.0,109694.0
1684958400000,26254.0,26289.4,26243.2,26255.2,38705.0
1684959300000,26255.1,26427.4,26255.1,26427.4,283228.0
1684960200000,26427.4,26498.8,26348.4,26350.0,273743.0
1684961100000,26350.1,26478.9,26324.5,26404.3,220637.0
1684962000000,26404.4,26468.7,26404.4,26427.8,85619.0
1684962900000,26427.9,26432.2,26370.3,26401.8,45825.0
1684963800000,26401.9,26409.8,26361.8,26374.2,30319.0
1684964700000,26374.3,26374.3,26305.7,26367.8,49834.0
1684965600000,26367.8,26390.6,26351.6,26386.8,58466.0
1684966500000,26386.9,26416.9,26338.5,26338.5,31586.0
1684967400000,26338.4,26369.0,26308.9,26347.9,59524.0
1684968300000,26347.9,26374.1,26335.0,26350.5,22284.0
1684969200000,26350.9,26392.0,26344.0,26389.0,30041.0
1684970100000,26389.1,26389.1,26318.0,26325.0,32352.0
1684971000000,26325.0,26362.6,26325.0,26360.7,37479.0
1684971900000,26361.1,26367.8,26327.6,26327.7,32608.0
1684972800000,26327.5,26398.0,26313.0,26353.8,100093.0
1684973700000,26353.7,26358.1,26270.0,26287.0,109494.0
1684974600000,26287.0,26293.7,26210.5,26223.2,122243.0
1684975500000,26223.2,26264.4,26195.0,26237.9,111413.0
1684976400000,26238.0,26315.3,26221.3,26239.7,120834.0
1684977300000,26239.7,26239.8,25860.4,25970.9,1108473.0
1684978200000,25970.9,26142.8,25950.4,26100.0,396244.0
1684979100000,26100.0,26156.4,26039.0,26126.0,203578.0
1684980000000,26126.0,26144.6,26094.4,26142.3,130454.0
1684980900000,26142.3,26149.2,26085.0,26087.8,87158.0
1684981800000,26087.7,26111.1,26052.6,26096.9,89573.0
1684982700000,26096.8,26126.9,26085.9,26124.1,42237.0
1684983600000,26124.1,26225.9,26124.0,26150.9,196557.0
1684984500000,26150.9,26204.8,26137.2,26195.7,100054.0
1684985400000,26195.8,26215.0,26168.7,26191.0,91155.0
1684986300000,26191.0,26210.0,26182.4,26182.8,59015.0
1684987200000,26182.8,26208.5,26155.0,26205.7,77901.0
1684988100000,26205.8,26260.7,26191.4,26208.8,143023.0
1684989000000,26208.8,26268.6,26206.1,26220.0,80919.0
1684989900000,26220.1,26236.1,26203.4,26222.7,36202.0
1684990800000,26222.8,26240.6,26213.5,26219.2,34743.0
1684991700000,26219.0,26279.9,26211.1,26273.2,86218.0
1684992600000,26273.2,26276.1,26227.3,26234.7,40589.0
1684993500000,26234.8,26269.3,26234.8,26263.2,45801.0
1684994400000,26264.1,26299.0,26244.9,26244.9,87477.0
1684995300000,26245.0,26263.1,26233.3,26256.1,50780.0
1684996200000,26256.1,26279.9,26224.0,26256.0,52393.0
1684997100000,26256.0,26288.5,26248.1,26261.4,44185.0
1684998000000,26261.4,26266.3,26215.9,26235.9,56332.0
1684998900000,26235.5,26238.0,26182.0,26200.2,102510.0
1684999800000,26200.2,26203.8,26144.0,26161.9,133851.0
1685000700000,26161.3,26172.7,26133.1,26135.3,84822.0
1685001600000,26135.3,26222.0,26132.2,26176.5,109205.0
1685002500000,26176.5,26222.5,26176.0,26219.8,92640.0
1685003400000,26219.9,26259.0,26216.4,26241.9,103748.0
1685004300000,26241.9,26247.9,26215.4,26225.0,37175.0
1685005200000,26225.0,26258.0,26223.1,26242.9,39611.0
1685006100000,26242.9,26257.4,26226.9,26237.9,29073.0
1685007000000,26237.9,26262.0,26236.7,26252.4,54240.0
1685007900000,26252.3,26280.0,26239.1,26278.6,58383.0
1685008800000,26278.7,26300.0,26240.1,26240.1,66744.0
1685009700000,26240.2,26279.7,26237.0,26263.6,35922.0
1685010600000,26263.7,26280.0,26229.2,26243.4,36535.0
1685011500000,26243.3,26246.9,26210.5,26246.8,43706.0
1685012400000,26246.9,26264.2,26240.6,26253.0,25209.0
1685013300000,26252.9,26258.3,26217.3,26217.3,34516.0
1685014200000,26217.1,26233.0,26205.3,26229.1,52613.0
1685015100000,26229.1,26350.0,26229.1,26300.7,248882.0
1685016000000,26300.8,26512.6,26300.7,26395.8,678276.0
1685016900000,26395.5,26469.2,26395.5,26420.6,255142.0
1685017800000,26420.7,26462.1,26383.9,26412.2,201805.0
1685018700000,26412.3,26422.8,26353.7,26397.4,119799.0
1685019600000,26397.4,26419.0,26365.4,26402.8,72880.0
1685020500000,26402.8,26439.9,26387.7,26406.3,100923.0
1685021400000,26405.4,26419.6,26288.4,26329.1,279298.0
1685022300000,26329.1,26352.9,26261.6,26337.9,239276.0
1685023200000,26337.9,26404.7,26283.5,26302.3,202655.0
1685024100000,26302.3,26411.6,26286.1,26382.0,143173.0
1685025000000,26382.0,26426.0,26353.7,26393.7,127136.0
1685025900000,26394.9,26429.6,26346.0,26366.7,81964.0
1685026800000,26366.8,26383.2,26335.6,26365.4,56301.0
1685027700000,26365.5,26398.0,26263.2,26263.3,233126.0
1685028600000,26263.3,26280.0,26165.9,26218.6,288710.0
1685029500000,26218.7,26256.8,26180.1,26229.9,171609.0
1685030400000,26230.0,26270.8,26211.9,26258.7,119163.0
1685031300000,26258.9,26325.5,26229.3,26250.4,189027.0
1685032200000,26250.5,26277.1,26232.3,26269.9,114213.0
1685033100000,26269.9,26298.6,26267.4,26280.0,45077.0
1685034000000,26280.0,26306.0,26252.2,26257.6,53403.0
1685034900000,26257.6,26333.3,26254.8,26327.0,112818.0
1685035800000,26327.0,26393.4,26327.0,26358.4,194074.0
1685036700000,26359.8,26400.0,26342.1,26355.9,76007.0
1685037600000,26356.0,26412.4,26331.8,26335.9,99724.0
1685038500000,26336.9,26413.7,26331.8,26400.6,98688.0
1685039400000,26400.5,26402.9,26354.1,26362.9,59385.0
1685040300000,26362.9,26381.1,26346.7,26381.1,35837.0
1685041200000,26381.1,26649.0,26368.1,26539.0,648458.0
1685042100000,26539.6,26568.3,26492.2,26506.6,170870.0
1685043000000,26506.6,26506.6,26409.5,26450.0,228004.0
1685043900000,26450.1,26493.0,26440.3,26467.9,71089.0
1685044800000,26468.0,26524.3,26457.5,26498.9,113313.0
1685045700000,26498.9,26499.0,26463.2,26482.6,33911.0
1685046600000,26481.3,26489.3,26459.5,26475.6,20987.0
1685047500000,26475.6,26497.7,26473.4,26481.1,26553.0
1685048400000,26481.0,26481.1,26437.6,26457.2,40857.0
1685049300000,26457.2,26468.9,26441.3,26448.8,25911.0
1685050200000,26448.8,26477.4,26437.2,26442.7,19108.0
1685051100000,26442.8,26475.0,26442.7,26474.3,13021.0
1685052000000,26474.2,26474.2,26452.9,26465.1,16360.0
1685052900000,26465.1,26483.6,26436.4,26460.6,24311.0
1685053800000,26460.7,26467.2,26430.0,26431.1,25379.0
1685054700000,26431.1,26458.5,26431.0,26453.9,15589.0
1685055600000,26453.9,26538.5,26450.6,26527.0,66793.0
1685056500000,26527.0,26555.0,26482.7,26489.7,93014.0
1685057400000,26489.7,26491.0,26461.5,26467.9,57030.0
1685058300000,26467.9,26479.4,26462.5,26470.5,28070.0
1685059200000,26470.5,26481.6,26430.3,26448.2,50564.0
1685060100000,26448.3,26492.4,26448.3,26491.0,55997.0
1685061000000,26491.0,26506.2,26443.0,26451.0,47525.0
1685061900000,26451.1,26472.5,26376.1,26472.5,152723.0
1685062800000,26472.5,26510.8,26456.3,26491.0,85324.0
1685063700000,26491.0,26537.9,26403.8,26434.0,247897.0
1685064600000,26433.9,26470.6,26405.6,26407.5,87444.0
1685065500000,26407.4,26427.0,26337.5,26413.1,176427.0
1685066400000,26413.2,26443.9,26396.4,26397.0,44357.0
1685067300000,26397.0,26428.9,26382.9,26414.8,33600.0
1685068200000,26414.7,26441.6,26410.0,26412.6,30746.0
1685069100000,26413.1,26438.9,26400.5,26403.6,20927.0
1685070000000,26403.6,26423.0,26391.1,26422.1,46375.0
1685070900000,26422.1,26437.6,26417.6,26418.2,24123.0
1685071800000,26418.3,26477.2,26416.4,26439.4,53825.0
1685072700000,26438.8,26459.6,26431.5,26437.4,32820.0
1685073600000,26437.5,26455.0,26433.9,26446.0,23941.0
1685074500000,26446.1,26454.0,26420.6,26423.2,20603.0
1685075400000,26423.2,26430.0,26411.1,26422.0,23492.0
1685076300000,26422.0,26440.0,26420.6,26430.1,23503.0
1685077200000,26430.0,26436.3,26398.6,26398.6,38209.0
1685078100000,26398.6,26405.9,26365.8,26379.0,58750.0
1685079000000,26378.9,26400.0,26361.1,26393.9,37666.0
1685079900000,26393.8,26394.7,26342.5,26355.7,64157.0
1685080800000,26355.6,26374.2,26329.5,26374.2,65299.0
1685081700000,26374.1,26408.0,26374.1,26398.4,40010.0
1685082600000,26398.4,26398.5,26372.8,26386.0,18459.0
1685083500000,26385.9,26448.1,26385.9,26435.9,61542.0
1685084400000,26436.0,26448.5,26411.6,26439.0,39590.0
1685085300000,26439.0,26482.0,26437.1,26440.3,113175.0
1685086200000,26440.3,26476.9,26440.3,26466.7,40220.0
1685087100000,26466.7,26533.0,26464.7,26500.1,181265.0
1685088000000,26500.1,26528.6,26486.2,26526.1,75594.0
1685088900000,26526.1,26526.2,26500.1,26507.9,41462.0
1685089800000,26507.9,26549.9,26465.9,26477.1,144095.0
1685090700000,26477.2,26504.9,26467.7,26470.1,71670.0
1685091600000,26470.0,26474.8,26450.2,26451.7,44911.0
1685092500000,26451.7,26468.7,26427.6,26430.2,67808.0
1685093400000,26430.2,26465.2,26430.0,26464.3,38312.0
1685094300000,26464.1,26464.1,26438.1,26449.9,32309.0
1685095200000,26450.0,26450.0,26433.1,26437.1,21529.0
1685096100000,26437.1,26467.6,26427.2,26460.6,43986.0
1685097000000,26460.6,26498.0,26454.4,26476.3,39162.0
1685097900000,26476.3,26476.3,26459.7,26460.9,17989.0
1685098800000,26460.9,26467.4,26440.0,26453.6,31494.0
1685099700000,26453.6,26463.1,26437.1,26458.0,25442.0
1685100600000,26458.1,26458.4,26434.1,26434.9,29088.0
1685101500000,26434.9,26508.8,26434.9,26465.6,76171.0
1685102400000,26465.6,26484.9,26464.9,26484.9,37189.0
1685103300000,26485.0,26488.7,26459.9,26463.3,41234.0
1685104200000,26463.3,26545.0,26360.0,26406.4,335924.0
1685105100000,26406.5,26463.6,26400.6,26444.2,76493.0
1685106000000,26444.2,26516.8,26444.2,26492.9,188887.0
1685106900000,26492.9,26498.4,26456.6,26473.8,45790.0
1685107800000,26473.8,26591.0,26473.7,26551.0,380135.0
1685108700000,26551.0,26603.2,26534.0,26543.5,233626.0
1685109600000,26543.6,26666.0,26543.6,26598.7,428588.0
1685110500000,26598.8,26844.4,26598.8,26778.4,943131.0
1685111400000,26778.5,26945.0,26761.9,26768.0,818367.0
1685112300000,26768.1,26824.8,26755.7,26760.0,237591.0
1685113200000,26760.1,26820.0,26758.0,26806.6,125659.0
1685114100000,26806.6,26819.7,26770.1,26816.2,89963.0
1685115000000,26816.2,26844.0,26780.0,26784.9,86504.0
1685115900000,26785.7,26800.0,26743.7,26755.8,113096.0
1685116800000,26755.8,26783.8,26747.8,26759.7,77619.0
1685117700000,26759.3,26833.7,26759.3,26821.7,97611.0
1685118600000,26821.6,26821.7,26791.1,26796.3,45651.0
1685119500000,26797.8,26813.7,26787.6,26790.6,61236.0
1685120400000,26790.5,26813.0,26788.4,26808.3,30723.0
1685121300000,26808.3,26840.0,26767.3,26774.8,67949.0
1685122200000,26774.9,26791.1,26735.3,26749.5,74617.0
1685123100000,26749.5,26749.5,26680.1,26715.4,206529.0
1685124000000,26715.4,26721.0,26593.2,26656.6,382407.0
1685124900000,26656.7,26699.6,26625.3,26678.0,139207.0
1685125800000,26678.5,26759.6,26666.7,26742.8,132481.0
1685126700000,26742.7,26748.0,26717.5,26729.9,53864.0
1685127600000,26730.0,26785.7,26730.0,26776.7,69257.0
1685128500000,26777.8,26780.0,26740.0,26757.0,43175.0
1685129400000,26756.9,26822.0,26756.9,26804.2,62019.0
1685130300000,26804.3,26805.0,26759.3,26763.8,34509.0
1685131200000,26765.9,26788.0,26750.0,26787.9,34550.0
1685132100000,26788.0,26805.0,26751.4,26751.5,21660.0
1685133000000,26751.5,26783.8,26751.4,26763.9,17560.0
1685133900000,26763.8,26776.8,26730.9,26742.0,32206.0
1685134800000,26742.0,26780.0,26742.0,26756.6,31853.0
1685135700000,26756.6,26758.1,26716.7,26717.4,29727.0
1685136600000,26717.4,26732.7,26714.2,26726.1,22947.0
1685137500000,26726.1,26737.7,26725.0,26725.0,18925.0
1685138400000,26725.1,26748.5,26725.1,26748.5,16562.0
1685139300000,26748.5,26750.4,26725.0,26731.6,10009.0
1685140200000,26731.5,26742.5,26725.0,26730.9,18857.0
1685141100000,26730.9,26730.9,26681.0,26681.1,46104.0
1685142000000,26681.1,26712.0,26681.1,26711.7,20051.0
1685142900000,26711.7,26726.8,26694.1,26697.0,30289.0
1685143800000,26697.1,26722.1,26697.0,26722.1,14095.0
1685144700000,26722.1,26723.3,26699.9,26703.4,15212.0
1685145600000,26703.4,26715.7,26673.9,26681.9,56031.0
1685146500000,26682.0,26685.5,26651.6,26661.2,41866.0
1685147400000,26661.2,26669.8,26643.6,26643.7,42958.0
1685148300000,26643.6,26657.5,26633.1,26657.5,42434.0
1685149200000,26657.4,26676.3,26650.0,26660.2,34887.0
1685150100000,26660.2,26707.9,26660.2,26694.0,52679.0
1685151000000,26694.0,26709.0,26690.1,26707.0,26554.0
1685151900000,26707.0,26720.8,26696.1,26720.8,28365.0
1685152800000,26720.8,26735.3,26708.7,26711.8,34368.0
1685153700000,26711.7,26715.7,26688.9,26695.9,25736.0
1685154600000,26696.0,26728.0,26686.6,26716.5,32914.0
1685155500000,26715.9,26747.8,26705.8,26745.9,44329.0
1685156400000,26746.0,26750.0,26720.1,26723.9,28125.0
1685157300000,26723.9,26739.2,26715.5,26725.8,23563.0
1685158200000,26725.9,26784.0,26725.8,26773.0,60194.0
1685159100000,26773.1,26773.1,26750.1,26753.5,32974.0
1685160000000,26753.6,26762.8,26751.0,26752.0,13713.0
1685160900000,26752.0,26752.1,26730.0,26736.7,25430.0
1685161800000,26736.8,26790.0,26736.8,26778.1,40508.0
1685162700000,26778.1,26790.6,26760.0,26760.0,37208.0
1685163600000,26760.0,26768.6,26755.7,26755.7,13707.0
1685164500000,26755.1,26763.1,26742.7,26742.9,22811.0
1685165400000,26742.8,26747.7,26718.7,26730.9,29865.0
1685166300000,26730.9,26740.0,26727.0,26728.8,13055.0
1685167200000,26728.8,26742.8,26726.9,26739.8,17121.0
1685168100000,26739.8,26739.9,26720.2,26723.9,13927.0
1685169000000,26723.9,26738.0,26715.0,26736.0,20549.0
1685169900000,26736.0,26763.5,26735.9,26754.4,52467.0
1685170800000,26754.4,26754.5,26735.6,26735.6,19926.0
1685171700000,26735.6,26735.7,26714.4,26724.0,27916.0
1685172600000,26724.0,26727.8,26722.0,26724.4,20584.0
1685173500000,26724.4,26726.6,26707.1,26726.6,23589.0
1685174400000,26726.6,26726.6,26680.0,26688.9,71675.0
1685175300000,26688.9,26706.1,26681.3,26706.1,46877.0
1685176200000,26706.0,26710.0,26678.1,26693.1,30455.0
1685177100000,26693.0,26699.7,26682.0,26691.9,26511.0
1685178000000,26691.8,26697.2,26689.4,26696.3,17164.0
1685178900000,26696.3,26717.3,26692.1,26707.7,16252.0
1685179800000,26707.6,26732.7,26702.3,26708.6,27151.0
1685180700000,26708.5,26736.7,26700.0,26702.9,35418.0
1685181600000,26702.8,26711.5,26700.0,26704.4,19217.0
1685182500000,26704.4,26717.2,26697.5,26697.5,20202.0
1685183400000,26697.5,26702.6,26682.0,26702.6,14899.0
1685184300000,26702.5,26702.6,26671.4,26681.8,49480.0
1685185200000,26681.7,26692.3,26670.1,26692.3,27571.0
1685186100000,26692.2,26692.3,26674.7,26688.6,24591.0
1685187000000,26688.5,26700.0,26684.3,26700.0,17477.0
1685187900000,26699.9,26715.7,26699.6,26700.3,15921.0
1685188800000,26700.3,26705.3,26680.0,26705.3,24733.0
1685189700000,26705.3,26746.8,26702.4,26730.3,47402.0
1685190600000,26730.3,26748.2,26721.2,26732.3,29638.0
1685191500000,26732.2,26735.9,26707.3,26714.6,22323.0
1685192400000,26715.0,26727.0,26713.1,26721.6,14759.0
1685193300000,26721.6,26779.5,26718.6,26772.7,167916.0
1685194200000,26772.7,26788.0,26734.4,26734.4,55325.0
1685195100000,26734.5,26734.5,26545.5,26628.8,344804.0
1685196000000,26628.8,26668.0,26601.9,26667.8,162281.0
1685196900000,26667.8,26727.3,26624.5,26700.7,160979.0
1685197800000,26700.1,26700.1,26671.9,26674.5,36684.0
1685198700000,26674.4,26689.2,26651.1,26668.2,45746.0
1685199600000,26668.2,26673.4,26638.1,26641.3,43346.0
1685200500000,26641.4,26676.6,26641.0,26663.8,31618.0
1685201400000,26663.8,26678.6,26660.2,26662.4,13068.0
1685202300000,26662.3,26693.7,26654.4,26692.4,23680.0
1685203200000,26692.3,26695.9,26676.9,26680.5,28157.0
1685204100000,26680.4,26680.4,26648.0,26672.8,38517.0
1685205000000,26672.8,26684.1,26622.0,26647.3,49382.0
1685205900000,26647.3,26669.2,26647.3,26664.5,9925.0
1685206800000,26664.5,26675.4,26664.5,26674.0,12916.0
1685207700000,26674.0,26687.7,26666.1,26674.5,15021.0
1685208600000,26674.5,26738.9,26674.5,26729.4,92934.0
1685209500000,26729.4,26763.4,26723.0,26754.0,101681.0
1685210400000,26754.1,26760.1,26736.6,26738.7,43946.0
1685211300000,26738.8,26743.3,26722.1,26742.8,36731.0
1685212200000,26742.8,26850.7,26736.3,26789.3,197718.0
1685213100000,26789.4,26800.3,26695.4,26700.2,101362.0
1685214000000,26700.2,26746.4,26700.2,26738.1,41159.0
1685214900000,26738.1,26766.3,26738.0,26752.3,14854.0
1685215800000,26752.2,26766.0,26745.9,26757.0,14393.0
1685216700000,26758.1,26759.0,26728.0,26730.6,22149.0
1685217600000,26730.6,26746.5,26722.8,26739.8,20779.0
1685218500000,26739.5,26743.7,26726.2,26743.7,6636.0
1685219400000,26743.7,26743.7,26724.8,26742.8,10412.0
1685220300000,26742.8,26750.0,26731.4,26750.0,9269.0
1685221200000,26750.0,26774.5,26746.5,26772.8,31544.0
1685222100000,26772.8,26772.8,26723.9,26727.7,20387.0
1685223000000,26727.6,26749.2,26727.6,26743.2,11867.0
1685223900000,26743.1,26768.5,26739.6,26768.4,15995.0
1685224800000,26768.5,26789.5,26768.4,26787.0,21717.0
1685225700000,26787.0,26787.0,26756.6,26782.7,25172.0
1685226600000,26784.0,26816.7,26773.6,26812.1,62727.0
1685227500000,26812.1,26830.8,26784.8,26799.9,37202.0
1685228400000,26799.9,26828.0,26799.9,26815.2,38318.0
1685229300000,26815.2,26825.5,26809.8,26824.5,24785.0
1685230200000,26824.5,26896.7,26811.2,26850.0,108301.0
1685231100000,26850.1,26863.3,26835.0,26849.3,38259.0
1685232000000,26849.4,26861.3,26836.8,26842.6,53426.0
1685232900000,26842.6,26842.7,26766.4,26807.6,76978.0
1685233800000,26807.6,27100.0,26807.6,27001.2,670065.0
1685234700000,27001.2,27137.9,26940.9,27078.3,508971.0
1685235600000,27078.4,27180.0,27069.7,27114.1,522431.0
1685236500000,27114.0,27148.6,27075.0,27133.1,243269.0
1685237400000,27133.1,27159.2,27075.0,27136.8,211440.0
1685238300000,27136.8,27140.2,27093.3,27097.8,122591.0
1685239200000,27097.8,27120.3,27091.8,27108.9,55570.0
1685240100000,27108.9,27118.4,27091.8,27110.0,36484.0
1685241000000,27109.9,27126.6,27077.4,27081.5,73883.0
1685241900000,27081.5,27099.9,27073.1,27099.8,43605.0
1685242800000,27099.8,27154.7,27099.8,27113.2,76722.0
1685243700000,27113.1,27162.4,27112.7,27125.4,63576.0
1685244600000,27125.4,27249.2,27124.8,27155.1,311454.0
1685245500000,27155.2,27250.0,27152.8,27183.3,291566.0
1685246400000,27183.4,27288.0,27183.4,27220.5,312020.0
1685247300000,27220.5,27257.3,27196.3,27197.9,88086.0
1685248200000,27197.9,27209.3,27171.5,27190.1,74461.0
1685249100000,27190.2,27207.6,27165.1,27168.1,46061.0
1685250000000,27168.2,27188.0,27161.1,27175.8,63812.0
1685250900000,27175.8,27176.0,27145.0,27145.1,67818.0
1685251800000,27145.0,27157.2,27135.3,27135.4,66249.0
1685252700000,27135.3,27168.0,27135.3,27168.0,55689.0
1685253600000,27168.0,27206.4,27168.0,27194.3,55955.0
1685254500000,27194.4,27208.1,27167.1,27190.3,50865.0
1685255400000,27190.2,27221.9,27186.2,27221.9,45680.0
1685256300000,27221.9,27221.9,27177.0,27179.1,50801.0
1685257200000,27179.1,27198.4,27179.0,27186.5,25531.0
1685258100000,27186.6,27198.9,27176.8,27196.0,38878.0
1685259000000,27196.0,27218.0,27193.0,27196.1,26543.0
1685259900000,27196.1,27222.0,27196.0,27221.9,54930.0
1685260800000,27221.9,27235.0,27197.0,27207.9,72353.0
1685261700000,27208.0,27208.0,27172.3,27195.6,59802.0
1685262600000,27195.5,27200.0,27170.0,27170.8,24325.0
1685263500000,27170.8,27193.9,27168.7,27193.8,28747.0
1685264400000,27193.9,27196.0,27177.9,27192.4,23000.0
1685265300000,27192.4,27192.4,27161.0,27176.5,55948.0
1685266200000,27176.6,27176.6,27140.0,27143.0,50922.0
1685267100000,27143.1,27162.3,27143.0,27160.0,44256.0
1685268000000,27160.1,27164.2,27144.3,27146.7,32466.0
1685268900000,27146.7,27177.6,27146.7,27172.6,27997.0
1685269800000,27172.6,27199.9,27172.5,27191.2,43610.0
1685270700000,27191.2,27221.9,27191.0,27213.6,61958.0
1685271600000,27213.5,27242.3,27212.3,27242.2,53194.0
1685272500000,27241.0,27376.2,27173.4,27199.2,668128.0
1685273400000,27199.2,27218.3,27153.8,27158.3,147077.0
1685274300000,27158.3,27181.1,27152.0,27155.3,76135.0
1685275200000,27155.3,27180.2,27153.0,27176.3,35162.0
1685276100000,27176.2,27189.9,27155.0,27173.3,51201.0
1685277000000,27173.4,27173.4,27101.0,27137.7,241350.0
1685277900000,27137.4,27149.6,27120.6,27137.9,58081.0
1685278800000,27138.0,27158.9,27131.9,27144.8,53462.0
1685279700000,27144.9,27216.4,27141.7,27191.4,89095.0
1685280600000,27191.3,27224.9,27177.7,27184.2,102819.0
1685281500000,27184.3,27191.7,27169.8,27181.6,30041.0
1685282400000,27181.6,27199.0,27172.1,27198.9,27606.0
1685283300000,27199.0,27244.5,27184.5,27187.5,143339.0
1685284200000,27187.5,27218.0,27184.2,27215.0,37129.0
1685285100000,27215.0,27237.4,27185.0,27188.6,41850.0
1685286000000,27188.6,27233.4,27169.4,27229.5,59590.0
1685286900000,27229.4,27254.7,27211.8,27221.9,73642.0
1685287800000,27221.9,27275.5,27221.9,27238.1,96504.0
1685288700000,27238.1,27275.6,27234.0,27271.9,72176.0
1685289600000,27272.0,27329.8,27255.7,27308.7,239936.0
1685290500000,27308.6,27332.9,27220.0,27250.1,208052.0
1685291400000,27250.1,27281.1,27232.9,27253.3,47725.0
1685292300000,27253.4,27272.7,27237.4,27248.0,30790.0
1685293200000,27248.0,27256.0,27207.3,27251.1,62029.0
1685294100000,27251.1,27270.4,27236.5,27264.9,40968.0
1685295000000,27265.0,27468.8,27264.7,27368.0,461316.0
1685295900000,27367.8,27408.9,27316.1,27348.3,196292.0
1685296800000,27348.4,27381.5,27309.0,27375.3,191261.0
1685297700000,27375.4,27805.0,27366.1,27600.0,1612175.0
1685298600000,27600.0,27647.9,27542.0,27626.9,298616.0
1685299500000,27625.5,27665.9,27555.0,27590.3,218453.0
1685300400000,27590.4,27629.8,27568.7,27607.4,134099.0
1685301300000,27607.5,27632.8,27580.1,27602.9,70682.0
1685302200000,27603.0,27625.5,27531.1,27560.3,101443.0
1685303100000,27560.4,27562.5,27473.7,27528.6,154677.0
1685304000000,27528.6,27579.9,27528.5,27556.4,65137.0
1685304900000,27556.4,27594.5,27550.1,27567.0,42528.0
1685305800000,27567.0,27588.0,27546.0,27588.0,17476.0
1685306700000,27588.7,27588.7,27553.9,27557.0,24980.0
1685307600000,27557.0,27583.9,27550.4,27571.0,44411.0
1685308500000,27571.8,27670.0,27571.8,27639.9,116994.0
1685309400000,27640.0,27699.8,27610.1,27693.7,103382.0
1685310300000,27694.3,28000.0,27690.9,27846.4,602565.0
1685311200000,27846.3,28260.5,27843.8,28074.2,1093211.0
1685312100000,28074.2,28149.0,28038.0,28078.2,217367.0
1685313000000,28078.2,28134.6,28041.2,28059.5,135683.0
1685313900000,28059.6,28107.9,28047.0,28095.0,110814.0
1685314800000,28095.0,28188.5,28085.7,28150.3,214373.0
1685315700000,28150.2,28300.0,28085.6,28089.9,452404.0
1685316600000,28089.9,28103.1,28053.4,28076.1,122430.0
1685317500000,28076.1,28173.4,28071.4,28075.8,260413.0
1685318400000,28075.9,28239.9,28075.9,28192.6,319840.0
1685319300000,28192.7,28456.0,28191.0,28312.8,1113054.0
1685320200000,28312.7,28370.0,28239.5,28291.4,336427.0
1685321100000,28291.5,28305.7,28174.0,28185.2,457011.0
1685322000000,28185.2,28207.4,28151.0,28193.2,173199.0
1685322900000,28193.3,28215.7,28163.6,28196.6,84011.0
1685323800000,28196.7,28206.1,28135.9,28146.3,97579.0
1685324700000,28146.2,28193.7,28142.2,28166.8,66852.0
1685325600000,28166.8,28179.5,28147.0,28155.8,41774.0
1685326500000,28155.8,28167.0,28121.8,28124.6,58297.0
1685327400000,28124.6,28167.0,28108.0,28116.7,65980.0
1685328300000,28116.7,28133.3,28093.3,28095.1,108104.0
1685329200000,28095.1,28132.8,28071.4,28087.4,91435.0
1685330100000,28087.3,28113.0,28061.5,28112.6,88214.0
1685331000000,28112.6,28115.5,28056.2,28089.6,110667.0
1685331900000,28089.7,28091.4,27904.5,27958.5,426818.0
1685332800000,27958.4,28010.0,27915.4,27916.7,223303.0
1685333700000,27916.7,27964.2,27862.9,27944.0,367847.0
1685334600000,27944.0,27954.4,27860.0,27908.6,133906.0
1685335500000,27908.5,27960.0,27866.0,27955.1,83089.0
1685336400000,27955.1,28000.0,27945.0,27999.9,119753.0
1685337300000,27999.9,28040.4,27974.1,28022.8,118565.0
1685338200000,28022.9,28047.2,27998.4,28040.0,120032.0
1685339100000,28040.0,28042.9,27978.0,27996.5,91461.0
1685340000000,27996.4,28028.0,27988.9,28025.8,59865.0
1685340900000,28027.6,28035.0,27981.3,28027.8,54151.0
1685341800000,28027.9,28039.4,27988.4,27995.0,45842.0
1685342700000,27995.0,28015.9,27981.3,28005.9,34577.0
1685343600000,28006.0,28006.0,27916.4,27946.0,128779.0
1685344500000,27946.0,27953.9,27868.3,27894.7,175138.0
1685345400000,27894.8,27917.0,27835.1,27886.2,177682.0
1685346300000,27886.3,27918.0,27850.0,27908.3,75402.0
1685347200000,27908.2,27953.0,27908.2,27914.6,114207.0
1685348100000,27914.6,27936.7,27849.9,27870.0,123308.0
1685349000000,27870.0,27927.0,27869.1,27926.0,54373.0
1685349900000,27926.0,27926.0,27881.7,27904.7,45783.0
1685350800000,27904.7,27906.8,27866.1,27866.6,34950.0
1685351700000,27866.5,27923.6,27857.3,27893.0,55524.0
1685352600000,27892.8,27946.4,27892.7,27939.3,63317.0
1685353500000,27939.3,27948.0,27922.8,27948.0,47489.0
1685354400000,27948.0,27974.2,27937.8,27964.3,131500.0
1685355300000,27964.4,27980.0,27900.0,27919.9,98261.0
1685356200000,27920.0,27933.0,27885.0,27885.9,67277.0
1685357100000,27885.9,27892.5,27746.6,27866.5,462185.0
1685358000000,27866.6,27904.1,27847.1,27904.1,91214.0
1685358900000,27904.0,27916.6,27875.9,27882.5,65092.0
1685359800000,27882.5,27899.5,27880.8,27898.6,29437.0
1685360700000,27898.6,27945.5,27898.6,27917.5,63673.0
1685361600000,27917.5,27960.2,27900.0,27908.0,55613.0
1685362500000,27908.0,27927.0,27866.0,27903.0,50887.0
1685363400000,27903.0,27903.1,27868.3,27879.8,46722.0
1685364300000,27879.7,27899.6,27871.3,27884.1,23360.0
1685365200000,27884.1,27939.9,27877.3,27928.2,58456.0
1685366100000,27928.3,27953.0,27904.0,27943.4,49228.0
1685367000000,27943.3,27943.4,27865.0,27883.2,81948.0
1685367900000,27883.2,27919.1,27871.8,27909.8,34555.0
1685368800000,27909.8,27930.0,27906.5,27916.2,26178.0
1685369700000,27916.2,27943.8,27880.7,27892.5,103440.0
1685370600000,27892.5,27892.6,27760.3,27815.3,234887.0
1685371500000,27815.2,27830.4,27666.0,27799.9,354411.0
1685372400000,27800.0,27859.3,27759.8,27812.1,166959.0
1685373300000,27812.1,27830.5,27626.4,27659.0,615426.0
1685374200000,27659.0,27724.1,27589.9,27680.5,420686.0
1685375100000,27680.5,27698.0,27606.8,27639.5,190424.0
1685376000000,27639.5,27678.0,27565.2,27675.0,381152.0
1685376900000,27674.9,27678.0,27542.3,27575.6,309981.0
1685377800000,27576.5,27658.8,27561.3,27658.8,137468.0
1685378700000,27659.1,27659.6,27585.7,27606.9,108416.0
1685379600000,27607.0,27684.8,27525.0,27674.1,247945.0
1685380500000,27674.1,27705.4,27620.0,27685.0,117410.0
1685381400000,27685.0,27699.4,27655.0,27672.0,50584.0
1685382300000,27672.0,27749.9,27641.3,27694.1,151571.0
1685383200000,27694.2,27713.8,27677.2,27707.0,66403.0
1685384100000,27706.9,27724.0,27693.2,27702.0,66469.0
1685385000000,27702.0,27702.1,27650.0,27650.6,51273.0
1685385900000,27650.6,27650.7,27606.9,27643.6,87171.0
1685386800000,27640.8,27670.4,27630.5,27670.4,28748.0
1685387700000,27670.4,27690.0,27661.2,27681.9,23348.0
1685388600000,27681.8,27693.6,27660.0,27671.5,31219.0
1685389500000,27671.4,27703.3,27624.0,27641.0,47084.0
1685390400000,27641.0,27675.2,27629.7,27665.5,21325.0
1685391300000,27665.4,27678.9,27649.2,27658.2,15102.0
1685392200000,27658.2,27703.8,27654.3,27695.2,27916.0
1685393100000,27695.1,27695.4,27672.4,27681.1,26592.0
1685394000000,27681.0,27696.6,27669.1,27696.6,26269.0
1685394900000,27696.8,27724.4,27663.7,27663.8,33504.0
1685395800000,27663.7,27694.2,27650.0,27694.2,15926.0
1685396700000,27694.2,27718.0,27659.2,27659.3,43028.0
1685397600000,27659.2,27659.3,27565.6,27610.9,125708.0
1685398500000,27610.6,27623.5,27543.8,27580.1,81893.0
1685399400000,27580.1,27693.0,27572.0,27672.9,75857.0
1685400300000,27672.8,27693.0,27657.0,27690.9,30491.0
1685401200000,27690.9,27841.5,27682.2,27802.5,205144.0
1685402100000,27803.9,27808.4,27735.3,27766.4,116085.0
1685403000000,27766.3,27784.2,27742.0,27770.0,58545.0
1685403900000,27769.9,27782.0,27728.3,27730.2,45670.0
1685404800000,27730.2,27772.0,27709.7,27733.9,58320.0
1685405700000,27734.4,27755.2,27672.6,27676.6,60232.0
1685406600000,27676.5,27700.0,27583.0,27665.9,138481.0
1685407500000,27665.9,27724.0,27665.9,27714.5,69951.0
1685408400000,27714.9,27789.7,27697.5,27750.1,100551.0
1685409300000,27750.1,27791.9,27745.0,27776.9,47593.0
1685410200000,27776.8,27804.1,27764.3,27777.1,55639.0
1685411100000,27777.1,27777.8,27726.6,27769.8,46254.0
1685412000000,27769.9,27778.0,27724.2,27731.5,43846.0
1685412900000,27731.5,27768.2,27724.0,27768.2,33071.0
1685413800000,27769.9,27792.4,27736.8,27741.2,62498.0
1685414700000,27741.3,27787.0,27741.3,27781.4,34319.0
1685415600000,27781.5,27798.0,27766.0,27797.9,47775.0
1685416500000,27798.0,27950.0,27797.9,27858.5,361487.0
1685417400000,27858.6,27871.5,27831.4,27834.7,54293.0
1685418300000,27834.8,27853.3,27816.3,27827.8,47318.0
1685419200000,27827.8,27850.5,27812.9,27814.0,32635.0
1685420100000,27814.0,27815.3,27777.0,27800.0,90819.0
1685421000000,27799.9,27800.0,27756.0,27760.9,46187.0
1685421900000,27760.9,27786.0,27760.7,27777.1,24771.0
1685422800000,27777.0,27777.1,27672.5,27700.6,150088.0
1685423700000,27702.3,27739.0,27682.1,27727.7,50874.0
1685424600000,27727.8,27747.0,27718.0,27726.5,48044.0
1685425500000,27726.5,27760.0,27726.5,27757.9,35790.0
1685426400000,27758.0,27780.0,27750.2,27759.7,58569.0
1685427300000,27759.8,27789.3,27752.3,27784.5,31380.0
1685428200000,27784.5,27827.0,27782.7,27789.4,78099.0
1685429100000,27789.4,27807.5,27779.3,27793.5,22605.0
1685430000000,27793.6,27844.9,27791.8,27805.3,70004.0
1685430900000,27805.3,27825.0,27784.0,27789.0,45109.0
1685431800000,27789.0,27793.9,27732.0,27745.0,73164.0
1685432700000,27745.0,27769.2,27736.3,27736.7,44945.0
1685433600000,27736.7,27755.0,27713.6,27732.0,59332.0
1685434500000,27732.7,27816.7,27724.6,27803.5,68234.0
1685435400000,27803.6,27814.2,27796.4,27809.9,43945.0
1685436300000,27809.8,27811.0,27763.9,27778.1,65311.0
1685437200000,27778.1,27829.6,27778.0,27818.9,40459.0
1685438100000,27818.9,27878.8,27814.6,27824.4,160835.0
1685439000000,27824.4,27890.0,27824.4,27868.2,96572.0
1685439900000,27868.3,27879.0,27845.5,27851.1,49642.0
1685440800000,27851.1,27870.0,27851.1,27870.0,40421.0
1685441700000,27870.0,27982.7,27869.9,27924.3,284102.0
1685442600000,27923.1,28038.5,27923.0,27963.0,418438.0
1685443500000,27962.9,27999.2,27890.2,27894.0,212938.0
1685444400000,27894.0,27976.0,27850.0,27958.9,237178.0
1685445300000,27959.0,27981.9,27929.9,27944.3,97913.0
1685446200000,27944.3,28007.2,27941.7,27958.1,139072.0
1685447100000,27958.2,28049.6,27955.0,28024.3,119570.0
1685448000000,28024.2,28030.9,27976.7,28002.1,96781.0
1685448900000,28002.2,28005.5,27857.7,27891.4,220785.0
1685449800000,27891.3,27898.0,27780.0,27823.4,305090.0
1685450700000,27823.4,27930.0,27808.8,27900.0,152161.0
1685451600000,27900.1,27957.0,27888.0,27925.0,127622.0
1685452500000,27925.0,27967.8,27908.9,27948.4,77023.0
1685453400000,27948.5,27960.0,27868.2,27902.3,193868.0
1685454300000,27902.4,27911.1,27746.9,27796.9,410928.0
1685455200000,27796.9,27877.1,27744.0,27805.8,289416.0
1685456100000,27805.9,27855.4,27735.2,27777.6,144632.0
1685457000000,27777.5,27836.5,27650.0,27682.3,388186.0
1685457900000,27682.2,27730.0,27623.8,27626.1,265658.0
1685458800000,27626.1,27706.9,27621.0,27692.8,134443.0
1685459700000,27692.8,27750.0,27630.0,27679.2,299336.0
1685460600000,27679.1,27724.0,27654.5,27699.0,128090.0
1685461500000,27699.0,27737.0,27674.0,27679.6,57530.0
1685462400000,27679.6,27724.3,27633.6,27636.1,135240.0
1685463300000,27636.0,27707.0,27555.0,27692.7,363269.0
1685464200000,27692.6,27735.0,27679.1,27729.6,117358.0
1685465100000,27729.6,27747.5,27695.3,27715.4,54508.0
1685466000000,27715.3,27729.3,27674.7,27706.7,58086.0
1685466900000,27706.7,27706.7,27644.0,27665.5,46205.0
1685467800000,27665.4,27724.9,27629.2,27721.8,55820.0
1685468700000,27721.7,27781.0,27695.0,27699.6,108363.0
1685469600000,27699.6,27718.0,27666.2,27705.0,57969.0
1685470500000,27704.9,27736.0,27691.7,27701.1,26504.0
1685471400000,27701.0,27798.0,27700.0,27785.9,95505.0
1685472300000,27785.9,27812.7,27764.3,27764.9,92231.0
1685473200000,27765.1,27800.0,27754.6,27794.9,55113.0
1685474100000,27794.8,27811.3,27760.2,27802.1,36727.0
1685475000000,27802.0,27871.3,27789.1,27850.9,88014.0
1685475900000,27850.6,27862.7,27808.7,27853.9,38214.0
1685476800000,27856.6,27859.2,27824.7,27826.5,30563.0
1685477700000,27826.4,27826.5,27765.0,27798.2,70628.0
1685478600000,27798.3,27824.2,27792.0,27819.0,19276.0
1685479500000,27819.0,27819.0,27758.0,27764.4,35255.0
1685480400000,27764.4,27807.8,27757.1,27805.1,34802.0
1685481300000,27805.0,27855.3,27796.6,27826.5,33764.0
1685482200000,27826.5,27827.1,27770.0,27779.0,22223.0
1685483100000,27779.0,27779.1,27650.0,27725.9,121823.0
1685484000000,27725.8,27725.8,27650.8,27687.1,73006.0
1685484900000,27687.1,27729.2,27681.0,27724.3,29674.0
1685485800000,27724.3,27746.8,27724.3,27743.6,20443.0
1685486700000,27743.6,27767.6,27730.3,27740.3,25793.0
1685487600000,27740.3,27749.2,27700.3,27700.3,31184.0
1685488500000,27700.3,27716.2,27676.0,27706.9,32808.0
1685489400000,27707.3,27729.0,27696.8,27715.0,17873.0
1685490300000,27714.9,27718.8,27684.8,27695.1,22150.0
1685491200000,27695.1,27702.0,27660.0,27692.8,44712.0
1685492100000,27692.7,27708.0,27685.3,27693.0,34051.0
1685493000000,27693.0,27740.0,27687.1,27736.1,36539.0
1685493900000,27736.2,27768.3,27714.2,27761.2,54293.0
1685494800000,27761.2,27796.8,27738.2,27795.2,53348.0
1685495700000,27793.2,27845.6,27773.2,27804.0,90488.0
1685496600000,27804.1,27820.0,27768.1,27793.5,51307.0
1685497500000,27793.5,27793.6,27735.2,27741.9,51676.0
1685498400000,27741.9,27742.0,27572.5,27651.1,350009.0
1685499300000,27651.1,27691.1,27627.5,27689.9,66744.0
1685500200000,27689.9,27689.9,27642.0,27657.0,50724.0
1685501100000,27657.0,27680.0,27615.8,27673.0,33988.0
1685502000000,27672.9,27677.9,27600.0,27642.1,68496.0
1685502900000,27642.2,27678.8,27637.7,27676.6,40795.0
1685503800000,27676.6,27689.5,27666.8,27679.1,38549.0
1685504700000,27679.0,27696.0,27644.3,27658.6,50168.0
1685505600000,27658.6,27664.7,27610.0,27651.8,42136.0
1685506500000,27651.9,27680.0,27637.5,27651.7,30482.0
1685507400000,27651.8,27654.6,27567.1,27575.6,154191.0
1685508300000,27575.6,27596.7,27235.3,27260.1,1638308.0
1685509200000,27260.0,27280.0,27117.0,27167.7,1004396.0
1685510100000,27167.7,27205.0,27077.0,27178.5,465254.0
1685511000000,27178.5,27179.8,27037.8,27148.4,506656.0
1685511900000,27148.4,27148.4,27013.5,27087.9,382454.0
1685512800000,27087.9,27093.9,26962.1,27066.0,486077.0
1685513700000,27066.0,27144.0,27043.4,27141.9,289822.0
1685514600000,27142.0,27170.0,27106.9,27145.0,160504.0
1685515500000,27145.0,27183.0,27133.8,27159.4,102423.0
1685516400000,27159.3,27166.2,27112.4,27116.9,85825.0
1685517300000,27117.0,27188.0,27116.9,27177.8,109482.0
1685518200000,27177.8,27205.0,27163.9,27171.9,95937.0
1685519100000,27171.9,27178.5,27158.5,27158.7,47455.0
1685520000000,27158.6,27212.9,27123.3,27191.0,157220.0
1685520900000,27191.1,27204.9,27158.3,27158.3,77600.0
1685521800000,27158.3,27187.0,27125.0,27125.0,84837.0
1685522700000,27125.1,27158.0,27110.6,27144.9,99542.0
1685523600000,27144.9,27165.4,27122.2,27132.1,51515.0
1685524500000,27132.1,27153.7,27090.0,27113.8,122323.0
1685525400000,27113.7,27131.9,27055.0,27122.0,161035.0
1685526300000,27122.0,27164.3,27110.4,27142.8,274930.0
1685527200000,27142.2,27152.3,27131.8,27132.9,54473.0
1685528100000,27132.9,27134.6,27076.5,27091.9,65836.0
1685529000000,27091.9,27109.9,27075.7,27093.0,83630.0
1685529900000,27092.9,27102.0,27051.4,27066.4,91737.0
1685530800000,27066.6,27096.5,27004.9,27094.2,257393.0
1685531700000,27094.2,27128.4,27066.6,27118.1,98024.0
1685532600000,27118.1,27138.8,27102.0,27122.7,67344.0
1685533500000,27122.8,27126.9,27086.9,27102.4,63454.0
1685534400000,27102.4,27127.0,27059.9,27105.1,114163.0
1685535300000,27105.1,27131.9,27079.0,27093.4,55625.0
1685536200000,27093.4,27121.6,27075.0,27100.5,44849.0
1685537100000,27100.5,27120.0,27070.8,27078.5,47703.0
1685538000000,27078.5,27195.0,27063.0,27168.2,186003.0
1685538900000,27168.1,27194.0,27127.6,27160.2,128818.0
1685539800000,27160.3,27213.8,27120.4,27208.4,168539.0
1685540700000,27208.4,27232.2,27107.8,27117.1,218010.0
1685541600000,27117.2,27123.8,27030.6,27057.9,385114.0
1685542500000,27057.8,27089.6,26811.0,26900.0,1289268.0
1685543400000,26900.0,26998.5,26862.5,26993.5,328901.0
1685544300000,26993.5,27096.7,26970.3,27035.1,432925.0
1685545200000,27035.1,27067.5,26930.0,26930.1,222176.0
1685546100000,26930.1,27010.6,26930.1,26945.0,126216.0
1685547000000,26944.9,26976.8,26921.2,26944.4,105205.0
1685547900000,26942.7,26958.5,26873.2,26910.1,236788.0
1685548800000,26910.0,26969.9,26840.3,26965.3,261007.0
1685549700000,26965.4,26969.8,26925.4,26965.1,99164.0
1685550600000,26965.6,26973.2,26932.9,26950.0,68555.0
1685551500000,26950.1,26982.9,26890.0,26938.4,90366.0
1685552400000,26938.4,26958.8,26915.6,26925.5,41227.0
1685553300000,26925.5,26984.9,26913.0,26976.8,74562.0
1685554200000,26976.8,27088.0,26964.0,27042.1,236951.0
1685555100000,27042.1,27068.6,27016.9,27057.2,99435.0
1685556000000,27055.1,27071.9,27041.0,27058.5,49242.0
1685556900000,27058.6,27094.8,27014.9,27072.1,112074.0
1685557800000,27072.1,27072.1,27041.7,27058.0,33656.0
1685558700000,27058.1,27068.9,27014.4,27036.2,46495.0
1685559600000,27036.3,27047.4,27003.7,27036.6,49279.0
1685560500000,27036.7,27060.6,27023.6,27030.0,26831.0
1685561400000,27030.1,27094.7,27023.4,27093.6,48783.0
1685562300000,27093.9,27130.6,26988.6,27007.9,189478.0
1685563200000,27011.7,27061.5,27001.7,27054.3,49209.0
1685564100000,27056.8,27109.5,27045.7,27094.1,31843.0
1685565000000,27094.1,27119.6,27081.4,27108.4,47638.0
1685565900000,27108.4,27112.1,27083.0,27104.4,36413.0
1685566800000,27104.4,27117.1,27086.7,27097.3,33545.0
1685567700000,27097.3,27099.7,27035.1,27054.0,42803.0
1685568600000,27055.9,27086.9,27047.2,27068.9,24272.0
1685569500000,27069.0,27089.5,27065.6,27089.5,18382.0
1685570400000,27090.1,27126.9,27078.3,27106.6,59551.0
1685571300000,27106.6,27170.7,27106.6,27148.7,116651.0
1685572200000,27148.7,27165.0,27125.9,27143.6,45755.0
1685573100000,27143.2,27190.2,27139.1,27176.4,43927.0
1685574000000,27176.2,27190.5,27160.1,27166.2,69278.0
1685574900000,27166.3,27193.0,27151.1,27190.0,44878.0
1685575800000,27190.0,27296.5,27173.7,27254.3,230530.0
1685576700000,27254.4,27266.1,27188.5,27206.5,112262.0
1685577600000,27206.5,27357.2,27190.5,27312.1,388335.0
1685578500000,27312.1,27336.3,27279.7,27280.1,167688.0
1685579400000,27280.0,27299.8,27063.2,27116.6,400174.0
1685580300000,27116.5,27117.8,27020.5,27074.4,204686.0
1685581200000,27074.8,27156.9,27060.8,27128.5,170403.0
1685582100000,27128.5,27148.0,27098.3,27145.6,89032.0
1685583000000,27146.0,27170.7,27120.0,27120.0,93954.0
1685583900000,27120.1,27162.7,27077.0,27085.7,166234.0
1685584800000,27085.4,27096.0,27048.0,27062.1,91669.0
1685585700000,27062.1,27085.5,27039.5,27080.1,78740.0
1685586600000,27080.1,27121.1,27036.8,27041.0,65861.0
1685587500000,27041.0,27050.2,26630.7,26724.2,1502325.0
1685588400000,26724.1,26764.9,26608.3,26761.6,560650.0
1685589300000,26759.9,26822.0,26751.1,26760.5,249675.0
1685590200000,26760.5,26838.8,26743.4,26782.9,187499.0
1685591100000,26782.9,26797.6,26760.1,26778.3,101315.0
1685592000000,26778.3,26817.7,26758.4,26800.5,104913.0
1685592900000,26800.5,26800.6,26757.0,26769.0,60739.0
1685593800000,26769.7,26829.6,26768.8,26822.5,98247.0
1685594700000,26822.5,26822.5,26791.6,26807.6,31036.0
1685595600000,26807.6,26833.5,26783.9,26833.4,46463.0
1685596500000,26833.4,26850.0,26818.9,26836.1,74958.0
1685597400000,26836.1,26847.0,26826.2,26829.1,35429.0
1685598300000,26829.1,26870.0,26825.0,26853.8,88276.0
1685599200000,26853.8,26872.8,26842.2,26871.0,62060.0
1685600100000,26871.0,26880.0,26789.5,26814.8,164474.0
1685601000000,26814.7,26853.1,26805.1,26833.7,67423.0
1685601900000,26833.7,26839.7,26775.7,26791.0,74900.0
1685602800000,26791.1,26809.5,26764.8,26786.3,95241.0
1685603700000,26786.3,26868.4,26776.1,26856.6,85248.0
1685604600000,26856.0,26856.6,26812.2,26815.5,51793.0
1685605500000,26815.4,26822.5,26783.4,26803.3,45793.0
1685606400000,26803.2,26819.7,26784.4,26819.7,54755.0
1685607300000,26819.7,26850.0,26810.4,26841.9,57175.0
1685608200000,26842.0,26870.9,26832.9,26865.2,57404.0
1685609100000,26865.2,26925.0,26865.1,26910.1,157357.0
1685610000000,26910.1,26939.6,26893.1,26930.4,162730.0
1685610900000,26930.4,26948.0,26904.8,26937.5,96320.0
1685611800000,26937.5,26943.0,26914.6,26930.8,55380.0
1685612700000,26930.9,26930.9,26900.5,26904.9,80852.0
1685613600000,26904.9,26909.8,26873.8,26881.1,64886.0
1685614500000,26882.8,26935.0,26857.5,26888.6,84618.0
1685615400000,26888.5,26908.2,26865.1,26881.9,59229.0
1685616300000,26882.0,26889.6,26852.0,26855.8,43384.0
1685617200000,26855.0,26869.9,26838.0,26864.2,74535.0
1685618100000,26864.1,26878.8,26847.2,26852.2,37543.0
1685619000000,26852.1,26894.3,26852.1,26887.0,36231.0
1685619900000,26887.2,26913.0,26875.1,26895.6,47191.0
1685620800000,26895.7,26895.7,26858.2,26878.3,50333.0
1685621700000,26878.3,26887.9,26787.4,26850.2,226960.0
1685622600000,26850.2,26942.3,26843.7,26905.0,211208.0
1685623500000,26905.0,26968.5,26888.0,26942.9,167999.0
1685624400000,26942.9,26966.7,26937.9,26937.9,72695.0
1685625300000,26937.9,26938.0,26905.2,26906.5,66637.0
1685626200000,26906.4,26930.0,26870.1,26887.7,144176.0
1685627100000,26887.6,26921.5,26861.1,26889.1,83105.0
1685628000000,26889.0,26988.0,26889.0,26941.0,175602.0
1685628900000,26941.0,26941.0,26826.2,26868.0,184389.0
1685629800000,26868.0,26892.3,26843.6,26889.0,81008.0
1685630700000,26889.1,26909.9,26864.2,26900.3,68780.0
1685631600000,26900.3,26945.9,26868.0,26933.9,101450.0
1685632500000,26933.9,26954.9,26900.0,26905.0,84535.0
1685633400000,26905.0,26930.0,26894.0,26900.1,46426.0
1685634300000,26900.1,26902.7,26861.0,26902.7,58638.0
1685635200000,26902.6,26929.7,26896.0,26923.9,68430.0
1685636100000,26923.9,26939.9,26902.8,26906.5,47825.0
1685637000000,26906.5,26916.2,26812.0,26823.0,186131.0
1685637900000,26823.0,27186.0,26804.6,27098.4,904351.0
1685638800000,27098.4,27141.8,26920.9,26997.5,460096.0
1685639700000,26997.4,27070.0,26974.2,27006.0,213025.0
1685640600000,27006.5,27006.6,26922.4,26957.1,131718.0
1685641500000,26957.9,26988.8,26933.4,26962.3,44214.0
1685642400000,26962.3,27021.9,26940.0,27007.5,73799.0
1685643300000,27007.5,27057.6,26994.7,27008.0,89312.0
1685644200000,27008.0,27010.4,26968.0,26971.2,32098.0
1685645100000,26971.3,27010.8,26951.6,26970.5,61230.0
1685646000000,26970.4,26988.5,26956.0,26963.9,32213.0
1685646900000,26962.0,26963.0,26858.4,26872.7,159000.0
1685647800000,26872.8,26908.2,26651.3,26815.6,843561.0
1685648700000,26815.6,26876.5,26814.6,26867.8,85954.0
1685649600000,26867.8,26928.4,26854.7,26874.6,111842.0
1685650500000,26874.6,26883.0,26830.1,26830.1,48258.0
1685651400000,26830.1,26893.0,26829.4,26842.8,66200.0
1685652300000,26842.1,26869.5,26836.5,26867.9,40082.0
1685653200000,26867.9,26950.0,26866.4,26919.9,84198.0
1685654100000,26919.9,26942.4,26906.8,26941.1,35911.0
1685655000000,26941.1,26941.1,26872.5,26881.5,34239.0
1685655900000,26881.4,26913.0,26881.4,26892.2,36977.0
1685656800000,26892.3,26906.8,26845.0,26858.5,66401.0
1685657700000,26858.6,26887.5,26849.1,26884.3,27722.0
1685658600000,26884.3,26884.4,26847.1,26875.9,29163.0
1685659500000,26875.8,26899.9,26848.5,26876.1,32944.0
1685660400000,26876.8,26884.9,26842.1,26850.9,40806.0
1685661300000,26850.8,26858.1,26780.4,26787.2,82507.0
1685662200000,26787.3,26827.0,26703.1,26825.0,211691.0
1685663100000,26824.9,26837.7,26791.6,26812.6,59597.0
1685664000000,26812.6,26825.0,26787.0,26790.0,70386.0
1685664900000,26790.0,26806.6,26689.2,26713.6,175885.0
1685665800000,26713.6,26764.0,26480.5,26728.0,1100132.0
1685666700000,26728.0,26789.0,26702.1,26789.0,296459.0
1685667600000,26789.0,26807.2,26716.8,26733.1,139843.0
1685668500000,26733.0,26849.0,26726.7,26835.6,123692.0
1685669400000,26835.6,26857.6,26792.9,26836.1,209281.0
1685670300000,26836.1,26847.2,26786.4,26816.0,72750.0
1685671200000,26816.1,26864.1,26811.0,26857.1,74499.0
1685672100000,26857.0,26993.2,26857.0,26932.2,363015.0
1685673000000,26932.3,26969.1,26926.2,26948.8,108213.0
1685673900000,26948.8,26961.1,26918.5,26961.0,76320.0
1685674800000,26961.1,26974.5,26930.0,26936.7,62553.0
1685675700000,26936.7,26953.3,26927.7,26939.8,27531.0
1685676600000,26939.9,26957.1,26933.2,26944.0,33678.0
1685677500000,26944.1,27022.9,26931.0,26998.1,201720.0
1685678400000,26998.1,27010.3,26952.7,26953.9,72161.0
1685679300000,26953.9,27072.0,26945.5,26983.4,251672.0
1685680200000,26983.4,27121.0,26969.4,27088.6,344819.0
1685681100000,27087.8,27118.8,27045.6,27067.7,241674.0
1685682000000,27067.6,27100.4,27063.8,27063.8,82912.0
1685682900000,27063.7,27166.4,27062.4,27122.2,233978.0
1685683800000,27122.3,27220.0,27106.6,27159.5,333343.0
1685684700000,27159.5,27193.3,27138.4,27149.9,167838.0
1685685600000,27149.9,27150.0,27114.9,27129.5,104776.0
1685686500000,27129.5,27170.1,27120.3,27148.5,107505.0
1685687400000,27150.8,27156.0,27122.2,27130.2,49318.0
1685688300000,27130.3,27145.0,27065.3,27073.8,116660.0
1685689200000,27073.8,27085.0,27052.5,27068.1,130787.0
1685690100000,27068.0,27117.3,27068.0,27112.6,80993.0
1685691000000,27112.9,27122.4,27091.8,27091.9,35643.0
1685691900000,27091.8,27091.9,27040.0,27043.3,119506.0
1685692800000,27043.2,27099.6,27043.2,27082.0,74380.0
1685693700000,27082.0,27107.7,27082.0,27102.6,35902.0
1685694600000,27102.5,27134.1,27100.5,27111.8,51431.0
1685695500000,27111.8,27175.0,27111.8,27164.7,113772.0
1685696400000,27164.7,27186.8,27136.9,27168.5,84935.0
1685697300000,27169.4,27170.0,27109.9,27121.3,57076.0
1685698200000,27121.3,27125.9,27084.0,27084.3,39136.0
1685699100000,27084.3,27104.0,27070.0,27084.9,70554.0
1685700000000,27085.0,27091.8,27070.0,27084.5,45977.0
1685700900000,27084.4,27113.2,27080.0,27098.6,37670.0
1685701800000,27098.6,27100.0,27073.0,27081.7,26402.0
1685702700000,27081.7,27107.5,27070.0,27107.4,33662.0
1685703600000,27107.5,27123.4,27101.0,27102.2,27045.0
1685704500000,27102.1,27102.1,27074.0,27078.4,29306.0
1685705400000,27078.3,27140.0,27071.2,27130.1,104682.0
1685706300000,27130.1,27176.9,27090.2,27126.1,154681.0
1685707200000,27125.7,27167.7,27094.0,27164.5,150007.0
1685708100000,27164.5,27180.3,27108.5,27127.7,147922.0
1685709000000,27127.7,27277.7,26934.0,27148.0,1085736.0
1685709900000,27148.1,27159.4,27029.0,27093.1,278179.0
1685710800000,27093.2,27115.1,27055.2,27055.2,70231.0
1685711700000,27055.0,27088.9,27013.4,27075.3,97135.0
1685712600000,27075.4,27133.0,27050.1,27068.6,112697.0
1685713500000,27068.6,27078.0,26850.2,26908.2,893356.0
1685714400000,26909.9,26979.7,26881.6,26958.5,300661.0
1685715300000,26957.5,26971.7,26888.8,26926.7,137405.0
1685716200000,26926.7,26973.5,26903.3,26966.3,92232.0
1685717100000,26966.3,26989.2,26938.1,26966.3,94152.0
1685718000000,26965.3,27041.1,26964.0,27008.0,155117.0
1685718900000,27008.0,27027.8,26990.0,27003.6,64707.0
1685719800000,27003.6,27049.0,26995.2,27006.6,51036.0
1685720700000,27006.6,27119.8,27001.0,27098.9,225883.0
1685721600000,27098.9,27126.1,27043.6,27046.2,149362.0
1685722500000,27046.1,27071.2,27033.7,27054.6,62735.0
1685723400000,27054.5,27112.9,27054.5,27102.5,77465.0
1685724300000,27103.9,27114.4,27042.8,27064.0,55784.0
1685725200000,27064.0,27085.4,27025.8,27085.3,70687.0
1685726100000,27085.4,27100.0,27072.8,27083.5,42796.0
1685727000000,27083.5,27085.5,27049.4,27064.1,42753.0
1685727900000,27064.2,27078.6,27032.6,27063.1,48378.0
1685728800000,27063.1,27087.0,27024.3,27045.4,82777.0
1685729700000,27045.4,27056.0,27020.0,27021.5,48183.0
1685730600000,27021.5,27076.0,27003.2,27066.9,83680.0
1685731500000,27067.0,27200.0,27067.0,27195.9,266243.0
1685732400000,27196.0,27215.8,27126.4,27136.0,190128.0
1685733300000,27135.9,27192.9,27135.6,27180.1,67853.0
1685734200000,27180.1,27293.0,27160.0,27274.7,267341.0
1685735100000,27274.7,27284.9,27226.4,27248.6,111205.0
1685736000000,27248.9,27281.1,27232.0,27250.0,59717.0
1685736900000,27249.9,27258.5,27202.7,27235.2,54663.0
1685737800000,27235.2,27244.8,27174.4,27195.8,87755.0
1685738700000,27195.9,27208.0,27168.4,27168.4,48376.0
1685739600000,27168.0,27190.0,27141.3,27153.2,40750.0
1685740500000,27153.2,27174.4,27149.2,27161.7,35805.0
1685741400000,27161.6,27216.9,27161.6,27207.2,66119.0
1685742300000,27207.3,27254.4,27207.2,27209.5,58953.0
1685743200000,27209.6,27247.6,27199.6,27234.4,34988.0
1685744100000,27234.5,27251.9,27231.5,27242.0,22821.0
1685745000000,27242.0,27309.8,27236.5,27279.9,113221.0
1685745900000,27279.8,27282.0,27252.0,27262.6,33271.0
1685746800000,27262.5,27272.0,27257.9,27269.9,26418.0
1685747700000,27270.0,27270.0,27231.5,27234.5,33489.0
1685748600000,27234.5,27253.4,27226.8,27241.9,35771.0
1685749500000,27241.9,27242.9,27226.3,27238.0,20620.0
1685750400000,27237.9,27242.0,27206.2,27221.7,57309.0
1685751300000,27221.6,27221.6,27193.2,27205.6,38877.0
1685752200000,27205.6,27205.6,27159.2,27174.9,55717.0
1685753100000,27174.9,27183.0,27144.5,27164.9,48490.0
1685754000000,27164.8,27180.8,27134.4,27178.8,57980.0
1685754900000,27178.7,27184.9,27122.1,27138.6,47932.0
1685755800000,27138.7,27154.7,27092.2,27130.0,97068.0
1685756700000,27129.9,27155.2,27111.0,27130.0,36609.0
1685757600000,27130.0,27149.8,27130.0,27149.4,19262.0
1685758500000,27149.4,27167.0,27143.9,27149.9,27417.0
1685759400000,27149.9,27152.4,27122.2,27134.3,41512.0
1685760300000,27134.3,27152.6,27126.2,27148.4,20929.0
1685761200000,27148.4,27176.0,27145.3,27173.3,56131.0
1685762100000,27173.3,27173.3,27130.0,27133.2,24807.0
1685763000000,27133.1,27140.0,27130.0,27139.9,20455.0
1685763900000,27139.9,27145.9,27134.5,27138.1,12642.0
1685764800000,27138.1,27145.0,27101.4,27124.3,49978.0
1685765700000,27124.3,27135.0,27109.0,27117.0,25718.0
1685766600000,27117.0,27155.2,27107.0,27152.1,36789.0
1685767500000,27152.2,27166.1,27133.6,27156.3,35204.0
1685768400000,27156.3,27172.0,27140.7,27155.6,28750.0
1685769300000,27155.6,27159.7,27152.1,27156.0,13387.0
1685770200000,27155.9,27164.6,27154.0,27156.7,15912.0
1685771100000,27156.7,27165.7,27138.0,27165.6,48299.0
1685772000000,27165.7,27188.0,27165.7,27175.0,43906.0
1685772900000,27175.0,27219.5,27174.1,27199.0,73437.0
1685773800000,27199.1,27200.0,27185.0,27193.9,33493.0
1685774700000,27193.9,27204.1,27169.8,27176.9,35287.0
1685775600000,27178.5,27195.0,27169.3,27185.8,28875.0
1685776500000,27185.8,27188.6,27175.0,27177.8,15908.0
1685777400000,27177.9,27202.5,27166.5,27188.0,47838.0
1685778300000,27188.0,27188.0,27163.0,27175.8,20661.0
1685779200000,27175.8,27188.0,27172.3,27182.8,18947.0
1685780100000,27182.8,27190.0,27174.3,27174.4,18313.0
1685781000000,27174.4,27179.1,27152.0,27171.9,34898.0
1685781900000,27171.9,27172.0,27144.1,27151.0,41465.0
1685782800000,27151.0,27157.1,27137.0,27157.0,27264.0
1685783700000,27157.0,27158.9,27137.3,27146.0,23929.0
1685784600000,27145.9,27159.0,27137.6,27139.8,25326.0
1685785500000,27139.8,27162.4,27135.5,27160.3,22776.0
1685786400000,27160.3,27163.4,27116.6,27150.8,34982.0
1685787300000,27150.8,27155.0,27145.0,27148.9,14011.0
1685788200000,27148.9,27192.8,27148.9,27162.2,85101.0
1685789100000,27162.3,27162.3,27137.4,27146.8,32866.0
1685790000000,27146.8,27169.9,27146.7,27169.9,22647.0
1685790900000,27170.0,27171.8,27152.2,27162.7,25349.0
1685791800000,27162.7,27183.5,27139.8,27139.8,35975.0
1685792700000,27139.8,27153.5,27130.0,27140.2,31215.0
1685793600000,27140.3,27152.0,27134.0,27151.4,21711.0
1685794500000,27151.5,27180.0,27151.5,27163.6,18722.0
1685795400000,27163.6,27178.5,27162.0,27166.0,33720.0
1685796300000,27166.0,27173.0,27161.5,27165.5,22262.0
1685797200000,27165.5,27169.9,27153.7,27153.9,14402.0
1685798100000,27153.9,27161.6,27151.1,27158.5,22267.0
1685799000000,27158.5,27191.6,27153.0,27182.4,36954.0
1685799900000,27182.4,27182.5,27146.2,27172.5,40523.0
1685800800000,27172.5,27198.7,27172.5,27193.6,35023.0
1685801700000,27193.6,27193.6,27179.7,27185.1,27569.0
1685802600000,27185.2,27198.4,27163.7,27180.9,41840.0
1685803500000,27180.9,27184.9,27168.7,27169.0,21201.0
1685804400000,27168.9,27198.9,27151.3,27151.3,59562.0
1685805300000,27151.3,27248.0,27122.3,27240.2,197268.0
1685806200000,27240.3,27244.9,27198.1,27207.4,81911.0
1685807100000,27207.4,27350.0,27184.7,27299.7,340501.0
1685808000000,27298.0,27307.1,27220.8,27257.0,230901.0
1685808900000,27257.0,27312.0,27236.1,27305.9,110471.0
1685809800000,27306.0,27319.7,27277.9,27279.8,82938.0
1685810700000,27279.8,27279.9,27235.1,27248.5,52054.0
1685811600000,27248.5,27255.0,27201.0,27214.4,87000.0
1685812500000,27214.4,27227.1,27160.0,27174.0,136118.0
1685813400000,27174.0,27194.6,27111.4,27174.1,214047.0
1685814300000,27174.1,27183.2,27136.1,27157.5,94960.0
1685815200000,27157.4,27174.4,27123.0,27151.4,67967.0
1685816100000,27151.3,27190.2,27144.4,27180.1,61163.0
1685817000000,27180.1,27180.1,27163.8,27167.1,23382.0
1685817900000,27167.1,27169.6,27134.4,27148.2,24653.0
1685818800000,27148.1,27168.6,27144.1,27150.3,37319.0
1685819700000,27150.3,27154.7,27125.8,27150.8,40894.0
1685820600000,27150.7,27163.4,27150.0,27162.8,9601.0
1685821500000,27162.9,27162.9,27015.3,27096.4,350451.0
1685822400000,27096.4,27128.3,27072.7,27090.0,55290.0
1685823300000,27090.0,27116.7,27090.0,27110.1,22356.0
1685824200000,27110.0,27125.0,27096.7,27096.7,30090.0
1685825100000,27096.7,27099.8,27055.2,27058.0,45944.0
1685826000000,27058.1,27079.1,26913.4,27015.0,267952.0
1685826900000,27015.0,27030.3,26991.8,27017.4,73675.0
1685827800000,27017.3,27017.3,26948.6,26975.1,74944.0
1685828700000,26975.1,27007.7,26975.1,27007.7,25807.0
1685829600000,27007.6,27046.5,27007.6,27040.9,45072.0
1685830500000,27040.9,27048.5,27038.0,27039.9,24935.0
1685831400000,27039.9,27082.0,27028.0,27066.1,34283.0
1685832300000,27066.0,27080.0,27058.0,27072.5,25669.0
1685833200000,27072.5,27085.3,27062.3,27074.9,23140.0
1685834100000,27075.0,27081.1,27064.0,27076.1,18734.0
1685835000000,27076.1,27087.5,27070.0,27072.6,20812.0
1685835900000,27072.6,27082.7,27051.7,27070.6,39146.0
1685836800000,27070.6,27073.0,27048.1,27052.1,36753.0
1685837700000,27052.0,27065.3,27040.1,27064.8,30480.0
1685838600000,27064.8,27065.2,27034.5,27042.5,31931.0
1685839500000,27042.5,27042.6,27003.4,27010.5,53199.0
1685840400000,27010.5,27045.7,26950.0,27032.1,171817.0
1685841300000,27032.0,27066.0,27030.0,27065.9,55442.0
1685842200000,27066.0,27081.7,27025.3,27039.8,55514.0
1685843100000,27039.8,27055.6,27025.3,27038.4,25643.0
1685844000000,27038.3,27054.4,27030.7,27050.1,19952.0
1685844900000,27050.1,27074.2,27033.1,27036.6,39141.0
1685845800000,27036.5,27065.6,27034.3,27060.1,42650.0
1685846700000,27060.1,27112.2,27060.0,27096.3,98541.0
1685847600000,27096.4,27096.4,27077.1,27089.2,32967.0
1685848500000,27089.1,27089.2,27048.6,27055.0,29054.0
1685849400000,27054.4,27076.5,27048.6,27075.4,24470.0
1685850300000,27075.4,27076.0,27059.6,27062.5,22311.0
1685851200000,27062.6,27080.0,27060.0,27073.4,16569.0
1685852100000,27073.4,27091.7,27070.7,27076.1,24486.0
1685853000000,27076.1,27093.0,27045.1,27050.0,67586.0
1685853900000,27050.0,27064.0,27045.2,27063.0,16974.0
1685854800000,27063.0,27063.1,27050.1,27056.5,12000.0
1685855700000,27056.4,27056.4,27033.7,27040.0,20636.0
1685856600000,27039.9,27043.4,27027.2,27041.2,18223.0
1685857500000,27041.1,27047.2,27040.0,27047.2,9059.0
1685858400000,27047.1,27100.0,27044.5,27099.7,76578.0
1685859300000,27099.7,27099.8,27075.4,27083.4,25804.0
1685860200000,27083.3,27127.7,27083.3,27118.3,75783.0
1685861100000,27118.4,27149.4,27115.0,27133.2,77773.0
1685862000000,27133.2,27155.4,27133.0,27149.1,89178.0
1685862900000,27149.1,27164.0,27135.4,27139.6,63419.0
1685863800000,27141.2,27158.2,27130.0,27138.0,48254.0
1685864700000,27138.0,27171.6,27130.0,27154.9,51318.0
1685865600000,27154.9,27166.8,27142.0,27152.0,55661.0
1685866500000,27152.0,27162.9,27120.8,27123.9,37240.0
1685867400000,27123.9,27155.5,27123.9,27151.2,30529.0
1685868300000,27151.2,27155.5,27142.1,27153.0,25151.0
1685869200000,27152.8,27197.0,27152.8,27197.0,91190.0
1685870100000,27196.9,27207.9,27174.2,27194.4,86474.0
1685871000000,27194.4,27256.2,27194.4,27222.1,148079.0
1685871900000,27222.1,27236.5,27208.2,27216.3,52039.0
1685872800000,27216.3,27223.9,27200.7,27207.8,43589.0
1685873700000,27207.9,27230.0,27190.5,27225.1,46317.0
1685874600000,27225.1,27225.1,27207.1,27207.2,21764.0
1685875500000,27207.2,27236.8,27207.1,27223.9,39680.0
1685876400000,27224.0,27239.1,27210.8,27231.1,35355.0
1685877300000,27231.1,27231.1,27215.8,27222.9,21392.0
1685878200000,27222.9,27227.9,27168.5,27189.7,54836.0
1685879100000,27189.7,27202.7,27176.4,27196.6,37608.0
1685880000000,27196.6,27196.6,27173.7,27193.5,35592.0
1685880900000,27193.5,27195.0,27155.0,27161.1,42296.0
1685881800000,27161.1,27220.2,27158.4,27213.1,91426.0
1685882700000,27213.2,27213.2,27204.3,27207.6,20970.0
1685883600000,27207.6,27214.9,27205.3,27207.9,14722.0
1685884500000,27208.0,27233.8,27207.9,27228.4,39368.0
1685885400000,27228.4,27274.6,27218.1,27250.0,99233.0
1685886300000,27250.0,27300.6,27237.1,27241.9,137125.0
1685887200000,27242.4,27252.0,27176.8,27215.4,225467.0
1685888100000,27215.5,27242.1,27183.3,27187.4,54593.0
1685889000000,27187.2,27252.0,27160.0,27229.5,138691.0
1685889900000,27227.4,27264.6,27226.8,27232.2,100070.0
1685890800000,27232.2,27249.8,27195.3,27196.1,42218.0
1685891700000,27196.0,27218.5,27184.7,27213.2,51501.0
1685892600000,27213.2,27225.0,27189.2,27200.1,28753.0
1685893500000,27200.0,27216.0,27176.0,27176.1,31925.0
1685894400000,27176.1,27192.1,27150.6,27190.2,109063.0
1685895300000,27191.0,27201.5,27161.5,27173.0,46861.0
1685896200000,27173.1,27187.6,27168.0,27182.2,17478.0
1685897100000,27182.3,27199.2,27153.6,27167.8,67001.0
1685898000000,27167.9,27212.0,27160.4,27190.0,50261.0
1685898900000,27190.0,27204.7,27189.9,27204.7,14830.0
1685899800000,27204.7,27205.2,27181.4,27192.0,19706.0
1685900700000,27192.0,27199.2,27171.0,27174.4,19101.0
1685901600000,27174.4,27211.2,27171.6,27201.2,28728.0
1685902500000,27201.2,27204.4,27188.8,27193.5,25802.0
1685903400000,27193.6,27194.0,27181.4,27181.4,19924.0
1685904300000,27181.5,27192.0,27175.9,27188.4,17407.0
1685905200000,27188.4,27199.8,27183.2,27188.0,19761.0
1685906100000,27187.9,27219.8,27187.0,27212.0,27274.0
1685907000000,27211.9,27217.5,27200.0,27214.9,21081.0
1685907900000,27214.9,27214.9,27197.2,27209.6,13177.0
1685908800000,27209.7,27219.6,27198.9,27217.0,18475.0
1685909700000,27217.0,27254.1,27210.7,27254.1,47642.0
1685910600000,27254.1,27254.1,27228.2,27242.9,12534.0
1685911500000,27242.9,27273.0,27235.0,27246.2,33276.0
1685912400000,27246.2,27285.6,27234.9,27260.1,32377.0
1685913300000,27260.1,27268.6,27239.8,27239.8,17951.0
1685914200000,27239.1,27239.2,27193.2,27204.0,39644.0
1685915100000,27203.9,27206.1,27185.3,27195.4,25763.0
1685916000000,27195.5,27281.0,27188.1,27275.4,56335.0
1685916900000,27275.4,27478.8,27206.7,27243.0,852801.0
1685917800000,27243.1,27327.1,27200.0,27303.0,254128.0
1685918700000,27303.0,27336.6,27223.0,27230.1,196726.0
1685919600000,27231.5,27319.8,27231.5,27288.3,117093.0
1685920500000,27288.4,27292.7,27132.1,27137.9,266961.0
1685921400000,27137.9,27184.2,27111.0,27159.9,173485.0
1685922300000,27159.9,27159.9,27034.6,27116.5,288651.0
1685923200000,27116.5,27128.5,27067.3,27094.1,131965.0
1685924100000,27094.1,27129.0,27038.0,27128.7,150379.0
1685925000000,27128.6,27128.7,27061.4,27089.9,81868.0
1685925900000,27089.8,27089.9,26963.0,27028.6,327910.0
1685926800000,27028.6,27042.9,26973.7,27008.3,123339.0
1685927700000,27008.2,27056.6,26950.0,27051.3,137441.0
1685928600000,27051.3,27051.3,27016.4,27032.1,47328.0
1685929500000,27032.0,27064.9,27015.0,27055.7,63336.0
1685930400000,27055.6,27086.9,27043.8,27075.7,60109.0
1685931300000,27075.7,27080.0,27062.0,27070.0,30830.0
1685932200000,27070.0,27070.0,27021.0,27024.7,59498.0
1685933100000,27024.7,27027.3,26856.0,26932.3,469319.0
1685934000000,26932.3,26932.3,26833.0,26867.7,496994.0
1685934900000,26867.7,26900.0,26795.0,26898.1,326937.0
1685935800000,26898.1,26904.5,26850.1,26880.0,99653.0
1685936700000,26880.0,26880.0,26832.3,26850.5,71146.0
1685937600000,26850.5,26880.0,26813.1,26863.3,68484.0
1685938500000,26863.9,26874.0,26826.8,26835.1,44419.0
1685939400000,26835.0,26859.9,26802.0,26831.4,102723.0
1685940300000,26831.3,26851.2,26767.8,26848.2,202320.0
1685941200000,26848.5,26848.5,26764.1,26802.4,130022.0
1685942100000,26802.4,26828.1,26744.8,26828.0,218084.0
1685943000000,26828.0,26854.4,26808.1,26827.8,76693.0
1685943900000,26827.9,26848.7,26814.6,26830.6,77420.0
1685944800000,26830.5,26834.2,26808.2,26819.9,99862.0
1685945700000,26819.8,26847.6,26790.3,26821.9,79801.0
1685946600000,26821.9,26821.9,26776.7,26800.0,111061.0
1685947500000,26799.9,26803.9,26770.0,26775.8,64135.0
1685948400000,26775.7,26799.9,26750.0,26799.8,88750.0
1685949300000,26799.8,26838.0,26777.1,26837.9,82972.0
1685950200000,26837.9,26841.3,26825.3,26833.2,44737.0
1685951100000,26833.3,26841.6,26826.3,26839.0,32721.0
1685952000000,26839.0,26847.7,26825.3,26834.8,68121.0
1685952900000,26834.8,26834.9,26798.6,26815.3,48647.0
1685953800000,26815.4,26828.0,26811.0,26826.5,15984.0
1685954700000,26826.6,26827.5,26792.3,26801.7,58321.0
1685955600000,26801.8,26830.0,26708.0,26815.4,330583.0
1685956500000,26815.4,26818.7,26766.3,26789.3,99134.0
1685957400000,26789.4,26789.5,26778.4,26778.5,67722.0
1685958300000,26778.5,26790.6,26778.4,26782.1,53861.0
1685959200000,26782.1,26795.3,26774.0,26778.7,65357.0
1685960100000,26778.6,26783.0,26724.8,26734.9,198290.0
1685961000000,26734.8,26765.2,26710.5,26737.1,120270.0
1685961900000,26737.1,26762.8,26709.5,26709.5,83898.0
1685962800000,26709.5,26769.0,26650.3,26750.9,306310.0
1685963700000,26751.0,26785.0,26730.0,26781.1,83155.0
1685964600000,26781.1,26793.2,26756.8,26791.1,65930.0
1685965500000,26791.1,26793.2,26770.5,26771.2,39679.0
1685966400000,26771.1,26784.0,26758.1,26772.0,58561.0
1685967300000,26772.1,26787.9,26720.6,26737.5,74840.0
1685968200000,26737.5,26750.0,26676.0,26707.7,165705.0
1685969100000,26707.6,26724.6,26650.0,26695.0,253421.0
1685970000000,26695.0,26735.0,26635.0,26727.1,222796.0
1685970900000,26726.1,26735.0,26683.2,26718.0,90349.0
1685971800000,26718.0,26759.9,26718.0,26758.7,135449.0
1685972700000,26758.7,26761.6,26716.8,26723.3,88732.0
1685973600000,26723.4,26818.1,26714.1,26720.0,252359.0
1685974500000,26720.0,26784.9,26703.0,26758.5,107624.0
1685975400000,26758.5,26797.9,26737.0,26788.0,87906.0
1685976300000,26788.0,26809.3,26776.6,26800.0,122860.0
1685977200000,26800.0,26809.2,26550.0,26695.3,1131277.0
1685978100000,26695.2,26711.2,26361.9,26480.5,1851741.0
1685979000000,26480.4,26487.7,26319.1,26435.2,678629.0
1685979900000,26435.2,26455.3,25961.4,25972.0,2047585.0
1685980800000,25972.1,26069.7,25388.0,25911.5,4708965.0
1685981700000,25912.0,25947.9,25750.0,25865.6,748286.0
1685982600000,25864.6,25864.6,25766.1,25812.5,316898.0
1685983500000,25813.7,25822.0,25601.6,25808.1,438520.0
1685984400000,25808.2,25812.8,25697.1,25697.2,166499.0
1685985300000,25697.2,25743.9,25577.0,25649.3,324406.0
1685986200000,25649.3,25781.2,25573.0,25779.0,268267.0
1685987100000,25779.1,25788.0,25722.0,25753.2,146703.0
1685988000000,25753.2,25753.2,25658.1,25734.0,157214.0
1685988900000,25733.8,25740.0,25620.3,25645.7,162197.0
1685989800000,25645.6,25654.3,25581.0,25608.2,169461.0
1685990700000,25608.2,25626.4,25520.0,25567.5,179866.0
1685991600000,25567.4,25587.4,25371.0,25536.9,589942.0
1685992500000,25536.8,25546.1,25394.0,25443.1,213726.0
1685993400000,25443.1,25555.0,25435.6,25509.5,126411.0
1685994300000,25509.4,25638.0,25498.0,25631.0,195060.0
1685995200000,25633.0,25680.0,25611.1,25655.0,107425.0
1685996100000,25655.0,25676.0,25618.3,25638.5,69842.0
1685997000000,25638.6,25657.5,25585.5,25592.2,88598.0
1685997900000,25592.5,25636.0,25592.5,25636.0,40979.0
1685998800000,25635.9,25636.0,25580.5,25592.5,46840.0
1685999700000,25592.6,25599.2,25504.5,25598.0,147223.0
1686000600000,25598.0,25598.1,25511.6,25541.1,79286.0
1686001500000,25541.0,25680.3,25536.4,25654.6,114191.0
1686002400000,25654.6,25680.0,25644.0,25663.5,63106.0
1686003300000,25663.6,25737.2,25654.1,25706.2,127493.0
1686004200000,25706.2,25768.3,25688.7,25761.1,87688.0
1686005100000,25760.9,25761.2,25696.2,25704.8,63327.0
1686006000000,25704.8,25751.0,25691.7,25740.3,75727.0
1686006900000,25740.4,25849.4,25740.0,25848.4,187385.0
1686007800000,25848.5,25857.0,25786.1,25802.5,101522.0
1686008700000,25802.6,25802.6,25706.0,25723.8,116832.0
1686009600000,25725.8,25745.9,25692.7,25728.1,108872.0
1686010500000,25728.0,25753.5,25709.2,25709.2,76208.0
1686011400000,25709.2,25746.9,25700.4,25731.5,59796.0
1686012300000,25731.4,25732.2,25669.8,25690.7,90512.0
1686013200000,25690.6,25699.9,25650.2,25656.3,66271.0
1686014100000,25655.1,25676.0,25626.2,25638.3,112020.0
1686015000000,25638.3,25666.8,25606.7,25653.5,61789.0
1686015900000,25653.0,25656.0,25620.3,25637.4,68949.0
1686016800000,25637.4,25670.0,25600.0,25664.6,81808.0
1686017700000,25664.6,25759.9,25660.2,25749.6,142011.0
1686018600000,25749.5,25787.7,25738.0,25753.5,115993.0
1686019500000,25753.5,25766.1,25741.3,25766.0,40792.0
1686020400000,25766.0,25766.1,25731.3,25748.0,48535.0
1686021300000,25747.9,25763.4,25728.0,25762.3,24878.0
1686022200000,25762.3,25765.5,25714.9,25739.9,47250.0
1686023100000,25739.9,25739.9,25710.0,25727.1,53836.0
1686024000000,25727.1,25738.9,25721.1,25730.2,23473.0
1686024900000,25730.2,25764.9,25719.5,25760.4,39951.0
1686025800000,25760.4,25787.7,25755.4,25772.8,60056.0
1686026700000,25772.7,25806.3,25769.2,25793.2,94745.0
1686027600000,25793.2,25815.0,25779.5,25787.9,73068.0
1686028500000,25788.0,25789.4,25752.2,25757.5,52265.0
1686029400000,25757.6,25788.8,25750.0,25784.8,57452.0
1686030300000,25784.8,25792.0,25752.3,25767.2,53745.0
1686031200000,25767.2,25767.2,25747.0,25761.7,36927.0
1686032100000,25761.6,25780.0,25756.7,25760.0,25645.0
1686033000000,25759.9,25767.3,25743.3,25751.5,67430.0
1686033900000,25751.3,25825.0,25751.3,25770.0,353692.0
1686034800000,25770.0,25796.3,25770.0,25778.5,40747.0
1686035700000,25778.5,25810.0,25778.4,25795.9,63980.0
1686036600000,25796.0,25809.7,25739.9,25742.9,63324.0
1686037500000,25742.3,25754.4,25708.0,25727.4,97198.0
1686038400000,25727.3,25751.7,25699.7,25707.7,73060.0
1686039300000,25707.7,25710.9,25673.0,25689.7,151260.0
1686040200000,25689.8,25719.4,25689.7,25718.1,74064.0
1686041100000,25718.0,25733.2,25701.1,25705.0,45406.0
1686042000000,25705.1,25713.4,25702.6,25709.1,21940.0
1686042900000,25709.0,25736.0,25691.2,25734.9,33794.0
1686043800000,25734.9,25759.7,25715.4,25753.5,71664.0
1686044700000,25753.5,25788.0,25744.3,25750.9,63102.0
1686045600000,25751.4,25770.0,25747.4,25767.7,40149.0
1686046500000,25767.8,25794.0,25756.2,25759.8,54344.0
1686047400000,25759.9,25783.4,25759.8,25782.9,21118.0
1686048300000,25783.0,25795.0,25740.7,25742.9,38446.0
1686049200000,25743.0,25751.9,25715.1,25715.1,46305.0
1686050100000,25715.1,25723.1,25688.5,25690.3,70914.0
1686051000000,25690.3,25706.5,25634.6,25670.2,143635.0
1686051900000,25670.2,25708.0,25660.2,25688.5,95935.0
1686052800000,25688.5,25704.9,25343.7,25468.8,1132761.0
1686053700000,25468.8,25732.7,25455.9,25555.6,897176.0
1686054600000,25555.6,25612.0,25470.0,25594.0,460174.0
1686055500000,25593.1,25639.9,25504.0,25538.5,265029.0
1686056400000,25538.5,25575.6,25470.0,25484.3,250687.0
1686057300000,25484.3,25583.2,25390.0,25542.6,455298.0
1686058200000,25542.6,25684.8,25480.0,25644.9,422847.0
1686059100000,25645.0,25783.0,25624.1,25730.1,661322.0
1686060000000,25730.1,26130.6,25730.1,25915.0,2210418.0
1686060900000,25914.1,25988.0,25852.4,25915.5,481420.0
1686061800000,25915.5,26044.4,25882.5,26008.0,429779.0
1686062700000,26008.0,26062.5,25962.0,26025.5,274089.0
1686063600000,26025.6,26079.7,25974.6,25983.5,274724.0
1686064500000,25983.6,26005.4,25925.5,25942.3,273428.0
1686065400000,25942.8,26032.7,25942.7,26020.0,109153.0
1686066300000,26020.0,26163.0,26016.6,26065.6,491563.0
1686067200000,26065.6,26217.6,26064.1,26147.8,635805.0
1686068100000,26147.9,26250.0,26124.0,26204.6,369415.0
1686069000000,26204.6,26220.0,26147.8,26165.1,133636.0
1686069900000,26165.1,26411.4,26141.0,26366.7,926820.0
1686070800000,26366.6,26494.7,26283.7,26456.9,783692.0
1686071700000,26457.4,26749.6,26386.5,26701.7,1717579.0
1686072600000,26701.6,26784.3,26585.2,26688.0,902031.0
1686073500000,26688.0,26735.9,26646.8,26670.9,443992.0
1686074400000,26670.9,26739.6,26637.0,26715.6,271241.0
1686075300000,26715.7,26758.2,26703.8,26743.8,149190.0
1686076200000,26743.8,26779.9,26667.8,26729.8,254478.0
1686077100000,26729.9,26737.8,26667.9,26696.0,99897.0
1686078000000,26696.1,26747.4,26688.0,26732.1,76498.0
1686078900000,26732.1,26984.2,26716.8,26913.6,938386.0
1686079800000,26913.6,26964.5,26868.9,26919.1,315000.0
1686080700000,26919.1,27233.9,26895.5,27082.0,1422116.0
1686081600000,27082.0,27193.2,27062.6,27156.1,330819.0
1686082500000,27156.1,27249.7,26890.4,26999.9,955093.0
1686083400000,26999.9,27019.1,26926.1,26944.2,292007.0
1686084300000,26944.2,27004.4,26936.3,26948.7,142300.0
1686085200000,26949.2,27077.9,26949.2,27054.4,174583.0
1686086100000,27054.5,27059.6,27001.1,27015.0,56778.0
1686087000000,27014.3,27065.0,26950.2,27047.7,77082.0
1686087900000,27047.8,27099.9,27022.9,27065.4,70169.0
1686088800000,27065.3,27093.1,27050.2,27075.0,99057.0
1686089700000,27075.1,27075.1,27044.3,27055.5,46606.0
1686090600000,27055.5,27129.2,27052.1,27122.4,96534.0
1686091500000,27122.5,27195.8,27107.2,27150.7,130382.0
1686092400000,27150.8,27186.6,27119.7,27136.7,117950.0
1686093300000,27136.7,27373.0,27136.7,27297.5,586631.0
1686094200000,27297.5,27303.3,27150.0,27182.1,274041.0
1686095100000,27182.1,27253.5,27177.0,27232.9,146437.0
1686096000000,27232.9,27288.0,27178.4,27228.6,202235.0
1686096900000,27228.7,27248.7,27160.9,27204.1,142733.0
1686097800000,27204.1,27319.7,27190.5,27308.9,149390.0
1686098700000,27308.8,27402.1,27174.5,27178.1,450117.0
1686099600000,27178.1,27223.3,27110.0,27123.0,236484.0
1686100500000,27122.1,27154.6,27062.1,27101.8,262501.0
1686101400000,27101.7,27129.7,27059.0,27116.1,173909.0
1686102300000,27116.1,27117.4,27078.0,27084.0,65743.0
1686103200000,27084.0,27094.3,27029.6,27032.5,140890.0
1686104100000,27032.5,27042.0,26976.7,26991.3,230905.0
1686105000000,26991.4,27020.0,26917.3,27012.4,257427.0
1686105900000,27012.5,27012.5,26942.6,26943.8,93779.0
1686106800000,26943.9,26974.2,26873.4,26885.7,197917.0
1686107700000,26885.8,26932.3,26811.4,26824.8,287189.0
1686108600000,26824.8,26842.3,26730.0,26833.1,462469.0
1686109500000,26833.0,26934.9,26810.4,26909.8,284091.0
1686110400000,26909.8,26934.2,26880.5,26931.9,123760.0
1686111300000,26930.5,26964.8,26903.2,26928.8,118480.0
1686112200000,26928.7,26930.0,26888.0,26918.4,75316.0
1686113100000,26918.4,26959.7,26906.0,26930.1,66654.0
1686114000000,26930.2,26967.4,26930.1,26964.4,55136.0
1686114900000,26965.1,26984.5,26918.9,26946.0,82464.0
1686115800000,26946.0,26946.1,26906.2,26911.1,72576.0
1686116700000,26911.2,26927.1,26874.5,26914.5,98025.0
1686117600000,26914.6,26946.7,26903.4,26903.4,56985.0
1686118500000,26903.4,26936.0,26893.0,26908.0,57850.0
1686119400000,26907.9,26908.0,26805.3,26843.4,146609.0
1686120300000,26843.3,26885.8,26816.9,26830.3,90744.0
1686121200000,26830.4,26846.2,26778.1,26792.4,143702.0
1686122100000,26792.4,26846.0,26757.2,26846.0,153545.0
1686123000000,26846.2,26907.9,26833.8,26856.7,158496.0
1686123900000,26856.6,26866.8,26789.9,26806.6,105009.0
1686124800000,26806.7,26829.0,26767.3,26787.9,120543.0
1686125700000,26787.9,26831.0,26780.1,26800.3,67826.0
1686126600000,26800.3,26852.1,26788.0,26840.0,135358.0
1686127500000,26840.0,26846.0,26788.0,26820.0,87148.0
1686128400000,26820.0,26820.0,26762.1,26793.1,110081.0
1686129300000,26793.0,26793.0,26674.7,26721.6,338560.0
1686130200000,26721.6,26739.3,26630.0,26729.0,337585.0
1686131100000,26729.0,26732.4,26415.0,26488.1,1076073.0
1686132000000,26488.0,26569.6,26347.3,26522.5,1031319.0
1686132900000,26522.0,26588.9,26462.5,26586.4,332164.0
1686133800000,26586.4,26625.3,26517.9,26625.0,198938.0
1686134700000,26625.0,26637.0,26557.2,26594.1,100886.0
1686135600000,26594.1,26700.0,26579.7,26667.8,204201.0
1686136500000,26667.9,26815.1,26627.5,26746.9,453620.0
1686137400000,26747.5,26977.9,26747.5,26828.0,610647.0
1686138300000,26828.1,26900.0,26770.0,26897.9,269503.0
1686139200000,26897.5,26912.5,26785.1,26817.4,209342.0
1686140100000,26817.4,26830.0,26744.7,26808.1,201843.0
1686141000000,26808.0,26866.1,26782.7,26861.7,137285.0
1686141900000,26862.7,26875.0,26767.7,26802.4,142982.0
1686142800000,26802.5,26816.4,26745.1,26756.6,116952.0
1686143700000,26756.6,26797.9,26716.0,26758.1,217038.0
1686144600000,26758.1,26832.9,26666.0,26719.8,327078.0
1686145500000,26719.8,26868.0,26668.0,26818.2,377548.0
1686146400000,26818.1,26818.1,26707.7,26713.6,202016.0
1686147300000,26713.5,26713.5,26505.6,26655.6,760132.0
1686148200000,26655.7,26655.7,26388.0,26514.1,1112535.0
1686149100000,26514.6,26553.9,26339.0,26445.3,708055.0
1686150000000,26444.4,26549.0,26243.6,26528.9,934349.0
1686150900000,26530.4,26579.3,26476.0,26516.2,225269.0
1686151800000,26516.2,26680.4,26363.3,26382.3,728931.0
1686152700000,26382.3,26462.0,26268.2,26348.1,690414.0
1686153600000,26348.0,26414.7,26229.2,26284.4,509452.0
1686154500000,26284.3,26412.1,26253.2,26320.2,307315.0
1686155400000,26320.3,26428.2,26290.5,26407.7,224156.0
1686156300000,26407.6,26439.7,26323.6,26330.1,156033.0
1686157200000,26330.1,26440.1,26271.0,26374.6,471317.0
1686158100000,26374.6,26452.7,26352.8,26415.1,272950.0
1686159000000,26415.0,26561.5,26404.4,26530.0,315871.0
1686159900000,26530.0,26560.8,26466.0,26510.0,152667.0
1686160800000,26510.0,26536.4,26476.1,26536.4,79494.0
1686161700000,26536.4,26536.5,26468.3,26484.1,57431.0
1686162600000,26484.2,26515.0,26461.7,26472.4,43108.0
1686163500000,26471.5,26483.5,26440.6,26473.7,47706.0
1686164400000,26473.7,26513.9,26444.4,26500.1,71822.0
1686165300000,26500.0,26530.0,26461.2,26502.5,55317.0
1686166200000,26502.6,26518.9,26470.6,26513.9,50664.0
1686167100000,26514.0,26516.7,26454.7,26479.8,64935.0
1686168000000,26479.8,26495.1,26342.7,26363.1,115058.0
1686168900000,26365.9,26410.0,26317.0,26350.0,105666.0
1686169800000,26354.6,26395.7,26320.1,26354.6,38851.0
1686170700000,26354.5,26381.9,26334.1,26358.9,55115.0
1686171600000,26358.9,26426.6,26269.0,26426.2,173412.0
1686172500000,26426.2,26463.0,26407.6,26457.6,60249.0
1686173400000,26456.0,26456.0,26342.6,26380.0,101829.0
1686174300000,26382.2,26402.7,26118.2,26151.4,330288.0
1686175200000,26151.4,26349.2,26130.0,26337.1,304014.0
1686176100000,26337.0,26378.9,26261.5,26271.1,149136.0
1686177000000,26271.1,26319.1,26233.1,26242.1,90930.0
1686177900000,26242.1,26308.5,26240.0,26275.1,58643.0
1686178800000,26276.0,26316.8,26254.7,26267.7,63651.0
1686179700000,26267.7,26332.1,26266.9,26308.1,61836.0
1686180600000,26308.0,26355.0,26306.0,26344.5,58108.0
1686181500000,26344.4,26369.5,26332.4,26343.2,62339.0
1686182400000,26343.2,26388.0,26314.9,26329.8,118614.0
1686183300000,26329.8,26377.8,26304.9,26371.8,68484.0
1686184200000,26371.7,26437.1,26356.7,26376.1,173170.0
1686185100000,26376.1,26419.3,26362.0,26388.7,78276.0
1686186000000,26388.7,26460.0,26380.1,26456.1,109565.0
1686186900000,26456.1,26463.0,26419.8,26460.3,89555.0
1686187800000,26460.4,26464.5,26411.1,26442.0,49247.0
1686188700000,26442.0,26448.0,26421.0,26441.5,48396.0
1686189600000,26441.5,26445.4,26394.9,26412.0,56697.0
1686190500000,26412.0,26452.9,26387.6,26452.9,86209.0
1686191400000,26453.0,26453.0,26412.2,26428.9,36221.0
1686192300000,26429.0,26429.0,26363.3,26388.6,79422.0
1686193200000,26388.5,26388.5,26311.7,26349.1,113642.0
1686194100000,26350.0,26374.8,26208.8,26249.5,241050.0
1686195000000,26249.6,26298.8,26221.8,26288.6,252885.0
1686195900000,26288.7,26352.6,26270.5,26340.8,152651.0
1686196800000,26340.8,26396.2,26322.1,26393.1,144293.0
1686197700000,26392.1,26395.0,26368.1,26376.4,45072.0
1686198600000,26376.5,26428.5,26371.5,26371.5,83719.0
1686199500000,26371.6,26409.6,26365.2,26396.3,34274.0
1686200400000,26396.4,26435.2,26388.3,26426.2,66206.0
1686201300000,26428.5,26435.7,26396.1,26428.9,58360.0
1686202200000,26428.8,26435.8,26401.3,26408.2,47140.0
1686203100000,26408.2,26408.2,26339.2,26381.1,100324.0
1686204000000,26381.1,26381.1,26286.6,26313.3,159510.0
1686204900000,26313.3,26367.9,26309.4,26353.1,81797.0
1686205800000,26353.6,26499.2,26353.6,26472.0,232678.0
1686206700000,26472.1,26477.4,26409.7,26424.3,112069.0
1686207600000,26424.3,26450.0,26413.4,26449.8,49283.0
1686208500000,26449.8,26519.8,26423.8,26497.8,100078.0
1686209400000,26497.9,26519.7,26455.6,26459.8,129860.0
1686210300000,26459.9,26469.6,26420.1,26444.3,65038.0
1686211200000,26444.3,26448.9,26403.2,26414.0,66688.0
1686212100000,26414.0,26431.8,26414.0,26429.7,31195.0
1686213000000,26429.8,26454.4,26407.4,26454.4,47456.0
1686213900000,26454.4,26468.2,26427.6,26443.8,42366.0
1686214800000,26443.8,26448.0,26387.0,26397.9,68432.0
1686215700000,26397.9,26420.6,26397.9,26411.5,34512.0
1686216600000,26411.5,26423.9,26379.2,26417.9,58354.0
1686217500000,26417.9,26417.9,26371.1,26386.0,82986.0
1686218400000,26386.1,26402.0,26365.4,26398.0,49591.0
1686219300000,26397.9,26427.3,26375.6,26387.0,49899.0
1686220200000,26387.0,26482.2,26387.0,26477.4,60309.0
1686221100000,26476.0,26500.0,26436.5,26490.4,124726.0
1686222000000,26490.5,26508.8,26455.8,26470.9,83121.0
1686222900000,26470.9,26471.7,26426.5,26429.5,40604.0
1686223800000,26429.5,26452.6,26407.6,26444.9,57572.0
1686224700000,26444.9,26452.0,26425.4,26433.1,28420.0
1686225600000,26433.1,26446.0,26412.1,26423.1,45830.0
1686226500000,26423.2,26423.2,26370.2,26370.2,80668.0
1686227400000,26370.3,26595.9,26370.3,26496.0,522398.0
1686228300000,26496.0,26558.0,26465.0,26465.1,227801.0
1686229200000,26465.0,26483.4,26310.0,26382.7,541530.0
1686230100000,26382.6,26410.0,26333.0,26388.7,135283.0
1686231000000,26388.8,26476.2,26299.0,26447.6,371540.0
1686231900000,26447.5,26447.5,26353.3,26405.0,138712.0
1686232800000,26405.1,26424.0,26345.9,26419.9,116088.0
1686233700000,26420.0,26503.9,26395.0,26484.3,197768.0
1686234600000,26484.3,26693.7,26480.0,26586.5,929495.0
1686235500000,26586.5,26700.0,26563.5,26652.5,284191.0
1686236400000,26652.5,26683.6,26591.1,26610.4,169772.0
1686237300000,26609.7,26647.7,26588.1,26630.7,89653.0
1686238200000,26630.8,26774.4,26620.9,26725.7,245192.0
1686239100000,26725.7,26860.0,26685.0,26726.6,499146.0
1686240000000,26726.2,26740.5,26660.8,26684.4,168787.0
1686240900000,26684.3,26710.5,26600.2,26610.8,196622.0
1686241800000,26610.8,26623.6,26534.2,26545.2,254096.0
1686242700000,26545.2,26570.6,26415.0,26501.2,379925.0
1686243600000,26501.2,26517.6,26436.4,26486.1,117187.0
1686244500000,26486.1,26513.3,26482.8,26503.7,62131.0
1686245400000,26503.9,26504.0,26439.9,26454.1,71356.0
1686246300000,26455.0,26500.0,26434.8,26489.5,42743.0
1686247200000,26489.6,26494.6,26446.5,26459.7,34986.0
1686248100000,26459.7,26498.7,26450.0,26496.0,25553.0
1686249000000,26495.9,26579.9,26480.4,26570.0,107590.0
1686249900000,26570.1,26572.2,26520.3,26546.4,86502.0
1686250800000,26546.4,26568.5,26530.2,26537.9,31176.0
1686251700000,26537.9,26559.7,26522.0,26525.5,30753.0
1686252600000,26525.6,26545.5,26522.5,26525.3,30457.0
1686253500000,26525.3,26553.2,26518.6,26539.0,30063.0
1686254400000,26538.9,26555.0,26518.3,26545.3,19654.0
1686255300000,26545.4,26649.7,26540.0,26597.6,112798.0
1686256200000,26598.9,26643.9,26592.3,26607.1,46139.0
1686257100000,26607.2,26656.9,26604.1,26639.1,43146.0
1686258000000,26639.0,26649.3,26618.9,26638.5,33308.0
1686258900000,26638.6,26638.6,26585.4,26585.4,47243.0
1686259800000,26585.4,26592.0,26550.5,26591.1,48574.0
1686260700000,26591.0,26591.0,26558.0,26571.9,16327.0
1686261600000,26572.0,26593.3,26564.4,26588.0,32043.0
1686262500000,26587.9,26598.0,26582.8,26584.3,17789.0
1686263400000,26584.2,26600.0,26584.0,26588.4,28682.0
1686264300000,26588.4,26588.4,26522.3,26542.0,63674.0
1686265200000,26542.0,26543.9,26527.6,26527.7,28942.0
1686266100000,26527.6,26553.8,26491.1,26538.1,75535.0
1686267000000,26538.1,26538.1,26494.9,26512.1,48911.0
1686267900000,26512.1,26528.5,26488.0,26502.4,37128.0
1686268800000,26502.4,26514.4,26441.6,26497.8,176763.0
1686269700000,26497.8,26497.9,26427.2,26457.9,99529.0
1686270600000,26457.8,26479.9,26436.3,26466.9,54225.0
1686271500000,26467.4,26479.5,26435.1,26454.7,42500.0
1686272400000,26454.7,26491.7,26438.3,26482.1,51111.0
1686273300000,26482.2,26515.0,26482.1,26499.8,82412.0
1686274200000,26499.7,26598.0,26499.7,26569.8,168706.0
1686275100000,26569.8,26570.0,26500.1,26502.7,56132.0
1686276000000,26502.6,26533.2,26472.4,26509.9,110367.0
1686276900000,26509.8,26516.0,26279.0,26402.1,808181.0
1686277800000,26402.1,26427.3,26351.3,26410.0,173273.0
1686278700000,26409.9,26470.0,26388.0,26454.5,102018.0
1686279600000,26454.5,26482.3,26436.4,26466.4,84442.0
1686280500000,26466.4,26480.0,26451.2,26465.2,44887.0
1686281400000,26465.2,26496.9,26447.1,26478.2,54963.0
1686282300000,26478.2,26505.3,26472.9,26479.1,53049.0
1686283200000,26479.1,26482.6,26457.0,26467.3,38772.0
1686284100000,26467.3,26475.6,26418.8,26430.6,64865.0
1686285000000,26430.6,26461.9,26424.6,26448.0,40313.0
1686285900000,26448.0,26507.4,26447.1,26486.4,86378.0
1686286800000,26486.4,26505.0,26484.5,26505.0,36409.0
1686287700000,26505.0,26529.9,26474.7,26487.4,128506.0
1686288600000,26487.4,26495.0,26470.1,26475.8,29164.0
1686289500000,26475.8,26508.8,26474.8,26508.8,31668.0
1686290400000,26508.8,26508.8,26480.0,26489.3,32050.0
1686291300000,26489.3,26579.6,26489.3,26543.1,180338.0
1686292200000,26543.1,26564.3,26514.9,26564.3,49108.0
1686293100000,26564.4,26564.4,26481.5,26497.3,57239.0
1686294000000,26497.3,26507.8,26480.1,26484.2,46177.0
1686294900000,26484.2,26484.3,26444.1,26473.9,84141.0
1686295800000,26473.6,26486.8,26439.9,26458.8,81077.0
1686296700000,26458.8,26501.5,26454.4,26498.2,56734.0
1686297600000,26498.3,26528.4,26490.9,26520.3,59473.0
1686298500000,26520.4,26620.0,26520.4,26600.1,345441.0
1686299400000,26600.0,26607.0,26567.8,26577.9,108781.0
1686300300000,26577.9,26654.0,26577.9,26643.9,187166.0
1686301200000,26644.0,26648.0,26600.4,26624.8,83697.0
1686302100000,26624.8,26632.0,26589.5,26597.8,55628.0
1686303000000,26597.8,26649.0,26597.8,26632.9,68293.0
1686303900000,26632.9,26692.8,26621.0,26638.1,161924.0
1686304800000,26639.9,26674.2,26616.7,26620.4,61024.0
1686305700000,26620.4,26645.5,26611.0,26614.3,43404.0
1686306600000,26614.3,26648.3,26602.9,26630.0,52502.0
1686307500000,26630.0,26679.8,26628.9,26633.5,63308.0
1686308400000,26633.5,26638.9,26602.6,26609.3,43169.0
1686309300000,26609.3,26616.0,26585.0,26590.2,70947.0
1686310200000,26590.2,26591.9,26560.1,26584.3,88291.0
1686311100000,26584.3,26651.8,26584.3,26611.0,109318.0
1686312000000,26611.0,26666.0,26611.0,26648.8,72604.0
1686312900000,26648.8,26674.9,26623.0,26638.5,62452.0
1686313800000,26638.5,26667.3,26630.0,26648.1,57201.0
1686314700000,26648.0,26713.0,26624.3,26679.5,162797.0
1686315600000,26679.4,26706.6,26663.3,26700.6,100381.0
1686316500000,26700.7,26788.0,26686.6,26690.9,328148.0
1686317400000,26690.8,26716.7,26633.3,26635.7,171013.0
1686318300000,26635.8,26677.5,26634.0,26640.6,86341.0
1686319200000,26640.5,26670.0,26602.1,26649.6,114903.0
1686320100000,26649.6,26716.0,26649.6,26690.4,112566.0
1686321000000,26690.4,26695.3,26562.4,26592.9,184759.0
1686321900000,26592.3,26620.0,26533.1,26594.9,234762.0
1686322800000,26594.9,26627.2,26575.5,26608.4,61817.0
1686323700000,26608.3,26635.8,26577.0,26581.3,107202.0
1686324600000,26581.3,26609.2,26578.7,26591.7,66156.0
1686325500000,26591.6,26591.6,26451.0,26478.0,472872.0
1686326400000,26477.9,26518.8,26436.3,26518.8,232540.0
1686327300000,26518.9,26531.6,26445.0,26492.0,95489.0
1686328200000,26492.0,26518.5,26456.6,26479.2,73688.0
1686329100000,26479.3,26488.3,26445.0,26485.1,89627.0
1686330000000,26484.4,26484.4,26416.1,26435.1,105352.0
1686330900000,26435.0,26510.5,26432.9,26486.0,79535.0
1686331800000,26486.0,26516.6,26472.1,26509.5,59638.0
1686332700000,26509.6,26509.7,26472.9,26497.1,39240.0
1686333600000,26497.1,26521.1,26478.3,26478.3,37703.0
1686334500000,26478.3,26486.8,26448.0,26462.0,62006.0
1686335400000,26461.9,26473.6,26410.4,26469.9,72022.0
1686336300000,26469.9,26470.0,26424.2,26457.2,41189.0
1686337200000,26457.2,26494.4,26388.1,26437.5,133449.0
1686338100000,26437.4,26455.4,26388.0,26419.3,68757.0
1686339000000,26419.2,26452.8,26403.9,26438.6,54868.0
1686339900000,26438.6,26438.6,26385.4,26412.1,70081.0
1686340800000,26412.3,26469.8,26398.3,26450.4,64232.0
1686341700000,26450.3,26474.0,26430.0,26465.3,30463.0
1686342600000,26465.2,26473.7,26443.0,26454.8,33071.0
1686343500000,26455.4,26469.1,26445.4,26457.1,26218.0
1686344400000,26457.0,26470.0,26457.0,26468.3,20871.0
1686345300000,26468.2,26471.9,26454.2,26456.7,17247.0
1686346200000,26456.6,26510.0,26450.1,26499.8,64515.0
1686347100000,26499.8,26499.9,26483.2,26483.3,8769.0
1686348000000,26483.2,26506.2,26483.2,26492.8,25573.0
1686348900000,26492.8,26492.9,26467.6,26470.4,18593.0
1686349800000,26470.4,26485.5,26464.0,26468.7,15334.0
1686350700000,26468.6,26501.8,26468.6,26498.3,21795.0
1686351600000,26498.2,26502.2,26490.7,26490.8,11869.0
1686352500000,26490.7,26490.8,26461.7,26473.7,35555.0
1686353400000,26473.6,26473.6,26460.0,26467.9,25191.0
1686354300000,26467.9,26494.4,26467.9,26488.0,25727.0
1686355200000,26488.0,26490.1,26477.0,26479.8,24079.0
1686356100000,26479.9,26494.4,26462.7,26471.4,30230.0
1686357000000,26471.3,26489.0,26459.9,26489.0,19898.0
1686357900000,26489.0,26493.8,26450.5,26459.7,27268.0
1686358800000,26459.7,26541.6,26396.8,26507.2,167698.0
1686359700000,26508.7,26508.8,26452.0,26488.0,52560.0
1686360600000,26488.0,26505.3,26431.6,26441.9,43571.0
1686361500000,26441.9,26471.7,26309.0,26395.9,326836.0
1686362400000,26395.9,26434.2,26381.6,26434.1,95239.0
1686363300000,26434.1,26435.0,26389.3,26428.4,46708.0
1686364200000,26428.3,26428.3,26288.0,26351.2,192121.0
1686365100000,26351.2,26400.0,26280.0,26325.9,255001.0
1686366000000,26325.8,26368.3,26319.9,26334.5,100897.0
1686366900000,26334.5,26370.2,26314.6,26331.6,78940.0
1686367800000,26331.6,26358.2,26256.3,26350.7,165480.0
1686368700000,26350.7,26367.3,26307.3,26322.7,76292.0
1686369600000,26322.7,26357.0,26304.7,26337.8,73081.0
1686370500000,26337.7,26337.7,25746.8,25855.0,2613170.0
1686371400000,25855.0,25972.4,25709.2,25838.4,1133097.0
1686372300000,25838.4,25909.9,25755.0,25770.8,483382.0
1686373200000,25770.9,25813.1,25572.0,25621.2,1271866.0
1686374100000,25621.2,25700.0,25488.8,25613.6,552679.0
1686375000000,25613.5,25684.8,25530.6,25661.2,377543.0
1686375900000,25660.7,25660.7,25450.5,25520.0,641830.0
1686376800000,25518.0,25595.0,25490.1,25550.0,243536.0
1686377700000,25550.1,25643.2,25523.1,25630.9,313879.0
1686378600000,25630.8,25630.8,25501.5,25570.3,237789.0
1686379500000,25570.2,25580.0,25456.2,25540.3,276149.0
1686380400000,25540.3,25599.2,25488.2,25593.5,260290.0
1686381300000,25593.3,25732.5,25523.3,25689.0,484024.0
1686382200000,25688.0,25740.0,25648.2,25707.2,277935.0
1686383100000,25707.2,25709.3,25626.0,25646.0,201304.0
1686384000000,25646.0,25649.8,25564.3,25632.0,282648.0
1686384900000,25632.1,25719.4,25621.9,25712.4,129424.0
1686385800000,25712.3,25751.2,25682.1,25723.9,155091.0
1686386700000,25724.3,25724.3,25655.2,25673.0,187641.0
1686387600000,25672.9,25686.5,25648.0,25686.5,87399.0
1686388500000,25686.8,25687.0,25622.9,25632.4,86073.0
1686389400000,25632.4,25657.8,25611.0,25657.8,52569.0
1686390300000,25657.8,25688.0,25649.9,25658.0,52076.0
1686391200000,25658.0,25667.9,25640.2,25645.0,78489.0
1686392100000,25645.0,25673.4,25593.2,25639.9,75047.0
1686393000000,25639.9,25668.3,25628.8,25661.8,60223.0
1686393900000,25661.8,25703.7,25654.1,25699.7,68721.0
1686394800000,25699.6,25715.6,25680.0,25680.1,57750.0
1686395700000,25680.2,25688.3,25656.8,25682.1,48694.0
1686396600000,25682.0,25722.3,25661.7,25708.0,111361.0
1686397500000,25708.0,25735.0,25703.4,25729.2,65004.0
1686398400000,25729.2,25729.2,25656.4,25670.7,97897.0
1686399300000,25670.7,25672.6,25627.6,25638.8,86029.0
1686400200000,25637.9,25673.3,25616.0,25653.0,120099.0
1686401100000,25653.1,25672.0,25610.0,25616.6,67213.0
1686402000000,25616.7,25634.0,25573.5,25612.4,131865.0
1686402900000,25614.9,25662.1,25606.6,25660.9,63666.0
1686403800000,25660.0,25670.0,25640.5,25661.7,37520.0
1686404700000,25661.9,25662.0,25623.6,25656.0,66843.0
1686405600000,25655.9,25706.0,25638.8,25660.0,102393.0
1686406500000,25660.1,25700.0,25641.4,25647.1,92409.0
1686407400000,25647.1,25662.1,25624.0,25635.4,62697.0
1686408300000,25635.4,25672.9,25622.5,25666.1,32949.0
1686409200000,25665.7,25680.0,25647.0,25662.4,26218.0
1686410100000,25663.6,25675.2,25644.0,25672.0,24945.0
1686411000000,25672.0,25673.5,25627.0,25636.9,35547.0
1686411900000,25639.0,25647.9,25592.7,25633.9,75904.0
1686412800000,25634.0,25653.3,25590.4,25600.1,110176.0
1686413700000,25600.1,25619.8,25593.0,25610.0,66128.0
1686414600000,25609.9,25650.0,25593.0,25614.7,92362.0
1686415500000,25614.6,25619.1,25582.1,25592.8,87907.0
1686416400000,25592.7,25790.2,25365.2,25680.5,1064245.0
1686417300000,25680.4,25887.7,25648.9,25822.1,659629.0
1686418200000,25822.0,26146.1,25816.1,26139.9,1120344.0
1686419100000,26140.0,26158.0,25866.7,26019.9,785091.0
1686420000000,26019.9,26043.9,25890.5,25948.1,235295.0
1686420900000,25948.1,25948.1,25344.6,25623.7,1308521.0
1686421800000,25623.7,25775.6,25593.3,25692.7,435971.0
1686422700000,25693.4,25718.4,25528.7,25542.3,318549.0
1686423600000,25544.1,25662.2,25541.2,25572.0,237925.0
1686424500000,25572.0,25655.2,25558.8,25615.5,122139.0
1686425400000,25614.3,25690.0,25606.2,25673.2,86899.0
1686426300000,25673.2,25750.0,25662.4,25747.1,103763.0
1686427200000,25747.0,25758.4,25676.0,25699.3,105965.0
1686428100000,25700.1,25735.0,25691.1,25732.0,49908.0
1686429000000,25732.1,25884.8,25704.5,25789.2,463007.0
1686429900000,25789.2,25801.0,25699.8,25749.2,121830.0
1686430800000,25749.3,25761.6,25700.0,25720.2,83642.0
1686431700000,25720.3,25750.7,25690.4,25719.8,67464.0
1686432600000,25719.8,25778.1,25714.4,25769.8,42594.0
1686433500000,25769.8,25838.4,25746.0,25760.9,74945.0
1686434400000,25760.8,25774.5,25745.7,25767.3,33120.0
1686435300000,25767.2,25854.6,25761.0,25819.7,94941.0
1686436200000,25823.7,25930.2,25823.7,25906.6,179533.0
1686437100000,25906.6,25906.6,25850.1,25873.8,45957.0
1686438000000,25873.8,25889.4,25834.4,25857.4,67194.0
1686438900000,25858.3,25881.1,25842.1,25857.2,34403.0
1686439800000,25857.3,25873.9,25832.6,25852.0,40010.0
1686440700000,25852.1,25864.0,25821.3,25837.9,52312.0
1686441600000,25837.9,25851.4,25770.4,25796.2,120110.0
1686442500000,25796.2,25834.8,25765.3,25824.2,72816.0
1686443400000,25824.2,25843.9,25729.6,25745.5,89136.0
1686444300000,25745.4,25783.5,25745.4,25752.5,58654.0
1686445200000,25752.6,25780.0,25716.1,25775.0,45616.0
1686446100000,25775.0,25790.8,25742.7,25775.2,48010.0
1686447000000,25775.2,25868.0,25775.2,25823.8,125358.0
1686447900000,25823.7,25850.0,25796.5,25824.6,43192.0
1686448800000,25824.7,25829.8,25779.2,25779.2,51067.0
1686449700000,25778.5,25779.0,25750.0,25761.0,33059.0
1686450600000,25761.0,25792.1,25761.0,25792.1,24660.0
1686451500000,25792.0,25801.4,25752.0,25768.0,44860.0
1686452400000,25768.0,25770.6,25727.1,25739.0,56688.0
1686453300000,25739.0,25762.0,25736.0,25751.9,45131.0
1686454200000,25751.9,25776.8,25718.9,25753.3,59375.0
1686455100000,25753.3,25759.9,25693.0,25730.9,81999.0
1686456000000,25730.9,25730.9,25687.9,25709.4,90055.0
1686456900000,25709.1,25794.5,25640.0,25694.4,373744.0
1686457800000,25694.4,25709.6,25674.5,25701.4,116430.0
1686458700000,25701.5,25765.0,25701.5,25731.3,119058.0
1686459600000,25732.0,25753.4,25732.0,25751.9,54787.0
1686460500000,25752.0,25762.0,25737.8,25749.0,62010.0
1686461400000,25749.0,25829.0,25740.0,25784.6,125439.0
1686462300000,25784.7,25839.7,25775.8,25819.1,95438.0
1686463200000,25819.1,25822.0,25792.6,25803.1,70247.0
1686464100000,25803.1,25818.1,25775.6,25793.6,45118.0
1686465000000,25793.7,25794.7,25767.2,25783.1,41064.0
1686465900000,25783.1,25796.1,25777.2,25788.7,21513.0
1686466800000,25788.7,25805.5,25782.5,25788.8,29940.0
1686467700000,25788.8,25794.7,25769.1,25784.0,34006.0
1686468600000,25784.3,25787.1,25739.8,25750.0,63248.0
1686469500000,25750.0,25760.9,25738.7,25741.8,43665.0
1686470400000,25741.8,25758.0,25735.6,25750.8,36174.0
1686471300000,25750.9,25777.6,25736.1,25736.2,27365.0
1686472200000,25736.2,25748.2,25690.9,25723.0,83500.0
1686473100000,25723.9,25739.2,25711.9,25737.4,36540.0
1686474000000,25737.4,25743.5,25723.6,25726.2,23294.0
1686474900000,25726.2,25777.0,25726.1,25768.3,49524.0
1686475800000,25768.3,25770.6,25750.0,25755.0,34373.0
1686476700000,25755.0,25756.0,25701.1,25709.9,74434.0
1686477600000,25709.9,25735.0,25703.5,25729.8,29912.0
1686478500000,25729.8,25737.6,25718.1,25728.0,23222.0
1686479400000,25728.1,25766.8,25723.2,25764.3,42718.0
1686480300000,25764.3,25809.4,25762.9,25781.8,101259.0
1686481200000,25781.9,25791.5,25764.2,25773.2,45753.0
1686482100000,25773.3,25827.0,25761.1,25801.9,60431.0
1686483000000,25802.0,25850.0,25801.9,25832.5,85992.0
1686483900000,25832.4,25832.5,25796.0,25798.3,38425.0
1686484800000,25798.3,25800.9,25784.0,25784.8,39401.0
1686485700000,25784.8,25794.8,25774.0,25789.0,25162.0
1686486600000,25789.0,25789.0,25752.4,25782.7,41937.0
1686487500000,25782.7,25785.9,25752.0,25752.1,30685.0
1686488400000,25752.1,25767.4,25740.3,25762.1,28189.0
1686489300000,25762.1,25779.3,25736.6,25752.1,45923.0
1686490200000,25752.1,25778.0,25743.2,25770.0,28729.0
1686491100000,25769.1,25769.1,25680.0,25708.5,164752.0
1686492000000,25708.6,25738.5,25701.0,25730.5,58511.0
1686492900000,25730.5,25815.0,25724.0,25736.7,108849.0
1686493800000,25736.7,25753.2,25720.0,25746.5,35278.0
1686494700000,25746.4,25775.0,25726.0,25759.2,33609.0
1686495600000,25759.3,25778.2,25743.0,25763.8,43295.0
1686496500000,25763.8,25782.1,25742.2,25773.1,26609.0
1686497400000,25773.1,25775.5,25742.2,25750.4,28983.0
1686498300000,25749.9,25771.9,25733.6,25754.4,51334.0
1686499200000,25754.5,25793.0,25743.1,25786.0,54027.0
1686500100000,25784.8,25906.4,25784.8,25833.4,309821.0
1686501000000,25833.4,25960.0,25831.0,25944.5,234620.0
1686501900000,25944.5,25966.1,25855.0,25873.3,211451.0
1686502800000,25873.4,26040.0,25834.2,25938.7,437281.0
1686503700000,25938.7,25999.0,25882.0,25990.0,176401.0
1686504600000,25990.0,26087.0,25920.3,25945.9,358297.0
1686505500000,25946.0,25958.1,25893.8,25943.4,90094.0
1686506400000,25944.9,26049.8,25926.1,25988.3,123653.0
1686507300000,25988.2,26029.8,25950.1,25953.2,59282.0
1686508200000,25953.1,26023.2,25952.8,25982.4,64876.0
1686509100000,25982.5,26030.0,25950.6,25976.7,69809.0
1686510000000,25976.6,25998.0,25935.0,25995.0,47912.0
1686510900000,25995.0,26112.9,25980.1,26061.2,251478.0
1686511800000,26061.3,26106.7,26033.0,26084.1,86424.0
1686512700000,26084.1,26085.3,26025.0,26030.3,51503.0
1686513600000,26030.3,26208.4,26030.3,26140.1,474414.0
1686514500000,26142.0,26165.0,26075.9,26096.1,131495.0
1686515400000,26096.1,26127.1,26073.5,26122.0,69720.0
1686516300000,26122.0,26135.0,26093.3,26122.5,46928.0
1686517200000,26122.5,26136.0,26100.0,26107.3,44476.0
1686518100000,26107.3,26126.4,26077.0,26088.8,34212.0
1686519000000,26088.8,26100.0,25971.1,26027.2,188677.0
1686519900000,26027.3,26043.4,26027.2,26043.4,30066.0
1686520800000,26043.4,26068.5,26017.0,26026.2,63409.0
1686521700000,26026.2,26043.0,25980.9,25987.7,114894.0
1686522600000,25987.7,25999.9,25737.0,25789.0,473322.0
1686523500000,25789.0,25936.0,25768.1,25894.8,224046.0
1686524400000,25894.7,25931.0,25854.7,25909.6,98352.0
1686525300000,25909.5,25932.2,25820.8,25848.8,89762.0
1686526200000,25848.8,25897.9,25813.2,25885.7,79300.0
1686527100000,25885.7,25942.0,25885.7,25924.1,101634.0
1686528000000,25924.0,25965.4,25902.1,25950.0,90577.0
1686528900000,25950.0,25962.0,25871.4,25896.1,98305.0
1686529800000,25896.1,25980.0,25868.0,25874.3,99023.0
1686530700000,25874.3,26032.0,25857.2,25967.8,180012.0
1686531600000,25967.9,26000.0,25940.0,25973.0,112798.0
1686532500000,25973.1,25993.8,25933.7,25949.2,68643.0
1686533400000,25949.2,25965.9,25890.7,25929.1,89110.0
1686534300000,25929.6,25947.0,25900.6,25936.1,59072.0
1686535200000,25936.1,25959.9,25923.9,25948.2,35453.0
1686536100000,25946.6,25952.6,25605.0,25737.3,712248.0
1686537000000,25737.3,25796.0,25721.4,25746.0,234497.0
1686537900000,25746.0,25835.9,25646.8,25779.7,356567.0
1686538800000,25779.7,25815.3,25756.3,25789.7,127296.0
1686539700000,25789.8,25835.0,25789.8,25825.0,69214.0
1686540600000,25825.1,25849.0,25809.6,25812.0,52309.0
1686541500000,25812.0,25820.0,25771.2,25787.3,68069.0
1686542400000,25787.4,25811.0,25757.0,25795.4,101679.0
1686543300000,25795.4,25818.2,25793.3,25799.5,83032.0
1686544200000,25799.4,25822.2,25763.5,25805.9,68264.0
1686545100000,25805.9,25821.1,25790.5,25817.2,31813.0
1686546000000,25817.3,25817.3,25780.3,25796.0,70105.0
1686546900000,25796.0,25816.7,25795.9,25809.4,39124.0
1686547800000,25809.4,25818.0,25783.1,25787.2,25097.0
1686548700000,25787.2,25806.9,25760.0,25770.0,45551.0
1686549600000,25770.0,25808.7,25745.0,25798.7,67692.0
1686550500000,25798.8,25894.1,25787.2,25866.3,121150.0
1686551400000,25866.6,25910.8,25845.1,25849.9,106287.0
1686552300000,25850.0,25859.0,25821.6,25844.1,48591.0
1686553200000,25844.1,25859.0,25827.4,25837.8,54240.0
1686554100000,25837.9,25855.9,25820.0,25820.1,46441.0
1686555000000,25820.1,25829.8,25785.0,25807.7,68824.0
1686555900000,25807.7,25822.0,25770.3,25804.5,70359.0
1686556800000,25804.5,25835.8,25783.7,25815.4,64328.0
1686557700000,25815.4,25950.0,25815.4,25913.1,174749.0
1686558600000,25913.1,25926.2,25875.7,25892.1,105214.0
1686559500000,25892.2,25945.0,25879.2,25937.4,82761.0
1686560400000,25937.4,26105.0,25916.4,26016.0,485968.0
1686561300000,26016.1,26046.9,25991.1,26021.3,178385.0
1686562200000,26021.4,26037.8,25981.1,26008.1,110648.0
1686563100000,26008.1,26032.3,25961.4,25963.3,70336.0
1686564000000,25963.4,26009.7,25946.1,26002.0,87101.0
1686564900000,26002.1,26076.0,25972.4,26032.9,365635.0
1686565800000,26032.9,26043.5,26004.9,26004.9,62736.0
1686566700000,26004.9,26007.0,25965.2,25965.2,74659.0
1686567600000,25965.2,25977.3,25949.9,25963.8,52247.0
1686568500000,25963.8,25976.9,25942.0,25954.0,49603.0
1686569400000,25954.0,25977.0,25941.3,25959.9,67524.0
1686570300000,25958.5,26030.0,25946.0,25992.0,66128.0
1686571200000,25992.0,25997.0,25957.2,25957.2,44185.0
1686572100000,25957.2,25969.4,25900.0,25921.6,123090.0
1686573000000,25921.6,25944.0,25902.4,25931.7,54937.0
1686573900000,25931.7,25944.7,25918.5,25934.2,36615.0
1686574800000,25934.2,25937.0,25886.7,25896.6,88078.0
1686575700000,25896.6,25909.0,25830.0,25882.2,181087.0
1686576600000,25882.3,25888.4,25805.0,25823.5,180237.0
1686577500000,25823.4,25857.8,25760.2,25798.3,336033.0
1686578400000,25798.3,25879.7,25730.0,25848.1,487432.0
1686579300000,25848.0,25885.5,25820.5,25835.0,102173.0
1686580200000,25835.0,25849.0,25800.7,25821.5,47355.0
1686581100000,25820.6,25850.0,25739.2,25850.0,124809.0
1686582000000,25849.9,25850.0,25766.5,25831.4,130107.0
1686582900000,25831.4,25838.2,25788.2,25808.0,241651.0
1686583800000,25808.1,25857.0,25802.3,25855.0,55691.0
1686584700000,25855.0,25871.1,25821.0,25822.6,67842.0
1686585600000,25822.5,25850.7,25791.0,25845.1,97674.0
1686586500000,25845.1,25909.9,25831.6,25895.5,111978.0
1686587400000,25895.6,25908.0,25865.2,25881.3,70299.0
1686588300000,25881.5,25884.0,25815.7,25828.0,68931.0
1686589200000,25828.0,25841.8,25806.2,25812.5,94688.0
1686590100000,25812.5,25812.6,25650.0,25764.0,415387.0
1686591000000,25764.1,25895.9,25745.0,25875.8,196440.0
1686591900000,25875.9,25976.4,25737.1,25805.9,465910.0
1686592800000,25805.9,25825.1,25773.2,25784.5,85248.0
1686593700000,25784.5,25826.8,25755.0,25803.3,71775.0
1686594600000,25803.3,25855.0,25794.2,25820.9,55063.0
1686595500000,25820.9,25865.2,25820.9,25849.1,34326.0
1686596400000,25849.2,25855.0,25811.1,25820.6,34790.0
1686597300000,25820.7,25832.9,25760.3,25792.2,49540.0
1686598200000,25792.3,25811.9,25761.0,25802.9,37507.0
1686599100000,25802.8,25851.9,25802.8,25825.5,39530.0
1686600000000,25825.4,25850.0,25800.1,25824.0,37801.0
1686600900000,25824.0,25880.0,25811.5,25877.5,47268.0
1686601800000,25877.5,25899.0,25845.7,25863.3,71681.0
1686602700000,25863.6,25893.1,25841.4,25890.6,38300.0
1686603600000,25890.6,25936.0,25877.5,25917.2,101680.0
1686604500000,25917.1,25925.0,25888.1,25890.3,27225.0
1686605400000,25890.2,25908.8,25882.1,25907.6,42515.0
1686606300000,25907.5,25935.8,25907.5,25933.3,20913.0
1686607200000,25933.3,25978.8,25917.6,25929.7,109107.0
1686608100000,25929.6,25947.4,25890.3,25900.9,33691.0
1686609000000,25900.9,25920.3,25889.5,25905.2,42695.0
1686609900000,25905.2,25938.9,25905.2,25929.4,30721.0
1686610800000,25929.9,25937.0,25889.8,25898.7,44504.0
1686611700000,25898.7,25927.0,25893.0,25916.0,31935.0
1686612600000,25915.9,25933.9,25890.0,25897.8,29478.0
1686613500000,25897.8,25908.4,25868.3,25902.1,43474.0
1686614400000,25902.2,25943.2,25885.8,25941.6,49805.0
1686615300000,25941.6,26033.4,25941.2,25970.6,264591.0
1686616200000,25970.7,25986.0,25914.2,25941.1,158255.0
1686617100000,25941.1,25948.0,25817.4,25866.0,246749.0
1686618000000,25866.0,25895.8,25812.0,25880.2,104874.0
1686618900000,25880.2,26007.3,25880.2,26005.1,162287.0
1686619800000,26005.2,26053.3,25950.0,25976.6,353036.0
1686620700000,25976.6,25984.3,25932.8,25972.0,79527.0
1686621600000,25972.0,25979.7,25936.5,25958.8,40907.0
1686622500000,25957.4,26009.7,25939.5,25988.0,90482.0
1686623400000,25988.0,26158.0,25984.8,26073.4,550024.0
1686624300000,26072.4,26167.2,26053.3,26136.7,339944.0
1686625200000,26136.8,26161.2,26098.2,26103.7,184758.0
1686626100000,26103.8,26148.9,26070.0,26134.0,231668.0
1686627000000,26134.1,26144.7,26087.0,26087.1,125064.0
1686627900000,26087.1,26102.2,26040.1,26064.3,155983.0
1686628800000,26064.4,26074.7,26023.9,26027.0,115761.0
1686629700000,26027.1,26038.4,25982.9,25999.9,113968.0
1686630600000,25999.8,26052.8,25976.2,26041.9,76817.0
1686631500000,26041.9,26060.8,26038.8,26056.5,45392.0
1686632400000,26056.4,26110.3,26045.0,26104.1,71382.0
1686633300000,26104.1,26123.0,26035.8,26050.0,181120.0
1686634200000,26050.0,26073.5,26029.1,26073.5,84559.0
1686635100000,26073.5,26104.7,26030.0,26077.6,58315.0
1686636000000,26077.6,26105.8,26077.6,26095.8,32487.0
1686636900000,26095.8,26135.5,26092.8,26110.9,61643.0
1686637800000,26110.6,26117.0,26067.2,26081.4,78781.0
1686638700000,26081.3,26088.4,26054.6,26081.6,35671.0
1686639600000,26081.6,26112.0,26080.0,26098.1,51175.0
1686640500000,26098.2,26105.7,26080.4,26093.7,28866.0
1686641400000,26093.7,26115.0,26092.1,26102.0,39424.0
1686642300000,26102.1,26115.1,26066.0,26070.5,53309.0
1686643200000,26070.4,26081.8,26056.2,26063.4,46600.0
1686644100000,26063.3,26129.0,26063.3,26118.6,81427.0
1686645000000,26118.7,26192.9,26106.2,26169.9,320248.0
1686645900000,26170.0,26300.0,26151.1,26175.1,655380.0
1686646800000,26175.2,26205.7,26135.2,26149.5,170470.0
1686647700000,26149.4,26175.7,26118.5,26147.0,98562.0
1686648600000,26147.1,26158.0,26105.0,26133.4,115430.0
1686649500000,26133.5,26152.8,26113.2,26148.0,54996.0
1686650400000,26146.5,26155.0,26110.1,26122.0,100694.0
1686651300000,26122.1,26152.7,26111.1,26145.4,48759.0
1686652200000,26145.0,26169.9,26133.6,26136.2,46497.0
1686653100000,26136.2,26165.7,26136.1,26155.1,37432.0
1686654000000,26155.1,26218.6,26142.3,26181.1,181517.0
1686654900000,26181.2,26202.1,26116.8,26157.5,111670.0
1686655800000,26157.4,26172.6,26090.2,26098.4,134839.0
1686656700000,26098.1,26224.0,26090.0,26194.0,288678.0
1686657600000,26194.1,26260.1,26177.6,26213.7,341118.0
1686658500000,26214.1,26272.3,26175.2,26237.9,209657.0
1686659400000,26240.9,26440.0,26073.0,26085.8,2250252.0
1686660300000,26085.8,26181.4,25900.2,26082.5,929098.0
1686661200000,26082.5,26137.4,26000.0,26042.8,285192.0
1686662100000,26042.7,26144.4,26022.7,26125.1,219839.0
1686663000000,26125.9,26150.0,26070.0,26124.5,205390.0
1686663900000,26124.6,26126.3,26033.0,26033.0,177870.0
1686664800000,26033.1,26049.8,25912.5,25962.6,440924.0
1686665700000,25962.7,26038.2,25920.0,26002.8,226223.0
1686666600000,26002.7,26007.6,25923.1,25948.3,126341.0
1686667500000,25948.3,25998.2,25922.0,25985.0,98421.0
1686668400000,25985.0,25985.0,25878.0,25926.3,302655.0
1686669300000,25926.3,25936.4,25740.5,25768.8,822948.0
1686670200000,25768.8,25845.2,25738.9,25828.3,375137.0
1686671100000,25828.2,25838.2,25722.0,25760.9,219043.0
1686672000000,25760.8,25819.5,25739.4,25812.0,145157.0
1686672900000,25812.0,25846.7,25800.3,25819.7,92666.0
1686673800000,25819.0,25879.9,25800.0,25855.9,135665.0
1686674700000,25856.0,25873.0,25836.5,25863.3,106190.0
1686675600000,25863.3,25898.0,25850.2,25864.9,93244.0
1686676500000,25865.0,25875.4,25833.0,25842.6,32764.0
1686677400000,25842.7,25860.0,25785.3,25830.1,74717.0
1686678300000,25830.0,25835.2,25812.0,25821.6,21063.0
1686679200000,25821.7,25945.0,25797.4,25932.1,178633.0
1686680100000,25935.0,25980.0,25885.0,25895.4,134409.0
1686681000000,25894.7,25909.2,25841.7,25864.3,56459.0
1686681900000,25863.2,25899.3,25846.3,25888.7,37806.0
1686682800000,25888.6,25901.1,25880.2,25893.8,25216.0
1686683700000,25893.8,25931.9,25867.7,25870.1,43922.0
1686684600000,25870.1,25905.9,25869.2,25885.8,23619.0
1686685500000,25885.8,25903.0,25867.5,25903.0,33088.0
1686686400000,25903.0,25903.0,25846.7,25854.4,36945.0
1686687300000,25854.3,25865.5,25843.7,25854.5,18314.0
1686688200000,25854.4,25961.6,25823.0,25855.9,165749.0
1686689100000,25854.0,25910.3,25839.9,25844.8,100621.0
1686690000000,25844.8,25863.0,25838.0,25854.0,20509.0
1686690900000,25853.9,25861.4,25822.2,25853.3,35992.0
1686691800000,25853.2,25853.3,25818.3,25850.5,32539.0
1686692700000,25850.4,25878.8,25841.0,25841.1,28172.0
1686693600000,25841.1,25860.2,25832.3,25833.6,23537.0
1686694500000,25833.5,25840.0,25803.6,25811.6,29876.0
1686695400000,25811.6,25841.1,25808.5,25826.0,17298.0
1686696300000,25826.0,25854.3,25826.0,25841.1,25375.0
1686697200000,25841.1,25904.6,25841.0,25882.4,105030.0
1686698100000,25882.4,25884.4,25864.3,25876.6,22675.0
1686699000000,25876.6,25876.6,25863.9,25873.2,17767.0
1686699900000,25873.1,25948.7,25868.6,25936.8,89354.0
1686700800000,25936.8,25965.9,25923.3,25956.0,156351.0
1686701700000,25956.0,25986.0,25910.4,25947.5,116152.0
1686702600000,25947.5,26038.8,25947.5,26011.4,153020.0
1686703500000,26011.3,26018.6,25967.5,25991.4,86225.0
1686704400000,25991.4,25996.7,25962.2,25975.4,86368.0
1686705300000,25976.5,26024.5,25970.1,25974.4,85373.0
1686706200000,25974.4,25989.6,25961.2,25982.9,30471.0
1686707100000,25982.8,26067.2,25982.8,26050.6,229477.0
1686708000000,26050.7,26063.1,26019.2,26040.2,94768.0
1686708900000,26040.1,26040.2,26014.9,26030.9,28807.0
1686709800000,26031.0,26048.8,26018.8,26022.5,26500.0
1686710700000,26022.0,26038.2,26021.5,26030.4,30940.0
1686711600000,26030.4,26035.9,25974.8,25995.1,57710.0
1686712500000,25995.8,26000.7,25981.2,25989.5,40826.0
1686713400000,25989.4,25997.9,25958.6,25986.0,99825.0
1686714300000,25986.0,25995.0,25974.0,25988.2,38056.0
1686715200000,25988.2,26011.1,25974.8,25992.4,68420.0
1686716100000,25992.4,26010.0,25988.3,26003.0,38759.0
1686717000000,26003.0,26009.8,25988.0,25988.1,38475.0
1686717900000,25988.0,25993.1,25970.7,25984.8,38121.0
1686718800000,25984.8,25993.0,25975.0,25991.9,20475.0
1686719700000,25991.9,25992.0,25968.1,25969.5,25084.0
1686720600000,25969.4,25972.5,25877.2,25887.0,210376.0
1686721500000,25886.9,25906.0,25840.0,25851.0,171763.0
1686722400000,25851.0,25888.4,25845.0,25886.0,80970.0
1686723300000,25885.9,25898.1,25876.2,25890.6,46619.0
1686724200000,25890.5,25927.9,25882.2,25905.0,47838.0
1686725100000,25904.9,25905.0,25882.7,25896.7,31513.0
1686726000000,25896.7,25925.2,25892.3,25914.6,44362.0
1686726900000,25914.6,25914.6,25873.4,25878.0,46518.0
1686727800000,25877.9,25891.3,25873.0,25880.2,34413.0
1686728700000,25880.2,25906.0,25880.0,25904.1,37482.0
1686729600000,25904.0,25924.9,25883.8,25887.8,47209.0
1686730500000,25887.7,25922.5,25883.1,25920.3,41815.0
1686731400000,25920.3,25943.0,25907.5,25919.7,79318.0
1686732300000,25919.8,25935.7,25916.1,25925.1,47964.0
1686733200000,25925.1,25927.9,25909.5,25909.5,24519.0
1686734100000,25909.6,25942.0,25907.2,25935.5,37059.0
1686735000000,25934.1,25975.0,25926.1,25974.9,73178.0
1686735900000,25974.9,25988.4,25957.6,25982.1,106191.0
1686736800000,25982.2,25985.0,25974.2,25981.9,38968.0
1686737700000,25981.8,25981.9,25942.8,25967.3,65814.0
1686738600000,25967.3,25971.5,25935.0,25956.5,33092.0
1686739500000,25956.6,25962.8,25946.5,25955.0,24135.0
1686740400000,25955.1,25957.5,25946.0,25955.3,15296.0
1686741300000,25955.3,25988.8,25952.6,25984.6,74498.0
1686742200000,25984.6,26037.2,25952.0,25958.8,119645.0
1686743100000,25958.7,25976.0,25958.7,25973.0,32181.0
1686744000000,25973.1,25977.8,25960.1,25961.5,51685.0
1686744900000,25961.6,26028.4,25961.5,26006.1,97253.0
1686745800000,26006.1,26025.9,25962.8,26004.9,109677.0
1686746700000,26004.9,26088.2,25984.5,26020.5,195988.0
1686747600000,26020.3,26030.9,25993.3,25996.8,71219.0
1686748500000,25996.9,25998.3,25972.4,25988.9,74016.0
1686749400000,25989.0,26004.4,25925.0,25980.2,178048.0
1686750300000,25980.2,26009.3,25960.0,25992.0,74054.0
1686751200000,25992.0,26018.0,25967.1,26008.8,48784.0
1686752100000,26008.8,26026.9,25967.0,25979.3,110038.0
1686753000000,25979.4,26029.8,25967.4,26004.1,56800.0
1686753900000,26004.1,26018.7,25988.0,26000.0,76636.0
1686754800000,25999.9,26023.8,25990.5,26001.6,39910.0
1686755700000,26001.6,26012.0,25964.0,25978.0,42181.0
1686756600000,25978.1,25991.0,25970.0,25974.9,36902.0
1686757500000,25974.9,25989.7,25948.1,25988.0,76009.0
1686758400000,25988.0,26019.2,25970.0,26007.3,58267.0
1686759300000,26008.3,26012.0,25977.0,25984.6,32879.0
1686760200000,25984.6,26007.8,25971.5,25982.3,30840.0
1686761100000,25982.2,25988.1,25965.9,25969.9,27889.0
1686762000000,25969.9,26000.0,25943.0,25946.0,88169.0
1686762900000,25946.1,25961.2,25888.0,25950.2,165084.0
1686763800000,25950.1,26007.3,25924.2,25974.0,69648.0
1686764700000,25974.0,26059.7,25960.0,26029.9,173923.0
1686765600000,26030.0,26108.6,25760.4,25876.0,1132082.0
1686766500000,25877.9,25897.1,25811.9,25882.0,156364.0
1686767400000,25881.9,25997.7,25856.0,25980.8,305602.0
1686768300000,25980.7,26021.0,25909.1,25919.5,230120.0
1686769200000,25919.5,25991.6,25913.0,25924.0,110948.0
1686770100000,25924.0,25940.3,25832.7,25897.0,196862.0
1686771000000,25896.9,25931.8,25852.4,25888.2,80334.0
1686771900000,25888.1,25903.1,25853.8,25870.4,81094.0
1686772800000,25870.2,25882.4,25403.7,25583.9,1388354.0
1686773700000,25584.4,25591.4,25463.2,25538.3,264220.0
1686774600000,25538.3,25541.9,24988.6,25259.9,1897926.0
1686775500000,25260.0,25262.8,24783.3,24934.9,1636962.0
1686776400000,24937.1,25159.4,24822.0,25111.9,676049.0
1686777300000,25111.8,25192.9,25026.1,25080.8,300397.0
1686778200000,25081.4,25132.7,25053.3,25083.8,122429.0
1686779100000,25083.8,25148.2,25030.9,25118.3,122819.0
1686780000000,25118.4,25119.4,25061.6,25089.5,115199.0
1686780900000,25089.5,25105.9,25050.0,25062.5,116629.0
1686781800000,25062.4,25076.9,24932.0,25029.0,259965.0
1686782700000,25029.0,25048.3,24982.3,25032.7,128622.0
1686783600000,25032.7,25049.8,24971.0,25030.1,117942.0
1686784500000,25030.0,25099.0,25020.0,25070.4,127684.0
1686785400000,25070.4,25112.0,25061.4,25105.9,87675.0
1686786300000,25105.8,25138.9,25096.4,25127.2,84722.0
1686787200000,25127.2,25127.3,25078.0,25121.9,125930.0
1686788100000,25122.0,25143.4,25103.0,25130.4,74895.0
1686789000000,25132.0,25188.8,25125.0,25145.3,149574.0
1686789900000,25145.8,25209.1,25123.4,25202.0,163883.0
1686790800000,25202.0,25204.0,25172.0,25184.2,48822.0
1686791700000,25184.2,25184.2,25104.0,25119.8,190341.0
1686792600000,25119.9,25136.9,25056.9,25064.1,265548.0
1686793500000,25064.0,25094.2,25025.0,25067.6,155223.0
1686794400000,25067.6,25089.0,25051.0,25085.7,76749.0
1686795300000,25085.8,25130.0,25065.5,25109.4,66662.0
1686796200000,25109.4,25114.0,25088.6,25102.5,45126.0
1686797100000,25102.5,25109.2,25072.3,25080.0,57498.0
1686798000000,25080.0,25082.3,25049.5,25061.7,58608.0
1686798900000,25061.7,25065.0,25053.1,25060.1,31852.0
1686799800000,25060.0,25097.9,25060.0,25078.3,53125.0
1686800700000,25078.2,25089.0,25057.3,25064.8,30896.0
1686801600000,25064.9,25064.9,25010.2,25023.6,153275.0
1686802500000,25023.6,25033.5,24989.1,25007.0,148951.0
1686803400000,25007.1,25050.3,24976.1,25022.8,109414.0
1686804300000,25023.3,25064.8,25018.1,25028.9,62857.0
1686805200000,25028.8,25050.0,25013.6,25047.5,67108.0
1686806100000,25047.6,25051.8,24960.6,25036.0,212880.0
1686807000000,25035.9,25048.0,24971.7,24982.8,132630.0
1686807900000,24982.8,25037.1,24930.0,25026.1,281757.0
1686808800000,25026.2,25068.8,24978.9,25068.8,207468.0
1686809700000,25068.8,25074.2,24960.0,25002.0,143875.0
1686810600000,25002.0,25002.0,24941.5,24966.0,140318.0
1686811500000,24966.1,24990.0,24900.0,24929.3,206419.0
1686812400000,24929.3,24960.0,24868.0,24957.4,323758.0
1686813300000,24957.5,24994.4,24941.0,24950.4,140334.0
1686814200000,24950.4,24993.2,24942.6,24993.2,68972.0
1686815100000,24993.2,25009.0,24966.5,24984.0,94103.0
1686816000000,24984.0,25022.9,24965.1,25018.7,70789.0
1686816900000,25018.6,25039.5,25000.0,25038.9,55649.0
1686817800000,25039.0,25057.9,25028.8,25028.8,179265.0
1686818700000,25028.8,25028.9,24963.0,24973.4,146718.0
1686819600000,24973.5,25005.3,24966.0,25001.4,78708.0
1686820500000,25001.3,25013.0,24930.0,24951.3,129060.0
1686821400000,24951.3,24969.6,24906.0,24965.0,145883.0
1686822300000,24964.9,24987.0,24948.1,24950.1,78120.0
1686823200000,24950.1,24972.9,24950.1,24966.7,31944.0
1686824100000,24966.7,24979.5,24941.6,24963.0,59596.0
1686825000000,24963.1,24965.3,24895.2,24896.3,121039.0
1686825900000,24896.2,24931.2,24869.7,24923.6,150092.0
1686826800000,24923.6,24929.3,24892.0,24895.4,56966.0
1686827700000,24895.5,24955.9,24781.3,24914.9,522542.0
1686828600000,24914.8,25033.9,24914.8,25012.9,319205.0
1686829500000,25013.0,25049.7,25001.7,25015.0,153700.0
1686830400000,25015.0,25039.5,24960.0,24976.7,172294.0
1686831300000,24976.6,25001.8,24934.0,24966.4,151158.0
1686832200000,24964.1,25003.3,24915.5,24945.0,136520.0
1686833100000,24945.0,24970.0,24932.4,24957.5,49066.0
1686834000000,24957.5,25034.0,24936.5,24983.5,178997.0
1686834900000,24983.5,25084.7,24983.5,25064.1,258747.0
1686835800000,25064.2,25099.0,25045.0,25090.1,267581.0
1686836700000,25090.0,25103.4,25043.6,25050.0,235065.0
1686837600000,25051.5,25078.2,25015.0,25076.0,134567.0
1686838500000,25076.0,25077.7,25033.3,25046.9,76065.0
1686839400000,25047.5,25070.0,25020.0,25057.8,66603.0
1686840300000,25057.9,25062.2,24991.3,25015.4,81206.0
1686841200000,25015.5,25036.7,24985.2,25012.0,113770.0
1686842100000,25012.0,25037.4,24985.4,24988.1,62753.0
1686843000000,24988.2,25017.2,24975.0,24994.1,58643.0
1686843900000,24995.3,24999.9,24957.0,24962.7,101587.0
1686844800000,24962.7,24978.8,24933.4,24949.9,104562.0
1686845700000,24950.0,25006.0,24950.0,25003.1,67188.0
1686846600000,25003.0,25022.8,24990.0,25006.8,60932.0
1686847500000,25006.8,25011.1,24960.1,25003.1,59835.0
1686848400000,25003.2,25031.8,24966.0,25006.6,93918.0
1686849300000,25006.6,25033.0,24996.0,25022.0,68253.0
1686850200000,25022.0,25063.0,24990.0,25056.9,97937.0
1686851100000,25057.0,25170.9,25056.9,25142.9,301507.0
1686852000000,25140.2,25178.9,25090.0,25126.1,216566.0
1686852900000,25126.1,25175.0,25120.0,25157.7,88794.0
1686853800000,25157.7,25216.7,25157.7,25173.8,175744.0
1686854700000,25173.9,25397.9,25166.3,25395.8,705286.0
1686855600000,25395.9,25518.8,25350.0,25495.5,742097.0
1686856500000,25495.6,25500.0,25380.8,25445.4,261165.0
1686857400000,25445.4,25469.6,25400.4,25421.5,164219.0
1686858300000,25421.5,25459.7,25380.0,25451.7,132190.0
1686859200000,25451.8,25499.9,25414.0,25416.2,225045.0
1686860100000,25416.2,25417.0,25226.2,25238.6,370499.0
1686861000000,25238.6,25373.5,25220.0,25335.1,280692.0
1686861900000,25335.1,25628.0,25327.4,25569.6,505695.0
1686862800000,25569.7,25685.4,25512.0,25658.2,534864.0
1686863700000,25658.4,25745.0,25609.8,25678.4,300659.0
1686864600000,25678.5,25769.5,25609.0,25624.4,205227.0
1686865500000,25624.4,25657.6,25567.5,25574.0,123489.0
1686866400000,25574.0,25587.5,25561.6,25572.8,71090.0
1686867300000,25572.8,25609.5,25546.1,25598.2,94637.0
1686868200000,25598.2,25659.0,25560.5,25648.1,141260.0
1686869100000,25648.1,25648.1,25584.1,25625.9,70749.0
1686870000000,25626.0,25636.2,25564.1,25574.9,175491.0
1686870900000,25574.9,25602.0,25564.8,25591.0,82294.0
1686871800000,25591.1,25598.0,25560.0,25572.3,120922.0
1686872700000,25572.3,25616.5,25561.8,25595.0,53982.0
1686873600000,25595.0,25595.0,25515.7,25535.1,150739.0
1686874500000,25535.1,25544.5,25436.7,25488.5,257920.0
1686875400000,25488.6,25509.0,25445.0,25504.3,168361.0
1686876300000,25504.3,25533.2,25490.0,25490.0,98494.0
1686877200000,25490.1,25492.1,25451.0,25466.9,76482.0
1686878100000,25467.0,25486.9,25464.2,25480.0,41414.0
1686879000000,25480.2,25582.0,25478.3,25570.1,145958.0
1686879900000,25570.1,25570.1,25510.0,25510.1,105471.0
1686880800000,25510.1,25520.0,25482.8,25487.3,66221.0
1686881700000,25487.3,25529.0,25480.1,25522.1,48316.0
1686882600000,25522.1,25523.0,25489.6,25507.9,38345.0
1686883500000,25508.0,25554.2,25507.9,25549.7,64232.0
1686884400000,25549.7,25549.9,25538.2,25549.9,35842.0
1686885300000,25549.9,25566.0,25526.4,25530.3,62462.0
1686886200000,25530.4,25585.7,25530.3,25563.6,59450.0
1686887100000,25563.6,25605.7,25553.5,25556.2,117338.0
1686888000000,25556.2,25599.9,25556.2,25593.7,58998.0
1686888900000,25593.7,25632.9,25555.0,25571.0,141441.0
1686889800000,25571.0,25576.8,25534.8,25536.7,59977.0
1686890700000,25536.7,25554.0,25524.0,25533.0,41612.0
1686891600000,25533.0,25540.0,25490.8,25498.0,114068.0
1686892500000,25498.0,25528.0,25488.0,25495.7,86410.0
1686893400000,25495.7,25514.2,25478.2,25512.6,71337.0
1686894300000,25512.5,25582.2,25502.6,25555.3,93639.0
1686895200000,25555.4,25590.0,25535.7,25578.4,91214.0
1686896100000,25578.5,25599.0,25555.6,25577.5,80216.0
1686897000000,25577.5,25620.0,25577.5,25600.0,126881.0
1686897900000,25600.1,25600.1,25560.1,25576.7,58091.0
1686898800000,25576.7,25621.7,25576.1,25602.0,72967.0
1686899700000,25602.1,25602.1,25571.9,25577.0,53674.0
1686900600000,25577.0,25580.0,25535.1,25537.9,59249.0
1686901500000,25537.9,25549.0,25532.2,25535.2,53663.0
1686902400000,25535.2,25590.9,25535.2,25583.5,67326.0
1686903300000,25583.5,25618.0,25574.1,25599.7,98724.0
1686904200000,25599.7,25619.9,25565.4,25569.8,55541.0
1686905100000,25569.8,25583.3,25540.0,25546.1,71598.0
1686906000000,25546.1,25612.0,25546.0,25597.9,64247.0
1686906900000,25597.6,25620.0,25584.7,25593.9,80148.0
1686907800000,25594.0,25608.9,25593.9,25601.5,36956.0
1686908700000,25601.5,25604.0,25586.4,25588.1,30738.0
1686909600000,25588.1,25604.0,25557.0,25569.1,45494.0
1686910500000,25569.1,25598.8,25553.9,25578.7,45048.0
1686911400000,25578.8,25581.8,25561.2,25561.3,32548.0
1686912300000,25561.3,25581.5,25556.6,25564.1,34109.0
1686913200000,25564.0,25568.6,25544.1,25553.9,56340.0
1686914100000,25553.9,25570.0,25488.5,25505.2,161522.0
1686915000000,25505.1,25520.0,25473.6,25499.6,158565.0
1686915900000,25499.6,25536.1,25467.8,25478.0,104314.0
1686916800000,25477.9,25512.7,25472.5,25503.4,59158.0
1686917700000,25503.3,25553.1,25503.3,25519.5,65428.0
1686918600000,25520.0,25589.6,25515.0,25583.8,120033.0
1686919500000,25583.8,25583.8,25558.8,25567.8,68502.0
1686920400000,25567.8,25592.0,25565.9,25583.9,88465.0
1686921300000,25583.9,25622.0,25578.8,25608.0,148258.0
1686922200000,25606.9,25616.3,25520.0,25524.0,175707.0
1686923100000,25523.9,25544.1,25485.4,25494.0,159391.0
1686924000000,25494.0,25537.0,25482.0,25519.9,134600.0
1686924900000,25519.9,25521.1,25495.8,25510.6,41132.0
1686925800000,25510.5,25542.7,25489.3,25490.0,79408.0
1686926700000,25490.1,25732.6,25158.0,25614.5,2238370.0
1686927600000,25614.4,25744.8,25555.0,25620.0,755487.0
1686928500000,25618.0,25688.0,25590.0,25658.1,232539.0
1686929400000,25658.1,25668.8,25576.0,25600.7,212218.0
1686930300000,25600.1,25910.0,25578.1,25837.1,941060.0
1686931200000,25838.1,25889.6,25775.7,25809.9,561611.0
1686932100000,25810.5,25928.0,25802.0,25806.3,394887.0
1686933000000,25806.3,25825.0,25770.0,25791.9,189896.0
1686933900000,25791.9,26000.0,25782.0,25960.9,547808.0
1686934800000,25961.0,26085.0,25947.2,25974.7,698829.0
1686935700000,25974.8,26239.8,25974.7,26191.4,1113918.0
1686936600000,26191.5,26281.2,26159.3,26200.5,448177.0
1686937500000,26200.6,26333.0,26183.0,26316.9,612807.0
1686938400000,26316.9,26518.9,26278.0,26434.7,1255386.0
1686939300000,26434.7,26500.0,26351.0,26371.7,410077.0
1686940200000,26371.7,26394.8,26282.1,26383.9,347621.0
1686941100000,26383.8,26427.8,26352.4,26356.3,141000.0
1686942000000,26356.4,26399.0,26279.9,26286.4,167658.0
1686942900000,26286.3,26349.9,26284.1,26342.3,92224.0
1686943800000,26342.2,26410.1,26340.1,26376.0,121004.0
1686944700000,26376.3,26393.0,26363.7,26383.9,47053.0
1686945600000,26383.7,26448.7,26328.2,26358.8,147571.0
1686946500000,26358.8,26384.6,26331.5,26348.1,77128.0
1686947400000,26348.0,26398.3,26348.0,26394.4,35513.0
1686948300000,26394.3,26466.1,26388.7,26408.7,92191.0
1686949200000,26408.6,26417.5,26365.7,26365.7,69170.0
1686950100000,26365.7,26373.5,26309.5,26317.0,59116.0
1686951000000,26316.9,26336.8,26288.8,26299.2,48354.0
1686951900000,26299.3,26338.0,26288.7,26300.0,39107.0
1686952800000,26300.0,26375.8,26300.0,26364.1,53706.0
1686953700000,26364.2,26387.3,26342.3,26363.0,41148.0
1686954600000,26363.1,26367.9,26345.0,26352.0,39017.0
1686955500000,26352.1,26380.0,26350.4,26361.3,34920.0
1686956400000,26364.6,26379.3,26358.0,26361.2,31229.0
1686957300000,26361.3,26375.9,26318.3,26329.9,154308.0
1686958200000,26330.0,26359.8,26327.9,26340.0,32101.0
1686959100000,26340.0,26345.0,26330.7,26341.1,27573.0
1686960000000,26341.1,26385.4,26323.4,26356.4,178898.0
1686960900000,26356.4,26374.4,26320.3,26336.2,121882.0
1686961800000,26335.2,26356.6,26320.5,26356.6,54575.0
1686962700000,26356.6,26356.6,26303.9,26308.1,116917.0
1686963600000,26308.0,26314.8,26294.3,26313.6,64362.0
1686964500000,26313.5,26333.0,26300.4,26329.8,71561.0
1686965400000,26329.8,26329.8,26283.7,26283.9,40812.0
1686966300000,26284.0,26288.3,26193.3,26200.0,223943.0
1686967200000,26199.9,26227.2,26182.5,26221.9,139647.0
1686968100000,26221.8,26259.1,26221.8,26246.0,63136.0
1686969000000,26247.7,26274.0,26244.1,26267.6,59412.0
1686969900000,26267.6,26296.0,26262.7,26273.0,41581.0
1686970800000,26272.9,26289.5,26255.6,26260.8,40409.0
1686971700000,26260.9,26267.9,26243.9,26248.2,34471.0
1686972600000,26248.2,26265.8,26244.0,26264.6,23167.0
1686973500000,26264.6,26274.3,26256.0,26263.8,29533.0
1686974400000,26263.8,26263.8,26244.0,26257.3,26813.0
1686975300000,26257.3,26307.3,26252.0,26298.1,82063.0
1686976200000,26298.0,26315.0,26298.0,26312.0,80397.0
1686977100000,26312.0,26363.2,26311.9,26355.2,111182.0
1686978000000,26355.2,26430.0,26338.0,26400.0,191224.0
1686978900000,26400.0,26411.5,26373.2,26388.1,117152.0
1686979800000,26388.0,26888.8,26370.1,26714.0,1501022.0
1686980700000,26714.0,26750.0,26636.0,26685.3,525642.0
1686981600000,26688.1,26725.0,26642.1,26700.9,199206.0
1686982500000,26701.0,26777.7,26670.0,26676.5,245638.0
1686983400000,26676.4,26740.9,26674.0,26718.7,156557.0
1686984300000,26718.7,26753.0,26650.0,26656.1,178447.0
1686985200000,26656.0,26670.0,26614.9,26645.8,160389.0
1686986100000,26645.8,26664.0,26610.2,26645.0,72816.0
1686987000000,26645.0,26645.1,26596.3,26616.1,81223.0
1686987900000,26616.1,26630.0,26565.5,26598.9,102085.0
1686988800000,26599.0,26664.5,26593.2,26639.4,114705.0
1686989700000,26639.4,26643.8,26601.2,26615.8,43973.0
1686990600000,26615.9,26624.9,26568.0,26578.3,63053.0
1686991500000,26578.2,26615.0,26566.0,26602.4,51174.0
1686992400000,26602.3,26649.2,26602.3,26613.6,57194.0
1686993300000,26613.7,26618.2,26570.3,26609.4,60952.0
1686994200000,26609.4,26614.4,26580.7,26611.1,51627.0
1686995100000,26611.1,26625.0,26588.4,26588.5,25488.0
1686996000000,26588.4,26621.9,26580.6,26591.1,86398.0
1686996900000,26591.2,26640.0,26591.1,26639.5,54704.0
1686997800000,26639.5,26645.0,26615.7,26624.7,35758.0
1686998700000,26624.7,26628.9,26588.0,26593.3,25046.0
1686999600000,26593.4,26609.9,26574.6,26603.5,40205.0
1687000500000,26603.5,26610.0,26513.4,26559.8,181323.0
1687001400000,26559.9,26582.3,26480.0,26530.1,182267.0
1687002300000,26530.1,26561.1,26507.7,26513.9,60406.0
1687003200000,26513.9,26536.0,26411.0,26534.1,370507.0
1687004100000,26534.2,26593.8,26517.4,26558.1,103125.0
1687005000000,26558.1,26574.9,26530.2,26533.5,48982.0
1687005900000,26533.4,26555.0,26504.8,26528.2,48767.0
1687006800000,26528.2,26561.2,26511.8,26557.4,57049.0
1687007700000,26557.4,26561.0,26537.1,26538.9,33599.0
1687008600000,26540.6,26581.0,26539.2,26558.1,40870.0
1687009500000,26558.0,26584.0,26538.4,26552.9,31780.0
1687010400000,26552.9,26561.9,26524.3,26544.1,67267.0
1687011300000,26544.2,26544.2,26462.5,26469.7,110621.0
1687012200000,26470.1,26515.5,26470.0,26508.2,75387.0
1687013100000,26508.1,26513.4,26491.5,26495.0,35609.0
1687014000000,26495.0,26515.0,26458.0,26474.3,58714.0
1687014900000,26474.3,26544.0,26301.8,26510.1,721323.0
1687015800000,26510.2,26543.4,26421.1,26443.6,129340.0
1687016700000,26444.7,26471.1,26389.3,26417.9,98969.0
1687017600000,26418.0,26454.7,26378.5,26444.0,141915.0
1687018500000,26444.0,26492.3,26440.8,26464.6,84015.0
1687019400000,26464.6,26510.0,26464.6,26491.1,65907.0
1687020300000,26491.1,26491.1,26456.0,26470.1,48060.0
1687021200000,26470.0,26486.8,26466.8,26472.0,39637.0
1687022100000,26471.9,26487.2,26469.3,26482.7,29017.0
1687023000000,26482.6,26482.7,26422.0,26443.9,70122.0
1687023900000,26444.0,26449.2,26400.0,26421.5,55611.0
1687024800000,26421.5,26463.4,26408.6,26463.2,50322.0
1687025700000,26463.1,26463.2,26445.5,26450.0,16633.0
1687026600000,26450.0,26530.3,26450.0,26520.0,157389.0
1687027500000,26520.4,26539.9,26497.7,26517.3,43015.0
1687028400000,26517.3,26523.0,26471.8,26499.5,29260.0
1687029300000,26499.5,26512.6,26487.8,26511.8,15292.0
1687030200000,26511.8,26519.7,26492.7,26499.5,24284.0
1687031100000,26499.5,26512.0,26464.0,26476.9,29594.0
1687032000000,26477.0,26522.8,26477.0,26521.1,35816.0
1687032900000,26521.1,26535.8,26508.3,26520.4,26849.0
1687033800000,26520.4,26521.8,26461.7,26506.7,38138.0
1687034700000,26506.6,26560.0,26505.0,26542.0,68941.0
1687035600000,26543.8,26545.0,26517.8,26526.0,26333.0
1687036500000,26525.9,26526.0,26496.5,26503.7,19145.0
1687037400000,26503.7,26519.5,26482.0,26518.1,15012.0
1687038300000,26518.1,26543.2,26512.9,26524.5,24019.0
1687039200000,26524.5,26600.0,26524.4,26580.9,117500.0
1687040100000,26581.0,26581.0,26544.4,26548.7,28156.0
1687041000000,26548.7,26557.0,26541.1,26553.8,16151.0
1687041900000,26553.9,26572.5,26544.1,26569.3,26869.0
1687042800000,26569.4,26577.6,26568.1,26572.0,14725.0
1687043700000,26572.1,26572.1,26495.1,26510.8,50822.0
1687044600000,26511.3,26518.4,26488.5,26518.3,48887.0
1687045500000,26518.3,26532.7,26505.5,26513.3,27701.0
1687046400000,26513.4,26537.1,26510.1,26529.9,42858.0
1687047300000,26530.0,26530.0,26424.0,26491.0,140412.0
1687048200000,26490.9,26491.0,26421.0,26421.0,82555.0
1687049100000,26421.0,26455.9,26366.0,26451.8,123207.0
1687050000000,26451.9,26460.9,26430.0,26432.1,36374.0
1687050900000,26432.2,26460.5,26432.2,26459.9,33085.0
1687051800000,26459.9,26471.5,26442.0,26467.5,26839.0
1687052700000,26467.5,26497.7,26459.1,26492.2,31995.0
1687053600000,26492.1,26518.1,26490.0,26499.1,56047.0
1687054500000,26499.6,26499.6,26467.1,26467.1,34690.0
1687055400000,26467.2,26482.1,26459.0,26470.3,27492.0
1687056300000,26470.3,26482.6,26470.1,26479.9,11400.0
1687057200000,26479.9,26502.0,26474.0,26500.6,24672.0
1687058100000,26500.9,26528.9,26496.0,26525.8,29557.0
1687059000000,26525.9,26554.1,26520.0,26545.1,61556.0
1687059900000,26545.1,26547.7,26534.9,26547.6,40555.0
1687060800000,26547.7,26559.5,26520.7,26522.3,62848.0
1687061700000,26522.4,26537.5,26520.0,26525.0,29030.0
1687062600000,26525.0,26543.2,26525.0,26540.1,21370.0
1687063500000,26540.0,26554.9,26492.4,26537.8,34170.0
1687064400000,26537.9,26560.0,26534.0,26559.4,23277.0
1687065300000,26559.4,26650.0,26552.3,26597.6,311965.0
1687066200000,26597.7,26649.9,26582.4,26635.0,269183.0
1687067100000,26635.0,26635.1,26539.0,26543.4,132101.0
1687068000000,26543.5,26593.5,26474.0,26579.8,144762.0
1687068900000,26579.8,26588.0,26546.0,26550.1,39392.0
1687069800000,26550.2,26559.9,26541.0,26551.7,34078.0
1687070700000,26551.7,26564.9,26520.0,26542.5,38353.0
1687071600000,26542.6,26633.5,26542.6,26624.4,144302.0
1687072500000,26624.5,26680.0,26591.9,26597.8,193890.0
1687073400000,26597.9,26617.0,26593.0,26609.9,47378.0
1687074300000,26609.9,26650.0,26575.0,26584.1,89824.0
1687075200000,26584.2,26602.8,26534.0,26542.9,90751.0
1687076100000,26542.8,26562.6,26513.9,26558.0,97076.0
1687077000000,26557.9,26565.0,26529.3,26532.1,33754.0
1687077900000,26532.8,26538.7,26501.0,26501.0,83403.0
1687078800000,26501.0,26510.8,26475.1,26489.8,81180.0
1687079700000,26489.9,26499.6,26456.1,26475.5,99718.0
1687080600000,26476.1,26526.0,26476.1,26512.5,71486.0
1687081500000,26512.6,26540.6,26512.6,26527.6,53991.0
1687082400000,26527.6,26540.7,26512.9,26523.3,60844.0
1687083300000,26523.4,26531.1,26480.7,26500.0,48875.0
1687084200000,26500.0,26500.0,26476.0,26484.5,29448.0
1687085100000,26484.4,26512.7,26476.0,26510.2,45585.0
1687086000000,26510.1,26510.9,26484.1,26484.5,23612.0
1687086900000,26485.1,26500.0,26470.6,26492.0,26288.0
1687087800000,26491.8,26507.6,26484.5,26496.2,21696.0
1687088700000,26496.3,26509.2,26491.0,26500.3,24496.0
1687089600000,26500.3,26543.3,26500.3,26513.7,57581.0
1687090500000,26513.7,26513.8,26466.6,26468.3,64727.0
1687091400000,26468.2,26579.9,26434.8,26558.7,186083.0
1687092300000,26558.8,26575.6,26516.1,26531.6,101807.0
1687093200000,26531.6,26544.0,26523.2,26524.4,34534.0
1687094100000,26524.5,26550.0,26497.4,26540.6,64828.0
1687095000000,26540.4,26542.4,26481.1,26491.0,50856.0
1687095900000,26491.0,26514.4,26480.9,26486.0,33392.0
1687096800000,26486.0,26503.9,26458.0,26502.1,92669.0
1687097700000,26502.0,26540.0,26498.0,26535.0,44335.0
1687098600000,26534.9,26568.0,26524.0,26552.0,94301.0
1687099500000,26552.0,26569.9,26512.1,26547.1,176645.0
1687100400000,26547.1,26565.0,26521.0,26554.5,63385.0
1687101300000,26554.4,26561.0,26522.3,26532.1,37099.0
1687102200000,26532.2,26550.7,26520.0,26541.1,28771.0
1687103100000,26541.1,26562.3,26536.0,26559.9,28979.0
1687104000000,26559.9,26597.1,26515.4,26560.8,146651.0
1687104900000,26560.9,26655.4,26550.0,26609.4,235600.0
1687105800000,26609.5,26624.4,26578.0,26598.6,63743.0
1687106700000,26599.4,26628.4,26570.3,26618.8,61815.0
1687107600000,26618.8,26657.1,26588.5,26592.3,90458.0
1687108500000,26594.5,26608.9,26572.5,26579.8,39099.0
1687109400000,26579.8,26626.5,26557.0,26618.3,41745.0
1687110300000,26618.4,26645.3,26601.5,26632.8,59338.0
1687111200000,26632.8,26646.2,26586.1,26590.2,54004.0
1687112100000,26590.2,26606.4,26580.0,26600.1,39613.0
1687113000000,26600.0,26604.2,26592.1,26602.6,19376.0
1687113900000,26602.6,26625.8,26597.7,26622.0,33278.0
1687114800000,26622.1,26630.8,26602.0,26602.0,27688.0
1687115700000,26602.1,26654.3,26594.8,26641.2,35726.0
1687116600000,26641.2,26654.7,26624.2,26639.8,30840.0
1687117500000,26639.9,26651.8,26629.4,26649.5,21598.0
1687118400000,26649.5,26720.1,26480.0,26512.1,469834.0
1687119300000,26513.1,26542.7,26350.7,26464.0,517124.0
1687120200000,26464.1,26520.9,26407.5,26488.0,123801.0
1687121100000,26488.0,26496.8,26444.0,26470.6,70662.0
1687122000000,26470.6,26486.7,26446.8,26486.7,124766.0
1687122900000,26486.6,26491.7,26435.4,26448.0,54488.0
1687123800000,26448.0,26472.0,26435.8,26441.4,34743.0
1687124700000,26442.3,26478.8,26396.2,26420.1,91995.0
1687125600000,26420.0,26444.0,26380.1,26412.3,91334.0
1687126500000,26410.7,26435.2,26410.6,26421.8,28052.0
1687127400000,26421.8,26464.0,26410.5,26436.3,54016.0
1687128300000,26436.3,26444.6,26397.2,26399.5,49014.0
1687129200000,26399.4,26469.9,26250.0,26416.2,711706.0
1687130100000,26416.3,26437.3,26350.5,26361.1,151619.0
1687131000000,26361.0,26396.5,26340.3,26372.8,116500.0
1687131900000,26372.8,26375.9,26325.1,26351.0,118053.0
1687132800000,26351.0,26396.2,26325.4,26385.0,125223.0
1687133700000,26384.9,26398.9,26361.4,26398.3,59697.0
1687134600000,26398.3,26404.9,26360.0,26362.6,79648.0
1687135500000,26363.0,26380.0,26255.3,26368.7,199195.0
1687136400000,26368.7,26422.0,26350.0,26410.9,119896.0
1687137300000,26411.2,26429.3,26398.3,26406.7,55836.0
1687138200000,26406.7,26444.9,26406.0,26425.2,111284.0
1687139100000,26425.2,26460.0,26415.1,26445.1,66616.0
1687140000000,26445.2,26476.4,26445.1,26464.9,86142.0
1687140900000,26464.8,26475.0,26422.3,26423.9,85031.0
1687141800000,26423.9,26455.2,26422.1,26450.6,66491.0
1687142700000,26450.7,26462.7,26429.3,26447.0,36907.0
1687143600000,26447.0,26457.4,26407.9,26434.9,103732.0
1687144500000,26434.9,26435.0,26403.0,26403.3,48222.0
1687145400000,26403.3,26418.0,26395.5,26406.6,51521.0
1687146300000,26406.6,26417.8,26372.2,26402.0,76003.0
1687147200000,26402.0,26425.3,26392.9,26422.1,27100.0
1687148100000,26422.1,26436.5,26376.1,26377.7,48057.0
1687149000000,26377.7,26411.4,26365.1,26394.4,77252.0
1687149900000,26394.3,26435.0,26394.3,26433.9,42875.0
1687150800000,26433.9,26452.0,26423.4,26445.1,30647.0
1687151700000,26445.1,26455.0,26429.2,26432.1,37923.0
1687152600000,26432.0,26453.9,26425.2,26450.3,22700.0
1687153500000,26450.2,26467.7,26450.0,26460.4,37372.0
1687154400000,26460.5,26477.3,26445.1,26455.2,78678.0
1687155300000,26455.3,26455.3,26438.0,26443.8,23404.0
1687156200000,26443.8,26446.2,26413.9,26422.2,44716.0
1687157100000,26422.2,26432.5,26414.7,26428.5,15920.0
1687158000000,26428.4,26428.4,26410.4,26414.9,35630.0
1687158900000,26414.9,26427.3,26406.0,26417.4,26070.0
1687159800000,26417.4,26440.2,26385.0,26436.1,92842.0
1687160700000,26436.1,26444.5,26424.3,26430.7,45241.0
1687161600000,26430.7,26436.0,26410.4,26436.0,48372.0
1687162500000,26436.0,26457.9,26436.0,26449.5,40653.0
1687163400000,26449.5,26459.5,26400.0,26406.5,91905.0
1687164300000,26406.4,26418.0,26390.4,26417.2,45620.0
1687165200000,26417.2,26431.8,26401.6,26401.6,28735.0
1687166100000,26401.6,26413.4,26367.0,26400.9,122184.0
1687167000000,26400.9,26406.8,26386.2,26396.2,18763.0
1687167900000,26396.2,26398.0,26383.5,26397.9,17457.0
1687168800000,26397.9,26420.1,26396.0,26414.9,36512.0
1687169700000,26414.9,26437.0,26405.7,26409.9,39909.0
1687170600000,26409.9,26413.7,26390.2,26397.9,22417.0
1687171500000,26397.9,26401.2,26370.0,26376.0,48496.0
1687172400000,26376.0,26394.9,26360.3,26394.1,48753.0
1687173300000,26394.1,26424.6,26394.0,26416.2,38633.0
1687174200000,26416.2,26429.0,26406.0,26412.6,40649.0
1687175100000,26412.6,26447.0,26406.9,26445.4,79941.0
1687176000000,26445.5,26448.0,26428.1,26432.7,39162.0
1687176900000,26432.7,26567.8,26424.6,26522.0,377741.0
1687177800000,26522.0,26576.8,26491.7,26554.4,159717.0
1687178700000,26554.3,26580.0,26525.1,26530.0,128426.0
1687179600000,26530.0,26545.8,26495.8,26513.9,61744.0
1687180500000,26513.8,26544.0,26501.2,26536.9,64277.0
1687181400000,26536.9,26577.8,26530.3,26550.4,120351.0
1687182300000,26550.4,26551.5,26520.0,26530.0,59495.0
1687183200000,26530.1,26538.0,26457.3,26468.9,160605.0
1687184100000,26469.0,26477.0,26380.1,26448.0,305913.0
1687185000000,26448.0,26448.0,26403.0,26412.1,78317.0
1687185900000,26412.1,26441.2,26402.3,26428.7,44495.0
1687186800000,26428.7,26428.7,26347.8,26384.0,153705.0
1687187700000,26384.1,26419.8,26380.1,26410.8,50299.0
1687188600000,26410.8,26462.0,26410.8,26441.6,101177.0
1687189500000,26441.6,26458.0,26440.1,26442.8,32022.0
1687190400000,26442.9,26445.2,26416.0,26423.7,49193.0
1687191300000,26423.7,26449.7,26423.6,26444.5,23506.0
1687192200000,26444.6,26546.8,26303.0,26463.0,595246.0
1687193100000,26463.0,26519.7,26440.4,26502.0,155120.0
1687194000000,26502.0,26641.0,26486.2,26609.9,483832.0
1687194900000,26609.9,26630.7,26573.7,26607.6,174620.0
1687195800000,26607.6,26715.5,26565.0,26643.6,379520.0
1687196700000,26643.7,26670.0,26618.8,26665.9,76981.0
1687197600000,26667.1,27000.0,26667.0,26975.8,1597637.0
1687198500000,26975.9,27087.5,26866.1,26886.4,710158.0
1687199400000,26886.4,26930.9,26820.0,26867.2,208109.0
1687200300000,26867.2,26889.3,26456.3,26498.1,1554006.0
1687201200000,26498.9,26644.1,26369.4,26632.0,856420.0
1687202100000,26632.2,26684.0,26591.8,26663.7,185787.0
1687203000000,26663.6,26667.0,26572.6,26651.2,95906.0
1687203900000,26650.8,26709.0,26612.2,26683.2,129747.0
1687204800000,26683.2,26866.6,26672.1,26811.9,450756.0
1687205700000,26812.0,26837.8,26741.5,26767.0,202694.0
1687206600000,26766.2,26808.0,26749.5,26808.0,74988.0
1687207500000,26808.0,26844.0,26690.3,26727.6,179976.0
1687208400000,26727.7,26763.1,26650.4,26661.7,123752.0
1687209300000,26661.7,26707.2,26661.7,26687.9,51862.0
1687210200000,26687.9,26739.0,26687.9,26726.4,55729.0
1687211100000,26726.4,26776.9,26709.4,26776.8,53934.0
1687212000000,26776.8,26802.4,26740.2,26762.0,77254.0
1687212900000,26762.4,26833.3,26762.4,26801.6,109170.0
1687213800000,26801.6,26820.0,26783.7,26804.7,61620.0
1687214700000,26804.8,26811.1,26740.0,26755.8,63704.0
1687215600000,26757.9,26775.6,26752.6,26769.9,52753.0
1687216500000,26770.0,26785.2,26721.2,26783.0,60206.0
1687217400000,26781.6,26785.0,26760.0,26781.6,43816.0
1687218300000,26781.6,26868.2,26773.0,26847.0,142532.0
1687219200000,26847.0,26854.1,26796.8,26804.5,98668.0
1687220100000,26804.6,26979.9,26794.5,26920.6,447726.0
1687221000000,26920.7,26930.9,26871.2,26889.6,146067.0
1687221900000,26889.6,27049.7,26889.6,26983.3,348562.0
1687222800000,26982.9,27180.0,26954.9,27135.8,702066.0
1687223700000,27135.8,27158.9,26986.1,26995.2,310545.0
1687224600000,26995.2,27022.5,26902.8,26916.3,330051.0
1687225500000,26916.3,26934.0,26880.0,26905.3,149342.0
1687226400000,26905.4,26933.0,26870.0,26930.0,139845.0
1687227300000,26928.3,26945.1,26871.7,26881.5,93869.0
1687228200000,26881.6,26931.4,26881.6,26895.9,65204.0
1687229100000,26895.9,26919.3,26895.9,26910.0,39955.0
1687230000000,26910.0,26967.0,26910.0,26949.9,96583.0
1687230900000,26949.9,26955.2,26931.0,26934.4,45320.0
1687231800000,26934.3,26952.0,26900.0,26902.8,76404.0
1687232700000,26902.8,26924.0,26884.2,26890.8,80446.0
1687233600000,26890.9,26935.0,26890.8,26935.0,54845.0
1687234500000,26935.0,26962.2,26925.0,26940.1,80537.0
1687235400000,26940.0,26959.2,26922.0,26946.0,58774.0
1687236300000,26946.5,26960.0,26935.4,26957.2,52184.0
1687237200000,26957.2,27008.4,26950.1,26985.9,149245.0
1687238100000,26985.9,27034.4,26917.6,26930.1,187497.0
1687239000000,26930.0,26937.4,26831.6,26874.3,261457.0
1687239900000,26874.2,26893.8,26786.0,26819.6,285590.0
1687240800000,26819.7,26842.8,26750.0,26778.9,261125.0
1687241700000,26778.9,26829.6,26750.8,26818.1,185554.0
1687242600000,26818.2,26831.9,26789.9,26795.1,50152.0
1687243500000,26795.0,26823.6,26781.3,26788.0,64621.0
1687244400000,26787.9,26811.0,26759.3,26806.5,100090.0
1687245300000,26810.7,26824.8,26808.3,26819.6,36556.0
1687246200000,26819.6,26826.0,26816.3,26821.1,37084.0
1687247100000,26821.3,26844.4,26821.2,26835.7,66550.0
1687248000000,26835.4,26839.9,26780.5,26784.8,76605.0
1687248900000,26784.8,26793.0,26766.0,26775.4,89860.0
1687249800000,26775.3,26790.0,26738.0,26755.0,130870.0
1687250700000,26754.9,26770.0,26732.2,26757.6,90798.0
1687251600000,26757.6,26776.4,26742.4,26744.0,53544.0
1687252500000,26744.0,26772.8,26743.6,26757.2,29887.0
1687253400000,26757.1,26821.7,26703.0,26804.0,191075.0
1687254300000,26804.0,26815.0,26781.1,26783.3,41365.0
1687255200000,26783.2,26799.5,26755.1,26799.1,42613.0
1687256100000,26799.0,26835.0,26788.7,26794.1,68821.0
1687257000000,26793.4,26819.3,26777.9,26797.5,43587.0
1687257900000,26797.5,26800.0,26771.8,26778.2,24595.0
1687258800000,26778.1,26794.2,26756.9,26789.3,37752.0
1687259700000,26789.2,26799.8,26772.0,26796.9,19778.0
1687260600000,26797.0,26824.9,26797.0,26819.5,49304.0
1687261500000,26819.4,26913.8,26819.4,26906.6,227445.0
1687262400000,26906.6,26981.3,26874.4,26918.9,332464.0
1687263300000,26918.9,26961.7,26852.0,26864.4,214115.0
1687264200000,26864.4,26900.0,26833.4,26856.1,137777.0
1687265100000,26856.1,26872.8,26835.7,26855.4,65610.0
1687266000000,26855.5,26887.0,26854.2,26866.1,57980.0
1687266900000,26866.2,26915.6,26866.1,26900.1,88599.0
1687267800000,26900.0,26941.0,26836.6,26865.9,165886.0
1687268700000,26865.9,26954.5,26777.0,26813.8,283007.0
1687269600000,26812.1,26849.5,26770.2,26807.8,219966.0
1687270500000,26807.8,26807.8,26666.0,26673.9,517660.0
1687271400000,26673.9,26757.6,26651.9,26742.7,254273.0
1687272300000,26743.8,26791.5,26743.1,26776.0,130862.0
1687273200000,26777.8,26811.8,26746.2,26763.3,121659.0
1687274100000,26763.2,26792.0,26740.0,26789.9,69765.0
1687275000000,26789.9,26900.0,26789.9,26867.8,281372.0
1687275900000,26867.9,27136.1,26867.9,27068.5,1053509.0
1687276800000,27068.6,27109.8,26987.6,27109.8,514261.0
1687277700000,27109.7,27278.0,27072.0,27204.5,1386280.0
1687278600000,27204.5,27318.4,27149.7,27310.0,681792.0
1687279500000,27309.9,27395.0,27260.0,27376.8,857404.0
1687280400000,27376.9,27500.0,27348.5,27356.4,1010723.0
1687281300000,27355.3,27424.0,27329.2,27394.1,377947.0
1687282200000,27394.1,27498.0,27356.0,27487.9,449142.0
1687283100000,27487.5,28016.0,27477.2,27795.9,2875810.0
1687284000000,27798.4,28032.2,27777.0,27963.9,904264.0
1687284900000,27964.0,28133.2,27865.8,27990.0,841521.0
1687285800000,27990.0,28018.0,27860.0,27934.2,337375.0
1687286700000,27934.1,28148.5,27917.7,28068.9,499523.0
1687287600000,28069.3,28115.9,27790.0,27906.3,1053336.0
1687288500000,27906.4,27968.9,27854.0,27940.6,288483.0
1687289400000,27940.7,27986.9,27867.6,27930.4,175445.0
1687290300000,27930.4,27983.9,27902.6,27983.7,189879.0
1687291200000,27982.1,28090.0,27869.5,27887.9,455884.0
1687292100000,27887.9,27990.8,27887.9,27969.8,124047.0
1687293000000,27969.7,28188.0,27952.6,28065.8,439351.0
1687293900000,28065.9,28258.0,28065.8,28155.4,600879.0
1687294800000,28155.5,28220.3,28075.1,28163.8,253476.0
1687295700000,28165.5,28229.4,28093.9,28196.7,260158.0
1687296600000,28196.6,28337.3,28121.4,28218.9,280313.0
1687297500000,28218.9,28226.7,28101.0,28134.2,184054.0
1687298400000,28134.2,28162.3,28100.3,28146.0,152487.0
1687299300000,28146.0,28204.3,28120.0,28186.0,115045.0
1687300200000,28186.1,28233.1,28146.0,28203.9,117134.0
1687301100000,28203.9,28268.0,28195.7,28210.0,134832.0
1687302000000,28210.0,28244.0,28182.8,28184.2,143439.0
1687302900000,28184.2,28336.7,28150.0,28331.9,236192.0
1687303800000,28330.9,28350.0,28240.7,28292.1,331784.0
1687304700000,28292.1,28400.0,28284.6,28294.8,374650.0
1687305600000,28294.8,28326.7,28262.9,28300.4,213529.0
1687306500000,28300.4,28540.3,28252.8,28332.1,856756.0
1687307400000,28332.1,28367.9,28276.0,28354.5,277497.0
1687308300000,28354.5,28496.8,28332.6,28414.4,422670.0
1687309200000,28414.4,29131.0,28395.0,28879.9,2897137.0
1687310100000,28880.0,28889.8,28700.0,28839.9,513587.0
1687311000000,28839.9,28844.0,28732.0,28771.9,229586.0
1687311900000,28770.7,28844.8,28750.0,28787.7,228849.0
1687312800000,28786.1,28893.8,28759.5,28837.9,316918.0
1687313700000,28838.0,28860.0,28785.0,28832.1,120454.0
1687314600000,28832.1,28841.8,28775.0,28776.1,169002.0
1687315500000,28776.1,28800.7,28762.5,28788.9,128509.0
1687316400000,28788.9,28800.0,28700.0,28726.3,165187.0
1687317300000,28727.2,28749.2,28685.3,28717.9,105764.0
1687318200000,28717.9,28813.8,28708.2,28746.7,148055.0
1687319100000,28746.7,28746.7,28720.0,28724.2,67208.0
1687320000000,28724.2,28754.2,28688.0,28700.1,144167.0
1687320900000,28700.1,28810.0,28700.0,28772.4,189358.0
1687321800000,28772.4,28795.7,28716.1,28723.5,122352.0
1687322700000,28723.0,28804.2,28723.0,28787.3,91152.0
1687323600000,28785.9,28830.0,28768.7,28815.6,108544.0
1687324500000,28815.5,28916.4,28815.2,28848.8,276804.0
1687325400000,28848.9,28855.2,28793.5,28833.5,107622.0
1687326300000,28833.4,28994.4,28823.3,28982.6,349542.0
1687327200000,28982.6,29021.5,28844.9,28854.6,316606.0
1687328100000,28854.7,28884.2,28786.7,28833.0,202251.0
1687329000000,28832.9,28844.8,28775.2,28819.8,90979.0
1687329900000,28819.8,28868.6,28784.0,28856.9,106166.0
1687330800000,28856.9,28892.8,28830.9,28835.9,130660.0
1687331700000,28835.8,28886.2,28824.1,28879.6,66317.0
1687332600000,28879.6,28909.1,28857.5,28906.6,92726.0
1687333500000,28906.5,28920.1,28860.0,28871.4,114952.0
1687334400000,28872.5,28900.0,28848.0,28896.6,116383.0
1687335300000,28896.7,28911.8,28824.8,28846.3,117660.0
1687336200000,28846.4,28860.2,28800.0,28826.9,120317.0
1687337100000,28826.8,28841.8,28794.4,28828.8,73368.0
1687338000000,28828.8,28864.8,28822.8,28861.4,81817.0
1687338900000,28861.4,28938.9,28861.4,28911.0,147876.0
1687339800000,28911.1,28939.7,28875.6,28924.0,129491.0
1687340700000,28924.0,28964.0,28878.6,28919.8,165075.0
1687341600000,28919.8,28985.0,28907.5,28959.7,186084.0
1687342500000,28959.7,29088.0,28926.0,29044.2,400144.0
1687343400000,29044.5,29249.4,28877.5,28898.3,1149182.0
1687344300000,28898.3,28906.6,28825.2,28835.8,310774.0
1687345200000,28835.8,28875.9,28802.7,28873.9,224146.0
1687346100000,28873.8,28905.8,28844.6,28894.9,103448.0
1687347000000,28894.8,29019.3,28870.2,28985.5,257249.0
1687347900000,28985.5,29044.0,28924.0,28924.0,235059.0
1687348800000,28924.0,28988.0,28891.6,28966.0,157702.0
1687349700000,28968.0,29148.6,28956.0,29074.5,475793.0
1687350600000,29074.4,29131.2,28947.2,28960.9,301453.0
1687351500000,28960.9,29013.9,28880.6,28885.1,224467.0
1687352400000,28885.0,28959.0,28870.0,28942.8,181121.0
1687353300000,28942.9,29065.4,28942.8,29039.5,248476.0
1687354200000,29041.1,29120.0,29000.0,29104.4,278392.0
1687355100000,29104.3,29450.0,29092.0,29304.9,1721018.0
1687356000000,29305.0,29325.0,29069.0,29165.0,797756.0
1687356900000,29164.3,29456.2,29135.2,29311.8,788941.0
1687357800000,29311.8,29568.0,29308.8,29407.6,1229023.0
1687358700000,29407.6,29600.0,29346.4,29537.9,593182.0
1687359600000,29537.8,29639.9,29480.5,29582.5,738780.0
1687360500000,29582.5,29950.0,29555.4,29923.9,1805770.0
1687361400000,29923.9,30045.5,29747.9,29814.0,1243107.0
1687362300000,29814.1,29912.2,29766.8,29854.7,464490.0
1687363200000,29857.8,30055.0,29766.0,29931.9,980769.0
1687364100000,29931.8,30787.7,29922.0,30659.6,2985929.0
1687365000000,30659.6,30836.5,30468.7,30654.9,1924691.0
1687365900000,30654.9,30668.1,30150.5,30186.0,1592188.0
1687366800000,30186.1,30363.8,29868.2,29993.7,1857005.0
1687367700000,29993.6,30176.0,29862.1,29979.0,991362.0
1687368600000,29979.0,30073.0,29880.2,29907.9,457761.0
1687369500000,29908.0,30114.6,29901.0,30088.9,353409.0
1687370400000,30088.9,30275.9,30028.5,30250.1,403850.0
1687371300000,30250.1,30287.7,30153.1,30224.3,215797.0
1687372200000,30224.3,30302.0,30168.8,30258.0,150375.0
1687373100000,30258.0,30258.0,30022.2,30142.6,375953.0
1687374000000,30142.6,30189.0,30021.5,30124.8,234646.0
1687374900000,30124.9,30137.7,29904.4,29978.1,332038.0
1687375800000,29976.8,30099.4,29971.2,30089.2,107247.0
1687376700000,30089.1,30164.0,30063.8,30118.4,138702.0
1687377600000,30118.5,30161.9,30035.4,30116.9,87690.0
1687378500000,30116.9,30131.6,30012.0,30068.4,73510.0
1687379400000,30068.5,30100.0,30002.2,30045.2,59377.0
1687380300000,30045.1,30045.2,29872.1,29999.4,253279.0
1687381200000,29999.4,30032.8,29800.0,30016.2,306507.0
1687382100000,30016.1,30049.3,29929.9,29954.7,81753.0
1687383000000,29954.7,30007.2,29835.1,29850.4,80715.0
1687383900000,29850.4,29915.2,29837.7,29899.9,56488.0
1687384800000,29899.9,29954.5,29870.1,29911.3,94941.0
1687385700000,29911.3,29997.1,29886.7,29977.6,68635.0
1687386600000,29977.7,30089.0,29963.2,30041.1,109061.0
1687387500000,30041.1,30164.4,30037.7,30121.3,212299.0
1687388400000,30121.3,30210.9,30086.8,30128.0,232871.0
1687389300000,30128.0,30190.3,30088.7,30144.9,110126.0
1687390200000,30142.5,30172.5,30111.3,30125.3,60106.0
1687391100000,30125.2,30147.1,29994.3,30010.4,120228.0
1687392000000,30010.3,30037.7,29896.1,29960.0,202940.0
1687392900000,29960.0,30208.5,29940.0,30170.1,176479.0
1687393800000,30170.1,30250.0,30117.4,30207.9,281292.0
1687394700000,30208.0,30244.6,30068.0,30145.4,144796.0
1687395600000,30145.4,30221.0,30070.1,30199.4,122984.0
1687396500000,30196.6,30218.0,30130.0,30147.4,98902.0
1687397400000,30147.3,30174.7,30082.8,30169.5,89816.0
1687398300000,30169.5,30174.0,30130.2,30158.0,46022.0
1687399200000,30158.1,30177.7,30088.3,30164.0,119736.0
1687400100000,30164.0,30295.5,30152.1,30281.8,227917.0
1687401000000,30281.7,30392.0,30240.4,30370.2,249858.0
1687401900000,30370.2,30510.2,30343.6,30472.1,453197.0
1687402800000,30470.9,30489.9,30336.1,30370.0,208996.0
1687403700000,30370.0,30371.3,30265.3,30289.3,164062.0
1687404600000,30289.2,30337.3,30265.0,30322.7,75176.0
1687405500000,30322.7,30322.7,30240.6,30300.1,73174.0
1687406400000,30300.0,30321.2,30214.2,30234.5,110732.0
1687407300000,30234.8,30265.5,30201.1,30215.9,74491.0
1687408200000,30216.0,30260.0,30216.0,30236.3,38688.0
1687409100000,30236.3,30354.8,30236.3,30350.0,99468.0
1687410000000,30350.0,30350.0,30284.5,30309.4,77004.0
1687410900000,30309.5,30333.0,30276.1,30302.1,65204.0
1687411800000,30302.0,30328.1,30263.0,30272.0,71259.0
1687412700000,30272.1,30300.0,30236.9,30288.0,53987.0
1687413600000,30288.0,30295.3,30066.0,30088.5,326014.0
1687414500000,30088.5,30142.2,30066.0,30135.0,216178.0
1687415400000,30135.0,30141.6,30077.0,30105.3,104569.0
1687416300000,30105.3,30141.6,30043.2,30130.5,108813.0
1687417200000,30130.5,30188.0,30117.8,30135.9,109836.0
1687418100000,30136.0,30174.0,30067.5,30067.5,94379.0
1687419000000,30066.7,30107.3,30016.0,30070.2,196273.0
1687419900000,30070.2,30121.5,30048.6,30103.0,115011.0
1687420800000,30102.9,30161.8,30081.0,30121.4,90125.0
1687421700000,30121.4,30125.6,30060.0,30062.8,47591.0
1687422600000,30062.8,30095.0,30040.0,30060.1,79562.0
1687423500000,30060.0,30132.7,30050.0,30102.1,60698.0
1687424400000,30104.8,30172.7,30060.5,30162.1,97003.0
1687425300000,30162.1,30185.0,30136.1,30172.1,70258.0
1687426200000,30172.1,30172.1,30115.0,30121.2,40231.0
1687427100000,30121.1,30164.3,30104.8,30139.4,71636.0
1687428000000,30139.4,30150.0,30096.7,30147.4,49568.0
1687428900000,30147.4,30254.0,30125.3,30235.9,244477.0
1687429800000,30235.9,30236.0,30188.4,30200.1,82396.0
1687430700000,30200.1,30226.2,30159.5,30180.2,117727.0
1687431600000,30180.1,30188.4,29829.4,29981.9,994829.0
1687432500000,29981.9,30098.4,29890.1,30036.1,371857.0
1687433400000,30036.1,30061.5,29989.4,30018.2,141619.0
1687434300000,30018.2,30027.6,29858.8,29932.3,300691.0
1687435200000,29932.2,30094.0,29920.0,30076.8,262920.0
1687436100000,30076.8,30109.6,30024.0,30041.1,129409.0
1687437000000,30041.1,30146.1,30015.0,30138.4,131429.0
1687437900000,30138.4,30138.5,30096.6,30121.4,64657.0
1687438800000,30121.3,30200.0,30110.7,30161.8,198590.0
1687439700000,30161.8,30330.0,30156.3,30248.4,451878.0
1687440600000,30248.4,30286.8,30173.5,30202.5,194760.0
1687441500000,30203.7,30359.0,30195.2,30239.9,311369.0
1687442400000,30239.9,30298.3,30199.7,30298.2,152611.0
1687443300000,30298.3,30298.3,30111.0,30160.3,280591.0
1687444200000,30160.3,30160.4,29525.4,29746.3,1835454.0
1687445100000,29746.3,29817.9,29658.7,29750.4,573959.0
1687446000000,29753.7,29965.6,29742.8,29784.0,587325.0
1687446900000,29784.0,29836.6,29705.9,29742.1,365412.0
1687447800000,29742.0,29843.8,29670.0,29823.9,284900.0
1687448700000,29823.9,29919.2,29787.1,29853.3,248871.0
1687449600000,29852.2,29992.8,29821.8,29947.9,403370.0
1687450500000,29947.8,30102.2,29868.9,30102.1,402530.0
1687451400000,30102.2,30182.2,30021.4,30028.1,460025.0
1687452300000,30028.0,30028.0,29890.0,29975.0,455728.0
1687453200000,29975.0,29986.6,29886.7,29953.0,170216.0
1687454100000,29951.8,30041.5,29946.0,30013.5,132397.0
1687455000000,30013.5,30143.9,29988.4,30125.0,162981.0
1687455900000,30125.0,30190.6,30102.8,30147.9,148752.0
1687456800000,30147.9,30171.4,30044.5,30089.1,138116.0
1687457700000,30089.1,30089.2,30020.6,30034.0,53899.0
1687458600000,30032.1,30122.9,29963.0,30030.1,160864.0
1687459500000,30028.5,30148.1,30018.0,30134.4,133007.0
1687460400000,30137.9,30155.4,30044.9,30057.8,114886.0
1687461300000,30057.7,30116.5,30048.3,30054.5,69382.0
1687462200000,30057.9,30183.2,30057.9,30177.8,75840.0
1687463100000,30177.9,30248.0,30134.3,30214.0,130180.0
1687464000000,30214.0,30265.0,30120.7,30192.0,140295.0
1687464900000,30192.0,30206.4,30079.0,30098.9,91338.0
1687465800000,30096.9,30140.3,30093.4,30132.1,45684.0
1687466700000,30132.0,30162.3,30118.3,30154.8,26685.0
1687467600000,30154.8,30171.3,30120.4,30128.0,23290.0
1687468500000,30128.7,30131.4,30012.6,30014.4,88307.0
1687469400000,30014.4,30055.1,29962.5,29969.9,87182.0
1687470300000,29970.0,30095.0,29969.9,30048.9,48893.0
1687471200000,30048.9,30082.0,30007.9,30028.1,43231.0
1687472100000,30028.1,30073.0,29991.1,30036.6,73909.0
1687473000000,30036.6,30050.9,29984.0,30016.2,44882.0
1687473900000,30016.1,30025.0,29871.9,29924.4,167356.0
1687474800000,29924.4,29965.1,29904.4,29949.5,68811.0
1687475700000,29949.5,29996.0,29949.5,29983.5,34811.0
1687476600000,29983.2,30000.0,29946.1,29958.8,44433.0
1687477500000,29958.0,29984.0,29888.0,29890.0,66424.0
1687478400000,29889.1,30006.5,29880.0,29998.6,110389.0
1687479300000,29998.5,30052.9,29979.7,30022.1,138347.0
1687480200000,30022.0,30066.0,29989.0,30014.9,74139.0
1687481100000,30014.9,30029.9,29978.8,30018.5,49097.0
1687482000000,30018.4,30034.4,29982.1,30020.3,66346.0
1687482900000,30020.3,30060.5,30005.7,30041.8,56327.0
1687483800000,30041.7,30048.0,29985.0,30001.8,39249.0
1687484700000,30001.8,30010.0,29930.4,29938.2,67572.0
1687485600000,29938.2,29943.0,29794.0,29879.9,271228.0
1687486500000,29880.0,29933.0,29850.2,29929.2,103038.0
1687487400000,29929.1,29981.0,29918.0,29977.5,64908.0
1687488300000,29977.4,29993.6,29951.0,29993.2,38649.0
1687489200000,29993.2,30004.9,29980.2,29993.6,48252.0
1687490100000,29993.7,30024.8,29976.9,30006.7,65298.0
1687491000000,30006.7,30029.4,29989.3,30009.8,53999.0
1687491900000,30009.8,30028.0,30005.2,30012.8,37540.0
1687492800000,30012.8,30041.9,30012.6,30023.0,64322.0
1687493700000,30022.9,30074.0,30006.4,30011.6,107246.0
1687494600000,30010.6,30055.6,30010.6,30054.8,38247.0
1687495500000,30054.9,30091.3,30003.6,30010.8,80006.0
1687496400000,30010.7,30034.0,29986.4,30005.1,40875.0
1687497300000,30005.2,30052.0,29983.5,30048.4,68780.0
1687498200000,30048.5,30073.9,30048.5,30053.9,35157.0
1687499100000,30053.9,30055.1,30037.4,30049.9,21437.0
1687500000000,30049.9,30066.0,30029.4,30061.5,31309.0
1687500900000,30064.6,30070.0,30041.5,30050.0,25338.0
1687501800000,30050.1,30052.9,30010.0,30021.3,29011.0
1687502700000,30021.3,30040.0,29977.7,30019.9,76899.0
1687503600000,30020.0,30020.3,29980.0,29980.0,49983.0
1687504500000,29980.0,29994.2,29936.0,29988.6,98512.0
1687505400000,29988.6,30011.0,29955.5,29960.5,53614.0
1687506300000,29958.6,29967.0,29929.2,29941.8,82241.0
1687507200000,29941.7,29965.8,29911.3,29960.4,75798.0
1687508100000,29960.3,30034.6,29960.3,30027.1,92884.0
1687509000000,30027.1,30040.0,30006.0,30012.3,46162.0
1687509900000,30012.2,30045.2,30005.0,30005.0,49130.0
1687510800000,30005.1,30024.1,29976.2,30022.1,48162.0
1687511700000,30022.3,30033.0,29977.3,29993.0,55702.0
1687512600000,29991.6,29999.8,29963.1,29989.7,31650.0
1687513500000,29989.8,30180.0,29969.1,30153.0,300317.0
1687514400000,30153.0,30200.0,30100.0,30123.5,274514.0
1687515300000,30123.5,30165.6,29927.3,30024.2,314134.0
1687516200000,30024.2,30084.9,30012.0,30055.8,100355.0
1687517100000,30055.8,30115.0,30048.7,30078.0,91901.0
1687518000000,30079.7,30118.8,30066.0,30106.4,75897.0
1687518900000,30106.3,30106.3,30034.3,30049.6,67574.0
1687519800000,30048.1,30108.0,30048.0,30085.5,38433.0
1687520700000,30085.5,30156.1,30076.3,30140.0,104386.0
1687521600000,30140.0,30240.0,30124.8,30175.3,235759.0
1687522500000,30175.3,30210.3,30070.0,30087.4,198690.0
1687523400000,30087.4,30113.6,29996.0,30034.7,178256.0
1687524300000,30036.0,30133.2,30025.0,30105.5,125393.0
1687525200000,30105.6,30185.0,30100.0,30146.3,127663.0
1687526100000,30146.3,30152.7,30078.6,30108.4,87437.0
1687527000000,30110.3,30136.9,30054.5,30126.9,90292.0
1687527900000,30126.9,30136.4,29922.9,30075.9,410757.0
1687528800000,30075.9,30105.8,30009.3,30064.6,154335.0
1687529700000,30067.3,30168.6,30056.4,30148.6,216578.0
1687530600000,30148.5,30169.7,30087.6,30153.7,112672.0
1687531500000,30153.7,30350.0,30138.8,30280.4,650774.0
1687532400000,30280.4,30493.7,30246.4,30422.6,827288.0
1687533300000,30422.9,30991.7,30392.3,30652.0,2323709.0
1687534200000,30652.0,31067.4,30600.0,30846.0,1220915.0
1687535100000,30846.0,31471.9,30780.7,31238.0,2562924.0
1687536000000,31236.4,31435.5,31058.0,31385.1,1182027.0
1687536900000,31383.6,31394.0,30658.4,30912.1,1457724.0
1687537800000,30914.0,30991.2,30812.0,30903.9,576464.0
1687538700000,30906.9,31177.7,30845.2,31106.0,687207.0
1687539600000,31106.1,31200.0,31025.1,31171.3,332781.0
1687540500000,31171.3,31249.9,31043.0,31121.7,307631.0
1687541400000,31121.6,31227.8,30999.1,31188.5,367064.0
1687542300000,31188.5,31298.4,31136.0,31244.1,334367.0
1687543200000,31244.1,31276.0,31116.0,31124.0,204719.0
1687544100000,31123.0,31128.5,30930.0,31003.2,376801.0
1687545000000,31003.2,31048.1,30893.1,30961.9,226161.0
1687545900000,30961.4,30979.9,30876.2,30954.3,165205.0
1687546800000,30953.7,30957.3,30845.1,30903.2,215596.0
1687547700000,30903.2,30954.6,30842.8,30893.6,93392.0
1687548600000,30893.6,30927.0,30606.0,30790.0,627588.0
1687549500000,30790.0,30904.0,30753.3,30882.1,147743.0
1687550400000,30881.7,30893.0,30813.3,30862.0,138576.0
1687551300000,30861.9,30886.2,30808.6,30850.9,73068.0
1687552200000,30851.0,30871.5,30783.3,30851.4,116157.0
1687553100000,30851.3,30949.6,30848.1,30900.5,111241.0
1687554000000,30900.5,30910.0,30850.0,30867.9,43798.0
1687554900000,30868.0,30924.0,30850.0,30886.1,79140.0
1687555800000,30886.1,30893.0,30674.5,30799.7,225485.0
1687556700000,30799.8,30799.8,30521.0,30662.1,264413.0
1687557600000,30662.1,30672.9,30524.1,30635.1,222204.0
1687558500000,30635.3,30636.0,30435.9,30542.0,307969.0
1687559400000,30541.9,30649.5,30536.2,30626.0,95944.0
1687560300000,30623.3,30656.4,30622.9,30646.9,58879.0
1687561200000,30646.9,30662.3,30618.2,30628.0,56614.0
1687562100000,30626.5,30643.1,30570.8,30583.0,117944.0
1687563000000,30583.0,30644.1,30570.6,30618.1,69207.0
1687563900000,30618.2,30697.8,30516.0,30693.2,188741.0
1687564800000,30693.2,30707.7,30613.4,30654.3,133817.0
1687565700000,30654.3,30654.4,30536.7,30578.0,113220.0
1687566600000,30578.0,30642.8,30498.0,30582.9,212967.0
1687567500000,30582.9,30589.3,30460.0,30494.0,158117.0
1687568400000,30494.7,30555.6,30444.0,30543.0,176484.0
1687569300000,30543.0,30544.9,30467.9,30474.2,78665.0
1687570200000,30474.2,30557.4,30400.0,30538.2,206732.0
1687571100000,30537.5,30628.6,30520.1,30606.0,151076.0
1687572000000,30606.0,30620.9,30578.1,30607.4,91224.0
1687572900000,30607.4,30664.7,30606.2,30635.9,71609.0
1687573800000,30635.9,30796.0,30631.2,30777.0,375187.0
1687574700000,30777.0,30777.8,30710.6,30755.0,129843.0
1687575600000,30755.0,30761.1,30701.4,30748.8,110898.0
1687576500000,30748.9,30773.0,30715.7,30756.7,101697.0
1687577400000,30756.7,30775.0,30711.4,30748.3,66635.0
1687578300000,30748.2,30753.0,30713.0,30731.2,56685.0
1687579200000,30731.2,30734.5,30655.0,30692.6,100212.0
1687580100000,30692.5,30757.4,30692.5,30732.1,68763.0
1687581000000,30732.1,30753.7,30716.3,30719.9,38862.0
1687581900000,30719.9,30741.3,30702.5,30708.6,49761.0
1687582800000,30708.6,30755.0,30681.4,30746.6,68426.0
1687583700000,30746.7,30757.0,30730.1,30740.3,37426.0
1687584600000,30740.4,30746.0,30700.5,30700.5,79637.0
1687585500000,30700.5,30742.0,30700.5,30732.5,47250.0
1687586400000,30732.4,30732.5,30671.0,30673.0,107347.0
1687587300000,30672.9,30690.0,30634.0,30677.2,60342.0
1687588200000,30677.3,30710.0,30677.0,30708.9,46479.0
1687589100000,30709.0,30731.6,30676.3,30707.1,70294.0
1687590000000,30707.4,30707.4,30658.0,30676.0,57217.0
1687590900000,30675.9,30705.2,30650.1,30704.5,66325.0
1687591800000,30704.5,30708.6,30606.8,30608.3,188894.0
1687592700000,30608.3,30642.7,30560.4,30576.0,119349.0
1687593600000,30576.0,30645.1,30572.8,30637.9,76994.0
1687594500000,30637.8,30661.8,30602.1,30603.3,63882.0
1687595400000,30603.2,30613.5,30557.0,30572.7,62955.0
1687596300000,30573.9,30633.9,30560.0,30614.5,67927.0
1687597200000,30614.4,30622.7,30589.4,30589.4,41398.0
1687598100000,30589.4,30633.4,30589.4,30624.3,40424.0
1687599000000,30624.3,30626.5,30579.4,30606.1,44098.0
1687599900000,30606.0,30650.1,30590.6,30627.8,105151.0
1687600800000,30627.8,30659.7,30612.3,30656.0,73766.0
1687601700000,30655.9,30727.1,30642.6,30727.0,163880.0
1687602600000,30727.0,30727.1,30688.4,30713.7,93574.0
1687603500000,30713.7,30744.0,30712.2,30740.1,51957.0
1687604400000,30740.1,30740.1,30691.8,30716.1,39603.0
1687605300000,30716.1,30716.2,30658.2,30686.0,65779.0
1687606200000,30685.8,30695.7,30664.7,30664.7,25058.0
1687607100000,30664.8,30692.0,30658.4,30685.2,32584.0
1687608000000,30685.2,30691.5,30651.5,30670.7,52598.0
1687608900000,30670.6,30787.9,30650.6,30754.2,205824.0
1687609800000,30754.2,30799.0,30733.6,30760.6,121183.0
1687610700000,30760.6,30760.6,30682.6,30694.3,62794.0
1687611600000,30693.8,30723.1,30662.4,30685.3,67603.0
1687612500000,30685.3,30700.9,30608.8,30625.7,142483.0
1687613400000,30625.7,30684.0,30596.0,30638.7,123317.0
1687614300000,30638.6,30664.2,30580.0,30647.8,117801.0
1687615200000,30647.7,30680.4,30613.9,30678.5,113699.0
1687616100000,30678.6,30680.4,30606.2,30642.5,55108.0
1687617000000,30642.4,30724.0,30634.4,30686.8,78693.0
1687617900000,30686.8,30700.0,30652.2,30692.8,41350.0
1687618800000,30692.7,30704.8,30585.0,30610.9,193828.0
1687619700000,30610.9,30611.0,30525.9,30566.1,217663.0
1687620600000,30566.0,30566.1,30300.0,30439.9,696658.0
1687621500000,30440.0,30493.1,30363.4,30404.7,292554.0
1687622400000,30404.7,30453.3,30240.6,30453.2,440078.0
1687623300000,30453.2,30508.0,30436.1,30463.9,219752.0
1687624200000,30464.0,30498.0,30419.0,30431.8,86031.0
1687625100000,30431.9,30517.9,30431.9,30515.0,78106.0
1687626000000,30515.0,30661.4,30502.1,30578.4,321884.0
1687626900000,30578.4,30639.4,30541.1,30571.0,122159.0
1687627800000,30571.0,30576.0,30529.8,30547.9,82121.0
1687628700000,30548.0,30624.3,30547.9,30581.8,65658.0
1687629600000,30581.7,30679.3,30565.9,30670.7,85136.0
1687630500000,30670.6,30695.6,30640.6,30667.9,81557.0
1687631400000,30668.0,30679.7,30621.4,30662.0,46149.0
1687632300000,30662.1,30675.5,30631.3,30639.9,27752.0
1687633200000,30639.9,30680.0,30632.1,30666.6,25172.0
1687634100000,30666.6,30676.9,30633.6,30655.0,27835.0
1687635000000,30655.0,30665.4,30625.0,30650.5,20964.0
1687635900000,30650.5,30655.1,30590.6,30628.0,95043.0
1687636800000,30627.9,30627.9,30560.6,30576.6,40221.0
1687637700000,30576.6,30616.0,30559.5,30594.0,36556.0
1687638600000,30593.9,30593.9,30566.5,30574.8,16259.0
1687639500000,30574.8,30580.1,30483.5,30510.9,100149.0
1687640400000,30510.9,30522.4,30414.0,30415.1,152989.0
1687641300000,30415.1,30539.9,30412.0,30502.2,84993.0
1687642200000,30502.2,30581.9,30486.7,30557.0,61167.0
1687643100000,30557.1,30557.1,30485.8,30515.1,36710.0
1687644000000,30515.1,30543.8,30511.6,30540.0,35547.0
1687644900000,30538.0,30553.7,30491.3,30530.5,38968.0
1687645800000,30530.5,30531.3,30486.5,30495.6,42224.0
1687646700000,30495.6,30530.0,30480.9,30519.0,72161.0
1687647600000,30518.9,30562.3,30517.5,30534.2,76294.0
1687648500000,30534.1,30563.0,30530.4,30556.0,74359.0
1687649400000,30556.0,30577.6,30503.9,30515.0,45977.0
1687650300000,30514.9,30555.0,30497.5,30538.1,39754.0
1687651200000,30538.0,30597.3,30513.5,30594.9,52630.0
1687652100000,30594.9,30594.9,30470.2,30480.1,90423.0
1687653000000,30480.0,30538.1,30478.0,30491.0,71721.0
1687653900000,30491.0,30532.0,30491.0,30524.3,34643.0
1687654800000,30524.2,30588.0,30478.0,30570.0,108901.0
1687655700000,30569.6,30633.6,30544.8,30606.8,198816.0
1687656600000,30606.9,30629.9,30590.0,30611.8,75108.0
1687657500000,30611.9,30624.0,30590.7,30598.9,36607.0
1687658400000,30598.9,30625.7,30593.1,30616.0,63645.0
1687659300000,30616.0,30664.4,30606.9,30641.1,90429.0
1687660200000,30641.1,30689.0,30625.2,30652.1,131095.0
1687661100000,30652.0,30672.3,30614.8,30620.0,49550.0
1687662000000,30620.0,30709.4,30616.0,30694.9,108644.0
1687662900000,30694.9,30731.5,30660.8,30716.3,122341.0
1687663800000,30716.3,30742.1,30701.0,30719.9,95147.0
1687664700000,30720.0,30789.9,30710.1,30750.0,117314.0
1687665600000,30750.0,30890.0,30750.0,30860.9,323890.0
1687666500000,30860.6,30952.0,30860.1,30904.5,339152.0
1687667400000,30906.2,31049.0,30906.2,30932.3,516667.0
1687668300000,30932.3,30975.9,30845.2,30894.3,252483.0
1687669200000,30894.3,30942.1,30833.5,30900.6,162337.0
1687670100000,30902.9,30914.3,30830.4,30866.6,115208.0
1687671000000,30866.6,30906.5,30842.6,30899.9,73895.0
1687671900000,30899.9,30909.8,30854.0,30863.9,61555.0
1687672800000,30864.0,30873.9,30757.4,30785.0,171185.0
1687673700000,30784.9,30995.0,30784.9,30944.1,282713.0
1687674600000,30944.1,30965.2,30831.6,30857.6,166424.0
1687675500000,30857.6,30889.1,30806.3,30875.5,89730.0
1687676400000,30875.4,30881.6,30806.4,30820.0,89543.0
1687677300000,30819.9,30821.9,30664.6,30737.9,275423.0
1687678200000,30739.2,30747.4,30685.0,30718.9,126639.0
1687679100000,30718.9,30738.0,30685.3,30730.1,64622.0
1687680000000,30730.0,30761.3,30718.2,30748.8,66391.0
1687680900000,30748.8,30766.7,30704.1,30740.2,58488.0
1687681800000,30740.2,30750.0,30664.7,30685.3,116144.0
1687682700000,30685.3,30772.6,30677.8,30740.0,133908.0
1687683600000,30740.1,30743.0,30686.2,30706.0,55624.0
1687684500000,30706.1,30720.1,30611.0,30630.3,171951.0
1687685400000,30630.3,30680.0,30590.0,30680.0,108177.0
1687686300000,30679.9,30719.9,30664.1,30686.9,81350.0
1687687200000,30686.9,30697.5,30659.0,30659.0,47319.0
1687688100000,30659.0,30669.3,30590.0,30632.0,117993.0
1687689000000,30631.9,30699.0,30594.0,30680.6,97367.0
1687689900000,30680.5,30693.9,30622.0,30626.1,57394.0
1687690800000,30626.0,30649.6,30595.0,30648.8,69811.0
1687691700000,30648.8,30659.8,30608.2,30612.1,48941.0
1687692600000,30612.1,30647.2,30600.0,30633.4,44127.0
1687693500000,30633.5,30723.1,30632.3,30718.5,78507.0
1687694400000,30718.5,30747.4,30681.3,30690.0,129294.0
1687695300000,30690.0,30708.4,30646.5,30685.7,67891.0
1687696200000,30685.7,30693.9,30649.0,30660.3,41013.0
1687697100000,30660.4,30700.0,30641.5,30672.9,39854.0
1687698000000,30672.9,30695.3,30580.0,30606.9,107411.0
1687698900000,30606.9,30663.8,30521.2,30598.6,234675.0
1687699800000,30599.3,30642.0,30520.0,30627.9,213391.0
1687700700000,30627.1,30694.1,30627.1,30681.3,124005.0
1687701600000,30682.5,30733.4,30643.2,30668.2,159819.0
1687702500000,30668.5,30715.9,30640.2,30692.9,151695.0
1687703400000,30692.9,30721.9,30641.9,30647.3,58223.0
1687704300000,30647.3,30660.8,30530.1,30553.8,263503.0
1687705200000,30553.8,30607.5,30456.0,30603.1,355148.0
1687706100000,30603.2,30646.2,30550.5,30580.0,153470.0
1687707000000,30580.0,30616.4,30516.9,30602.8,92283.0
1687707900000,30602.8,30624.3,30553.4,30585.3,83895.0
1687708800000,30585.1,30660.0,30523.5,30546.0,145689.0
1687709700000,30545.9,30578.4,30501.0,30542.5,118020.0
1687710600000,30542.5,30589.2,30511.0,30588.0,96909.0
1687711500000,30587.9,30615.0,30566.1,30595.9,67199.0
1687712400000,30595.9,30615.0,30585.7,30595.2,38463.0
1687713300000,30595.2,30614.2,30549.9,30563.9,55125.0
1687714200000,30563.9,30602.5,30515.6,30515.6,41906.0
1687715100000,30515.6,30550.3,30488.0,30527.8,91930.0
1687716000000,30527.8,30527.9,30340.4,30399.0,355489.0
1687716900000,30398.9,30471.9,30363.4,30402.1,128460.0
1687717800000,30403.9,30458.6,30340.5,30444.0,122761.0
1687718700000,30444.1,30464.5,30437.3,30457.9,38477.0
1687719600000,30458.0,30458.0,30388.0,30413.7,48510.0
1687720500000,30413.9,30450.3,30383.7,30418.5,52927.0
1687721400000,30418.4,30420.0,30323.1,30368.9,101516.0
1687722300000,30369.0,30441.4,30354.4,30435.9,45629.0
1687723200000,30435.9,30533.9,30416.3,30496.7,109715.0
1687724100000,30495.6,30539.9,30479.7,30500.0,39579.0
1687725000000,30500.1,30502.7,30464.8,30465.0,25418.0
1687725900000,30465.0,30465.1,30275.6,30376.1,204136.0
1687726800000,30378.0,30445.3,30363.6,30438.8,64161.0
1687727700000,30438.7,30499.8,30425.1,30475.1,63213.0
1687728600000,30475.1,30475.1,30434.8,30445.9,40591.0
1687729500000,30445.9,30464.9,30431.0,30463.3,24485.0
1687730400000,30463.2,30509.2,30395.5,30507.5,244330.0
1687731300000,30507.4,30558.4,30490.9,30543.0,121561.0
1687732200000,30542.9,30579.4,30512.1,30525.9,71115.0
1687733100000,30525.9,30528.5,30502.9,30502.9,38223.0
1687734000000,30503.0,30511.9,30473.0,30490.9,68396.0
1687734900000,30490.9,30490.9,30440.0,30465.1,35120.0
1687735800000,30465.0,30465.0,30440.2,30449.9,28005.0
1687736700000,30449.9,30483.0,30440.5,30476.3,45067.0
1687737600000,30476.9,30539.8,30403.1,30405.1,152623.0
1687738500000,30405.0,30563.1,30405.0,30497.9,128344.0
1687739400000,30498.0,30543.8,30476.0,30514.7,65641.0
1687740300000,30514.7,30533.9,30400.0,30401.9,173356.0
1687741200000,30400.1,30415.2,30010.0,30164.3,997821.0
1687742100000,30164.3,30275.5,29956.9,30272.0,843363.0
1687743000000,30272.1,30335.5,30252.0,30262.1,263865.0
1687743900000,30262.0,30266.0,30148.5,30182.2,172957.0
1687744800000,30182.2,30245.8,30172.1,30239.6,96800.0
1687745700000,30239.5,30239.6,30120.0,30152.0,119156.0
1687746600000,30152.0,30229.9,30135.0,30174.3,95215.0
1687747500000,30174.4,30245.5,30162.0,30231.0,58234.0
1687748400000,30231.0,30249.9,30185.3,30209.1,58925.0
1687749300000,30209.2,30260.0,30194.3,30241.0,39540.0
1687750200000,30241.0,30286.0,30206.8,30286.0,55821.0
1687751100000,30286.0,30330.0,30259.5,30295.0,86340.0
1687752000000,30295.0,30324.5,30249.1,30253.5,77710.0
1687752900000,30253.6,30268.7,30210.0,30225.0,100632.0
1687753800000,30225.0,30295.7,30212.0,30247.1,65044.0
1687754700000,30247.1,30265.4,30228.8,30244.2,43967.0
1687755600000,30244.2,30246.6,30202.0,30216.5,34207.0
1687756500000,30216.5,30227.5,30162.0,30220.2,148022.0
1687757400000,30222.0,30278.4,30192.0,30259.5,79472.0
1687758300000,30259.4,30263.2,30202.3,30221.2,70887.0
1687759200000,30221.2,30234.9,30200.0,30229.0,47879.0
1687760100000,30229.0,30297.7,30229.0,30292.4,103038.0
1687761000000,30292.4,30347.1,30269.9,30342.1,183911.0
1687761900000,30342.2,30490.1,30295.9,30480.1,427299.0
1687762800000,30480.1,30573.6,30480.1,30564.1,447196.0
1687763700000,30564.1,30588.8,30388.0,30419.8,434975.0
1687764600000,30419.9,30428.9,30276.0,30371.0,443663.0
1687765500000,30370.9,30416.1,30341.0,30402.2,147119.0
1687766400000,30402.3,30430.0,30334.2,30413.3,120777.0
1687767300000,30413.4,30415.0,30351.5,30377.3,74815.0
1687768200000,30377.3,30388.4,30332.0,30344.4,42668.0
1687769100000,30344.5,30440.0,30324.0,30411.3,135521.0
1687770000000,30411.3,30427.2,30327.2,30352.2,87931.0
1687770900000,30352.3,30382.5,30316.5,30334.8,67740.0
1687771800000,30334.8,30350.0,30322.3,30341.9,40190.0
1687772700000,30341.9,30369.0,30240.3,30269.1,177485.0
1687773600000,30269.1,30279.9,30133.0,30202.9,406646.0
1687774500000,30203.0,30279.2,30191.8,30268.8,108717.0
1687775400000,30268.8,30284.7,30240.0,30273.3,72942.0
1687776300000,30273.3,30294.0,30250.5,30274.1,64330.0
1687777200000,30274.0,30359.0,30259.7,30308.0,184622.0
1687778100000,30308.0,30333.3,30282.2,30322.3,72094.0
1687779000000,30322.3,30342.9,30316.7,30319.2,33019.0
1687779900000,30319.8,30347.3,30301.3,30329.2,61688.0
1687780800000,30329.2,30385.0,30325.0,30355.5,87429.0
1687781700000,30355.5,30355.6,30272.8,30291.0,89014.0
1687782600000,30291.0,30399.8,30257.7,30378.1,138906.0
1687783500000,30378.1,30379.7,30301.7,30354.3,192722.0
1687784400000,30354.4,30401.2,30345.1,30388.0,70520.0
1687785300000,30388.0,30429.0,30364.9,30415.9,100459.0
1687786200000,30416.0,30602.2,30393.0,30493.7,477873.0
1687787100000,30493.8,30664.7,30430.0,30636.4,454307.0
1687788000000,30636.4,30668.9,30510.5,30559.5,287573.0
1687788900000,30559.6,30598.0,30452.9,30509.3,207490.0
1687789800000,30509.2,30519.0,30255.4,30293.1,537338.0
1687790700000,30293.2,30418.0,30293.2,30397.9,229668.0
1687791600000,30397.9,30430.0,30320.2,30419.1,136013.0
1687792500000,30419.1,30428.0,30354.0,30367.0,104298.0
1687793400000,30367.0,30467.4,30357.0,30430.5,92273.0
1687794300000,30430.5,30449.0,30400.0,30414.0,56519.0
1687795200000,30414.0,30434.2,30378.0,30382.2,91648.0
1687796100000,30382.2,30422.9,30300.0,30312.8,94742.0
1687797000000,30312.8,30362.3,30205.0,30208.4,311874.0
1687797900000,30208.3,30215.6,29974.2,30105.9,1115347.0
1687798800000,30105.9,30173.6,29990.4,30020.0,336556.0
1687799700000,30019.9,30147.4,29902.2,30125.1,713755.0
1687800600000,30125.1,30158.0,30059.1,30077.3,98184.0
1687801500000,30077.3,30135.0,30072.1,30077.4,91135.0
1687802400000,30077.3,30128.3,30031.3,30102.2,129382.0
1687803300000,30102.1,30126.6,30052.2,30103.9,100883.0
1687804200000,30103.9,30208.3,30084.6,30176.9,138060.0
1687805100000,30176.7,30256.3,30170.1,30216.9,183071.0
1687806000000,30216.9,30220.0,30070.1,30092.9,139760.0
1687806900000,30092.9,30170.9,30065.4,30146.8,98618.0
1687807800000,30146.8,30244.8,30128.5,30226.0,113920.0
1687808700000,30226.0,30318.1,30205.5,30249.4,182686.0
1687809600000,30249.4,30296.5,30236.0,30267.2,79280.0
1687810500000,30267.1,30278.5,30228.4,30240.0,43471.0
1687811400000,30240.1,30240.1,30155.8,30163.7,73685.0
1687812300000,30163.7,30195.6,30138.2,30161.6,55029.0
1687813200000,30158.7,30219.9,30114.8,30210.0,102340.0
1687814100000,30210.0,30224.9,30170.6,30203.7,43468.0
1687815000000,30203.8,30210.1,30156.2,30159.9,23251.0
1687815900000,30159.9,30189.6,30120.9,30159.1,33360.0
1687816800000,30159.2,30180.1,30103.5,30170.8,72256.0
1687817700000,30169.2,30198.8,30166.1,30181.1,49392.0
1687818600000,30181.1,30262.0,30181.0,30248.2,82168.0
1687819500000,30248.3,30255.0,30217.2,30228.0,67402.0
1687820400000,30228.0,30234.7,30199.8,30215.2,77388.0
1687821300000,30215.1,30250.0,30200.9,30242.1,56475.0
1687822200000,30240.4,30267.8,30226.4,30244.1,45995.0
1687823100000,30244.0,30294.9,30244.0,30273.9,53789.0
1687824000000,30274.0,30283.4,30230.1,30252.0,60148.0
1687824900000,30252.8,30301.9,30252.8,30282.1,54393.0
1687825800000,30282.1,30386.9,30233.0,30318.2,152396.0
1687826700000,30317.2,30386.7,30308.0,30353.4,90803.0
1687827600000,30353.4,30363.5,30311.0,30318.7,57057.0
1687828500000,30318.8,30339.9,30269.8,30331.1,73731.0
1687829400000,30331.1,30358.6,30297.5,30352.5,58887.0
1687830300000,30352.6,30396.0,30333.0,30373.9,107802.0
1687831200000,30373.9,30401.7,30354.1,30394.1,74460.0
1687832100000,30394.1,30423.8,30381.8,30402.6,90289.0
1687833000000,30402.7,30449.5,30402.6,30422.9,85019.0
1687833900000,30423.0,30500.0,30417.7,30491.9,165589.0
1687834800000,30492.0,30505.9,30402.0,30403.6,137976.0
1687835700000,30403.6,30414.0,30382.0,30409.1,64752.0
1687836600000,30409.1,30445.3,30405.4,30439.9,50493.0
1687837500000,30439.9,30443.2,30359.7,30372.8,61035.0
1687838400000,30372.8,30387.3,30350.0,30363.0,59785.0
1687839300000,30363.1,30392.4,30362.1,30388.0,46566.0
1687840200000,30388.1,30394.8,30360.0,30363.1,27385.0
1687841100000,30363.0,30388.5,30352.5,30356.7,37587.0
1687842000000,30356.7,30370.1,30328.3,30365.0,95484.0
1687842900000,30364.9,30366.0,30310.1,30317.9,68908.0
1687843800000,30318.0,30324.5,30258.0,30264.9,153289.0
1687844700000,30265.1,30335.0,30265.1,30326.4,57513.0
1687845600000,30327.5,30329.5,30256.3,30291.5,85543.0
1687846500000,30291.4,30305.1,30244.0,30260.0,62858.0
1687847400000,30260.1,30279.3,30241.3,30278.5,51052.0
1687848300000,30278.5,30335.0,30266.0,30330.0,74728.0
1687849200000,30330.1,30366.7,30315.6,30364.6,87990.0
1687850100000,30364.7,30396.0,30342.0,30353.0,81874.0
1687851000000,30353.0,30414.1,30348.0,30398.5,96270.0
1687851900000,30398.5,30477.3,30386.7,30415.0,192702.0
1687852800000,30415.1,30450.0,30375.4,30398.0,104221.0
1687853700000,30398.1,30426.0,30394.1,30416.8,41634.0
1687854600000,30416.9,30422.6,30351.5,30387.9,67881.0
1687855500000,30387.9,30405.3,30372.7,30397.5,38805.0
1687856400000,30397.5,30405.4,30340.0,30357.4,137405.0
1687857300000,30357.4,30383.4,30349.4,30369.9,85336.0
1687858200000,30370.4,30388.0,30361.5,30374.7,31081.0
1687859100000,30374.7,30410.4,30331.0,30378.2,77055.0
1687860000000,30379.9,30718.3,30379.9,30635.8,822238.0
1687860900000,30635.7,30698.0,30508.0,30510.2,362489.0
1687861800000,30510.2,30609.0,30504.3,30603.7,237622.0
1687862700000,30603.6,30688.0,30586.2,30654.7,213502.0
1687863600000,30654.7,30680.7,30566.0,30600.1,144190.0
1687864500000,30600.1,30612.9,30542.8,30572.0,100628.0
1687865400000,30571.2,30670.0,30564.2,30648.7,159208.0
1687866300000,30648.8,30798.0,30622.0,30725.5,428611.0
1687867200000,30725.5,30764.7,30648.7,30723.9,314065.0
1687868100000,30722.5,30722.5,30645.0,30658.9,135171.0
1687869000000,30658.8,30750.0,30629.6,30741.1,180448.0
1687869900000,30741.0,30754.9,30677.4,30715.7,99221.0
1687870800000,30715.6,30723.2,30582.0,30607.4,207423.0
1687871700000,30609.5,30637.8,30575.2,30597.5,131043.0
1687872600000,30597.4,30637.4,30530.0,30575.0,252082.0
1687873500000,30575.0,30619.1,30530.0,30612.9,110071.0
1687874400000,30612.8,31000.0,30580.0,30742.9,1670360.0
1687875300000,30742.9,30872.0,30675.3,30843.7,508140.0
1687876200000,30843.7,30899.0,30712.3,30738.0,359102.0
1687877100000,30738.0,30824.0,30712.5,30802.3,190259.0
1687878000000,30802.3,30812.7,30557.9,30645.9,377281.0
1687878900000,30646.0,30665.3,30546.5,30566.3,238507.0
1687879800000,30566.2,30633.0,30364.1,30498.0,660652.0
1687880700000,30498.0,30558.9,30485.4,30495.6,221570.0
1687881600000,30495.5,30569.0,30456.5,30517.9,250524.0
1687882500000,30518.0,30585.9,30455.1,30583.6,190533.0
1687883400000,30583.6,30740.6,30580.0,30728.1,326624.0
1687884300000,30728.1,30754.2,30635.1,30708.1,251512.0
1687885200000,30708.0,30743.4,30612.1,30627.9,166473.0
1687886100000,30627.8,30733.2,30627.8,30703.4,129267.0
1687887000000,30703.4,30719.9,30642.4,30707.4,107473.0
1687887900000,30707.4,30766.8,30668.0,30727.3,108035.0
1687888800000,30727.3,30733.9,30654.3,30670.0,66526.0
1687889700000,30669.9,30703.0,30617.8,30687.0,70764.0
1687890600000,30687.0,30743.3,30675.9,30710.0,99355.0
1687891500000,30710.0,30739.0,30682.8,30685.3,42960.0
1687892400000,30685.3,30704.6,30667.6,30696.9,53121.0
1687893300000,30696.8,30703.9,30644.7,30671.1,35309.0
1687894200000,30671.1,30719.7,30650.7,30719.7,57576.0
1687895100000,30719.7,30739.8,30647.5,30655.0,99222.0
1687896000000,30655.0,30715.9,30637.8,30694.6,55045.0
1687896900000,30694.6,30694.6,30551.1,30580.7,97096.0
1687897800000,30580.7,30613.6,30552.0,30586.2,52593.0
1687898700000,30586.1,30659.3,30586.1,30651.7,112242.0
1687899600000,30651.6,30661.8,30616.0,30623.4,60949.0
1687900500000,30623.5,30647.8,30567.3,30645.9,142382.0
1687901400000,30645.9,30699.0,30622.6,30698.9,66977.0
1687902300000,30698.9,30728.6,30662.4,30718.5,75500.0
1687903200000,30718.5,30739.8,30707.4,30719.7,57271.0
1687904100000,30719.7,30719.7,30667.5,30676.1,43750.0
1687905000000,30676.1,30695.2,30593.0,30610.0,72068.0
1687905900000,30610.0,30631.7,30577.7,30585.0,50321.0
1687906800000,30585.0,30607.8,30572.5,30607.8,34993.0
1687907700000,30607.8,30655.0,30607.7,30640.1,40208.0
1687908600000,30640.1,30662.0,30636.8,30644.1,22547.0
1687909500000,30644.0,30730.0,30641.8,30690.1,119685.0
1687910400000,30690.0,30706.7,30589.1,30637.6,111473.0
1687911300000,30636.5,30636.5,30457.1,30524.9,359704.0
1687912200000,30524.9,30547.5,30469.3,30546.8,154073.0
1687913100000,30546.8,30620.0,30500.0,30612.1,162088.0
1687914000000,30612.0,30672.5,30577.3,30623.2,164142.0
1687914900000,30623.2,30623.2,30530.2,30575.1,124631.0
1687915800000,30575.0,30575.1,30489.0,30500.0,138540.0
1687916700000,30500.1,30544.2,30475.0,30501.7,106425.0
1687917600000,30501.6,30536.5,30473.6,30531.8,83759.0
1687918500000,30531.9,30536.2,30485.0,30523.5,52295.0
1687919400000,30523.4,30549.0,30500.0,30536.0,50949.0
1687920300000,30535.9,30536.0,30333.0,30421.9,457861.0
1687921200000,30421.8,30453.5,30399.3,30433.4,113612.0
1687922100000,30433.4,30475.0,30411.5,30464.9,77089.0
1687923000000,30464.9,30477.0,30439.2,30470.3,35560.0
1687923900000,30470.2,30483.5,30443.9,30457.9,59333.0
1687924800000,30458.0,30461.3,30410.2,30430.3,42900.0
1687925700000,30430.3,30451.1,30403.3,30409.9,44188.0
1687926600000,30409.9,30477.0,30390.0,30450.0,77437.0
1687927500000,30450.0,30495.6,30449.1,30484.1,40746.0
1687928400000,30484.1,30486.0,30376.2,30397.4,139786.0
1687929300000,30397.3,30455.0,30391.1,30444.9,72849.0
1687930200000,30444.9,30477.8,30423.2,30468.0,76481.0
1687931100000,30467.6,30476.2,30454.4,30460.1,27488.0
1687932000000,30460.1,30460.1,30380.0,30403.4,103207.0
1687932900000,30403.4,30440.1,30390.0,30400.1,55790.0
1687933800000,30400.1,30457.3,30347.0,30455.6,120478.0
1687934700000,30455.5,30455.5,30366.8,30378.1,81811.0
1687935600000,30378.0,30401.5,30338.3,30384.6,171535.0
1687936500000,30384.7,30393.3,30300.0,30353.1,223761.0
1687937400000,30353.1,30367.2,30183.4,30207.8,810085.0
1687938300000,30207.8,30266.7,30150.0,30196.8,404234.0
1687939200000,30196.7,30227.8,30149.1,30188.2,286972.0
1687940100000,30188.3,30265.5,30170.1,30263.1,130542.0
1687941000000,30263.1,30263.2,30212.1,30236.9,54911.0
1687941900000,30236.9,30284.0,30218.0,30279.6,73505.0
1687942800000,30279.7,30279.7,30239.0,30257.4,53561.0
1687943700000,30257.4,30328.1,30257.4,30321.5,136115.0
1687944600000,30321.6,30331.4,30300.9,30317.0,53447.0
1687945500000,30317.0,30321.3,30283.8,30302.9,41896.0
1687946400000,30302.9,30316.5,30276.9,30292.1,56277.0
1687947300000,30292.1,30338.0,30291.7,30316.7,51498.0
1687948200000,30316.7,30349.0,30310.4,30321.9,52043.0
1687949100000,30322.0,30342.8,30307.9,30340.8,47880.0
1687950000000,30340.9,30366.0,30335.3,30344.8,60963.0
1687950900000,30344.8,30355.0,30329.4,30346.0,33214.0
1687951800000,30346.1,30366.0,30321.1,30365.7,80032.0
1687952700000,30365.7,30386.0,30296.9,30301.0,99316.0
1687953600000,30300.9,30314.7,30262.1,30275.8,113940.0
1687954500000,30275.8,30348.4,30202.1,30332.1,165287.0
1687955400000,30332.1,30371.8,30112.0,30160.0,698701.0
1687956300000,30160.0,30204.9,30030.3,30100.1,544384.0
1687957200000,30100.1,30179.4,30003.6,30170.9,420303.0
1687958100000,30170.8,30196.3,30130.8,30163.2,209616.0
1687959000000,30163.2,30220.2,30140.6,30143.0,154634.0
1687959900000,30141.1,30214.0,30055.0,30206.9,293214.0
1687960800000,30208.0,30277.8,30149.0,30187.4,279711.0
1687961700000,30187.4,30294.0,30179.7,30276.1,156393.0
1687962600000,30276.1,30500.0,30235.3,30464.1,678570.0
1687963500000,30464.1,30476.4,30297.9,30313.8,328805.0
1687964400000,30313.9,30416.7,30280.0,30322.1,231428.0
1687965300000,30322.1,30391.8,30322.1,30366.9,86805.0
1687966200000,30366.8,30449.8,30366.8,30413.2,100883.0
1687967100000,30415.8,30441.2,30380.9,30410.0,86601.0
1687968000000,30410.1,30470.0,30405.2,30431.9,178670.0
1687968900000,30432.0,30444.0,30344.1,30364.8,163614.0
1687969800000,30364.4,30374.9,30299.0,30312.1,131063.0
1687970700000,30312.1,30340.0,30253.1,30256.0,153857.0
1687971600000,30255.9,30285.4,30060.2,30117.7,491802.0
1687972500000,30117.7,30200.0,30056.3,30189.9,203176.0
1687973400000,30189.9,30207.0,30080.6,30141.2,144353.0
1687974300000,30141.3,30166.0,30116.1,30148.2,55144.0
1687975200000,30148.2,30207.9,30139.0,30191.8,96174.0
1687976100000,30191.8,30248.0,30169.7,30241.2,108784.0
1687977000000,30241.1,30255.0,30214.8,30237.5,74731.0
1687977900000,30238.0,30245.4,30174.3,30196.2,50332.0
1687978800000,30196.3,30240.7,30154.2,30226.2,58421.0
1687979700000,30226.2,30255.6,30018.0,30028.2,247072.0
1687980600000,30028.1,30057.5,29833.2,29999.9,1217273.0
1687981500000,29999.9,30120.2,29980.6,30096.3,208112.0
1687982400000,30095.5,30149.3,29987.1,29993.2,167445.0
1687983300000,29993.1,30084.7,29950.1,30042.2,106742.0
1687984200000,30042.2,30123.7,30033.4,30108.0,118682.0
1687985100000,30107.9,30143.5,30080.0,30108.7,56568.0
1687986000000,30108.6,30126.1,30055.7,30058.0,40898.0
1687986900000,30058.1,30116.6,30029.2,30106.5,67936.0
1687987800000,30106.4,30218.2,30106.4,30188.4,94874.0
1687988700000,30188.4,30189.1,30139.0,30143.8,19996.0
1687989600000,30143.7,30176.3,30139.2,30174.0,34890.0
1687990500000,30173.9,30189.1,30128.2,30174.0,37938.0
1687991400000,30174.0,30178.7,30116.8,30116.8,28012.0
1687992300000,30116.8,30123.4,30082.0,30110.1,156746.0
1687993200000,30110.1,30183.5,30095.0,30180.8,84505.0
1687994100000,30180.9,30192.0,30131.3,30133.9,50229.0
1687995000000,30134.0,30138.3,30055.1,30084.6,98381.0
1687995900000,30085.0,30112.0,30079.8,30081.7,41583.0
1687996800000,30081.7,30140.9,30080.0,30118.0,95775.0
1687997700000,30118.0,30181.8,30098.1,30158.4,92791.0
1687998600000,30158.4,30160.8,30090.0,30122.8,65388.0
1687999500000,30122.0,30132.0,30050.0,30082.1,79499.0
1688000400000,30082.1,30151.0,30060.6,30129.0,65472.0
1688001300000,30129.1,30246.2,30123.5,30219.7,190552.0
1688002200000,30219.7,30251.8,30190.8,30197.4,82886.0
1688003100000,30197.4,30200.0,30151.0,30172.6,63042.0
1688004000000,30172.6,30193.8,30156.0,30181.5,41029.0
1688004900000,30180.1,30213.8,30166.1,30190.3,46875.0
1688005800000,30190.4,30190.4,30120.1,30127.5,47936.0
1688006700000,30127.5,30138.8,30100.0,30124.8,53724.0
1688007600000,30124.8,30159.9,30100.0,30150.0,58813.0
1688008500000,30150.0,30199.7,30140.1,30186.0,58067.0
1688009400000,30186.1,30186.1,30157.7,30159.4,27168.0
1688010300000,30159.5,30183.6,30143.0,30178.8,30900.0
1688011200000,30178.8,30195.0,30165.4,30184.9,34642.0
1688012100000,30184.9,30212.0,30140.3,30177.5,114610.0
1688013000000,30177.6,30230.0,30177.6,30216.9,97117.0
1688013900000,30217.0,30234.5,30214.4,30231.4,44600.0
1688014800000,30231.4,30269.3,30227.4,30246.4,90348.0
1688015700000,30246.4,30272.4,30222.1,30229.9,72213.0
1688016600000,30229.9,30229.9,30206.1,30208.1,58928.0
1688017500000,30208.1,30220.0,30183.8,30191.9,55713.0
1688018400000,30191.9,30208.7,30184.0,30206.1,34382.0
1688019300000,30206.1,30225.4,30202.9,30213.5,42963.0
1688020200000,30213.5,30258.2,30213.5,30244.0,47446.0
1688021100000,30244.0,30254.0,30221.2,30238.1,45384.0
1688022000000,30238.1,30433.1,30222.2,30416.4,374958.0
1688022900000,30416.3,30440.1,30338.0,30386.3,273336.0
1688023800000,30386.3,30400.0,30327.5,30352.7,125474.0
1688024700000,30352.6,30373.6,30343.8,30350.9,88631.0
1688025600000,30350.9,30403.9,30343.8,30383.9,101047.0
1688026500000,30384.0,30450.0,30367.5,30446.2,115166.0
1688027400000,30446.1,30458.9,30378.5,30400.1,135297.0
1688028300000,30400.1,30400.2,30365.0,30385.7,112460.0
1688029200000,30385.7,30440.3,30355.0,30423.8,91344.0
1688030100000,30425.1,30450.0,30400.1,30438.0,104479.0
1688031000000,30438.0,30473.4,30402.0,30430.5,122314.0
1688031900000,30431.8,30480.0,30422.1,30435.3,105282.0
1688032800000,30435.3,30571.3,30407.0,30534.1,294230.0
1688033700000,30534.2,30670.0,30510.3,30638.0,540974.0
1688034600000,30638.0,30736.0,30613.3,30686.0,347441.0
1688035500000,30686.0,30751.0,30665.8,30699.7,275667.0
1688036400000,30700.0,30724.1,30615.6,30670.7,218340.0
1688037300000,30670.8,30685.0,30593.1,30646.8,158662.0
1688038200000,30646.8,30657.8,30580.0,30623.3,145102.0
1688039100000,30623.3,30671.1,30623.0,30671.0,95914.0
1688040000000,30671.1,30702.7,30644.1,30683.4,112907.0
1688040900000,30683.3,30715.0,30618.1,30703.2,149473.0
1688041800000,30703.2,30712.5,30622.6,30642.6,136960.0
1688042700000,30642.7,30676.0,30600.8,30624.7,101138.0
1688043600000,30624.7,30750.0,30619.1,30738.7,161217.0
1688044500000,30738.8,30847.5,30678.1,30735.0,621735.0
1688045400000,30735.8,30772.3,30680.0,30681.8,250242.0
1688046300000,30681.8,30747.7,30450.0,30576.3,568443.0
1688047200000,30576.2,30644.7,30512.0,30585.9,296728.0
1688048100000,30585.9,30659.6,30585.8,30591.9,151474.0
1688049000000,30591.9,30603.5,30514.1,30548.0,239826.0
1688049900000,30547.9,30564.9,30400.0,30453.7,388577.0
1688050800000,30452.0,30514.5,30415.0,30512.1,160742.0
1688051700000,30512.1,30540.0,30492.8,30527.1,101909.0
1688052600000,30527.1,30549.8,30502.0,30530.6,88130.0
1688053500000,30530.7,30542.8,30474.7,30479.1,73994.0
1688054400000,30479.6,30593.5,30479.6,30529.6,153374.0
1688055300000,30529.6,30549.4,30493.0,30520.4,72916.0
1688056200000,30520.4,30548.9,30473.5,30525.0,71346.0
1688057100000,30524.9,30535.3,30489.6,30502.3,29592.0
1688058000000,30502.3,30627.9,30417.8,30459.8,336833.0
1688058900000,30459.8,30663.8,30459.8,30643.9,320398.0
1688059800000,30643.9,30671.8,30541.9,30567.4,115151.0
1688060700000,30567.4,30577.0,30524.0,30548.2,80651.0
1688061600000,30548.3,30560.5,30498.0,30536.5,73760.0
1688062500000,30536.5,30593.0,30521.8,30569.2,54513.0
1688063400000,30569.1,30629.4,30566.8,30597.9,100072.0
1688064300000,30597.9,30597.9,30561.2,30569.8,18055.0
1688065200000,30569.8,30579.9,30514.9,30517.4,62529.0
1688066100000,30517.4,30525.5,30499.9,30522.1,42330.0
1688067000000,30522.1,30570.5,30514.0,30530.7,54090.0
1688067900000,30530.7,30615.0,30510.0,30583.5,73962.0
1688068800000,30583.6,30647.1,30493.3,30493.7,98218.0
1688069700000,30493.7,30515.0,30200.0,30361.2,709727.0
1688070600000,30361.2,30387.9,30300.6,30387.9,165957.0
1688071500000,30387.0,30414.7,30362.6,30401.0,58051.0
1688072400000,30398.3,30437.0,30373.4,30422.9,68816.0
1688073300000,30422.9,30436.6,30407.6,30433.4,19425.0
1688074200000,30432.2,30457.9,30419.0,30440.1,26891.0
1688075100000,30440.0,30457.2,30402.1,30421.9,21848.0
1688076000000,30421.9,30455.4,30408.0,30440.1,21210.0
1688076900000,30440.1,30458.0,30434.0,30453.2,26089.0
1688077800000,30453.2,30468.1,30440.8,30465.0,22343.0
1688078700000,30465.0,30468.8,30396.5,30417.5,26294.0
1688079600000,30417.4,30421.8,30394.5,30409.3,27636.0
1688080500000,30409.3,30495.1,30396.0,30489.9,89398.0
1688081400000,30490.0,30534.7,30476.3,30484.0,87491.0
1688082300000,30483.9,30483.9,30451.0,30458.3,28372.0
1688083200000,30458.3,30483.5,30421.2,30423.9,62896.0
1688084100000,30424.0,30517.8,30398.9,30490.5,103306.0
1688085000000,30490.6,30510.0,30464.6,30480.0,36424.0
1688085900000,30480.0,30501.2,30430.1,30442.1,58515.0
1688086800000,30442.0,30442.0,30350.4,30404.2,148696.0
1688087700000,30402.7,30442.1,30372.7,30428.9,79842.0
1688088600000,30428.8,30439.7,30380.0,30387.6,71258.0
1688089500000,30387.6,30399.3,30356.9,30387.3,66992.0
1688090400000,30387.3,30568.6,30376.5,30546.1,226580.0
1688091300000,30546.1,30576.0,30473.7,30567.9,212481.0
1688092200000,30567.9,30767.1,30546.9,30687.0,557868.0
1688093100000,30687.0,30714.6,30628.7,30659.0,189277.0
1688094000000,30659.1,30679.9,30625.8,30672.7,147156.0
1688094900000,30675.0,30789.6,30645.1,30760.0,247282.0
1688095800000,30760.0,30888.0,30756.0,30775.0,596273.0
1688096700000,30774.7,30780.0,30678.6,30749.4,217370.0
1688097600000,30749.3,30779.9,30732.9,30753.1,108133.0
1688098500000,30753.2,30783.3,30691.3,30750.8,153397.0
1688099400000,30750.8,31236.0,30744.9,31179.8,1249365.0
1688100300000,31179.9,31309.9,30835.7,30882.8,1010181.0
1688101200000,30882.9,30988.0,30851.4,30942.0,558055.0
1688102100000,30942.0,30977.5,30886.0,30905.5,213682.0
1688103000000,30905.6,30906.1,30753.6,30792.1,441360.0
1688103900000,30792.1,30815.0,30650.5,30744.6,426587.0
1688104800000,30744.6,30770.0,30658.7,30712.8,193050.0
1688105700000,30712.7,30724.9,30630.0,30653.5,232940.0
1688106600000,30653.5,30692.3,30618.5,30679.0,124537.0
1688107500000,30681.9,30692.7,30633.0,30676.8,93008.0
1688108400000,30676.2,30790.7,30663.1,30737.9,251318.0
1688109300000,30738.0,30757.7,30660.0,30671.0,110264.0
1688110200000,30670.9,30772.9,30669.7,30764.0,127923.0
1688111100000,30764.0,30836.0,30750.0,30768.0,205054.0
1688112000000,30768.0,30793.9,30723.4,30746.8,92202.0
1688112900000,30742.0,30820.0,30732.1,30796.4,111391.0
1688113800000,30796.3,30866.0,30771.5,30863.5,123952.0
1688114700000,30863.6,30911.4,30818.9,30852.1,239684.0
1688115600000,30852.1,30856.0,30771.0,30818.1,142006.0
1688116500000,30818.0,30834.3,30753.7,30805.7,107214.0
1688117400000,30805.6,30838.1,30792.6,30838.1,93820.0
1688118300000,30838.1,30838.1,30745.0,30770.1,87130.0
1688119200000,30770.0,30844.0,30768.0,30828.0,63495.0
1688120100000,30828.0,30877.8,30786.1,30797.0,97758.0
1688121000000,30797.1,30813.5,30750.0,30796.5,87056.0
1688121900000,30796.5,30845.0,30791.0,30809.8,59045.0
1688122800000,30809.9,30837.4,30796.9,30820.6,48805.0
1688123700000,30820.7,30828.6,30780.8,30787.2,40985.0
1688124600000,30787.1,30858.7,30768.0,30830.0,76429.0
1688125500000,30830.0,30950.0,30829.9,30904.3,225932.0
1688126400000,30904.4,31098.0,30881.5,30917.0,593176.0
1688127300000,30917.0,31070.0,30905.8,31059.9,283115.0
1688128200000,31059.9,31133.0,30972.4,31037.2,473676.0
1688129100000,31038.7,31098.5,30978.1,31008.3,236930.0
1688130000000,31008.3,31033.9,30909.1,30976.0,274776.0
1688130900000,30976.0,31092.4,30959.7,31061.8,200782.0
1688131800000,31061.8,31096.2,29955.0,30300.5,4644961.0
1688132700000,30300.6,30302.0,29431.5,30118.8,3475170.0
1688133600000,30118.7,30310.2,29924.3,30289.9,1305029.0
1688134500000,30284.0,30299.4,30138.3,30178.2,474144.0
1688135400000,30178.2,30200.0,30064.9,30080.0,373127.0
1688136300000,30079.9,30193.2,30000.0,30091.2,415087.0
1688137200000,30090.1,30203.9,30055.0,30176.4,211478.0
1688138100000,30176.4,30176.4,30024.1,30086.1,224443.0
1688139000000,30086.1,30094.4,30005.2,30031.7,153685.0
1688139900000,30031.7,30091.9,29993.8,30066.5,205402.0
1688140800000,30066.4,30069.0,29930.0,30019.9,341968.0
1688141700000,30020.0,30155.8,30010.0,30133.3,273000.0
1688142600000,30133.2,30447.1,30116.4,30377.0,743300.0
1688143500000,30377.0,30528.0,30312.0,30401.9,671366.0
1688144400000,30402.0,30527.3,30379.1,30468.0,342479.0
1688145300000,30471.2,30737.6,30463.0,30546.0,833852.0
1688146200000,30546.1,30679.2,30463.3,30616.0,413413.0
1688147100000,30616.0,30635.0,30418.8,30456.0,339548.0
1688148000000,30456.0,30538.6,30338.5,30430.0,298042.0
1688148900000,30430.0,30466.3,30392.6,30425.9,109382.0
1688149800000,30425.9,30443.5,30283.4,30328.0,298642.0
1688150700000,30326.9,30388.1,30308.0,30361.8,123656.0
1688151600000,30361.4,30444.0,30334.4,30420.1,123712.0
1688152500000,30420.1,30450.0,30383.7,30411.4,80663.0
1688153400000,30411.4,30442.1,30366.0,30400.2,53629.0
1688154300000,30400.2,30483.3,30370.0,30371.1,115107.0
1688155200000,30369.6,30455.0,30365.1,30398.0,106913.0
1688156100000,30398.0,30528.8,30370.2,30498.9,163821.0
1688157000000,30498.8,30512.8,30414.0,30421.3,83667.0
1688157900000,30421.4,30443.1,30390.8,30406.9,80170.0
1688158800000,30407.0,30441.7,30348.9,30403.0,81293.0
1688159700000,30402.0,30457.0,30400.1,30443.0,67356.0
1688160600000,30442.9,30472.4,30426.8,30456.1,44144.0
1688161500000,30456.1,30486.0,30446.4,30486.0,29418.0
1688162400000,30486.0,30527.9,30474.9,30520.0,52419.0
1688163300000,30520.1,30531.2,30472.3,30521.1,39343.0
1688164200000,30520.1,30522.0,30488.0,30502.4,42763.0
1688165100000,30502.4,30507.2,30465.0,30486.0,24209.0
1688166000000,30486.0,30486.0,30462.9,30469.9,24948.0
1688166900000,30469.9,30518.0,30454.9,30511.7,45491.0
1688167800000,30510.1,30548.7,30479.0,30516.9,65434.0
1688168700000,30514.6,30514.6,30466.1,30475.1,32069.0
1688169600000,30475.1,30520.0,30420.0,30451.9,71872.0
1688170500000,30452.8,30534.0,30450.2,30514.0,53199.0
1688171400000,30514.0,30537.6,30485.4,30517.8,50326.0
1688172300000,30517.7,30517.7,30457.5,30471.8,57360.0
1688173200000,30471.7,30489.0,30410.0,30476.9,66849.0
1688174100000,30476.1,30476.1,30382.1,30420.8,123871.0
1688175000000,30420.8,30468.8,30402.9,30454.9,44143.0
1688175900000,30453.0,30460.0,30432.6,30444.1,35059.0
1688176800000,30444.1,30477.1,30390.0,30457.4,82636.0
1688177700000,30457.4,30503.8,30452.2,30497.0,59030.0
1688178600000,30497.0,30530.8,30466.9,30475.0,49964.0
1688179500000,30475.0,30477.4,30413.1,30423.1,50709.0
1688180400000,30423.0,30448.0,30414.2,30417.0,48560.0
1688181300000,30417.1,30446.0,30401.1,30409.5,39346.0
1688182200000,30409.6,30423.2,30382.0,30385.9,45960.0
1688183100000,30386.0,30403.9,30375.9,30403.3,29473.0
1688184000000,30403.3,30423.4,30386.2,30387.1,51201.0
1688184900000,30387.1,30393.8,30320.5,30355.7,165807.0
1688185800000,30355.8,30412.9,30326.8,30388.7,71202.0
1688186700000,30388.7,30406.1,30372.0,30397.6,37320.0
1688187600000,30396.1,30411.3,30393.2,30406.1,28493.0
1688188500000,30406.5,30433.0,30402.3,30402.3,44449.0
1688189400000,30402.3,30419.9,30400.0,30409.1,19934.0
1688190300000,30409.1,30438.8,30409.0,30432.3,22202.0
1688191200000,30432.3,30447.3,30429.7,30441.5,38959.0
1688192100000,30441.6,30441.6,30414.6,30429.8,28406.0
1688193000000,30429.9,30429.9,30402.8,30414.0,29158.0
1688193900000,30414.1,30474.3,30407.4,30454.1,96390.0
1688194800000,30454.1,30457.9,30421.2,30424.1,43957.0
1688195700000,30424.0,30455.4,30408.9,30431.3,81944.0
1688196600000,30431.4,30456.0,30426.8,30440.2,27964.0
1688197500000,30440.3,30465.9,30431.1,30465.9,37452.0
1688198400000,30465.9,30479.6,30450.6,30452.3,46435.0
1688199300000,30452.4,30458.0,30437.0,30438.0,26552.0
1688200200000,30437.9,30462.1,30425.0,30459.9,26912.0
1688201100000,30459.9,30472.6,30430.5,30442.7,33882.0
1688202000000,30442.8,30460.8,30434.8,30445.9,24129.0
1688202900000,30446.0,30472.8,30440.0,30471.1,28607.0
1688203800000,30471.2,30471.2,30456.8,30459.7,20255.0
1688204700000,30459.7,30459.7,30443.2,30447.0,16090.0
1688205600000,30446.9,30466.0,30446.9,30463.0,18202.0
1688206500000,30463.1,30497.9,30430.3,30497.9,72103.0
1688207400000,30497.9,30498.9,30460.0,30488.0,73610.0
1688208300000,30488.1,30488.1,30442.6,30475.0,55758.0
1688209200000,30475.0,30500.0,30474.9,30498.3,32865.0
1688210100000,30498.2,30508.5,30480.3,30489.3,43946.0
1688211000000,30489.9,30547.6,30483.0,30547.6,74354.0
1688211900000,30547.6,30609.2,30515.1,30524.5,176148.0
1688212800000,30524.6,30574.9,30506.2,30569.9,89812.0
1688213700000,30570.0,30651.0,30564.3,30579.3,292454.0
1688214600000,30578.7,30611.9,30555.0,30603.8,65058.0
1688215500000,30603.8,30612.0,30558.2,30566.6,72829.0
1688216400000,30566.5,30643.4,30566.2,30568.8,112042.0
1688217300000,30568.8,30603.9,30546.1,30546.1,117650.0
1688218200000,30546.1,30600.0,30541.6,30589.6,43676.0
1688219100000,30589.6,30590.8,30552.7,30567.2,29423.0
1688220000000,30567.2,30579.1,30533.1,30561.4,46867.0
1688220900000,30561.5,30587.6,30550.4,30569.3,23140.0
1688221800000,30568.7,30585.5,30545.6,30566.4,35463.0
1688222700000,30566.4,30619.1,30566.4,30609.0,59149.0
1688223600000,30608.0,30672.7,30560.0,30565.9,140186.0
1688224500000,30566.0,30587.1,30541.0,30575.0,39543.0
1688225400000,30575.0,30598.0,30572.4,30591.6,24952.0
1688226300000,30591.6,30598.0,30564.6,30579.2,41290.0
1688227200000,30579.3,30598.3,30554.7,30554.7,56013.0
1688228100000,30554.6,30579.6,30548.3,30563.8,35115.0
1688229000000,30563.9,30575.0,30541.4,30572.3,36242.0
1688229900000,30572.2,30582.0,30553.0,30572.3,21581.0
1688230800000,30572.3,30580.9,30561.9,30572.4,22437.0
1688231700000,30572.4,30589.0,30571.5,30578.2,17743.0
1688232600000,30578.3,30600.0,30572.1,30593.0,28562.0
1688233500000,30593.0,30597.0,30550.3,30572.3,28043.0
1688234400000,30572.3,30597.0,30572.3,30597.0,12638.0
1688235300000,30596.9,30615.4,30570.1,30585.1,17335.0
1688236200000,30585.2,30596.0,30582.1,30592.9,10286.0
1688237100000,30593.0,30612.9,30593.0,30609.9,19353.0
1688238000000,30610.0,30637.5,30598.0,30603.2,71612.0
1688238900000,30603.3,30629.4,30597.1,30626.0,21010.0
1688239800000,30626.0,30631.9,30594.0,30599.6,30949.0
1688240700000,30600.6,30619.4,30597.1,30610.1,14299.0
1688241600000,30610.2,30612.7,30587.5,30595.7,23491.0
1688242500000,30595.6,30611.6,30595.6,30609.8,8710.0
1688243400000,30609.8,30609.9,30597.0,30599.2,8868.0
1688244300000,30599.2,30602.1,30580.2,30589.0,9113.0
1688245200000,30589.0,30607.7,30574.7,30606.1,23593.0
1688246100000,30606.0,30606.0,30583.1,30586.4,6299.0
1688247000000,30586.3,30596.2,30582.7,30582.7,16842.0
1688247900000,30582.7,30593.1,30579.6,30581.7,12824.0
1688248800000,30581.7,30599.9,30580.8,30596.3,23874.0
1688249700000,30596.3,30603.9,30588.5,30599.3,11229.0
1688250600000,30599.3,30604.0,30555.0,30571.0,47994.0
1688251500000,30570.9,30586.4,30550.0,30583.4,25272.0
1688252400000,30583.4,30603.3,30572.6,30576.4,24872.0
1688253300000,30576.3,30589.2,30568.9,30584.1,17727.0
1688254200000,30584.2,30584.2,30570.2,30573.0,12059.0
1688255100000,30573.0,30598.9,30572.9,30593.9,15345.0
1688256000000,30594.0,30596.9,30560.0,30565.8,30803.0
1688256900000,30565.8,30662.2,30554.1,30657.9,88811.0
1688257800000,30657.8,30657.9,30554.4,30585.6,150740.0
1688258700000,30585.6,30606.9,30569.8,30581.4,27608.0
1688259600000,30581.5,30604.0,30555.1,30594.0,39378.0
1688260500000,30594.0,30597.8,30566.0,30579.2,12459.0
1688261400000,30579.1,30582.3,30557.2,30575.5,35377.0
1688262300000,30575.5,30587.9,30557.7,30568.6,43245.0
1688263200000,30568.6,30579.5,30560.0,30571.4,22521.0
1688264100000,30571.4,30590.9,30460.3,30571.0,222339.0
1688265000000,30571.0,30620.0,30571.0,30598.7,97814.0
1688265900000,30598.9,30603.1,30542.9,30551.6,54279.0
1688266800000,30551.6,30562.5,30530.2,30553.0,41913.0
1688267700000,30554.4,30561.5,30532.6,30550.2,21858.0
1688268600000,30550.2,30554.6,30478.6,30523.8,77227.0
1688269500000,30523.7,30527.5,30484.0,30518.0,59421.0
1688270400000,30518.0,30523.4,30481.2,30514.7,46850.0
1688271300000,30514.7,30543.8,30508.8,30543.8,54608.0
1688272200000,30543.8,30543.8,30500.9,30503.6,33249.0
1688273100000,30504.7,30544.8,30500.0,30533.7,39856.0
1688274000000,30533.7,30561.0,30522.3,30528.3,41459.0
1688274900000,30528.3,30528.4,30500.1,30505.6,25547.0
1688275800000,30505.6,30513.7,30500.0,30510.0,23942.0
1688276700000,30509.9,30528.7,30488.2,30492.3,34537.0
1688277600000,30492.2,30514.3,30480.4,30495.4,49502.0
1688278500000,30495.4,30530.0,30495.4,30526.8,27158.0
1688279400000,30526.0,30526.1,30503.4,30517.4,16268.0
1688280300000,30517.4,30517.4,30485.9,30486.8,22264.0
1688281200000,30487.3,30498.0,30487.0,30496.2,13845.0
1688282100000,30496.3,30520.9,30494.0,30520.9,29977.0
1688283000000,30520.9,30528.3,30507.3,30528.3,15629.0
1688283900000,30528.3,30531.5,30513.4,30517.3,15558.0
1688284800000,30517.3,30540.6,30506.3,30539.3,34114.0
1688285700000,30539.4,30565.9,30530.2,30539.0,42334.0
1688286600000,30539.0,30539.0,30495.0,30500.2,31416.0
1688287500000,30500.0,30513.6,30488.0,30488.0,33489.0
1688288400000,30488.1,30535.0,30488.0,30530.3,28318.0
1688289300000,30530.3,30540.0,30520.5,30539.9,25770.0
1688290200000,30539.9,30556.9,30531.1,30538.8,33763.0
1688291100000,30538.8,30547.9,30518.6,30527.2,35654.0
1688292000000,30527.2,30547.6,30520.5,30537.5,33549.0
1688292900000,30537.4,30541.2,30522.4,30533.6,32579.0
1688293800000,30533.6,30533.7,30522.0,30527.4,21317.0
1688294700000,30527.5,30528.0,30513.0,30518.4,25336.0
1688295600000,30518.4,30523.9,30511.9,30523.7,11344.0
1688296500000,30523.7,30539.0,30515.6,30539.0,26782.0
1688297400000,30538.9,30540.4,30529.0,30538.1,14898.0
1688298300000,30538.0,30550.0,30538.0,30546.8,29153.0
1688299200000,30546.7,30580.2,30502.4,30550.8,67953.0
1688300100000,30550.8,30555.0,30534.6,30537.5,23011.0
1688301000000,30537.1,30555.0,30534.6,30554.9,22149.0
1688301900000,30554.9,30556.9,30515.7,30519.9,35502.0
1688302800000,30519.9,30530.4,30509.6,30525.2,34590.0
1688303700000,30525.0,30529.9,30490.0,30496.0,52738.0
1688304600000,30496.0,30526.7,30491.2,30526.6,32965.0
1688305500000,30526.6,30528.0,30512.0,30518.8,17774.0
1688306400000,30518.8,30529.0,30514.0,30524.7,12000.0
1688307300000,30524.7,30550.0,30486.3,30532.0,66833.0
1688308200000,30531.9,30622.2,30503.1,30613.0,144646.0
1688309100000,30613.0,30640.0,30552.0,30592.7,183789.0
1688310000000,30592.6,30620.0,30575.1,30590.0,102848.0
1688310900000,30590.0,30594.8,30152.3,30470.0,1269812.0
1688311800000,30470.0,30534.8,30410.0,30477.2,262778.0
1688312700000,30477.9,30520.0,30457.3,30498.1,100797.0
1688313600000,30498.0,30558.2,30480.5,30553.9,131167.0
1688314500000,30553.9,30708.9,30540.0,30559.6,431809.0
1688315400000,30559.5,30596.9,30550.1,30596.9,65464.0
1688316300000,30596.9,30600.0,30553.3,30561.9,37102.0
1688317200000,30562.0,30588.3,30561.0,30579.9,32417.0
1688318100000,30580.0,30583.1,30474.2,30547.1,197459.0
1688319000000,30547.2,30549.7,30500.0,30513.5,74401.0
1688319900000,30513.6,30530.0,30420.6,30444.9,99788.0
1688320800000,30442.6,30481.7,30366.1,30475.3,156725.0
1688321700000,30475.2,30510.0,30458.0,30461.5,48547.0
1688322600000,30461.5,30492.4,30446.2,30480.1,57823.0
1688323500000,30480.1,30526.3,30469.9,30525.0,39699.0
1688324400000,30525.0,30539.0,30513.6,30538.0,35628.0
1688325300000,30538.0,30564.0,30521.7,30561.2,45359.0
1688326200000,30561.1,30565.0,30533.4,30552.2,15039.0
1688327100000,30552.2,30566.7,30540.6,30560.3,19463.0
1688328000000,30560.2,30563.1,30522.9,30556.7,37018.0
1688328900000,30556.7,30565.0,30544.3,30564.9,7364.0
1688329800000,30564.9,30594.3,30564.9,30587.9,23196.0
1688330700000,30587.9,30630.3,30580.0,30591.8,52267.0
1688331600000,30591.9,30623.8,30576.7,30611.4,58108.0
1688332500000,30611.5,30613.5,30574.7,30600.1,56615.0
1688333400000,30600.1,30608.9,30550.0,30590.3,24812.0
1688334300000,30590.3,30597.5,30543.1,30556.8,37285.0
1688335200000,30556.7,30594.4,30549.4,30580.9,113079.0
1688336100000,30581.0,30816.9,30579.7,30696.0,385413.0
1688337000000,30696.0,30796.9,30412.9,30571.9,826276.0
1688337900000,30571.9,30655.4,30546.8,30651.1,151107.0
1688338800000,30651.2,30659.9,30570.0,30609.0,119138.0
1688339700000,30610.0,30617.5,30560.0,30602.1,70151.0
1688340600000,30602.1,30615.9,30554.2,30602.0,73207.0
1688341500000,30602.1,30642.3,30565.5,30620.9,68250.0
1688342400000,30620.1,30657.8,30604.1,30657.8,65086.0
1688343300000,30657.8,30694.9,30614.8,30666.2,150941.0
1688344200000,30662.1,30668.2,30589.0,30608.0,84081.0
1688345100000,30607.9,30640.0,30588.0,30637.6,54711.0
1688346000000,30637.6,30666.6,30635.6,30657.7,69470.0
1688346900000,30657.7,30715.0,30644.8,30692.4,106804.0
1688347800000,30692.4,30762.0,30685.7,30697.4,106677.0
1688348700000,30697.9,30709.0,30651.1,30665.0,49580.0
1688349600000,30664.9,30749.6,30664.9,30718.3,81506.0
1688350500000,30718.3,30764.9,30718.3,30762.0,148581.0
1688351400000,30762.1,30788.0,30740.0,30752.1,122651.0
1688352300000,30752.1,30771.9,30734.0,30758.6,41222.0
1688353200000,30758.6,30799.0,30748.1,30760.0,97881.0
1688354100000,30760.1,30788.0,30760.0,30785.2,41464.0
1688355000000,30785.3,30795.0,30763.2,30786.2,32428.0
1688355900000,30785.4,30800.0,30752.1,30759.3,71403.0
1688356800000,30759.3,30808.4,30671.0,30741.7,236580.0
1688357700000,30741.7,30755.2,30710.4,30733.6,78252.0
1688358600000,30733.5,30745.8,30697.2,30712.8,117593.0
1688359500000,30712.7,30712.8,30663.2,30681.5,57966.0
1688360400000,30681.6,30699.0,30669.3,30698.0,49800.0
1688361300000,30698.0,30707.4,30676.0,30703.9,32922.0
1688362200000,30703.9,30706.7,30681.9,30695.8,44105.0
1688363100000,30695.8,30697.0,30666.5,30681.8,38297.0
1688364000000,30681.8,30690.6,30629.2,30658.5,95438.0
1688364900000,30658.5,30674.1,30634.6,30646.0,71977.0
1688365800000,30646.0,30674.9,30611.2,30671.4,78069.0
1688366700000,30671.4,30672.9,30648.1,30658.5,20514.0
1688367600000,30658.1,30675.4,30646.1,30656.0,26795.0
1688368500000,30656.0,30745.0,30654.1,30717.9,143944.0
1688369400000,30717.9,30761.4,30667.8,30731.1,155414.0
1688370300000,30731.0,30736.6,30660.2,30673.5,76905.0
1688371200000,30673.5,30700.0,30655.2,30685.9,73602.0
1688372100000,30686.0,30706.8,30612.2,30626.9,140529.0
1688373000000,30626.7,30662.4,30600.1,30638.3,74672.0
1688373900000,30638.3,30651.9,30633.2,30649.3,19780.0
1688374800000,30649.3,30696.2,30646.0,30679.5,79403.0
1688375700000,30679.5,30681.0,30665.5,30673.8,24100.0
1688376600000,30673.1,30673.1,30643.0,30648.6,23471.0
1688377500000,30648.6,30653.5,30612.0,30621.7,33828.0
1688378400000,30621.7,30659.0,30590.3,30631.2,130988.0
1688379300000,30631.2,30640.5,30614.2,30623.5,51339.0
1688380200000,30624.4,30658.4,30624.4,30652.1,34059.0
1688381100000,30652.1,30680.5,30646.3,30652.8,40906.0
1688382000000,30650.6,30672.4,30640.9,30672.4,32087.0
1688382900000,30672.3,30688.0,30650.7,30662.0,37843.0
1688383800000,30662.0,30675.6,30640.5,30651.6,36242.0
1688384700000,30651.6,30652.0,30622.8,30630.4,82932.0
1688385600000,30630.5,30648.7,30572.0,30614.7,131558.0
1688386500000,30614.7,30625.3,30580.0,30603.5,93661.0
1688387400000,30603.5,30644.0,30580.0,30633.8,85645.0
1688388300000,30633.7,30660.0,30613.4,30655.0,52437.0
1688389200000,30655.0,30676.6,30644.0,30647.0,55105.0
1688390100000,30647.0,30647.8,30626.0,30630.9,55019.0
1688391000000,30630.8,30655.3,30614.6,30655.3,52489.0
1688391900000,30655.3,30698.5,30623.7,30655.0,107321.0
1688392800000,30656.2,30716.9,30652.5,30687.1,93656.0
1688393700000,30687.1,30704.9,30665.0,30665.0,52893.0
1688394600000,30665.1,30755.8,30642.8,30751.1,142661.0
1688395500000,30751.1,30753.9,30700.6,30733.7,169223.0
1688396400000,30733.7,30949.7,30730.5,30904.5,970128.0
1688397300000,30904.5,30944.8,30833.0,30943.9,314744.0
1688398200000,30944.0,31088.0,30940.4,31058.4,831187.0
1688399100000,31058.4,31176.7,31030.0,31065.6,612445.0
1688400000000,31065.5,31138.2,30822.3,30960.1,850518.0
1688400900000,30960.1,31042.7,30950.1,30999.6,231590.0
1688401800000,30999.6,31050.0,30921.2,30978.1,157860.0
1688402700000,30978.2,31058.0,30953.7,31046.9,110554.0
1688403600000,31047.5,31065.9,30925.4,30930.1,108820.0
1688404500000,30930.1,31014.5,30917.8,31006.1,115440.0
1688405400000,31006.2,31067.6,30969.0,31018.5,81098.0
1688406300000,31018.5,31040.1,30997.0,31003.8,66448.0
1688407200000,31005.2,31050.0,31000.4,31046.6,45618.0
1688408100000,31047.0,31058.1,30994.8,31002.1,47294.0
1688409000000,31002.1,31125.5,30996.8,31120.4,99060.0
1688409900000,31120.4,31277.0,31065.7,31209.4,613838.0
1688410800000,31209.5,31287.4,31132.0,31143.1,249866.0
1688411700000,31143.0,31380.0,31134.2,31335.2,608424.0
1688412600000,31335.2,31396.3,31270.1,31290.0,357398.0
1688413500000,31290.0,31388.6,31251.2,31265.0,141178.0
1688414400000,31265.0,31307.0,31236.5,31260.6,99554.0
1688415300000,31260.7,31260.7,31161.4,31240.2,180934.0
1688416200000,31240.2,31240.2,31162.4,31181.7,87158.0
1688417100000,31181.6,31190.4,31106.0,31120.0,104563.0
1688418000000,31119.5,31136.0,31056.3,31092.1,160335.0
1688418900000,31092.1,31092.2,30876.0,31021.4,290032.0
1688419800000,31021.3,31092.0,30987.1,31083.2,98219.0
1688420700000,31083.2,31083.3,31020.5,31043.2,33240.0
1688421600000,31043.3,31094.6,31034.9,31068.0,50047.0
1688422500000,31068.0,31138.7,31068.0,31123.2,76664.0
1688423400000,31123.2,31142.8,31097.9,31109.8,89356.0
1688424300000,31109.8,31156.4,31081.0,31122.7,51278.0
1688425200000,31122.5,31146.6,31103.5,31106.9,97066.0
1688426100000,31106.9,31120.9,31080.4,31119.0,56742.0
1688427000000,31119.0,31141.0,31112.0,31133.5,60540.0
1688427900000,31133.5,31159.9,31117.3,31157.2,45824.0
1688428800000,31157.3,31173.9,31119.0,31137.0,77653.0
1688429700000,31137.0,31152.8,31112.2,31152.0,37323.0
1688430600000,31152.0,31182.4,31126.0,31182.4,37755.0
1688431500000,31182.4,31198.5,31095.2,31114.7,113504.0
1688432400000,31114.6,31138.1,31111.8,31137.6,39085.0
1688433300000,31137.6,31229.9,31105.2,31198.9,188159.0
1688434200000,31198.9,31333.0,31150.0,31270.3,328530.0
1688435100000,31270.3,31300.0,31215.9,31280.3,137757.0
1688436000000,31280.2,31322.0,31238.4,31257.0,105168.0
1688436900000,31256.9,31287.6,31237.8,31272.0,57592.0
1688437800000,31271.9,31276.0,31200.0,31208.4,77231.0
1688438700000,31208.5,31271.5,31193.3,31256.7,78226.0
1688439600000,31257.9,31258.0,31213.6,31232.0,47383.0
1688440500000,31231.9,31245.1,31188.8,31190.4,109214.0
1688441400000,31190.5,31265.3,31179.6,31239.3,96743.0
1688442300000,31239.4,31251.6,31180.0,31198.4,58598.0
1688443200000,31198.3,31216.2,31144.2,31155.0,129654.0
1688444100000,31154.9,31168.1,31079.8,31128.0,182202.0
1688445000000,31128.0,31128.1,31033.7,31033.7,186066.0
1688445900000,31033.8,31073.0,31003.0,31055.1,168841.0
1688446800000,31055.1,31092.9,31032.2,31078.2,95865.0
1688447700000,31078.2,31094.4,31057.8,31057.8,63357.0
1688448600000,31057.8,31078.1,31020.5,31024.4,54376.0
1688449500000,31024.5,31044.1,30968.0,30980.1,170609.0
1688450400000,30980.0,31026.3,30884.3,31026.2,351372.0
1688451300000,31026.2,31064.0,31009.5,31050.8,91318.0
1688452200000,31050.8,31050.8,31018.1,31033.0,31597.0
1688453100000,31033.1,31036.1,30997.1,31005.5,47898.0
1688454000000,31005.4,31018.6,30990.0,31012.4,33136.0
1688454900000,31012.4,31041.7,31010.0,31028.8,41855.0
1688455800000,31028.8,31028.8,30968.8,30974.7,27916.0
1688456700000,30975.1,30976.6,30901.4,30910.5,187715.0
1688457600000,30910.5,30979.0,30901.9,30964.3,162957.0
1688458500000,30964.2,30983.9,30935.4,30977.6,47325.0
1688459400000,30977.5,30978.2,30950.6,30957.8,24193.0
1688460300000,30957.8,30960.4,30880.0,30927.3,292228.0
1688461200000,30927.3,31007.3,30861.0,31007.3,188445.0
1688462100000,31007.4,31048.4,30982.9,31017.4,159445.0
1688463000000,31017.4,31017.4,30939.6,30979.7,109836.0
1688463900000,30979.6,31022.5,30964.4,31013.9,40233.0
1688464800000,31013.9,31036.8,31003.3,31013.1,53896.0
1688465700000,31013.1,31017.9,30995.8,30998.0,30931.0
1688466600000,30998.0,31044.6,30942.0,31032.8,221613.0
1688467500000,31032.7,31060.0,31020.6,31029.7,79524.0
1688468400000,31029.7,31032.3,31006.0,31014.0,27053.0
1688469300000,31014.0,31054.0,31000.8,31050.7,51930.0
1688470200000,31050.7,31085.3,31020.4,31026.5,117873.0
1688471100000,31026.5,31089.9,31010.9,31068.9,110536.0
1688472000000,31068.9,31069.0,31018.1,31032.0,70252.0
1688472900000,31032.9,31086.0,31015.0,31040.0,139248.0
1688473800000,31039.9,31065.9,31026.3,31039.2,50509.0
1688474700000,31039.3,31061.9,31021.7,31048.5,45098.0
1688475600000,31048.4,31061.6,31002.3,31013.1,71646.0
1688476500000,31013.1,31039.0,30990.9,31035.3,75655.0
1688477400000,31035.2,31058.0,30990.0,31042.5,41735.0
1688478300000,31042.4,31042.5,30978.2,31002.0,80424.0
1688479200000,31002.2,31032.5,30976.6,31004.0,55601.0
1688480100000,31004.0,31019.1,31003.9,31014.0,23215.0
1688481000000,31014.0,31051.6,30975.1,30980.6,74950.0
1688481900000,30980.6,31008.0,30954.7,30977.9,69257.0
1688482800000,30977.9,31000.0,30934.6,30982.4,76984.0
1688483700000,30982.4,31023.1,30921.3,30936.2,131027.0
1688484600000,30936.2,30968.2,30880.8,30937.5,175718.0
1688485500000,30937.4,30978.9,30910.1,30971.8,75867.0
1688486400000,30971.8,30984.8,30945.5,30963.7,60675.0
1688487300000,30963.6,31136.4,30945.8,31042.5,389071.0
1688488200000,31045.8,31071.5,31020.1,31022.1,108374.0
1688489100000,31022.1,31022.2,30789.7,30960.2,651639.0
1688490000000,30960.2,30996.8,30909.2,30911.1,232746.0
1688490900000,30912.2,30948.0,30891.0,30938.7,138254.0
1688491800000,30938.8,30942.8,30890.9,30896.0,91540.0
1688492700000,30896.0,30933.6,30866.1,30903.2,90644.0
1688493600000,30903.1,30903.1,30840.0,30857.8,92581.0
1688494500000,30857.8,30929.5,30851.2,30927.0,101466.0
1688495400000,30928.9,30940.0,30903.2,30913.5,33629.0
1688496300000,30913.5,30922.8,30888.0,30905.0,37976.0
1688497200000,30905.0,30919.0,30701.1,30782.0,440983.0
1688498100000,30782.0,30840.0,30650.0,30712.0,413552.0
1688499000000,30711.9,30760.0,30622.7,30724.6,272267.0
1688499900000,30724.6,30784.8,30681.0,30699.9,132634.0
1688500800000,30699.7,30748.9,30670.4,30742.0,102652.0
1688501700000,30745.0,30770.0,30724.0,30752.0,45753.0
1688502600000,30752.0,30794.8,30725.3,30765.8,89058.0
1688503500000,30765.7,30818.5,30755.1,30805.9,142289.0
1688504400000,30805.8,30835.2,30784.5,30797.5,66798.0
1688505300000,30800.0,30810.0,30786.7,30808.0,16445.0
1688506200000,30808.0,30808.0,30759.0,30793.9,48787.0
1688507100000,30794.0,30814.0,30793.9,30804.0,12077.0
1688508000000,30804.0,30809.8,30773.8,30806.1,28141.0
1688508900000,30806.2,30810.0,30782.2,30788.9,18372.0
1688509800000,30788.9,30790.0,30765.8,30777.2,20324.0
1688510700000,30777.1,30826.3,30774.6,30820.7,25745.0
1688511600000,30820.1,30847.2,30809.5,30813.4,39779.0
1688512500000,30813.5,30815.5,30779.3,30808.1,27801.0
1688513400000,30808.7,30818.1,30802.0,30804.7,16985.0
1688514300000,30804.7,30814.0,30758.1,30767.4,33724.0
1688515200000,30767.3,30810.0,30762.0,30783.1,39151.0
1688516100000,30783.2,30844.8,30780.6,30824.8,42633.0
1688517000000,30824.9,30824.9,30784.1,30793.3,40344.0
1688517900000,30793.3,30793.3,30747.3,30759.9,78222.0
1688518800000,30760.0,30816.7,30746.3,30813.0,60193.0
1688519700000,30812.9,30841.9,30812.9,30824.2,73536.0
1688520600000,30824.1,30836.5,30814.2,30817.0,25091.0
1688521500000,30817.0,30827.9,30775.3,30791.5,74358.0
1688522400000,30791.5,30860.3,30785.8,30839.1,72680.0
1688523300000,30839.2,30852.3,30826.0,30837.0,36216.0
1688524200000,30836.9,30865.5,30827.5,30833.9,32859.0
1688525100000,30833.9,30838.8,30818.6,30838.7,33625.0
1688526000000,30838.8,30859.9,30838.7,30840.0,26353.0
1688526900000,30840.1,30849.9,30822.9,30843.4,18767.0
1688527800000,30843.5,30847.7,30836.0,30840.8,12205.0
1688528700000,30840.8,30879.8,30834.0,30864.7,58089.0
1688529600000,30864.6,30872.1,30817.0,30839.8,55950.0
1688530500000,30839.8,30859.2,30839.8,30859.2,27274.0
1688531400000,30859.2,30859.2,30821.8,30831.9,40485.0
1688532300000,30831.9,30837.4,30810.3,30832.9,36554.0
1688533200000,30832.9,30866.2,30828.8,30863.7,28080.0
1688534100000,30863.7,30877.5,30844.4,30854.8,81862.0
1688535000000,30854.8,30857.3,30817.3,30821.4,32415.0
1688535900000,30821.4,30843.2,30798.5,30817.2,62883.0
1688536800000,30818.7,30834.8,30792.5,30832.8,57277.0
1688537700000,30832.3,30835.7,30772.4,30776.5,43868.0
1688538600000,30776.5,30817.1,30763.7,30806.1,94945.0
1688539500000,30806.1,30818.4,30801.6,30813.1,21776.0
1688540400000,30813.1,30818.0,30793.4,30815.1,58490.0
1688541300000,30815.1,30815.1,30776.5,30787.3,33771.0
1688542200000,30787.3,30787.9,30770.0,30780.0,38919.0
1688543100000,30780.0,30785.8,30759.0,30779.2,38813.0
1688544000000,30779.2,30785.9,30758.0,30766.3,47817.0
1688544900000,30766.3,30766.3,30648.7,30746.7,347405.0
1688545800000,30746.7,30796.2,30741.4,30776.0,175304.0
1688546700000,30776.0,30811.9,30751.3,30766.1,92445.0
1688547600000,30766.1,30784.9,30755.2,30762.0,62439.0
1688548500000,30762.0,30770.0,30726.6,30747.7,60898.0
1688549400000,30747.6,30758.8,30713.0,30722.3,58192.0
1688550300000,30722.3,30739.5,30686.3,30687.9,118936.0
1688551200000,30687.8,30714.0,30638.0,30657.8,169844.0
1688552100000,30657.8,30722.7,30599.0,30687.4,275720.0
1688553000000,30687.3,30694.4,30460.0,30540.0,847269.0
1688553900000,30540.0,30557.2,30380.0,30442.0,400081.0
1688554800000,30441.9,30491.6,30337.8,30449.4,345031.0
1688555700000,30449.3,30493.1,30429.1,30440.1,106920.0
1688556600000,30440.0,30471.8,30360.0,30459.8,230366.0
1688557500000,30459.9,30478.3,30394.8,30411.3,84211.0
1688558400000,30411.2,30445.1,30268.0,30382.2,534905.0
1688559300000,30382.9,30434.3,30313.2,30396.8,194626.0
1688560200000,30398.7,30434.9,30366.2,30382.0,96244.0
1688561100000,30382.0,30387.5,30290.0,30321.1,240220.0
1688562000000,30320.1,30362.1,30239.4,30285.8,419835.0
1688562900000,30285.8,30321.6,30225.8,30231.1,245383.0
1688563800000,30231.4,30380.4,30200.0,30380.3,334423.0
1688564700000,30380.4,30384.0,30314.5,30358.1,176931.0
1688565600000,30358.0,30413.6,30333.9,30350.0,193436.0
1688566500000,30350.0,30448.1,30349.9,30395.5,158694.0
1688567400000,30395.4,30445.9,30385.7,30437.7,139783.0
1688568300000,30437.6,30448.0,30383.7,30419.0,98723.0
1688569200000,30419.0,30422.6,30332.9,30337.9,123170.0
1688570100000,30338.0,30380.0,30270.7,30375.0,186448.0
1688571000000,30375.0,30375.0,30245.4,30340.0,335441.0
1688571900000,30339.9,30385.0,30306.3,30365.5,133247.0
1688572800000,30365.4,30397.0,30338.5,30383.5,123309.0
1688573700000,30383.4,30459.9,30381.1,30447.4,191173.0
1688574600000,30447.6,30451.1,30414.6,30441.4,72155.0
1688575500000,30441.5,30475.0,30417.4,30459.1,74564.0
1688576400000,30459.1,30530.5,30441.6,30505.3,219025.0
1688577300000,30505.2,30588.0,30476.9,30570.1,198337.0
1688578200000,30570.0,30570.0,30490.9,30509.3,105913.0
1688579100000,30509.3,30533.1,30503.1,30520.4,32690.0
1688580000000,30520.4,30600.0,30503.9,30536.7,187997.0
1688580900000,30536.8,30541.9,30437.5,30463.0,127587.0
1688581800000,30466.0,30492.6,30443.0,30446.1,102044.0
1688582700000,30446.1,30512.2,30437.4,30509.5,42583.0
1688583600000,30509.6,30513.8,30470.1,30506.7,37819.0
1688584500000,30506.8,30527.0,30492.3,30502.6,29393.0
1688585400000,30502.6,30531.9,30486.2,30490.5,28745.0
1688586300000,30490.5,30526.2,30423.2,30429.0,88956.0
1688587200000,30431.9,30465.0,30383.2,30434.2,134714.0
1688588100000,30434.2,30470.6,30423.1,30465.2,23378.0
1688589000000,30465.8,30493.6,30455.8,30489.2,19558.0
1688589900000,30489.2,30489.3,30454.2,30457.7,16836.0
1688590800000,30460.4,30475.0,30439.8,30454.2,41759.0
1688591700000,30450.6,30490.5,30447.7,30490.4,38773.0
1688592600000,30490.5,30491.0,30421.7,30459.8,26947.0
1688593500000,30459.9,30470.0,30424.4,30470.0,20182.0
1688594400000,30470.0,30485.0,30446.0,30467.1,29862.0
1688595300000,30467.1,30506.8,30448.1,30448.2,42167.0
1688596200000,30448.1,30461.9,30411.8,30435.7,39270.0
1688597100000,30435.6,30452.7,30390.0,30439.3,49453.0
1688598000000,30439.3,30448.4,30388.4,30436.6,43606.0
1688598900000,30436.6,30498.7,30429.1,30495.2,41584.0
1688599800000,30495.2,30535.1,30476.1,30521.4,64011.0
1688600700000,30521.4,30539.9,30480.0,30497.4,60744.0
1688601600000,30497.4,30497.6,30450.0,30452.3,45065.0
1688602500000,30452.3,30543.1,30446.8,30507.6,56771.0
1688603400000,30507.7,30507.7,30400.0,30427.1,74217.0
1688604300000,30425.0,30437.2,30390.2,30420.0,67604.0
1688605200000,30420.0,30437.4,30395.1,30425.7,67195.0
1688606100000,30425.7,30430.0,30333.0,30399.6,135050.0
1688607000000,30399.6,30430.6,30399.6,30417.3,39803.0
1688607900000,30417.3,30483.4,30414.6,30476.8,89242.0
1688608800000,30476.8,30566.4,30476.7,30507.9,199113.0
1688609700000,30508.0,30530.0,30456.3,30486.0,145955.0
1688610600000,30486.1,30524.3,30477.1,30479.3,28423.0
1688611500000,30479.4,30493.4,30464.1,30468.6,25594.0
1688612400000,30468.7,30496.5,30460.2,30493.4,34979.0
1688613300000,30493.4,30522.0,30486.2,30514.7,77099.0
1688614200000,30514.8,30534.0,30507.6,30518.7,29184.0
1688615100000,30518.7,30524.6,30496.1,30496.1,19050.0
1688616000000,30496.1,30512.0,30488.2,30509.0,24116.0
1688616900000,30508.9,30544.1,30504.1,30504.5,57154.0
1688617800000,30504.5,30516.6,30478.3,30484.0,38186.0
1688618700000,30484.0,30487.3,30452.3,30473.7,60281.0
1688619600000,30473.6,30473.7,30436.7,30436.8,103378.0
1688620500000,30436.8,30484.5,30436.8,30482.3,42782.0
1688621400000,30482.3,30600.0,30480.1,30576.0,253025.0
1688622300000,30576.0,30630.0,30545.1,30581.5,191136.0
1688623200000,30581.6,30598.4,30555.0,30563.5,77536.0
1688624100000,30563.4,30646.0,30563.4,30606.6,188266.0
1688625000000,30606.6,30640.0,30606.5,30639.9,73654.0
1688625900000,30639.9,30725.4,30639.9,30687.7,346844.0
1688626800000,30687.6,30744.8,30683.0,30736.0,165810.0
1688627700000,30736.0,30790.0,30716.5,30762.8,241899.0
1688628600000,30762.8,30857.4,30762.8,30822.0,364616.0
1688629500000,30822.0,30845.0,30765.6,30798.3,165235.0
1688630400000,30798.3,30852.2,30782.8,30797.1,235734.0
1688631300000,30797.1,30825.7,30793.3,30809.3,51895.0
1688632200000,30809.4,30988.0,30809.3,30975.1,573364.0
1688633100000,30975.1,31376.3,30975.0,31343.2,1913865.0
1688634000000,31343.1,31557.3,31322.0,31337.0,1472243.0
1688634900000,31337.1,31447.0,31337.0,31379.8,343840.0
1688635800000,31379.9,31440.0,31073.2,31159.3,1101570.0
1688636700000,31159.2,31213.3,31028.0,31072.8,570830.0
1688637600000,31072.8,31157.2,31062.8,31131.7,217824.0
1688638500000,31131.7,31146.7,31100.5,31126.2,97743.0
1688639400000,31126.3,31199.8,31070.0,31174.4,177175.0
1688640300000,31171.7,31279.0,31144.4,31232.6,248202.0
1688641200000,31232.5,31268.1,31182.0,31191.2,131374.0
1688642100000,31191.3,31211.5,31166.1,31195.4,61629.0
1688643000000,31195.3,31199.3,31070.0,31070.1,157167.0
1688643900000,31070.2,31106.6,30685.3,30846.0,1409318.0
1688644800000,30846.1,30884.1,30621.1,30752.4,774392.0
1688645700000,30752.3,30765.8,30657.9,30705.1,326023.0
1688646600000,30703.4,30718.2,30482.4,30598.5,625112.0
1688647500000,30597.9,30652.2,30525.0,30604.4,208920.0
1688648400000,30604.4,30673.0,30579.8,30630.0,174285.0
1688649300000,30629.9,30640.9,30582.4,30600.8,109804.0
1688650200000,30600.8,30607.5,30428.5,30478.4,376274.0
1688651100000,30478.5,30554.7,30300.0,30377.8,651924.0
1688652000000,30377.7,30440.9,30154.1,30315.9,936855.0
1688652900000,30315.9,30315.9,30027.4,30044.7,846224.0
1688653800000,30044.7,30193.9,29880.0,30169.4,1308121.0
1688654700000,30169.5,30222.0,30066.0,30215.0,428121.0
1688655600000,30215.0,30215.0,30070.0,30115.6,232850.0
1688656500000,30113.6,30274.8,30100.0,30259.8,284128.0
1688657400000,30259.7,30421.4,30212.0,30407.4,515647.0
1688658300000,30407.5,30488.0,30360.6,30397.8,372601.0
1688659200000,30397.9,30459.6,30340.0,30402.3,346387.0
1688660100000,30402.2,30426.0,30286.1,30348.0,190844.0
1688661000000,30348.0,30358.7,30233.7,30261.3,208689.0
1688661900000,30261.3,30326.9,30159.7,30312.9,284256.0
1688662800000,30313.0,30345.7,30249.9,30262.7,170841.0
1688663700000,30263.0,30284.3,30220.0,30240.0,84566.0
1688664600000,30240.0,30299.1,30201.5,30259.1,78069.0
1688665500000,30259.0,30295.8,30226.0,30295.8,55258.0
1688666400000,30296.6,30340.0,30287.2,30315.8,102795.0
1688667300000,30315.9,30315.9,30230.9,30268.6,101375.0
1688668200000,30268.6,30294.7,30202.0,30217.7,57907.0
1688669100000,30217.7,30391.6,30217.6,30377.1,109024.0
1688670000000,30376.4,30376.4,30260.7,30274.6,58306.0
1688670900000,30274.6,30323.9,30271.9,30300.1,43626.0
1688671800000,30300.1,30308.0,30250.8,30291.4,47223.0
1688672700000,30291.4,30339.4,30264.6,30305.8,55294.0
1688673600000,30305.8,30342.8,30258.1,30275.0,46179.0
1688674500000,30274.9,30309.0,30271.3,30294.9,25693.0
1688675400000,30294.8,30294.8,30243.2,30257.9,22828.0
1688676300000,30257.9,30317.4,30246.9,30317.4,20262.0
1688677200000,30317.3,30348.3,30259.0,30293.5,102790.0
1688678100000,30293.6,30295.0,30178.0,30254.5,115371.0
1688679000000,30254.4,30258.4,30181.3,30193.1,45249.0
1688679900000,30195.4,30225.5,30195.4,30224.1,15383.0
1688680800000,30224.1,30232.6,30171.0,30212.4,58694.0
1688681700000,30212.5,30237.0,30190.0,30235.4,29561.0
1688682600000,30235.4,30270.2,30227.0,30227.1,30541.0
1688683500000,30227.0,30232.4,30102.0,30162.3,161623.0
1688684400000,30162.3,30165.2,29958.7,30081.0,431669.0
1688685300000,30080.9,30081.0,29844.8,30054.1,605824.0
1688686200000,30054.1,30060.4,29939.6,29970.5,173588.0
1688687100000,29970.6,30016.7,29877.8,29892.8,212997.0
1688688000000,29892.8,30015.0,29700.4,30001.5,1222910.0
1688688900000,30001.6,30011.9,29936.3,29972.5,156757.0
1688689800000,29972.4,30115.9,29876.0,30086.0,284369.0
1688690700000,30086.1,30095.6,30011.6,30056.9,98854.0
1688691600000,30056.9,30084.8,30028.3,30060.0,72698.0
1688692500000,30059.9,30064.6,29965.0,30018.5,80507.0
1688693400000,30018.6,30125.1,30011.0,30096.3,181291.0
1688694300000,30096.8,30125.2,30072.0,30092.9,93630.0
1688695200000,30093.0,30106.9,30061.4,30099.4,82192.0
1688696100000,30099.3,30111.3,30078.9,30101.0,32467.0
1688697000000,30100.9,30133.6,30080.0,30129.5,63788.0
1688697900000,30129.6,30151.2,30081.1,30109.4,108850.0
1688698800000,30109.3,30112.2,30065.4,30096.8,80411.0
1688699700000,30096.8,30170.0,30092.2,30105.1,77773.0
1688700600000,30105.2,30138.3,30096.3,30110.6,42160.0
1688701500000,30110.6,30159.6,30110.0,30141.1,85002.0
1688702400000,30141.1,30183.6,30128.9,30138.9,86777.0
1688703300000,30138.8,30138.9,30102.1,30112.3,50140.0
1688704200000,30112.3,30129.7,30089.0,30121.8,38747.0
1688705100000,30121.9,30121.9,30080.8,30095.0,31194.0
1688706000000,30095.1,30099.0,30063.4,30087.0,46020.0
1688706900000,30087.0,30279.8,30080.7,30205.1,273087.0
1688707800000,30205.1,30313.0,30200.0,30255.4,174267.0
1688708700000,30255.4,30292.1,30212.3,30219.9,91612.0
1688709600000,30220.0,30251.0,30200.9,30200.9,90312.0
1688710500000,30200.9,30214.2,30106.1,30144.8,247961.0
1688711400000,30144.9,30181.6,30110.7,30146.3,73567.0
1688712300000,30146.3,30157.4,30112.2,30126.4,54365.0
1688713200000,30126.4,30150.0,30093.2,30120.0,54779.0
1688714100000,30120.0,30138.8,30090.9,30090.9,52342.0
1688715000000,30091.0,30138.9,30050.0,30101.3,141044.0
1688715900000,30100.3,30108.2,29940.0,30017.7,352786.0
1688716800000,30017.6,30094.4,29975.6,30081.8,181926.0
1688717700000,30081.8,30094.4,30015.4,30048.1,74286.0
1688718600000,30048.1,30092.0,30031.8,30072.5,79664.0
1688719500000,30072.4,30105.0,30051.5,30051.5,67371.0
1688720400000,30051.5,30098.1,30051.0,30086.3,40330.0
1688721300000,30086.4,30150.0,30077.4,30148.1,77665.0
1688722200000,30148.0,30181.8,30108.7,30160.4,86485.0
1688723100000,30160.5,30186.5,30117.3,30135.3,75290.0
1688724000000,30135.2,30152.3,30084.4,30099.4,193373.0
1688724900000,30099.4,30116.4,30089.7,30116.2,34475.0
1688725800000,30116.3,30138.8,30101.8,30137.5,65292.0
1688726700000,30137.5,30166.0,30137.4,30163.1,48303.0
1688727600000,30163.1,30180.0,30121.4,30124.4,47652.0
1688728500000,30125.6,30174.2,30125.6,30167.1,31820.0
1688729400000,30167.1,30198.4,30144.0,30145.7,84340.0
1688730300000,30145.8,30176.3,30090.0,30118.9,156433.0
1688731200000,30118.9,30186.9,30101.0,30126.5,119453.0
1688732100000,30126.5,30134.5,30070.6,30109.9,153135.0
1688733000000,30109.9,30350.0,30033.8,30153.8,1333581.0
1688733900000,30159.6,30243.1,30156.7,30203.1,299087.0
1688734800000,30203.1,30256.4,30120.0,30217.4,192017.0
1688735700000,30217.4,30283.7,30191.7,30277.8,97652.0
1688736600000,30277.8,30294.6,30226.2,30267.9,121081.0
1688737500000,30268.0,30395.9,30244.9,30384.6,395240.0
1688738400000,30384.6,30445.0,30304.3,30315.0,381635.0
1688739300000,30315.0,30350.0,30254.2,30325.0,221610.0
1688740200000,30325.0,30374.9,30250.0,30336.7,151904.0
1688741100000,30336.8,30413.0,30333.1,30403.4,147173.0
1688742000000,30405.5,30426.3,30321.2,30340.1,128915.0
1688742900000,30338.7,30386.9,30320.0,30341.1,64299.0
1688743800000,30339.7,30367.6,30300.0,30338.9,71695.0
1688744700000,30338.8,30418.0,30333.1,30387.9,98966.0
1688745600000,30388.0,30459.0,30360.9,30409.5,153107.0
1688746500000,30409.4,30409.5,30310.0,30340.0,103794.0
1688747400000,30341.9,30396.8,30321.4,30358.4,67498.0
1688748300000,30358.5,30388.0,30326.0,30358.9,60590.0
1688749200000,30358.9,30370.8,30317.0,30328.8,51040.0
1688750100000,30328.7,30350.0,30240.5,30285.6,146694.0
1688751000000,30285.5,30287.5,30234.6,30255.5,97395.0
1688751900000,30255.5,30260.0,30180.0,30241.1,129213.0
1688752800000,30241.0,30250.0,30205.0,30238.0,57724.0
1688753700000,30237.9,30240.8,30194.2,30197.4,48601.0
1688754600000,30197.4,30222.6,30127.8,30152.7,111015.0
1688755500000,30152.7,30206.4,30107.7,30165.4,86830.0
1688756400000,30165.4,30203.4,30133.6,30196.0,63687.0
1688757300000,30196.9,30206.9,30165.7,30184.6,34981.0
1688758200000,30184.6,30234.9,30174.6,30182.5,47566.0
1688759100000,30182.5,30241.4,30182.5,30238.6,61523.0
1688760000000,30238.5,30246.6,30204.5,30224.9,33283.0
1688760900000,30223.6,30243.6,30213.8,30221.0,15660.0
1688761800000,30221.1,30310.4,30219.4,30248.9,97874.0
1688762700000,30248.9,30269.9,30237.4,30257.3,23884.0
1688763600000,30260.3,30330.0,30260.2,30317.6,59574.0
1688764500000,30317.7,30348.7,30288.2,30340.0,29196.0
1688765400000,30340.0,30354.4,30286.7,30305.2,34234.0
1688766300000,30305.3,30338.3,30285.1,30292.5,18171.0
1688767200000,30292.5,30320.0,30286.4,30316.9,23463.0
1688768100000,30316.9,30349.8,30304.7,30314.1,27676.0
1688769000000,30314.1,30322.3,30288.0,30299.0,24730.0
1688769900000,30297.5,30323.0,30297.5,30304.9,16126.0
1688770800000,30305.0,30338.8,30305.0,30337.6,18199.0
1688771700000,30337.7,30339.9,30330.0,30335.9,14236.0
1688772600000,30336.0,30336.0,30313.0,30326.5,21715.0
1688773500000,30326.6,30358.1,30286.0,30348.1,45418.0
1688774400000,30348.1,30350.4,30307.2,30309.8,35759.0
1688775300000,30309.8,30329.8,30301.0,30309.9,20811.0
1688776200000,30309.8,30312.0,30277.6,30307.8,26628.0
1688777100000,30307.7,30308.7,30281.1,30291.2,21750.0
1688778000000,30291.1,30293.7,30258.4,30277.5,38360.0
1688778900000,30277.5,30304.4,30264.6,30300.1,30656.0
1688779800000,30300.1,30300.1,30271.3,30275.3,22981.0
1688780700000,30275.2,30307.3,30274.0,30302.1,23643.0
1688781600000,30303.5,30307.3,30286.1,30288.1,20874.0
1688782500000,30288.0,30350.0,30283.4,30308.7,49973.0
1688783400000,30308.7,30338.7,30300.0,30324.2,24817.0
1688784300000,30324.2,30386.8,30324.0,30351.1,72208.0
1688785200000,30351.1,30360.0,30314.1,30345.2,35192.0
1688786100000,30345.2,30349.2,30293.2,30293.6,38595.0
1688787000000,30293.5,30305.5,30276.6,30283.0,38579.0
1688787900000,30283.0,30286.3,30276.0,30281.8,30454.0
1688788800000,30281.7,30284.5,30233.0,30258.0,75575.0
1688789700000,30257.9,30266.6,30235.3,30262.0,51916.0
1688790600000,30262.0,30270.0,30242.1,30244.9,12771.0
1688791500000,30244.9,30247.1,30224.4,30244.2,49422.0
1688792400000,30244.1,30244.2,30191.0,30217.4,85083.0
1688793300000,30217.6,30238.5,30206.9,30230.0,47829.0
1688794200000,30230.0,30233.6,30186.3,30218.3,59891.0
1688795100000,30218.2,30246.6,30216.9,30245.1,22270.0
1688796000000,30245.1,30261.7,30236.5,30239.5,46180.0
1688796900000,30239.5,30239.6,30139.4,30201.8,153741.0
1688797800000,30201.8,30201.8,30170.0,30187.6,33498.0
1688798700000,30187.6,30194.0,30174.8,30180.0,22882.0
1688799600000,30180.1,30199.0,30170.5,30194.9,18017.0
1688800500000,30194.9,30224.4,30194.9,30204.0,35466.0
1688801400000,30204.0,30210.2,30188.0,30207.7,22076.0
1688802300000,30207.6,30209.1,30188.0,30197.3,23042.0
1688803200000,30197.3,30230.9,30188.6,30230.3,31926.0
1688804100000,30230.2,30315.0,30227.0,30270.8,153699.0
1688805000000,30270.8,30297.1,30250.9,30255.7,55497.0
1688805900000,30255.6,30279.5,30249.1,30278.0,40409.0
1688806800000,30278.0,30283.0,30259.0,30264.2,39403.0
1688807700000,30264.1,30286.0,30240.0,30245.6,40748.0
1688808600000,30245.7,30265.6,30225.3,30236.6,29163.0
1688809500000,30236.5,30254.0,30235.0,30252.4,24659.0
1688810400000,30252.4,30259.9,30241.4,30247.5,14763.0
1688811300000,30247.6,30247.6,30232.8,30234.0,24863.0
1688812200000,30234.0,30239.2,30222.6,30226.8,18227.0
1688813100000,30226.8,30235.7,30218.2,30221.9,17439.0
1688814000000,30221.9,30231.9,30208.0,30211.1,16949.0
1688814900000,30211.0,30211.0,30161.1,30197.1,73672.0
1688815800000,30197.1,30224.4,30158.0,30173.6,90424.0
1688816700000,30173.7,30210.0,30173.6,30205.1,37283.0
1688817600000,30205.3,30218.1,30155.0,30173.5,60107.0
1688818500000,30175.9,30216.0,30175.9,30206.3,33331.0
1688819400000,30206.2,30213.0,30179.6,30196.5,22434.0
1688820300000,30196.4,30210.1,30163.9,30173.1,45083.0
1688821200000,30173.1,30204.9,30173.1,30203.0,27381.0
1688822100000,30203.0,30228.1,30200.3,30224.3,30465.0
1688823000000,30224.3,30242.0,30211.6,30223.0,26695.0
1688823900000,30223.1,30242.0,30212.8,30212.9,20624.0
1688824800000,30212.9,30223.9,30194.7,30198.0,28713.0
1688825700000,30197.9,30221.0,30197.9,30217.5,16126.0
1688826600000,30217.5,30231.7,30210.2,30231.3,15597.0
1688827500000,30231.5,30233.7,30200.3,30212.5,13095.0
1688828400000,30212.5,30216.0,30182.0,30188.3,36230.0
1688829300000,30188.3,30217.3,30188.3,30213.1,13490.0
1688830200000,30213.2,30231.0,30209.5,30231.0,23037.0
1688831100000,30231.0,30231.0,30207.9,30212.4,18505.0
1688832000000,30212.4,30248.5,30210.5,30232.0,47506.0
1688832900000,30232.0,30258.7,30222.1,30227.9,29889.0
1688833800000,30228.0,30327.3,30210.3,30284.0,156479.0
1688834700000,30284.1,30305.6,30242.8,30257.0,67490.0
1688835600000,30257.0,30265.6,30241.8,30252.6,38096.0
1688836500000,30252.5,30280.3,30244.0,30253.1,42101.0
1688837400000,30253.0,30260.0,30241.8,30246.0,16421.0
1688838300000,30246.0,30273.1,30245.9,30257.9,22451.0
1688839200000,30256.6,30256.6,30200.6,30211.7,37361.0
1688840100000,30211.7,30214.0,30199.0,30209.9,20121.0
1688841000000,30209.9,30224.2,30209.9,30211.9,13676.0
1688841900000,30211.8,30212.4,30187.0,30197.6,24725.0
1688842800000,30197.5,30197.5,30184.0,30188.6,21343.0
1688843700000,30188.6,30188.7,30038.4,30116.3,286797.0
1688844600000,30115.3,30128.6,30069.5,30124.1,59363.0
1688845500000,30124.0,30135.7,30106.0,30109.6,28508.0
1688846400000,30109.6,30130.4,30056.7,30119.5,57698.0
1688847300000,30119.8,30127.0,30082.0,30114.9,31562.0
1688848200000,30114.9,30143.9,30096.6,30114.0,36807.0
1688849100000,30114.0,30160.0,30108.0,30151.6,25952.0
1688850000000,30151.5,30159.0,30141.5,30156.5,18185.0
1688850900000,30156.4,30205.4,30146.7,30190.6,51834.0
1688851800000,30192.6,30196.9,30168.7,30172.5,20840.0
1688852700000,30172.6,30183.4,30172.5,30183.4,7096.0
1688853600000,30183.4,30192.8,30165.0,30191.7,16471.0
1688854500000,30191.7,30191.8,30162.7,30166.0,14229.0
1688855400000,30166.0,30204.8,30165.9,30193.4,15807.0
1688856300000,30193.4,30229.1,30193.3,30223.4,26845.0
1688857200000,30223.4,30257.1,30223.4,30244.9,46975.0
1688858100000,30244.9,30260.0,30240.0,30256.7,26740.0
1688859000000,30256.8,30264.9,30216.0,30237.9,43167.0
1688859900000,30238.0,30295.0,30237.9,30284.7,83738.0
1688860800000,30286.0,30320.2,30260.4,30262.2,121886.0
1688861700000,30262.3,30277.7,30251.1,30256.8,38799.0
1688862600000,30256.9,30328.5,30256.8,30300.6,71666.0
1688863500000,30300.6,30360.0,30283.3,30331.0,132283.0
1688864400000,30331.0,30409.7,30331.0,30392.8,182299.0
1688865300000,30392.8,30407.9,30347.0,30355.0,88836.0
1688866200000,30355.0,30357.2,30294.9,30322.0,87388.0
1688867100000,30322.0,30340.5,30311.1,30330.6,34886.0
1688868000000,30330.6,30352.0,30330.6,30349.0,44894.0
1688868900000,30349.0,30367.3,30304.2,30307.2,70596.0
1688869800000,30307.1,30312.1,30263.2,30276.5,77270.0
1688870700000,30276.5,30308.8,30276.4,30302.5,40360.0
1688871600000,30302.5,30309.1,30284.8,30297.7,30455.0
1688872500000,30297.6,30297.7,30261.0,30275.1,36800.0
1688873400000,30274.0,30319.8,30273.9,30304.2,50238.0
1688874300000,30304.3,30311.0,30284.0,30287.9,18309.0
1688875200000,30287.9,30291.3,30277.1,30281.5,16226.0
1688876100000,30281.6,30299.2,30281.5,30299.2,19360.0
1688877000000,30299.1,30299.2,30277.3,30289.0,15633.0
1688877900000,30289.0,30305.3,30282.0,30285.0,17946.0
1688878800000,30285.1,30310.2,30285.0,30310.2,31476.0
1688879700000,30310.2,30310.2,30270.0,30281.2,30566.0
1688880600000,30281.1,30308.3,30279.1,30283.9,32741.0
1688881500000,30283.9,30284.4,30264.5,30268.1,20577.0
1688882400000,30268.2,30268.5,30255.0,30268.5,40503.0
1688883300000,30268.4,30268.4,30245.0,30258.9,24462.0
1688884200000,30258.9,30275.2,30244.1,30270.0,20427.0
1688885100000,30269.9,30275.0,30250.6,30260.5,17530.0
1688886000000,30260.5,30294.4,30239.4,30293.9,57204.0
1688886900000,30294.0,30294.0,30267.2,30267.2,23497.0
1688887800000,30267.2,30275.0,30247.0,30260.0,31303.0
1688888700000,30260.0,30275.0,30250.8,30273.5,18202.0
1688889600000,30273.6,30300.0,30268.2,30300.0,45186.0
1688890500000,30299.9,30300.0,30283.8,30287.2,20406.0
1688891400000,30287.2,30317.0,30280.1,30290.4,38755.0
1688892300000,30290.1,30307.9,30288.0,30307.8,20213.0
1688893200000,30307.8,30307.9,30268.5,30273.0,19356.0
1688894100000,30273.0,30293.2,30272.9,30293.1,9878.0
1688895000000,30293.2,30293.2,30244.1,30267.9,31571.0
1688895900000,30267.9,30281.9,30267.8,30281.8,7859.0
1688896800000,30281.9,30290.0,30274.0,30274.0,29150.0
1688897700000,30272.0,30275.2,30259.5,30274.8,22028.0
1688898600000,30274.8,30301.1,30272.3,30294.7,30648.0
1688899500000,30294.7,30294.7,30265.0,30265.1,16887.0
1688900400000,30265.1,30271.0,30244.0,30248.9,48376.0
1688901300000,30248.9,30275.2,30248.9,30275.0,21902.0
1688902200000,30275.1,30282.0,30261.6,30280.9,13925.0
1688903100000,30279.9,30289.8,30262.0,30270.8,18927.0
1688904000000,30270.9,30273.0,30254.2,30257.3,17768.0
1688904900000,30257.3,30294.4,30257.3,30288.4,39531.0
1688905800000,30288.4,30343.1,30286.2,30307.4,103753.0
1688906700000,30307.5,30359.0,30307.4,30338.1,83448.0
1688907600000,30338.1,30360.7,30325.4,30327.4,85757.0
1688908500000,30327.3,30331.8,30300.0,30310.2,43271.0
1688909400000,30310.2,30312.0,30288.1,30305.0,31645.0
1688910300000,30304.1,30304.1,30251.0,30261.3,81987.0
1688911200000,30261.2,30262.8,30174.3,30211.0,199967.0
1688912100000,30211.0,30249.9,30191.1,30232.8,81753.0
1688913000000,30232.9,30460.0,30232.8,30317.9,471664.0
1688913900000,30317.9,30366.0,30273.6,30332.4,154620.0
1688914800000,30332.5,30387.5,30290.0,30308.0,110879.0
1688915700000,30307.9,30375.5,30265.5,30342.0,121258.0
1688916600000,30340.8,30358.0,30326.1,30351.6,27037.0
1688917500000,30351.7,30368.1,30321.2,30345.4,21780.0
1688918400000,30345.4,30345.4,30301.1,30304.3,70978.0
1688919300000,30304.2,30311.6,30284.0,30294.4,42535.0
1688920200000,30296.2,30321.1,30296.1,30303.7,44173.0
1688921100000,30303.7,30313.7,30280.0,30291.5,30995.0
1688922000000,30291.6,30292.1,30256.0,30281.0,56679.0
1688922900000,30281.0,30287.0,30256.0,30261.5,32509.0
1688923800000,30261.5,30281.8,30255.4,30266.7,19904.0
1688924700000,30266.7,30297.5,30266.6,30291.4,39728.0
1688925600000,30292.7,30304.3,30274.3,30276.1,29904.0
1688926500000,30276.1,30282.0,30258.1,30265.9,20478.0
1688927400000,30265.9,30281.3,30260.0,30277.6,27314.0
1688928300000,30277.3,30277.4,30258.1,30260.4,21111.0
1688929200000,30260.4,30260.5,30198.4,30219.0,118162.0
1688930100000,30219.0,30266.0,30214.3,30256.1,32946.0
1688931000000,30256.1,30267.6,30243.8,30261.0,17214.0
1688931900000,30260.9,30263.8,30239.9,30240.0,12864.0
1688932800000,30239.9,30251.2,30229.2,30236.7,21589.0
1688933700000,30236.7,30254.1,30221.3,30221.4,24859.0
1688934600000,30221.3,30221.4,30110.4,30199.3,161601.0
1688935500000,30199.3,30207.5,30179.6,30191.1,26205.0
1688936400000,30191.0,30216.6,30168.0,30174.8,58636.0
1688937300000,30174.7,30217.0,30132.2,30210.2,58865.0
1688938200000,30210.1,30210.1,30195.0,30199.5,25132.0
1688939100000,30199.5,30199.6,30140.1,30156.2,30019.0
1688940000000,30156.2,30156.2,30062.6,30093.3,214089.0
1688940900000,30093.6,30158.0,30080.0,30130.0,74271.0
1688941800000,30130.0,30192.0,30117.1,30185.6,89299.0
1688942700000,30185.4,30196.0,30161.4,30172.0,41582.0
1688943600000,30172.5,30185.4,30162.7,30180.5,26506.0
1688944500000,30180.5,30180.5,30149.4,30164.2,40915.0
1688945400000,30164.2,30165.6,30124.0,30141.9,42873.0
1688946300000,30141.8,30169.2,30130.0,30163.7,30738.0
1688947200000,30163.7,30178.3,29950.0,30037.8,571255.0
1688948100000,30037.7,30085.5,29956.3,30075.3,253280.0
1688949000000,30075.3,30234.0,30075.3,30108.1,378022.0
1688949900000,30108.1,30112.0,30045.1,30089.2,137251.0
1688950800000,30089.1,30090.1,30037.8,30068.3,92787.0
1688951700000,30068.3,30119.0,30043.1,30095.0,69587.0
1688952600000,30095.0,30146.6,30074.4,30101.5,83445.0
1688953500000,30101.5,30107.0,30045.0,30047.4,81694.0
1688954400000,30047.5,30096.6,30046.1,30093.0,49037.0
1688955300000,30093.1,30114.0,30070.8,30106.7,33373.0
1688956200000,30106.7,30137.4,30093.1,30110.3,51480.0
1688957100000,30110.2,30238.0,30110.2,30205.3,341051.0
1688958000000,30205.4,30261.5,30182.0,30204.9,179662.0
1688958900000,30205.0,30224.0,30182.3,30195.5,43913.0
1688959800000,30195.5,30198.0,30158.7,30174.6,37853.0
1688960700000,30174.6,30190.9,30157.4,30163.0,24888.0
1688961600000,30163.0,30165.9,30133.3,30133.3,59308.0
1688962500000,30133.4,30164.1,30125.0,30151.2,52845.0
1688963400000,30151.2,30167.8,30131.1,30136.1,32004.0
1688964300000,30136.1,30148.4,30122.0,30126.0,39193.0
1688965200000,30126.0,30156.6,30114.2,30146.1,42926.0
1688966100000,30146.1,30146.1,30117.0,30117.7,34060.0
1688967000000,30117.7,30135.5,30091.9,30108.1,66362.0
1688967900000,30108.0,30122.0,30088.0,30088.0,39721.0
1688968800000,30088.1,30130.0,30073.9,30126.7,78066.0
1688969700000,30126.7,30132.5,30075.9,30096.2,75788.0
1688970600000,30096.1,30096.2,30056.2,30056.2,71013.0
1688971500000,30056.3,30102.7,30056.2,30098.5,44276.0
1688972400000,30098.4,30148.2,30098.4,30143.9,81168.0
1688973300000,30143.8,30143.9,30089.4,30095.9,62805.0
1688974200000,30095.9,30131.9,30095.8,30118.0,30149.0
1688975100000,30118.3,30121.6,30085.4,30120.2,23975.0
1688976000000,30120.2,30120.8,30089.5,30090.4,48133.0
1688976900000,30090.3,30111.2,30000.1,30109.1,172006.0
1688977800000,30109.1,30125.0,30079.5,30125.0,71904.0
1688978700000,30125.0,30125.0,30070.2,30103.6,38043.0
1688979600000,30103.6,30103.6,30045.0,30059.0,55289.0
1688980500000,30058.4,30188.8,30039.2,30182.0,294064.0
1688981400000,30182.0,30201.6,30110.3,30141.4,160799.0
1688982300000,30141.4,30168.5,30141.3,30141.4,79639.0
1688983200000,30141.3,30175.0,30141.3,30166.0,40024.0
1688984100000,30166.0,30182.0,30163.2,30175.9,37355.0
1688985000000,30176.0,30209.3,30176.0,30201.2,66470.0
1688985900000,30201.1,30240.0,30172.4,30185.7,139125.0
1688986800000,30185.8,30208.4,30185.7,30203.9,40683.0
1688987700000,30203.9,30209.4,30176.7,30189.9,38685.0
1688988600000,30189.9,30215.0,30184.0,30206.7,41257.0
1688989500000,30206.7,30250.0,30180.9,30242.0,87614.0
1688990400000,30242.1,30282.9,30242.0,30255.8,135419.0
1688991300000,30255.9,30268.4,30242.1,30247.4,50643.0
1688992200000,30247.5,30259.0,30158.0,30170.0,145733.0
1688993100000,30170.0,30193.7,30140.5,30161.6,76402.0
1688994000000,30161.5,30181.9,30150.9,30180.8,62556.0
1688994900000,30180.7,30197.4,30168.7,30185.7,35271.0
1688995800000,30185.8,30338.0,30185.8,30277.5,402966.0
1688996700000,30277.5,30289.0,30182.9,30203.3,203582.0
1688997600000,30205.1,30279.8,30202.0,30279.0,86649.0
1688998500000,30279.0,30323.0,30235.9,30275.2,159602.0
1688999400000,30275.2,30312.0,30194.3,30231.1,142630.0
1689000300000,30231.0,30370.0,30230.0,30306.2,289543.0
1689001200000,30306.2,30314.0,30250.3,30253.9,101873.0
1689002100000,30253.9,30270.0,30236.1,30269.9,71177.0
1689003000000,30270.0,30328.0,30270.0,30300.1,163043.0
1689003900000,30300.1,30322.1,30262.7,30310.8,53311.0
1689004800000,30310.8,30323.5,30237.1,30249.4,193751.0
1689005700000,30248.1,30308.6,30236.2,30286.8,95021.0
1689006600000,30286.8,30324.0,30276.0,30323.2,56104.0
1689007500000,30323.3,30384.7,30304.8,30352.0,135471.0
1689008400000,30352.1,30369.5,30331.1,30346.0,49800.0
1689009300000,30346.0,30359.8,30305.8,30335.3,69757.0
1689010200000,30335.3,30335.9,30282.7,30289.7,39399.0
1689011100000,30289.7,30302.6,30258.0,30280.0,35455.0
1689012000000,30280.0,30293.3,30261.5,30292.1,38838.0
1689012900000,30290.7,30356.5,30287.3,30345.3,56720.0
1689013800000,30345.3,30498.2,30345.2,30442.9,427931.0
1689014700000,30443.1,30554.9,30443.1,30534.0,288318.0
1689015600000,30533.9,30587.9,30492.3,30558.5,212028.0
1689016500000,30558.8,30629.0,30518.8,30585.1,238325.0
1689017400000,30585.1,30640.0,30575.0,30630.2,141369.0
1689018300000,30630.2,30843.6,30626.0,30838.6,617681.0
1689019200000,30839.0,31058.8,30828.9,30886.6,853746.0
1689020100000,30886.2,30960.0,30826.8,30898.0,270216.0
1689021000000,30896.8,30948.4,30805.5,30826.0,247248.0
1689021900000,30826.9,30861.7,30764.1,30776.7,154696.0
1689022800000,30776.6,30803.5,30660.0,30663.0,217716.0
1689023700000,30663.0,30736.6,30654.1,30710.1,113103.0
1689024600000,30710.2,30738.0,30662.6,30721.2,70244.0
1689025500000,30721.1,30721.2,30185.5,30300.2,804310.0
1689026400000,30300.0,30355.0,30183.9,30297.9,511261.0
1689027300000,30297.9,30411.6,30241.6,30372.1,276259.0
1689028200000,30372.1,30380.0,30303.7,30332.0,190159.0
1689029100000,30331.9,30359.9,30285.5,30356.2,76667.0
1689030000000,30356.2,30430.8,30350.2,30377.3,147331.0
1689030900000,30377.3,30399.0,30339.7,30380.0,145191.0
1689031800000,30380.0,30415.3,30332.5,30398.7,96566.0
1689032700000,30394.9,30420.0,30367.2,30413.8,63488.0
1689033600000,30413.9,30454.0,30391.7,30445.0,146643.0
1689034500000,30445.4,30508.8,30420.4,30426.7,186882.0
1689035400000,30426.6,30446.1,30360.6,30374.9,110129.0
1689036300000,30375.7,30424.0,30363.0,30420.3,72110.0
1689037200000,30420.3,30485.7,30400.4,30451.1,70921.0
1689038100000,30451.2,30498.0,30444.9,30490.9,59817.0
1689039000000,30492.3,30549.6,30488.0,30526.9,138658.0
1689039900000,30526.9,30609.9,30514.6,30585.8,179979.0
1689040800000,30584.7,30601.9,30529.1,30543.1,103671.0
1689041700000,30543.1,30543.2,30496.4,30500.6,87672.0
1689042600000,30500.6,30531.8,30478.0,30491.8,95454.0
1689043500000,30491.9,30512.2,30450.6,30485.9,77909.0
1689044400000,30485.9,30495.7,30466.0,30472.9,35521.0
1689045300000,30472.9,30473.7,30393.4,30428.0,103811.0
1689046200000,30428.0,30469.9,30416.9,30461.2,60481.0
1689047100000,30461.2,30494.2,30454.0,30478.0,44814.0
1689048000000,30477.9,30500.0,30477.9,30491.8,43833.0
1689048900000,30491.7,30498.8,30469.9,30481.4,30856.0
1689049800000,30481.3,30487.9,30450.0,30455.7,29044.0
1689050700000,30455.6,30476.0,30444.0,30447.6,41616.0
1689051600000,30447.6,30459.8,30440.0,30447.7,32965.0
1689052500000,30447.7,30476.1,30439.2,30468.0,34374.0
1689053400000,30467.9,30477.0,30438.3,30443.9,29789.0
1689054300000,30443.9,30473.5,30443.9,30461.8,31940.0
1689055200000,30462.8,30551.5,30455.4,30536.9,119889.0
1689056100000,30536.8,30545.5,30487.5,30541.0,57337.0
1689057000000,30541.1,30611.0,30541.1,30554.8,182722.0
1689057900000,30554.8,30665.0,30541.0,30630.0,214863.0
1689058800000,30630.1,30649.9,30580.0,30595.8,139958.0
1689059700000,30595.8,30602.5,30556.0,30581.0,78838.0
1689060600000,30581.0,30581.1,30550.0,30567.6,45459.0
1689061500000,30567.6,30577.0,30531.4,30540.5,48592.0
1689062400000,30541.8,30569.6,30534.8,30564.9,36433.0
1689063300000,30565.0,30565.0,30521.0,30547.3,37667.0
1689064200000,30547.3,30547.4,30502.7,30534.1,61891.0
1689065100000,30534.1,30534.1,30492.3,30495.6,58719.0
1689066000000,30495.7,30514.0,30470.7,30479.1,71996.0
1689066900000,30479.1,30480.3,30340.5,30428.1,357521.0
1689067800000,30427.1,30427.1,30370.0,30410.3,97225.0
1689068700000,30410.3,30451.9,30390.0,30450.1,98550.0
1689069600000,30450.1,30454.3,30403.3,30423.5,93890.0
1689070500000,30423.5,30435.1,30373.5,30403.7,55593.0
1689071400000,30404.3,30426.5,30370.0,30426.1,58209.0
1689072300000,30426.0,30426.1,30388.1,30398.6,28427.0
1689073200000,30398.5,30418.2,30390.8,30391.5,33606.0
1689074100000,30391.5,30437.0,30390.0,30437.0,33687.0
1689075000000,30436.9,30454.0,30400.0,30403.0,65577.0
1689075900000,30403.1,30415.0,30393.2,30410.1,29742.0
1689076800000,30410.1,30410.1,30374.1,30381.5,75155.0
1689077700000,30381.5,30413.6,30381.5,30399.9,41095.0
1689078600000,30399.9,30439.6,30398.3,30402.7,41487.0
1689079500000,30402.6,30434.9,30382.1,30431.9,59583.0
1689080400000,30431.9,30439.6,30408.1,30410.5,28306.0
1689081300000,30410.5,30414.4,30386.1,30405.1,36773.0
1689082200000,30405.1,30496.0,30283.8,30376.9,463904.0
1689083100000,30376.9,30455.0,30372.7,30447.2,182816.0
1689084000000,30447.3,30500.0,30390.0,30400.8,190388.0
1689084900000,30400.8,30554.4,30376.4,30510.0,252568.0
1689085800000,30509.8,30557.0,30480.7,30537.2,155156.0
1689086700000,30537.2,30600.0,30499.1,30529.9,213607.0
1689087600000,30530.0,30621.2,30513.4,30621.2,213148.0
1689088500000,30621.2,30820.0,30535.1,30550.0,914582.0
1689089400000,30550.0,30644.3,30481.2,30598.5,440838.0
1689090300000,30598.4,30600.0,30530.6,30594.3,161967.0
1689091200000,30594.3,30632.3,30534.0,30562.8,169205.0
1689092100000,30562.8,30581.6,30500.6,30533.9,117353.0
1689093000000,30534.0,30616.7,30517.7,30605.5,60145.0
1689093900000,30605.6,30691.0,30592.2,30646.5,195153.0
1689094800000,30646.6,30665.6,30592.4,30616.1,175462.0
1689095700000,30616.1,30650.0,30590.0,30649.8,60152.0
1689096600000,30649.8,30653.5,30608.8,30614.3,38420.0
1689097500000,30614.4,30626.0,30539.2,30575.5,85706.0
1689098400000,30575.9,30576.0,30536.7,30564.0,47724.0
1689099300000,30564.1,30564.1,30482.9,30491.4,187373.0
1689100200000,30493.4,30510.8,30408.9,30489.9,244364.0
1689101100000,30489.8,30510.0,30438.9,30481.2,92676.0
1689102000000,30481.1,30498.9,30460.2,30497.6,40967.0
1689102900000,30497.6,30575.2,30485.0,30557.7,79090.0
1689103800000,30557.8,30567.9,30525.4,30543.9,34407.0
1689104700000,30544.0,30583.7,30543.9,30583.6,49847.0
1689105600000,30583.6,30642.2,30583.6,30610.2,71843.0
1689106500000,30610.2,30616.2,30580.0,30583.3,32036.0
1689107400000,30583.3,30587.6,30552.0,30569.9,26982.0
1689108300000,30569.9,30615.2,30563.0,30577.7,40727.0
1689109200000,30577.8,30585.2,30525.1,30525.2,47355.0
1689110100000,30525.2,30537.9,30512.7,30535.3,42341.0
1689111000000,30535.3,30535.4,30514.3,30531.9,21093.0
1689111900000,30531.9,30587.7,30529.0,30572.6,41106.0
1689112800000,30572.6,30608.9,30547.4,30579.9,48060.0
1689113700000,30579.9,30588.0,30540.7,30546.0,14308.0
1689114600000,30546.1,30548.0,30510.0,30531.1,35559.0
1689115500000,30531.1,30591.8,30531.0,30584.7,33523.0
1689116400000,30584.6,30633.2,30584.1,30619.6,84867.0
1689117300000,30618.5,30650.0,30599.0,30642.7,59771.0
1689118200000,30642.7,30642.7,30601.0,30604.1,45499.0
1689119100000,30604.0,30626.7,30604.0,30620.8,21403.0
1689120000000,30620.9,30630.0,30585.6,30595.7,75574.0
1689120900000,30595.7,30595.7,30551.5,30558.2,52248.0
1689121800000,30558.2,30590.6,30554.0,30582.4,23401.0
1689122700000,30582.4,30582.4,30510.1,30520.0,98140.0
1689123600000,30519.9,30593.9,30519.9,30559.4,87101.0
1689124500000,30559.4,30563.5,30520.0,30526.2,64950.0
1689125400000,30526.2,30555.1,30509.7,30552.1,49666.0
1689126300000,30552.1,30567.0,30533.2,30542.3,34017.0
1689127200000,30542.3,30554.7,30542.3,30542.3,18969.0
1689128100000,30542.3,30578.6,30542.2,30577.6,24247.0
1689129000000,30577.7,30629.4,30572.2,30616.9,157088.0
1689129900000,30617.0,30676.0,30600.0,30613.5,127159.0
1689130800000,30613.6,30614.9,30584.4,30592.0,37612.0
1689131700000,30592.0,30642.0,30583.7,30630.7,34189.0
1689132600000,30630.7,30630.8,30594.9,30594.9,26887.0
1689133500000,30595.0,30603.2,30594.3,30598.3,15135.0
1689134400000,30598.4,30606.3,30571.1,30575.2,36423.0
1689135300000,30575.3,30622.3,30575.3,30622.2,38247.0
1689136200000,30622.2,30625.0,30605.2,30607.7,20251.0
1689137100000,30607.7,30645.5,30607.7,30644.0,69508.0
1689138000000,30644.0,30650.0,30628.6,30649.9,35716.0
1689138900000,30649.9,30685.7,30623.2,30643.2,73366.0
1689139800000,30643.2,30652.0,30614.4,30651.1,34283.0
1689140700000,30651.1,30700.0,30645.8,30657.8,75951.0
1689141600000,30657.9,30683.4,30655.1,30655.1,43249.0
1689142500000,30655.1,30798.4,30610.1,30743.7,353778.0
1689143400000,30743.7,30800.0,30705.1,30736.6,210561.0
1689144300000,30736.6,30750.0,30706.2,30720.0,69770.0
1689145200000,30719.6,30770.0,30712.2,30718.1,125382.0
1689146100000,30718.1,30807.3,30718.0,30787.9,128160.0
1689147000000,30787.9,30849.3,30772.3,30803.9,249707.0
1689147900000,30803.9,30830.3,30736.1,30744.1,168273.0
1689148800000,30744.2,30764.6,30723.9,30734.4,95350.0
1689149700000,30734.3,30742.5,30710.0,30716.2,68627.0
1689150600000,30716.1,30739.6,30665.0,30684.9,136540.0
1689151500000,30684.9,30743.1,30684.9,30736.7,87825.0
1689152400000,30736.7,30760.0,30718.1,30719.9,47408.0
1689153300000,30720.0,30722.5,30681.0,30699.9,98285.0
1689154200000,30699.8,30741.0,30695.1,30740.9,60533.0
1689155100000,30741.0,30745.1,30724.0,30727.2,50968.0
1689156000000,30727.2,30727.2,30694.4,30721.9,44478.0
1689156900000,30722.0,30722.0,30701.4,30706.0,18142.0
1689157800000,30706.0,30710.2,30680.8,30700.0,37912.0
1689158700000,30700.0,30700.0,30656.0,30685.1,63403.0
1689159600000,30685.1,30699.0,30658.5,30698.3,46459.0
1689160500000,30698.2,30735.0,30685.9,30732.7,52648.0
1689161400000,30732.7,30746.0,30707.6,30711.8,43314.0
1689162300000,30711.8,30810.5,30708.9,30776.5,159272.0
1689163200000,30776.5,30782.2,30739.8,30752.1,64512.0
1689164100000,30752.2,30835.5,30723.2,30795.3,176619.0
1689165000000,30795.9,30983.8,30676.4,30780.1,1428151.0
1689165900000,30780.0,30818.5,30630.4,30720.4,439870.0
1689166800000,30720.3,30837.9,30710.3,30837.8,213622.0
1689167700000,30837.9,30855.8,30622.0,30650.2,447466.0
1689168600000,30650.1,30728.2,30470.0,30588.3,1001586.0
1689169500000,30588.3,30685.0,30543.0,30662.6,280506.0
1689170400000,30662.6,30822.9,30650.0,30792.6,480825.0
1689171300000,30792.6,30808.8,30717.6,30726.2,148895.0
1689172200000,30726.2,30809.9,30726.2,30785.9,136273.0
1689173100000,30785.9,30832.0,30724.9,30736.1,148704.0
1689174000000,30736.1,30805.0,30700.0,30780.1,163140.0
1689174900000,30780.0,30780.0,30650.0,30674.2,176047.0
1689175800000,30674.2,30704.7,30526.0,30531.1,416155.0
1689176700000,30531.0,30589.8,30460.9,30523.6,553511.0
1689177600000,30523.6,30540.5,30420.2,30490.0,358975.0
1689178500000,30490.0,30537.0,30440.0,30483.4,224649.0
1689179400000,30482.1,30529.0,30457.7,30504.9,119589.0
1689180300000,30504.9,30506.0,30454.4,30489.3,104511.0
1689181200000,30489.2,30536.0,30444.2,30480.0,148827.0
1689182100000,30479.9,30486.7,30430.0,30453.1,85533.0
1689183000000,30453.1,30519.0,30450.0,30466.4,119321.0
1689183900000,30466.4,30480.0,30423.6,30454.9,71460.0
1689184800000,30454.8,30474.8,30429.5,30448.1,48393.0
1689185700000,30448.1,30521.0,30431.0,30498.0,78332.0
1689186600000,30498.0,30545.5,30493.1,30525.3,101022.0
1689187500000,30525.2,30527.2,30507.7,30522.0,34131.0
1689188400000,30522.0,30522.1,30459.6,30465.4,62034.0
1689189300000,30465.3,30472.1,30237.5,30365.5,620068.0
1689190200000,30365.4,30365.5,30190.4,30290.2,476815.0
1689191100000,30293.4,30321.5,30235.4,30289.6,160373.0
1689192000000,30286.6,30315.7,30240.0,30310.0,114844.0
1689192900000,30310.1,30329.1,30277.9,30302.0,56687.0
1689193800000,30303.1,30342.5,30293.8,30342.0,61757.0
1689194700000,30340.1,30353.8,30323.6,30350.3,57068.0
1689195600000,30350.2,30363.0,30320.0,30360.0,48781.0
1689196500000,30359.9,30363.2,30332.0,30346.1,38156.0
1689197400000,30346.1,30352.0,30311.8,30339.2,40497.0
1689198300000,30339.2,30382.5,30339.1,30350.4,69179.0
1689199200000,30350.3,30373.0,30337.0,30362.1,54857.0
1689200100000,30362.0,30366.2,30345.0,30359.1,15629.0
1689201000000,30359.0,30364.0,30342.0,30342.0,15914.0
1689201900000,30342.1,30368.8,30335.0,30368.4,33049.0
1689202800000,30367.4,30380.0,30356.0,30366.1,27134.0
1689203700000,30366.1,30382.4,30358.9,30374.9,24871.0
1689204600000,30374.9,30403.6,30371.1,30403.6,35281.0
1689205500000,30403.5,30423.2,30381.2,30384.3,63267.0
1689206400000,30384.3,30424.7,30373.0,30421.1,42364.0
1689207300000,30421.0,30443.4,30390.0,30393.5,58161.0
1689208200000,30393.5,30407.9,30356.7,30368.1,51080.0
1689209100000,30368.1,30374.9,30342.8,30359.2,48759.0
1689210000000,30359.2,30397.2,30344.5,30347.4,33732.0
1689210900000,30347.4,30347.4,30320.7,30340.3,53841.0
1689211800000,30340.3,30350.0,30300.8,30346.2,81423.0
1689212700000,30346.2,30406.6,30343.2,30388.0,72411.0
1689213600000,30388.1,30388.1,30350.8,30356.1,33411.0
1689214500000,30356.1,30381.6,30344.2,30379.9,26376.0
1689215400000,30379.9,30393.4,30351.7,30351.9,24146.0
1689216300000,30351.8,30353.3,30325.3,30349.3,40272.0
1689217200000,30349.2,30349.2,30310.0,30328.5,63209.0
1689218100000,30328.5,30355.1,30282.9,30287.0,87232.0
1689219000000,30287.5,30310.8,30279.0,30293.0,67515.0
1689219900000,30293.0,30310.9,30290.5,30304.7,24113.0
1689220800000,30304.7,30308.0,30258.0,30289.3,81434.0
1689221700000,30289.4,30312.9,30263.0,30293.0,74475.0
1689222600000,30293.1,30324.3,30288.8,30290.9,31293.0
1689223500000,30290.8,30310.5,30282.6,30301.0,33942.0
1689224400000,30300.9,30306.8,30261.0,30304.1,39524.0
1689225300000,30304.1,30322.1,30281.9,30320.1,39354.0
1689226200000,30320.1,30320.1,30289.9,30297.5,43272.0
1689227100000,30297.5,30330.9,30296.5,30328.9,29506.0
1689228000000,30328.8,30352.4,30307.7,30350.4,60015.0
1689228900000,30350.4,30370.0,30330.0,30365.1,46987.0
1689229800000,30365.1,30366.6,30342.6,30355.6,53124.0
1689230700000,30355.6,30408.0,30352.7,30388.6,98543.0
1689231600000,30388.7,30435.5,30384.1,30425.8,116868.0
1689232500000,30425.9,30428.0,30392.5,30410.2,66613.0
1689233400000,30410.2,30410.3,30373.9,30390.9,57432.0
1689234300000,30390.9,30395.2,30345.0,30363.0,62148.0
1689235200000,30363.0,30373.5,30345.0,30365.9,42530.0
1689236100000,30365.8,30425.0,30365.8,30406.5,60249.0
1689237000000,30406.6,30414.2,30375.7,30404.0,45130.0
1689237900000,30404.0,30417.1,30397.2,30411.9,46458.0
1689238800000,30412.0,30538.0,30411.9,30515.1,373315.0
1689239700000,30515.1,30537.6,30474.5,30488.0,105721.0
1689240600000,30488.1,30607.9,30488.1,30593.9,298559.0
1689241500000,30594.0,30602.3,30539.8,30571.6,180244.0
1689242400000,30571.6,30589.0,30531.0,30555.1,98574.0
1689243300000,30555.1,30573.4,30531.1,30564.0,83424.0
1689244200000,30564.0,30637.1,30564.0,30637.0,200864.0
1689245100000,30637.0,30648.0,30570.4,30573.5,161282.0
1689246000000,30573.5,30600.0,30551.0,30555.6,92845.0
1689246900000,30555.6,30592.4,30555.5,30576.1,42686.0
1689247800000,30576.1,30580.0,30544.1,30551.8,38873.0
1689248700000,30551.9,30586.9,30542.0,30544.7,33953.0
1689249600000,30544.7,30580.7,30544.7,30561.4,51753.0
1689250500000,30561.3,30567.8,30523.0,30523.5,46916.0
1689251400000,30523.4,30581.4,30458.4,30574.3,303221.0
1689252300000,30575.2,30600.3,30482.0,30520.0,183119.0
1689253200000,30520.0,30565.0,30520.0,30563.3,46107.0
1689254100000,30563.4,30563.4,30505.0,30533.4,54580.0
1689255000000,30533.4,30696.0,30506.5,30665.3,313988.0
1689255900000,30665.4,30680.0,30613.8,30662.4,200840.0
1689256800000,30662.5,30690.0,30463.4,30546.9,474488.0
1689257700000,30546.9,30575.9,30515.4,30549.1,85073.0
1689258600000,30549.1,30627.9,30549.1,30586.5,162204.0
1689259500000,30586.5,30601.6,30557.8,30573.6,48417.0
1689260400000,30573.6,30598.3,30550.4,30551.0,47234.0
1689261300000,30551.0,30826.6,30551.0,30820.9,735555.0
1689262200000,30820.9,31020.0,30750.3,31009.9,1466856.0
1689263100000,31010.0,31200.0,30848.4,30916.9,1495521.0
1689264000000,30919.1,30961.4,30816.8,30906.7,563792.0
1689264900000,30906.7,30976.3,30834.7,30886.1,588465.0
1689265800000,30886.0,30914.4,30720.0,30792.0,628110.0
1689266700000,30792.0,30916.0,30765.0,30827.8,331708.0
1689267600000,30827.8,30900.0,30788.0,30840.0,294650.0
1689268500000,30840.1,30922.0,30800.0,30889.3,158912.0
1689269400000,30889.3,31150.0,30855.3,31137.5,951312.0
1689270300000,31137.7,31229.6,31059.9,31072.9,643928.0
1689271200000,31072.9,31475.4,31060.0,31401.2,970141.0
1689272100000,31403.7,31498.8,31244.0,31282.1,813065.0
1689273000000,31280.0,31306.0,31111.0,31245.5,643008.0
1689273900000,31245.4,31311.9,31158.4,31257.7,242699.0
1689274800000,31257.7,31416.5,31248.2,31399.5,306978.0
1689275700000,31402.3,31815.7,31335.0,31702.5,1406571.0
1689276600000,31702.6,31855.4,31666.7,31701.5,683024.0
1689277500000,31701.5,31740.0,31524.2,31621.0,499005.0
1689278400000,31621.0,31709.3,31534.8,31562.7,336835.0
1689279300000,31562.7,31616.5,31546.1,31576.1,107534.0
1689280200000,31576.1,31576.1,31420.2,31457.1,351886.0
1689281100000,31457.0,31511.5,31297.9,31380.0,312498.0
1689282000000,31380.0,31403.0,31017.4,31163.8,792879.0
1689282900000,31163.8,31235.2,31085.5,31164.1,207707.0
1689283800000,31164.2,31285.0,31120.5,31265.5,170520.0
1689284700000,31265.5,31288.0,31213.5,31249.1,68961.0
1689285600000,31249.1,31330.0,31226.2,31313.9,157865.0
1689286500000,31313.9,31365.1,31296.9,31296.9,112000.0
1689287400000,31296.9,31331.7,31209.6,31288.0,147643.0
1689288300000,31288.1,31339.9,31263.8,31313.0,79502.0
1689289200000,31311.0,31395.8,31308.9,31367.8,102531.0
1689290100000,31364.1,31411.2,31347.7,31379.6,74432.0
1689291000000,31379.6,31511.8,31374.0,31488.1,186894.0
1689291900000,31488.0,31497.0,31425.4,31457.5,113837.0
1689292800000,31457.5,31479.7,31412.1,31479.7,119457.0
1689293700000,31479.7,31497.0,31366.3,31399.9,199363.0
1689294600000,31400.0,31527.2,31388.4,31485.1,191472.0
1689295500000,31485.5,31513.0,31386.1,31448.2,199974.0
1689296400000,31448.2,31503.0,31335.0,31367.6,234905.0
1689297300000,31367.6,31428.0,31336.5,31406.4,80870.0
1689298200000,31406.3,31440.0,31394.3,31420.1,39139.0
1689299100000,31420.1,31423.2,31377.0,31419.9,38992.0
1689300000000,31420.0,31455.5,31395.4,31445.8,86368.0
1689300900000,31445.8,31445.8,31386.5,31386.6,60777.0
1689301800000,31386.6,31420.0,31382.2,31414.9,33809.0
1689302700000,31415.0,31480.0,31412.0,31462.3,110746.0
1689303600000,31462.4,31480.4,31414.0,31457.1,91926.0
1689304500000,31457.0,31650.0,31444.3,31512.0,329538.0
1689305400000,31511.9,31531.9,31395.9,31440.0,174645.0
1689306300000,31440.1,31470.6,31409.0,31458.0,84528.0
1689307200000,31457.9,31469.2,31427.5,31456.0,52389.0
1689308100000,31456.1,31473.5,31416.7,31472.3,57814.0
1689309000000,31472.3,31472.3,31402.2,31423.1,37237.0
1689309900000,31423.2,31440.0,31380.0,31396.3,91803.0
1689310800000,31396.4,31396.8,31363.2,31396.8,104093.0
1689311700000,31396.8,31403.7,31358.2,31373.6,51668.0
1689312600000,31373.6,31394.8,31350.7,31359.0,44890.0
1689313500000,31358.9,31374.2,31352.1,31366.7,46384.0
1689314400000,31366.7,31388.1,31340.2,31382.8,54636.0
1689315300000,31382.8,31389.9,31333.1,31339.7,53631.0
1689316200000,31339.7,31350.0,31292.9,31325.2,89471.0
1689317100000,31325.0,31327.1,31289.0,31297.2,42364.0
1689318000000,31297.2,31347.2,31293.0,31294.3,63175.0
1689318900000,31294.4,31320.0,31250.0,31264.8,123850.0
1689319800000,31264.8,31264.8,31171.2,31176.7,235258.0
1689320700000,31176.7,31214.0,31081.0,31107.0,380836.0
1689321600000,31106.9,31240.0,31091.6,31238.4,247128.0
1689322500000,31238.3,31258.5,31210.3,31239.3,150299.0
1689323400000,31239.2,31301.2,31226.1,31263.6,123064.0
1689324300000,31263.6,31263.6,31232.2,31252.7,58765.0
1689325200000,31252.7,31252.7,31188.5,31200.6,68620.0
1689326100000,31200.5,31224.9,31165.0,31222.9,69097.0
1689327000000,31222.8,31222.9,31146.8,31209.6,88855.0
1689327900000,31209.5,31238.0,31193.5,31196.0,54911.0
1689328800000,31196.0,31212.2,31173.2,31179.7,44837.0
1689329700000,31179.6,31191.8,31153.7,31170.6,75685.0
1689330600000,31170.5,31170.6,31090.4,31126.2,161029.0
1689331500000,31126.2,31188.3,31109.5,31182.2,103641.0
1689332400000,31182.1,31208.8,31149.8,31208.4,49253.0
1689333300000,31208.5,31248.0,31182.6,31240.4,106317.0
1689334200000,31240.5,31240.5,31203.3,31205.7,34046.0
1689335100000,31205.7,31237.2,31181.4,31218.9,65067.0
1689336000000,31218.8,31235.2,31205.0,31226.8,49602.0
1689336900000,31226.9,31226.9,31187.5,31201.8,37202.0
1689337800000,31201.9,31201.9,31132.1,31197.2,76937.0
1689338700000,31197.2,31197.3,31111.5,31132.4,104748.0
1689339600000,31132.0,31194.5,31102.0,31162.1,152508.0
1689340500000,31162.1,31178.0,31080.5,31158.1,125029.0
1689341400000,31158.0,31245.0,31056.0,31205.5,354757.0
1689342300000,31208.0,31288.0,31184.1,31262.0,196233.0
1689343200000,31263.9,31264.8,31174.2,31243.0,206257.0
1689344100000,31243.0,31272.0,31200.4,31213.2,71478.0
1689345000000,31217.8,31278.3,31201.0,31244.4,101729.0
1689345900000,31244.4,31356.4,31206.6,31303.2,190636.0
1689346800000,31303.2,31316.7,31242.8,31316.3,146450.0
1689347700000,31316.3,31371.5,31291.4,31338.0,164017.0
1689348600000,31337.9,31360.9,31278.1,31292.4,78141.0
1689349500000,31292.2,31292.2,31204.6,31245.8,120947.0
1689350400000,31245.8,31262.2,31213.5,31215.1,77744.0
1689351300000,31215.2,31277.7,31153.3,31172.0,159397.0
1689352200000,31171.9,31233.1,31060.0,31227.1,453109.0
1689353100000,31227.4,31259.0,31186.7,31213.9,158641.0
1689354000000,31213.8,31213.9,31080.5,31093.6,224265.0
1689354900000,31093.5,31106.7,30824.6,30918.2,1162272.0
1689355800000,30918.2,30970.7,30798.2,30875.8,455788.0
1689356700000,30875.8,30904.0,30632.5,30677.9,752286.0
1689357600000,30680.6,30760.0,30586.0,30732.6,497188.0
1689358500000,30732.5,30732.5,30310.3,30385.0,1281594.0
1689359400000,30385.0,30385.0,30024.1,30156.0,1680713.0
1689360300000,30155.7,30250.0,30040.0,30088.3,652383.0
1689361200000,30088.2,30227.6,29888.0,30227.6,1228643.0
1689362100000,30227.5,30234.3,30133.1,30158.2,264515.0
1689363000000,30158.2,30177.8,30062.0,30095.0,298790.0
1689363900000,30095.5,30125.7,30050.0,30117.9,197276.0
1689364800000,30116.1,30140.0,30056.0,30096.1,109802.0
1689365700000,30096.2,30099.3,29985.0,30028.6,199124.0
1689366600000,30028.6,30151.1,29983.0,30147.4,162762.0
1689367500000,30147.4,30236.8,30147.4,30182.8,222801.0
1689368400000,30182.7,30260.0,30177.4,30255.9,110801.0
1689369300000,30255.9,30266.0,30180.0,30212.8,118578.0
1689370200000,30213.2,30223.7,30179.7,30179.7,56954.0
1689371100000,30179.7,30240.0,30138.0,30230.0,81091.0
1689372000000,30229.8,30237.8,30191.1,30196.0,59472.0
1689372900000,30196.0,30227.9,30187.4,30211.8,50565.0
1689373800000,30211.9,30245.4,30210.5,30227.1,47056.0
1689374700000,30226.6,30247.1,30216.9,30220.0,30817.0
1689375600000,30219.9,30251.5,30206.2,30248.5,61513.0
1689376500000,30248.5,30303.3,30236.1,30295.2,106537.0
1689377400000,30295.2,30312.3,30263.9,30299.7,72955.0
1689378300000,30299.7,30307.6,30233.0,30303.2,67426.0
1689379200000,30303.2,30303.2,30261.6,30266.1,61980.0
1689380100000,30266.2,30310.0,30231.4,30309.4,99222.0
1689381000000,30309.4,30310.0,30260.1,30284.4,74796.0
1689381900000,30284.3,30328.4,30284.3,30328.3,61249.0
1689382800000,30328.3,30329.7,30276.5,30310.6,64382.0
1689383700000,30310.6,30343.8,30310.0,30343.8,60575.0
1689384600000,30343.8,30390.8,30333.1,30347.3,98366.0
1689385500000,30347.3,30368.3,30327.0,30335.1,52414.0
1689386400000,30335.1,30345.5,30295.0,30317.9,48868.0
1689387300000,30317.9,30332.1,30295.0,30296.8,57535.0
1689388200000,30296.8,30319.5,30288.0,30313.5,37524.0
1689389100000,30313.5,30327.1,30290.2,30290.3,29943.0
1689390000000,30290.3,30299.7,30267.6,30285.0,56043.0
1689390900000,30285.0,30305.7,30263.0,30297.0,51259.0
1689391800000,30297.0,30337.9,30297.0,30325.0,59991.0
1689392700000,30325.0,30334.0,30290.0,30293.9,28256.0
1689393600000,30293.9,30307.8,30290.0,30305.0,33209.0
1689394500000,30304.9,30326.6,30304.9,30326.3,22461.0
1689395400000,30326.4,30326.4,30292.6,30300.1,23142.0
1689396300000,30300.0,30306.0,30290.7,30297.8,20352.0
1689397200000,30297.9,30314.4,30287.3,30310.1,29402.0
1689398100000,30310.2,30315.7,30251.9,30268.0,68962.0
1689399000000,30268.0,30286.7,30261.0,30286.7,52771.0
1689399900000,30286.7,30301.3,30286.7,30301.3,28032.0
1689400800000,30301.2,30309.0,30274.0,30294.2,37576.0
1689401700000,30294.2,30319.9,30294.2,30303.0,41907.0
1689402600000,30303.0,30330.8,30292.1,30299.0,45377.0
1689403500000,30299.0,30319.8,30298.9,30317.5,23318.0
1689404400000,30317.6,30350.6,30305.7,30342.1,74108.0
1689405300000,30342.1,30350.0,30320.1,30331.4,52501.0
1689406200000,30331.4,30367.4,30306.8,30361.5,75119.0
1689407100000,30361.4,30365.6,30337.5,30339.9,47096.0
1689408000000,30340.0,30343.3,30307.0,30308.9,51632.0
1689408900000,30308.9,30322.9,30278.9,30322.9,69362.0
1689409800000,30322.9,30347.2,30316.1,30341.3,32281.0
1689410700000,30341.3,30347.9,30316.0,30316.0,19476.0
1689411600000,30316.1,30323.6,30316.0,30319.9,13422.0
1689412500000,30319.9,30337.0,30318.0,30337.0,13377.0
1689413400000,30337.0,30337.0,30320.4,30331.1,15888.0
1689414300000,30331.1,30352.3,30331.0,30347.6,28256.0
1689415200000,30347.6,30358.4,30341.8,30356.0,45202.0
1689416100000,30356.1,30368.0,30334.5,30356.0,37395.0
1689417000000,30356.0,30359.0,30328.6,30328.6,27518.0
1689417900000,30328.6,30330.0,30300.1,30324.5,41901.0
1689418800000,30324.5,30338.3,30314.1,30331.1,24303.0
1689419700000,30331.0,30331.0,30287.4,30304.6,43537.0
1689420600000,30304.6,30325.8,30304.6,30312.8,19083.0
1689421500000,30312.7,30322.8,30302.0,30311.0,18883.0
1689422400000,30311.0,30331.7,30310.9,30331.6,12672.0
1689423300000,30331.7,30360.0,30327.0,30351.6,31641.0
1689424200000,30351.6,30354.7,30331.7,30339.3,23318.0
1689425100000,30339.3,30354.0,30339.2,30348.9,19398.0
1689426000000,30349.0,30349.0,30307.0,30311.6,36601.0
1689426900000,30311.6,30327.8,30295.0,30299.9,37127.0
1689427800000,30299.9,30310.0,30295.0,30299.9,32844.0
1689428700000,30299.8,30328.3,30260.0,30327.7,84523.0
1689429600000,30327.6,30331.0,30296.0,30305.8,34478.0
1689430500000,30305.8,30308.9,30270.6,30289.1,27800.0
1689431400000,30289.1,30317.4,30289.1,30300.0,22679.0
1689432300000,30299.9,30305.9,30274.4,30280.9,38869.0
1689433200000,30280.9,30305.7,30242.9,30305.7,96545.0
1689434100000,30305.7,30315.3,30280.0,30285.3,40851.0
1689435000000,30285.4,30305.6,30282.1,30305.5,22725.0
1689435900000,30305.5,30315.5,30299.9,30299.9,44775.0
1689436800000,30299.9,30299.9,30260.1,30279.9,67504.0
1689437700000,30280.0,30309.4,30251.1,30277.9,67028.0
1689438600000,30277.9,30290.0,30253.0,30288.0,43133.0
1689439500000,30288.0,30294.6,30259.6,30281.5,35339.0
1689440400000,30282.4,30296.4,30280.4,30285.4,17324.0
1689441300000,30285.3,30309.5,30285.3,30306.5,19319.0
1689442200000,30309.1,30310.0,30297.5,30297.5,16068.0
1689443100000,30297.6,30297.6,30255.1,30282.6,21161.0
1689444000000,30282.5,30302.8,30282.5,30295.0,11105.0
1689444900000,30295.0,30304.8,30286.1,30304.8,50174.0
1689445800000,30304.8,30352.5,30304.8,30330.9,75638.0
1689446700000,30330.9,30348.0,30310.0,30317.9,25317.0
1689447600000,30317.9,30341.5,30317.9,30341.4,15853.0
1689448500000,30341.5,30350.0,30326.1,30345.0,22550.0
1689449400000,30345.0,30345.0,30327.4,30329.7,6826.0
1689450300000,30329.7,30339.3,30329.6,30330.2,9453.0
1689451200000,30329.7,30329.7,30296.6,30307.5,23874.0
1689452100000,30307.5,30320.2,30305.0,30305.4,10595.0
1689453000000,30305.4,30313.9,30294.6,30306.0,11780.0
1689453900000,30305.9,30311.6,30303.2,30305.0,8374.0
1689454800000,30305.1,30305.1,30283.0,30288.9,19438.0
1689455700000,30288.8,30300.9,30280.0,30300.9,12661.0
1689456600000,30300.8,30302.3,30294.8,30302.3,6701.0
1689457500000,30302.2,30306.0,30300.0,30305.9,7447.0
1689458400000,30306.0,30306.0,30283.7,30288.5,18139.0
1689459300000,30287.0,30309.9,30286.7,30309.8,10627.0
1689460200000,30309.8,30320.0,30273.8,30289.6,26840.0
1689461100000,30289.6,30296.8,30282.3,30285.7,7303.0
1689462000000,30285.7,30292.6,30270.0,30279.9,20792.0
1689462900000,30280.0,30297.3,30280.0,30290.4,15339.0
1689463800000,30290.3,30290.4,30277.1,30286.8,10892.0
1689464700000,30285.1,30297.3,30278.9,30297.3,19057.0
1689465600000,30297.2,30311.6,30292.1,30311.6,17709.0
1689466500000,30311.6,30311.6,30276.0,30281.9,18688.0
1689467400000,30281.9,30290.9,30276.0,30289.6,14267.0
1689468300000,30289.6,30303.9,30289.5,30303.8,13428.0
1689469200000,30303.9,30339.4,30303.8,30332.4,36930.0
1689470100000,30332.5,30333.2,30315.6,30320.6,42646.0
1689471000000,30320.7,30329.8,30265.0,30283.3,64402.0
1689471900000,30283.4,30285.0,30268.0,30270.1,35767.0
1689472800000,30270.2,30278.0,30260.0,30270.1,66139.0
1689473700000,30270.0,30270.1,30053.1,30122.0,698166.0
1689474600000,30122.5,30329.5,30112.0,30302.1,296207.0
1689475500000,30302.1,30338.1,30251.1,30255.7,184446.0
1689476400000,30255.7,30265.0,30200.0,30222.9,101607.0
1689477300000,30223.0,30237.1,30201.5,30204.4,39804.0
1689478200000,30204.4,30246.0,30200.6,30218.3,71137.0
1689479100000,30218.3,30232.4,30180.0,30187.9,81624.0
1689480000000,30187.9,30214.9,30178.5,30207.3,68894.0
1689480900000,30207.4,30207.4,30160.3,30172.3,64380.0
1689481800000,30172.4,30187.1,30151.1,30170.6,48196.0
1689482700000,30170.7,30180.0,30138.0,30153.3,54525.0
1689483600000,30153.3,30216.5,30153.3,30199.9,49073.0
1689484500000,30200.0,30225.0,30198.1,30212.6,50463.0
1689485400000,30212.5,30218.4,30197.9,30203.4,29292.0
1689486300000,30203.4,30240.7,30201.5,30240.7,24924.0
1689487200000,30240.7,30243.2,30225.0,30232.6,24200.0
1689488100000,30232.6,30249.9,30217.1,30249.9,32195.0
1689489000000,30249.9,30276.4,30242.0,30271.6,55718.0
1689489900000,30271.6,30312.6,30258.2,30260.7,126922.0
1689490800000,30260.8,30298.3,30250.0,30298.0,47293.0
1689491700000,30297.9,30300.0,30278.0,30280.9,20803.0
1689492600000,30281.0,30281.0,30261.6,30268.8,20846.0
1689493500000,30268.8,30286.7,30266.0,30270.8,23713.0
1689494400000,30270.8,30287.2,30264.8,30279.2,27748.0
1689495300000,30279.2,30310.1,30277.2,30303.6,53726.0
1689496200000,30303.5,30303.6,30276.2,30283.3,41461.0
1689497100000,30283.3,30296.0,30283.2,30296.0,12456.0
1689498000000,30296.0,30300.0,30280.7,30284.2,32568.0
1689498900000,30284.2,30319.7,30281.3,30313.0,55291.0
1689499800000,30312.9,30315.0,30284.5,30289.0,32782.0
1689500700000,30288.9,30302.9,30282.9,30299.2,22458.0
1689501600000,30299.2,30327.3,30294.7,30315.9,49641.0
1689502500000,30316.0,30346.3,30267.1,30308.4,79668.0
1689503400000,30310.0,30314.0,30267.0,30283.8,49588.0
1689504300000,30283.9,30314.2,30282.6,30285.7,37919.0
1689505200000,30285.8,30308.0,30282.4,30307.9,24433.0
1689506100000,30308.0,30318.0,30291.0,30301.4,33486.0
1689507000000,30300.8,30318.2,30292.3,30317.5,22160.0
1689507900000,30317.5,30318.7,30297.5,30303.0,21957.0
1689508800000,30303.0,30339.9,30301.0,30315.6,44722.0
1689509700000,30315.7,30317.9,30286.0,30293.6,26176.0
1689510600000,30293.7,30304.0,30293.6,30295.7,21249.0
1689511500000,30295.6,30302.4,30288.0,30295.5,21122.0
1689512400000,30295.5,30302.9,30275.5,30288.1,38468.0
1689513300000,30288.1,30289.7,30270.0,30288.7,38311.0
1689514200000,30288.6,30316.7,30281.9,30314.0,37278.0
1689515100000,30314.1,30317.5,30295.2,30297.7,28112.0
1689516000000,30297.8,30330.0,30297.8,30328.9,44190.0
1689516900000,30328.9,30444.6,30305.9,30403.9,331041.0
1689517800000,30403.8,30430.0,30365.0,30390.2,182028.0
1689518700000,30390.2,30403.3,30339.8,30398.8,83931.0
1689519600000,30398.9,30425.0,30378.0,30405.9,69559.0
1689520500000,30406.0,30431.0,30386.0,30404.3,38877.0
1689521400000,30404.3,30404.3,30375.0,30384.7,34908.0
1689522300000,30385.2,30389.5,30360.9,30374.2,52049.0
1689523200000,30374.2,30375.0,30352.4,30357.3,63468.0
1689524100000,30357.2,30375.0,30306.6,30374.1,109785.0
1689525000000,30373.9,30399.8,30348.3,30353.4,54295.0
1689525900000,30353.4,30369.8,30350.9,30359.0,31016.0
1689526800000,30359.0,30368.0,30355.0,30363.7,18410.0
1689527700000,30363.6,30388.4,30363.6,30383.0,22570.0
1689528600000,30383.0,30407.4,30369.0,30370.2,31792.0
1689529500000,30370.2,30393.5,30368.0,30380.0,17666.0
1689530400000,30380.0,30393.5,30378.5,30378.5,14988.0
1689531300000,30378.5,30384.7,30320.0,30325.9,35916.0
1689532200000,30325.9,30341.2,30220.1,30310.0,261297.0
1689533100000,30309.9,30310.0,30240.1,30276.2,74884.0
1689534000000,30276.3,30300.0,30264.4,30287.0,32174.0
1689534900000,30286.0,30293.8,30234.7,30261.1,37372.0
1689535800000,30261.0,30266.0,30193.0,30228.0,106892.0
1689536700000,30228.0,30259.8,30220.8,30250.0,35236.0
1689537600000,30249.9,30289.9,30235.4,30284.5,45865.0
1689538500000,30283.9,30299.2,30238.3,30259.7,23999.0
1689539400000,30259.7,30294.6,30257.3,30290.6,18011.0
1689540300000,30290.6,30290.7,30267.0,30267.0,10050.0
1689541200000,30267.1,30285.5,30267.0,30285.4,15684.0
1689542100000,30285.5,30322.9,30285.4,30305.3,28731.0
1689543000000,30305.3,30305.3,30286.4,30292.4,10842.0
1689543900000,30292.4,30292.5,30285.3,30285.4,7516.0
1689544800000,30285.4,30350.0,30261.2,30341.0,70972.0
1689545700000,30341.1,30359.9,30311.9,30311.9,31878.0
1689546600000,30311.9,30335.1,30297.0,30333.8,17314.0
1689547500000,30333.9,30344.7,30315.5,30320.6,22929.0
1689548400000,30320.7,30333.5,30300.0,30309.6,19283.0
1689549300000,30309.6,30309.6,30203.3,30209.9,75058.0
1689550200000,30209.9,30253.0,30128.0,30251.2,263944.0
1689551100000,30251.2,30258.0,30200.0,30230.8,51007.0
1689552000000,30230.7,30266.3,30186.7,30256.0,92789.0
1689552900000,30256.1,30312.5,30256.0,30262.9,72298.0
1689553800000,30262.9,30262.9,30206.0,30213.7,53108.0
1689554700000,30213.7,30240.0,30170.1,30214.0,90934.0
1689555600000,30213.9,30258.0,30185.7,30248.4,51442.0
1689556500000,30248.5,30277.7,30218.0,30272.4,52311.0
1689557400000,30272.4,30332.5,30269.1,30304.0,94299.0
1689558300000,30304.0,30304.9,30272.4,30286.0,25674.0
1689559200000,30286.0,30299.6,30272.8,30273.8,25116.0
1689560100000,30273.9,30297.4,30273.8,30287.0,15810.0
1689561000000,30286.9,30300.0,30273.0,30300.0,20638.0
1689561900000,30300.0,30300.0,30252.0,30261.4,45031.0
1689562800000,30261.4,30275.0,30254.9,30274.9,19310.0
1689563700000,30275.0,30290.0,30269.3,30269.3,15222.0
1689564600000,30269.2,30310.1,30269.1,30307.9,33185.0
1689565500000,30308.0,30318.0,30297.0,30308.2,22305.0
1689566400000,30308.2,30311.0,30288.7,30306.1,30985.0
1689567300000,30306.1,30306.9,30288.0,30298.7,24999.0
1689568200000,30298.6,30316.1,30272.0,30289.2,55322.0
1689569100000,30286.1,30300.0,30280.2,30298.5,18478.0
1689570000000,30298.6,30330.0,30298.5,30326.3,45820.0
1689570900000,30326.4,30326.4,30279.0,30296.0,54997.0
1689571800000,30296.0,30314.7,30282.1,30313.8,19290.0
1689572700000,30313.8,30313.8,30260.3,30263.4,42166.0
1689573600000,30263.5,30280.0,30263.4,30280.0,44022.0
1689574500000,30280.0,30281.2,30271.9,30280.0,18552.0
1689575400000,30280.0,30283.0,30253.4,30259.5,39842.0
1689576300000,30259.5,30281.4,30234.8,30276.3,47864.0
1689577200000,30276.2,30276.3,30267.1,30267.2,17247.0
1689578100000,30267.1,30297.2,30263.5,30288.8,46467.0
1689579000000,30288.8,30288.9,30243.2,30271.4,51963.0
1689579900000,30272.0,30284.4,30263.4,30284.4,27100.0
1689580800000,30284.4,30288.8,30266.1,30288.8,24696.0
1689581700000,30288.8,30321.9,30285.4,30318.8,68329.0
1689582600000,30318.7,30325.0,30290.5,30299.8,70444.0
1689583500000,30299.8,30299.8,30255.1,30260.1,53544.0
1689584400000,30260.1,30279.9,30222.0,30229.2,111402.0
1689585300000,30229.0,30252.0,30220.1,30235.8,86636.0
1689586200000,30235.8,30237.0,30205.0,30218.7,87257.0
1689587100000,30218.6,30218.7,30140.2,30178.1,190595.0
1689588000000,30178.0,30211.2,30172.6,30208.7,69904.0
1689588900000,30208.6,30209.0,29950.1,30125.0,797746.0
1689589800000,30124.9,30125.6,30037.1,30088.8,230019.0
1689590700000,30088.8,30190.0,30076.0,30163.7,237166.0
1689591600000,30163.6,30266.3,30145.5,30254.2,242166.0
1689592500000,30254.1,30265.0,30212.8,30217.0,103158.0
1689593400000,30217.1,30222.0,30183.3,30214.1,70144.0
1689594300000,30214.1,30223.5,30156.0,30156.0,73677.0
1689595200000,30156.0,30175.9,30065.0,30090.1,207586.0
1689596100000,30090.1,30119.9,30033.0,30072.9,169561.0
1689597000000,30072.8,30173.0,30032.3,30155.7,306285.0
1689597900000,30155.7,30224.0,30152.2,30209.9,173848.0
1689598800000,30209.9,30210.0,30161.1,30190.1,74077.0
1689599700000,30189.2,30280.0,30175.5,30237.9,149503.0
1689600600000,30238.1,30247.9,30171.5,30237.2,103137.0
1689601500000,30237.3,30315.0,30210.0,30287.2,215630.0
1689602400000,30287.2,30311.5,30249.3,30267.2,137412.0
1689603300000,30267.2,30309.7,30232.7,30255.1,115631.0
1689604200000,30255.2,30273.5,30230.1,30266.9,41145.0
1689605100000,30266.9,30294.0,30260.8,30278.8,58814.0
1689606000000,30278.9,30298.5,30243.6,30266.2,39447.0
1689606900000,30266.2,30277.7,30140.0,30167.3,228664.0
1689607800000,30167.2,30191.0,30112.4,30176.6,201028.0
1689608700000,30177.6,30197.0,30150.7,30179.9,54096.0
1689609600000,30179.9,30240.0,30150.0,30240.0,105755.0
1689610500000,30240.0,30240.0,30179.8,30191.7,55576.0
1689611400000,30191.6,30193.1,30077.0,30102.0,254475.0
1689612300000,30100.2,30148.2,30100.1,30140.6,60833.0
1689613200000,30140.7,30161.0,30022.0,30029.3,126210.0
1689614100000,30030.0,30135.8,29900.0,30128.0,607094.0
1689615000000,30127.3,30168.0,30067.2,30074.6,141044.0
1689615900000,30074.5,30099.9,30005.0,30032.7,115119.0
1689616800000,30032.8,30065.7,29984.7,29993.0,95625.0
1689617700000,29993.1,30053.1,29988.4,30028.0,83154.0
1689618600000,30028.0,30032.2,29762.0,29857.0,887995.0
1689619500000,29856.9,29878.6,29645.0,29798.9,846238.0
1689620400000,29798.9,29859.5,29750.7,29850.8,212301.0
1689621300000,29850.8,29930.0,29843.5,29910.7,183523.0
1689622200000,29910.6,29921.8,29855.6,29895.1,73061.0
1689623100000,29895.0,29918.8,29831.3,29884.9,87604.0
1689624000000,29884.6,29966.0,29880.9,29945.6,128902.0
1689624900000,29945.7,29992.0,29926.1,29934.8,81634.0
1689625800000,29934.8,29940.0,29909.8,29940.0,35389.0
1689626700000,29940.2,29940.2,29905.6,29925.4,28336.0
1689627600000,29925.4,29977.9,29925.4,29971.5,44950.0
1689628500000,29971.5,30098.0,29969.8,30071.3,226553.0
1689629400000,30071.3,30226.6,30020.6,30217.3,158638.0
1689630300000,30217.3,30290.0,30139.3,30238.6,194839.0
1689631200000,30238.6,30269.6,30158.9,30188.9,146784.0
1689632100000,30187.0,30217.8,30158.9,30191.4,73787.0
1689633000000,30191.4,30215.9,30131.2,30155.8,67382.0
1689633900000,30155.9,30167.1,30096.3,30107.3,59702.0
1689634800000,30107.4,30130.0,30070.1,30121.3,75967.0
1689635700000,30121.3,30147.6,30120.5,30130.0,48712.0
1689636600000,30130.0,30179.5,30125.7,30135.6,61015.0
1689637500000,30135.7,30167.1,30135.6,30141.0,39642.0
1689638400000,30141.3,30172.3,30127.9,30139.5,71965.0
1689639300000,30139.5,30195.3,30111.3,30191.4,51675.0
1689640200000,30191.5,30200.0,30153.6,30177.0,50602.0
1689641100000,30177.1,30180.3,30139.4,30164.8,37418.0
1689642000000,30164.9,30194.9,30143.3,30189.9,45153.0
1689642900000,30188.5,30205.0,30147.8,30183.8,53002.0
1689643800000,30183.8,30201.7,30169.0,30199.0,43509.0
1689644700000,30199.0,30247.3,30193.2,30219.0,113548.0
1689645600000,30219.1,30236.7,30174.4,30181.0,66643.0
1689646500000,30181.0,30181.0,30150.0,30160.1,56790.0
1689647400000,30160.1,30160.2,30106.3,30132.8,86999.0
1689648300000,30132.9,30140.5,30123.0,30125.1,32085.0
1689649200000,30125.2,30159.9,30115.0,30156.9,43460.0
1689650100000,30156.8,30156.9,30109.4,30122.6,78832.0
1689651000000,30122.6,30150.6,30083.6,30096.2,100636.0
1689651900000,30096.2,30111.0,30080.0,30081.1,51074.0
1689652800000,30081.0,30102.6,30058.4,30079.2,133119.0
1689653700000,30079.1,30119.9,30045.0,30088.7,130273.0
1689654600000,30088.7,30119.0,30080.0,30091.7,37092.0
1689655500000,30091.7,30135.6,30091.7,30132.1,56875.0
1689656400000,30132.0,30132.1,30091.7,30115.7,42045.0
1689657300000,30115.8,30118.9,30079.5,30079.5,31211.0
1689658200000,30079.6,30099.0,30050.0,30050.0,81963.0
1689659100000,30050.0,30079.0,30040.0,30057.5,66217.0
1689660000000,30057.9,30098.7,30051.4,30074.7,45829.0
1689660900000,30074.7,30107.0,30002.8,30049.7,114638.0
1689661800000,30049.8,30052.0,29929.5,29970.9,323109.0
1689662700000,29971.0,30024.0,29926.0,29995.2,152972.0
1689663600000,29995.1,30044.9,29973.9,30027.1,79253.0
1689664500000,30027.1,30048.8,30013.5,30022.3,52117.0
1689665400000,30022.4,30033.0,29972.2,29995.5,104853.0
1689666300000,29995.5,30002.5,29943.2,29969.1,111091.0
1689667200000,29969.1,29974.7,29880.0,29937.4,240519.0
1689668100000,29937.4,30091.7,29883.1,30062.0,373844.0
1689669000000,30061.9,30122.5,30025.0,30051.0,198991.0
1689669900000,30050.9,30063.8,30015.0,30024.8,72884.0
1689670800000,30024.9,30043.8,29970.3,29989.8,153168.0
1689671700000,29989.9,30034.9,29981.6,30018.6,74910.0
1689672600000,30018.6,30018.7,29982.0,29990.0,55004.0
1689673500000,29990.0,29990.7,29945.7,29959.0,79717.0
1689674400000,29959.0,29983.0,29950.0,29960.1,55427.0
1689675300000,29960.1,29972.4,29902.5,29951.0,128477.0
1689676200000,29951.0,30007.5,29943.0,29985.9,61304.0
1689677100000,29986.0,30033.3,29985.9,29990.1,80040.0
1689678000000,29990.1,30020.0,29985.9,30014.0,45444.0
1689678900000,30014.0,30076.0,29997.6,30027.3,101234.0
1689679800000,30027.3,30050.6,29998.0,30001.3,64154.0
1689680700000,30001.3,30001.4,29800.0,29888.1,574097.0
1689681600000,29888.1,29927.8,29850.0,29863.1,250978.0
1689682500000,29863.2,29910.0,29823.7,29857.0,193738.0
1689683400000,29857.0,29889.4,29757.9,29785.0,418835.0
1689684300000,29785.0,29835.5,29734.6,29786.5,336920.0
1689685200000,29786.5,29846.0,29685.1,29824.0,454548.0
1689686100000,29824.0,29837.8,29756.1,29783.6,148712.0
1689687000000,29783.6,29868.8,29767.2,29840.2,154668.0
1689687900000,29840.3,29855.7,29784.5,29834.4,132653.0
1689688800000,29834.3,29923.0,29823.7,29919.3,225044.0
1689689700000,29919.2,30030.0,29872.6,29932.2,348318.0
1689690600000,29933.7,29982.9,29806.4,29976.6,262777.0
1689691500000,29976.6,29988.0,29901.2,29922.0,143227.0
1689692400000,29922.1,29929.0,29860.0,29912.5,93334.0
1689693300000,29912.5,29930.6,29843.1,29856.2,63903.0
1689694200000,29856.1,29888.0,29835.0,29857.1,87781.0
1689695100000,29857.1,29925.8,29849.5,29906.1,69739.0
1689696000000,29906.0,29956.5,29889.2,29954.9,122690.0
1689696900000,29954.8,29966.0,29891.7,29898.5,94511.0
1689697800000,29898.5,29924.9,29822.6,29839.3,95917.0
1689698700000,29839.7,29845.8,29490.8,29700.0,1189611.0
1689699600000,29700.0,29767.8,29670.8,29738.0,182556.0
1689700500000,29738.1,29759.9,29681.0,29723.4,119299.0
1689701400000,29723.4,29799.6,29700.2,29794.8,94621.0
1689702300000,29794.9,29841.4,29758.0,29820.5,96837.0
1689703200000,29820.5,29885.0,29790.1,29866.4,111118.0
1689704100000,29866.5,29926.9,29829.0,29926.9,101238.0
1689705000000,29926.9,29928.8,29857.1,29865.8,83774.0
1689705900000,29865.8,29908.0,29865.7,29907.9,37849.0
1689706800000,29908.0,29944.0,29866.7,29893.7,79861.0
1689707700000,29893.8,29893.8,29766.0,29770.0,122205.0
1689708600000,29770.0,29809.4,29724.6,29735.0,88392.0
1689709500000,29735.0,29761.2,29679.5,29716.5,97417.0
1689710400000,29718.3,29791.1,29700.5,29759.0,127508.0
1689711300000,29759.0,29759.0,29728.5,29728.5,12918.0
1689712200000,29728.5,29816.0,29692.4,29780.3,59897.0
1689713100000,29780.3,29801.9,29761.8,29782.8,28761.0
1689714000000,29782.8,29817.8,29754.4,29775.9,52181.0
1689714900000,29775.8,29837.6,29772.9,29828.4,39928.0
1689715800000,29828.4,29830.5,29799.3,29806.5,25387.0
1689716700000,29806.5,29807.4,29769.0,29802.0,32608.0
1689717600000,29802.0,29819.4,29783.5,29803.8,31971.0
1689718500000,29803.9,29804.1,29760.8,29788.0,27537.0
1689719400000,29788.0,29815.3,29757.2,29810.2,37720.0
1689720300000,29810.0,29833.1,29796.6,29818.4,45874.0
1689721200000,29818.5,29830.0,29785.1,29786.9,43694.0
1689722100000,29786.9,29837.9,29779.9,29837.4,37929.0
1689723000000,29837.4,29844.0,29791.8,29820.7,45709.0
1689723900000,29820.7,29869.4,29801.0,29857.4,44987.0
1689724800000,29857.4,29889.7,29840.4,29873.7,73701.0
1689725700000,29873.4,29934.3,29857.8,29925.7,99757.0
1689726600000,29925.8,30066.0,29921.2,30000.0,452614.0
1689727500000,30000.0,30075.0,29992.6,30054.0,240243.0
1689728400000,30054.1,30075.0,30000.0,30030.7,132360.0
1689729300000,30030.8,30054.0,29950.0,29995.0,274367.0
1689730200000,29995.4,30004.5,29960.8,29968.5,57062.0
1689731100000,29968.6,30020.1,29968.5,30009.9,75007.0
1689732000000,30010.0,30025.0,29987.5,30002.1,74384.0
1689732900000,30002.1,30015.6,29967.9,29971.9,106017.0
1689733800000,29972.0,30009.7,29972.0,30004.6,34374.0
1689734700000,30004.7,30031.0,30002.8,30025.0,98376.0
1689735600000,30025.1,30080.0,30006.1,30064.4,107629.0
1689736500000,30064.4,30064.4,30043.1,30046.0,59820.0
1689737400000,30046.0,30071.3,30000.0,30046.6,236239.0
1689738300000,30046.5,30076.9,30043.5,30060.8,73568.0
1689739200000,30060.9,30113.0,30055.5,30088.5,189532.0
1689740100000,30088.6,30195.0,30088.4,30139.6,232346.0
1689741000000,30139.6,30195.0,30115.2,30127.8,160848.0
1689741900000,30127.7,30127.8,30090.1,30098.6,165830.0
1689742800000,30098.7,30111.1,30074.2,30090.1,83014.0
1689743700000,30090.1,30127.1,30080.0,30086.3,41727.0
1689744600000,30086.0,30103.0,30063.0,30091.6,53010.0
1689745500000,30091.6,30113.3,30084.7,30100.5,42047.0
1689746400000,30100.3,30116.1,30065.1,30074.8,55483.0
1689747300000,30074.9,30085.4,30040.8,30050.5,90620.0
1689748200000,30050.6,30069.4,30005.9,30021.1,94965.0
1689749100000,30021.0,30059.9,30008.1,30045.7,113343.0
1689750000000,30045.7,30080.0,30025.4,30040.1,70979.0
1689750900000,30040.1,30055.1,30029.1,30045.7,67032.0
1689751800000,30045.7,30045.7,29990.0,29993.8,64452.0
1689752700000,29993.1,30020.8,29970.0,30001.5,123162.0
1689753600000,30001.5,30004.5,29959.3,29986.4,88044.0
1689754500000,29986.5,30013.0,29971.3,30012.2,40574.0
1689755400000,30012.2,30021.4,29975.9,29982.2,47575.0
1689756300000,29982.3,29986.1,29867.1,29924.5,269508.0
1689757200000,29924.6,29951.9,29860.8,29943.8,167611.0
1689758100000,29943.8,30005.7,29943.7,29987.8,151381.0
1689759000000,29987.8,29988.7,29972.6,29988.7,34388.0
1689759900000,29988.7,30054.7,29988.4,30002.4,124626.0
1689760800000,30002.4,30036.8,30001.3,30028.3,52592.0
1689761700000,30028.4,30028.4,29989.1,29994.4,36467.0
1689762600000,29994.4,30023.5,29979.4,29991.3,33498.0
1689763500000,29990.1,29996.7,29977.7,29984.6,28629.0
1689764400000,29984.6,30010.0,29982.5,29995.0,27131.0
1689765300000,29995.1,30001.0,29958.0,29988.6,33447.0
1689766200000,29988.6,29995.0,29968.3,29986.1,27913.0
1689767100000,29986.0,30034.5,29986.0,30013.9,63870.0
1689768000000,30013.9,30024.8,29946.0,29963.6,62037.0
1689768900000,29963.6,29972.0,29925.0,29936.4,95306.0
1689769800000,29936.5,29954.5,29892.0,29925.4,98908.0
1689770700000,29925.4,29974.3,29920.8,29950.1,73998.0
1689771600000,29950.0,29966.0,29886.0,29905.9,75004.0
1689772500000,29906.0,29952.0,29830.0,29952.0,186861.0
1689773400000,29952.0,30048.2,29945.9,30043.0,206553.0
1689774300000,30043.1,30138.0,29927.7,29995.7,454811.0
1689775200000,29995.8,30055.0,29870.0,29894.4,315369.0
1689776100000,29894.4,29934.3,29850.0,29864.2,190343.0
1689777000000,29864.0,29904.7,29783.0,29837.6,333060.0
1689777900000,29837.6,29879.8,29786.0,29823.2,171464.0
1689778800000,29823.2,29874.3,29760.0,29844.3,199670.0
1689779700000,29844.2,29910.0,29843.0,29881.2,123665.0
1689780600000,29881.2,29939.0,29865.3,29888.3,95773.0
1689781500000,29888.4,29999.0,29888.3,29954.7,304434.0
1689782400000,29954.7,29979.0,29908.2,29928.8,201205.0
1689783300000,29928.8,29928.9,29865.8,29895.2,99936.0
1689784200000,29895.2,29920.6,29877.7,29883.7,44147.0
1689785100000,29883.8,29914.9,29870.8,29905.2,62865.0
1689786000000,29905.2,30009.6,29882.4,29997.9,104743.0
1689786900000,29997.9,29997.9,29931.0,29970.0,74529.0
1689787800000,29970.4,30019.9,29938.0,30005.5,119212.0
1689788700000,30005.5,30088.0,29960.0,29991.4,211600.0
1689789600000,29991.3,30015.1,29942.1,29958.6,90233.0
1689790500000,29958.6,30059.0,29950.1,30019.7,90036.0
1689791400000,30019.6,30040.5,29972.0,30040.4,59475.0
1689792300000,30040.4,30095.8,30028.6,30077.9,152734.0
1689793200000,30077.9,30096.7,30025.2,30067.6,69452.0
1689794100000,30067.6,30102.7,30039.0,30054.6,77276.0
1689795000000,30054.6,30080.0,30022.0,30060.6,67051.0
1689795900000,30060.6,30075.1,30032.0,30047.1,49020.0
1689796800000,30047.0,30058.0,30005.1,30029.5,69084.0
1689797700000,30029.4,30029.4,29966.1,29990.1,61305.0
1689798600000,29990.0,30018.4,29980.4,30008.1,29214.0
1689799500000,30008.1,30029.6,29950.0,29965.4,38816.0
1689800400000,29965.4,29970.6,29891.2,29919.7,121675.0
1689801300000,29919.7,29925.0,29843.6,29922.3,162541.0
1689802200000,29922.4,29962.7,29912.6,29940.7,47429.0
1689803100000,29940.7,29940.7,29927.4,29930.0,16029.0
1689804000000,29930.0,29957.3,29897.1,29903.0,33577.0
1689804900000,29903.0,29927.0,29880.0,29918.5,46077.0
1689805800000,29918.4,29918.5,29860.0,29870.0,65922.0
1689806700000,29870.0,29884.9,29847.3,29872.1,47613.0
1689807600000,29872.1,29889.5,29826.4,29863.1,52998.0
1689808500000,29863.1,29931.2,29842.0,29918.0,137906.0
1689809400000,29917.9,29944.0,29909.3,29920.2,65242.0
1689810300000,29920.1,29939.5,29902.0,29914.0,34811.0
1689811200000,29914.0,29933.3,29899.2,29932.9,43089.0
1689812100000,29932.9,29946.0,29907.2,29914.1,36510.0
1689813000000,29914.1,29972.0,29884.1,29971.9,78994.0
1689813900000,29971.9,30018.0,29970.9,29999.9,111054.0
1689814800000,29999.9,30030.3,29998.3,29999.3,79276.0
1689815700000,29999.4,30011.6,29972.1,29998.7,40024.0
1689816600000,29998.7,30020.2,29979.9,30017.0,28187.0
1689817500000,30017.1,30020.1,29986.6,29990.3,37129.0
1689818400000,29990.3,30055.0,29990.3,30027.3,94228.0
1689819300000,30027.3,30040.5,30004.8,30027.5,42138.0
1689820200000,30027.6,30042.8,29982.1,29995.4,57248.0
1689821100000,29995.4,30022.3,29980.0,29988.6,34792.0
1689822000000,29988.7,30000.0,29961.5,29979.3,48996.0
1689822900000,29979.4,29987.9,29925.0,29931.7,126308.0
1689823800000,29931.7,29947.8,29922.0,29944.7,66012.0
1689824700000,29944.8,29956.3,29935.5,29950.9,38945.0
1689825600000,29951.5,29972.7,29951.5,29960.8,31408.0
1689826500000,29960.8,29972.6,29926.1,29930.1,40659.0
1689827400000,29930.1,29972.0,29930.1,29966.1,28727.0
1689828300000,29966.0,29983.0,29952.9,29960.0,26044.0
1689829200000,29960.1,29982.0,29951.8,29980.6,31090.0
1689830100000,29980.6,30061.7,29980.1,30033.4,199426.0
1689831000000,30033.4,30180.0,30032.0,30146.9,347913.0
1689831900000,30147.0,30175.4,30115.0,30128.3,213575.0
1689832800000,30128.3,30166.0,30077.0,30090.1,186609.0
1689833700000,30090.1,30200.0,30090.1,30195.4,151372.0
1689834600000,30195.4,30197.7,30100.0,30109.8,114064.0
1689835500000,30109.8,30127.2,30098.2,30123.3,52593.0
1689836400000,30123.4,30148.0,30096.7,30112.5,51540.0
1689837300000,30115.0,30239.9,30115.0,30209.0,233173.0
1689838200000,30209.1,30221.4,30174.5,30186.8,146395.0
1689839100000,30186.9,30226.8,30176.5,30202.9,97404.0
1689840000000,30203.0,30225.0,30173.6,30196.4,90444.0
1689840900000,30196.5,30208.7,30161.6,30206.5,92265.0
1689841800000,30206.5,30228.0,30181.5,30222.9,84206.0
1689842700000,30223.0,30320.0,30222.9,30261.8,334538.0
1689843600000,30261.9,30277.2,30211.2,30248.0,123672.0
1689844500000,30247.9,30300.0,30243.6,30277.5,126709.0
1689845400000,30276.7,30390.0,30276.7,30363.0,497864.0
1689846300000,30363.1,30385.9,30300.6,30325.7,194256.0
1689847200000,30325.8,30418.4,30316.4,30335.2,267523.0
1689848100000,30335.1,30410.0,30334.0,30371.1,132985.0
1689849000000,30371.0,30418.0,30364.1,30365.3,118403.0
1689849900000,30365.2,30389.8,30265.8,30292.3,219846.0
1689850800000,30292.3,30308.6,30250.5,30287.0,165273.0
1689851700000,30287.0,30290.8,30268.0,30276.4,59866.0
1689852600000,30276.3,30301.2,30250.4,30263.3,83317.0
1689853500000,30263.3,30311.7,30262.2,30280.0,51776.0
1689854400000,30279.9,30305.6,30260.1,30281.7,75859.0
1689855300000,30281.7,30325.8,30262.0,30266.7,49925.0
1689856200000,30266.7,30276.0,30203.5,30233.9,178322.0
1689857100000,30233.9,30247.3,30211.8,30223.1,92122.0
1689858000000,30223.1,30250.0,30180.0,30188.8,150670.0
1689858900000,30188.7,30246.0,30170.4,30233.6,119053.0
1689859800000,30233.6,30271.8,30224.8,30240.5,93789.0
1689860700000,30240.4,30278.7,30226.5,30231.9,66789.0
1689861600000,30232.0,30254.1,30180.6,30203.3,102293.0
1689862500000,30203.2,30207.8,30105.0,30120.1,392302.0
1689863400000,30120.2,30120.2,29788.0,29803.2,1455854.0
1689864300000,29803.2,29871.3,29614.4,29780.1,1506086.0
1689865200000,29780.0,29842.8,29700.6,29816.4,550145.0
1689866100000,29816.5,29857.8,29766.0,29842.0,248447.0
1689867000000,29842.0,29850.0,29784.1,29823.8,202543.0
1689867900000,29823.8,29823.8,29759.6,29802.3,163570.0
1689868800000,29802.3,29872.8,29771.2,29841.0,312443.0
1689869700000,29841.1,29844.8,29729.6,29766.5,180850.0
1689870600000,29766.5,29785.7,29714.1,29744.0,132427.0
1689871500000,29744.0,29759.1,29661.1,29722.9,239727.0
1689872400000,29722.9,29757.2,29701.0,29750.1,91697.0
1689873300000,29750.0,29754.1,29700.0,29724.5,61855.0
1689874200000,29724.4,29819.6,29704.4,29800.3,127194.0
1689875100000,29800.3,29826.0,29755.1,29761.5,72810.0
1689876000000,29761.4,29779.5,29714.0,29751.9,136938.0
1689876900000,29751.9,29751.9,29550.0,29593.0,470996.0
1689877800000,29592.9,29799.8,29572.1,29748.5,551992.0
1689878700000,29748.4,29779.8,29686.0,29693.0,81277.0
1689879600000,29693.0,29732.1,29675.1,29697.8,82309.0
1689880500000,29697.8,29765.0,29697.6,29749.0,34835.0
1689881400000,29749.1,29764.7,29700.0,29702.5,39554.0
1689882300000,29702.5,29765.6,29679.4,29761.8,72138.0
1689883200000,29761.8,29775.0,29715.7,29715.7,46950.0
1689884100000,29715.8,29746.7,29682.6,29734.7,42603.0
1689885000000,29734.7,29737.7,29672.1,29695.1,57931.0
1689885900000,29695.1,29747.8,29676.4,29747.8,38545.0
1689886800000,29747.7,29798.4,29738.4,29794.4,65750.0
1689887700000,29794.4,29874.5,29769.0,29854.6,140983.0
1689888600000,29850.3,29865.3,29805.7,29847.0,138348.0
1689889500000,29847.0,29900.0,29818.1,29868.3,244844.0
1689890400000,29868.3,29881.9,29829.0,29832.5,72151.0
1689891300000,29832.6,29848.0,29820.4,29820.4,23194.0
1689892200000,29820.4,29839.2,29798.3,29827.0,45671.0
1689893100000,29827.0,29827.0,29796.6,29811.7,26936.0
1689894000000,29811.8,29824.3,29793.7,29807.0,30675.0
1689894900000,29807.0,29827.7,29795.5,29814.2,50040.0
1689895800000,29814.2,29815.9,29787.2,29811.6,36315.0
1689896700000,29813.9,29813.9,29790.0,29807.8,34745.0
1689897600000,29807.9,29824.5,29790.0,29790.1,44156.0
1689898500000,29790.1,29822.9,29768.4,29773.2,52519.0
1689899400000,29773.2,29836.7,29725.1,29827.3,181457.0
1689900300000,29827.2,29841.1,29786.2,29788.0,206607.0
1689901200000,29788.1,29812.9,29758.6,29790.1,95086.0
1689902100000,29790.0,29899.2,29787.0,29862.4,225541.0
1689903000000,29862.4,29874.8,29821.2,29857.1,72447.0
1689903900000,29857.1,29894.3,29820.3,29878.0,84883.0
1689904800000,29877.9,29928.1,29832.7,29899.2,171791.0
1689905700000,29899.2,29948.1,29880.1,29927.8,218453.0
1689906600000,29927.8,29934.7,29873.9,29879.9,97690.0
1689907500000,29880.0,29904.3,29870.2,29903.8,68260.0
1689908400000,29903.8,29950.0,29892.1,29929.8,237623.0
1689909300000,29929.8,29948.9,29889.5,29897.1,78416.0
1689910200000,29897.1,29905.3,29875.7,29902.1,40444.0
1689911100000,29902.1,29918.9,29886.0,29899.2,28393.0
1689912000000,29899.2,29905.0,29872.1,29884.9,34513.0
1689912900000,29884.9,29885.4,29856.6,29870.0,36627.0
1689913800000,29870.0,29888.0,29867.0,29887.6,25751.0
1689914700000,29887.6,29897.7,29864.0,29864.0,29424.0
1689915600000,29864.1,29870.0,29846.2,29858.7,43880.0
1689916500000,29858.7,29858.7,29816.0,29825.7,62236.0
1689917400000,29825.7,29835.6,29802.0,29821.3,50132.0
1689918300000,29821.3,29821.9,29792.0,29820.8,63123.0
1689919200000,29820.8,29842.2,29795.0,29833.4,60610.0
1689920100000,29833.4,29859.8,29827.0,29850.6,36874.0
1689921000000,29850.6,29850.6,29815.5,29822.8,22833.0
1689921900000,29822.9,29864.0,29822.8,29856.2,26194.0
1689922800000,29856.2,29861.9,29825.9,29826.8,23182.0
1689923700000,29826.9,29826.9,29803.3,29806.7,40801.0
1689924600000,29806.8,29806.8,29750.0,29777.2,121929.0
1689925500000,29776.9,29789.9,29760.6,29769.9,59851.0
1689926400000,29769.9,29797.3,29758.2,29785.9,47417.0
1689927300000,29785.8,29813.9,29775.3,29810.8,41840.0
1689928200000,29810.8,29820.0,29787.1,29815.9,41274.0
1689929100000,29815.9,29815.9,29789.9,29791.9,25458.0
1689930000000,29792.0,29819.2,29776.0,29810.7,67749.0
1689930900000,29810.7,29852.9,29810.7,29839.8,72239.0
1689931800000,29839.9,29848.6,29790.0,29792.4,47821.0
1689932700000,29792.4,29800.9,29750.0,29756.9,69067.0
1689933600000,29757.0,29793.8,29756.3,29791.2,47569.0
1689934500000,29791.6,29812.8,29788.4,29793.6,33016.0
1689935400000,29794.0,29822.0,29780.0,29809.9,32243.0
1689936300000,29810.0,29819.9,29796.6,29799.5,19977.0
1689937200000,29799.5,29819.1,29787.0,29815.6,41656.0
1689938100000,29815.6,29821.7,29721.0,29759.3,183855.0
1689939000000,29759.4,29776.6,29750.4,29764.1,51442.0
1689939900000,29764.1,29783.0,29764.1,29783.0,22299.0
1689940800000,29783.0,29835.0,29782.9,29814.9,104999.0
1689941700000,29814.8,29863.9,29814.8,29836.5,179858.0
1689942600000,29836.5,29890.8,29836.4,29869.0,121860.0
1689943500000,29868.9,29909.4,29852.1,29876.3,130595.0
1689944400000,29876.4,29897.9,29844.7,29876.1,62609.0
1689945300000,29876.1,29919.0,29860.5,29868.0,92978.0
1689946200000,29866.9,29900.0,29846.2,29852.8,85027.0
1689947100000,29852.8,29862.2,29788.3,29815.5,225542.0
1689948000000,29815.5,29873.8,29783.5,29873.7,108008.0
1689948900000,29873.8,29880.2,29793.3,29803.5,108175.0
1689949800000,29803.5,29874.9,29803.4,29865.3,73418.0
1689950700000,29865.4,29891.3,29843.7,29883.6,66644.0
1689951600000,29883.7,29915.9,29862.6,29872.1,143044.0
1689952500000,29872.1,29885.3,29866.9,29875.0,30277.0
1689953400000,29875.1,29886.9,29857.0,29862.6,38493.0
1689954300000,29862.6,29886.9,29861.7,29866.1,25772.0
1689955200000,29866.2,29878.4,29823.5,29827.4,83259.0
1689956100000,29827.4,29840.3,29810.0,29833.8,56513.0
1689957000000,29833.8,29840.7,29808.0,29833.9,33294.0
1689957900000,29833.8,29846.2,29812.4,29825.6,39870.0
1689958800000,29825.7,29877.4,29820.3,29860.3,105176.0
1689959700000,29860.4,29914.0,29846.3,29898.1,51383.0
1689960600000,29898.1,29909.0,29880.0,29885.7,57887.0
1689961500000,29885.7,29943.1,29870.7,29926.9,121398.0
1689962400000,29926.3,30052.9,29926.3,29982.6,381093.0
1689963300000,29982.7,30014.3,29961.9,29994.7,103485.0
1689964200000,29994.7,30067.5,29976.0,30004.0,169080.0
1689965100000,30004.0,30026.0,29976.1,29985.5,58601.0
1689966000000,29985.5,29985.5,29769.0,29806.0,286926.0
1689966900000,29805.9,29885.0,29770.0,29877.5,137253.0
1689967800000,29878.5,29878.9,29842.3,29862.4,50128.0
1689968700000,29862.4,29909.0,29854.9,29877.3,97704.0
1689969600000,29877.4,29881.0,29830.0,29877.0,50908.0
1689970500000,29877.0,29892.5,29836.0,29890.0,35517.0
1689971400000,29890.0,29892.0,29857.6,29870.2,18116.0
1689972300000,29870.1,29890.0,29850.0,29876.0,21645.0
1689973200000,29876.0,29896.1,29873.4,29892.1,29552.0
1689974100000,29892.0,29929.0,29879.0,29901.9,41320.0
1689975000000,29901.9,29901.9,29892.6,29892.6,21693.0
1689975900000,29892.6,29937.0,29890.6,29892.5,29202.0
1689976800000,29892.5,29920.9,29885.7,29918.2,16341.0
1689977700000,29918.3,29927.3,29907.1,29910.0,27664.0
1689978600000,29910.0,29952.9,29910.0,29936.0,20125.0
1689979500000,29936.1,29951.6,29916.0,29921.4,17793.0
1689980400000,29921.4,29932.7,29915.5,29918.2,15786.0
1689981300000,29918.1,29934.7,29886.9,29925.4,53435.0
1689982200000,29925.5,29929.9,29895.8,29922.1,34820.0
1689983100000,29922.1,29922.1,29895.0,29897.1,20438.0
1689984000000,29897.1,29918.7,29895.9,29918.7,30742.0
1689984900000,29919.4,29933.1,29919.3,29930.0,21664.0
1689985800000,29929.9,29956.9,29929.9,29956.1,42354.0
1689986700000,29956.2,30010.2,29940.6,29985.4,176572.0
1689987600000,29985.4,29990.8,29958.9,29967.0,32454.0
1689988500000,29967.0,29967.0,29944.9,29947.3,25005.0
1689989400000,29947.3,29947.4,29916.0,29926.2,36628.0
1689990300000,29926.2,29949.1,29922.1,29922.4,14384.0
1689991200000,29922.4,29947.9,29919.1,29944.5,30406.0
1689992100000,29945.0,29963.9,29930.5,29930.5,19756.0
1689993000000,29930.5,29958.0,29928.1,29949.9,16394.0
1689993900000,29950.0,29967.5,29926.9,29941.3,41288.0
1689994800000,29941.3,29943.1,29899.9,29903.0,90711.0
1689995700000,29903.1,29945.1,29897.3,29942.4,54910.0
1689996600000,29942.4,29942.5,29916.6,29918.2,22418.0
1689997500000,29919.9,29929.2,29906.7,29906.8,13698.0
1689998400000,29906.8,29912.9,29900.3,29907.5,34430.0
1689999300000,29907.5,29923.3,29907.0,29923.0,18189.0
1690000200000,29923.1,29940.1,29923.0,29931.7,20337.0
1690001100000,29931.8,29936.1,29871.2,29891.9,79461.0
1690002000000,29891.9,29907.6,29877.0,29877.0,36874.0
1690002900000,29877.0,29887.2,29871.0,29874.9,29160.0
1690003800000,29874.9,29889.9,29865.0,29879.0,36876.0
1690004700000,29879.1,29885.1,29862.1,29873.6,28307.0
1690005600000,29873.7,29881.9,29849.9,29861.8,56036.0
1690006500000,29861.8,29884.8,29861.7,29884.8,32217.0
1690007400000,29884.8,29894.7,29882.1,29894.7,21904.0
1690008300000,29894.6,29900.0,29884.0,29894.3,23932.0
1690009200000,29894.3,29894.3,29884.0,29888.2,20001.0
1690010100000,29888.2,29933.1,29868.0,29922.1,56883.0
1690011000000,29924.0,29992.9,29918.0,29968.5,180984.0
1690011900000,29968.5,29988.5,29946.0,29946.1,85648.0
1690012800000,29946.1,29962.2,29946.0,29959.9,31954.0
1690013700000,29959.9,29980.0,29946.6,29948.9,38225.0
1690014600000,29948.9,29949.0,29934.1,29943.0,22934.0
1690015500000,29943.0,29950.0,29925.5,29939.2,20731.0
1690016400000,29939.3,29939.3,29926.7,29926.7,22651.0
1690017300000,29926.7,29950.0,29926.7,29942.2,23909.0
1690018200000,29942.3,29942.3,29936.7,29937.9,9471.0
1690019100000,29937.8,29950.5,29910.3,29929.2,74102.0
1690020000000,29929.2,29929.2,29900.0,29905.5,82454.0
1690020900000,29905.5,29909.0,29867.0,29873.1,158311.0
1690021800000,29873.1,29894.4,29872.5,29893.4,80569.0
1690022700000,29893.4,29904.5,29890.0,29898.5,60072.0
1690023600000,29898.4,29902.7,29889.1,29889.2,17523.0
1690024500000,29889.1,29889.2,29863.3,29871.8,36532.0
1690025400000,29872.0,29881.8,29871.9,29881.8,16106.0
1690026300000,29881.7,29888.0,29881.0,29885.3,12879.0
1690027200000,29885.3,29885.4,29867.2,29869.1,14206.0
1690028100000,29869.0,29882.3,29858.0,29878.1,32374.0
1690029000000,29878.1,29878.1,29840.5,29847.7,49513.0
1690029900000,29847.7,29859.9,29827.1,29844.1,61332.0
1690030800000,29844.0,29855.7,29838.1,29849.2,27999.0
1690031700000,29849.1,29868.0,29848.1,29862.1,25834.0
1690032600000,29862.0,29862.1,29850.3,29850.4,15645.0
1690033500000,29850.4,29850.4,29847.6,29847.9,14734.0
1690034400000,29847.9,29885.3,29847.8,29872.0,90951.0
1690035300000,29872.1,29895.0,29848.0,29848.1,34308.0
1690036200000,29848.0,29890.9,29843.7,29869.6,40229.0
1690037100000,29869.6,29889.5,29855.1,29888.0,44921.0
1690038000000,29888.0,29892.6,29872.0,29873.8,30543.0
1690038900000,29874.9,29888.3,29860.0,29880.8,23222.0
1690039800000,29880.8,29890.0,29865.0,29889.4,30909.0
1690040700000,29889.4,29918.0,29889.0,29901.9,87770.0
1690041600000,29902.0,29914.0,29855.8,29867.4,69940.0
1690042500000,29867.5,29884.8,29860.5,29882.6,23023.0
1690043400000,29882.6,29905.1,29882.6,29905.1,16217.0
1690044300000,29905.1,29910.3,29898.6,29907.8,43016.0
1690045200000,29907.9,29907.9,29891.3,29892.6,15393.0
1690046100000,29892.6,29900.0,29892.0,29892.7,16753.0
1690047000000,29892.6,29892.7,29840.0,29846.4,72600.0
1690047900000,29846.3,29847.9,29810.0,29842.8,96378.0
1690048800000,29842.8,29842.8,29801.0,29814.0,57918.0
1690049700000,29813.9,29842.2,29804.0,29829.7,49768.0
1690050600000,29829.7,29841.3,29825.0,29825.1,15214.0
1690051500000,29825.0,29826.0,29806.1,29814.7,31678.0
1690052400000,29814.6,29866.4,29803.8,29847.0,79228.0
1690053300000,29847.0,29850.7,29829.7,29838.8,25814.0
1690054200000,29838.7,29843.4,29817.9,29843.4,12334.0
1690055100000,29843.4,29853.9,29834.0,29836.1,10395.0
1690056000000,29836.2,29836.2,29822.0,29826.2,12363.0
1690056900000,29826.2,29843.2,29820.6,29837.7,15768.0
1690057800000,29837.8,29843.2,29829.0,29838.2,9303.0
1690058700000,29838.2,29841.7,29826.3,29826.3,12326.0
1690059600000,29826.4,29838.1,29826.3,29838.1,19458.0
1690060500000,29838.1,29838.1,29821.0,29837.9,12285.0
1690061400000,29838.0,29838.0,29834.1,29834.2,7133.0
1690062300000,29834.1,29834.2,29825.7,29825.7,5783.0
1690063200000,29825.7,29835.7,29822.0,29824.2,25632.0
1690064100000,29824.2,29824.2,29802.0,29817.4,37880.0
1690065000000,29817.4,29821.2,29800.0,29821.2,22106.0
1690065900000,29821.1,29821.2,29780.0,29809.0,65659.0
1690066800000,29809.0,29815.0,29792.6,29802.9,29514.0
1690067700000,29802.8,29802.8,29618.6,29708.9,704372.0
1690068600000,29706.4,29725.8,29651.0,29709.3,223265.0
1690069500000,29709.3,29796.4,29676.1,29795.3,204316.0
1690070400000,29794.5,29819.1,29775.0,29778.1,178686.0
1690071300000,29778.1,29805.7,29764.2,29800.5,63412.0
1690072200000,29800.4,29800.5,29755.6,29775.7,55515.0
1690073100000,29775.6,29780.6,29727.8,29778.0,74982.0
1690074000000,29778.1,29856.2,29778.1,29812.2,172688.0
1690074900000,29812.1,29877.3,29812.1,29844.0,121011.0
1690075800000,29844.1,29844.4,29825.1,29837.1,30855.0
1690076700000,29837.0,29855.9,29834.8,29835.0,51698.0
1690077600000,29835.1,29837.3,29811.6,29820.5,26356.0
1690078500000,29820.4,29885.0,29819.6,29881.8,114929.0
1690079400000,29881.9,29881.9,29856.8,29867.9,54534.0
1690080300000,29867.9,29900.0,29855.1,29887.8,66760.0
1690081200000,29887.9,29890.6,29851.6,29865.2,51719.0
1690082100000,29865.2,29869.5,29856.3,29868.0,18542.0
1690083000000,29868.0,29868.0,29840.8,29860.9,31078.0
1690083900000,29860.9,29860.9,29841.9,29845.0,19746.0
1690084800000,29845.0,29872.5,29845.0,29870.8,45144.0
1690085700000,29870.8,29879.1,29855.6,29859.9,33895.0
1690086600000,29860.0,29880.0,29859.0,29870.1,29650.0
1690087500000,29870.1,29920.1,29867.5,29901.6,219626.0
1690088400000,29901.6,29940.2,29896.0,29932.0,139330.0
1690089300000,29932.0,29989.0,29927.3,29966.4,271402.0
1690090200000,29966.4,29983.3,29942.0,29953.4,127669.0
1690091100000,29953.5,29960.0,29910.1,29922.0,131641.0
1690092000000,29920.6,29938.9,29901.4,29909.9,63383.0
1690092900000,29910.0,29917.7,29901.2,29902.1,29652.0
1690093800000,29902.0,29922.0,29892.6,29910.2,65672.0
1690094700000,29910.3,29937.7,29900.1,29922.0,33507.0
1690095600000,29922.0,29926.5,29900.0,29900.0,16231.0
1690096500000,29900.1,29911.3,29892.0,29907.1,28648.0
1690097400000,29907.0,29907.1,29890.7,29895.1,21821.0
1690098300000,29895.1,29917.0,29891.0,29917.0,19584.0
1690099200000,29917.0,29929.2,29895.6,29895.7,43247.0
1690100100000,29895.7,29903.7,29888.8,29897.8,24240.0
1690101000000,29897.8,29953.0,29897.8,29944.9,65059.0
1690101900000,29944.9,29969.0,29930.2,29951.1,66856.0
1690102800000,29951.2,29960.7,29931.5,29931.7,50345.0
1690103700000,29931.8,29934.0,29914.5,29930.0,35730.0
1690104600000,29930.0,29930.1,29904.1,29911.8,28136.0
1690105500000,29911.8,29916.4,29904.0,29906.5,18512.0
1690106400000,29906.6,29906.6,29901.4,29903.0,20369.0
1690107300000,29903.0,29918.0,29903.0,29917.8,28404.0
1690108200000,29914.8,29914.8,29894.9,29899.9,34204.0
1690109100000,29899.9,29905.0,29883.8,29892.0,28423.0
1690110000000,29891.9,29899.6,29888.3,29898.6,15415.0
1690110900000,29898.6,29905.0,29892.3,29904.9,11870.0
1690111800000,29904.9,29932.5,29904.9,29924.8,37400.0
1690112700000,29924.8,29924.8,29884.8,29894.2,27427.0
1690113600000,29894.1,29920.7,29886.9,29916.0,29898.0
1690114500000,29915.9,29920.0,29902.4,29908.4,18157.0
1690115400000,29908.3,29911.5,29903.8,29904.5,13122.0
1690116300000,29904.5,29935.0,29887.8,29924.8,52450.0
1690117200000,29924.9,29925.0,29873.5,29894.3,58813.0
1690118100000,29894.8,29909.2,29867.5,29869.8,36805.0
1690119000000,29869.8,29884.5,29850.5,29882.7,93077.0
1690119900000,29882.7,29898.0,29882.7,29888.1,16682.0
1690120800000,29888.2,29909.3,29887.9,29908.6,20430.0
1690121700000,29908.6,29908.6,29885.4,29886.3,18472.0
1690122600000,29886.3,29911.0,29886.2,29910.9,10342.0
1690123500000,29910.9,29911.0,29892.0,29895.9,21804.0
1690124400000,29896.0,29915.0,29896.0,29907.2,30332.0
1690125300000,29907.2,29907.3,29894.9,29896.8,12928.0
1690126200000,29896.8,29905.8,29894.9,29898.0,16660.0
1690127100000,29897.9,29904.7,29892.9,29899.9,10294.0
1690128000000,29899.9,29957.9,29899.9,29937.2,80040.0
1690128900000,29937.1,29937.4,29910.7,29921.6,28460.0
1690129800000,29921.6,29955.6,29917.0,29950.2,65711.0
1690130700000,29950.2,29976.0,29933.0,29955.8,75266.0
1690131600000,29955.8,29964.9,29940.0,29964.9,44664.0
1690132500000,29964.9,30025.8,29953.6,29977.4,201598.0
1690133400000,29977.4,29986.6,29956.1,29974.3,38970.0
1690134300000,29974.4,30135.0,29974.4,30121.4,443251.0
1690135200000,30121.5,30209.4,30076.1,30099.9,383639.0
1690136100000,30099.9,30139.0,30099.9,30119.7,60963.0
1690137000000,30119.7,30174.0,30116.4,30157.4,88591.0
1690137900000,30157.4,30300.0,30154.1,30246.0,461670.0
1690138800000,30246.0,30356.0,30246.0,30299.0,341046.0
1690139700000,30299.0,30353.8,30152.0,30186.9,306112.0
1690140600000,30187.0,30230.0,30070.4,30076.7,329020.0
1690141500000,30079.4,30097.3,30006.0,30089.1,240546.0
1690142400000,30089.1,30140.0,30086.4,30127.2,72838.0
1690143300000,30127.3,30139.7,30088.6,30112.1,59906.0
1690144200000,30112.0,30122.1,30093.5,30109.7,24447.0
1690145100000,30109.8,30144.8,30106.7,30142.1,26809.0
1690146000000,30142.1,30142.1,30057.8,30085.8,68784.0
1690146900000,30085.7,30099.5,30040.9,30042.6,46979.0
1690147800000,30042.6,30045.2,29913.4,29964.9,231280.0
1690148700000,29964.9,29996.1,29923.4,29957.8,113709.0
1690149600000,29957.7,30028.1,29945.0,30007.5,73072.0
1690150500000,30007.4,30020.8,29995.6,30013.6,40571.0
1690151400000,30013.6,30030.8,30010.5,30018.7,43608.0
1690152300000,30018.6,30038.9,30008.0,30010.2,36025.0
1690153200000,30010.2,30080.8,30010.2,30059.0,189505.0
1690154100000,30059.0,30083.3,30058.9,30064.4,41647.0
1690155000000,30064.4,30073.0,30052.1,30064.0,30524.0
1690155900000,30063.9,30098.0,30050.7,30081.8,54507.0
1690156800000,30081.8,30097.9,30058.1,30069.6,48627.0
1690157700000,30069.5,30100.0,30065.2,30074.5,38267.0
1690158600000,30074.5,30078.3,30057.9,30073.3,82622.0
1690159500000,30073.4,30073.4,30004.5,30007.9,123986.0
1690160400000,30007.9,30023.0,29950.1,29978.1,209768.0
1690161300000,29978.0,29981.4,29933.4,29944.5,173363.0
1690162200000,29944.5,29960.4,29855.0,29883.0,429249.0
1690163100000,29883.0,29930.6,29870.0,29916.8,138561.0
1690164000000,29916.8,29916.8,29816.0,29818.1,272832.0
1690164900000,29818.1,29836.2,29772.3,29792.0,344620.0
1690165800000,29792.0,29803.2,29758.0,29786.3,132299.0
1690166700000,29786.3,29820.2,29777.5,29805.0,78796.0
1690167600000,29804.9,29804.9,29707.8,29754.2,280615.0
1690168500000,29754.1,29768.1,29714.4,29719.1,82462.0
1690169400000,29719.1,29745.0,29681.4,29699.8,185223.0
1690170300000,29699.7,29729.8,29673.0,29723.9,144513.0
1690171200000,29723.8,29754.0,29662.4,29750.3,323691.0
1690172100000,29750.2,29809.7,29725.5,29779.9,291093.0
1690173000000,29780.0,29805.0,29756.4,29793.4,170601.0
1690173900000,29793.4,29807.5,29775.9,29794.1,52537.0
1690174800000,29794.0,29797.6,29758.0,29776.4,55491.0
1690175700000,29776.4,29821.9,29752.1,29812.1,156186.0
1690176600000,29812.2,29819.0,29788.0,29792.4,43594.0
1690177500000,29792.1,29802.1,29785.1,29802.0,25463.0
1690178400000,29801.9,29802.0,29775.6,29783.4,44976.0
1690179300000,29783.4,29808.0,29772.6,29799.9,37364.0
1690180200000,29799.9,29800.0,29780.2,29780.5,18330.0
1690181100000,29780.4,29801.0,29778.2,29782.1,30266.0
1690182000000,29782.0,29803.0,29716.1,29757.3,183375.0
1690182900000,29757.4,29816.0,29757.4,29810.4,57026.0
1690183800000,29810.5,29870.1,29778.3,29850.3,265424.0
1690184700000,29850.4,29877.3,29821.0,29832.6,134448.0
1690185600000,29832.6,29837.3,29811.6,29823.7,56273.0
1690186500000,29823.6,29828.8,29791.6,29822.2,35690.0
1690187400000,29822.2,29822.3,29759.9,29773.6,110206.0
1690188300000,29773.6,29784.0,29750.6,29761.3,61858.0
1690189200000,29761.2,29769.2,29747.0,29754.5,48647.0
1690190100000,29754.4,29773.6,29745.0,29745.1,68303.0
1690191000000,29745.0,29756.0,29702.8,29705.8,134316.0
1690191900000,29705.8,29713.7,28935.3,29177.9,3266665.0
1690192800000,29178.4,29356.0,29103.0,29307.8,812764.0
1690193700000,29306.5,29380.0,29270.0,29364.0,369456.0
1690194600000,29363.9,29364.0,29258.0,29300.0,246503.0
1690195500000,29300.0,29332.7,29284.6,29318.6,159495.0
1690196400000,29318.6,29327.6,29302.5,29316.1,102182.0
1690197300000,29316.0,29317.9,29272.9,29276.2,87064.0
1690198200000,29276.2,29309.0,29221.5,29265.5,184081.0
1690199100000,29265.4,29282.9,29246.1,29272.0,73050.0
1690200000000,29271.9,29271.9,29159.0,29193.0,333727.0
1690200900000,29193.0,29235.7,29165.0,29176.3,206258.0
1690201800000,29176.4,29234.3,29172.0,29191.1,123018.0
1690202700000,29191.0,29265.4,29183.0,29235.0,115731.0
1690203600000,29235.1,29250.0,29205.7,29231.0,38417.0
1690204500000,29231.1,29244.4,29217.5,29217.5,38694.0
1690205400000,29217.6,29258.9,29188.0,29195.2,91279.0
1690206300000,29195.1,29214.9,29112.6,29185.6,265485.0
1690207200000,29185.5,29194.8,29080.0,29166.1,274166.0
1690208100000,29166.1,29166.1,29066.7,29092.7,325156.0
1690209000000,29092.6,29170.0,29028.0,29146.3,398105.0
1690209900000,29146.3,29187.9,29025.0,29047.6,232770.0
1690210800000,29047.5,29113.1,28854.5,29033.6,1224734.0
1690211700000,29032.7,29145.0,28989.0,29104.1,424733.0
1690212600000,29104.0,29113.7,29035.5,29053.4,145756.0
1690213500000,29053.5,29102.6,29053.1,29098.5,99425.0
1690214400000,29100.9,29137.5,29067.6,29074.8,170082.0
1690215300000,29074.8,29107.8,29025.5,29100.0,133776.0
1690216200000,29100.0,29154.4,29078.5,29112.0,115269.0
1690217100000,29114.0,29130.0,29081.5,29111.4,32807.0
1690218000000,29111.3,29125.9,29069.9,29106.6,75087.0
1690218900000,29106.6,29126.6,29092.6,29106.3,42931.0
1690219800000,29106.3,29110.0,29038.0,29047.1,96098.0
1690220700000,29047.1,29084.0,29018.0,29045.6,73016.0
1690221600000,29045.5,29054.0,29001.0,29046.1,91609.0
1690222500000,29044.9,29081.0,29010.0,29069.6,49882.0
1690223400000,29069.7,29100.0,29069.7,29087.7,53981.0
1690224300000,29087.6,29142.9,29083.2,29130.2,129892.0
1690225200000,29129.0,29167.4,29121.0,29143.8,81318.0
1690226100000,29143.8,29156.0,29131.0,29142.4,29493.0
1690227000000,29142.5,29160.0,29114.0,29119.7,63411.0
1690227900000,29122.9,29136.2,29105.0,29121.9,33881.0
1690228800000,29121.9,29149.5,29108.6,29123.2,40314.0
1690229700000,29123.2,29139.8,29120.1,29138.0,15236.0
1690230600000,29138.0,29154.0,29087.2,29109.0,67925.0
1690231500000,29109.1,29150.0,29109.0,29149.4,29726.0
1690232400000,29149.4,29158.0,29123.6,29130.5,50066.0
1690233300000,29130.5,29167.8,29126.1,29158.2,33126.0
1690234200000,29158.2,29195.0,29153.4,29170.0,46185.0
1690235100000,29170.1,29170.1,29142.7,29167.7,24026.0
1690236000000,29167.8,29194.0,29167.8,29188.5,37623.0
1690236900000,29188.6,29189.4,29146.7,29154.9,25627.0
1690237800000,29155.0,29166.4,29148.8,29154.0,13823.0
1690238700000,29154.1,29163.9,29139.6,29163.6,24604.0
1690239600000,29163.7,29180.0,29155.1,29173.9,20800.0
1690240500000,29174.0,29216.9,29173.9,29187.0,88697.0
1690241400000,29187.1,29188.2,29172.7,29173.0,24090.0
1690242300000,29173.0,29187.4,29170.9,29176.8,15988.0
1690243200000,29176.7,29179.7,29153.1,29170.1,56030.0
1690244100000,29170.2,29186.0,29156.6,29177.0,35667.0
1690245000000,29177.0,29186.0,29110.7,29124.0,123065.0
1690245900000,29124.0,29137.1,29090.0,29109.1,121493.0
1690246800000,29111.3,29114.3,29065.4,29076.0,108253.0
1690247700000,29075.9,29087.4,29061.4,29073.8,51084.0
1690248600000,29073.8,29076.4,29050.0,29064.0,67098.0
1690249500000,29064.1,29088.2,29064.1,29083.1,59829.0
1690250400000,29085.0,29089.0,29067.3,29087.4,40100.0
1690251300000,29087.4,29121.7,29086.2,29117.5,86530.0
1690252200000,29117.5,29170.0,29117.4,29159.5,163699.0
1690253100000,29159.9,29171.7,29125.6,29128.0,52558.0
1690254000000,29128.0,29149.1,29116.0,29128.7,49477.0
1690254900000,29128.4,29139.2,29081.4,29099.6,54240.0
1690255800000,29099.6,29112.0,29092.0,29106.0,24000.0
1690256700000,29106.1,29122.9,29098.0,29111.9,36371.0
1690257600000,29111.9,29122.0,29104.6,29112.5,28562.0
1690258500000,29112.5,29119.0,29078.7,29085.3,54994.0
1690259400000,29085.3,29099.9,29071.0,29079.7,47402.0
1690260300000,29079.8,29090.0,29072.7,29090.0,19333.0
1690261200000,29089.9,29105.4,29089.2,29105.4,29477.0
1690262100000,29105.4,29111.0,29099.3,29110.2,16387.0
1690263000000,29110.1,29143.0,29110.0,29126.0,52803.0
1690263900000,29126.0,29149.7,29110.2,29123.7,45519.0
1690264800000,29123.8,29148.9,29115.4,29144.7,46357.0
1690265700000,29144.7,29149.6,29121.3,29145.5,26250.0
1690266600000,29145.4,29147.9,29111.7,29115.2,46867.0
1690267500000,29115.1,29145.0,29112.3,29141.4,33846.0
1690268400000,29142.0,29166.0,29133.9,29139.8,62475.0
1690269300000,29139.9,29158.0,29131.3,29158.0,25458.0
1690270200000,29158.0,29158.0,29135.8,29144.0,32020.0
1690271100000,29144.0,29149.0,29120.1,29142.3,33876.0
1690272000000,29142.3,29159.8,29122.0,29125.8,37347.0
1690272900000,29125.9,29150.0,29125.2,29149.9,19646.0
1690273800000,29150.0,29178.8,29132.2,29154.6,53610.0
1690274700000,29154.7,29210.0,29154.7,29190.6,166080.0
1690275600000,29190.6,29193.6,29173.1,29178.6,51981.0
1690276500000,29178.7,29207.9,29171.2,29207.9,60918.0
1690277400000,29207.8,29286.7,29174.7,29207.9,351862.0
1690278300000,29207.9,29227.6,29160.1,29166.1,142951.0
1690279200000,29166.1,29190.0,29146.2,29185.7,128179.0
1690280100000,29185.7,29200.0,29171.9,29194.1,65280.0
1690281000000,29194.1,29194.1,29170.0,29180.0,41852.0
1690281900000,29180.1,29180.4,29160.2,29163.8,30637.0
1690282800000,29163.8,29168.0,29152.0,29159.9,34878.0
1690283700000,29159.9,29164.0,29151.0,29159.4,28422.0
1690284600000,29159.3,29174.1,29125.2,29128.9,77814.0
1690285500000,29129.0,29142.1,29125.0,29134.1,48076.0
1690286400000,29134.1,29152.4,29118.2,29128.1,70898.0
1690287300000,29128.1,29149.0,29103.7,29143.0,107477.0
1690288200000,29143.0,29149.0,29123.9,29128.6,38293.0
1690289100000,29128.5,29136.7,29110.4,29125.7,30423.0
1690290000000,29125.7,29156.0,29081.3,29113.2,121747.0
1690290900000,29113.2,29168.0,29113.2,29147.1,86697.0
1690291800000,29147.2,29344.4,29147.2,29328.9,610821.0
1690292700000,29329.0,29338.9,29212.0,29279.7,478040.0
1690293600000,29280.0,29320.1,29247.6,29317.4,142331.0
1690294500000,29317.4,29342.0,29254.6,29270.1,151111.0
1690295400000,29270.1,29270.1,29180.0,29196.4,203512.0
1690296300000,29196.4,29212.0,29153.9,29174.2,124142.0
1690297200000,29174.0,29216.9,29167.0,29200.6,56545.0
1690298100000,29200.5,29233.3,29188.3,29195.0,64817.0
1690299000000,29195.0,29225.5,29175.4,29221.9,51963.0
1690299900000,29221.9,29227.7,29181.0,29183.3,50637.0
1690300800000,29183.4,29255.0,29183.0,29253.3,162088.0
1690301700000,29253.3,29299.0,29225.3,29229.5,105459.0
1690302600000,29230.0,29256.2,29216.1,29238.7,31553.0
1690303500000,29238.7,29238.8,29199.7,29226.4,43941.0
1690304400000,29226.5,29235.7,29182.8,29195.8,47759.0
1690305300000,29195.9,29270.0,29195.9,29265.9,68343.0
1690306200000,29266.0,29284.9,29246.7,29266.8,43960.0
1690307100000,29266.8,29276.0,29233.7,29271.8,50150.0
1690308000000,29271.8,29300.0,29254.5,29282.8,61932.0
1690308900000,29282.7,29282.7,29262.0,29275.3,23881.0
1690309800000,29275.4,29379.8,29272.6,29293.4,264643.0
1690310700000,29293.4,29309.0,29248.4,29259.9,109749.0
1690311600000,29260.0,29273.9,29252.2,29263.9,45615.0
1690312500000,29263.9,29267.9,29242.3,29253.6,20503.0
1690313400000,29253.5,29264.0,29220.0,29226.0,100665.0
1690314300000,29225.9,29228.9,29194.0,29200.4,57421.0
1690315200000,29200.3,29239.1,29180.0,29198.7,105290.0
1690316100000,29198.8,29233.0,29196.4,29230.0,32334.0
1690317000000,29230.0,29234.7,29213.1,29215.4,59640.0
1690317900000,29215.4,29241.1,29215.3,29226.4,48342.0
1690318800000,29226.4,29233.5,29217.2,29227.6,26608.0
1690319700000,29227.5,29244.2,29227.5,29244.2,16331.0
1690320600000,29243.4,29243.4,29224.0,29224.0,19772.0
1690321500000,29224.0,29230.1,29208.1,29230.1,27254.0
1690322400000,29230.1,29254.0,29224.0,29234.1,51503.0
1690323300000,29234.1,29234.1,29210.0,29216.0,26007.0
1690324200000,29216.0,29225.7,29208.2,29224.6,15575.0
1690325100000,29224.6,29224.6,29196.0,29196.9,14365.0
1690326000000,29196.9,29219.8,29192.2,29199.0,17558.0
1690326900000,29199.0,29216.5,29199.0,29209.2,16883.0
1690327800000,29209.1,29233.5,29203.7,29217.0,14176.0
1690328700000,29216.9,29243.6,29216.9,29224.8,16949.0
1690329600000,29224.8,29232.8,29205.4,29206.0,32984.0
1690330500000,29206.0,29216.3,29141.0,29191.9,131041.0
1690331400000,29191.9,29194.0,29154.0,29184.5,44723.0
1690332300000,29184.5,29184.6,29168.0,29168.1,26578.0
1690333200000,29168.0,29178.0,29125.0,29155.6,97059.0
1690334100000,29155.6,29175.0,29146.7,29158.6,43851.0
1690335000000,29158.7,29160.5,29100.0,29144.6,135780.0
1690335900000,29144.5,29157.7,29130.0,29138.6,41614.0
1690336800000,29138.5,29160.2,29130.7,29148.0,45596.0
1690337700000,29147.9,29198.9,29141.2,29194.1,87201.0
1690338600000,29194.0,29194.0,29165.6,29183.7,39247.0
1690339500000,29183.7,29300.0,29176.5,29288.4,156321.0
1690340400000,29288.3,29420.0,29254.8,29310.0,523362.0
1690341300000,29310.1,29326.0,29238.0,29238.1,183235.0
1690342200000,29238.1,29258.0,29214.4,29256.4,92649.0
1690343100000,29256.4,29262.6,29244.7,29245.6,27138.0
1690344000000,29245.7,29245.7,29216.7,29230.0,93616.0
1690344900000,29230.0,29238.0,29215.0,29225.6,64687.0
1690345800000,29225.7,29241.1,29204.8,29206.7,41662.0
1690346700000,29206.6,29218.5,29202.4,29202.5,30836.0
1690347600000,29202.6,29225.0,29201.0,29219.4,75295.0
1690348500000,29219.8,29249.7,29216.0,29232.3,48944.0
1690349400000,29232.3,29268.0,29220.0,29261.7,28776.0
1690350300000,29261.7,29283.4,29260.0,29270.9,59935.0
1690351200000,29271.0,29276.9,29249.6,29259.5,30676.0
1690352100000,29259.5,29277.9,29259.4,29268.6,23695.0
1690353000000,29268.7,29328.0,29205.0,29214.5,275759.0
1690353900000,29214.5,29235.7,29193.2,29215.0,123932.0
1690354800000,29214.9,29252.9,29211.5,29243.7,38638.0
1690355700000,29243.7,29243.7,29202.1,29216.5,50659.0
1690356600000,29216.6,29218.1,29191.4,29204.0,39105.0
1690357500000,29203.9,29218.1,29201.5,29218.0,34375.0
1690358400000,29218.1,29235.8,29218.0,29223.4,52943.0
1690359300000,29224.0,29233.0,29207.4,29215.0,21802.0
1690360200000,29215.0,29240.4,29204.9,29234.0,33834.0
1690361100000,29233.9,29234.0,29206.9,29214.8,23767.0
1690362000000,29214.8,29228.9,29207.2,29208.0,20758.0
1690362900000,29208.0,29223.4,29185.9,29186.8,58332.0
1690363800000,29186.8,29205.8,29160.8,29168.3,112949.0
1690364700000,29168.4,29197.1,29157.3,29190.7,42573.0
1690365600000,29190.8,29194.8,29162.4,29183.5,48434.0
1690366500000,29183.5,29193.8,29170.8,29183.1,30612.0
1690367400000,29183.1,29203.0,29170.3,29200.6,30338.0
1690368300000,29200.6,29203.5,29191.5,29193.1,16252.0
1690369200000,29193.0,29213.6,29189.2,29206.0,31567.0
1690370100000,29206.1,29217.6,29200.0,29200.1,26454.0
1690371000000,29200.0,29207.3,29200.0,29202.4,26420.0
1690371900000,29202.4,29202.5,29162.4,29177.2,86433.0
1690372800000,29177.2,29196.1,29164.6,29188.0,49137.0
1690373700000,29188.0,29243.6,29187.9,29242.0,54343.0
1690374600000,29242.1,29245.0,29220.0,29220.7,54295.0
1690375500000,29220.7,29232.5,29211.1,29229.5,23802.0
1690376400000,29229.5,29318.2,29229.5,29265.7,166418.0
1690377300000,29265.7,29277.5,29238.5,29254.9,56657.0
1690378200000,29255.0,29307.5,29231.0,29302.1,97466.0
1690379100000,29302.1,29314.0,29261.0,29305.8,120410.0
1690380000000,29305.9,29354.0,29203.1,29250.8,268506.0
1690380900000,29250.8,29301.1,29248.9,29295.0,70567.0
1690381800000,29295.0,29320.0,29270.6,29283.2,60884.0
1690382700000,29283.8,29299.0,29255.6,29268.6,68258.0
1690383600000,29268.7,29305.5,29265.1,29302.9,43597.0
1690384500000,29302.9,29312.0,29287.2,29290.0,75942.0
1690385400000,29290.0,29335.3,29288.2,29321.4,84769.0
1690386300000,29321.4,29334.0,29310.0,29317.2,44944.0
1690387200000,29317.3,29331.0,29306.2,29311.0,60947.0
1690388100000,29311.0,29375.0,29271.6,29294.2,300634.0
1690389000000,29294.1,29345.4,29287.3,29308.1,193473.0
1690389900000,29308.1,29319.9,29291.5,29305.7,54211.0
1690390800000,29305.7,29329.5,29278.2,29288.0,73171.0
1690391700000,29287.9,29329.5,29287.9,29294.0,55477.0
1690392600000,29293.9,29305.3,29285.2,29304.2,53186.0
1690393500000,29304.1,29320.0,29236.3,29265.5,155830.0
1690394400000,29265.5,29448.8,29222.0,29342.0,545003.0
1690395300000,29342.0,29369.4,29253.5,29294.1,257849.0
1690396200000,29294.2,29500.0,29280.0,29401.5,577687.0
1690397100000,29401.5,29437.0,29330.0,29378.5,224457.0
1690398000000,29378.6,29391.3,29182.6,29268.0,555102.0
1690398900000,29267.9,29380.0,29224.3,29358.5,235114.0
1690399800000,29358.6,29388.9,29334.1,29388.9,116432.0
1690400700000,29388.9,29400.0,29351.0,29399.1,70925.0
1690401600000,29399.1,29464.6,29382.6,29443.7,241629.0
1690402500000,29443.7,29550.0,29431.6,29469.3,415975.0
1690403400000,29469.3,29678.9,29466.9,29573.7,709510.0
1690404300000,29573.7,29681.0,29570.1,29570.7,376720.0
1690405200000,29570.7,29641.8,29570.0,29612.4,152690.0
1690406100000,29612.5,29653.5,29421.2,29503.5,252533.0
1690407000000,29503.5,29548.0,29470.0,29502.8,177349.0
1690407900000,29502.8,29517.9,29450.1,29462.9,65676.0
1690408800000,29462.9,29503.2,29459.2,29487.9,69475.0
1690409700000,29487.8,29497.2,29446.6,29453.9,60457.0
1690410600000,29453.9,29469.7,29419.3,29425.9,190270.0
1690411500000,29425.9,29479.6,29419.1,29467.0,59760.0
1690412400000,29467.0,29528.3,29444.3,29450.0,90040.0
1690413300000,29450.0,29454.0,29352.6,29385.8,285484.0
1690414200000,29385.9,29391.5,29292.5,29292.5,162355.0
1690415100000,29292.5,29354.1,29280.2,29351.3,222458.0
1690416000000,29351.3,29351.3,29316.8,29327.0,65869.0
1690416900000,29327.0,29351.3,29303.0,29344.2,63515.0
1690417800000,29344.2,29366.9,29314.8,29318.2,67708.0
1690418700000,29318.1,29361.1,29301.3,29360.5,79706.0
1690419600000,29360.5,29390.4,29340.1,29384.7,75937.0
1690420500000,29384.7,29416.0,29384.6,29400.0,78149.0
1690421400000,29400.0,29415.4,29364.0,29374.4,80902.0
1690422300000,29374.5,29406.9,29366.6,29400.4,35371.0
1690423200000,29400.4,29412.2,29357.9,29357.9,45620.0
1690424100000,29357.9,29366.9,29350.2,29352.1,36830.0
1690425000000,29352.1,29373.9,29352.0,29373.9,20735.0
1690425900000,29373.9,29447.4,29373.8,29437.5,118459.0
1690426800000,29437.5,29437.5,29416.0,29427.9,52240.0
1690427700000,29427.9,29432.9,29418.0,29420.5,46022.0
1690428600000,29420.6,29453.3,29420.2,29435.9,58979.0
1690429500000,29436.0,29437.5,29408.5,29408.5,28660.0
1690430400000,29408.5,29425.1,29408.3,29424.0,37654.0
1690431300000,29424.0,29450.7,29424.0,29450.0,40527.0
1690432200000,29450.1,29488.8,29441.5,29472.7,102908.0
1690433100000,29472.7,29494.4,29460.7,29488.0,81613.0
1690434000000,29487.9,29498.6,29467.1,29471.9,179688.0
1690434900000,29471.8,29480.6,29462.2,29464.9,57778.0
1690435800000,29464.9,29473.1,29450.0,29458.8,38403.0
1690436700000,29458.9,29480.6,29455.8,29455.8,60402.0
1690437600000,29455.9,29475.6,29452.3,29474.7,43837.0
1690438500000,29474.7,29477.9,29442.1,29442.2,32269.0
1690439400000,29442.1,29442.2,29395.3,29402.8,70550.0
1690440300000,29402.8,29412.7,29378.7,29384.9,75464.0
1690441200000,29384.9,29416.7,29381.1,29416.1,46785.0
1690442100000,29416.0,29450.8,29416.0,29433.0,45702.0
1690443000000,29432.9,29462.7,29429.0,29456.8,43628.0
1690443900000,29456.9,29468.0,29405.5,29411.1,69420.0
1690444800000,29411.0,29421.5,29393.1,29418.2,61867.0
1690445700000,29418.1,29435.4,29402.0,29435.3,31232.0
1690446600000,29435.4,29451.9,29411.6,29422.0,50190.0
1690447500000,29422.0,29470.0,29422.0,29470.0,76314.0
1690448400000,29469.9,29485.0,29463.5,29475.0,68978.0
1690449300000,29475.0,29551.0,29474.9,29509.2,207899.0
1690450200000,29509.9,29522.3,29497.5,29510.8,70381.0
1690451100000,29510.8,29569.0,29510.8,29542.4,124863.0
1690452000000,29542.4,29557.8,29522.3,29555.4,72710.0
1690452900000,29555.4,29555.4,29513.3,29526.1,69125.0
1690453800000,29526.1,29527.4,29476.0,29477.7,83421.0
1690454700000,29479.2,29496.2,29466.9,29477.9,55517.0
1690455600000,29478.0,29498.0,29465.3,29490.6,47762.0
1690456500000,29490.6,29490.7,29471.7,29474.2,29896.0
1690457400000,29474.1,29522.9,29472.4,29520.6,51480.0
1690458300000,29520.5,29522.8,29504.0,29510.0,24366.0
1690459200000,29510.0,29510.1,29481.6,29492.0,50121.0
1690460100000,29492.0,29502.8,29478.7,29478.7,32980.0
1690461000000,29478.7,29493.6,29458.0,29458.1,69906.0
1690461900000,29458.0,29500.6,29455.9,29497.9,57817.0
1690462800000,29497.9,29502.0,29456.0,29456.7,37686.0
1690463700000,29456.7,29475.9,29451.1,29465.5,58067.0
1690464600000,29465.5,29505.0,29450.2,29455.3,96600.0
1690465500000,29455.3,29477.0,29427.2,29442.1,178208.0
1690466400000,29442.1,29442.1,29402.2,29411.1,130525.0
1690467300000,29411.2,29442.0,29355.7,29390.1,208801.0
1690468200000,29390.1,29407.0,29345.0,29364.5,217431.0
1690469100000,29364.4,29377.7,29322.5,29351.0,176700.0
1690470000000,29350.9,29351.0,29236.4,29270.0,523396.0
1690470900000,29270.1,29334.9,29252.0,29328.0,167797.0
1690471800000,29328.1,29359.2,29304.5,29332.7,157711.0
1690472700000,29332.7,29360.9,29285.5,29291.5,134978.0
1690473600000,29291.4,29312.2,29282.6,29297.1,66837.0
1690474500000,29298.7,29309.0,29262.0,29284.1,85544.0
1690475400000,29284.1,29335.0,29280.0,29312.1,76849.0
1690476300000,29312.1,29320.7,29261.1,29274.1,70875.0
1690477200000,29274.7,29291.1,29247.0,29260.0,96175.0
1690478100000,29259.9,29293.0,29163.0,29279.5,339984.0
1690479000000,29279.6,29290.3,29222.2,29242.5,127021.0
1690479900000,29242.5,29265.8,29220.0,29227.1,62780.0
1690480800000,29227.1,29254.0,29170.2,29187.9,239836.0
1690481700000,29187.8,29223.0,29158.3,29177.0,128270.0
1690482600000,29177.0,29187.8,29078.0,29145.3,458500.0
1690483500000,29145.9,29203.0,29136.0,29145.0,184504.0
1690484400000,29145.0,29178.0,29126.0,29152.3,98289.0
1690485300000,29152.3,29183.9,29145.7,29145.8,53373.0
1690486200000,29145.7,29151.1,29108.1,29135.1,77767.0
1690487100000,29135.1,29176.9,29112.2,29168.8,76268.0
1690488000000,29168.8,29195.0,29155.0,29186.3,69272.0
1690488900000,29186.2,29186.3,29155.5,29170.4,29481.0
1690489800000,29170.4,29173.2,29130.9,29149.8,47213.0
1690490700000,29147.0,29151.5,29134.4,29149.9,34927.0
1690491600000,29149.9,29179.2,29144.1,29176.4,49116.0
1690492500000,29176.3,29183.0,29163.1,29183.0,29941.0
1690493400000,29183.0,29201.0,29182.9,29200.5,55623.0
1690494300000,29200.5,29233.0,29190.2,29190.3,55029.0
1690495200000,29190.3,29234.2,29190.3,29230.3,44084.0
1690496100000,29230.3,29236.4,29208.0,29208.0,30372.0
1690497000000,29208.0,29224.9,29206.8,29217.5,20467.0
1690497900000,29217.5,29227.9,29200.0,29203.2,31828.0
1690498800000,29203.1,29203.1,29183.4,29189.1,27331.0
1690499700000,29189.1,29199.9,29184.9,29199.9,19109.0
1690500600000,29199.9,29231.4,29199.9,29228.6,34406.0
1690501500000,29228.7,29234.0,29207.5,29226.4,34010.0
1690502400000,29226.4,29241.7,29211.6,29238.5,73719.0
1690503300000,29238.6,29260.0,29227.1,29242.0,72233.0
1690504200000,29242.0,29255.6,29230.2,29255.5,31600.0
1690505100000,29255.6,29324.4,29250.1,29273.0,217946.0
1690506000000,29272.5,29287.2,29257.7,29271.0,56766.0
1690506900000,29270.9,29293.7,29270.0,29272.1,43515.0
1690507800000,29272.2,29299.7,29267.1,29276.4,49631.0
1690508700000,29276.4,29288.7,29262.0,29267.1,33444.0
1690509600000,29267.1,29268.0,29249.1,29252.0,42599.0
1690510500000,29252.0,29259.8,29225.2,29233.3,54627.0
1690511400000,29233.3,29233.3,29188.0,29193.9,108293.0
1690512300000,29193.9,29240.7,29193.9,29236.1,72380.0
1690513200000,29236.1,29236.1,29224.4,29226.5,30092.0
1690514100000,29226.5,29260.2,29211.0,29250.5,82627.0
1690515000000,29250.6,29292.0,29246.6,29246.6,98136.0
1690515900000,29246.6,29259.0,29205.2,29256.3,64861.0
1690516800000,29256.4,29262.0,29224.4,29225.9,37527.0
1690517700000,29225.9,29248.2,29224.1,29231.2,38711.0
1690518600000,29231.1,29266.4,29231.1,29254.2,44093.0
1690519500000,29254.7,29268.7,29249.9,29261.0,36792.0
1690520400000,29261.0,29266.2,29234.1,29237.7,29682.0
1690521300000,29237.7,29242.3,29220.0,29220.0,26996.0
1690522200000,29220.0,29222.0,29171.1,29179.2,160289.0
1690523100000,29179.3,29195.4,29156.0,29184.9,75732.0
1690524000000,29185.0,29204.4,29161.1,29201.7,61737.0
1690524900000,29201.7,29210.6,29186.7,29187.0,45207.0
1690525800000,29187.0,29195.8,29183.2,29195.3,24141.0
1690526700000,29195.2,29206.8,29180.9,29190.4,28818.0
1690527600000,29190.4,29197.8,29160.4,29170.9,39777.0
1690528500000,29170.8,29194.0,29170.8,29192.9,48075.0
1690529400000,29192.9,29197.9,29160.2,29160.3,34198.0
1690530300000,29162.0,29163.2,29139.4,29142.0,182512.0
1690531200000,29142.1,29153.5,29129.6,29142.0,86121.0
1690532100000,29142.0,29185.5,29139.1,29179.5,52045.0
1690533000000,29179.5,29192.5,29164.9,29179.8,69611.0
1690533900000,29179.9,29180.0,29148.0,29156.7,52809.0
1690534800000,29156.6,29173.7,29129.8,29160.1,74933.0
1690535700000,29160.1,29160.1,29137.8,29152.0,45545.0
1690536600000,29152.0,29167.9,29152.0,29158.0,25301.0
1690537500000,29158.0,29242.5,29157.9,29216.7,149454.0
1690538400000,29216.8,29227.1,29209.3,29214.9,87295.0
1690539300000,29215.0,29238.6,29209.5,29212.0,53703.0
1690540200000,29212.1,29220.2,29204.1,29205.8,32067.0
1690541100000,29205.8,29229.0,29205.8,29223.3,27962.0
1690542000000,29223.3,29231.3,29214.0,29230.0,41996.0
1690542900000,29229.9,29230.0,29202.3,29205.4,73830.0
1690543800000,29205.4,29234.0,29200.0,29233.9,32763.0
1690544700000,29233.9,29249.5,29208.0,29209.1,67818.0
1690545600000,29209.2,29288.0,29209.1,29271.5,190500.0
1690546500000,29271.5,29287.0,29253.0,29285.5,76132.0
1690547400000,29285.5,29295.2,29262.7,29268.6,122557.0
1690548300000,29268.7,29329.6,29265.2,29306.5,150343.0
1690549200000,29306.5,29309.0,29277.4,29295.0,80145.0
1690550100000,29295.1,29295.2,29265.0,29287.0,102049.0
1690551000000,29287.0,29317.6,29244.0,29272.3,165148.0
1690551900000,29272.4,29302.9,29266.9,29290.4,46945.0
1690552800000,29290.1,29385.0,29290.1,29355.1,285781.0
1690553700000,29355.1,29447.2,29335.0,29441.9,405591.0
1690554600000,29442.0,29524.9,29414.3,29426.6,641321.0
1690555500000,29426.6,29492.0,29424.9,29485.6,190462.0
1690556400000,29485.6,29544.8,29440.1,29483.0,295900.0
1690557300000,29483.0,29544.4,29475.1,29489.0,245613.0
1690558200000,29489.0,29505.0,29350.0,29386.0,415890.0
1690559100000,29386.0,29416.2,29382.0,29393.2,79306.0
1690560000000,29393.3,29401.2,29338.5,29347.9,171150.0
1690560900000,29348.0,29385.7,29338.9,29385.0,102892.0
1690561800000,29384.9,29408.6,29360.8,29399.3,108563.0
1690562700000,29400.2,29400.2,29352.9,29357.2,147071.0
1690563600000,29357.2,29357.2,29278.2,29326.5,316484.0
1690564500000,29326.5,29340.4,29298.0,29306.0,77872.0
1690565400000,29306.1,29307.6,29208.4,29217.6,363715.0
1690566300000,29218.2,29266.2,29201.0,29264.9,154858.0
1690567200000,29264.9,29274.0,29245.5,29260.9,66080.0
1690568100000,29262.0,29283.0,29261.9,29275.0,44393.0
1690569000000,29275.0,29338.0,29275.0,29337.8,113494.0
1690569900000,29337.8,29337.9,29301.6,29310.3,54913.0
1690570800000,29310.4,29323.1,29290.0,29311.3,64699.0
1690571700000,29311.3,29336.0,29287.0,29287.0,73161.0
1690572600000,29287.0,29301.8,29280.0,29291.0,29758.0
1690573500000,29291.0,29320.7,29291.0,29312.2,22625.0
1690574400000,29312.1,29320.2,29283.0,29283.9,25120.0
1690575300000,29284.0,29308.5,29283.9,29308.5,17778.0
1690576200000,29308.4,29320.6,29306.0,29316.0,18800.0
1690577100000,29315.9,29341.8,29310.0,29338.1,51927.0
1690578000000,29338.1,29349.2,29318.3,29343.0,42095.0
1690578900000,29342.9,29363.0,29338.3,29362.9,24215.0
1690579800000,29362.9,29368.3,29304.3,29311.0,41049.0
1690580700000,29311.1,29319.0,29310.8,29312.0,19293.0
1690581600000,29312.0,29317.0,29302.1,29314.4,21953.0
1690582500000,29314.3,29314.4,29296.8,29302.1,16576.0
1690583400000,29302.1,29302.1,29290.6,29297.6,15000.0
1690584300000,29297.6,29305.3,29290.6,29293.9,8967.0
1690585200000,29293.9,29307.6,29293.9,29307.0,9799.0
1690586100000,29306.9,29320.0,29298.8,29315.4,15173.0
1690587000000,29315.4,29326.5,29311.3,29314.6,19233.0
1690587900000,29314.6,29315.1,29311.5,29311.5,5484.0
1690588800000,29311.5,29317.5,29292.6,29317.5,41452.0
1690589700000,29317.4,29335.0,29314.0,29327.9,28877.0
1690590600000,29327.8,29347.7,29327.8,29332.1,26222.0
1690591500000,29332.1,29341.5,29322.4,29324.6,28859.0
1690592400000,29324.6,29338.5,29321.7,29338.4,20772.0
1690593300000,29338.5,29338.5,29320.1,29332.1,21213.0
1690594200000,29332.1,29351.0,29330.8,29351.0,40552.0
1690595100000,29351.0,29378.1,29351.0,29374.9,53088.0
1690596000000,29375.0,29389.0,29360.4,29377.2,91464.0
1690596900000,29377.3,29385.0,29367.0,29369.8,53515.0
1690597800000,29369.9,29376.1,29359.8,29364.8,32975.0
1690598700000,29364.9,29386.0,29364.8,29375.9,25646.0
1690599600000,29375.9,29380.0,29364.9,29369.8,21675.0
1690600500000,29369.9,29381.6,29369.8,29378.5,15393.0
1690601400000,29378.5,29378.6,29367.1,29367.2,11984.0
1690602300000,29367.2,29371.0,29361.5,29367.7,26965.0
1690603200000,29367.7,29369.9,29363.8,29369.8,14936.0
1690604100000,29369.8,29398.9,29369.8,29398.9,45863.0
1690605000000,29398.8,29409.0,29379.9,29388.8,48944.0
1690605900000,29388.8,29389.9,29375.6,29379.5,9052.0
1690606800000,29379.5,29381.8,29374.1,29374.1,10426.0
1690607700000,29374.1,29374.2,29357.6,29360.0,22970.0
1690608600000,29360.0,29365.0,29354.0,29359.9,22873.0
1690609500000,29359.8,29372.3,29335.9,29364.7,55783.0
1690610400000,29364.6,29364.7,29340.0,29341.1,26367.0
1690611300000,29341.0,29354.8,29341.0,29352.2,26492.0
1690612200000,29352.1,29352.2,29330.1,29330.1,14040.0
1690613100000,29330.1,29346.5,29326.0,29346.5,27084.0
1690614000000,29346.5,29350.0,29343.4,29349.9,15308.0
1690614900000,29349.8,29349.9,29329.6,29329.6,13163.0
1690615800000,29329.6,29336.9,29311.8,29320.7,57503.0
1690616700000,29320.8,29320.8,29289.7,29300.2,98801.0
1690617600000,29300.2,29320.7,29289.1,29320.6,71830.0
1690618500000,29320.6,29334.8,29311.0,29311.0,26377.0
1690619400000,29311.0,29321.0,29304.0,29305.8,34483.0
1690620300000,29305.8,29307.5,29254.7,29304.0,110288.0
1690621200000,29303.9,29303.9,29286.5,29298.1,49452.0
1690622100000,29298.0,29307.8,29295.3,29305.0,34093.0
1690623000000,29305.0,29305.0,29277.0,29279.2,31493.0
1690623900000,29279.1,29289.3,29268.0,29289.3,27493.0
1690624800000,29289.2,29289.3,29268.0,29277.1,23174.0
1690625700000,29277.0,29301.9,29271.0,29301.8,30366.0
1690626600000,29301.9,29301.9,29290.0,29294.2,21089.0
1690627500000,29294.1,29294.2,29283.0,29283.1,11182.0
1690628400000,29283.1,29291.8,29282.5,29291.8,12980.0
1690629300000,29291.8,29314.0,29291.7,29300.7,43899.0
1690630200000,29300.7,29300.7,29280.0,29287.9,22873.0
1690631100000,29287.9,29288.0,29273.8,29273.9,21776.0
1690632000000,29273.9,29285.7,29268.0,29273.4,52245.0
1690632900000,29273.5,29325.5,29272.0,29324.0,80980.0
1690633800000,29324.0,29349.6,29280.1,29284.0,135047.0
1690634700000,29283.9,29310.6,29260.0,29297.5,117964.0
1690635600000,29297.4,29337.9,29294.7,29327.8,86739.0
1690636500000,29327.3,29327.3,29308.5,29308.5,21209.0
1690637400000,29308.5,29318.7,29298.5,29300.4,20265.0
1690638300000,29300.4,29300.5,29293.5,29299.8,18373.0
1690639200000,29299.8,29320.0,29292.7,29319.8,38939.0
1690640100000,29319.8,29324.4,29300.2,29300.9,14609.0
1690641000000,29300.8,29308.4,29296.1,29304.4,17546.0
1690641900000,29304.4,29306.9,29282.5,29292.0,35440.0
1690642800000,29291.9,29303.6,29291.9,29302.9,22121.0
1690643700000,29302.8,29305.0,29292.0,29303.3,16884.0
1690644600000,29303.3,29304.9,29296.0,29301.8,15489.0
1690645500000,29301.9,29304.5,29295.5,29304.0,11029.0
1690646400000,29303.9,29304.0,29292.4,29292.4,24193.0
1690647300000,29292.5,29302.9,29292.4,29301.9,15703.0
1690648200000,29302.0,29302.0,29297.0,29297.0,7009.0
1690649100000,29297.0,29314.8,29292.8,29310.6,27665.0
1690650000000,29311.4,29316.0,29307.1,29307.1,14130.0
1690650900000,29307.1,29315.4,29300.0,29310.4,18878.0
1690651800000,29310.4,29329.3,29310.0,29324.0,47575.0
1690652700000,29324.7,29334.2,29324.0,29324.1,24721.0
1690653600000,29324.1,29333.0,29295.9,29296.4,35230.0
1690654500000,29297.6,29304.0,29292.0,29304.0,21439.0
1690655400000,29304.0,29306.0,29300.0,29300.0,6551.0
1690656300000,29300.0,29308.0,29300.0,29307.9,14165.0
1690657200000,29308.0,29347.9,29307.9,29334.2,52550.0
1690658100000,29334.2,29342.0,29334.1,29338.1,18176.0
1690659000000,29338.1,29348.0,29329.4,29332.0,33971.0
1690659900000,29332.0,29339.9,29329.0,29339.9,9748.0
1690660800000,29339.9,29369.6,29339.9,29360.0,60017.0
1690661700000,29360.0,29383.4,29350.0,29367.7,62502.0
1690662600000,29367.7,29371.2,29350.0,29353.2,26935.0
1690663500000,29353.2,29361.8,29350.0,29351.7,15624.0
1690664400000,29351.8,29367.6,29351.8,29364.2,34160.0
1690665300000,29364.2,29364.7,29350.3,29359.3,27711.0
1690666200000,29359.3,29359.4,29350.3,29354.7,9345.0
1690667100000,29354.7,29354.7,29352.3,29352.4,5619.0
1690668000000,29352.4,29367.3,29352.3,29361.4,21869.0
1690668900000,29362.5,29362.6,29350.0,29350.7,10763.0
1690669800000,29350.7,29355.0,29347.4,29349.4,11803.0
1690670700000,29349.4,29359.4,29349.3,29352.2,11871.0
1690671600000,29352.2,29354.9,29350.2,29350.3,11021.0
1690672500000,29350.2,29359.3,29350.2,29353.4,11556.0
1690673400000,29353.5,29368.0,29351.3,29367.5,43777.0
1690674300000,29367.4,29367.5,29349.4,29349.4,23033.0
1690675200000,29349.4,29352.4,29336.0,29336.1,24975.0
1690676100000,29336.0,29360.4,29320.0,29332.1,70144.0
1690677000000,29332.1,29342.7,29325.5,29340.2,13674.0
1690677900000,29340.3,29354.2,29331.0,29348.0,29023.0
1690678800000,29348.0,29349.8,29327.8,29339.5,34107.0
1690679700000,29339.6,29344.0,29325.0,29338.9,26879.0
1690680600000,29338.9,29339.0,29325.0,29325.1,29170.0
1690681500000,29325.1,29337.0,29322.5,29325.6,26099.0
1690682400000,29325.6,29328.0,29310.3,29318.6,52730.0
1690683300000,29318.5,29318.6,29306.1,29306.2,19837.0
1690684200000,29306.2,29318.0,29306.1,29309.3,24727.0
1690685100000,29309.4,29318.8,29309.3,29315.4,19734.0
1690686000000,29315.4,29329.1,29314.0,29316.2,32487.0
1690686900000,29316.3,29325.3,29316.2,29325.3,11178.0
1690687800000,29325.3,29325.8,29319.1,29321.6,17040.0
1690688700000,29321.6,29325.1,29317.0,29320.0,12099.0
1690689600000,29319.9,29325.4,29317.6,29325.3,12700.0
1690690500000,29325.4,29326.8,29322.9,29326.1,14306.0
1690691400000,29326.1,29335.8,29326.0,29333.1,13792.0
1690692300000,29333.2,29333.2,29329.1,29329.2,9291.0
1690693200000,29329.4,29335.5,29326.5,29326.5,9187.0
1690694100000,29326.5,29331.2,29325.5,29328.0,9686.0
1690695000000,29328.1,29328.1,29321.0,29321.0,9012.0
1690695900000,29321.0,29321.7,29315.1,29316.9,18434.0
1690696800000,29316.9,29316.9,29300.0,29302.3,48117.0
1690697700000,29302.4,29306.0,29271.0,29280.2,108352.0
1690698600000,29280.0,29289.9,29273.7,29281.7,42438.0
1690699500000,29281.7,29298.0,29281.7,29295.7,33852.0
1690700400000,29295.7,29295.7,29290.5,29295.7,17418.0
1690701300000,29295.7,29295.7,29286.0,29286.6,13688.0
1690702200000,29286.2,29294.4,29283.3,29294.4,23203.0
1690703100000,29294.4,29300.1,29294.3,29300.1,32049.0
1690704000000,29300.1,29300.1,29298.0,29300.1,14969.0
1690704900000,29300.0,29312.4,29296.2,29310.1,26244.0
1690705800000,29310.2,29310.2,29301.0,29308.1,15051.0
1690706700000,29308.2,29309.7,29298.0,29304.2,26334.0
1690707600000,29304.2,29306.0,29292.0,29292.1,12369.0
1690708500000,29292.1,29300.0,29290.0,29300.0,15379.0
1690709400000,29299.9,29300.0,29282.3,29290.0,27101.0
1690710300000,29290.0,29290.1,29283.5,29287.8,10632.0
1690711200000,29287.8,29297.1,29287.8,29288.3,24796.0
1690712100000,29288.3,29293.4,29288.0,29292.0,20460.0
1690713000000,29292.1,29292.1,29273.1,29274.3,42198.0
1690713900000,29274.2,29288.3,29224.2,29288.2,161375.0
1690714800000,29288.6,29320.7,29279.2,29306.9,123622.0
1690715700000,29307.0,29311.6,29257.0,29263.9,61938.0
1690716600000,29264.0,29309.3,29263.9,29309.3,56096.0
1690717500000,29309.3,29330.0,29304.3,29313.7,68772.0
1690718400000,29313.7,29324.4,29306.0,29324.3,30799.0
1690719300000,29324.4,29330.7,29320.3,29325.6,37823.0
1690720200000,29325.6,29328.0,29312.2,29327.3,26110.0
1690721100000,29327.3,29330.0,29321.4,29321.4,21789.0
1690722000000,29321.4,29325.3,29318.3,29320.0,13642.0
1690722900000,29320.1,29320.1,29306.5,29308.5,27133.0
1690723800000,29308.5,29308.5,29300.0,29304.9,27126.0
1690724700000,29304.9,29306.0,29275.1,29287.2,69243.0
1690725600000,29287.6,29307.6,29287.6,29299.5,28099.0
1690726500000,29299.9,29316.3,29299.9,29307.6,24236.0
1690727400000,29307.6,29328.0,29298.0,29327.8,62791.0
1690728300000,29327.8,29432.4,29327.8,29388.1,390104.0
1690729200000,29388.1,29449.5,29388.1,29390.0,325906.0
1690730100000,29390.0,29440.5,29390.0,29419.2,98295.0
1690731000000,29419.3,29441.0,29400.7,29413.4,121949.0
1690731900000,29413.5,29419.7,29305.0,29345.1,313825.0
1690732800000,29345.1,29408.3,29326.0,29397.1,152407.0
1690733700000,29397.1,29399.0,29370.0,29370.0,38211.0
1690734600000,29370.0,29370.0,29330.0,29351.8,99188.0
1690735500000,29351.7,29382.4,29351.7,29377.6,41176.0
1690736400000,29377.5,29380.8,29358.6,29358.6,31721.0
1690737300000,29358.7,29376.1,29349.9,29376.1,26818.0
1690738200000,29376.0,29398.0,29372.1,29385.1,29280.0
1690739100000,29385.2,29399.8,29377.0,29394.1,36361.0
1690740000000,29394.2,29397.9,29378.7,29378.7,34772.0
1690740900000,29378.7,29379.4,29371.0,29374.7,14947.0
1690741800000,29374.8,29380.0,29374.7,29379.9,10694.0
1690742700000,29379.9,29379.9,29350.0,29357.5,22292.0
1690743600000,29357.6,29363.3,29353.7,29353.7,20629.0
1690744500000,29353.7,29360.7,29351.6,29360.6,8749.0
1690745400000,29358.5,29358.5,29342.3,29350.0,18112.0
1690746300000,29350.0,29350.0,29104.4,29202.6,870442.0
1690747200000,29202.6,29202.6,29028.0,29148.2,509948.0
1690748100000,29148.2,29196.5,29120.6,29164.6,134510.0
1690749000000,29164.8,29212.2,29144.8,29194.2,96824.0
1690749900000,29194.2,29276.0,29170.4,29271.3,160438.0
1690750800000,29271.3,29271.4,29189.7,29215.2,110694.0
1690751700000,29215.2,29217.5,29182.0,29192.9,36671.0
1690752600000,29193.0,29212.6,29172.4,29196.3,61960.0
1690753500000,29196.3,29230.5,29191.4,29207.0,28929.0
1690754400000,29207.1,29211.9,29160.5,29166.4,69433.0
1690755300000,29166.3,29180.4,29155.7,29159.6,49136.0
1690756200000,29159.5,29181.8,29148.0,29160.0,49995.0
1690757100000,29160.0,29174.9,29153.1,29159.8,38819.0
1690758000000,29159.7,29249.1,29156.3,29231.8,180107.0
1690758900000,29231.9,29269.0,29223.8,29267.5,80757.0
1690759800000,29267.5,29296.0,29256.0,29265.9,73530.0
1690760700000,29266.0,29283.7,29254.7,29283.6,37838.0
1690761600000,29283.6,29288.2,29263.4,29267.1,44660.0
1690762500000,29267.2,29335.4,29260.3,29301.2,115730.0
1690763400000,29301.3,29517.4,29290.7,29502.7,424879.0
1690764300000,29502.7,29540.0,29405.8,29463.8,534556.0
1690765200000,29463.9,29490.6,29398.2,29417.4,164935.0
1690766100000,29417.4,29444.0,29383.0,29443.9,83245.0
1690767000000,29444.0,29461.3,29427.0,29433.3,83607.0
1690767900000,29433.3,29451.9,29404.9,29451.9,50189.0
1690768800000,29452.0,29471.6,29425.1,29427.6,78216.0
1690769700000,29426.8,29469.0,29426.7,29464.9,65461.0
1690770600000,29465.0,29498.0,29450.2,29456.6,102756.0
1690771500000,29456.6,29467.6,29444.5,29460.6,38460.0
1690772400000,29460.6,29468.5,29425.0,29425.4,47734.0
1690773300000,29425.4,29437.6,29416.4,29437.6,37276.0
1690774200000,29437.5,29457.0,29437.5,29451.4,50372.0
1690775100000,29451.4,29451.5,29410.3,29421.8,67223.0
1690776000000,29422.8,29437.7,29412.0,29416.1,62117.0
1690776900000,29416.0,29439.7,29410.0,29410.0,45364.0
1690777800000,29410.1,29413.0,29381.1,29402.5,83848.0
1690778700000,29402.5,29420.4,29396.4,29405.3,56413.0
1690779600000,29405.3,29416.0,29397.6,29397.7,44100.0
1690780500000,29397.8,29419.9,29394.6,29409.5,49331.0
1690781400000,29409.5,29425.1,29395.5,29398.5,43786.0
1690782300000,29398.5,29404.1,29367.0,29387.9,83299.0
1690783200000,29387.9,29402.1,29374.9,29399.7,45054.0
1690784100000,29399.3,29449.9,29399.2,29432.6,55620.0
1690785000000,29432.6,29432.6,29404.6,29409.9,35499.0
1690785900000,29410.0,29419.6,29392.9,29416.1,38446.0
1690786800000,29416.1,29416.2,29385.2,29394.2,26373.0
1690787700000,29394.2,29419.4,29392.8,29414.6,24245.0
1690788600000,29414.5,29418.3,29400.3,29408.5,20244.0
1690789500000,29408.4,29408.5,29381.9,29382.9,30671.0
1690790400000,29382.8,29386.0,29375.2,29385.1,53933.0
1690791300000,29385.1,29425.4,29362.3,29405.0,99940.0
1690792200000,29404.9,29409.9,29380.6,29381.1,38643.0
1690793100000,29381.1,29401.0,29380.0,29400.9,37079.0
1690794000000,29401.0,29403.9,29372.2,29373.7,25934.0
1690794900000,29373.7,29377.5,29358.0,29366.2,62069.0
1690795800000,29366.2,29372.2,29350.2,29351.6,67914.0
1690796700000,29351.7,29389.5,29336.1,29389.4,100671.0
1690797600000,29389.5,29399.8,29381.9,29394.6,34205.0
1690798500000,29394.6,29415.0,29386.5,29412.5,41105.0
1690799400000,29412.4,29412.5,29378.6,29385.1,23279.0
1690800300000,29385.5,29395.4,29378.7,29395.4,17319.0
1690801200000,29395.4,29398.2,29391.0,29395.4,14444.0
1690802100000,29395.4,29404.9,29385.1,29388.1,27429.0
1690803000000,29386.9,29401.0,29386.8,29388.0,27244.0
1690803900000,29388.0,29411.4,29388.0,29409.9,30603.0
1690804800000,29409.9,29415.5,29401.1,29404.5,34334.0
1690805700000,29404.5,29412.0,29396.4,29412.0,27307.0
1690806600000,29411.8,29467.4,29411.8,29439.2,219391.0
1690807500000,29439.6,29477.6,29439.5,29472.3,133664.0
1690808400000,29472.4,29472.4,29435.6,29435.7,80776.0
1690809300000,29435.6,29453.2,29425.0,29431.0,90616.0
1690810200000,29431.0,29449.8,29382.0,29400.0,141702.0
1690811100000,29400.0,29425.0,29305.5,29362.9,304287.0
1690812000000,29363.0,29369.5,29288.0,29351.0,229990.0
1690812900000,29351.0,29366.0,29321.8,29341.6,91442.0
1690813800000,29340.9,29350.0,29261.8,29325.3,185784.0
1690814700000,29325.3,29327.4,29291.1,29302.9,87120.0
1690815600000,29303.0,29339.5,29272.7,29339.5,124533.0
1690816500000,29339.5,29339.5,29292.9,29297.5,56084.0
1690817400000,29297.4,29306.8,29222.2,29252.5,258748.0
1690818300000,29252.5,29278.3,29232.5,29247.6,175942.0
1690819200000,29247.5,29266.9,29174.5,29208.9,347720.0
1690820100000,29208.9,29266.9,29174.7,29249.5,167829.0
1690821000000,29248.9,29270.0,29240.1,29252.7,96538.0
1690821900000,29252.7,29259.3,29236.5,29236.6,68034.0
1690822800000,29236.6,29250.0,29215.5,29229.5,65383.0
1690823700000,29229.5,29234.5,29152.7,29190.3,200057.0
1690824600000,29190.3,29239.6,29168.7,29235.4,133095.0
1690825500000,29236.8,29281.4,29200.5,29222.1,260569.0
1690826400000,29222.0,29223.7,29203.0,29212.9,45710.0
1690827300000,29212.9,29216.3,29140.1,29208.2,163154.0
1690828200000,29209.1,29220.8,29200.0,29200.0,47958.0
1690829100000,29200.0,29216.4,29184.6,29200.1,25292.0
1690830000000,29200.1,29200.1,29172.3,29199.8,31741.0
1690830900000,29199.7,29235.9,29188.0,29216.6,34428.0
1690831800000,29216.6,29243.5,29216.6,29238.6,31038.0
1690832700000,29238.1,29239.5,29116.0,29165.2,202687.0
1690833600000,29165.6,29233.0,29125.0,29202.2,161400.0
1690834500000,29202.1,29260.0,29193.4,29251.3,89808.0
1690835400000,29251.3,29264.0,29174.0,29174.8,99175.0
1690836300000,29174.8,29219.1,29134.3,29210.1,158635.0
1690837200000,29210.1,29219.8,29155.0,29217.6,89589.0
1690838100000,29217.6,29317.4,29188.4,29197.3,289880.0
1690839000000,29197.3,29254.7,29183.1,29223.4,46863.0
1690839900000,29223.4,29247.5,29217.2,29240.8,21405.0
1690840800000,29240.8,29240.9,29215.0,29216.3,26034.0
1690841700000,29216.2,29245.6,29213.1,29239.6,29269.0
1690842600000,29239.7,29239.7,29204.3,29209.8,13755.0
1690843500000,29209.7,29212.7,29200.0,29212.7,15763.0
1690844400000,29212.6,29212.7,29191.1,29191.1,23692.0
1690845300000,29191.0,29222.1,29185.0,29201.7,33892.0
1690846200000,29201.7,29245.0,29200.0,29239.2,26351.0
1690847100000,29239.2,29242.0,29234.1,29234.1,26149.0
1690848000000,29234.2,29234.2,29216.1,29230.0,37395.0
1690848900000,29230.0,29256.1,29228.1,29246.6,39193.0
1690849800000,29246.6,29278.0,29246.6,29271.0,86877.0
1690850700000,29271.1,29299.9,29270.0,29290.1,60811.0
1690851600000,29290.0,29350.0,29288.1,29333.4,215756.0
1690852500000,29333.4,29340.0,29267.2,29267.3,102683.0
1690853400000,29267.3,29269.7,29230.0,29255.1,58439.0
1690854300000,29255.1,29258.0,29177.8,29206.4,134327.0
1690855200000,29206.4,29232.6,28669.3,28926.7,2408592.0
1690856100000,28926.7,29013.0,28913.0,28970.3,491024.0
1690857000000,28970.3,28987.5,28943.8,28980.0,149736.0
1690857900000,28979.9,28980.0,28929.2,28933.3,132261.0
1690858800000,28933.2,28955.0,28883.8,28952.0,232243.0
1690859700000,28952.0,28956.0,28866.1,28907.0,182113.0
1690860600000,28907.0,28919.9,28855.0,28881.8,181606.0
1690861500000,28881.8,28886.9,28817.0,28837.5,228991.0
1690862400000,28837.0,28873.4,28808.0,28854.4,168984.0
1690863300000,28854.9,28884.1,28831.4,28883.3,146861.0
1690864200000,28883.2,28929.0,28866.4,28893.7,103371.0
1690865100000,28893.6,28897.9,28865.8,28870.3,60363.0
1690866000000,28870.3,28891.2,28856.2,28881.7,62579.0
1690866900000,28881.7,28913.8,28876.9,28898.5,62151.0
1690867800000,28898.4,28914.0,28891.4,28906.3,57269.0
1690868700000,28906.4,28921.8,28886.0,28919.4,54757.0
1690869600000,28919.3,28941.0,28902.9,28940.9,106909.0
1690870500000,28940.9,28945.0,28907.2,28945.0,78907.0
1690871400000,28945.0,28970.0,28932.6,28935.5,110999.0
1690872300000,28935.6,28935.6,28908.8,28912.1,43269.0
1690873200000,28912.0,28931.2,28896.0,28904.9,110415.0
1690874100000,28904.9,28925.0,28894.1,28916.4,48493.0
1690875000000,28916.4,28937.9,28903.7,28934.8,38696.0
1690875900000,28934.7,28937.5,28913.8,28929.3,37786.0
1690876800000,28929.4,28940.0,28913.0,28917.2,33447.0
1690877700000,28917.2,28963.8,28905.4,28954.0,54393.0
1690878600000,28954.0,28965.0,28939.4,28956.9,72588.0
1690879500000,28956.9,28991.2,28946.5,28991.1,73259.0
1690880400000,28991.1,28992.0,28951.9,28960.7,121481.0
1690881300000,28960.7,28963.9,28930.3,28932.8,50404.0
1690882200000,28932.8,28943.3,28928.8,28935.8,26665.0
1690883100000,28935.8,28935.9,28924.9,28927.8,39291.0
1690884000000,28927.7,28930.0,28902.6,28912.6,53988.0
1690884900000,28912.7,28914.5,28894.6,28907.4,65023.0
1690885800000,28907.4,28929.0,28907.3,28929.0,26761.0
1690886700000,28928.9,28947.6,28925.5,28930.2,40616.0
1690887600000,28930.2,28936.0,28914.7,28916.7,31812.0
1690888500000,28916.7,28916.7,28892.0,28898.5,34890.0
1690889400000,28898.5,28898.5,28870.0,28884.0,79648.0
1690890300000,28884.1,28900.2,28866.0,28867.8,75856.0
1690891200000,28867.7,28886.3,28843.1,28862.6,124293.0
1690892100000,28862.6,28883.2,28821.2,28828.0,126791.0
1690893000000,28828.1,28938.4,28755.0,28906.0,600059.0
1690893900000,28906.0,28910.0,28874.6,28884.0,61922.0
1690894800000,28884.1,28903.7,28870.0,28903.7,45168.0
1690895700000,28903.6,28920.0,28888.0,28915.0,56094.0
1690896600000,28915.0,28920.7,28873.9,28874.0,60658.0
1690897500000,28874.0,28915.0,28871.6,28876.2,53175.0
1690898400000,28876.3,28910.0,28835.4,28836.7,93365.0
1690899300000,28836.7,28909.8,28836.1,28871.7,104712.0
1690900200000,28871.7,28889.7,28825.5,28838.9,111992.0
1690901100000,28838.9,28861.7,28788.0,28838.1,118942.0
1690902000000,28838.0,28856.3,28784.8,28825.4,155358.0
1690902900000,28825.5,28833.5,28759.7,28788.1,170327.0
1690903800000,28787.3,28909.9,28566.0,28909.0,1593610.0
1690904700000,28909.1,28984.0,28861.5,28955.6,461446.0
1690905600000,28955.6,29054.0,28918.0,29011.1,636060.0
1690906500000,29011.1,29025.0,28930.0,28944.0,238358.0
1690907400000,28944.0,28949.3,28866.1,28918.1,231280.0
1690908300000,28918.0,28942.1,28896.1,28937.8,76777.0
1690909200000,28937.7,28987.9,28933.2,28952.6,128808.0
1690910100000,28952.7,28990.0,28946.4,28967.1,67629.0
1690911000000,28967.1,28970.0,28931.7,28953.9,55595.0
1690911900000,28954.0,28965.9,28944.2,28956.1,24055.0
1690912800000,28956.1,29012.0,28956.1,28994.2,109873.0
1690913700000,28994.3,29157.5,28994.3,29101.0,593139.0
1690914600000,29101.0,29165.0,29101.0,29141.4,178643.0
1690915500000,29141.5,29285.0,29141.5,29274.1,490305.0
1690916400000,29274.1,29348.5,29230.6,29241.1,564103.0
1690917300000,29241.2,29268.7,29221.0,29232.1,125791.0
1690918200000,29232.0,29283.9,29211.1,29234.2,111143.0
1690919100000,29234.3,29288.7,29229.6,29272.3,84638.0
1690920000000,29272.5,29309.4,29204.5,29225.4,181953.0
1690920900000,29225.4,29241.8,29192.3,29195.9,83030.0
1690921800000,29195.9,29239.9,29178.0,29192.7,114814.0
1690922700000,29192.6,29273.2,29192.6,29233.6,142116.0
1690923600000,29233.6,29245.0,29220.7,29244.9,35874.0
1690924500000,29244.9,29271.9,29241.6,29266.5,42054.0
1690925400000,29266.5,29330.0,29193.8,29197.0,234715.0
1690926300000,29197.1,29247.0,29190.1,29242.6,31984.0
1690927200000,29242.6,29242.6,29198.3,29201.8,63795.0
1690928100000,29201.8,29220.9,29201.8,29217.2,22352.0
1690929000000,29217.2,29217.2,29201.0,29214.9,36577.0
1690929900000,29215.0,29250.0,29210.8,29248.0,44172.0
1690930800000,29248.0,29419.8,29245.6,29375.0,505675.0
1690931700000,29375.1,29475.0,29325.4,29415.5,462981.0
1690932600000,29415.6,29500.0,29410.0,29488.0,433789.0
1690933500000,29488.0,29743.5,29433.1,29708.4,1528390.0
1690934400000,29708.5,29830.0,29682.1,29708.1,882285.0
1690935300000,29708.0,29844.9,29680.3,29811.2,563642.0
1690936200000,29811.2,29824.5,29718.1,29749.5,224869.0
1690937100000,29749.5,29826.5,29723.0,29820.0,203773.0
1690938000000,29819.9,29950.0,29785.2,29895.9,621444.0
1690938900000,29895.9,29986.1,29890.0,29983.7,349468.0
1690939800000,29983.8,30050.0,29877.0,29890.0,589028.0
1690940700000,29890.0,29904.1,29840.6,29845.0,232458.0
1690941600000,29845.0,29861.8,29788.5,29826.8,338009.0
1690942500000,29826.9,29875.0,29826.1,29869.8,117636.0
1690943400000,29869.8,29885.5,29845.3,29850.2,94854.0
1690944300000,29850.2,29850.2,29808.0,29814.7,91860.0
1690945200000,29814.6,29823.9,29773.9,29777.1,159281.0
1690946100000,29777.1,29798.5,29732.3,29742.0,223111.0
1690947000000,29742.1,29750.1,29666.4,29704.1,306328.0
1690947900000,29704.1,29704.1,29623.8,29640.0,260659.0
1690948800000,29639.9,29660.3,29595.3,29598.3,237592.0
1690949700000,29598.2,29685.8,29593.8,29676.1,226026.0
1690950600000,29676.1,29729.9,29668.0,29687.8,205942.0
1690951500000,29687.7,29687.7,29641.7,29679.7,90835.0
1690952400000,29679.7,29683.6,29644.2,29651.9,50240.0
1690953300000,29652.0,29658.0,29621.0,29622.0,68072.0
1690954200000,29622.0,29645.4,29610.7,29626.4,69723.0
1690955100000,29626.5,29669.0,29611.6,29661.2,80346.0
1690956000000,29661.3,29697.3,29653.7,29678.8,87117.0
1690956900000,29678.8,29678.8,29631.0,29650.2,64494.0
1690957800000,29650.1,29657.0,29622.6,29630.0,38538.0
1690958700000,29630.1,29630.9,29572.2,29572.2,161341.0
1690959600000,29572.1,29650.0,29571.1,29649.9,121931.0
1690960500000,29650.0,29658.0,29627.3,29633.9,55972.0
1690961400000,29633.9,29648.3,29617.0,29627.0,42475.0
1690962300000,29627.0,29629.7,29574.2,29589.0,102467.0
1690963200000,29589.0,29589.0,29502.0,29515.9,412003.0
1690964100000,29515.9,29517.0,29390.0,29450.6,871290.0
1690965000000,29450.7,29532.0,29401.0,29495.9,322039.0
1690965900000,29495.9,29524.6,29484.2,29496.6,125989.0
1690966800000,29497.5,29508.9,29467.0,29467.0,99593.0
1690967700000,29467.0,29504.2,29455.2,29491.9,101071.0
1690968600000,29491.9,29492.0,29426.0,29435.1,128023.0
1690969500000,29435.1,29466.5,29425.9,29454.7,68834.0
1690970400000,29454.7,29471.0,29440.2,29467.9,83317.0
1690971300000,29467.9,29498.3,29454.9,29494.2,63422.0
1690972200000,29494.1,29540.0,29477.3,29534.0,120622.0
1690973100000,29533.9,29535.0,29520.4,29534.9,75674.0
1690974000000,29534.9,29560.0,29506.0,29519.9,168451.0
1690974900000,29519.9,29520.0,29502.4,29508.8,63631.0
1690975800000,29508.9,29557.0,29506.0,29556.9,77298.0
1690976700000,29556.9,29577.9,29527.3,29564.0,109898.0
1690977600000,29564.6,29611.4,29559.7,29567.2,176037.0
1690978500000,29567.2,29567.2,29524.0,29532.8,114399.0
1690979400000,29532.9,29538.7,29495.5,29501.1,84132.0
1690980300000,29501.0,29519.2,29466.0,29467.0,120116.0
1690981200000,29467.0,29474.0,29420.0,29422.9,190217.0
1690982100000,29423.0,29468.8,29408.0,29414.3,159699.0
1690983000000,29414.2,29459.9,29341.6,29442.1,411300.0
1690983900000,29442.1,29460.0,29381.0,29418.6,174823.0
1690984800000,29418.0,29420.0,29255.0,29354.7,809951.0
1690985700000,29354.6,29368.8,29300.0,29313.1,219967.0
1690986600000,29313.9,29355.1,29281.0,29310.9,175877.0
1690987500000,29310.9,29325.1,29263.0,29277.1,235923.0
1690988400000,29276.0,29300.0,29221.8,29259.9,367745.0
1690989300000,29259.9,29325.0,29166.0,29304.7,555595.0
1690990200000,29304.8,29371.8,29302.6,29359.8,293671.0
1690991100000,29359.8,29366.5,29313.7,29328.5,97261.0
1690992000000,29328.4,29351.5,29290.4,29315.0,114725.0
1690992900000,29315.0,29321.3,29258.0,29267.2,163266.0
1690993800000,29267.2,29335.3,29240.0,29327.1,256968.0
1690994700000,29327.9,29377.7,28920.0,29031.0,2412420.0
1690995600000,29030.9,29135.0,28978.0,29102.1,615989.0
1690996500000,29102.1,29214.7,29084.7,29193.7,364982.0
1690997400000,29193.7,29265.9,29168.2,29194.0,278208.0
1690998300000,29193.9,29211.3,29116.8,29148.5,147931.0
1690999200000,29148.5,29168.0,29131.1,29146.4,76718.0
1691000100000,29145.9,29162.3,29084.5,29114.7,151561.0
1691001000000,29114.7,29124.0,29032.0,29116.0,167977.0
1691001900000,29116.0,29148.2,29085.5,29147.7,105713.0
1691002800000,29147.6,29161.0,29127.6,29150.0,64857.0
1691003700000,29150.0,29192.0,29147.9,29184.6,55057.0
1691004600000,29184.7,29222.7,29164.2,29201.6,65924.0
1691005500000,29202.5,29207.6,29142.9,29152.8,58477.0
1691006400000,29152.8,29158.6,29128.2,29145.9,36081.0
1691007300000,29145.8,29156.9,29105.3,29156.9,73601.0
1691008200000,29157.7,29165.5,29152.7,29153.0,27905.0
1691009100000,29153.7,29172.0,29130.5,29140.1,24791.0
1691010000000,29140.1,29140.2,29100.6,29102.0,50039.0
1691010900000,29102.0,29179.5,29068.0,29162.8,100437.0
1691011800000,29162.8,29198.2,29162.7,29192.5,42862.0
1691012700000,29192.5,29216.0,29182.8,29182.9,28322.0
1691013600000,29182.9,29232.9,29175.6,29218.5,43373.0
1691014500000,29218.4,29237.8,29204.6,29228.5,37747.0
1691015400000,29228.5,29228.5,29200.0,29211.7,28975.0
1691016300000,29211.7,29211.7,29181.6,29189.5,26195.0
1691017200000,29189.4,29189.5,29170.5,29171.0,23368.0
1691018100000,29171.0,29176.0,29133.4,29157.7,82784.0
1691019000000,29157.8,29167.0,29133.3,29166.9,30025.0
1691019900000,29166.9,29189.6,29152.5,29180.6,55497.0
1691020800000,29180.5,29184.6,29159.5,29164.1,71611.0
1691021700000,29164.2,29220.2,29162.0,29190.1,73212.0
1691022600000,29190.1,29226.7,29190.0,29196.0,60345.0
1691023500000,29196.0,29228.0,29168.5,29168.5,53992.0
1691024400000,29168.6,29220.0,29155.3,29219.9,64857.0
1691025300000,29220.0,29220.0,29175.8,29192.5,36709.0
1691026200000,29192.5,29227.0,29192.5,29222.9,49298.0
1691027100000,29222.9,29288.9,29222.9,29258.0,166444.0
1691028000000,29258.1,29278.8,29220.0,29220.0,112185.0
1691028900000,29220.0,29226.9,29155.0,29155.1,134727.0
1691029800000,29155.1,29171.6,29131.0,29161.9,112459.0
1691030700000,29161.9,29188.0,29161.8,29182.9,32882.0
1691031600000,29182.9,29187.6,29142.6,29153.2,58343.0
1691032500000,29153.1,29170.0,29134.7,29165.4,35559.0
1691033400000,29165.5,29169.3,29142.0,29158.5,22325.0
1691034300000,29158.5,29186.0,29158.4,29185.9,39379.0
1691035200000,29186.0,29197.8,29180.1,29180.2,48445.0
1691036100000,29180.1,29180.2,29137.5,29144.0,59436.0
1691037000000,29144.0,29158.9,29083.7,29153.6,161790.0
1691037900000,29153.6,29158.8,29138.6,29141.3,29163.0
1691038800000,29141.4,29148.0,29102.8,29124.1,68040.0
1691039700000,29124.1,29124.2,29100.2,29119.0,49584.0
1691040600000,29118.0,29145.0,29115.2,29145.0,29695.0
1691041500000,29145.0,29163.0,29144.9,29153.7,37984.0
1691042400000,29153.7,29159.6,29129.9,29139.7,35751.0
1691043300000,29139.7,29165.0,29135.1,29135.2,28723.0
1691044200000,29135.2,29138.6,29106.0,29115.0,39524.0
1691045100000,29115.0,29133.0,29045.7,29092.4,186979.0
1691046000000,29092.4,29109.6,29082.0,29106.7,54987.0
1691046900000,29106.7,29110.7,29025.0,29049.6,214601.0
1691047800000,29049.6,29085.3,29040.7,29065.9,117861.0
1691048700000,29066.0,29083.3,29048.4,29050.2,44653.0
1691049600000,29050.2,29090.0,29032.0,29077.2,87345.0
1691050500000,29077.2,29083.8,28966.7,29075.4,432152.0
1691051400000,29075.4,29126.5,29057.0,29057.3,213699.0
1691052300000,29057.7,29123.6,29055.1,29121.2,90185.0
1691053200000,29121.2,29147.4,29107.2,29120.1,108172.0
1691054100000,29120.2,29148.6,29110.4,29112.2,67928.0
1691055000000,29112.2,29137.6,29100.6,29130.6,57850.0
1691055900000,29130.6,29162.3,29117.5,29150.4,69821.0
1691056800000,29150.4,29169.0,29150.0,29160.0,62942.0
1691057700000,29160.0,29173.7,29143.0,29166.9,45500.0
1691058600000,29166.9,29191.0,29160.2,29188.8,84451.0
1691059500000,29188.8,29197.0,29171.5,29174.0,57266.0
1691060400000,29174.0,29190.0,29154.6,29160.0,49018.0
1691061300000,29160.0,29176.0,29146.3,29146.3,27992.0
1691062200000,29146.3,29170.7,29129.5,29129.5,54918.0
1691063100000,29129.5,29159.1,29129.5,29146.5,37908.0
1691064000000,29145.9,29167.8,29144.1,29150.0,48542.0
1691064900000,29150.1,29155.5,29121.0,29129.9,63050.0
1691065800000,29129.9,29150.0,29101.8,29119.0,114379.0
1691066700000,29119.1,29124.1,29074.3,29114.9,132331.0
1691067600000,29114.8,29175.0,29112.3,29163.3,102730.0
1691068500000,29163.3,29188.0,29150.0,29159.9,72296.0
1691069400000,29160.0,29246.0,29140.1,29164.7,209776.0
1691070300000,29164.6,29204.8,29127.0,29197.5,110697.0
1691071200000,29197.6,29253.7,29196.2,29204.6,246637.0
1691072100000,29204.6,29221.9,29178.6,29204.2,101443.0
1691073000000,29204.2,29333.0,29195.1,29295.9,421386.0
1691073900000,29295.9,29433.7,29265.3,29384.0,565972.0
1691074800000,29383.9,29431.3,29314.1,29329.5,332733.0
1691075700000,29329.5,29336.3,29186.3,29245.7,496168.0
1691076600000,29245.7,29296.3,29225.0,29254.2,105828.0
1691077500000,29254.2,29275.8,29236.8,29256.9,52013.0
1691078400000,29256.9,29264.3,29216.2,29263.7,150338.0
1691079300000,29263.7,29317.0,29239.1,29312.1,215070.0
1691080200000,29312.0,29335.0,29271.9,29314.6,71427.0
1691081100000,29314.6,29329.4,29297.3,29304.3,63493.0
1691082000000,29303.3,29369.0,29302.6,29364.2,218337.0
1691082900000,29364.3,29381.3,29302.2,29309.0,137816.0
1691083800000,29309.0,29320.4,29254.8,29254.8,167929.0
1691084700000,29254.8,29270.0,29228.0,29234.1,87891.0
1691085600000,29234.0,29239.4,29133.0,29196.1,270807.0
1691086500000,29196.2,29228.0,29180.1,29203.9,112845.0
1691087400000,29204.5,29264.2,29204.4,29226.9,88818.0
1691088300000,29226.8,29274.5,29218.5,29272.2,59962.0
1691089200000,29272.2,29272.5,29237.9,29240.3,23952.0
1691090100000,29240.3,29253.2,29221.2,29250.2,32000.0
1691091000000,29250.2,29298.7,29250.1,29279.0,36355.0
1691091900000,29279.1,29309.0,29273.0,29283.2,43790.0
1691092800000,29283.1,29333.7,29280.5,29323.2,138616.0
1691093700000,29323.3,29360.0,29317.5,29348.1,62231.0
1691094600000,29348.1,29365.9,29270.3,29284.7,85519.0
1691095500000,29284.7,29334.1,29267.9,29304.4,59748.0
1691096400000,29304.5,29339.1,29297.0,29314.5,68186.0
1691097300000,29314.5,29314.5,29293.6,29307.5,36243.0
1691098200000,29307.3,29325.7,29291.9,29310.5,27896.0
1691099100000,29310.5,29310.5,29224.6,29253.6,75816.0
1691100000000,29253.6,29269.8,29180.8,29217.8,194240.0
1691100900000,29217.3,29221.7,29175.1,29188.8,91395.0
1691101800000,29188.9,29215.7,29158.7,29198.3,82509.0
1691102700000,29198.4,29243.2,29198.3,29235.9,41778.0
1691103600000,29236.0,29245.0,29219.9,29219.9,21577.0
1691104500000,29220.0,29220.2,29201.6,29204.2,36516.0
1691105400000,29204.2,29232.9,29204.1,29224.1,26692.0
1691106300000,29224.1,29245.4,29196.6,29196.6,24676.0
1691107200000,29196.6,29218.9,29169.4,29205.1,171409.0
1691108100000,29205.1,29254.8,29186.0,29186.6,77288.0
1691109000000,29186.7,29221.5,29162.3,29221.5,57977.0
1691109900000,29221.5,29240.4,29197.4,29230.4,59053.0
1691110800000,29230.3,29230.4,29185.0,29196.0,67439.0
1691111700000,29196.0,29217.2,29188.0,29188.0,19598.0
1691112600000,29188.1,29237.0,29185.9,29227.3,29763.0
1691113500000,29227.3,29228.8,29190.2,29197.0,28732.0
1691114400000,29197.1,29212.0,29162.0,29175.8,48823.0
1691115300000,29175.9,29187.9,29090.7,29166.6,267527.0
1691116200000,29166.5,29200.0,29164.1,29192.2,80269.0
1691117100000,29192.2,29195.7,29165.0,29168.0,44367.0
1691118000000,29168.1,29175.0,29140.0,29170.2,57137.0
1691118900000,29170.1,29180.0,29157.1,29175.8,22691.0
1691119800000,29175.8,29183.0,29152.0,29156.0,27676.0
1691120700000,29156.1,29166.0,29138.9,29165.3,37081.0
1691121600000,29165.4,29175.0,29162.0,29162.0,21996.0
1691122500000,29162.0,29162.1,29134.5,29150.1,46223.0
1691123400000,29150.1,29176.8,29142.5,29176.7,47616.0
1691124300000,29176.8,29208.2,29174.6,29208.1,57279.0
1691125200000,29208.1,29221.7,29195.5,29198.6,85256.0
1691126100000,29198.6,29227.0,29197.7,29212.6,55871.0
1691127000000,29212.7,29228.0,29212.6,29224.8,31598.0
1691127900000,29224.8,29253.8,29224.5,29236.0,65186.0
1691128800000,29236.1,29257.6,29221.2,29221.9,50299.0
1691129700000,29221.9,29247.7,29213.0,29233.7,39985.0
1691130600000,29234.7,29240.0,29200.1,29209.9,57890.0
1691131500000,29209.9,29209.9,29179.3,29195.1,75985.0
1691132400000,29195.2,29195.4,29176.0,29191.0,35030.0
1691133300000,29190.9,29195.7,29176.0,29181.6,33668.0
1691134200000,29181.5,29189.0,29164.4,29183.4,38882.0
1691135100000,29183.4,29217.5,29180.2,29215.0,39612.0
1691136000000,29214.9,29264.5,29200.9,29232.3,155291.0
1691136900000,29232.3,29261.4,29213.0,29213.6,50596.0
1691137800000,29214.5,29222.6,29196.1,29196.5,43395.0
1691138700000,29196.5,29196.6,29180.0,29189.2,35349.0
1691139600000,29189.2,29202.1,29175.0,29199.0,61156.0
1691140500000,29199.0,29221.1,29198.7,29221.1,43115.0
1691141400000,29221.1,29231.0,29196.8,29199.0,47849.0
1691142300000,29199.9,29207.0,29196.0,29199.7,30157.0
1691143200000,29199.7,29199.8,29182.6,29188.1,34271.0
1691144100000,29188.1,29188.1,29161.8,29175.0,42962.0
1691145000000,29174.9,29189.6,29160.0,29184.0,39115.0
1691145900000,29183.9,29184.0,29150.9,29164.2,58131.0
1691146800000,29164.2,29168.0,29149.0,29155.0,50155.0
1691147700000,29155.0,29169.6,29154.8,29166.8,38032.0
1691148600000,29166.7,29181.0,29152.0,29154.6,36171.0
1691149500000,29154.6,29188.9,29137.2,29168.5,76170.0
1691150400000,29168.2,29183.4,29154.4,29172.0,33646.0
1691151300000,29172.1,29198.4,29166.3,29191.6,72559.0
1691152200000,29191.6,29280.0,29126.8,29195.1,547659.0
1691153100000,29194.9,29240.0,29182.2,29221.0,116433.0
1691154000000,29220.9,29248.0,29220.9,29239.9,94958.0
1691154900000,29240.0,29242.7,29205.9,29217.0,51709.0
1691155800000,29216.4,29299.8,29209.8,29266.1,216696.0
1691156700000,29266.1,29336.4,29222.0,29238.8,293174.0
1691157600000,29238.7,29238.8,29160.1,29209.1,331370.0
1691158500000,29209.1,29256.0,29197.3,29240.1,75242.0
1691159400000,29240.1,29271.5,29233.7,29241.9,82016.0
1691160300000,29241.9,29287.9,29226.1,29256.6,86481.0
1691161200000,29256.6,29277.6,29250.0,29250.0,40815.0
1691162100000,29250.1,29274.0,29226.8,29273.9,46059.0
1691163000000,29274.0,29286.4,29265.9,29286.4,64628.0
1691163900000,29286.4,29305.4,29264.8,29271.2,106132.0
1691164800000,29271.2,29285.8,29246.8,29271.8,43276.0
1691165700000,29271.8,29272.8,29250.6,29268.5,28500.0
1691166600000,29268.6,29268.6,29244.3,29257.6,28814.0
1691167500000,29257.6,29262.4,29246.6,29262.2,12894.0
1691168400000,29262.2,29270.1,29254.0,29262.0,30209.0
1691169300000,29262.0,29264.3,29226.0,29238.5,51518.0
1691170200000,29238.5,29238.5,29208.4,29212.5,58526.0
1691171100000,29212.4,29216.2,29191.9,29198.0,51697.0
1691172000000,29198.0,29198.0,29155.7,29169.5,153296.0
1691172900000,29169.4,29169.5,29077.8,29114.7,331046.0
1691173800000,29114.6,29140.5,29004.1,29038.3,495010.0
1691174700000,29038.0,29092.0,28940.9,29065.4,415966.0
1691175600000,29065.3,29086.5,29038.1,29065.5,110065.0
1691176500000,29065.6,29107.9,29048.0,29057.1,145565.0
1691177400000,29057.1,29086.5,29033.5,29045.1,79535.0
1691178300000,29045.1,29052.9,29015.6,29035.4,99110.0
1691179200000,29035.4,29072.7,29011.0,29055.1,101879.0
1691180100000,29055.1,29084.7,29055.0,29078.1,41574.0
1691181000000,29078.1,29083.0,28982.6,28987.2,124135.0
1691181900000,28987.2,28999.6,28800.0,28972.1,919990.0
1691182800000,28972.2,29121.4,28963.4,29088.0,285309.0
1691183700000,29087.9,29097.8,29043.1,29043.8,69402.0
1691184600000,29043.9,29054.1,29013.0,29036.9,47418.0
1691185500000,29036.9,29090.0,29036.9,29061.6,47025.0
1691186400000,29061.5,29096.0,29061.5,29084.1,38227.0
1691187300000,29084.0,29096.9,29078.6,29078.6,19774.0
1691188200000,29078.6,29093.0,29075.9,29088.1,20008.0
1691189100000,29088.0,29088.1,29058.2,29058.2,27378.0
1691190000000,29058.3,29082.0,29056.7,29079.1,17999.0
1691190900000,29079.1,29083.0,29061.8,29064.0,32215.0
1691191800000,29064.0,29122.8,29053.8,29115.4,98522.0
1691192700000,29115.4,29133.0,29107.6,29120.8,49282.0
1691193600000,29120.9,29132.1,29114.1,29114.2,35987.0
1691194500000,29114.2,29125.1,29098.9,29125.1,34493.0
1691195400000,29125.1,29149.9,29121.7,29145.5,47503.0
1691196300000,29145.4,29166.0,29119.9,29120.0,69900.0
1691197200000,29120.1,29133.1,29111.1,29114.8,30036.0
1691198100000,29114.7,29115.8,29067.0,29079.7,65473.0
1691199000000,29079.8,29115.4,29075.3,29088.4,45891.0
1691199900000,29088.4,29094.6,29070.6,29081.4,38210.0
1691200800000,29081.4,29089.5,29072.8,29089.5,36498.0
1691201700000,29089.4,29099.0,29082.0,29082.0,30052.0
1691202600000,29081.9,29113.8,29075.8,29100.0,34322.0
1691203500000,29100.0,29102.6,29093.0,29093.7,23932.0
1691204400000,29093.7,29096.8,29090.0,29091.2,15175.0
1691205300000,29091.2,29113.1,29091.2,29111.7,44785.0
1691206200000,29111.7,29111.7,29095.8,29100.0,36545.0
1691207100000,29100.1,29105.7,29094.6,29105.7,23616.0
1691208000000,29105.7,29105.7,29092.3,29094.9,21527.0
1691208900000,29094.9,29095.0,29072.0,29077.9,25311.0
1691209800000,29077.9,29078.0,29049.0,29049.0,65553.0
1691210700000,29049.0,29068.4,29040.6,29060.9,46644.0
1691211600000,29060.9,29061.0,29050.0,29053.5,18568.0
1691212500000,29053.5,29090.0,29053.5,29090.0,18538.0
1691213400000,29090.0,29101.0,29087.0,29092.1,33257.0
1691214300000,29092.1,29102.0,29092.0,29097.2,21986.0
1691215200000,29097.2,29097.4,29073.6,29075.8,22161.0
1691216100000,29075.8,29077.5,29067.4,29077.4,14778.0
1691217000000,29077.5,29088.0,29076.9,29082.0,10042.0
1691217900000,29081.9,29085.0,29070.6,29070.7,12677.0
1691218800000,29070.7,29075.1,29070.6,29075.1,13032.0
1691219700000,29075.1,29075.1,29055.1,29055.1,22739.0
1691220600000,29055.1,29074.0,29053.5,29070.4,29092.0
1691221500000,29070.4,29072.8,29062.0,29062.0,13459.0
1691222400000,29062.0,29062.0,29051.1,29055.7,32276.0
1691223300000,29055.8,29062.7,29053.0,29056.4,16962.0
1691224200000,29056.5,29091.6,29056.4,29091.6,32967.0
1691225100000,29091.5,29097.5,29088.7,29094.1,35237.0
1691226000000,29094.1,29094.1,29083.0,29083.9,16896.0
1691226900000,29083.9,29089.8,29080.0,29082.1,13403.0
1691227800000,29082.1,29082.2,29070.7,29073.9,16373.0
1691228700000,29073.9,29074.0,29061.2,29061.2,14073.0
1691229600000,29061.0,29078.0,29055.0,29077.9,36192.0
1691230500000,29078.0,29082.2,29077.9,29082.2,15759.0
1691231400000,29082.2,29082.2,29070.8,29070.8,14406.0
1691232300000,29070.4,29070.4,29050.0,29064.8,53290.0
1691233200000,29064.9,29086.0,29060.1,29083.3,28150.0
1691234100000,29083.3,29083.3,29068.0,29068.1,16438.0
1691235000000,29068.0,29068.1,29057.8,29057.8,10241.0
1691235900000,29057.8,29057.9,29052.0,29054.1,16109.0
1691236800000,29054.0,29055.9,29023.1,29037.4,70618.0
1691237700000,29037.4,29049.0,29030.0,29048.0,33855.0
1691238600000,29048.1,29048.1,29000.3,29000.3,104734.0
1691239500000,29000.3,29023.8,28988.0,29023.7,151781.0
1691240400000,29023.8,29032.9,29018.2,29027.6,37921.0
1691241300000,29027.3,29038.7,29026.0,29028.2,41837.0
1691242200000,29028.1,29028.3,29000.9,29002.6,45114.0
1691243100000,29003.9,29039.3,29003.8,29029.4,43173.0
1691244000000,29030.0,29089.7,29030.0,29074.1,186113.0
1691244900000,29074.1,29080.3,29064.4,29075.0,46790.0
1691245800000,29075.0,29077.8,29036.5,29056.4,52189.0
1691246700000,29056.3,29089.0,29056.3,29072.9,53690.0
1691247600000,29073.0,29084.1,29056.4,29056.6,36435.0
1691248500000,29056.6,29056.7,29018.0,29025.2,61714.0
1691249400000,29025.2,29046.0,29011.4,29036.0,41211.0
1691250300000,29035.9,29044.7,29031.2,29044.7,17409.0
1691251200000,29044.7,29055.2,29042.7,29053.2,27171.0
1691252100000,29053.3,29053.3,29022.6,29025.1,33364.0
1691253000000,29025.1,29030.0,29011.0,29017.3,25461.0
1691253900000,29017.4,29042.3,29017.3,29031.0,37343.0
1691254800000,29031.0,29042.0,29030.5,29041.9,14552.0
1691255700000,29041.9,29074.9,29041.9,29061.7,38494.0
1691256600000,29061.8,29067.0,29050.0,29050.0,17679.0
1691257500000,29050.1,29067.7,29048.9,29066.4,12733.0
1691258400000,29066.4,29076.3,29058.8,29076.3,22434.0
1691259300000,29076.2,29084.1,29072.1,29078.3,29159.0
1691260200000,29078.3,29084.9,29068.1,29084.9,17084.0
1691261100000,29084.9,29109.0,29078.2,29083.2,59777.0
1691262000000,29083.5,29097.3,29073.3,29088.0,33643.0
1691262900000,29088.0,29088.0,29073.6,29085.1,15002.0
1691263800000,29085.1,29085.1,29068.4,29076.1,10419.0
1691264700000,29076.1,29082.3,29071.5,29071.5,29814.0
1691265600000,29071.6,29073.0,29068.0,29071.3,10477.0
1691266500000,29071.3,29075.4,29071.3,29073.1,7079.0
1691267400000,29073.1,29073.2,29057.9,29060.4,15803.0
1691268300000,29060.4,29060.7,29060.4,29060.7,9911.0
1691269200000,29060.7,29073.1,29060.6,29073.0,15954.0
1691270100000,29073.1,29083.6,29073.0,29083.6,7009.0
1691271000000,29083.5,29087.8,29082.4,29087.6,21964.0
1691271900000,29087.7,29087.7,29070.7,29071.1,28934.0
1691272800000,29071.2,29081.9,29058.0,29062.2,26387.0
1691273700000,29062.3,29072.0,29062.2,29071.9,7561.0
1691274600000,29072.0,29086.9,29071.9,29084.6,15626.0
1691275500000,29084.6,29095.0,29084.5,29093.7,11679.0
1691276400000,29093.7,29093.7,29085.7,29085.7,13106.0
1691277300000,29085.8,29087.0,29082.3,29086.9,8644.0
1691278200000,29087.0,29087.0,29078.8,29081.1,10288.0
1691279100000,29081.1,29081.1,29071.8,29071.8,8874.0
1691280000000,29071.9,29071.9,29057.6,29059.1,28682.0
1691280900000,29059.1,29071.0,29059.0,29068.1,14438.0
1691281800000,29069.0,29069.0,29054.6,29061.2,13122.0
1691282700000,29061.3,29069.2,29061.2,29066.0,18193.0
1691283600000,29066.0,29066.0,29054.1,29054.2,11471.0
1691284500000,29054.1,29062.0,29049.2,29049.2,10960.0
1691285400000,29049.2,29054.0,29044.4,29053.7,11000.0
1691286300000,29053.7,29054.0,29034.6,29037.7,19875.0
1691287200000,29037.7,29078.3,29036.1,29057.2,58252.0
1691288100000,29057.1,29079.7,29057.1,29077.5,24894.0
1691289000000,29077.5,29087.0,29071.3,29071.3,28428.0
1691289900000,29071.3,29075.7,29066.3,29072.3,18759.0
1691290800000,29072.4,29072.4,29057.5,29060.2,19983.0
1691291700000,29060.2,29062.9,29060.1,29062.9,7453.0
1691292600000,29062.9,29072.1,29062.8,29072.1,17311.0
1691293500000,29072.1,29072.1,29065.6,29070.9,11537.0
1691294400000,29070.9,29075.0,29070.8,29074.9,14816.0
1691295300000,29074.9,29081.9,29071.3,29079.8,31022.0
1691296200000,29079.8,29087.4,29076.3,29081.1,24754.0
1691297100000,29081.1,29083.9,29077.6,29078.5,12738.0
1691298000000,29078.5,29086.0,29078.5,29085.9,9781.0
1691298900000,29086.0,29091.2,29085.9,29087.7,18825.0
1691299800000,29087.5,29093.0,29084.1,29086.0,38514.0
1691300700000,29085.9,29118.0,29081.1,29111.4,63325.0
1691301600000,29111.4,29115.8,29063.1,29065.3,85312.0
1691302500000,29065.3,29070.0,29059.0,29069.9,20583.0
1691303400000,29070.0,29070.0,29043.7,29058.0,86698.0
1691304300000,29058.2,29080.0,29058.1,29080.0,14984.0
1691305200000,29079.9,29080.0,29074.0,29076.1,17176.0
1691306100000,29076.2,29090.0,29076.1,29089.5,13948.0
1691307000000,29089.5,29092.9,29081.5,29091.6,13713.0
1691307900000,29091.5,29113.9,29090.4,29098.3,62075.0
1691308800000,29098.2,29107.8,29098.2,29102.1,40822.0
1691309700000,29102.1,29121.7,29102.1,29103.3,66980.0
1691310600000,29103.3,29113.6,29092.4,29113.6,36429.0
1691311500000,29113.5,29146.0,29104.8,29104.8,121065.0
1691312400000,29104.9,29104.9,29078.0,29078.7,130604.0
1691313300000,29078.7,29086.9,29070.2,29076.9,44721.0
1691314200000,29076.8,29089.9,29068.1,29080.0,31024.0
1691315100000,29079.9,29084.0,29068.5,29082.7,15830.0
1691316000000,29082.7,29082.8,29062.3,29062.3,29123.0
1691316900000,29062.3,29070.7,29058.6,29058.7,21168.0
1691317800000,29058.7,29059.1,29046.0,29051.9,47797.0
1691318700000,29051.8,29075.1,29049.6,29067.9,25000.0
1691319600000,29068.0,29073.0,29066.0,29072.1,14020.0
1691320500000,29072.1,29072.1,29064.9,29070.1,12524.0
1691321400000,29070.1,29079.3,29070.0,29074.2,15767.0
1691322300000,29074.2,29084.7,29074.2,29077.0,15252.0
1691323200000,29076.4,29076.8,29072.6,29076.8,14989.0
1691324100000,29076.8,29076.8,29054.5,29054.5,15415.0
1691325000000,29054.6,29054.6,29030.2,29036.3,89710.0
1691325900000,29036.3,29049.6,29025.8,29039.3,47561.0
1691326800000,29039.2,29039.3,29025.7,29034.4,34463.0
1691327700000,29034.4,29044.6,29020.5,29023.2,41339.0
1691328600000,29023.2,29030.0,29016.0,29026.3,33098.0
1691329500000,29026.3,29038.2,29017.1,29017.1,23970.0
1691330400000,29017.1,29020.0,28993.3,29002.0,97080.0
1691331300000,29001.9,29069.0,28992.1,29038.0,123768.0
1691332200000,29038.0,29048.9,29027.7,29027.7,30294.0
1691333100000,29027.7,29042.9,29027.7,29040.1,18890.0
1691334000000,29040.0,29051.7,29034.9,29050.1,26246.0
1691334900000,29050.2,29053.3,29036.1,29037.8,16199.0
1691335800000,29037.8,29040.8,29025.3,29025.3,15152.0
1691336700000,29025.3,29027.5,28998.5,29011.3,58809.0
1691337600000,29011.3,29023.5,29002.0,29023.2,79675.0
1691338500000,29023.2,29040.0,29017.6,29033.7,36350.0
1691339400000,29033.8,29075.2,29033.7,29066.3,110018.0
1691340300000,29066.3,29099.4,29062.6,29088.4,96639.0
1691341200000,29088.4,29094.8,29076.8,29081.4,33265.0
1691342100000,29081.4,29081.4,29052.5,29066.6,37463.0
1691343000000,29066.5,29103.5,29063.0,29094.9,52938.0
1691343900000,29094.9,29103.1,29086.2,29089.9,25871.0
1691344800000,29090.0,29107.6,29090.0,29098.0,45862.0
1691345700000,29098.0,29100.0,29089.3,29093.7,13913.0
1691346600000,29093.7,29098.0,29074.0,29097.9,22616.0
1691347500000,29098.0,29104.3,29081.1,29087.2,16141.0
1691348400000,29087.3,29104.8,29073.7,29104.0,19965.0
1691349300000,29104.1,29104.1,29091.7,29091.7,16859.0
1691350200000,29091.7,29092.0,29084.9,29084.9,11012.0
1691351100000,29084.7,29094.0,29080.0,29092.7,9806.0
1691352000000,29092.7,29101.0,29084.2,29084.3,15220.0
1691352900000,29084.3,29087.4,29074.9,29083.4,13747.0
1691353800000,29083.3,29089.4,29081.9,29087.4,11376.0
1691354700000,29087.4,29187.7,29087.3,29139.1,217237.0
1691355600000,29139.1,29208.5,29139.0,29191.7,246949.0
1691356500000,29191.7,29209.9,29160.3,29182.0,93564.0
1691357400000,29181.5,29181.5,29131.8,29148.9,52122.0
1691358300000,29148.9,29150.0,29036.0,29091.5,215628.0
1691359200000,29091.6,29148.5,29054.6,29131.4,107825.0
1691360100000,29131.4,29166.0,29118.9,29136.5,73923.0
1691361000000,29136.5,29144.5,29114.7,29122.7,42686.0
1691361900000,29122.7,29126.7,29096.0,29099.9,31968.0
1691362800000,29099.9,29100.4,29069.9,29083.9,48300.0
1691363700000,29083.9,29096.0,29078.3,29094.3,18314.0
1691364600000,29094.2,29105.5,29088.6,29089.4,14278.0
1691365500000,29089.5,29098.4,29087.7,29088.8,14347.0
1691366400000,29088.8,29101.2,29076.6,29101.1,65876.0
1691367300000,29101.2,29101.3,29068.4,29068.4,29088.0
1691368200000,29068.4,29078.8,29022.8,29076.0,121404.0
1691369100000,29076.0,29078.3,29052.1,29062.4,38123.0
1691370000000,29062.4,29144.0,29062.3,29120.2,128644.0
1691370900000,29120.2,29208.9,29120.1,29179.9,287539.0
1691371800000,29180.0,29209.9,29121.6,29123.0,155587.0
1691372700000,29123.0,29163.0,29123.0,29145.4,67530.0
1691373600000,29145.4,29166.2,29128.0,29128.1,67741.0
1691374500000,29128.1,29165.0,29126.0,29164.9,46967.0
1691375400000,29165.0,29186.1,29160.6,29176.4,53339.0
1691376300000,29176.3,29233.0,29176.3,29202.5,186680.0
1691377200000,29202.1,29217.9,29142.5,29150.0,147425.0
1691378100000,29150.0,29192.3,29141.7,29185.8,130401.0
1691379000000,29185.8,29194.5,29173.9,29173.9,31561.0
1691379900000,29174.0,29174.0,29155.2,29161.2,31297.0
1691380800000,29160.2,29181.0,29155.1,29176.5,41719.0
1691381700000,29175.9,29197.8,29175.9,29197.8,28641.0
1691382600000,29197.8,29197.8,29174.7,29184.4,20105.0
1691383500000,29184.4,29191.2,29180.8,29183.7,15786.0
1691384400000,29183.8,29183.8,29146.0,29161.9,44934.0
1691385300000,29161.3,29162.0,29118.8,29146.2,101541.0
1691386200000,29146.3,29153.3,29126.0,29130.6,55552.0
1691387100000,29130.7,29143.7,29124.0,29124.1,33655.0
1691388000000,29124.1,29128.5,29100.0,29115.2,92535.0
1691388900000,29115.2,29117.8,29081.0,29094.7,108167.0
1691389800000,29094.8,29102.3,29062.9,29081.0,100046.0
1691390700000,29081.0,29085.3,29057.0,29057.6,102969.0
1691391600000,29057.5,29096.4,29055.2,29080.8,65324.0
1691392500000,29080.8,29118.5,29080.7,29085.4,50830.0
1691393400000,29085.4,29094.7,29085.3,29085.6,28043.0
1691394300000,29085.7,29104.0,29071.5,29101.0,51149.0
1691395200000,29100.9,29101.0,29077.8,29077.8,31568.0
1691396100000,29077.8,29089.0,29069.8,29069.9,38116.0
1691397000000,29069.9,29079.5,29061.0,29070.2,49820.0
1691397900000,29070.2,29082.6,29063.8,29066.3,46309.0
1691398800000,29066.4,29066.4,29050.0,29054.0,68167.0
1691399700000,29054.0,29085.1,29053.9,29085.0,55558.0
1691400600000,29085.0,29102.0,29084.8,29084.8,56576.0
1691401500000,29084.8,29100.5,29084.8,29095.0,27695.0
1691402400000,29095.0,29095.1,29085.8,29088.2,14444.0
1691403300000,29088.2,29093.3,29087.2,29087.3,23231.0
1691404200000,29087.3,29144.0,29087.2,29140.9,117687.0
1691405100000,29140.9,29153.4,29108.3,29141.7,180650.0
1691406000000,29140.3,29141.3,29125.4,29126.1,51027.0
1691406900000,29126.0,29126.1,29098.4,29098.5,30178.0
1691407800000,29098.5,29098.5,29085.0,29089.6,40723.0
1691408700000,29089.6,29097.5,29086.4,29094.3,25656.0
1691409600000,29094.3,29095.0,29072.0,29085.0,69842.0
1691410500000,29084.9,29084.9,29040.3,29043.9,163849.0
1691411400000,29043.9,29065.3,29042.2,29061.5,135802.0
1691412300000,29061.4,29154.0,29048.5,29081.1,235788.0
1691413200000,29081.1,29091.6,29051.5,29070.7,83298.0
1691414100000,29070.6,29084.2,29048.5,29072.7,70602.0
1691415000000,29072.7,29091.3,29044.3,29054.8,179711.0
1691415900000,29054.7,29082.3,29026.3,29030.1,148277.0
1691416800000,29030.1,29071.6,29010.0,29060.4,182605.0
1691417700000,29060.4,29078.0,28990.8,29005.2,174705.0
1691418600000,29005.1,29074.5,28961.7,29040.1,228961.0
1691419500000,29040.6,29059.5,29023.7,29029.9,52594.0
1691420400000,29029.9,29037.8,28965.0,29023.2,185095.0
1691421300000,29023.5,29023.5,28902.8,28938.9,419346.0
1691422200000,28938.9,28950.0,28816.8,28880.4,749499.0
1691423100000,28880.4,28883.4,28790.0,28860.1,373554.0
1691424000000,28859.9,28891.9,28734.0,28794.0,585631.0
1691424900000,28794.0,28947.8,28700.0,28924.6,969184.0
1691425800000,28924.6,28942.1,28855.0,28919.9,290822.0
1691426700000,28919.8,28978.0,28890.8,28936.3,204661.0
1691427600000,28936.4,28988.3,28923.4,28974.6,162617.0
1691428500000,28974.6,28982.0,28873.6,28906.3,193907.0
1691429400000,28906.2,28967.6,28866.0,28963.8,171532.0
1691430300000,28962.1,28980.0,28941.4,28974.7,74293.0
1691431200000,28974.1,29180.0,28970.0,29122.7,898712.0
1691432100000,29122.6,29187.0,29121.6,29151.7,329216.0
1691433000000,29151.8,29196.0,29131.0,29148.0,198645.0
1691433900000,29147.9,29148.2,29089.0,29100.6,180476.0
1691434800000,29100.7,29123.2,29089.3,29120.6,61913.0
1691435700000,29120.4,29120.4,29054.6,29061.1,110681.0
1691436600000,29061.1,29111.1,29055.8,29101.7,81697.0
1691437500000,29101.8,29162.9,29099.9,29162.9,84974.0
1691438400000,29162.9,29182.5,29134.9,29139.0,101250.0
1691439300000,29139.0,29160.4,29124.0,29147.1,40889.0
1691440200000,29147.1,29176.6,29142.6,29169.0,44570.0
1691441100000,29169.0,29205.7,29168.9,29200.4,88990.0
1691442000000,29200.1,29214.2,29159.2,29172.7,117751.0
1691442900000,29172.6,29282.0,29125.1,29276.7,311229.0
1691443800000,29276.7,29276.7,29194.1,29199.1,68982.0
1691444700000,29199.1,29210.8,29177.2,29198.6,46675.0
1691445600000,29198.7,29209.9,29170.4,29179.9,92408.0
1691446500000,29179.9,29190.7,29167.0,29172.8,27375.0
1691447400000,29172.7,29201.4,29172.7,29195.0,42326.0
1691448300000,29195.0,29202.0,29176.1,29183.9,43558.0
1691449200000,29183.9,29195.4,29172.2,29172.2,21485.0
1691450100000,29172.3,29181.6,29163.1,29181.6,45069.0
1691451000000,29181.7,29215.0,29172.2,29215.0,37573.0
1691451900000,29214.9,29215.0,29200.0,29211.5,31677.0
1691452800000,29211.2,29226.7,29198.2,29206.3,97961.0
1691453700000,29206.4,29208.0,29190.1,29194.1,47668.0
1691454600000,29194.2,29199.4,29183.6,29190.0,31539.0
1691455500000,29190.0,29265.5,29190.0,29265.4,92413.0
1691456400000,29265.5,29266.0,29179.0,29180.0,111309.0
1691457300000,29179.9,29204.4,29175.2,29179.2,71331.0
1691458200000,29179.3,29180.0,29150.0,29157.1,105483.0
1691459100000,29157.1,29163.9,29140.4,29150.5,55550.0
1691460000000,29150.4,29169.0,29140.0,29165.6,61835.0
1691460900000,29165.7,29188.0,29165.7,29184.5,40330.0
1691461800000,29184.5,29209.6,29184.4,29209.5,39933.0
1691462700000,29209.5,29210.8,29167.7,29177.0,42349.0
1691463600000,29176.9,29192.9,29176.9,29192.8,20810.0
1691464500000,29192.8,29213.6,29192.8,29200.5,50702.0
1691465400000,29200.6,29205.0,29194.3,29199.8,27200.0
1691466300000,29199.7,29210.0,29196.8,29197.2,32145.0
1691467200000,29197.3,29201.1,29185.1,29186.1,29842.0
1691468100000,29186.1,29216.1,29185.1,29214.2,32554.0
1691469000000,29214.2,29239.0,29214.2,29229.0,62919.0
1691469900000,29229.0,29233.9,29216.0,29232.4,38480.0
1691470800000,29232.5,29248.5,29226.2,29248.4,68574.0
1691471700000,29248.4,29280.0,29239.5,29272.6,135685.0
1691472600000,29272.6,29300.0,29236.3,29284.0,173802.0
1691473500000,29284.0,29344.0,29237.7,29240.3,300636.0
1691474400000,29240.4,29263.0,29230.0,29248.2,96080.0
1691475300000,29248.1,29271.9,29248.1,29265.6,60775.0
1691476200000,29265.5,29276.5,29261.1,29272.6,40098.0
1691477100000,29272.6,29274.0,29220.0,29220.0,89368.0
1691478000000,29220.1,29234.0,29218.0,29226.1,73028.0
1691478900000,29226.0,29230.8,29205.7,29205.7,54804.0
1691479800000,29205.8,29209.9,29182.3,29191.3,129813.0
1691480700000,29191.3,29207.8,29185.0,29186.7,51116.0
1691481600000,29186.8,29200.0,29182.0,29190.0,57492.0
1691482500000,29190.1,29208.3,29190.0,29207.7,43392.0
1691483400000,29207.8,29208.8,29186.7,29186.7,37859.0
1691484300000,29186.8,29191.7,29183.4,29183.4,19186.0
1691485200000,29183.4,29186.4,29175.9,29177.6,28574.0
1691486100000,29178.0,29197.1,29177.9,29193.1,31391.0
1691487000000,29193.2,29217.6,29193.2,29210.2,36400.0
1691487900000,29210.2,29220.0,29200.0,29208.1,35053.0
1691488800000,29208.0,29213.0,29203.1,29207.0,17590.0
1691489700000,29206.9,29230.0,29206.0,29229.4,32438.0
1691490600000,29229.4,29268.9,29229.3,29266.5,153749.0
1691491500000,29266.6,29325.0,29266.5,29300.2,257232.0
1691492400000,29300.1,29388.2,29283.0,29283.1,463460.0
1691493300000,29283.2,29348.1,29283.1,29345.8,124785.0
1691494200000,29345.9,29378.0,29321.9,29359.3,148260.0
1691495100000,29359.4,29444.3,29344.5,29438.9,446654.0
1691496000000,29439.0,29475.0,29362.5,29415.9,401161.0
1691496900000,29415.9,29498.0,29397.6,29484.9,320404.0
1691497800000,29485.0,29549.0,29446.4,29532.0,447980.0
1691498700000,29532.0,29599.0,29512.1,29579.2,551360.0
1691499600000,29579.2,29675.0,29530.0,29576.0,947233.0
1691500500000,29576.0,29617.9,29470.0,29493.8,590553.0
1691501400000,29493.8,29514.3,29374.0,29381.2,741729.0
1691502300000,29381.3,29410.0,29352.9,29362.2,237702.0
1691503200000,29362.2,29434.0,29360.2,29383.8,196731.0
1691504100000,29383.7,29464.5,29374.6,29464.4,170294.0
1691505000000,29464.5,29490.0,29430.0,29489.9,140754.0
1691505900000,29489.9,29548.0,29436.3,29436.3,273296.0
1691506800000,29436.3,29480.4,29436.3,29477.4,78057.0
1691507700000,29477.5,29519.0,29460.3,29499.9,113488.0
1691508600000,29500.0,29600.0,29494.0,29574.9,310674.0
1691509500000,29574.9,29594.6,29532.1,29536.0,172161.0
1691510400000,29536.1,29612.7,29534.7,29599.9,192759.0
1691511300000,29599.9,29650.0,29564.0,29615.9,238857.0
1691512200000,29615.9,29790.0,29615.5,29711.2,1092642.0
1691513100000,29711.2,29850.0,29706.0,29749.2,761612.0
1691514000000,29749.3,29783.0,29693.6,29774.7,302564.0
1691514900000,29774.8,29886.8,29718.0,29733.2,556924.0
1691515800000,29733.3,29800.0,29711.4,29799.8,159578.0
1691516700000,29799.8,29830.0,29730.7,29804.6,182309.0
1691517600000,29804.7,29900.0,29768.0,29899.8,243562.0
1691518500000,29898.0,29964.9,29863.1,29877.1,626746.0
1691519400000,29877.2,29916.7,29825.0,29865.5,187790.0
1691520300000,29865.5,29865.5,29759.5,29839.9,307812.0
1691521200000,29840.0,29945.9,29836.5,29924.9,219848.0
1691522100000,29925.0,29944.0,29883.0,29888.1,135296.0
1691523000000,29888.1,29908.0,29825.9,29870.9,129875.0
1691523900000,29870.8,29899.0,29857.6,29874.9,90673.0
1691524800000,29874.9,29909.6,29837.4,29904.8,90757.0
1691525700000,29904.8,29979.7,29904.8,29979.6,188689.0
1691526600000,29979.7,30000.0,29932.0,29975.0,192473.0
1691527500000,29975.0,29992.0,29955.0,29975.7,78427.0
1691528400000,29975.8,30031.4,29972.6,30018.1,186544.0
1691529300000,30018.0,30258.0,29920.0,29934.7,1075220.0
1691530200000,29934.7,29962.0,29803.0,29916.9,339143.0
1691531100000,29916.9,29950.0,29826.0,29860.0,147958.0
1691532000000,29860.0,29888.0,29730.0,29769.1,352158.0
1691532900000,29769.1,29831.3,29757.4,29792.5,126275.0
1691533800000,29792.6,29800.0,29689.0,29757.2,191853.0
1691534700000,29757.2,29793.7,29748.3,29769.1,63959.0
1691535600000,29769.0,29832.3,29769.0,29823.7,93090.0
1691536500000,29823.7,29824.7,29784.5,29820.1,80128.0
1691537400000,29820.2,29824.4,29756.6,29764.9,60804.0
1691538300000,29764.9,29793.5,29764.9,29773.4,37467.0
1691539200000,29773.4,29818.8,29773.3,29817.8,62014.0
1691540100000,29817.7,29824.7,29809.4,29823.3,55231.0
1691541000000,29823.1,29862.1,29789.4,29789.4,142507.0
1691541900000,29789.4,29817.8,29778.0,29778.0,67935.0
1691542800000,29778.1,29810.0,29762.8,29806.3,91256.0
1691543700000,29806.2,29852.0,29802.1,29841.7,73513.0
1691544600000,29841.7,29860.1,29819.5,29857.6,66173.0
1691545500000,29857.6,29880.0,29839.2,29849.1,83272.0
1691546400000,29849.1,29857.9,29806.1,29809.0,85518.0
1691547300000,29808.9,29811.0,29698.1,29712.1,330521.0
1691548200000,29712.1,29746.2,29667.0,29697.6,356188.0
1691549100000,29697.7,29714.3,29656.0,29698.5,146863.0
1691550000000,29698.5,29742.9,29676.6,29734.2,108643.0
1691550900000,29734.2,29755.8,29713.3,29715.9,82349.0
1691551800000,29715.9,29724.3,29695.2,29698.2,68219.0
1691552700000,29698.1,29723.0,29693.2,29721.6,32935.0
1691553600000,29721.6,29756.8,29703.2,29748.8,87257.0
1691554500000,29748.8,29754.6,29739.8,29744.1,32242.0
1691555400000,29744.1,29769.9,29744.0,29767.5,49926.0
1691556300000,29767.5,29773.1,29756.5,29761.9,39266.0
1691557200000,29762.0,29791.9,29748.9,29750.4,61825.0
1691558100000,29750.4,29776.0,29750.1,29776.0,31366.0
1691559000000,29776.8,29777.0,29736.2,29744.9,29606.0
1691559900000,29744.8,29769.9,29736.9,29743.4,25991.0
1691560800000,29743.3,29745.2,29707.0,29714.4,104498.0
1691561700000,29714.4,29714.5,29670.0,29683.0,119853.0
1691562600000,29683.1,29730.0,29678.6,29730.0,80837.0
1691563500000,29729.9,29748.6,29716.4,29730.1,84481.0
1691564400000,29730.1,29780.0,29724.4,29773.4,111365.0
1691565300000,29773.4,29795.4,29761.4,29793.8,85361.0
1691566200000,29793.8,29815.0,29778.3,29804.5,177743.0
1691567100000,29804.5,29823.0,29804.4,29821.8,69718.0
1691568000000,29821.8,29832.0,29796.5,29796.5,95623.0
1691568900000,29796.5,29808.0,29780.0,29792.9,83583.0
1691569800000,29793.0,29820.0,29780.0,29819.8,40968.0
1691570700000,29819.3,29845.3,29818.0,29833.0,70228.0
1691571600000,29833.0,29837.4,29794.0,29794.0,60054.0
1691572500000,29794.0,29809.8,29783.5,29802.0,70096.0
1691573400000,29802.0,29811.1,29792.1,29795.5,22146.0
1691574300000,29795.5,29795.6,29783.6,29784.1,28267.0
1691575200000,29784.2,29796.9,29782.9,29783.0,27014.0
1691576100000,29783.0,29798.7,29776.8,29780.0,42965.0
1691577000000,29780.0,29840.0,29740.1,29808.4,135260.0
1691577900000,29808.3,29855.1,29806.3,29841.2,120718.0
1691578800000,29841.3,29930.1,29838.5,29853.9,304529.0
1691579700000,29854.0,29854.0,29819.1,29822.5,74632.0
1691580600000,29822.4,29838.8,29795.4,29838.1,127602.0
1691581500000,29838.0,29888.8,29837.0,29888.7,88308.0
1691582400000,29888.7,29948.3,29870.8,29892.2,182929.0
1691583300000,29892.1,29892.2,29858.3,29880.0,70851.0
1691584200000,29880.0,29977.0,29879.9,29943.4,331507.0
1691585100000,29943.5,30085.6,29943.5,30066.6,621690.0
1691586000000,30066.6,30138.0,29960.0,29983.5,544082.0
1691586900000,29983.6,30000.4,29944.2,29961.9,169753.0
1691587800000,29961.8,29967.9,29877.8,29925.1,318925.0
1691588700000,29925.4,29929.9,29860.0,29882.4,184679.0
1691589600000,29882.4,29925.0,29798.0,29823.1,292152.0
1691590500000,29823.2,29880.0,29791.1,29875.4,200047.0
1691591400000,29875.5,29950.9,29873.5,29889.9,239387.0
1691592300000,29889.9,29920.0,29752.2,29754.1,419119.0
1691593200000,29754.1,29795.0,29717.1,29726.7,390832.0
1691594100000,29726.7,29767.1,29719.0,29745.1,96031.0
1691595000000,29745.0,29795.0,29670.3,29788.2,322558.0
1691595900000,29788.1,29796.2,29746.7,29760.1,79120.0
1691596800000,29760.2,29776.6,29723.0,29757.1,117589.0
1691597700000,29757.1,29770.6,29708.0,29712.6,73211.0
1691598600000,29712.5,29747.0,29636.0,29670.1,275180.0
1691599500000,29670.1,29670.1,29523.0,29524.4,842444.0
1691600400000,29524.5,29598.0,29478.5,29585.4,626507.0
1691601300000,29585.4,29589.8,29478.4,29485.3,201860.0
1691602200000,29485.2,29537.8,29450.7,29488.2,348768.0
1691603100000,29488.2,29525.9,29450.0,29518.2,185111.0
1691604000000,29518.1,29518.2,29455.6,29478.4,127000.0
1691604900000,29478.4,29572.2,29478.4,29565.1,140321.0
1691605800000,29565.1,29590.0,29529.5,29536.6,112144.0
1691606700000,29536.6,29554.0,29518.6,29524.2,31639.0
1691607600000,29524.3,29554.4,29492.0,29496.9,54055.0
1691608500000,29496.9,29532.7,29495.0,29526.3,43684.0
1691609400000,29526.3,29536.0,29490.0,29490.4,44703.0
1691610300000,29490.4,29490.4,29390.0,29420.1,326861.0
1691611200000,29420.1,29464.7,29380.0,29440.6,200376.0
1691612100000,29440.6,29497.1,29428.2,29486.7,57799.0
1691613000000,29486.2,29505.0,29465.2,29497.8,49973.0
1691613900000,29497.8,29520.0,29485.1,29508.1,47684.0
1691614800000,29508.8,29514.7,29441.7,29447.1,61643.0
1691615700000,29447.0,29543.0,29445.9,29539.9,50955.0
1691616600000,29539.9,29540.4,29510.1,29535.8,44157.0
1691617500000,29535.8,29572.1,29494.6,29531.7,109961.0
1691618400000,29531.8,29565.0,29518.0,29558.7,44889.0
1691619300000,29558.7,29586.1,29557.3,29586.1,88453.0
1691620200000,29586.1,29586.1,29554.4,29563.7,62046.0
1691621100000,29563.6,29607.1,29562.2,29606.1,62691.0
1691622000000,29606.1,29630.0,29583.1,29623.2,93293.0
1691622900000,29623.2,29624.9,29585.2,29624.6,50170.0
1691623800000,29624.5,29627.4,29602.8,29604.1,42332.0
1691624700000,29604.2,29607.4,29566.1,29584.4,40698.0
1691625600000,29584.5,29615.7,29571.3,29589.8,50919.0
1691626500000,29590.0,29635.0,29585.1,29630.9,122735.0
1691627400000,29631.1,29648.1,29601.7,29601.8,77189.0
1691628300000,29601.8,29625.0,29566.2,29625.0,88748.0
1691629200000,29625.0,29636.4,29600.5,29601.4,50532.0
1691630100000,29601.4,29616.0,29578.6,29616.0,59393.0
1691631000000,29616.0,29657.3,29606.9,29657.0,90915.0
1691631900000,29657.0,29663.0,29583.5,29609.9,87581.0
1691632800000,29609.9,29652.6,29600.1,29639.8,66854.0
1691633700000,29639.8,29649.1,29605.6,29620.9,40913.0
1691634600000,29620.8,29629.3,29608.8,29628.2,28944.0
1691635500000,29628.1,29638.6,29583.0,29583.0,59978.0
1691636400000,29583.0,29603.4,29571.4,29600.0,40438.0
1691637300000,29600.0,29619.9,29591.3,29595.6,34546.0
1691638200000,29596.1,29596.4,29568.0,29591.2,41824.0
1691639100000,29591.1,29594.9,29585.0,29586.5,29362.0
1691640000000,29586.5,29589.0,29554.8,29567.7,81474.0
1691640900000,29567.7,29568.3,29546.1,29549.6,42670.0
1691641800000,29549.5,29565.0,29541.0,29564.1,73221.0
1691642700000,29564.0,29572.7,29546.5,29548.0,35806.0
1691643600000,29548.0,29549.4,29513.0,29529.5,89567.0
1691644500000,29529.5,29529.6,29513.0,29527.7,49819.0
1691645400000,29527.7,29543.8,29518.0,29539.1,51517.0
1691646300000,29539.1,29625.0,29539.0,29594.9,135227.0
1691647200000,29594.9,29618.9,29573.1,29573.1,60707.0
1691648100000,29573.1,29581.9,29532.0,29544.0,83880.0
1691649000000,29544.9,29556.5,29534.0,29534.4,32261.0
1691649900000,29534.4,29535.8,29516.6,29518.3,50916.0
1691650800000,29518.4,29553.4,29518.3,29551.9,50248.0
1691651700000,29551.9,29573.0,29550.9,29568.1,39090.0
1691652600000,29568.1,29571.9,29514.7,29515.0,54010.0
1691653500000,29515.0,29521.9,29491.0,29520.1,90401.0
1691654400000,29520.1,29539.6,29510.5,29515.2,59000.0
1691655300000,29515.7,29520.4,29495.5,29520.4,57774.0
1691656200000,29521.8,29529.3,29506.0,29506.0,24005.0
1691657100000,29506.1,29526.2,29506.0,29522.4,26075.0
1691658000000,29522.5,29522.5,29512.9,29513.5,21595.0
1691658900000,29513.5,29513.6,29492.4,29495.7,35777.0
1691659800000,29495.6,29543.0,29473.9,29541.0,87434.0
1691660700000,29541.0,29560.0,29529.5,29536.7,77171.0
1691661600000,29536.7,29554.0,29525.3,29525.3,37739.0
1691662500000,29525.4,29525.4,29510.2,29514.0,24881.0
1691663400000,29514.0,29537.9,29513.9,29529.9,27184.0
1691664300000,29529.9,29559.5,29529.9,29551.0,53739.0
1691665200000,29551.0,29558.5,29538.4,29544.0,40173.0
1691666100000,29544.0,29545.0,29514.4,29521.1,33001.0
1691667000000,29521.2,29521.2,29490.0,29495.1,79191.0
1691667900000,29495.1,29514.7,29486.0,29502.3,62358.0
1691668800000,29502.3,29528.0,29491.7,29527.2,61258.0
1691669700000,29527.3,29573.6,29527.3,29561.0,158590.0
1691670600000,29561.1,29653.4,29486.6,29540.1,676191.0
1691671500000,29540.1,29599.2,29515.4,29562.8,165373.0
1691672400000,29562.8,29569.6,29523.8,29536.6,65084.0
1691673300000,29536.5,29583.5,29526.8,29583.5,67357.0
1691674200000,29583.5,29664.4,29567.8,29598.0,349827.0
1691675100000,29598.0,29693.0,29598.0,29679.4,296707.0
1691676000000,29679.4,29740.8,29615.0,29615.1,434568.0
1691676900000,29615.1,29644.2,29570.2,29602.6,268548.0
1691677800000,29602.7,29628.2,29407.2,29428.9,649065.0
1691678700000,29428.8,29509.6,29390.1,29496.5,343363.0
1691679600000,29496.5,29517.4,29434.7,29466.6,157143.0
1691680500000,29466.5,29494.1,29441.0,29494.0,68363.0
1691681400000,29494.0,29534.3,29480.1,29496.2,101238.0
1691682300000,29496.3,29496.3,29441.1,29468.0,100953.0
1691683200000,29468.0,29474.5,29413.7,29415.3,107617.0
1691684100000,29415.4,29446.0,29379.0,29438.6,190385.0
1691685000000,29438.6,29467.9,29420.0,29467.9,95362.0
1691685900000,29467.9,29483.6,29431.4,29433.5,64067.0
1691686800000,29433.6,29450.0,29420.1,29442.5,51493.0
1691687700000,29442.4,29443.1,29398.1,29404.1,77378.0
1691688600000,29404.1,29463.5,29323.0,29398.9,351322.0
1691689500000,29398.9,29448.1,29394.2,29413.8,68372.0
1691690400000,29413.5,29453.0,29389.3,29448.6,113324.0
1691691300000,29448.7,29474.2,29436.5,29438.6,59007.0
1691692200000,29438.7,29441.0,29413.3,29413.8,29093.0
1691693100000,29413.8,29444.4,29412.4,29436.3,19014.0
1691694000000,29436.3,29437.9,29410.3,29419.9,25981.0
1691694900000,29420.0,29421.0,29403.7,29404.1,33191.0
1691695800000,29404.1,29427.3,29381.1,29427.3,40093.0
1691696700000,29427.2,29455.3,29427.2,29445.1,58278.0
1691697600000,29445.0,29488.1,29445.0,29486.1,57243.0
1691698500000,29486.1,29494.4,29460.8,29468.2,28567.0
1691699400000,29468.3,29468.3,29435.0,29435.1,24614.0
1691700300000,29435.1,29457.0,29422.0,29456.8,38304.0
1691701200000,29456.7,29462.8,29446.0,29451.5,40264.0
1691702100000,29451.4,29455.2,29448.5,29455.0,5680.0
1691703000000,29455.0,29475.6,29454.0,29467.8,15762.0
1691703900000,29467.8,29471.2,29464.1,29468.7,8025.0
1691704800000,29468.6,29468.7,29447.3,29447.3,12581.0
1691705700000,29447.4,29471.7,29447.3,29469.7,18980.0
1691706600000,29469.6,29484.0,29467.4,29475.6,20404.0
1691707500000,29475.6,29475.6,29463.0,29463.1,12392.0
1691708400000,29463.1,29463.1,29455.1,29456.6,10835.0
1691709300000,29456.6,29472.8,29452.6,29465.2,19286.0
1691710200000,29465.2,29465.2,29453.0,29453.2,19162.0
1691711100000,29453.3,29460.8,29453.2,29459.6,14002.0
1691712000000,29459.6,29465.5,29453.6,29465.5,18491.0
1691712900000,29465.4,29493.3,29463.7,29491.1,50131.0
1691713800000,29491.1,29510.4,29481.3,29508.4,34976.0
1691714700000,29508.4,29508.4,29486.8,29487.8,38755.0
1691715600000,29487.8,29487.8,29474.6,29485.9,31515.0
1691716500000,29485.9,29496.6,29472.0,29472.0,35291.0
1691717400000,29471.9,29471.9,29443.2,29449.2,33441.0
1691718300000,29449.2,29468.0,29449.0,29454.2,54809.0
1691719200000,29454.3,29458.0,29425.5,29433.0,58006.0
1691720100000,29433.0,29433.0,29406.7,29426.4,65367.0
1691721000000,29426.4,29426.4,29400.0,29408.1,61251.0
1691721900000,29408.1,29408.2,29354.2,29380.4,136312.0
1691722800000,29380.3,29442.7,29360.1,29419.3,105845.0
1691723700000,29419.6,29425.8,29396.4,29418.1,36423.0
1691724600000,29418.1,29420.9,29400.0,29407.1,29202.0
1691725500000,29407.2,29418.5,29392.6,29416.0,40635.0
1691726400000,29416.1,29429.8,29408.0,29412.9,31661.0
1691727300000,29413.0,29436.8,29412.8,29432.2,52736.0
1691728200000,29432.2,29439.9,29428.9,29429.1,19363.0
1691729100000,29429.1,29432.0,29418.0,29422.7,32083.0
1691730000000,29422.7,29422.7,29378.4,29394.5,136394.0
1691730900000,29394.5,29415.9,29394.4,29414.6,12871.0
1691731800000,29414.7,29454.0,29414.7,29440.3,59182.0
1691732700000,29440.0,29468.3,29430.1,29462.4,91486.0
1691733600000,29462.5,29462.6,29440.6,29454.1,41746.0
1691734500000,29454.0,29455.9,29440.0,29442.2,30763.0
1691735400000,29442.3,29442.3,29421.4,29425.0,67320.0
1691736300000,29425.0,29472.0,29424.9,29462.8,48722.0
1691737200000,29462.6,29487.0,29451.0,29458.6,78581.0
1691738100000,29459.0,29459.2,29431.3,29444.0,59368.0
1691739000000,29443.9,29444.0,29429.2,29433.0,20651.0
1691739900000,29433.0,29433.1,29421.0,29421.0,32379.0
1691740800000,29421.0,29437.8,29400.6,29437.8,97020.0
1691741700000,29437.8,29452.9,29437.7,29440.4,22222.0
1691742600000,29440.4,29440.5,29425.0,29425.0,10832.0
1691743500000,29425.0,29425.0,29410.2,29414.4,28558.0
1691744400000,29414.4,29418.0,29413.4,29416.1,22303.0
1691745300000,29416.0,29416.1,29392.3,29395.7,53831.0
1691746200000,29395.8,29414.5,29393.0,29414.4,42144.0
1691747100000,29414.4,29414.4,29372.8,29385.3,102179.0
1691748000000,29385.3,29406.5,29354.0,29406.5,122699.0
1691748900000,29406.4,29430.0,29394.7,29405.1,55428.0
1691749800000,29405.0,29410.0,29400.6,29400.6,28067.0
1691750700000,29400.6,29400.7,29392.1,29399.1,22939.0
1691751600000,29399.1,29406.0,29397.1,29399.0,18362.0
1691752500000,29399.1,29410.0,29397.2,29410.0,18332.0
1691753400000,29410.0,29428.0,29410.0,29421.7,33918.0
1691754300000,29421.7,29449.9,29420.8,29444.0,102701.0
1691755200000,29444.0,29457.3,29443.1,29446.2,65983.0
1691756100000,29446.2,29446.3,29431.4,29439.8,77621.0
1691757000000,29439.8,29449.0,29402.1,29440.9,71899.0
1691757900000,29440.8,29446.5,29393.4,29425.8,58100.0
1691758800000,29425.8,29460.3,29417.5,29460.3,61242.0
1691759700000,29460.3,29461.1,29440.3,29440.3,38843.0
1691760600000,29440.3,29454.3,29416.0,29440.5,51586.0
1691761500000,29440.5,29476.0,29429.7,29475.9,95177.0
1691762400000,29475.3,29569.0,29460.5,29514.7,521075.0
1691763300000,29514.8,29559.5,29488.8,29512.7,238951.0
1691764200000,29512.4,29532.4,29461.4,29523.8,131903.0
1691765100000,29524.3,29551.3,29480.8,29494.1,132581.0
1691766000000,29494.2,29520.0,29385.2,29409.1,371012.0
1691766900000,29409.0,29418.8,29364.2,29400.5,292835.0
1691767800000,29400.5,29403.4,29367.8,29375.4,97051.0
1691768700000,29375.3,29402.7,29355.0,29398.1,208736.0
1691769600000,29398.1,29422.5,29388.0,29420.5,143879.0
1691770500000,29420.5,29432.5,29390.7,29396.0,54966.0
1691771400000,29396.0,29405.9,29242.4,29303.8,476340.0
1691772300000,29302.9,29378.0,29275.3,29360.2,388142.0
1691773200000,29360.2,29364.3,29325.5,29336.4,107940.0
1691774100000,29336.4,29401.3,29328.5,29401.2,80687.0
1691775000000,29401.3,29405.0,29348.2,29348.4,70603.0
1691775900000,29348.4,29352.0,29330.0,29343.7,43557.0
1691776800000,29343.7,29384.4,29334.8,29358.1,51041.0
1691777700000,29358.1,29376.6,29353.9,29359.7,25345.0
1691778600000,29359.7,29371.4,29350.1,29369.3,23041.0
1691779500000,29369.2,29385.9,29369.2,29381.0,24122.0
1691780400000,29381.0,29384.1,29354.0,29354.1,38043.0
1691781300000,29354.0,29383.4,29354.0,29380.5,14016.0
1691782200000,29380.5,29420.3,29378.5,29417.6,67865.0
1691783100000,29417.6,29418.1,29390.6,29403.9,18370.0
1691784000000,29404.7,29412.9,29401.4,29412.8,22556.0
1691784900000,29412.8,29432.0,29408.4,29408.4,25050.0
1691785800000,29408.4,29417.5,29402.8,29408.8,18155.0
1691786700000,29408.8,29425.6,29406.3,29423.9,25619.0
1691787600000,29423.9,29450.0,29422.0,29442.3,74570.0
1691788500000,29442.0,29442.1,29426.5,29436.9,17728.0
1691789400000,29436.9,29436.9,29409.2,29411.8,22776.0
1691790300000,29411.9,29416.9,29411.7,29416.8,6722.0
1691791200000,29416.9,29422.7,29410.1,29421.7,23428.0
1691792100000,29421.8,29428.0,29421.2,29427.9,11761.0
1691793000000,29428.0,29433.5,29424.9,29428.2,15591.0
1691793900000,29428.2,29446.1,29428.1,29434.6,25105.0
1691794800000,29434.6,29434.7,29409.1,29416.3,18220.0
1691795700000,29416.3,29429.1,29416.2,29429.0,10380.0
1691796600000,29429.1,29437.0,29429.0,29436.9,9110.0
1691797500000,29436.9,29450.0,29432.0,29435.0,37246.0
1691798400000,29435.0,29435.1,29412.7,29413.0,47527.0
1691799300000,29413.1,29439.1,29413.0,29439.0,37347.0
1691800200000,29439.0,29444.7,29429.6,29444.0,35266.0
1691801100000,29444.0,29458.0,29443.9,29456.1,42656.0
1691802000000,29456.1,29462.4,29432.0,29439.0,59503.0
1691802900000,29439.0,29439.8,29425.0,29426.0,29332.0
1691803800000,29426.1,29429.8,29410.3,29415.0,22647.0
1691804700000,29415.0,29415.0,29400.5,29405.2,28743.0
1691805600000,29405.2,29413.9,29400.0,29413.9,27739.0
1691806500000,29413.8,29418.9,29413.8,29417.2,13203.0
1691807400000,29417.1,29417.2,29412.5,29412.6,9477.0
1691808300000,29412.6,29412.6,29387.7,29392.7,40023.0
1691809200000,29392.6,29397.3,29392.6,29397.3,9051.0
1691810100000,29397.2,29397.3,29390.0,29391.1,14054.0
1691811000000,29391.0,29403.1,29375.5,29385.3,58716.0
1691811900000,29385.2,29407.5,29385.2,29402.7,25951.0
1691812800000,29402.8,29420.8,29402.7,29418.6,21611.0
1691813700000,29418.6,29430.7,29418.5,29421.4,25214.0
1691814600000,29421.5,29425.1,29421.4,29422.2,13176.0
1691815500000,29422.2,29422.2,29416.5,29416.5,6865.0
1691816400000,29416.6,29422.2,29416.5,29422.1,8259.0
1691817300000,29422.1,29422.2,29410.5,29410.5,13786.0
1691818200000,29410.6,29410.6,29405.8,29407.3,3096.0
1691819100000,29407.2,29407.3,29401.1,29404.1,12230.0
1691820000000,29404.0,29404.1,29390.6,29399.2,20641.0
1691820900000,29399.2,29400.0,29394.0,29394.4,9753.0
1691821800000,29394.4,29394.5,29385.0,29390.3,12956.0
1691822700000,29390.4,29421.3,29390.3,29421.3,30425.0
1691823600000,29421.3,29422.3,29414.2,29419.7,21955.0
1691824500000,29419.8,29419.8,29407.2,29408.0,11808.0
1691825400000,29408.1,29419.2,29402.0,29419.1,12204.0
1691826300000,29419.1,29427.9,29416.0,29422.0,22217.0
1691827200000,29422.0,29428.2,29420.4,29421.4,14423.0
1691828100000,29421.4,29422.0,29410.9,29410.9,14747.0
1691829000000,29411.0,29411.0,29394.9,29400.1,30355.0
1691829900000,29400.1,29400.2,29391.1,29396.1,21488.0
1691830800000,29396.2,29412.5,29395.6,29410.9,23904.0
1691831700000,29410.9,29424.3,29410.8,29419.1,14961.0
1691832600000,29419.0,29422.0,29414.9,29419.1,20038.0
1691833500000,29419.2,29420.6,29412.9,29418.4,17026.0
1691834400000,29418.4,29424.6,29414.0,29424.5,11144.0
1691835300000,29424.5,29431.9,29423.1,29426.4,31493.0
1691836200000,29426.4,29426.4,29422.8,29422.9,4676.0
1691837100000,29422.9,29434.8,29422.8,29432.1,13933.0
1691838000000,29432.1,29433.0,29428.5,29428.6,7778.0
1691838900000,29428.5,29428.6,29412.4,29412.5,18628.0
1691839800000,29412.5,29416.4,29411.0,29416.4,12241.0
1691840700000,29416.4,29428.5,29416.3,29424.4,11244.0
1691841600000,29424.4,29428.3,29424.3,29427.2,10601.0
1691842500000,29427.1,29427.2,29423.7,29423.8,9115.0
1691843400000,29423.8,29423.8,29417.0,29417.1,6285.0
1691844300000,29417.0,29432.0,29414.0,29425.8,21886.0
1691845200000,29425.9,29425.9,29420.8,29424.0,7453.0
1691846100000,29423.9,29425.6,29423.9,29424.0,14959.0
1691847000000,29424.0,29425.0,29420.3,29420.3,7320.0
1691847900000,29420.3,29420.4,29405.1,29409.3,16177.0
1691848800000,29409.3,29414.0,29409.3,29413.9,6143.0
1691849700000,29414.0,29450.0,29413.9,29443.9,163835.0
1691850600000,29444.0,29455.3,29442.1,29445.9,71241.0
1691851500000,29445.9,29463.0,29438.3,29454.7,93202.0
1691852400000,29454.8,29461.4,29443.3,29446.2,47414.0
1691853300000,29446.2,29455.1,29446.2,29452.9,28893.0
1691854200000,29453.0,29461.2,29450.8,29450.8,35430.0
1691855100000,29450.9,29453.7,29437.7,29442.7,39011.0
1691856000000,29442.7,29468.4,29442.6,29466.8,81957.0
1691856900000,29466.9,29486.0,29466.8,29485.1,59421.0
1691857800000,29485.1,29489.0,29473.6,29476.8,52120.0
1691858700000,29476.8,29476.9,29463.1,29463.2,28498.0
1691859600000,29463.2,29468.1,29458.6,29461.1,31344.0
1691860500000,29461.1,29461.1,29457.6,29460.0,13855.0
1691861400000,29460.0,29460.0,29448.1,29449.7,13445.0
1691862300000,29449.7,29449.8,29433.6,29433.6,25930.0
1691863200000,29433.7,29433.7,29417.8,29418.0,48955.0
1691864100000,29418.0,29435.7,29418.0,29435.7,27589.0
1691865000000,29435.7,29442.0,29435.6,29438.8,23872.0
1691865900000,29438.8,29438.9,29430.0,29430.1,16610.0
1691866800000,29430.0,29430.1,29418.6,29419.3,19759.0
1691867700000,29419.3,29419.3,29410.0,29418.8,11313.0
1691868600000,29418.7,29420.6,29418.7,29420.4,5457.0
1691869500000,29420.4,29421.2,29413.9,29420.5,17701.0
1691870400000,29420.4,29434.1,29418.7,29432.3,23283.0
1691871300000,29432.2,29432.3,29431.2,29431.3,2766.0
1691872200000,29431.2,29431.3,29425.2,29425.7,5702.0
1691873100000,29425.6,29425.7,29423.1,29423.1,4085.0
1691874000000,29422.9,29422.9,29410.4,29417.1,28495.0
1691874900000,29417.1,29422.4,29417.1,29422.4,3338.0
1691875800000,29422.3,29422.4,29417.9,29417.9,4824.0
1691876700000,29417.9,29420.1,29397.5,29420.1,51466.0
1691877600000,29420.1,29430.0,29420.0,29429.6,15306.0
1691878500000,29429.6,29436.1,29429.5,29429.8,17170.0
1691879400000,29429.8,29429.8,29423.0,29428.0,5415.0
1691880300000,29428.0,29428.0,29427.9,29428.0,4330.0
1691881200000,29427.9,29435.7,29427.5,29433.4,7928.0
1691882100000,29433.3,29433.4,29430.1,29431.7,4692.0
1691883000000,29431.7,29431.7,29431.6,29431.6,3853.0
1691883900000,29431.6,29433.0,29429.8,29431.9,5532.0
1691884800000,29431.9,29434.3,29426.8,29431.1,11361.0
1691885700000,29431.0,29438.2,29431.0,29435.2,21018.0
1691886600000,29435.2,29450.2,29435.1,29448.2,47730.0
1691887500000,29448.2,29465.8,29448.2,29462.7,39942.0
1691888400000,29462.7,29465.2,29459.4,29459.5,32935.0
1691889300000,29459.5,29459.5,29443.3,29443.3,25379.0
1691890200000,29443.4,29452.4,29442.9,29449.6,12069.0
1691891100000,29449.6,29458.0,29449.6,29458.0,11593.0
1691892000000,29458.0,29461.5,29457.9,29461.4,9073.0
1691892900000,29461.5,29461.5,29461.2,29461.2,7394.0
1691893800000,29461.2,29461.3,29456.5,29456.7,9295.0
1691894700000,29456.7,29456.8,29448.8,29448.8,7180.0
1691895600000,29448.8,29448.9,29408.0,29412.2,68533.0
1691896500000,29412.2,29423.2,29402.0,29418.2,53749.0
1691897400000,29418.2,29419.2,29418.0,29418.0,19836.0
1691898300000,29418.1,29423.6,29415.3,29419.8,22350.0
1691899200000,29419.8,29419.9,29406.0,29406.0,36854.0
1691900100000,29406.0,29406.1,29385.0,29400.1,122384.0
1691901000000,29400.1,29407.0,29395.1,29404.7,27401.0
1691901900000,29404.7,29411.3,29392.1,29394.9,41070.0
1691902800000,29394.9,29395.0,29383.9,29388.4,56704.0
1691903700000,29388.3,29389.8,29362.3,29389.0,82791.0
1691904600000,29388.9,29389.9,29380.0,29387.8,36518.0
1691905500000,29387.7,29391.5,29385.0,29391.5,24707.0
1691906400000,29391.5,29406.9,29386.0,29406.4,52280.0
1691907300000,29406.4,29406.5,29395.0,29399.2,26938.0
1691908200000,29399.2,29402.3,29396.7,29398.6,14987.0
1691909100000,29398.5,29408.7,29398.5,29408.7,9428.0
1691910000000,29408.7,29413.8,29408.6,29408.9,19832.0
1691910900000,29408.8,29410.8,29403.7,29405.6,13017.0
1691911800000,29405.5,29405.6,29403.7,29403.7,7261.0
1691912700000,29403.8,29404.1,29403.7,29403.9,5972.0
1691913600000,29403.8,29403.9,29400.9,29403.8,12388.0
1691914500000,29403.7,29405.5,29399.4,29402.2,17222.0
1691915400000,29402.3,29404.1,29400.4,29404.1,12667.0
1691916300000,29404.2,29417.1,29404.2,29417.1,17574.0
1691917200000,29417.4,29420.0,29409.0,29414.4,20729.0
1691918100000,29414.4,29414.4,29412.0,29412.0,4692.0
1691919000000,29412.0,29414.0,29408.1,29408.2,19399.0
1691919900000,29408.2,29413.5,29404.0,29411.5,31119.0
1691920800000,29411.5,29413.0,29405.1,29409.0,13325.0
1691921700000,29409.1,29412.0,29408.0,29408.1,7045.0
1691922600000,29408.0,29411.6,29408.0,29410.6,3909.0
1691923500000,29410.5,29410.6,29405.0,29405.0,7791.0
1691924400000,29405.0,29405.1,29397.7,29397.9,12063.0
1691925300000,29397.9,29397.9,29390.6,29396.8,17920.0
1691926200000,29396.7,29396.8,29369.5,29373.4,82311.0
1691927100000,29373.5,29384.1,29373.4,29384.1,26588.0
1691928000000,29384.0,29393.6,29384.0,29384.1,26019.0
1691928900000,29384.0,29388.0,29369.3,29388.0,29509.0
1691929800000,29387.9,29400.0,29387.9,29397.2,23221.0
1691930700000,29397.1,29397.2,29391.2,29396.4,18418.0
1691931600000,29396.3,29396.4,29383.6,29383.8,32915.0
1691932500000,29383.8,29384.1,29370.6,29370.7,16743.0
1691933400000,29370.7,29375.5,29370.0,29375.4,26002.0
1691934300000,29375.4,29378.5,29371.0,29375.4,23090.0
1691935200000,29375.3,29375.4,29370.1,29373.9,14148.0
1691936100000,29373.9,29380.7,29373.9,29380.7,12522.0
1691937000000,29380.6,29389.9,29380.6,29389.7,15109.0
1691937900000,29389.7,29389.7,29369.0,29370.9,27704.0
1691938800000,29370.9,29384.3,29370.8,29378.0,15766.0
1691939700000,29378.0,29378.0,29365.0,29366.5,28238.0
1691940600000,29366.4,29378.0,29366.4,29378.0,26353.0
1691941500000,29377.9,29378.0,29372.7,29377.5,11421.0
1691942400000,29377.4,29377.5,29336.0,29336.0,181218.0
1691943300000,29336.1,29359.5,29330.2,29356.4,57121.0
1691944200000,29356.4,29364.9,29350.0,29354.0,49444.0
1691945100000,29354.0,29359.4,29353.1,29359.4,10689.0
1691946000000,29359.3,29397.1,29359.3,29373.8,111112.0
1691946900000,29373.9,29433.0,29373.8,29409.5,181614.0
1691947800000,29409.5,29412.2,29402.9,29406.3,24827.0
1691948700000,29406.3,29407.6,29397.0,29399.9,12886.0
1691949600000,29400.0,29418.3,29399.9,29417.0,24870.0
1691950500000,29417.0,29418.2,29404.0,29409.7,15796.0
1691951400000,29409.7,29429.0,29409.6,29420.3,27144.0
1691952300000,29420.4,29436.0,29420.3,29428.5,51448.0
1691953200000,29428.6,29445.9,29428.6,29441.3,76349.0
1691954100000,29441.4,29452.0,29440.0,29447.8,36837.0
1691955000000,29447.8,29460.0,29445.4,29459.6,33689.0
1691955900000,29459.7,29480.0,29440.0,29442.1,119646.0
1691956800000,29442.1,29452.0,29420.1,29421.4,68650.0
1691957700000,29421.4,29429.9,29421.4,29428.0,25902.0
1691958600000,29428.0,29441.1,29422.4,29423.2,36239.0
1691959500000,29423.2,29425.3,29421.3,29424.6,12643.0
1691960400000,29424.5,29432.1,29422.1,29423.0,21152.0
1691961300000,29423.0,29423.1,29415.0,29415.0,8849.0
1691962200000,29415.0,29415.1,29370.3,29384.2,77779.0
1691963100000,29384.2,29384.3,29373.6,29378.4,22229.0
1691964000000,29378.4,29386.3,29350.0,29354.1,93116.0
1691964900000,29354.1,29368.1,29300.0,29367.0,245867.0
1691965800000,29366.4,29371.0,29275.0,29325.6,173229.0
1691966700000,29325.6,29345.4,29308.7,29322.5,61442.0
1691967600000,29322.6,29341.0,29296.7,29299.8,129394.0
1691968500000,29299.8,29338.1,29299.7,29338.1,55657.0
1691969400000,29338.1,29338.1,29315.2,29315.2,18412.0
1691970300000,29315.3,29315.3,29305.5,29308.0,25163.0
1691971200000,29308.0,29325.8,29287.5,29325.8,89153.0
1691972100000,29325.8,29326.4,29282.8,29325.9,58208.0
1691973000000,29326.0,29326.0,29255.4,29257.2,209311.0
1691973900000,29257.2,29297.4,29246.9,29268.3,151853.0
1691974800000,29268.4,29298.9,29252.3,29293.0,80245.0
1691975700000,29293.0,29302.6,29255.1,29260.5,73057.0
1691976600000,29260.5,29281.8,29225.4,29271.1,137790.0
1691977500000,29271.0,29276.6,29200.0,29266.6,225712.0
1691978400000,29266.6,29291.4,29158.0,29161.2,457969.0
1691979300000,29161.3,29212.4,29093.1,29212.4,492953.0
1691980200000,29212.3,29350.0,29194.4,29349.9,482435.0
1691981100000,29349.8,29362.0,29292.4,29313.9,267214.0
1691982000000,29313.9,29374.3,29312.1,29367.9,238824.0
1691982900000,29367.8,29394.9,29358.8,29392.8,155137.0
1691983800000,29392.7,29424.5,29358.0,29377.0,189159.0
1691984700000,29376.9,29398.7,29358.0,29398.7,56905.0
1691985600000,29398.8,29426.4,29390.1,29406.9,128913.0
1691986500000,29407.0,29436.0,29406.9,29419.4,88451.0
1691987400000,29419.4,29449.0,29408.4,29424.1,79921.0
1691988300000,29424.1,29443.0,29405.6,29412.9,68597.0
1691989200000,29412.9,29438.5,29408.1,29433.0,34944.0
1691990100000,29433.0,29443.1,29431.3,29437.0,49931.0
1691991000000,29437.1,29443.0,29418.8,29432.9,30208.0
1691991900000,29433.0,29457.7,29432.9,29445.9,76959.0
1691992800000,29446.0,29474.4,29406.0,29416.9,120025.0
1691993700000,29417.0,29425.9,29415.0,29415.0,24585.0
1691994600000,29415.0,29429.2,29415.0,29429.1,41245.0
1691995500000,29429.2,29429.2,29416.7,29420.8,22662.0
1691996400000,29420.8,29420.9,29393.9,29402.3,44391.0
1691997300000,29402.3,29402.6,29389.7,29401.8,57967.0
1691998200000,29401.9,29436.7,29401.9,29426.4,59373.0
1691999100000,29426.4,29430.7,29400.2,29421.4,64098.0
1692000000000,29421.1,29478.0,29421.1,29454.5,124359.0
1692000900000,29454.9,29474.4,29445.0,29456.5,57358.0
1692001800000,29456.6,29500.0,29445.0,29445.1,210688.0
1692002700000,29445.1,29445.1,29426.0,29426.1,41879.0
1692003600000,29426.2,29437.3,29409.0,29433.8,48852.0
1692004500000,29433.8,29437.3,29414.0,29415.4,23438.0
1692005400000,29415.4,29424.2,29386.0,29390.2,88173.0
1692006300000,29390.2,29417.1,29389.0,29417.0,35734.0
1692007200000,29417.1,29421.6,29407.5,29407.6,14527.0
1692008100000,29407.5,29414.2,29403.8,29413.7,16535.0
1692009000000,29413.6,29428.6,29412.1,29428.6,30971.0
1692009900000,29428.6,29445.0,29423.6,29432.5,59035.0
1692010800000,29432.6,29432.6,29411.8,29412.0,23278.0
1692011700000,29412.0,29412.1,29396.0,29396.1,23418.0
1692012600000,29396.0,29397.3,29382.2,29395.0,112582.0
1692013500000,29395.0,29413.9,29389.8,29413.8,38501.0
1692014400000,29413.8,29413.9,29382.1,29386.6,32902.0
1692015300000,29386.6,29394.2,29363.0,29366.1,92840.0
1692016200000,29366.1,29394.3,29343.8,29365.8,134272.0
1692017100000,29365.8,29400.7,29365.3,29387.1,39244.0
1692018000000,29387.0,29387.1,29349.0,29350.2,64738.0
1692018900000,29350.1,29365.6,29346.2,29350.1,59721.0
1692019800000,29350.1,29375.4,29331.0,29363.6,110792.0
1692020700000,29363.6,29409.6,29363.6,29392.6,112708.0
1692021600000,29392.5,29439.6,29389.2,29437.5,144167.0
1692022500000,29437.5,29466.1,29413.6,29449.9,204433.0
1692023400000,29450.0,29600.0,29449.9,29570.0,813600.0
1692024300000,29570.0,29586.8,29526.0,29534.0,398798.0
1692025200000,29534.1,29551.6,29470.9,29519.2,239854.0
1692026100000,29518.3,29650.0,29516.0,29645.4,396016.0
1692027000000,29645.4,29676.7,29595.0,29654.6,450580.0
1692027900000,29654.4,29679.9,29598.6,29607.7,247673.0
1692028800000,29607.7,29657.8,29607.7,29642.0,177869.0
1692029700000,29642.0,29665.2,29622.1,29655.9,114179.0
1692030600000,29656.0,29685.5,29639.6,29673.4,130943.0
1692031500000,29673.3,29697.5,29637.6,29653.5,146320.0
1692032400000,29653.6,29673.8,29620.3,29638.0,125368.0
1692033300000,29637.6,29637.7,29555.0,29556.4,243673.0
1692034200000,29556.5,29578.7,29508.9,29516.0,262455.0
1692035100000,29516.0,29537.7,29478.4,29487.2,198146.0
1692036000000,29487.1,29496.5,29250.0,29326.2,1384751.0
1692036900000,29326.1,29370.0,29285.6,29366.2,247708.0
1692037800000,29366.2,29392.8,29325.9,29384.3,185009.0
1692038700000,29384.3,29384.3,29304.8,29324.7,188080.0
1692039600000,29324.7,29360.0,29316.8,29345.7,100807.0
1692040500000,29345.7,29377.9,29345.7,29370.4,80280.0
1692041400000,29370.4,29399.8,29337.9,29367.8,86129.0
1692042300000,29367.8,29382.4,29345.0,29359.0,47677.0
1692043200000,29359.1,29371.8,29335.5,29371.7,43022.0
1692044100000,29371.7,29405.9,29364.6,29405.6,57162.0
1692045000000,29405.5,29405.6,29388.9,29388.9,21487.0
1692045900000,29388.9,29403.9,29388.9,29401.2,25337.0
1692046800000,29401.1,29401.1,29380.0,29387.0,77016.0
1692047700000,29387.0,29388.6,29386.9,29387.5,15116.0
1692048600000,29387.5,29412.6,29387.5,29410.8,39747.0
1692049500000,29410.8,29416.5,29406.7,29409.1,28842.0
1692050400000,29409.1,29430.0,29400.0,29424.9,67282.0
1692051300000,29424.9,29476.2,29424.2,29463.8,122579.0
1692052200000,29463.8,29469.9,29444.2,29455.5,49361.0
1692053100000,29455.5,29459.6,29428.3,29436.8,60763.0
1692054000000,29436.7,29436.8,29420.1,29425.2,49425.0
1692054900000,29425.2,29431.8,29421.9,29431.8,30187.0
1692055800000,29431.8,29447.3,29428.1,29440.9,28336.0
1692056700000,29441.0,29443.9,29430.3,29431.9,19137.0
1692057600000,29431.9,29447.2,29419.3,29441.4,47022.0
1692058500000,29441.4,29455.9,29436.3,29439.5,42916.0
1692059400000,29439.5,29439.6,29418.1,29418.4,30463.0
1692060300000,29418.3,29436.0,29405.0,29436.0,65804.0
1692061200000,29436.0,29454.7,29432.6,29454.6,41020.0
1692062100000,29454.6,29454.7,29415.6,29419.4,44102.0
1692063000000,29419.4,29419.4,29382.6,29398.0,65608.0
1692063900000,29397.9,29428.7,29397.9,29414.6,28315.0
1692064800000,29414.7,29414.7,29390.0,29390.0,29144.0
1692065700000,29390.0,29406.5,29390.0,29405.1,35999.0
1692066600000,29404.7,29430.3,29402.0,29424.4,38522.0
1692067500000,29424.4,29424.4,29380.0,29390.9,57320.0
1692068400000,29390.8,29404.9,29385.0,29400.1,24394.0
1692069300000,29400.1,29400.1,29392.2,29392.3,14989.0
1692070200000,29392.2,29392.3,29373.1,29377.0,45878.0
1692071100000,29377.0,29404.0,29376.9,29403.3,22640.0
1692072000000,29403.2,29412.6,29396.0,29404.7,38473.0
1692072900000,29404.9,29404.9,29388.0,29390.1,19348.0
1692073800000,29390.0,29390.1,29380.1,29383.3,14003.0
1692074700000,29383.3,29403.4,29380.0,29383.6,37007.0
1692075600000,29383.6,29385.6,29370.6,29374.3,27732.0
1692076500000,29374.3,29400.0,29374.3,29397.1,21246.0
1692077400000,29397.0,29397.1,29378.4,29378.4,11393.0
1692078300000,29378.5,29378.5,29363.5,29377.8,45282.0
1692079200000,29377.8,29391.4,29365.8,29383.7,36769.0
1692080100000,29383.7,29383.7,29369.1,29369.1,18389.0
1692081000000,29369.1,29370.5,29363.1,29370.5,24925.0
1692081900000,29370.5,29383.3,29370.0,29378.2,20668.0
1692082800000,29378.1,29378.2,29368.0,29368.1,26819.0
1692083700000,29368.1,29377.2,29360.0,29360.0,25955.0
1692084600000,29360.0,29406.8,29353.4,29406.8,84623.0
1692085500000,29406.8,29436.5,29406.7,29411.0,95621.0
1692086400000,29411.0,29413.9,29400.8,29406.9,39650.0
1692087300000,29406.9,29433.8,29406.9,29426.8,34251.0
1692088200000,29426.8,29459.4,29419.2,29454.0,137900.0
1692089100000,29454.1,29454.1,29424.6,29428.1,43394.0
1692090000000,29428.2,29443.0,29411.8,29440.0,54298.0
1692090900000,29440.0,29453.8,29435.3,29449.1,43079.0
1692091800000,29449.1,29449.1,29421.5,29421.6,39854.0
1692092700000,29421.6,29432.7,29408.0,29422.6,54444.0
1692093600000,29422.6,29425.5,29395.6,29414.2,35245.0
1692094500000,29414.3,29414.3,29397.6,29410.6,25988.0
1692095400000,29410.6,29423.4,29409.2,29415.5,13940.0
1692096300000,29415.6,29423.8,29402.6,29403.9,15354.0
1692097200000,29403.8,29408.6,29397.1,29406.7,25206.0
1692098100000,29406.6,29406.7,29398.0,29398.5,15246.0
1692099000000,29398.4,29403.9,29360.0,29396.1,146734.0
1692099900000,29396.0,29397.8,29370.0,29372.6,47220.0
1692100800000,29372.5,29385.5,29368.7,29385.5,56498.0
1692101700000,29385.4,29392.0,29361.2,29362.0,33695.0
1692102600000,29362.0,29384.8,29360.4,29384.7,52389.0
1692103500000,29384.7,29406.6,29370.0,29370.1,37648.0
1692104400000,29370.0,29399.9,29366.6,29397.9,35896.0
1692105300000,29397.9,29414.7,29396.4,29410.1,32596.0
1692106200000,29410.1,29419.0,29399.4,29403.6,46496.0
1692107100000,29403.6,29403.6,29373.6,29373.6,31131.0
1692108000000,29373.6,29440.0,29340.0,29416.5,185698.0
1692108900000,29416.6,29433.0,29400.6,29425.5,51434.0
1692109800000,29425.6,29471.3,29416.0,29423.5,179975.0
1692110700000,29423.5,29463.7,29409.3,29458.5,80521.0
1692111600000,29458.5,29508.4,29420.3,29429.0,335827.0
1692112500000,29429.1,29431.7,29359.1,29387.9,261097.0
1692113400000,29387.9,29405.0,29321.2,29341.2,167004.0
1692114300000,29341.2,29366.0,29315.0,29334.0,143146.0
1692115200000,29334.0,29358.8,29320.8,29346.5,122276.0
1692116100000,29346.5,29375.7,29333.7,29357.9,75071.0
1692117000000,29357.8,29357.9,29300.0,29320.3,126464.0
1692117900000,29320.2,29320.3,29263.4,29289.4,255524.0
1692118800000,29289.4,29331.2,29282.0,29308.3,112028.0
1692119700000,29308.4,29332.0,29308.4,29326.8,36673.0
1692120600000,29326.8,29338.0,29313.5,29316.7,27863.0
1692121500000,29316.7,29342.9,29316.7,29342.4,17732.0
1692122400000,29342.4,29345.1,29307.9,29325.3,62475.0
1692123300000,29325.3,29342.3,29321.6,29338.7,35032.0
1692124200000,29338.7,29364.5,29338.7,29340.7,72736.0
1692125100000,29340.7,29354.3,29328.0,29330.0,16087.0
1692126000000,29330.1,29331.9,29080.0,29166.6,1221829.0
1692126900000,29166.6,29209.9,29147.7,29177.2,273296.0
1692127800000,29177.1,29199.2,29140.0,29185.4,143077.0
1692128700000,29185.3,29224.8,29173.3,29186.5,79347.0
1692129600000,29186.4,29213.9,29141.1,29209.6,110231.0
1692130500000,29209.6,29234.9,29198.0,29229.9,95745.0
1692131400000,29230.0,29230.0,29205.3,29214.3,45038.0
1692132300000,29214.3,29227.7,29188.0,29206.8,53926.0
1692133200000,29206.8,29214.0,29185.0,29212.1,41427.0
1692134100000,29212.1,29247.7,29205.0,29245.8,44612.0
1692135000000,29245.8,29250.0,29231.7,29242.9,49835.0
1692135900000,29243.0,29257.6,29230.7,29231.9,41556.0
1692136800000,29231.9,29233.5,29207.8,29233.4,52629.0
1692137700000,29233.4,29244.4,29224.7,29229.7,23020.0
1692138600000,29229.7,29233.9,29200.0,29205.0,25858.0
1692139500000,29205.0,29211.4,29185.0,29189.4,46724.0
1692140400000,29189.3,29222.0,29180.1,29220.5,57687.0
1692141300000,29220.6,29220.6,29198.0,29200.1,31763.0
1692142200000,29200.0,29213.3,29185.3,29205.8,34774.0
1692143100000,29205.7,29211.1,29200.0,29205.8,19557.0
1692144000000,29205.8,29235.9,29200.4,29235.9,34785.0
1692144900000,29236.0,29242.0,29216.6,29219.1,35143.0
1692145800000,29219.1,29220.4,29202.0,29206.9,33958.0
1692146700000,29206.9,29264.9,29206.0,29227.6,71912.0
1692147600000,29227.6,29235.1,29213.8,29228.1,30515.0
1692148500000,29228.0,29247.4,29224.9,29225.0,21642.0
1692149400000,29225.0,29234.9,29194.0,29233.1,74071.0
1692150300000,29233.1,29256.1,29233.1,29252.1,68736.0
1692151200000,29252.2,29265.0,29246.5,29260.0,69691.0
1692152100000,29260.1,29267.0,29235.2,29238.5,47843.0
1692153000000,29238.6,29248.0,29231.2,29245.8,25342.0
1692153900000,29245.8,29264.9,29245.7,29260.2,25474.0
1692154800000,29260.1,29264.0,29240.0,29243.8,25564.0
1692155700000,29243.8,29246.0,29225.4,29227.6,24359.0
1692156600000,29227.5,29249.5,29227.5,29249.5,16999.0
1692157500000,29249.5,29249.5,29233.1,29233.1,22214.0
1692158400000,29233.2,29240.7,29233.1,29238.0,21144.0
1692159300000,29238.0,29238.1,29225.6,29225.7,28539.0
1692160200000,29225.7,29228.8,29210.3,29225.1,33532.0
1692161100000,29225.1,29226.6,29207.5,29211.4,26758.0
1692162000000,29211.4,29218.9,29206.0,29218.8,36467.0
1692162900000,29218.8,29218.8,29192.4,29199.3,68725.0
1692163800000,29199.3,29199.4,29158.2,29162.2,165174.0
1692164700000,29162.1,29176.7,29144.0,29154.2,129611.0
1692165600000,29154.2,29162.9,29118.0,29155.4,162780.0
1692166500000,29155.4,29190.0,29154.1,29170.1,95461.0
1692167400000,29170.2,29204.2,29170.2,29190.7,74065.0
1692168300000,29190.8,29204.4,29176.5,29198.1,49174.0
1692169200000,29198.1,29209.8,29192.1,29204.9,42324.0
1692170100000,29205.0,29220.0,29194.6,29194.6,62744.0
1692171000000,29194.6,29220.0,29184.2,29218.1,50928.0
1692171900000,29218.1,29220.0,29202.2,29202.2,35149.0
1692172800000,29202.2,29208.6,29193.2,29193.2,24337.0
1692173700000,29193.3,29193.3,29170.0,29181.9,36690.0
1692174600000,29182.0,29224.0,29181.9,29212.2,40202.0
1692175500000,29212.3,29215.6,29186.2,29186.3,41674.0
1692176400000,29186.1,29186.1,29154.5,29175.6,58987.0
1692177300000,29175.6,29181.6,29138.2,29155.4,96130.0
1692178200000,29155.4,29168.9,29106.4,29167.7,163766.0
1692179100000,29167.7,29180.9,29137.2,29170.1,106530.0
1692180000000,29170.1,29186.0,29167.5,29178.5,62576.0
1692180900000,29178.5,29203.9,29178.4,29184.8,88827.0
1692181800000,29186.0,29210.0,29186.0,29195.4,64552.0
1692182700000,29195.4,29205.0,29188.9,29198.3,21499.0
1692183600000,29198.3,29199.8,29172.0,29172.0,39470.0
1692184500000,29172.0,29188.7,29172.0,29181.2,27432.0
1692185400000,29181.2,29181.3,29152.3,29152.4,48216.0
1692186300000,29152.3,29169.2,29145.4,29165.0,39438.0
1692187200000,29165.0,29166.3,29135.1,29141.0,56817.0
1692188100000,29141.0,29143.0,29089.0,29104.9,258254.0
1692189000000,29105.0,29185.0,29040.4,29168.4,428383.0
1692189900000,29168.4,29214.8,29158.3,29160.2,242094.0
1692190800000,29160.2,29178.0,29136.1,29141.3,82897.0
1692191700000,29141.4,29158.8,29118.3,29127.3,83468.0
1692192600000,29127.4,29139.3,29087.5,29128.5,158004.0
1692193500000,29128.4,29157.0,29070.5,29091.3,135180.0
1692194400000,29091.3,29131.6,29054.7,29110.8,185270.0
1692195300000,29110.7,29142.0,29110.7,29133.9,66766.0
1692196200000,29134.0,29173.3,29132.0,29155.5,77459.0
1692197100000,29155.5,29164.3,29124.0,29164.3,72747.0
1692198000000,29164.3,29178.6,29148.3,29178.6,62898.0
1692198900000,29178.6,29185.0,29142.9,29159.1,92563.0
1692199800000,29161.0,29163.1,29139.2,29141.7,53229.0
1692200700000,29142.0,29149.5,29096.4,29107.2,97047.0
1692201600000,29106.1,29109.9,28961.5,29030.3,846439.0
1692202500000,29030.3,29049.8,28956.0,28977.9,450053.0
1692203400000,28977.9,29039.2,28960.7,29030.0,232680.0
1692204300000,29030.0,29091.9,29030.0,29089.9,284694.0
1692205200000,29089.8,29098.8,29055.5,29086.0,103588.0
1692206100000,29086.1,29165.0,29055.7,29147.9,226330.0
1692207000000,29147.9,29173.0,29128.2,29148.9,209462.0
1692207900000,29149.0,29179.8,29127.1,29174.0,122765.0
1692208800000,29174.1,29196.9,29112.8,29132.1,284787.0
1692209700000,29132.4,29237.9,29132.4,29223.7,294214.0
1692210600000,29223.7,29239.6,29197.0,29219.3,154380.0
1692211500000,29219.5,29227.4,29161.6,29171.6,108016.0
1692212400000,29171.6,29174.6,29126.0,29145.6,104060.0
1692213300000,29145.6,29154.0,29115.0,29154.0,91305.0
1692214200000,29154.0,29171.9,29139.3,29146.0,66054.0
1692215100000,29146.1,29161.8,29115.5,29117.7,55048.0
1692216000000,29117.7,29152.4,29110.0,29144.1,49470.0
1692216900000,29144.1,29144.2,28892.9,28983.9,618587.0
1692217800000,28984.0,29046.0,28825.0,28924.7,907904.0
1692218700000,28927.0,28984.9,28907.3,28981.8,197148.0
1692219600000,28981.8,28981.8,28881.7,28907.9,224786.0
1692220500000,28907.9,28942.0,28872.0,28929.4,150784.0
1692221400000,28929.3,28958.6,28903.1,28910.8,66710.0
1692222300000,28910.8,28944.1,28910.8,28942.4,31599.0
1692223200000,28942.4,28985.0,28941.0,28979.8,101432.0
1692224100000,28979.8,28979.8,28943.2,28970.0,30351.0
1692225000000,28970.1,28970.1,28925.1,28940.1,51098.0
1692225900000,28940.2,28948.6,28913.3,28916.1,48753.0
1692226800000,28916.1,28916.1,28815.0,28880.8,306326.0
1692227700000,28880.8,28905.0,28850.0,28861.9,86042.0
1692228600000,28861.9,28873.4,28739.9,28762.5,511046.0
1692229500000,28762.5,28783.6,28731.0,28737.1,223210.0
1692230400000,28737.2,28790.6,28673.1,28790.5,441739.0
1692231300000,28790.5,28795.0,28700.0,28761.9,167910.0
1692232200000,28761.9,28761.9,28350.0,28442.1,1781008.0
1692233100000,28442.1,28599.7,28320.9,28588.2,1052051.0
1692234000000,28588.2,28624.7,28545.0,28600.0,298166.0
1692234900000,28600.0,28640.0,28559.6,28639.2,151210.0
1692235800000,28639.2,28640.0,28568.0,28585.4,161872.0
1692236700000,28585.4,28638.0,28564.1,28637.9,176705.0
1692237600000,28638.0,28650.0,28595.2,28600.2,92868.0
1692238500000,28600.2,28632.2,28575.0,28630.4,91590.0
1692239400000,28630.4,28634.6,28589.2,28594.0,69899.0
1692240300000,28593.6,28601.9,28578.0,28588.6,57166.0
1692241200000,28588.6,28605.4,28580.0,28596.4,62547.0
1692242100000,28596.4,28640.8,28596.4,28640.7,70679.0
1692243000000,28640.7,28681.9,28629.4,28677.0,148630.0
1692243900000,28677.0,28701.1,28653.0,28655.8,135018.0
1692244800000,28655.8,28668.0,28644.0,28650.0,40116.0
1692245700000,28650.1,28705.0,28634.0,28638.6,184649.0
1692246600000,28638.6,28642.5,28608.3,28612.5,100227.0
1692247500000,28612.4,28650.0,28612.4,28646.8,49211.0
1692248400000,28646.7,28666.0,28632.5,28646.2,54056.0
1692249300000,28646.3,28660.0,28638.1,28651.9,37283.0
1692250200000,28652.0,28656.0,28640.0,28640.1,31396.0
1692251100000,28640.1,28678.0,28640.0,28678.0,45936.0
1692252000000,28677.9,28688.0,28651.6,28652.3,50745.0
1692252900000,28652.4,28691.0,28650.0,28673.1,40006.0
1692253800000,28673.2,28693.0,28656.1,28692.5,43108.0
1692254700000,28692.6,28693.0,28659.3,28684.0,81173.0
1692255600000,28684.1,28684.1,28641.9,28642.0,40864.0
1692256500000,28641.9,28642.3,28618.6,28626.5,85077.0
1692257400000,28626.5,28633.3,28600.0,28614.5,94310.0
1692258300000,28614.4,28630.0,28604.7,28624.9,85367.0
1692259200000,28625.0,28643.5,28615.0,28615.0,81801.0
1692260100000,28615.1,28615.1,28588.0,28588.2,90707.0
1692261000000,28588.1,28619.2,28571.3,28606.7,92830.0
1692261900000,28606.6,28606.7,28560.6,28560.7,198661.0
1692262800000,28560.7,28590.0,28521.7,28564.7,187826.0
1692263700000,28564.7,28610.0,28564.6,28584.9,97165.0
1692264600000,28584.9,28613.2,28582.8,28600.2,44396.0
1692265500000,28600.2,28629.6,28595.1,28599.9,44801.0
1692266400000,28600.0,28609.4,28573.3,28602.1,64946.0
1692267300000,28602.1,28608.3,28602.1,28608.3,53278.0
1692268200000,28608.2,28616.1,28551.3,28558.7,101757.0
1692269100000,28558.6,28568.5,28501.0,28548.9,231001.0
1692270000000,28548.8,28555.9,28502.0,28515.6,142289.0
1692270900000,28515.7,28542.0,28488.6,28512.0,176807.0
1692271800000,28511.9,28558.0,28505.0,28558.0,59842.0
1692272700000,28558.0,28573.0,28546.7,28551.0,48668.0
1692273600000,28550.9,28553.8,28475.0,28485.9,150058.0
1692274500000,28485.9,28546.3,28438.7,28529.1,271908.0
1692275400000,28529.7,28581.9,28511.4,28538.9,197967.0
1692276300000,28539.0,28559.4,28501.8,28501.8,79547.0
1692277200000,28501.8,28517.0,28455.8,28496.9,316499.0
1692278100000,28496.9,28548.5,28495.4,28524.9,162720.0
1692279000000,28525.0,28529.6,28412.4,28433.2,380838.0
1692279900000,28433.2,28453.0,28383.1,28408.4,429746.0
1692280800000,28408.4,28469.7,28367.0,28377.9,460876.0
1692281700000,28377.8,28446.3,28340.1,28394.0,457406.0
1692282600000,28395.5,28422.9,28325.0,28381.4,255092.0
1692283500000,28381.4,28436.0,28352.3,28394.2,251004.0
1692284400000,28394.1,28507.9,28262.3,28463.1,1169927.0
1692285300000,28463.1,28498.8,28403.0,28403.0,229485.0
1692286200000,28403.1,28430.0,27930.0,28043.2,3547061.0
1692287100000,28043.3,28127.8,27860.5,27930.7,1506044.0
1692288000000,27928.1,27976.0,27650.0,27810.2,2141117.0
1692288900000,27810.1,27888.0,27780.2,27886.9,489330.0
1692289800000,27887.0,28087.0,27873.0,28043.1,914063.0
1692290700000,28043.2,28057.1,27888.0,27938.2,514028.0
1692291600000,27938.2,28040.0,27936.2,27980.0,207725.0
1692292500000,27980.1,28034.8,27980.0,28004.9,165881.0
1692293400000,28007.1,28030.0,27965.5,27980.0,125543.0
1692294300000,27980.0,27985.0,27943.2,27976.4,111707.0
1692295200000,27976.4,28020.9,27960.2,27970.0,67297.0
1692296100000,27970.0,28005.3,27948.6,27955.0,60664.0
1692297000000,27954.5,27954.5,27869.4,27897.3,205837.0
1692297900000,27897.4,27916.6,27862.1,27885.9,125274.0
1692298800000,27885.9,27944.9,27855.0,27941.9,104223.0
1692299700000,27941.9,27975.2,27919.1,27957.9,112433.0
1692300600000,27957.9,27975.0,27935.0,27935.0,59320.0
1692301500000,27935.0,27960.0,27900.0,27900.4,50441.0
1692302400000,27900.3,27928.3,27880.4,27880.4,50893.0
1692303300000,27880.4,27884.7,27807.7,27821.9,140851.0
1692304200000,27821.9,27858.8,27720.3,27733.4,388392.0
1692305100000,27733.3,27764.1,27510.1,27676.9,1156685.0
1692306000000,27677.0,27737.3,27570.9,27597.4,285589.0
1692306900000,27596.2,27720.0,27578.9,27670.0,173806.0
1692307800000,27672.9,27810.0,24098.6,24258.0,3701903.0
1692308700000,24258.0,26365.5,24227.3,26184.8,3526803.0
1692309600000,26184.7,26487.0,25902.1,26166.1,1752400.0
1692310500000,26166.0,26479.5,26160.0,26449.2,876538.0
1692311400000,26449.3,26460.0,26266.0,26328.7,644177.0
1692312300000,26328.7,26927.0,26279.1,26784.2,1255275.0
1692313200000,26784.2,26996.2,26662.3,26835.4,804198.0
1692314100000,26835.4,26875.4,26556.8,26631.9,474483.0
1692315000000,26631.9,26721.8,26448.6,26656.4,575315.0
1692315900000,26656.4,26689.8,26580.0,26614.1,251360.0
1692316800000,26614.1,26830.0,26589.1,26780.9,459197.0
1692317700000,26781.0,26803.2,26717.7,26732.0,186671.0
1692318600000,26732.0,26744.0,26659.1,26692.0,178493.0
1692319500000,26692.0,26750.0,26643.2,26735.8,127001.0
1692320400000,26735.0,26760.0,26583.7,26591.9,187864.0
1692321300000,26591.9,26662.8,26581.8,26594.7,122515.0
1692322200000,26594.7,26650.0,26564.4,26649.7,136653.0
1692323100000,26649.6,26652.5,26564.1,26615.1,80794.0
1692324000000,26615.0,26690.5,26598.0,26673.9,81879.0
1692324900000,26674.0,26685.0,26584.4,26600.1,79436.0
1692325800000,26600.1,26611.2,26513.8,26517.0,132627.0
1692326700000,26517.0,26571.8,26464.0,26483.2,216843.0
1692327600000,26483.3,26517.7,26412.0,26413.1,208873.0
1692328500000,26413.1,26467.0,26400.0,26451.9,127663.0
1692329400000,26451.9,26525.3,26403.0,26409.9,169854.0
1692330300000,26409.9,26420.6,26323.1,26403.0,299852.0
1692331200000,26402.9,26440.3,26400.0,26424.0,93047.0
1692332100000,26424.0,26424.1,26136.9,26213.2,572789.0
1692333000000,26213.3,26323.0,26187.0,26303.9,369053.0
1692333900000,26303.9,26303.9,26207.2,26272.9,194060.0
1692334800000,26272.9,26385.8,26264.5,26385.8,349949.0
1692335700000,26385.8,26448.1,26355.2,26442.4,140204.0
1692336600000,26441.4,26539.6,26417.2,26454.1,284900.0
1692337500000,26454.2,26497.7,26426.0,26441.5,77044.0
1692338400000,26441.5,26615.9,26441.5,26607.4,254447.0
1692339300000,26607.4,26607.4,26502.2,26517.5,170685.0
1692340200000,26517.4,26593.2,26503.0,26568.0,116533.0
1692341100000,26568.0,26568.1,26493.1,26506.0,121679.0
