ts,open,high,low,close,volume
1744603200000,84574.5,85118.0,84220.0,84590.0,1089668.14
1744617600000,84590.1,84974.9,84260.0,84929.9,1162930.72
1744632000000,84929.9,85819.7,83695.8,84100.7,4067427.02
1744646400000,84100.7,85210.0,83850.4,84908.4,1575131.21
1744660800000,84908.5,84974.9,84411.4,84579.9,554078.77
1744675200000,84580.0,85430.0,84333.4,85392.3,1185827.79
1744689600000,85392.3,85897.9,85163.0,85743.1,1352235.93
1744704000000,85743.0,86061.6,85332.1,85590.1,1578588.86
1744718400000,85590.1,86478.0,84625.0,84922.7,3455695.31
1744732800000,84922.6,85146.4,83888.0,83974.7,1432325.25
1744747200000,83974.7,84236.2,83588.1,83649.6,913376.17
1744761600000,83649.6,83949.8,83101.4,83690.1,1365831.59
1744776000000,83690.0,83820.0,83217.5,83363.1,1037262.7
1744790400000,83363.2,84134.9,83124.9,84044.4,1516405.81
1744804800000,84044.8,85286.1,83481.5,84854.6,2461237.06
1744819200000,84854.6,85588.0,83266.2,84335.5,3103968.31
1744833600000,84335.5,84683.9,84031.3,84034.1,648112.73
1744848000000,84034.1,84496.0,83790.0,83992.7,901313.65
1744862400000,83992.8,85063.5,83891.4,84681.7,1212212.75
1744876800000,84681.7,84771.6,84183.2,84580.0,805834.62
1744891200000,84580.0,84874.0,83703.0,84541.9,2184367.03
1744905600000,84542.0,85488.0,84404.9,84840.9,2123072.41
1744920000000,84840.7,85141.0,84727.5,84949.9,470972.86
1744934400000,84949.9,85149.1,84728.0,84834.2,498501.72
1744948800000,84834.1,84853.2,84416.0,84670.2,676865.8
1744963200000,84670.1,84778.5,84481.3,84679.0,445806.8
1744977600000,84679.0,84770.0,84314.5,84372.8,750907.6
1744992000000,84372.8,84657.9,84270.2,84579.0,499795.7
1745006400000,84578.9,84710.7,84340.0,84467.8,312056.92
1745020800000,84467.8,84988.7,84370.0,84884.5,596916.07
1745035200000,84884.4,85274.6,84879.7,85223.6,956537.91
1745049600000,85223.5,85456.4,85100.0,85230.9,850645.89
1745064000000,85230.8,85700.0,85066.0,85186.6,830916.39
1745078400000,85186.7,85350.2,84710.0,85106.9,924027.69
1745092800000,85106.9,85390.0,85020.0,85091.6,242929.52
1745107200000,85091.6,85338.1,85049.5,85163.0,312812.63
1745121600000,85163.0,85250.0,84668.7,84780.7,801492.17
1745136000000,84780.7,84799.4,83935.4,84133.1,1209322.08
1745150400000,84133.2,84677.0,84100.0,84352.2,960811.63
1745164800000,84352.1,84670.0,84280.0,84650.0,407894.26
1745179200000,84650.1,85309.3,84618.0,85193.1,1160151.85
1745193600000,85193.1,87679.7,85151.5,87216.8,3677013.52
1745208000000,87216.7,87756.0,87060.0,87452.3,1000657.11
1745222400000,87452.3,87799.9,86650.0,86970.1,1386114.89
1745236800000,86970.1,88474.3,86790.1,88039.2,3692796.86
1745251200000,88039.2,88253.0,86377.0,87400.1,2802191.52
1745265600000,87400.1,87628.0,86813.3,87505.0,773273.37
1745280000000,87505.1,88888.0,87050.0,88162.6,2571092.24
1745294400000,88162.7,88512.3,87964.0,88487.9,1146456.52
1745308800000,88487.8,88699.9,88234.6,88621.1,927259.17
1745323200000,88621.1,91458.7,88478.8,90931.8,6011316.65
1745337600000,90931.8,91720.9,90626.8,91405.6,2134104.54
1745352000000,91405.7,94180.0,91042.2,93461.2,3623810.34
1745366400000,93462.0,93929.7,92608.6,93183.8,1740310.5
1745380800000,93183.8,94350.0,93022.4,94144.9,1733296.74
1745395200000,94144.9,94555.0,93340.0,93484.0,1770384.83
1745409600000,93484.0,94800.0,91945.4,93188.5,4512356.51
1745424000000,93188.4,94235.9,92913.0,93477.7,1672587.33
1745438400000,93477.6,93928.7,93230.7,93683.6,648490.32
1745452800000,93683.6,93778.0,92600.0,92659.3,1139706.28
1745467200000,92659.3,92888.0,92048.8,92185.4,1469977.04
1745481600000,92185.4,92647.9,91640.1,92599.9,1883620.05
1745496000000,92600.0,93433.0,92414.7,93171.0,1857066.8
1745510400000,93171.1,93676.5,92649.1,93538.8,1287091.31
1745524800000,93538.2,93982.6,93000.1,93960.1,998964.79
1745539200000,93960.1,94410.0,92801.0,93275.0,1843111.63
1745553600000,93274.9,93868.1,92970.0,93758.6,1255805.94
1745568000000,93758.6,94625.4,93507.8,94591.3,1278970.42
1745582400000,94591.2,95737.2,93881.5,95020.6,3974600.93
1745596800000,95020.7,95528.1,94333.5,95239.5,1520407.97
1745611200000,95239.5,95295.3,94410.0,94601.9,597098.25
1745625600000,94601.9,95171.4,94514.1,94701.4,678445.93
1745640000000,94701.5,94806.1,94323.8,94516.4,637475.6
1745654400000,94516.3,94700.0,93942.7,94114.2,1018368.49
1745668800000,94114.1,94371.9,93825.0,94330.1,866645.1
1745683200000,94330.1,94349.2,93990.1,94258.4,415674.02
1745697600000,94258.3,94855.5,94035.5,94582.0,645354.53
1745712000000,94582.0,95276.3,94004.3,94119.4,1170600.62
1745726400000,94119.3,94258.6,93611.0,94035.6,788941.37
1745740800000,94035.7,94299.9,93835.1,93881.4,528374.33
1745755200000,93881.4,94137.2,93538.4,93847.5,950147.64
1745769600000,93847.5,94397.9,93685.3,94390.0,596033.27
1745784000000,94390.0,94500.0,93588.9,93708.0,737678.94
1745798400000,93708.0,93941.5,92732.5,93804.9,2091801.01
1745812800000,93804.9,94751.5,93804.9,94642.2,1190389.17
1745827200000,94642.2,95488.0,94284.1,95273.8,3338791.92
1745841600000,95273.8,95577.6,93529.4,93800.0,3215835.12
1745856000000,93799.9,94879.6,93406.0,94743.8,1397988.93
1745870400000,94743.8,95146.0,94253.3,94960.0,857433.98
1745884800000,94959.9,95420.5,94386.9,94617.0,1422278.67
1745899200000,94617.0,94926.2,94161.7,94873.5,1043113.29
1745913600000,94873.4,95247.7,94688.1,95092.0,933803.2
1745928000000,95092.0,95262.3,94439.8,94791.2,1528389.69
1745942400000,94791.3,95442.2,94595.5,95259.3,1651805.91
1745956800000,95259.4,95380.5,93668.5,94196.0,2002825.71
1745971200000,94196.0,95080.0,94061.5,95000.0,1175310.52
1745985600000,95000.0,95146.9,94456.4,94587.3,861602.2
1746000000000,94587.2,95200.0,94480.0,95145.9,1103192.19
1746014400000,95145.8,95186.8,92864.0,93955.0,4113285.95
1746028800000,93955.0,94525.2,93464.0,94122.6,1266575.52
1746043200000,94122.6,94738.0,93873.7,94112.2,1326369.69
1746057600000,94112.3,94966.0,94068.6,94728.0,1218549.95
1746072000000,94728.0,95162.8,94658.8,94960.9,950098.04
1746086400000,94960.9,96364.8,94851.9,96132.1,2621149.71
1746100800000,96132.1,97398.0,95762.5,96806.1,3762593.73
1746115200000,96806.0,97319.3,96364.1,96490.0,1437727.26
1746129600000,96489.9,96858.4,96137.6,96443.3,873521.88
1746144000000,96443.2,97188.0,96426.2,97055.9,1058456.88
1746158400000,97055.9,97250.0,96307.6,96323.0,1183439.72
1746172800000,96323.1,97050.8,96320.1,96873.0,971067.57
1746187200000,96873.0,97861.2,96600.0,97269.9,2565780.5
1746201600000,97269.8,97742.2,96700.1,96859.5,1292074.61
1746216000000,96859.5,97085.0,96509.8,96837.0,501486.79
1746230400000,96836.9,96880.0,96256.0,96280.2,831439.01
1746244800000,96280.2,96550.1,96070.0,96294.7,754947.72
1746259200000,96294.8,96400.0,95811.0,95900.0,891607.26
1746273600000,95900.1,96472.1,95850.0,96359.7,774789.91
1746288000000,96359.8,96374.9,95815.0,96323.4,657295.61
1746302400000,96323.5,96400.0,95666.4,95800.0,666652.1
1746316800000,95800.0,96265.0,95526.4,95688.4,989460.81
1746331200000,95688.4,96105.9,95650.0,95848.6,479860.55
1746345600000,95848.7,95898.6,95233.5,95380.3,905814.88
1746360000000,95380.3,95631.0,95181.5,95415.3,679038.78
1746374400000,95415.2,95598.5,95200.0,95542.1,441393.47
1746388800000,95542.0,95720.0,94102.3,94232.0,1413166.6
1746403200000,94232.1,94750.0,93430.4,94009.9,1924830.04
1746417600000,94009.9,94786.5,93971.1,94705.9,904501.06
1746432000000,94705.8,94740.0,93850.1,93998.1,940560.44
1746446400000,93998.1,94500.0,93560.0,93734.0,1869459.67
1746460800000,93733.9,94865.4,93717.0,94300.0,1218577.79
1746475200000,94299.9,95150.0,93810.2,94694.1,1005419.4
1746489600000,94694.1,94886.0,93981.0,94410.4,970770.0
1746504000000,94410.3,94599.0,94251.3,94344.1,504176.33
1746518400000,94344.1,94353.3,93674.0,93773.0,960339.54
1746532800000,93772.9,94683.5,93338.0,94505.1,2203876.68
1746547200000,94505.7,95106.9,94171.5,94909.2,1049946.31
1746561600000,94909.3,96866.0,94379.4,96782.0,2192113.39
1746576000000,96782.0,97720.0,96171.9,96464.4,2587574.03
1746590400000,96464.4,96958.0,96274.6,96932.0,829576.77
1746604800000,96931.9,97066.0,96777.0,96996.7,686267.91
1746619200000,96996.7,97444.3,96669.0,96896.0,1578180.17
1746633600000,96896.1,96917.6,95737.8,96133.1,2345758.88
1746648000000,96133.1,97349.5,96026.7,96984.0,1119935.01
1746662400000,96983.9,99200.0,96805.0,99102.6,3057325.49
1746676800000,99104.0,99389.0,98698.8,99211.9,1764637.18
1746691200000,99211.8,99875.4,99162.1,99369.1,1639675.8
1746705600000,99369.2,101499.0,99053.7,100730.0,3948631.24
1746720000000,100730.0,101666.0,100528.8,101261.2,1860190.77
1746734400000,101261.2,104318.9,101230.6,103234.1,3051871.26
1746748800000,103234.0,103234.1,102279.4,102418.1,1206147.74
1746763200000,102418.2,104359.8,102346.4,103610.2,1694263.22
1746777600000,103610.2,103919.0,102388.0,102909.0,2351108.71
1746792000000,102909.0,103732.0,102359.0,102848.5,1960515.18
1746806400000,102848.6,103329.9,102241.7,103138.0,1102080.84
1746820800000,103137.9,103363.1,102701.0,102946.2,433796.33
1746835200000,102946.2,103228.3,102777.6,103176.6,575710.67
1746849600000,103176.6,104096.4,102977.5,103730.1,1094196.67
1746864000000,103730.1,104080.5,103332.8,103400.0,1060132.5
1746878400000,103399.9,103801.7,103051.0,103084.2,691942.77
1746892800000,103084.2,103594.2,102967.1,103160.3,770782.69
1746907200000,103160.3,104962.6,103024.3,104787.8,1245732.16
1746921600000,104787.3,104937.5,103383.4,103948.0,1370529.45
1746936000000,103948.0,104349.8,103294.2,103347.2,895825.4
1746950400000,103347.1,104736.9,103340.0,104604.1,1045945.46
1746964800000,104604.1,104855.0,103738.6,104088.1,1427145.76
1746979200000,104088.1,104780.0,103691.9,104375.1,952850.71
1746993600000,104375.2,104543.7,103500.0,104066.0,681226.57
1747008000000,104065.9,105137.1,103677.1,104059.9,1491014.39
1747022400000,104059.9,105834.5,103712.1,104431.5,2418994.85
1747036800000,104431.5,104694.5,103566.0,103714.9,1322718.77
1747051200000,103714.8,104628.1,102309.9,102480.1,3235441.09
1747065600000,102480.1,103043.5,100700.0,101817.1,2728386.07
1747080000000,101816.3,103095.3,101728.2,102740.0,890252.3
1747094400000,102740.1,102749.6,101368.5,101678.7,1364500.11
1747108800000,101678.6,102908.0,101575.0,102624.0,968105.08
1747123200000,102624.0,103792.8,102474.1,103683.4,1267804.04
1747137600000,103683.3,103934.5,102762.1,103654.2,2355013.01
1747152000000,103654.2,104975.2,103503.2,104751.6,1632864.55
1747166400000,104751.5,104905.6,103832.7,104088.1,636553.68
1747180800000,104088.1,104090.1,103411.0,103549.9,831478.86
1747195200000,103549.8,103948.0,103329.6,103657.7,769584.39
1747209600000,103657.8,104135.4,102789.0,103909.7,1570920.33
1747224000000,103909.6,104329.2,102805.5,103476.1,1735185.23
1747238400000,103476.1,103691.9,102555.0,103279.1,1192218.67
1747252800000,103279.1,103627.6,103249.6,103450.2,361845.84
1747267200000,103450.3,103818.0,102678.0,102712.1,924373.51
1747281600000,102712.0,102939.6,101682.6,101746.2,1181348.43
1747296000000,101746.2,102405.5,101464.4,102324.4,1205583.71
1747310400000,102324.3,103255.0,101324.0,103209.3,2544481.27
1747324800000,103209.3,104172.9,102503.9,103110.0,1986096.31
1747339200000,103110.1,103975.4,102660.2,103723.9,1098723.71
1747353600000,103723.8,104438.5,103438.7,103997.2,1188421.79
1747368000000,103997.2,104164.0,103650.3,103672.7,737098.69
1747382400000,103672.6,103867.6,103066.0,103621.4,1060896.0
1747396800000,103621.5,104247.0,103288.0,104131.6,1353198.51
1747411200000,104131.7,104541.6,103530.0,103960.0,1355993.94
1747425600000,103960.0,103977.1,103352.7,103411.5,492000.24
1747440000000,103411.5,103544.4,102559.8,103466.3,1100890.64
1747454400000,103466.3,103665.8,103239.8,103394.5,545977.56
1747468800000,103394.5,103515.2,102707.2,102946.2,905326.46
1747483200000,102946.3,103154.2,102590.9,102888.1,725214.45
1747497600000,102888.1,103322.2,102712.6,103109.0,625806.07
1747512000000,103109.0,103446.9,102852.0,103093.0,366611.99
1747526400000,103093.0,103374.5,103060.0,103245.4,338222.19
1747540800000,103245.4,103949.9,103245.4,103890.0,645916.44
1747555200000,103890.0,104063.2,103757.4,103760.0,575095.67
1747569600000,103760.1,105666.0,103660.0,105480.5,1951711.68
1747584000000,105480.6,105970.0,103804.0,103835.7,2478632.32
1747598400000,103835.7,106654.0,103214.4,106435.0,2550402.57
1747612800000,106435.0,107149.2,103505.5,103565.9,2787455.39
1747627200000,103565.9,103720.0,102025.0,103166.7,2876925.74
1747641600000,103166.7,103387.7,102730.7,102907.3,1030421.36
1747656000000,102907.3,104931.5,102100.0,104750.5,2552161.36
1747670400000,104750.5,105548.0,104456.0,105468.6,2473248.93
1747684800000,105468.3,105800.0,104969.8,105534.5,768589.88
1747699200000,105534.5,106853.0,105484.0,105729.3,2298421.88
1747713600000,105729.3,106384.3,104880.7,104990.2,1413440.37
1747728000000,104990.2,105375.1,104809.3,105160.6,1006850.78
1747742400000,105160.6,105348.1,104137.9,105291.6,1776654.75
1747756800000,105291.6,107233.5,105033.4,106983.8,2501620.3
1747771200000,106983.8,107286.3,105888.0,106788.5,1751726.77
1747785600000,106788.4,107173.7,106127.3,106790.3,1254007.92
1747800000000,106790.4,107998.3,106413.3,106466.1,2516086.33
1747814400000,106466.1,106750.0,106038.5,106493.3,1268830.75
1747828800000,106493.4,109444.0,106271.7,108930.0,4163220.6
1747843200000,108929.9,109839.1,106062.2,108560.0,6278637.25
1747857600000,108560.0,110817.8,107686.6,109609.1,2598230.75
1747872000000,109609.2,111873.3,109143.5,111741.5,2939149.2
1747886400000,111741.5,111760.0,110450.0,111019.7,1766979.63
1747900800000,111019.7,111343.0,110246.0,110961.5,1415862.76
1747915200000,110961.6,111582.0,110500.9,111254.5,2464932.94
1747929600000,111254.9,111987.0,110857.6,111137.8,1638191.44
1747944000000,111138.0,111677.0,110689.9,111645.9,739327.48
1747958400000,111646.0,111746.1,110960.0,111054.0,1022469.62
1747972800000,111054.1,111140.3,110369.1,110702.9,1204640.18
1747987200000,110702.9,111332.1,108823.7,109053.3,2154540.98
1748001600000,109053.3,109950.0,107265.7,108899.9,4917824.44
1748016000000,108899.8,109762.6,107958.5,108658.0,2163483.09
1748030400000,108657.3,108681.8,106729.0,107272.3,1538648.74
1748044800000,107272.3,108330.2,106844.7,108330.1,1217468.36
1748059200000,108330.1,108535.2,107522.0,107551.7,936802.15
1748073600000,107551.7,109450.0,107540.9,109148.9,1368248.57
1748088000000,109149.0,109222.0,108505.0,108889.0,919111.63
1748102400000,108888.9,109184.7,108640.0,108910.7,415404.18
1748116800000,108910.7,109094.2,107429.9,107724.0,1141547.9
1748131200000,107724.0,108209.9,107149.0,108039.3,1353128.43
1748145600000,108039.3,108248.5,107403.2,107634.3,611345.33
1748160000000,107634.3,107650.0,106666.0,107223.0,1643815.29
1748174400000,107223.0,107699.9,106533.3,106935.5,1831544.49
1748188800000,106935.4,107921.7,106601.9,107674.0,774272.95
1748203200000,107674.0,109285.9,107123.2,108962.2,1607435.22
1748217600000,108962.1,109819.5,108639.4,109586.0,1432501.62
1748232000000,109586.0,110189.7,109309.1,110045.0,1123950.72
1748246400000,110044.9,110139.3,109523.5,109749.4,802921.99
1748260800000,109749.4,110380.0,109430.5,109950.5,1752206.98
1748275200000,109950.5,110392.7,108803.5,109085.7,1860583.65
1748289600000,109085.7,109874.3,108902.7,109391.9,761914.52
1748304000000,109391.9,109637.9,107469.3,108851.5,2882300.28
1748318400000,108851.5,109587.4,108452.1,109485.0,1596190.86
1748332800000,109485.0,109836.3,109365.0,109546.3,881408.89
1748347200000,109546.2,110722.0,108610.5,110104.0,3916642.42
1748361600000,110103.9,110475.5,109512.8,109838.1,1208573.34
1748376000000,109838.2,109856.0,108555.6,108895.5,957667.91
1748390400000,108895.6,109250.0,108362.0,108815.6,1059355.17
1748404800000,108815.5,109036.0,108580.0,108763.1,564708.59
1748419200000,108763.1,109086.2,108185.9,108810.0,1105760.74
1748433600000,108810.1,109003.6,106966.0,107067.0,2921994.22
1748448000000,107067.0,107793.4,106858.1,106888.1,1449682.06
1748462400000,106888.1,107988.8,106728.4,107720.7,991063.78
1748476800000,107720.7,108454.8,107378.3,107990.0,1355211.44
1748491200000,107990.0,108056.9,106888.6,107838.8,1044548.3
1748505600000,107838.8,108869.7,107617.8,108745.9,1764450.94
1748520000000,108746.0,108773.6,106410.4,106992.3,3959126.45
1748534400000,106992.3,107146.8,105600.0,105693.0,2948706.7
1748548800000,105692.9,106430.0,105258.0,105548.4,1057194.26
1748563200000,105548.3,106190.8,104542.5,105975.0,2073928.76
1748577600000,105975.1,106277.2,104692.2,105005.0,1607215.22
1748592000000,105005.0,105931.0,104567.0,105832.1,1686265.66
1748606400000,105832.1,105950.0,104985.0,105499.9,1883158.06
1748620800000,105499.9,105536.6,103666.7,104602.2,2539019.04
1748635200000,104602.2,104842.5,103557.0,103959.0,1024272.12
1748649600000,103959.0,104273.3,103022.1,103632.6,1626787.74
1748664000000,103632.7,103877.0,103445.0,103703.3,494165.89
1748678400000,103703.4,103771.3,103231.6,103461.0,477644.15
1748692800000,103461.1,104799.7,103446.1,104503.1,1295032.36
1748707200000,104503.0,104750.0,104226.7,104659.9,480020.18
1748721600000,104660.0,104861.4,104405.4,104550.0,448815.57
1748736000000,104550.0,104608.1,103877.0,104324.1,740705.32
1748750400000,104324.1,104686.6,104136.2,104244.6,476928.42
1748764800000,104244.7,104431.7,103710.0,104028.4,746560.14
1748779200000,104028.4,104750.0,103712.0,104654.9,816610.19
1748793600000,104654.9,105260.0,104288.0,105078.1,1102376.5
1748808000000,105078.1,105823.1,104833.6,105586.0,748566.56
1748822400000,105586.1,105695.9,104522.7,104780.1,841200.3
1748836800000,104780.1,105400.0,104557.0,105347.0,733305.98
1748851200000,105346.9,105880.9,103892.0,104008.5,1689615.12
1748865600000,104007.5,104637.4,103615.0,104384.9,2202069.89
1748880000000,104384.9,104694.0,103977.8,104378.7,677510.64
1748894400000,104375.9,105900.0,104375.9,105814.4,1152632.9
1748908800000,105814.5,106480.0,105295.0,105452.0,1368096.39
1748923200000,105451.9,105490.4,105070.2,105145.9,652610.07
1748937600000,105146.0,105317.6,104823.0,105241.8,659917.25
1748952000000,105241.7,106755.3,104963.3,106562.3,2200272.91
1748966400000,106562.2,106629.0,105521.8,106173.5,1405332.62
1748980800000,106173.5,106198.7,105206.0,105339.5,838135.87
1748995200000,105339.5,105800.0,105075.2,105484.0,718510.6
1749009600000,105483.9,105579.2,105211.0,105264.8,500895.16
1749024000000,105264.8,105950.0,105039.5,105054.2,995872.87
1749038400000,105054.2,105487.2,104113.6,105243.6,2364496.76
1749052800000,105243.6,105426.5,104825.8,104867.6,672354.37
1749067200000,104866.5,105025.9,104358.0,104643.5,559799.75
1749081600000,104643.5,105207.8,104598.0,105000.1,599402.01
1749096000000,105000.0,105183.0,104337.5,104478.7,804396.91
1749110400000,104478.6,104870.0,104381.5,104770.1,589116.88
1749124800000,104770.1,105864.8,103845.4,104480.0,3673099.73
1749139200000,104480.0,104547.6,101500.2,101876.3,3714275.27
1749153600000,101872.2,102138.1,100333.0,101457.8,2944858.34
1749168000000,101457.8,102465.4,101048.8,102440.1,1078572.47
1749182400000,102440.1,103427.9,102318.5,103102.1,1396385.08
1749196800000,103102.2,103948.3,103102.1,103870.3,1193858.02
1749211200000,103870.2,105288.0,103442.2,105037.8,2834330.5
1749225600000,105037.8,105237.4,104011.0,104183.3,1323495.64
1749240000000,104183.3,104583.1,104120.0,104234.8,453709.92
1749254400000,104234.9,104876.5,103825.2,104818.0,795323.12
1749268800000,104818.0,105276.9,104578.0,104820.5,755219.38
1749283200000,104820.5,105215.6,104630.9,105086.5,570307.51
1749297600000,105086.4,105749.6,105079.2,105502.1,980964.7
1749312000000,105502.1,105875.2,105214.7,105680.0,646306.59
1749326400000,105680.0,105875.2,105469.9,105502.9,331338.98
1749340800000,105502.9,105741.9,105348.0,105431.5,383559.84
1749355200000,105431.5,105600.6,105358.6,105388.0,300642.92
1749369600000,105388.0,105677.9,104919.3,105624.8,897027.08
1749384000000,105624.9,106111.0,105450.0,105929.9,1043909.52
1749398400000,105930.0,106321.0,105891.3,106247.2,630545.69
1749412800000,106247.2,106450.0,105518.0,105680.0,658271.67
1749427200000,105680.0,105932.7,105238.0,105608.8,763679.11
1749441600000,105608.8,105666.7,105271.6,105513.1,451167.77
1749456000000,105513.1,107770.1,105425.9,107700.0,2657761.34
1749470400000,107700.0,107999.0,106784.7,107580.1,2295283.19
1749484800000,107580.0,108765.2,107580.0,108517.3,1487114.38
1749499200000,108517.3,110649.5,108391.6,110220.0,2200839.37
1749513600000,110220.0,110265.0,109325.0,109526.0,1053298.19
1749528000000,109526.0,109688.0,109052.1,109173.9,830847.51
1749542400000,109173.9,109816.0,109002.4,109500.0,1020606.24
1749556800000,109499.9,109879.4,108274.1,108974.8,1993439.5
1749571200000,108974.8,110364.1,108468.3,109470.0,1189415.78
1749585600000,109470.0,110265.2,109180.2,110237.4,809918.26
1749600000000,110237.4,110250.0,109503.2,109670.2,582156.6
1749614400000,109670.2,109698.9,109313.7,109397.6,450937.44
1749628800000,109397.5,109620.0,109138.0,109196.7,527499.75
1749643200000,109196.7,110360.0,108955.4,109692.0,2197860.69
1749657600000,109691.9,109776.9,108350.1,108694.4,1426777.47
1749672000000,108694.4,109193.8,107964.8,108596.4,1088701.64
1749686400000,108596.4,108777.0,107659.0,107826.7,1024367.22
1749700800000,107826.7,107943.2,107297.6,107577.6,878544.37
1749715200000,107577.6,107796.4,106823.0,106868.2,1023356.61
1749729600000,106868.2,107755.4,106533.0,106960.0,2119307.2
1749744000000,106960.0,108395.0,106628.0,106753.5,1937096.69
1749758400000,106753.5,106920.0,105600.1,105611.0,1776277.01
1749772800000,105611.1,105650.0,102652.4,104234.3,4719781.88
1749787200000,104234.3,104900.0,103734.0,104825.1,1463399.78
1749801600000,104825.2,105441.1,104364.0,104983.6,1377487.13
1749816000000,104983.7,105725.6,104067.5,105390.5,2109352.67
1749830400000,105390.5,105920.0,104615.0,105060.0,1451467.5
1749844800000,105060.1,106138.1,104964.2,106009.0,592368.64
1749859200000,106009.1,106168.0,105154.6,105189.1,699582.68
1749873600000,105189.2,105369.0,104734.3,105029.0,545847.11
1749888000000,105028.9,105098.0,104788.3,105028.3,420699.65
1749902400000,105027.5,105077.0,104540.7,104798.8,538900.78
1749916800000,104798.8,105009.0,104311.0,104609.4,818968.19
1749931200000,104609.6,105452.7,104255.0,105363.4,695260.41
1749945600000,105363.4,105630.0,105214.2,105427.5,432881.38
1749960000000,105427.6,106082.0,105134.2,105388.3,762615.84
1749974400000,105388.3,105456.1,104823.0,104933.5,543863.81
1749988800000,104933.6,105788.0,104905.7,105520.0,776279.08
1750003200000,105519.9,105730.0,105000.7,105239.8,448623.38
1750017600000,105239.8,105570.3,104425.6,105540.0,675213.89
1750032000000,105540.1,105926.0,104927.2,105862.4,916442.79
1750046400000,105862.3,107234.0,105814.3,107020.3,1365616.92
1750060800000,107020.3,107192.0,106544.9,106846.7,800100.18
1750075200000,106846.7,107736.0,106456.7,107382.5,1573361.74
1750089600000,107382.4,108847.7,107263.0,108596.6,1497080.01
1750104000000,108596.6,108973.3,106666.0,106764.6,1572338.09
1750118400000,106764.6,107721.0,106087.8,107552.1,1857006.17
1750132800000,107552.0,107658.0,106400.0,106725.4,901833.25
1750147200000,106725.4,106796.8,105468.9,105606.1,1403103.95
1750161600000,105606.1,105876.4,104069.3,104194.1,2695960.31
1750176000000,104194.1,105286.2,103300.0,104621.1,2646837.44
1750190400000,104621.0,104849.6,104128.0,104516.5,870750.78
1750204800000,104516.5,105187.0,104319.9,105122.5,723207.32
1750219200000,105122.5,105498.9,104650.0,104933.0,883189.61
1750233600000,104932.9,105279.9,104130.7,104799.2,1194839.19
1750248000000,104799.3,105279.1,103750.1,104737.1,2577609.14
1750262400000,104737.1,104789.2,103418.6,103779.3,2083761.15
1750276800000,103779.4,105086.0,103600.0,104834.2,906160.5
1750291200000,104834.2,105180.2,104402.3,105031.7,704389.97
1750305600000,105031.8,105170.0,104576.0,104594.3,636904.93
1750320000000,104594.4,105028.0,104589.1,104732.5,457771.63
1750334400000,104732.4,104870.0,104032.9,104064.2,949612.0
1750348800000,104064.1,104788.0,103883.0,104200.0,836878.02
1750363200000,104200.1,104876.3,104085.2,104600.1,450107.92
1750377600000,104600.1,104777.5,104335.8,104550.0,437501.67
1750392000000,104550.0,105760.9,104189.2,105760.9,1171896.89
1750406400000,105760.9,106480.1,105715.2,105932.4,1592464.76
1750420800000,105932.5,106109.0,103823.0,104177.0,2773937.41
1750435200000,104177.0,104240.0,102282.4,103251.2,2734727.5
1750449600000,103251.2,103775.0,102923.0,103250.1,743484.78
1750464000000,103250.1,103642.1,103066.9,103432.1,471191.57
1750478400000,103432.0,103550.0,103271.0,103417.4,312369.63
1750492800000,103417.4,103954.7,103406.4,103843.4,689862.49
1750507200000,103842.6,103914.6,103229.2,103525.5,886477.08
1750521600000,103525.5,103617.5,102162.3,102217.6,980425.24
1750536000000,102217.6,102858.5,100805.0,102070.0,2343035.99
1750550400000,102069.9,103372.7,101774.9,102334.6,2204325.54
1750564800000,102334.6,102907.9,102213.6,102387.9,766202.81
1750579200000,102387.9,102783.4,102040.0,102694.9,734889.12
1750593600000,102695.0,102788.0,98821.9,98846.5,5516975.35
1750608000000,98846.4,100329.8,98619.7,98828.9,2087381.52
1750622400000,98828.9,100986.0,98133.0,100898.2,2378044.63
1750636800000,100898.2,101561.4,100426.7,101110.4,1315093.07
1750651200000,101110.9,102097.0,100923.1,101879.9,1153627.63
1750665600000,101879.9,102037.1,101066.7,101257.8,1068649.62
1750680000000,101257.8,102580.0,100743.2,101373.9,2750687.74
1750694400000,101373.9,103279.9,99569.3,103101.1,4391262.52
1750708800000,103101.1,106043.9,102823.7,105288.1,2921623.45
1750723200000,105288.0,105458.0,104645.8,104876.6,1128442.58
1750737600000,104876.6,105775.9,104660.0,104889.8,1332445.56
1750752000000,104889.7,105530.6,104575.0,105135.5,1115486.14
1750766400000,105135.6,105688.9,104755.0,105179.6,1725170.21
1750780800000,105179.6,106249.9,105106.2,105586.5,1587493.97
1750795200000,105586.1,106087.5,105384.6,106040.5,504425.29
1750809600000,106040.6,106768.0,105754.8,106190.0,1333412.96
1750824000000,106190.1,106659.3,105933.0,106555.0,674981.77
1750838400000,106555.0,107188.0,106280.3,107130.3,1414970.3
1750852800000,107130.3,108090.2,106711.8,106983.1,3125904.81
1750867200000,106983.1,107849.5,106821.3,107695.4,1024423.92
1750881600000,107695.3,107957.0,107027.1,107278.0,605177.88
1750896000000,107278.1,108238.3,107032.0,107814.0,1111637.31
1750910400000,107814.0,108040.8,107464.1,107759.9,592168.36
1750924800000,107760.0,108118.0,107051.3,107276.0,945435.73
1750939200000,107276.0,107726.6,106485.3,107259.5,1940374.81
1750953600000,107259.5,107636.4,106950.0,107473.1,688614.16
1750968000000,107473.0,107965.0,106801.0,106915.3,696703.08
1750982400000,106915.3,107460.0,106363.5,107420.0,859762.08
1750996800000,107419.9,107700.8,106800.0,106823.7,764209.24
1751011200000,106823.8,107111.1,106634.0,106937.1,847985.85
1751025600000,106937.1,107358.0,106314.5,107255.3,1637956.5
1751040000000,107255.4,107680.0,106400.0,106742.7,1315992.45
1751054400000,106742.7,107222.0,106730.3,107002.4,393379.77
1751068800000,107002.6,107287.5,106737.3,107229.7,487677.92
1751083200000,107229.7,107456.0,107120.0,107429.0,320897.51
1751097600000,107429.0,107442.4,107187.7,107323.0,296533.76
1751112000000,107323.0,107519.1,107025.0,107395.9,366207.47
1751126400000,107396.0,107492.5,107167.0,107167.0,304322.77
1751140800000,107167.1,107321.8,107100.4,107234.6,163753.02
1751155200000,107234.6,107450.0,107104.8,107162.3,317122.42
1751169600000,107162.2,107352.9,107162.0,107352.9,163420.27
1751184000000,107353.3,108482.9,107342.5,108428.1,1167287.28
1751198400000,108428.2,108487.8,107589.4,107694.5,761354.49
1751212800000,107694.5,107747.5,107234.5,107335.6,625656.77
1751227200000,107335.5,108388.0,107181.0,108308.8,818487.99
1751241600000,108308.8,108764.8,108189.1,108459.9,1019885.02
1751256000000,108459.9,108492.9,107422.0,107569.5,944632.5
1751270400000,107569.4,107922.0,107314.8,107595.0,799246.58
1751284800000,107595.0,107831.9,106676.7,107521.0,1858569.94
1751299200000,107521.1,107758.8,107051.7,107676.1,806920.51
1751313600000,107676.1,107710.9,106850.0,107081.9,505676.8
1751328000000,107081.9,107489.1,106960.0,107152.2,545107.41
1751342400000,107152.2,107170.0,106559.1,107130.0,853512.22
1751356800000,107129.9,107130.0,106240.4,106569.0,849685.25
1751371200000,106569.0,107138.0,105576.4,105909.9,2110179.02
1751385600000,105909.9,106238.3,105319.9,105335.8,914506.67
1751400000000,105335.9,106061.5,105188.0,105645.6,673173.3
1751414400000,105645.6,106169.6,105050.1,106140.0,754649.03
1751428800000,106140.0,107132.0,106070.7,107020.0,1194629.56
1751443200000,107020.1,107792.3,107020.1,107439.0,1500053.69
1751457600000,107439.0,108726.7,107138.9,108699.9,2120756.37
1751472000000,108699.8,109728.1,108615.0,109630.0,2401098.55
1751486400000,109627.5,109627.5,108656.7,108797.8,640238.82
1751500800000,108797.9,109083.3,108481.8,108595.1,687561.42
1751515200000,108595.0,109510.4,108506.4,109237.3,997344.08
1751529600000,109237.4,110275.9,109237.4,109550.0,1398918.02
1751544000000,109550.0,110500.0,108710.1,109083.9,2983020.9
1751558400000,109084.0,109873.2,108960.6,109746.9,875761.36
1751572800000,109747.0,109965.0,109477.7,109548.8,431939.32
1751587200000,109548.9,109738.2,109054.0,109179.3,618587.58
1751601600000,109179.3,109276.8,108637.2,108646.7,843947.53
1751616000000,108646.6,109065.8,108463.0,108843.4,788812.64
1751630400000,108843.5,108933.0,107455.0,107544.5,2232406.37
1751644800000,107544.5,107896.7,107208.3,107433.6,1097696.6
1751659200000,107433.6,108235.0,107391.9,107941.9,578156.57
1751673600000,107942.0,108211.5,107692.1,108101.6,529869.07
1751688000000,108101.7,108350.0,107933.4,107999.0,437324.71
1751702400000,107999.0,108178.5,107802.4,108055.6,316169.42
1751716800000,108055.5,108178.0,107912.0,108013.0,278344.06
1751731200000,108013.0,108120.6,107810.0,108088.0,350191.58
1751745600000,108088.0,108169.6,107935.1,108147.8,202467.23
1751760000000,108147.8,108200.0,107950.1,107984.5,263725.57
1751774400000,107984.4,108179.0,107901.0,107993.9,258702.34
1751788800000,107993.9,108099.3,107740.2,108029.9,375565.71
1751803200000,108029.9,109099.9,107987.3,108865.1,1376467.19
1751817600000,108865.0,108920.5,108230.0,108499.9,597890.74
1751832000000,108500.0,109677.9,108492.0,109142.0,1032536.89
1751846400000,109142.1,109665.9,108620.9,109358.8,829965.29
1751860800000,109358.8,109421.7,108606.0,109013.8,590843.19
1751875200000,109013.8,109057.5,108512.3,108599.0,529249.55
1751889600000,108598.9,108610.8,107901.0,108239.9,1661487.82
1751904000000,108240.0,108444.0,107450.0,107994.4,1231605.78
1751918400000,107994.3,108263.9,107724.0,108209.9,413973.32
1751932800000,108210.0,108468.7,107363.6,107856.7,910545.59
1751947200000,107856.7,108448.0,107688.1,108438.0,556219.05
1751961600000,108438.0,108949.4,108174.3,108698.6,901575.84
1751976000000,108698.6,109179.7,108157.0,108220.0,1356087.39
1751990400000,108219.9,109111.0,108040.1,108714.9,1023949.77
1752004800000,108714.9,108932.0,108551.0,108878.4,296859.68
1752019200000,108878.3,109090.8,108283.6,108320.0,605115.59
1752033600000,108320.0,108888.8,108280.0,108663.9,601235.6
1752048000000,108663.9,109083.0,108502.4,109005.9,538679.52
1752062400000,109005.9,109737.3,108447.9,109009.9,2064960.62
1752076800000,109010.0,112023.7,108970.8,111710.9,2568081.67
1752091200000,111710.9,111922.9,110503.9,111198.6,1640591.94
1752105600000,111198.6,111539.9,110830.7,111019.9,708111.76
1752120000000,111019.8,111388.8,110900.0,111176.9,551164.03
1752134400000,111176.9,111355.0,110819.3,110984.5,603772.94
1752148800000,110984.5,111353.0,110415.8,111349.7,1520177.36
1752163200000,111349.7,113773.6,111274.7,113226.1,3317076.61
1752177600000,113226.1,117766.8,113202.4,115993.0,3428183.48
1752192000000,115993.0,116963.9,115210.3,116855.9,1363447.87
1752206400000,116856.0,118420.0,116455.0,117545.6,2353747.92
1752220800000,117545.6,118880.0,117545.6,117820.2,1471671.6
1752235200000,117820.2,118252.4,116738.0,116915.4,2146824.79
1752249600000,116915.3,118120.0,116618.4,118069.9,1345115.16
1752264000000,118069.9,118069.9,117110.0,117509.0,679950.08
1752278400000,117509.0,117808.0,117124.8,117760.0,495869.97
1752292800000,117759.9,118037.1,117485.0,117707.0,531356.97
1752307200000,117707.0,118182.3,117580.7,117787.5,615557.68
1752321600000,117787.4,117833.0,116901.5,117085.5,1061236.11
1752336000000,117085.5,117600.0,117025.7,117530.7,526319.42
1752350400000,117530.7,117530.7,116955.7,117398.7,326863.37
1752364800000,117398.8,117777.0,117182.5,117704.0,405184.58
1752379200000,117703.9,118033.3,117634.0,117961.6,401450.03
1752393600000,117961.6,118100.0,117660.3,118051.0,356751.14
1752408000000,118051.0,119488.0,117954.9,118632.2,1941190.0
1752422400000,118632.2,119485.0,118315.0,118921.8,722240.77
1752436800000,118921.9,119363.9,118196.0,119050.0,773882.24
1752451200000,119050.0,121787.2,118874.1,120802.0,2304127.55
1752465600000,120801.9,123293.3,120581.0,122775.9,2646017.9
1752480000000,122775.9,122804.9,121400.0,121516.0,1377131.4
1752494400000,121516.0,122132.9,119641.8,119913.7,2454459.98
1752508800000,119913.7,120555.0,119264.0,119967.2,1569416.02
1752523200000,119967.1,120477.0,119538.0,119840.1,504540.14
1752537600000,119840.0,119960.0,116866.6,117242.3,2623138.38
1752552000000,117242.3,117794.7,116304.6,116834.9,2155735.44
1752566400000,116835.0,117294.6,116312.0,117191.3,1146085.78
1752580800000,117191.4,118501.0,115750.0,116458.0,3597481.41
1752595200000,116458.0,117764.5,116065.6,116456.9,1820433.21
1752609600000,116456.9,117991.9,116222.2,117759.9,851386.61
1752624000000,117759.9,118243.9,117041.1,117509.3,906617.66
1752638400000,117509.3,118326.1,117290.4,118216.8,784667.95
1752652800000,118216.8,119329.6,118145.1,118781.0,1131868.11
1752667200000,118781.1,119829.0,118164.3,119101.9,2637547.15
1752681600000,119101.8,119985.6,118448.3,119257.0,1546054.55
1752696000000,119257.0,120127.6,118428.7,118660.9,978223.93
1752710400000,118660.9,119200.0,117688.8,118128.1,1196082.61
1752724800000,118128.0,118797.3,117850.0,118339.1,895360.98
1752739200000,118339.0,119280.9,118001.0,118008.5,1160852.2
1752753600000,118008.5,119170.7,117462.0,118928.9,1762854.1
1752768000000,118929.0,120000.0,118371.5,119019.5,1309019.61
1752782400000,119019.5,121033.0,118450.0,119215.0,1996478.72
1752796800000,119215.0,120843.5,119038.0,120259.5,1094452.27
1752811200000,120259.5,120888.0,119361.3,119420.0,1162883.69
1752825600000,119419.9,119540.4,118433.0,119224.1,1239704.48
1752840000000,119224.1,119563.0,117325.3,117888.7,2308398.97
1752854400000,117888.8,118108.5,117150.0,117411.8,1058971.92
1752868800000,117411.9,118088.2,116855.4,117987.6,935654.88
1752883200000,117987.6,118444.0,117681.0,118393.6,502373.76
1752897600000,118393.5,118425.0,118109.0,118228.3,381782.89
1752912000000,118228.2,118548.4,117988.6,118378.0,449190.05
1752926400000,118378.0,118385.3,117631.2,118084.7,761030.34
1752940800000,118084.7,118190.6,117617.9,118040.6,409319.68
1752955200000,118040.7,118171.3,117300.0,117870.0,445898.39
1752969600000,117870.0,118188.0,117666.7,118000.1,479351.42
1752984000000,118000.1,118254.1,117802.0,118060.0,380823.35
1752998400000,118060.0,118328.9,117873.0,117938.8,491495.7
1753012800000,117938.8,118871.1,117777.0,118752.0,882425.26
1753027200000,118752.0,118940.0,117990.0,118210.0,627058.09
1753041600000,118210.1,118318.0,116490.0,117305.7,1168724.07
1753056000000,117304.9,118665.1,116538.0,118439.6,1072466.11
1753070400000,118439.6,119777.0,118215.7,119454.0,1014424.42
1753084800000,119454.7,119594.0,118123.6,118138.1,878072.86
1753099200000,118138.2,119320.0,117830.3,118405.5,1717668.05
1753113600000,118405.4,118489.8,116670.8,116817.2,1514480.69
1753128000000,116817.1,117698.2,116681.2,117411.9,605058.67
1753142400000,117412.0,118019.2,116138.5,117274.3,1584846.73
1753156800000,117274.3,118662.9,116580.8,118067.3,1297969.37
1753171200000,118067.3,119279.8,117555.9,119230.0,1193848.72
1753185600000,119230.1,119666.0,117619.0,119000.0,2267318.21
1753200000000,119000.0,120400.0,118470.0,119337.7,1512232.45
1753214400000,119337.7,120320.0,119260.0,120044.0,653224.99
1753228800000,120044.0,120200.0,118553.5,118659.9,890450.04
1753243200000,118660.0,119049.0,118323.0,118399.1,874611.0
1753257600000,118399.1,118678.0,117860.8,118553.0,975840.15
1753272000000,118553.1,118775.1,117328.9,118613.0,1870127.15
1753286400000,118613.0,118613.0,117356.4,118426.0,1114006.78
1753300800000,118426.0,118788.9,117400.0,118788.8,768473.88
1753315200000,118788.7,119325.0,118513.9,118550.1,831826.35
1753329600000,118550.0,118629.9,117104.3,118436.8,1659810.95
1753344000000,118436.8,118862.6,118002.0,118653.7,1019664.81
1753358400000,118653.7,119568.0,117849.5,119170.4,1738165.86
1753372800000,119170.4,119488.0,118401.0,118999.8,939398.33
1753387200000,118999.9,119055.8,118212.8,118365.3,468578.32
1753401600000,118365.9,118482.7,115338.5,115430.2,3442936.73
1753416000000,115430.2,116128.0,114700.1,115313.1,2701120.06
1753430400000,115313.1,116801.0,115044.7,116544.9,1857060.99
1753444800000,116545.0,116663.8,114905.0,115734.2,2412561.01
1753459200000,115734.1,117099.8,115465.6,116708.2,1194868.05
1753473600000,116708.3,117660.1,116590.5,117629.2,783023.11
1753488000000,117629.3,117787.6,117168.0,117506.0,614034.82
1753502400000,117506.1,117576.0,117325.1,117343.0,320842.96
1753516800000,117342.9,118272.7,117342.9,117780.0,767396.01
1753531200000,117780.0,118252.4,117722.7,118142.7,596585.34
1753545600000,118142.7,118317.1,117946.9,118229.9,236300.31
1753560000000,118230.0,118287.9,117862.5,117908.0,301789.45
1753574400000,117908.0,118420.0,117811.2,118199.1,392522.42
1753588800000,118199.0,118496.7,118091.3,118136.9,266462.06
1753603200000,118136.9,118320.6,117875.7,118081.5,370899.01
1753617600000,118081.5,118668.9,117888.0,118627.6,718367.57
1753632000000,118627.6,119645.4,118627.6,119012.1,1363006.64
1753646400000,119012.1,119838.0,118763.5,119472.0,601940.16
1753660800000,119472.0,119868.0,119004.0,119336.8,636857.99
1753675200000,119336.9,119742.0,118777.0,118920.5,765591.38
1753689600000,118920.5,119144.9,118510.4,118858.9,613807.01
1753704000000,118858.9,119129.3,117921.3,118191.1,1617653.54
1753718400000,118191.0,118409.4,117444.0,118090.7,911120.68
1753732800000,118090.7,118361.0,117518.6,118099.1,463028.54
1753747200000,118099.1,118810.6,117450.0,118789.8,867926.49
1753761600000,118789.8,119328.4,118435.0,118917.7,696593.88
1753776000000,118917.6,119075.9,118184.9,118612.9,634421.14
1753790400000,118613.0,119093.6,117258.0,117381.1,1470470.33
1753804800000,117381.2,118051.0,116945.3,117527.9,1157621.74
1753819200000,117527.8,117998.1,117100.0,117940.8,583176.26
1753833600000,117940.9,118261.0,117409.7,118155.4,628092.72
1753848000000,118155.5,118417.9,117667.7,118125.0,534434.34
1753862400000,118125.0,118485.1,117350.0,117574.7,667332.24
1753876800000,117574.7,118800.0,117352.8,118003.1,1378740.4
1753891200000,118003.1,118046.6,115722.2,116890.5,2014345.67
1753905600000,116890.0,117886.4,116842.1,117794.8,662965.88
1753920000000,117794.8,118600.0,117751.5,118460.4,822682.11
1753934400000,118460.7,118929.1,118244.9,118674.5,608323.85
1753948800000,118674.6,118770.0,118280.0,118368.5,527813.06
1753963200000,118368.5,118693.8,117804.0,118289.0,1385066.03
1753977600000,118289.0,118860.7,116714.7,116739.5,1516876.39
1753992000000,116739.4,116946.9,115423.9,115706.6,1531696.31
1754006400000,115706.5,116007.0,114234.6,115594.7,2137945.54
1754020800000,115594.7,115861.0,114582.0,115016.0,1089916.37
1754035200000,115016.0,115294.9,114058.0,115244.1,1400010.28
1754049600000,115244.0,115961.5,113847.2,115312.6,2688001.87
1754064000000,115312.6,115675.4,113166.0,113270.9,2120926.5
1754078400000,113271.0,114040.7,112676.6,113250.0,1440370.38
1754092800000,113250.0,113860.0,113140.3,113854.2,622800.35
1754107200000,113854.3,114009.4,113419.0,113918.9,659468.36
1754121600000,113918.9,113986.7,113377.1,113733.2,555268.35
1754136000000,113733.3,113747.8,112763.1,112801.9,823174.22
1754150400000,112801.8,113379.0,111950.0,112184.1,1661674.39
1754164800000,112184.1,113020.9,112026.8,112502.1,715672.26
1754179200000,112502.0,113671.0,111850.0,113549.4,1187000.95
1754193600000,113549.4,113666.0,113291.3,113654.5,345961.33
1754208000000,113654.5,114211.0,113490.1,113804.0,518238.15
1754222400000,113804.0,114046.6,113531.0,113892.4,518125.01
1754236800000,113892.5,114728.5,113719.7,114252.9,558340.11
1754251200000,114252.8,114568.9,114013.0,114152.5,386107.93
1754265600000,114152.6,114981.2,114068.1,114531.9,754940.69
1754280000000,114531.9,114743.2,114105.0,114607.2,506253.8
1754294400000,114607.3,114729.4,114147.4,114465.1,494553.92
1754308800000,114465.1,115428.0,114055.1,114768.0,1420883.56
1754323200000,114767.9,115688.0,114683.3,114731.7,826424.92
1754337600000,114730.6,115306.1,114593.0,115001.0,428305.95
1754352000000,115001.0,115083.4,114216.5,114216.5,596934.11
1754366400000,114216.5,114477.2,113658.8,113934.2,806013.14
1754380800000,113934.2,115067.8,113888.0,114769.2,851722.72
1754395200000,114769.3,114860.7,112600.0,112883.8,2257733.37
1754409600000,112883.7,113742.9,112766.0,113576.5,689076.87
1754424000000,113576.5,114178.0,113234.0,114075.8,544157.53
1754438400000,114075.7,114085.4,113350.0,113472.0,541688.87
1754452800000,113472.0,114377.4,113306.1,114176.6,620430.61
1754467200000,114176.6,114400.0,113674.5,114190.8,519793.06
1754481600000,114190.8,115500.0,113523.0,115371.6,1625469.64
1754496000000,115371.6,115656.0,114904.0,115198.9,769167.63
1754510400000,115198.9,115214.9,114712.3,114944.0,369898.59
1754524800000,114944.1,115150.0,114355.0,114502.2,518040.99
1754539200000,114502.2,114839.0,114233.1,114747.9,445572.74
1754553600000,114747.9,116777.0,114747.9,116478.9,1587035.87
1754568000000,116479.0,116748.0,115969.6,116636.2,1026686.53
1754582400000,116636.2,117498.0,115571.0,117413.2,1145781.08
1754596800000,117413.2,117585.1,116954.2,117428.8,637082.35
1754611200000,117428.8,117624.5,116655.8,116704.5,807458.43
1754625600000,116704.5,116928.6,116337.0,116777.7,603205.25
1754640000000,116777.8,116897.6,116257.8,116855.2,552376.14
1754654400000,116855.2,117225.2,115839.1,116153.2,1204052.76
1754668800000,116153.2,116851.0,115940.2,116383.9,742376.92
1754683200000,116383.9,116927.9,116271.6,116620.8,349153.15
1754697600000,116620.8,116702.4,116311.0,116346.8,304703.85
1754712000000,116346.8,116969.9,116320.8,116700.5,707101.22
1754726400000,116700.6,117914.0,116700.1,117090.0,1126902.6
1754740800000,117090.0,117221.6,116658.7,116846.0,610293.04
1754755200000,116846.0,116905.5,116469.0,116514.2,391445.14
1754769600000,116514.2,116987.5,116358.0,116450.1,484992.06
1754784000000,116450.1,118535.3,116438.3,118518.6,1584712.68
1754798400000,118518.6,118754.8,117415.3,117819.4,1268240.28
1754812800000,117819.5,118508.0,117608.2,118334.6,813031.65
1754827200000,118334.6,119127.1,118228.2,118785.5,1024297.22
1754841600000,118785.5,118929.3,118416.0,118633.1,371349.21
1754856000000,118633.1,119330.8,118055.1,119306.0,902433.35
1754870400000,119306.0,122168.9,118968.0,121706.0,2395806.93
1754884800000,121706.0,122348.0,121453.0,121545.8,1135592.77
1754899200000,121545.9,121838.0,120271.0,120563.0,1316433.51
1754913600000,120563.0,120678.2,119378.0,120288.1,1976466.37
1754928000000,120288.0,120781.0,118533.3,119057.1,1226931.71
1754942400000,119057.2,119165.2,118000.1,118659.8,873328.35
1754956800000,118659.7,119288.0,118578.7,118848.4,673539.02
1754971200000,118848.5,119166.7,118405.0,118980.6,763451.4
1754985600000,118980.6,119043.4,118176.3,118477.7,770469.81
1755000000000,118477.6,119929.5,118240.0,119893.9,2142408.77
1755014400000,119893.9,120164.7,119160.0,119618.0,1014800.73
1755028800000,119618.0,120299.8,119458.0,120108.0,718161.08
1755043200000,120108.1,120181.3,119043.2,119468.6,945629.6
1755057600000,119468.7,119839.9,118907.9,119570.0,788025.52
1755072000000,119570.1,120747.4,119434.6,120573.4,1172004.35
1755086400000,120573.5,122249.9,120113.8,120941.7,2976732.3
1755100800000,120941.6,122867.6,120941.6,122776.6,1315254.56
1755115200000,122772.2,123754.4,122329.0,123361.7,1319410.97
1755129600000,123361.7,124590.0,123299.3,123431.3,1252630.95
1755144000000,123431.3,123520.0,121354.4,121787.1,1782257.38
1755158400000,121787.0,122074.3,120723.6,121013.2,1104783.92
1755172800000,121013.2,121194.0,117412.9,118213.8,4793183.4
1755187200000,118213.9,118508.4,117130.6,117910.7,1479436.98
1755201600000,117910.6,118478.0,117273.5,118260.1,697393.73
1755216000000,118260.0,119061.2,117990.4,118949.9,768138.92
1755230400000,118950.0,119219.9,118611.8,118963.2,773045.88
1755244800000,118963.2,119154.6,118584.1,118984.0,518636.11
1755259200000,118984.0,119109.5,116760.4,117221.6,2116109.9
1755273600000,117221.7,117859.6,116750.0,116887.9,1059615.41
1755288000000,116887.9,117700.0,116817.0,117285.1,504378.99
1755302400000,117285.1,117848.9,117168.5,117386.6,479034.97
1755316800000,117386.5,117830.0,117228.8,117554.7,556922.29
1755331200000,117554.7,117663.7,117103.6,117345.2,540138.71
1755345600000,117345.2,117774.2,117285.7,117620.8,410833.26
1755360000000,117620.9,117767.0,117563.6,117610.1,184386.65
1755374400000,117610.1,117667.8,117169.0,117325.6,302283.1
1755388800000,117325.7,117705.8,117123.0,117622.7,373651.04
1755403200000,117622.8,118180.0,117622.7,117953.2,443959.54
1755417600000,117953.2,118456.7,117864.7,118255.9,441958.07
1755432000000,118256.0,118538.7,118016.8,118203.6,430380.25
1755446400000,118203.5,118285.4,117225.4,117525.4,652992.39
1755460800000,117525.5,117935.6,117300.0,117346.9,384678.29
1755475200000,117346.8,117488.0,114933.6,115257.4,1982565.42
1755489600000,115257.3,115654.4,114825.0,115169.8,1009183.47
1755504000000,115169.8,115355.0,114603.2,114914.2,884438.7
1755518400000,114914.2,116138.9,114760.1,116083.5,1262507.01
1755532800000,116083.5,116755.5,115769.6,116263.6,881428.01
1755547200000,116263.6,116967.0,115925.0,116185.7,691307.76
1755561600000,116185.6,116685.9,114755.0,114779.4,1043958.64
1755576000000,114779.3,115441.9,114313.7,114952.1,960629.19
1755590400000,114952.1,115613.3,114755.0,115464.0,614322.96
1755604800000,115464.1,115832.9,113453.2,113733.9,1892687.29
1755619200000,113734.0,113839.0,112695.7,113067.3,1415129.01
1755633600000,113067.3,113515.3,112656.3,112826.1,639805.85
1755648000000,112826.0,113621.4,112507.7,113494.7,870141.54
1755662400000,113494.7,113822.0,113367.1,113456.0,476402.97
1755676800000,113456.0,114000.0,113015.8,113631.4,792072.46
1755691200000,113631.4,114300.0,112307.0,113297.6,2028588.19
1755705600000,113297.5,114417.0,113203.8,114236.4,1285767.36
1755720000000,114236.4,114578.3,113954.5,114230.0,473630.76
1755734400000,114230.0,114792.7,113850.9,113911.1,782774.23
1755748800000,113911.2,114000.0,113514.9,113844.1,482637.8
1755763200000,113844.2,113962.3,112927.4,113096.2,772275.36
1755777600000,113096.1,113947.2,112555.0,112750.0,1264718.42
1755792000000,112750.1,112941.1,111955.0,112154.1,1045152.97
1755806400000,112154.0,112837.0,112016.0,112476.7,529701.92
1755820800000,112476.7,113510.0,112294.7,112914.9,799949.37
1755835200000,112914.9,113368.2,112683.0,113055.1,647210.42
1755849600000,113055.0,113277.8,112118.0,112270.1,617941.7
1755864000000,112270.2,117276.6,111623.2,116333.3,4724261.18
1755878400000,116333.3,117388.0,116088.0,116638.0,1571178.51
1755892800000,116638.0,117138.8,116535.9,116915.9,565082.83
1755907200000,116916.0,117013.5,115447.7,115550.4,1061186.87
1755921600000,115550.3,116026.6,115533.0,115788.8,530867.38
1755936000000,115788.8,115858.0,115177.7,115266.2,477472.15
1755950400000,115266.2,115451.2,114459.5,114780.7,1304253.89
1755964800000,114780.6,115161.9,114652.0,115100.0,371566.01
1755979200000,115100.0,115386.1,114969.7,115386.0,274749.68
1755993600000,115386.1,115648.0,114907.4,115020.1,558439.46
1756008000000,115020.0,115264.7,114836.3,114858.4,280475.48
1756022400000,114858.3,115054.4,114588.0,114719.4,414557.87
1756036800000,114719.4,114870.0,114321.7,114391.6,636966.72
1756051200000,114391.7,114900.0,110346.3,112560.4,2904619.33
1756065600000,112560.4,113660.0,111603.2,113443.2,1284730.32
1756080000000,113443.3,113611.2,112110.0,112862.0,1002484.88
1756094400000,112862.0,113024.1,111225.9,111466.0,1141618.97
1756108800000,111466.0,111831.2,110905.0,111199.6,1095657.7
1756123200000,111199.6,112542.1,110547.0,112172.2,1901974.94
1756137600000,112172.3,112924.6,110619.0,110684.0,1082963.86
1756152000000,110684.0,111057.0,109232.8,110074.0,2024980.66
1756166400000,110074.0,110080.0,108636.8,109835.4,1456999.87
1756180800000,109835.5,110498.6,109708.2,110238.9,598554.25
1756195200000,110239.0,110410.2,109500.1,109844.0,558737.25
1756209600000,109843.9,110789.0,109339.9,109633.4,1752371.83
1756224000000,109633.4,111136.1,109410.1,111070.8,899227.97
1756238400000,111070.0,112311.3,110871.2,111711.3,859136.17
1756252800000,111711.3,111784.0,110878.7,111380.0,666245.84
1756267200000,111380.1,111686.0,110594.1,110698.8,543824.15
1756281600000,110698.7,111332.4,110318.9,111263.7,555837.22
1756296000000,111263.7,112580.6,110963.9,111964.4,1440294.02
1756310400000,111964.4,112564.0,111489.6,112033.5,714272.94
1756324800000,112033.5,112420.0,110832.6,111203.2,1113741.24
1756339200000,111203.3,111998.1,110820.0,111968.4,538135.35
1756353600000,111968.4,113340.0,111910.2,113101.2,1162911.87
1756368000000,113101.3,113323.5,112800.0,112895.7,481835.95
1756382400000,112895.7,113442.6,112356.5,112642.4,1273619.78
1756396800000,112642.4,113172.9,111861.0,111866.3,777053.97
1756411200000,111867.4,112544.1,111833.3,112520.0,352295.75
1756425600000,112520.1,112617.6,111251.6,111651.5,690914.64
1756440000000,111651.6,111800.0,109850.0,109975.7,1337993.77
1756454400000,109975.7,110231.2,109339.4,110036.9,1001449.74
1756468800000,110036.9,111475.7,108055.0,108333.7,2717937.8
1756483200000,108333.8,108788.3,107859.8,108164.0,839217.79
1756497600000,108164.0,108509.6,107405.7,108335.7,767810.38
1756512000000,108335.8,108390.6,107276.5,108386.3,788003.14
1756526400000,108386.4,108628.9,108085.2,108466.1,498757.99
1756540800000,108466.1,108739.1,108311.3,108639.4,401842.09
1756555200000,108639.3,108885.0,108145.1,108824.1,615109.82
1756569600000,108824.1,108865.0,108573.3,108787.1,290197.62
1756584000000,108787.2,108799.8,108423.0,108758.1,219179.22
1756598400000,108758.1,109436.2,108758.0,109177.6,563516.25
1756612800000,109177.6,109188.1,108470.0,108659.2,459999.74
1756627200000,108659.2,109057.5,108250.0,108338.7,544536.89
1756641600000,108338.7,108800.0,108128.9,108756.5,548850.0
1756656000000,108756.5,109180.0,108483.3,108877.9,485021.47
1756670400000,108877.9,109197.9,108000.8,108199.7,588517.71
1756684800000,108199.7,108448.3,107355.0,107613.0,1140110.68
1756699200000,107612.9,109387.0,107210.7,109387.0,1270037.48
1756713600000,109386.9,109917.7,108133.1,108736.6,1740454.61
1756728000000,108736.6,109476.6,108513.6,108742.3,915870.89
1756742400000,108742.2,109291.7,108335.6,109179.7,619944.56
1756756800000,109179.8,109396.0,107371.0,109182.5,1312620.24
1756771200000,109182.6,110591.6,108841.6,110293.9,1351680.25
1756785600000,110294.0,110574.0,109950.0,110199.9,790760.47
1756800000000,110200.0,110694.3,109533.0,109708.7,983702.67
1756814400000,109708.7,111747.7,108319.0,110794.2,3600873.17
1756828800000,110794.2,111090.2,110143.0,110747.4,870249.62
1756843200000,110747.4,111490.6,110654.4,111185.5,561117.62
1756857600000,111185.6,111750.0,110826.7,110982.7,776642.69
1756872000000,110982.7,111098.7,110480.0,111038.9,589952.8
1756886400000,111039.0,111675.0,110833.4,111390.7,622541.58
1756900800000,111390.7,112465.0,110968.4,112174.1,1894964.15
1756915200000,112174.0,112554.1,111630.0,112144.2,774605.32
1756929600000,112144.5,112217.6,111568.6,111655.0,320388.84
1756944000000,111654.9,112134.1,111100.0,111120.1,737389.3
1756958400000,111120.1,111298.0,110238.2,110416.2,956353.71
1756972800000,110416.2,111100.0,110367.3,110756.4,633158.13
1756987200000,110756.5,111107.6,109280.0,109460.6,1743992.9
1757001600000,109460.6,110139.8,109304.7,109737.6,683676.0
1757016000000,109739.3,111719.9,109690.0,110674.0,950558.8
1757030400000,110674.0,111440.0,110373.2,111271.1,784230.98
1757044800000,111271.1,112988.9,111085.0,112906.9,1501509.43
1757059200000,112906.9,112963.2,112100.0,112316.2,917298.62
1757073600000,112316.2,113350.0,110236.1,110673.1,3884446.97
1757088000000,110673.0,111558.7,110155.0,111537.6,1059160.06
1757102400000,111537.6,111654.3,110301.7,110627.4,957109.4
1757116800000,110627.4,111258.0,110525.0,111039.1,411801.14
1757131200000,111039.1,111039.1,110650.0,110780.7,328213.87
1757145600000,110780.8,110924.7,110638.2,110736.0,388335.71
1757160000000,110736.1,110957.1,110311.6,110344.9,423976.17
1757174400000,110344.8,110368.0,109920.0,110006.0,629400.3
1757188800000,110006.0,110238.0,109995.9,110139.3,192380.07
1757203200000,110139.4,110688.0,110126.0,110598.3,395183.25
1757217600000,110598.2,110873.9,110421.2,110710.1,453995.89
1757232000000,110710.1,111321.0,110666.1,111240.0,722986.87
1757246400000,111240.5,111368.0,111000.0,111298.0,438637.26
1757260800000,111298.0,111345.0,110831.2,111211.7,385230.51
1757275200000,111211.8,111563.0,110953.7,111079.0,394924.99
1757289600000,111078.7,111333.2,110555.5,110988.0,795166.72
1757304000000,110988.0,111560.1,110846.9,111224.7,555540.87
1757318400000,111224.7,112222.0,111193.7,112033.8,1083038.57
1757332800000,112033.8,112888.0,111850.8,112600.0,1418581.13
1757347200000,112599.9,112635.2,111949.0,112072.4,618717.59
1757361600000,112072.5,112476.0,111867.3,112023.1,368502.89
1757376000000,112023.2,112068.0,111088.0,111656.1,932681.84
1757390400000,111656.1,113243.7,111582.8,112963.0,1651730.19
1757404800000,112963.0,113138.6,112373.6,112408.6,600649.12
1757419200000,112408.6,112915.1,110724.1,110818.7,2106934.53
1757433600000,110818.8,111350.0,110732.1,111258.0,738197.85
1757448000000,111258.1,111688.0,111040.0,111500.0,470175.8
1757462400000,111500.0,111555.0,110888.0,111505.7,699349.6
1757476800000,111505.7,112544.0,111318.2,112493.3,929721.17
1757491200000,112493.4,112800.0,112070.0,112296.5,1035450.17
1757505600000,112296.5,114285.0,112296.4,113817.0,2968093.5
1757520000000,113817.0,114043.1,113105.0,113509.0,1010872.27
1757534400000,113508.9,113973.0,113447.0,113899.9,523861.42
1757548800000,113900.0,114395.0,113605.6,114347.1,652195.14
1757563200000,114347.1,114427.9,113886.7,114040.0,755285.61
1757577600000,114040.0,114150.0,113727.0,113950.1,676098.47
1757592000000,113950.1,114717.5,113333.3,114124.2,2878081.75
1757606400000,114124.2,114571.4,114040.7,114371.0,613518.55
1757620800000,114371.1,115449.4,114193.1,115437.9,745842.75
1757635200000,115437.9,116280.3,115000.0,115143.0,1550838.64
1757649600000,115143.1,115620.9,115040.7,115060.0,663046.58
1757664000000,115060.0,115239.1,114850.0,114892.8,624075.15
1757678400000,114892.8,115425.5,114700.0,115076.9,1053265.85
1757692800000,115077.0,116625.9,114969.7,116575.0,1290262.81
1757707200000,116575.0,116575.0,115670.8,115971.5,661191.37
1757721600000,115971.5,116229.0,115552.9,115945.1,523325.98
1757736000000,115945.1,115945.1,115630.5,115769.3,337950.45
1757750400000,115769.4,116171.9,115763.9,115949.6,313973.68
1757764800000,115949.6,116036.6,115567.0,115732.0,478313.5
1757779200000,115732.1,115784.5,115077.0,115762.2,625841.5
1757793600000,115762.2,115960.0,115754.5,115888.5,232852.3
1757808000000,115888.5,116096.0,115609.4,115639.9,342585.1
1757822400000,115639.9,115899.4,115425.5,115750.9,240550.78
1757836800000,115751.0,116130.3,115710.0,115776.5,369015.2
1757851200000,115776.5,115843.1,115140.2,115208.5,681512.09
1757865600000,115208.5,115620.0,115180.0,115610.6,339286.53
1757880000000,115610.6,116055.0,115094.0,115226.4,630814.99
1757894400000,115226.4,115527.0,114773.3,115382.0,807394.57
1757908800000,115382.1,116760.8,115340.0,115778.4,1528792.22
1757923200000,115778.4,115778.4,114563.2,115000.0,1489954.08
1757937600000,115000.0,115036.0,114305.4,114782.6,1237654.02
1757952000000,114782.7,115512.7,114550.0,115236.5,731491.73
1757966400000,115236.5,115561.2,115138.5,115314.7,369168.8
1757980800000,115314.8,115482.0,114900.0,115240.9,474073.19
1757995200000,115240.9,115979.0,114867.3,115788.0,919583.09
1758009600000,115788.0,115950.0,115158.0,115240.1,533543.45
1758024000000,115240.1,115900.1,114679.5,115900.1,1402936.92
1758038400000,115900.0,116855.3,115575.0,116763.9,1314024.16
1758052800000,116764.0,116926.0,116553.0,116747.5,452888.66
1758067200000,116747.6,117050.2,116300.1,116314.2,587405.02
1758081600000,116314.2,117235.0,116105.3,117110.3,884530.3
1758096000000,117110.3,117146.8,116210.0,116219.4,775608.04
1758110400000,116219.4,116498.3,115393.0,115814.7,1278685.42
1758124800000,115814.8,116274.5,114668.2,115586.0,2888923.55
1758139200000,115585.2,116950.2,115256.2,116404.0,1039661.04
1758153600000,116403.9,117856.0,116044.0,117547.0,1334841.51
1758168000000,117546.9,117733.6,116854.1,117043.8,810120.35
1758182400000,117043.9,117382.2,116970.9,117029.9,484531.87
1758196800000,117029.9,117800.0,116925.8,117542.1,1099289.34
1758211200000,117542.1,117877.1,117138.0,117406.3,671746.82
1758225600000,117406.3,117600.0,116600.0,117020.1,628548.51
1758240000000,117020.1,117416.5,116821.1,116922.1,474846.2
1758254400000,116922.0,117058.8,116555.0,116853.7,570633.49
1758268800000,116853.7,117068.8,116264.7,116358.2,674324.67
1758283200000,116358.2,116500.0,115411.0,115815.8,1336813.8
1758297600000,115815.7,116076.0,115046.0,115066.0,820677.5
1758312000000,115066.0,115612.7,115014.8,115571.1,355778.93
1758326400000,115571.1,115666.0,115365.0,115400.0,234689.83
1758340800000,115399.9,115913.0,115365.3,115892.1,338275.29
1758355200000,115892.1,115895.2,115602.9,115836.7,232125.79
1758369600000,115836.8,116065.4,115745.2,115932.0,368224.84
1758384000000,115931.9,116038.6,115622.8,115622.8,292616.26
1758398400000,115622.9,115868.9,115539.5,115623.2,173410.23
1758412800000,115623.3,115670.1,115398.0,115614.0,270543.21
1758427200000,115614.0,115774.7,115440.0,115774.6,227217.62
1758441600000,115774.7,115779.3,115276.0,115562.0,268074.7
1758456000000,115562.0,115706.2,115425.0,115470.7,215559.57
1758470400000,115470.7,115628.0,115150.7,115434.2,315857.44
1758484800000,115434.3,115500.0,115102.0,115172.1,238767.65
1758499200000,115172.1,115332.0,114069.7,114595.8,1762252.43
1758513600000,114595.8,114605.0,111337.9,112459.3,3146990.94
1758528000000,112459.2,112915.9,112119.0,112808.4,764126.31
1758542400000,112808.5,113389.0,112333.4,112770.4,984657.01
1758556800000,112770.4,112842.5,111859.9,112069.4,769462.08
1758571200000,112069.5,112944.0,111927.3,112609.9,488177.25
1758585600000,112610.0,112788.0,111380.1,112285.8,957642.45
1758600000000,112285.8,113064.4,111800.0,113036.4,781782.69
1758614400000,113036.5,113216.0,112619.0,112919.2,561259.05
1758628800000,112919.2,113240.0,112425.0,112823.1,841233.98
1758643200000,112823.1,112916.7,111490.0,111610.3,1080979.19
1758657600000,111610.3,112187.8,111400.0,111941.6,431428.95
1758672000000,111941.6,112452.5,111626.9,111639.1,755851.6
1758686400000,111639.1,112729.9,110895.6,112545.2,1203950.6
1758700800000,112545.2,113110.5,112345.5,112964.5,587405.28
1758715200000,112964.6,113850.0,112752.9,113290.7,1466363.09
1758729600000,113290.7,113887.0,113080.0,113357.3,687575.61
1758744000000,113357.3,113580.0,113150.0,113253.6,369219.0
1758758400000,113253.6,113481.6,112152.4,112492.8,1222858.68
1758772800000,112492.8,112589.9,111360.2,111713.6,1322036.75
1758787200000,111713.7,112213.4,111214.1,111311.8,730844.42
1758801600000,111311.8,111686.6,110566.0,111533.0,2017492.83
1758816000000,111532.9,111623.7,108566.1,109326.8,2349919.15
1758830400000,109326.8,109625.4,108688.0,108939.6,741397.51
1758844800000,108939.6,109760.0,108756.6,109527.8,707926.47
1758859200000,109527.9,109579.4,108829.7,109238.6,876671.25
1758873600000,109238.6,109649.9,108567.8,109090.2,1043579.03
1758888000000,109090.2,109739.7,108705.0,108979.6,1559002.66
1758902400000,108979.5,110233.0,108967.3,109115.6,1165155.52
1758916800000,109115.6,109627.8,109031.8,109584.0,362710.1
1758931200000,109584.0,109692.0,109264.0,109493.5,377699.46
1758945600000,109493.6,109668.0,109288.0,109361.7,236506.09
1758960000000,109361.8,109452.8,109013.5,109276.4,428270.61
1758974400000,109276.4,109448.9,109124.6,109324.6,372979.46
1758988800000,109324.5,109383.9,109169.9,109353.8,297705.37
1759003200000,109353.8,109636.0,109301.4,109581.8,281796.62
1759017600000,109581.8,109733.4,109271.2,109393.2,342139.39
1759032000000,109393.3,109497.0,109200.1,109457.0,276748.1
1759046400000,109456.9,109531.2,109183.8,109337.1,382177.29
1759060800000,109337.2,109980.1,109150.0,109973.6,628422.83
1759075200000,109973.6,110355.8,109938.7,110284.4,567099.73
1759089600000,110284.5,112313.7,110226.2,112121.1,1219447.54
1759104000000,112121.0,112254.0,111537.1,111830.1,804142.39
1759118400000,111830.1,111861.9,111500.4,111819.8,526152.77
1759132800000,111819.9,112389.8,111819.8,112053.0,714247.98
1759147200000,112053.1,114180.0,111854.3,113768.9,2422419.41
1759161600000,113768.9,114360.0,113420.3,114206.4,967387.12
1759176000000,114206.4,114355.0,113959.6,114246.0,449338.43
1759190400000,114246.0,114786.2,113980.0,114328.0,933880.88
1759204800000,114328.0,114328.0,113537.9,113669.6,743711.17
1759219200000,113669.6,113714.0,112607.4,113000.4,1141650.94
1759233600000,113000.3,113617.8,112795.8,113061.8,1192369.9
1759248000000,113061.8,114514.3,112751.4,114302.8,1050961.93
1759262400000,114302.9,114705.9,113722.0,113998.7,802545.25
1759276800000,113998.7,114500.0,113911.2,114142.9,682401.11
1759291200000,114142.9,114690.5,114104.0,114485.9,779233.01
1759305600000,114485.9,116754.3,114428.6,116728.6,2357652.81
1759320000000,116728.6,117617.3,116310.2,117363.8,1742309.12
1759334400000,117363.9,118180.0,116689.3,117382.4,1726095.41
1759348800000,117382.4,118666.0,117119.1,118560.5,1028223.39
1759363200000,118560.4,119437.0,118347.2,118691.0,1503672.02
1759377600000,118691.1,118905.5,118248.0,118444.0,693535.53
1759392000000,118444.0,118908.2,118322.0,118733.7,442841.31
1759406400000,118733.8,119880.7,118477.0,119880.7,2165083.13
1759420800000,119880.7,120996.0,119331.0,120776.5,1747758.14
1759435200000,120776.4,120860.0,120012.0,120477.9,663560.82
1759449600000,120477.9,120502.3,119778.1,120194.0,730071.38
1759464000000,120194.0,120298.5,119596.9,119628.1,579726.81
1759478400000,119628.0,120494.2,119214.0,120307.9,871299.9
1759492800000,120308.0,122330.0,119818.0,122215.0,1883132.74
1759507200000,122215.1,123863.7,121404.2,122597.0,3962927.0
1759521600000,122596.4,122673.8,121950.0,122189.0,470872.95
1759536000000,122189.0,122308.1,121640.6,122212.0,719642.37
1759550400000,122212.0,122759.0,122183.0,122272.6,599461.18
1759564800000,122272.7,122513.3,121922.0,121925.1,446185.02
1759579200000,121925.1,122475.0,121647.2,121753.6,667431.32
1759593600000,121753.6,121936.1,121476.6,121936.1,463966.18
1759608000000,121936.0,122387.3,121840.6,122352.5,300436.41
1759622400000,122352.6,124342.0,122091.7,123737.8,1604988.58
1759636800000,123737.9,125800.0,123688.6,124703.1,1992629.05
1759651200000,124703.1,124847.7,122450.0,123405.5,2026226.47
1759665600000,123405.5,123405.5,122625.0,122758.5,602220.47
1759680000000,122758.4,123456.0,122238.3,122558.7,1062156.25
1759694400000,122558.6,123550.0,122431.0,123434.4,430981.73
1759708800000,123434.4,124327.7,123038.0,123766.5,1269101.82
1759723200000,123765.5,124125.5,123208.9,123347.6,778666.48
1759737600000,123347.6,124513.5,123347.5,124177.0,961230.08
1759752000000,124177.1,125384.2,124140.0,124956.5,1893755.23
1759766400000,124956.5,126173.6,124757.2,125343.0,1389686.64
1759780800000,125343.0,125488.6,124400.0,124622.6,703917.23
1759795200000,124622.6,125046.2,124021.5,124268.4,898128.4
1759809600000,124268.4,124609.0,123505.0,123634.7,904377.72
1759824000000,123634.7,124468.1,123263.4,124392.3,798491.68
1759838400000,124392.2,125097.6,121126.2,121804.4,3405104.4
1759852800000,121804.4,122065.0,120561.6,121592.4,2061671.9
1759867200000,121592.4,122222.0,121208.2,121281.8,745416.76
1759881600000,121281.9,122184.1,121165.7,121333.0,886019.21
1759896000000,121333.4,121875.3,121021.8,121559.6,790702.24
1759910400000,121559.7,123145.2,121482.1,122816.6,1187873.41
1759924800000,122816.5,123300.0,121616.0,122135.9,1638802.61
1759939200000,122135.9,124179.2,122051.6,123372.1,1960429.76
1759953600000,123372.0,123666.7,122735.6,123235.7,472541.14
1759968000000,123235.8,123288.0,121405.4,121976.9,1117887.54
1759982400000,121977.0,122207.4,121655.0,121842.3,629537.01
1759996800000,121842.3,122803.0,121100.0,122695.8,1517068.38
1760011200000,122695.8,123747.1,120601.9,121082.0,3397278.12
1760025600000,121082.1,121423.5,119578.0,120914.0,2124411.14
1760040000000,120914.1,121734.0,120801.9,121604.6,585500.83
1760054400000,121604.6,121873.3,120870.0,121000.0,826666.18
1760068800000,121000.0,121721.0,120821.0,120895.9,751971.21
1760083200000,120895.9,121729.0,120877.6,121500.0,595636.21
1760097600000,121500.1,122465.5,118425.5,118970.9,3728867.78
1760112000000,118971.0,119400.0,115888.0,116595.9,3395298.31
1760126400000,116595.8,117131.7,101482.7,112776.1,11005692.01
1760140800000,112776.1,113318.5,111011.0,112268.3,2314794.07
1760155200000,112268.3,112934.2,110076.0,110417.1,1659381.07
1760169600000,110417.1,112330.0,110150.9,112260.0,1244732.35
1760184000000,112260.0,112480.0,111740.7,111750.0,813129.93
1760198400000,111750.0,112167.2,110817.9,111158.0,769423.5
1760212800000,111158.1,111342.7,109521.4,110614.0,1108333.29
1760227200000,110613.9,111360.4,109550.0,110654.2,1455386.82
1760241600000,110654.1,112075.8,110566.8,111478.9,813090.94
1760256000000,111478.9,112064.7,111074.9,111778.9,730636.67
1760270400000,111778.9,113707.4,111131.4,113168.9,2545464.29
1760284800000,113168.8,114685.8,113168.8,114286.6,1716688.98
1760299200000,114286.7,115744.3,114174.9,114911.4,1429642.13
1760313600000,114911.4,115920.3,114578.3,114779.1,1008657.85
1760328000000,114779.1,115516.4,114368.4,115340.0,976305.56
1760342400000,115339.9,115379.4,113560.1,114134.9,1097155.68
1760356800000,114134.8,115510.9,113735.8,114268.0,1840690.51
1760371200000,114268.1,115829.0,114170.0,115741.3,1204174.52
1760385600000,115741.3,115819.6,114944.7,115115.1,568997.03
1760400000000,115115.2,115369.2,113213.1,113448.8,1174248.4
1760414400000,113448.8,113630.0,111306.0,111669.6,2371382.33
1760428800000,111669.6,112096.9,110000.1,111261.0,1911201.03
1760443200000,111261.0,112846.0,109802.0,112827.7,2607949.78
1760457600000,112827.6,113480.2,111629.4,112553.8,2121835.37
1760472000000,112553.8,113530.0,112175.2,112982.0,629214.84
1760486400000,112982.0,113575.5,111763.6,111989.6,1144857.84
1760500800000,111989.6,112654.0,111684.0,112520.8,821634.5
1760515200000,112520.9,113461.0,111627.7,111859.0,1296552.41
1760529600000,111859.0,112200.0,110329.8,110745.0,2233956.29
1760544000000,110745.0,111489.2,110098.8,111204.1,1122019.9
1760558400000,111204.1,111497.0,110425.0,110714.3,920356.65
1760572800000,110714.2,111817.4,110311.0,111283.5,852432.43
1760587200000,111283.5,111711.0,110505.0,110511.8,1179929.89
1760601600000,110511.8,111684.0,109500.0,111361.6,1713972.1
1760616000000,111361.7,111950.0,108285.1,108489.8,2822129.86
1760630400000,108489.8,109212.1,107517.6,108145.6,2525034.9
1760644800000,108144.0,108452.5,107333.3,108140.1,714966.39
1760659200000,108140.1,109169.5,107883.1,109117.4,812419.38
1760673600000,109117.4,109184.1,105472.6,105575.3,2305126.18
1760688000000,105575.3,106554.9,103450.0,105632.8,3887854.08
1760702400000,105632.8,106772.5,104451.7,106730.1,2592477.56
1760716800000,106730.1,107515.0,106010.1,106406.0,1441082.17
1760731200000,106406.1,107386.4,106296.2,106375.9,587565.54
1760745600000,106375.9,107246.0,106261.9,107030.2,642145.41
1760760000000,107030.3,107460.0,106400.0,106645.0,820486.74
1760774400000,106644.9,107171.4,106565.7,107147.3,481880.79
1760788800000,107147.4,107250.0,106670.9,106884.5,441620.63
1760803200000,106884.5,107040.1,106400.0,107005.9,397064.79
1760817600000,107005.8,107282.6,106788.4,107118.7,297630.52
1760832000000,107118.7,107315.0,106683.6,107214.8,441076.99
1760846400000,107214.9,107244.4,106491.0,106736.7,456787.35
1760860800000,106736.7,108188.0,106077.0,107725.9,2075161.94
1760875200000,107725.9,108562.6,107312.1,108420.0,1090404.95
1760889600000,108419.9,109398.4,108180.0,108855.6,947420.51
1760904000000,108855.6,109316.1,108415.3,108588.5,481164.24
1760918400000,108588.5,110395.6,107383.0,110089.9,1603416.38
1760932800000,110089.9,111366.2,109903.8,111148.0,1467750.99
1760947200000,111148.1,111643.1,110566.4,110975.7,956361.93
1760961600000,110975.8,111694.0,110550.0,111092.5,1359284.64
1760976000000,111092.4,111271.9,109803.1,110750.0,1823586.18
1760990400000,110749.9,111289.5,110351.9,110487.8,590479.76
1761004800000,110487.8,110488.0,109015.2,109015.2,1042933.3
1761019200000,109015.2,109015.3,107408.3,108020.0,2086766.02
1761033600000,108020.0,108778.7,107427.0,108520.3,1210495.14
1761048000000,108520.4,113541.7,107821.8,113384.5,4001962.8
1761062400000,113384.5,113988.0,111310.0,111756.4,2428429.93
1761076800000,111756.4,111776.0,107905.7,108243.0,2458880.47
1761091200000,108243.1,108654.7,107758.2,108154.0,1323045.33
1761105600000,108153.9,108576.8,107551.3,108277.8,1068158.91
1761120000000,108277.8,108303.3,106600.0,107500.1,1543785.85
1761134400000,107500.0,109144.0,107387.5,108364.9,3002323.18
1761148800000,108364.9,108766.0,107411.0,107820.3,1366168.54
1761163200000,107820.1,108023.3,106606.3,107530.5,1181235.99
1761177600000,107530.5,108670.7,107456.0,108309.9,810662.04
1761192000000,108310.0,110271.1,108298.3,109230.0,1393226.63
1761206400000,109229.9,109865.3,109027.1,109221.0,778227.39
1761220800000,109220.9,110071.4,108624.0,109841.0,1550305.44
1761235200000,109840.9,111235.3,109571.0,110143.0,1524463.15
1761249600000,110143.0,110143.7,109270.1,110009.7,634858.36
1761264000000,110009.8,110785.2,109928.0,110398.2,666411.46
1761278400000,110398.2,111501.8,110289.2,111006.0,1082065.84
1761292800000,111006.0,111475.4,110534.2,111023.9,873091.66
1761307200000,111023.9,112178.3,109641.7,110003.6,2427378.72
1761321600000,110003.6,110888.0,109750.0,110560.1,607041.05
1761336000000,110560.0,111078.0,110421.9,110961.5,392158.26
1761350400000,110961.5,111199.9,110603.3,110969.3,374462.78
1761364800000,110969.3,111779.6,110969.3,111462.9,556744.55
1761379200000,111462.9,111797.7,111332.9,111522.7,512282.84
1761393600000,111522.7,111906.7,111266.7,111332.6,512837.57
1761408000000,111332.5,111689.0,111113.8,111565.2,410851.82
1761422400000,111565.2,111638.7,111277.1,111583.7,205538.48
1761436800000,111583.6,111888.0,111200.0,111214.9,402465.3
1761451200000,111214.9,111688.0,111205.0,111680.0,284080.34
1761465600000,111680.0,113445.2,111643.1,113247.9,1541420.09
1761480000000,113247.9,114078.9,113219.9,113654.5,1327075.36
1761494400000,113654.6,113746.0,113221.1,113533.4,438154.97
1761508800000,113533.4,115759.3,112835.0,114508.4,1399893.55
1761523200000,114508.4,115419.8,114326.3,114938.7,787575.14
1761537600000,114938.7,116400.3,114900.8,115513.7,1484397.43
1761552000000,115513.7,115569.0,114780.2,115309.3,901489.62
1761566400000,115309.9,115400.0,114425.3,114905.8,1302277.14
1761580800000,114905.7,115735.2,114733.2,114893.8,753168.22
1761595200000,114893.8,114893.8,113803.1,114060.3,774059.48
1761609600000,114060.3,114499.9,113508.1,113870.0,793717.02
1761624000000,113870.0,114320.0,113410.2,114126.2,713637.83
1761638400000,114126.2,114627.4,114057.6,114283.4,573749.17
1761652800000,114283.4,116055.5,114079.2,114592.4,2141541.46
1761667200000,114592.3,115550.0,113500.0,113627.6,1381356.2
1761681600000,113627.6,113650.2,112138.0,112848.6,1376264.8
1761696000000,112848.6,112921.4,112012.3,112453.9,1250388.05
1761710400000,112453.9,113553.5,112430.8,113500.0,1074823.87
1761724800000,113500.0,113558.5,112669.2,113089.0,922616.08
1761739200000,113089.0,113599.9,111318.4,111459.5,2324984.46
1761753600000,111459.6,112000.0,109100.0,110594.7,3843187.23
1761768000000,110594.8,111749.7,109688.0,109973.0,902117.1
1761782400000,109973.0,110961.0,109681.1,110693.8,764491.8
1761796800000,110693.8,111555.0,107839.1,111316.0,3242249.34
1761811200000,111316.1,111377.0,109622.2,109673.0,1147109.23
1761825600000,109673.1,109747.4,107266.0,107656.6,3171524.18
1761840000000,107656.6,108164.1,106212.9,106485.1,1801689.49
1761854400000,106485.0,108294.6,106253.4,108261.0,1026904.55
1761868800000,108261.0,109983.7,108216.0,109163.7,1582978.57
1761883200000,109163.8,110198.7,109037.7,109401.3,1103132.7
1761897600000,109401.3,110516.0,109129.6,110388.3,1109676.04
1761912000000,110388.4,111111.1,109294.6,110122.5,1997610.63
1761926400000,110122.5,110240.0,108565.9,109787.7,1316169.6
1761940800000,109787.7,109787.7,109261.5,109547.3,332036.71
1761955200000,109547.3,110250.0,109329.2,110174.0,469995.5
1761969600000,110173.9,110499.0,109888.0,110009.9,372481.48
1761984000000,110010.0,110212.3,109778.5,110094.4,309893.47
1761998400000,110094.4,110301.3,109653.1,110240.0,372435.9
1762012800000,110240.0,110486.0,110127.8,110247.8,293533.82
1762027200000,110247.8,110473.9,109800.0,110050.2,225113.13
1762041600000,110050.2,110225.8,109833.7,109993.7,249475.32
1762056000000,109993.7,110999.0,109970.0,110841.5,622741.4
1762070400000,110841.6,111199.7,110305.8,111151.1,627457.89
1762084800000,111151.1,111199.0,110020.1,110062.0,727398.98
1762099200000,110062.0,110295.6,109655.0,110133.9,520585.12
1762113600000,110133.9,110696.5,109400.0,110498.9,493427.36
1762128000000,110498.9,110737.3,107842.7,107889.0,1495672.91
1762142400000,107889.0,108028.0,106897.4,107420.1,1312647.95
1762156800000,107420.0,107869.9,106690.2,107745.0,934348.78
1762171200000,107745.0,108275.8,105428.8,105701.5,2306929.73
1762185600000,105701.6,107700.0,105250.0,107021.4,1548861.5
1762200000000,107021.5,107105.6,105748.2,106533.6,724623.7
1762214400000,106533.6,107244.0,105792.8,107100.1,993058.07
1762228800000,107100.2,107250.1,104131.0,104444.3,2032723.08
1762243200000,104444.3,104680.0,103565.8,104536.9,1517749.21
1762257600000,104536.8,104814.0,102849.8,103155.6,2387640.86
1762272000000,103155.6,103465.1,99907.3,100497.0,3642321.64
1762286400000,100497.1,101849.6,98888.1,101436.4,2595690.47
1762300800000,101436.4,102218.5,98920.9,102085.7,2342779.03
1762315200000,102085.8,102316.0,101434.5,101961.0,959001.24
1762329600000,101960.9,102173.3,101137.2,102028.9,927554.95
1762344000000,102028.9,103763.3,101877.7,103679.9,2030770.69
1762358400000,103679.9,104500.0,103031.0,103950.0,1117646.32
1762372800000,103950.0,104499.7,103237.1,103830.4,697570.56
1762387200000,103830.4,103916.7,102663.0,103602.5,1068388.36
1762401600000,103602.5,104168.3,102860.5,103149.6,838428.67
1762416000000,103149.5,103412.7,102600.1,103198.9,743832.54
1762430400000,103199.0,103590.0,101558.0,101960.2,2206497.91
1762444800000,101960.2,102356.8,100250.0,101331.8,2317317.66
1762459200000,101331.8,101600.0,100490.1,101306.0,690979.48
1762473600000,101306.1,102300.0,100689.2,101864.0,1223309.66
1762488000000,101864.1,102486.5,101520.1,101964.6,878500.79
1762502400000,101964.6,102008.0,99740.0,100358.0,1520189.08
1762516800000,100358.0,101217.0,99200.0,100753.1,2223593.31
1762531200000,100750.1,103351.0,100473.9,103342.0,1628479.16
1762545600000,103342.0,104044.0,102902.6,103286.2,827970.83
1762560000000,103286.3,103367.0,102455.0,102540.0,794298.43
1762574400000,102540.1,102794.2,101857.8,102316.0,749954.91
1762588800000,102316.1,102637.9,101664.8,101800.0,633228.15
1762603200000,101799.9,102155.0,101415.0,101685.1,685106.82
1762617600000,101685.1,102180.0,101453.3,101933.5,484232.87
1762632000000,101933.5,102449.1,101906.2,102268.9,256705.31
1762646400000,102269.0,102308.4,101320.0,101622.0,511085.8
1762660800000,101621.9,102092.9,101588.4,101896.0,402562.55
1762675200000,101896.0,102291.0,101450.1,102205.9,638520.38
1762689600000,102205.9,104200.0,102012.0,103694.9,1649788.65
1762704000000,103694.9,104771.1,103280.8,104763.9,1019240.65
1762718400000,104763.9,105444.0,104000.0,104659.2,919263.09
1762732800000,104659.2,106626.3,104218.2,105975.2,1733577.14
1762747200000,105975.3,106495.4,105800.0,106433.6,635427.1
1762761600000,106433.6,106566.6,105781.3,106128.9,722829.57
1762776000000,106129.0,106555.0,104630.0,105034.9,1613944.44
1762790400000,105034.9,106057.8,104747.5,105769.5,868636.27
1762804800000,105769.4,106251.9,105217.0,105960.0,552002.62
1762819200000,105960.0,107499.8,105455.0,106410.5,1551994.0
1762833600000,106410.5,106496.9,104700.0,104750.9,1139659.17
1762848000000,104750.8,105454.5,104729.6,105246.2,582400.65
1762862400000,105246.3,105441.4,103150.0,103418.8,2037052.54
1762876800000,103418.9,103709.0,102783.9,103082.4,1058465.16
1762891200000,103082.3,103183.5,102444.0,103017.9,805061.05
1762905600000,103018.0,103399.7,102639.4,103273.3,648904.75
1762920000000,103273.2,103611.9,102976.1,103072.3,501406.7
1762934400000,103072.3,105167.0,103072.3,104982.8,1647576.66
1762948800000,104982.8,105293.2,101902.5,102123.2,2331198.56
1762963200000,102123.2,102246.2,100688.7,101240.9,1944859.14
1762977600000,101240.9,101947.8,101080.0,101607.9,580584.9
1762992000000,101608.0,102571.7,100862.5,102080.1,1285769.49
1763006400000,102080.1,104000.0,101620.0,103422.5,1693531.21
1763020800000,103422.5,103760.8,102491.9,102892.5,1036708.61
1763035200000,102892.5,103465.1,101120.9,101322.0,2715376.38
1763049600000,101322.1,101484.5,98084.0,98629.5,3357295.02
1763064000000,98629.4,100450.0,97930.0,99639.2,1627481.13
1763078400000,99639.2,99825.4,98664.5,99112.1,1431324.38
1763092800000,99112.1,99148.2,95859.1,97086.4,3636238.87
1763107200000,97086.3,97500.0,95666.0,96142.1,1398714.76
1763121600000,96142.0,97280.0,94500.1,96751.9,3626178.76
1763136000000,96751.9,97368.0,94754.1,95739.0,1959845.95
1763150400000,95739.0,95915.4,93929.7,94533.0,1761469.41
1763164800000,94533.0,96769.1,94507.5,96365.1,1237529.01
1763179200000,96365.0,96546.2,95846.9,96291.0,781960.58
1763193600000,96290.9,96333.3,95585.0,95648.6,714150.64
1763208000000,95648.6,96430.0,95521.0,96212.4,678143.8
1763222400000,96212.5,96363.6,95678.0,95961.5,596201.22
1763236800000,95961.5,95979.8,95065.6,95557.1,594771.93
1763251200000,95557.1,95938.6,94803.2,95769.9,743305.12
1763265600000,95769.9,96144.0,95600.0,96051.8,468507.38
1763280000000,96051.9,96587.3,95466.1,95591.6,924909.08
1763294400000,95591.5,95875.7,94322.0,94540.2,1127539.65
1763308800000,94540.2,95532.0,93710.5,93992.2,2105394.11
1763323200000,93992.1,94707.7,92918.3,94224.4,1834231.41
1763337600000,94224.4,95521.3,93733.3,95460.0,1285744.46
1763352000000,95459.9,95842.3,94850.1,95599.1,935244.0
1763366400000,95599.1,95978.9,95259.4,95526.0,784439.31
1763380800000,95525.9,96000.0,93540.0,93913.4,3505826.32
1763395200000,93915.3,94382.5,91555.0,91651.3,2956731.32
1763409600000,91651.2,92350.0,91255.1,92170.1,1382181.55
1763424000000,92170.1,92315.3,89677.0,90807.4,2893257.0
1763438400000,90807.3,90834.1,89250.5,90455.0,2203004.98
1763452800000,90455.1,91568.4,90452.9,91467.1,1536203.94
1763467200000,91467.0,93000.0,90880.0,92861.4,2979058.72
1763481600000,92861.3,93784.8,92530.0,93137.3,1735627.77
1763496000000,93137.3,93373.3,92419.1,92922.5,713318.08
1763510400000,92922.4,92942.9,91633.0,91839.2,1181668.33
1763524800000,91839.3,91980.3,89960.0,91809.0,2231483.43
1763539200000,91809.0,91912.9,91031.0,91352.6,975507.87
1763553600000,91352.6,92343.5,89819.2,89895.6,2307590.58
1763568000000,89895.5,90189.0,88567.0,88848.6,2773104.8
1763582400000,88848.7,91568.8,88556.1,91520.6,2028022.08
1763596800000,91520.6,92777.0,91146.9,92417.0,1618094.21
1763611200000,92416.9,93130.0,91641.3,92288.3,1522068.18
1763625600000,92288.4,92400.0,91410.0,91886.4,1215056.49
1763640000000,91886.5,92548.0,89773.3,89817.1,2964291.48
1763654400000,89817.0,89864.2,86054.0,86878.9,5658800.44
1763668800000,86878.8,88214.4,86260.6,86595.1,1730436.0
1763683200000,86595.1,87466.0,85300.0,85790.2,2535603.8
1763697600000,85790.2,86317.8,81222.0,84000.1,4679928.42
1763712000000,84000.0,84664.7,81609.8,82285.0,4195137.06
1763726400000,82284.9,85445.7,80602.4,82904.7,6103289.24
1763740800000,82904.7,85536.2,82289.6,84171.8,3577573.98
1763755200000,84171.7,85367.7,83422.6,85086.5,1327324.8
1763769600000,85086.6,85590.4,84173.3,84405.5,1051820.82
1763784000000,84405.5,84770.0,83802.6,84548.0,833660.4
1763798400000,84547.9,84549.9,83465.9,84059.2,1104735.22
1763812800000,84059.2,84711.2,83580.0,84235.4,927911.83
1763827200000,84235.4,84877.9,84170.0,84561.0,481796.87
1763841600000,84561.1,85230.8,84187.8,84700.0,578229.58
1763856000000,84700.0,86313.5,84635.4,86257.9,1279785.27
1763870400000,86258.0,86823.5,85364.4,85740.6,1171278.97
1763884800000,85740.7,86442.1,85729.2,86299.1,1010638.76
1763899200000,86299.0,87226.2,86230.4,87033.2,1317357.27
1763913600000,87033.2,87666.0,86456.9,87288.1,1088911.3
1763928000000,87288.1,88099.9,86686.5,86803.9,1020649.55
1763942400000,86803.9,88029.1,85907.0,87404.6,1998706.92
1763956800000,87404.7,87799.8,86400.0,87002.9,1322210.3
1763971200000,87002.9,87002.9,85648.9,86235.3,1542524.92
1763985600000,86235.2,86714.2,85217.9,86562.9,2465634.5
1764000000000,86562.8,88797.1,86562.2,88291.9,2384719.87
1764014400000,88292.0,89183.2,88208.0,88241.8,1027458.15
1764028800000,88241.9,88248.4,87413.0,87763.3,1145104.3
1764043200000,87763.3,88467.2,87255.0,87359.0,1071190.43
1764057600000,87358.9,87578.8,86640.0,87308.1,1298402.52
1764072000000,87308.1,87727.7,86057.4,86943.9,2286662.53
1764086400000,86944.0,88098.4,86131.0,86825.1,1605973.2
1764100800000,86825.2,87870.0,86535.4,87312.0,1000545.05
1764115200000,87311.9,88190.7,87009.9,87080.0,1044103.9
1764129600000,87080.0,87938.9,86852.4,87899.9,829972.94
1764144000000,87900.0,87910.4,86620.0,87041.1,1023704.11
1764158400000,87041.2,87646.0,86266.0,86939.1,1777482.24
1764172800000,86939.0,90373.0,86923.7,89913.7,2591026.61
1764187200000,89913.7,90664.4,89467.1,90425.8,1136939.46
1764201600000,90425.8,91830.0,90020.1,91033.2,1924027.0
1764216000000,91033.2,91513.6,90830.4,91348.0,837430.99
1764230400000,91348.1,91908.5,91163.1,91320.1,1046760.28
1764244800000,91320.2,91412.1,90415.1,90912.0,1359820.62
1764259200000,90912.0,91791.0,90804.5,91485.1,923104.87
1764273600000,91485.1,91558.1,91054.7,91287.2,424752.46
1764288000000,91287.2,91380.7,90612.6,91162.1,901171.91
1764302400000,91162.1,91666.0,90800.0,90850.1,1029339.38
1764316800000,90850.1,91976.4,90850.0,91377.4,1407651.47
1764331200000,91377.4,93133.9,91332.7,92310.9,3218260.39
1764345600000,92310.9,92332.0,90173.6,91099.4,2053527.53
1764360000000,91099.3,91199.6,90632.1,90850.0,508769.3
1764374400000,90850.1,91081.8,90500.0,90639.7,574591.31
1764388800000,90639.7,90887.4,90260.3,90520.3,625480.99
1764403200000,90520.3,90706.5,90333.0,90624.9,423924.92
1764417600000,90624.9,91079.1,90480.1,91025.6,571623.09
1764432000000,91025.6,91130.5,90113.7,90602.8,793028.86
1764446400000,90602.7,91022.9,90367.2,90762.8,451535.45
1764460800000,90762.8,91006.7,90418.0,90880.0,437032.91
1764475200000,90880.0,91010.0,90627.6,90929.0,378764.73
1764489600000,90928.9,91605.4,90877.7,91000.8,970621.61
1764504000000,91001.0,91935.8,90960.0,91395.1,1014813.1
1764518400000,91395.1,91816.2,91100.0,91409.5,582992.74
1764532800000,91409.6,91577.0,90300.0,90316.5,823623.57
1764547200000,90316.6,90385.5,86130.9,86322.0,4219877.0
1764561600000,86322.0,86537.9,85560.1,86495.4,1624864.75
1764576000000,86495.4,86900.0,86084.7,86099.1,1068556.3
1764590400000,86099.1,86633.9,83777.0,84636.8,4374805.01
1764604800000,84636.9,85531.8,84000.0,84974.8,2232736.82
1764619200000,84974.8,86825.9,84959.1,86245.0,1623769.37
1764633600000,86245.0,87327.2,86137.0,86922.1,1307790.86
1764648000000,86922.1,87221.0,86758.2,86962.2,714756.38
1764662400000,86962.3,87583.3,86307.7,87333.0,1461244.99
1764676800000,87333.0,91174.6,87000.0,90800.1,4227632.51
1764691200000,90800.0,92282.8,90167.8,91859.1,2426277.48
1764705600000,91859.0,91962.6,90662.7,91246.6,1395142.92
1764720000000,91246.5,93064.0,90963.8,92584.9,1602751.85
1764734400000,92585.0,93927.3,92576.5,92972.0,2034012.51
1764748800000,92971.9,93333.0,92596.5,92958.6,1135046.13
1764763200000,92958.5,93668.2,91619.9,92336.6,3260521.03
1764777600000,92336.6,93466.3,91737.9,92984.7,1541598.22
1764792000000,92984.7,94151.9,92780.7,93377.4,1150715.39
1764806400000,93377.4,94047.9,92625.7,93489.5,1440824.82
1764820800000,93489.5,93540.8,92735.0,93349.9,789540.71
1764835200000,93350.0,93575.9,92670.5,92900.0,856893.26
1764849600000,92900.0,93231.6,91752.0,92925.0,2074982.35
1764864000000,92925.1,93135.0,90815.3,91928.2,2090582.91
1764878400000,91928.2,92670.0,91634.1,92036.3,703756.5
1764892800000,92036.3,92652.5,91894.1,92109.3,656631.71
1764907200000,92109.3,92452.1,91735.1,92220.0,757234.37
1764921600000,92219.9,92220.0,90942.0,91309.9,1170376.31
1764936000000,91309.8,91433.4,89828.9,90406.6,2503706.46
1764950400000,90406.6,90451.4,87936.1,89587.1,3344329.48
1764964800000,89587.1,89693.3,88860.3,89284.0,573667.99
1764979200000,89283.9,89753.8,89000.0,89627.2,566679.04
1764993600000,89627.2,89713.0,89411.0,89540.4,399111.5
1765008000000,89540.5,89691.0,89166.8,89586.2,587817.65
1765022400000,89586.2,90279.7,89428.2,89718.6,850557.49
1765036800000,89718.5,89941.7,89200.0,89360.4,495118.13
1765051200000,89360.4,89574.9,88860.0,89186.8,446905.54
1765065600000,89186.9,89704.7,89124.0,89670.7,416858.08
1765080000000,89670.7,89750.0,89152.4,89340.0,491818.64
1765094400000,89340.0,89500.8,89011.4,89115.1,476824.44
1765108800000,89115.0,89687.4,87670.0,89504.4,2291367.06
1765123200000,89504.4,91728.5,89061.7,91388.0,1873180.44
1765137600000,91388.0,91482.1,88848.2,90335.6,1500699.89
1765152000000,90335.6,91650.0,89814.0,91032.6,1148322.4
1765166400000,91032.6,91862.0,90980.0,91523.0,758082.9
1765180800000,91523.0,92255.0,91441.0,91923.8,789655.49
1765195200000,91923.8,92094.7,89560.1,89910.3,2500078.89
1765209600000,89910.4,90474.0,89625.9,90076.3,1265626.64
1765224000000,90076.7,91338.2,90076.7,90604.7,899563.18
1765238400000,90604.8,90818.1,89766.0,90365.4,755559.03
1765252800000,90365.4,90482.6,89447.4,90449.9,1071661.88
1765267200000,90450.0,90583.6,89845.3,90338.9,685582.15
1765281600000,90338.9,92863.8,89951.0,92675.4,2390482.17
1765296000000,92675.3,94569.9,92655.6,93761.9,2708141.87
1765310400000,93761.8,93817.0,92194.8,92627.9,1291635.99
1765324800000,92627.9,92736.6,91904.6,92371.4,938769.46
1765339200000,92371.4,92767.1,92338.0,92748.7,524840.11
1765353600000,92748.6,93236.7,91723.0,92084.3,1376576.27
1765368000000,92084.4,92188.0,91507.2,92014.1,993123.49
1765382400000,92014.1,93250.0,91628.0,92911.9,2484522.56
1765396800000,92911.9,94444.0,91813.2,91979.7,2136552.52
1765411200000,91979.8,92054.3,89336.2,89831.1,2004305.6
1765425600000,89831.1,90450.0,89639.6,90232.3,790677.74
1765440000000,90232.2,90483.0,89920.4,90194.1,563470.08
1765454400000,90194.1,90620.0,89210.7,89825.6,1676191.4
1765468800000,89825.7,91498.0,89284.2,90787.9,1732752.42
1765483200000,90788.0,93540.8,90739.1,92479.9,2277004.05
1765497600000,92480.0,92719.9,91200.8,92232.3,1376119.55
1765512000000,92232.2,92679.9,92027.6,92380.5,578437.81
1765526400000,92380.5,92607.2,92035.7,92383.0,579460.82
1765540800000,92382.9,92640.6,89711.5,89871.2,2517216.33
1765555200000,89871.3,90622.9,89409.9,90146.5,2063515.9
1765569600000,90146.6,90352.8,89838.4,90219.7,485940.28
1765584000000,90219.7,90426.8,90065.8,90291.5,342990.12
1765598400000,90291.6,90373.2,90211.0,90287.7,270105.54
1765612800000,90287.7,90600.0,90254.1,90309.4,520517.19
1765627200000,90309.3,90447.0,89880.3,90059.8,586910.37
1765641600000,90059.7,90238.5,89940.1,90147.6,282564.04
1765656000000,90147.7,90244.6,89715.5,90204.1,298433.26
1765670400000,90204.1,90450.0,90082.1,90234.3,375520.95
1765684800000,90234.2,90307.5,90008.2,90212.4,314073.68
1765699200000,90212.4,90263.0,88503.3,89302.2,1284562.27
1765713600000,89302.2,89618.0,88822.5,88982.2,837522.03
1765728000000,88982.2,89369.0,88401.6,88592.6,798852.48
1765742400000,88592.6,88770.3,87523.3,88114.6,1068560.55
1765756800000,88114.5,89979.1,88020.0,89236.0,1398925.3
1765771200000,89235.9,89884.0,89226.8,89712.5,613453.42
1765785600000,89712.5,89946.3,89536.2,89608.1,594752.3
1765800000000,89608.1,89842.6,86580.1,86984.5,3258015.72
1765814400000,86984.4,87169.7,85088.3,86096.4,2388877.38
1765828800000,86096.3,86431.3,85469.9,86390.9,817582.4
1765843200000,86391.0,86476.6,85333.0,85829.1,917684.55
1765857600000,85829.2,86580.9,85223.2,85966.7,986589.18
1765872000000,85966.6,87300.0,85882.0,87209.8,1021097.91
1765886400000,87209.8,88146.6,86045.3,87941.5,2801703.63
1765900800000,87941.5,88026.7,87014.2,87542.3,1253564.62
1765915200000,87542.3,87900.0,87300.0,87825.7,409763.82
1765929600000,87825.8,87917.5,87106.6,87175.1,626627.83
1765944000000,87175.1,87347.4,86137.8,87003.7,1084543.22
1765958400000,87003.6,87098.2,86186.0,86932.9,862713.39
1765972800000,86932.9,90350.0,86766.2,87192.8,4637457.29
1765987200000,87192.9,87776.3,85282.1,85976.7,2606793.35
1766001600000,85976.7,86398.7,85616.6,86201.5,702843.01
1766016000000,86201.6,86836.9,85816.6,86578.0,813931.55
1766030400000,86578.0,86860.3,86335.9,86790.6,578412.6
1766044800000,86790.6,87417.9,86637.3,87237.1,816107.03
1766059200000,87237.1,89468.8,87081.5,88479.7,3947533.74
1766073600000,88479.6,88500.0,84407.7,84433.1,3921913.59
1766088000000,84433.0,85818.0,84401.9,85458.2,1344168.59
1766102400000,85458.3,87535.7,85047.9,86855.9,1739218.85
1766116800000,86855.8,88366.0,86625.9,87909.9,1435740.4
1766131200000,87909.9,88334.2,87691.7,88156.6,850289.24
1766145600000,88156.7,89539.0,87437.3,87920.0,2702509.94
1766160000000,87920.0,88878.4,86808.0,87801.9,2037036.75
1766174400000,87802.0,88389.2,87560.0,88104.0,603226.66
1766188800000,88104.0,88288.1,87926.3,88162.7,307803.14
1766203200000,88162.7,88538.0,88074.4,88229.9,364861.74
1766217600000,88229.9,88394.0,88064.7,88238.8,281796.95
1766232000000,88238.9,88300.0,87746.6,88130.9,499732.35
1766246400000,88131.0,88384.8,88068.4,88188.4,215578.07
1766260800000,88188.4,88427.3,88103.0,88322.0,167927.39
1766275200000,88322.0,88400.0,87833.4,88057.4,381236.52
1766289600000,88057.5,88167.2,88017.5,88140.3,191778.19
1766304000000,88140.2,89058.6,88107.2,88568.0,841490.6
1766318400000,88568.0,88894.6,87553.0,88028.0,1326553.72
1766332800000,88027.9,88570.0,87900.0,88449.2,539550.16
1766347200000,88449.2,88796.9,88053.8,88624.1,402029.58
1766361600000,88624.1,89615.4,87824.6,88725.6,1606678.96
1766376000000,88725.5,89167.9,88668.9,89124.1,599158.03
1766390400000,89124.1,90099.5,89046.2,89908.0,1406156.28
1766404800000,89908.0,90574.0,89121.7,89677.7,2143215.41
1766419200000,89677.8,90084.8,87919.4,88005.9,1496924.39
1766433600000,88005.8,88788.0,87868.6,88576.2,868486.18
1766448000000,88576.2,88910.9,87735.7,88128.3,913222.34
1766462400000,88128.3,88333.0,86950.0,87531.7,1246093.15
1766476800000,87531.7,87846.5,87254.2,87800.0,580749.55
1766491200000,87799.9,87920.9,86532.7,87400.0,1769278.69
1766505600000,87399.9,88237.0,87117.1,87704.9,1691120.68
1766520000000,87704.9,88333.0,87135.2,87442.2,680315.83
1766534400000,87442.2,87798.2,86800.2,87306.6,706833.85
1766548800000,87306.6,87426.5,86729.2,86871.5,536460.71
1766563200000,86871.4,87314.6,86673.0,87153.9,570233.72
1766577600000,87153.8,87446.2,86350.0,87014.6,1263515.88
1766592000000,87014.5,87673.1,86870.2,87528.8,806256.85
1766606400000,87528.9,88034.4,87488.1,87630.1,576483.92
1766620800000,87630.1,87939.8,87475.1,87804.4,352247.5
1766635200000,87804.5,87820.5,87612.8,87786.4,226203.43
1766649600000,87786.5,87852.5,87200.0,87477.8,598818.22
1766664000000,87477.9,88576.3,87356.9,88334.3,950521.22
1766678400000,88334.4,88443.2,87951.0,88108.9,507899.41
1766692800000,88109.0,88132.0,86901.1,87180.4,936048.2
1766707200000,87180.4,89436.9,86848.3,88793.5,1827925.37
1766721600000,88793.5,89533.0,88314.4,88446.6,1106153.12
1766736000000,88446.5,88888.0,88388.0,88491.5,552323.08
1766750400000,88491.5,89021.0,86601.1,87094.8,2269089.94
1766764800000,87094.8,87534.4,86762.6,87450.1,810187.16
1766779200000,87450.1,87756.0,87281.6,87328.0,402546.32
1766793600000,87327.9,87496.3,87210.0,87473.5,213528.5
1766808000000,87473.4,87666.0,87366.8,87493.0,299737.71
1766822400000,87493.0,87639.9,87322.5,87436.6,277390.75
1766836800000,87436.7,87551.2,87274.4,87519.7,229647.17
1766851200000,87519.7,87546.8,87385.1,87529.5,158512.11
1766865600000,87529.7,87954.9,87456.0,87833.6,372556.32
1766880000000,87833.5,87921.9,87670.6,87692.9,260409.95
1766894400000,87692.9,87800.0,87570.0,87695.0,240764.3
1766908800000,87695.0,87996.2,87670.4,87847.8,440245.17
1766923200000,87847.9,88072.0,87751.4,87793.1,402993.6
1766937600000,87793.1,87900.0,87444.0,87481.6,486734.72
1766952000000,87481.6,88020.5,87374.0,87913.0,449954.67
1766966400000,87913.0,90147.1,87775.7,90085.2,2073415.41
1766980800000,90085.2,90368.0,89468.3,89581.6,1180373.93
1766995200000,89581.6,89794.0,87522.0,87534.8,2070468.8
1767009600000,87534.9,88147.3,86750.0,87632.6,2551562.85
1767024000000,87632.5,87965.0,87258.1,87326.3,719221.15
1767038400000,87326.4,87564.0,87021.3,87195.3,500461.2
1767052800000,87195.3,87382.4,86766.3,87323.1,749019.03
1767067200000,87323.1,87574.7,87106.0,87444.9,449781.83
1767081600000,87445.0,88200.0,87443.6,87862.0,1221850.85
1767096000000,87862.1,89118.9,87785.0,88967.7,2056222.74
1767110400000,88967.5,89355.0,87918.3,88189.0,1449544.73
1767124800000,88189.0,88537.4,87822.3,88450.1,505621.63
1767139200000,88450.1,88792.8,88133.0,88416.5,607031.3
1767153600000,88416.6,88599.9,88290.0,88569.9,378252.27
1767168000000,88569.9,89023.0,88342.5,88969.1,708379.26
1767182400000,88969.0,89187.9,87720.5,87900.0,1762922.95
1767196800000,87900.0,88000.0,87333.1,87501.8,1218099.3
1767211200000,87501.8,87844.5,87162.3,87593.1,508465.66
1767225600000,87593.0,88040.2,87577.0,87805.9,414244.69
1767240000000,87805.9,87812.7,87501.4,87588.8,349231.7
1767254400000,87588.7,87980.0,87577.5,87970.5,367322.1
1767268800000,87970.5,88073.3,87749.5,87986.9,439689.58
1767283200000,87986.9,88500.0,87821.6,88344.5,546598.8
1767297600000,88344.7,88880.0,88190.1,88805.0,551742.29
1767312000000,88805.0,89090.1,88329.1,88908.9,940011.51
1767326400000,88908.9,89055.1,88528.1,88827.3,671258.44
1767340800000,88827.3,89925.6,88777.0,89452.5,1416156.85
1767355200000,89452.5,90148.5,88404.5,89370.0,2686260.74
1767369600000,89369.9,90935.3,89159.8,89853.2,2400816.22
1767384000000,89853.3,90358.1,89562.6,89950.4,516482.04
1767398400000,89950.4,90366.6,89903.3,90287.2,439039.06
1767412800000,90287.1,90448.9,89266.0,89534.6,799156.12
1767427200000,89534.5,89940.1,89383.7,89706.2,545427.64
1767441600000,89706.1,90199.9,89619.1,89929.4,619685.93
1767456000000,89929.4,90175.7,89856.0,90083.5,313400.21
1767470400000,90083.4,90707.3,89972.3,90587.9,512476.98
1767484800000,90588.0,91588.0,90587.9,91194.6,1115459.2
1767499200000,91194.6,91806.0,91147.3,91479.8,811653.39
1767513600000,91479.8,91584.0,91130.3,91259.8,550160.56
1767528000000,91259.9,91386.0,90956.0,91294.0,549060.19
1767542400000,91294.0,91415.9,90811.1,91099.7,515622.82
1767556800000,91099.8,91555.7,91081.1,91488.7,360631.22
1767571200000,91488.7,93395.0,91475.1,92844.1,2339981.87
1767585600000,92844.1,92928.0,92112.3,92479.7,918976.8
1767600000000,92479.6,93132.0,92286.7,93091.1,867766.65
1767614400000,93091.1,93989.9,92370.5,93909.1,2267235.02
1767628800000,93909.0,94488.0,93195.0,94245.0,1735155.62
1767643200000,94245.0,94778.8,93750.0,93817.8,1080407.56
1767657600000,93817.9,94124.0,93472.8,93723.0,773314.01
1767672000000,93722.9,93963.0,93088.3,93225.1,790654.29
1767686400000,93225.0,93869.8,93134.5,93810.1,642911.04
1767700800000,93810.1,94421.9,93292.2,93605.0,2045532.87
1767715200000,93605.0,93728.1,91221.9,92062.4,2956878.52
1767729600000,92062.4,93844.5,92062.4,93712.9,1537755.78
1767744000000,93713.0,93713.0,92210.0,92783.7,1123199.23
1767758400000,92783.7,92895.5,92465.7,92842.3,466612.39
1767772800000,92842.3,92931.1,91555.0,92050.8,1267468.47
1767787200000,92050.8,92291.1,90900.5,91296.3,2083076.89
1767801600000,91296.3,91744.0,90614.7,91144.5,1405769.3
1767816000000,91144.4,91457.4,90705.3,91330.4,705017.63
1767830400000,91330.5,91650.0,90566.0,90778.9,857317.43
1767844800000,90778.8,91150.0,89566.6,90486.7,1776011.05
1767859200000,90486.6,90722.8,89701.1,90179.9,1200707.96
1767873600000,90179.9,90777.0,89268.0,90732.3,1979215.03
1767888000000,90732.2,91427.4,90266.7,90895.7,1278864.32
1767902400000,90895.8,91466.5,90515.8,91055.7,583855.0
1767916800000,91055.6,91588.0,90804.4,91191.2,685821.97
1767931200000,91191.2,91203.1,90702.4,90706.3,486333.81
1767945600000,90706.3,90815.8,89650.4,90406.0,1365788.4
1767960000000,90406.0,91983.0,89786.3,91136.6,2666479.2
1767974400000,91136.5,91737.1,90132.8,90284.2,1408829.52
1767988800000,90284.2,90686.0,90049.4,90604.6,523158.02
1768003200000,90604.7,90740.0,90475.2,90589.5,254134.83
1768017600000,90589.6,90650.0,90376.1,90637.8,234545.92
1768032000000,90637.8,90791.3,90565.4,90683.5,319961.8
1768046400000,90683.5,90752.6,90485.5,90611.6,246017.12
1768060800000,90611.5,90699.5,90472.0,90587.4,163849.79
1768075200000,90587.4,90614.7,90342.1,90471.7,190143.24
1768089600000,90471.7,90699.0,90400.0,90698.9,192019.72
1768104000000,90699.0,90824.3,90550.0,90675.4,244661.06
1768118400000,90675.4,90778.8,90572.0,90709.5,324667.57
1768132800000,90709.5,91149.9,90666.0,90830.0,620544.43
1768147200000,90830.0,91258.9,90625.1,90653.3,425842.01
1768161600000,90653.3,91000.0,90155.1,90962.0,582150.6
1768176000000,90961.9,92495.0,90642.2,91778.6,1883894.04
1768190400000,91778.7,92253.8,91353.0,91380.1,941864.48
1768204800000,91380.0,91598.0,90320.0,90575.6,1595803.04
1768219200000,90575.5,91633.0,90064.4,91626.0,1759122.54
1768233600000,91626.0,92283.0,90960.7,91834.0,1965526.05
1768248000000,91834.0,92023.0,90882.0,91250.2,686022.97
1768262400000,91250.3,91513.2,91008.1,91376.9,581219.24
1768276800000,91376.9,92248.0,91309.0,91911.8,1067541.87
1768291200000,91911.8,92648.0,91886.4,91963.9,1097569.48
1768305600000,91963.9,93417.6,91725.5,93412.2,2479442.51
1768320000000,93412.2,94207.2,93017.3,94180.9,1789604.48
1768334400000,94181.0,96777.0,94014.9,95394.2,3136884.41
1768348800000,95394.2,95688.0,95100.1,95671.0,915879.14
1768363200000,95671.0,95757.0,94505.0,95179.5,1205840.17
1768377600000,95179.5,95306.0,94712.0,94778.0,708521.49
1768392000000,94777.9,97059.0,94640.6,96695.3,2683433.95
1768406400000,96695.3,97722.6,96176.2,97213.3,2633189.25
1768420800000,97213.2,97900.0,96707.1,96914.6,905147.11
1768435200000,96914.5,96950.0,95717.7,95946.9,1131555.84
1768449600000,95946.9,96728.0,95916.5,96592.9,797385.09
1768464000000,96593.0,97162.1,96240.4,96541.2,768172.8
1768478400000,96541.2,97109.5,95380.6,96681.0,2058774.97
1768492800000,96681.0,97031.7,95121.8,95472.9,1698246.2
1768507200000,95473.0,95847.0,95089.0,95570.0,644591.72
1768521600000,95570.0,95814.0,95288.9,95306.0,530568.88
1768536000000,95306.0,95800.0,95111.0,95625.8,706744.35
1768550400000,95625.8,95809.9,95218.9,95392.8,472983.37
1768564800000,95392.8,95768.9,94262.0,94549.8,1630846.21
1768579200000,94549.8,95188.0,94461.9,94959.5,855522.21
1768593600000,94959.4,95564.5,94635.0,95500.8,519630.24
1768608000000,95500.7,95540.0,95150.1,95330.1,305537.65
1768622400000,95330.0,95348.5,94973.0,95049.4,284936.43
1768636800000,95049.4,95270.0,94973.0,95269.9,311468.5
1768651200000,95270.0,95611.5,95147.3,95519.6,458325.87
1768665600000,95519.5,95519.6,95172.8,95256.1,335015.22
1768680000000,95256.0,95388.6,95003.0,95114.0,282068.46
1768694400000,95114.0,95204.0,94829.6,95154.9,360704.21
1768708800000,95154.9,95226.1,94979.1,94990.2,223373.28
1768723200000,94990.3,95270.8,94979.1,95132.4,239825.14
1768737600000,95132.4,95325.0,94863.8,95067.9,447236.53
1768752000000,95068.0,95481.5,95020.0,95326.0,378747.29
1768766400000,95326.1,95495.0,93555.0,93625.2,1147108.08
1768780800000,93625.1,93625.2,91816.7,92637.7,2623275.5
1768795200000,92637.7,92805.6,92344.0,92781.0,548209.52
1768809600000,92780.9,93305.0,92632.0,93141.3,737476.77
1768824000000,93141.3,93188.0,92662.9,93012.3,581416.2
1768838400000,93012.2,93367.0,92873.5,93058.0,479099.11
1768852800000,93057.9,93300.0,92118.0,92588.1,644186.36
1768867200000,92588.0,92837.0,92207.1,92403.4,674885.21
1768881600000,92403.4,92450.9,90711.1,91131.8,2251019.55
1768896000000,91131.8,91394.5,90628.1,91181.2,982541.14
1768910400000,91181.2,91340.0,89806.4,90638.0,2563369.35
1768924800000,90638.0,90922.0,89225.0,89680.0,1831397.21
1768939200000,89679.9,89816.0,87716.1,88387.3,1780640.32
1768953600000,88387.3,89557.9,88211.0,89378.1,907784.25
1768968000000,89378.1,90080.0,89050.0,89171.3,1100406.1
1768982400000,89171.3,89450.0,88650.0,88758.7,821302.8
1768996800000,88758.7,90541.7,88151.0,90228.8,2877465.16
1769011200000,90228.8,90428.5,87200.1,90315.0,3978573.05
1769025600000,90315.1,90348.2,89303.7,89401.0,1106057.75
1769040000000,89401.0,90312.2,89400.9,89848.7,825498.59
1769054400000,89848.7,90176.4,89748.3,89776.9,531304.52
1769068800000,89776.9,90115.4,89715.5,89890.4,498671.89
1769083200000,89890.4,90296.1,88453.1,88956.0,1885691.28
1769097600000,88955.9,89888.8,88633.0,89739.9,1191255.85
1769112000000,89740.0,89911.4,89100.1,89519.1,477123.2
1769126400000,89519.1,89939.3,89408.4,89894.4,420478.06
1769140800000,89894.4,90042.9,89362.7,89477.6,637704.42
1769155200000,89477.6,89580.3,88822.7,89169.9,834510.64
1769169600000,89170.0,89826.6,88502.4,89703.6,1513640.42
1769184000000,89703.7,91180.0,89431.0,89943.1,2142339.07
1769198400000,89943.1,90119.6,89158.8,89556.0,619442.53
1769212800000,89556.0,89892.2,89378.2,89731.0,333642.95
1769227200000,89731.0,89807.0,89520.6,89575.0,276509.7
1769241600000,89574.9,89662.5,89544.2,89559.3,170115.77
1769256000000,89559.3,89559.5,89112.1,89239.3,534276.04
1769270400000,89239.2,89419.0,89113.0,89287.0,327496.93
1769284800000,89287.1,89463.9,89168.6,89180.0,169218.53
1769299200000,89180.1,89285.2,88800.0,88924.0,402710.4
1769313600000,88923.9,89057.2,88580.4,88623.1,385074.32
1769328000000,88623.2,88729.4,88074.8,88523.3,769321.8
1769342400000,88523.2,88927.0,88333.0,88415.8,605011.99
1769356800000,88415.7,88421.4,86137.8,86464.9,2834685.25
1769371200000,86464.9,86975.4,86033.5,86628.9,1263082.62
1769385600000,86628.8,87912.0,86458.7,87228.0,1322357.58
1769400000000,87228.1,88033.7,87183.9,87963.4,718862.7
1769414400000,87963.4,88350.0,87550.5,87820.5,649480.81
1769428800000,87820.6,88863.7,87281.3,87599.9,1677135.72
1769443200000,87599.9,88512.6,86962.2,87974.2,1407254.14
1769457600000,87974.1,88635.5,87503.5,88302.3,652680.05
1769472000000,88302.2,88854.4,88148.3,88732.6,598802.36
1769486400000,88732.6,88968.0,88232.9,88287.5,540228.21
1769500800000,88287.6,88367.8,87702.7,87950.0,645794.49
1769515200000,87950.0,88425.9,87520.9,87993.8,1134998.69
1769529600000,87993.9,88779.7,87257.1,88379.1,1970235.41
1769544000000,88379.1,89492.3,88327.0,89209.1,1175854.89
1769558400000,89209.1,89461.7,88936.6,89087.2,512788.33
1769572800000,89087.2,89365.8,88779.9,89098.7,486336.24
1769587200000,89098.6,90141.4,88820.0,90032.2,1025181.01
1769601600000,90032.2,90485.6,88854.2,89447.8,1820049.61
1769616000000,89447.8,90599.3,88963.6,89359.3,1731546.82
1769630400000,89359.3,89876.1,88830.3,89264.3,639320.57
1769644800000,89264.4,89326.8,87650.1,88010.0,1472595.9
1769659200000,88010.0,88379.4,87856.1,88300.9,557999.32
1769673600000,88301.0,88463.4,87700.0,87784.3,892584.49
1769688000000,87784.3,88138.4,84331.5,84901.5,3841280.27
1769702400000,84901.5,85592.2,83302.4,83968.1,3592988.67
1769716800000,83968.2,84695.8,83781.4,84603.8,794139.04
1769731200000,84603.8,84690.2,80918.1,82631.8,4151148.1
1769745600000,82631.8,83288.0,82001.0,82755.4,1664723.68
1769760000000,82755.4,83258.8,82111.0,83098.5,1025461.43
1769774400000,83098.5,83754.3,82338.4,82858.2,1974365.14
1769788800000,82858.1,84596.8,81840.2,84205.3,2491414.32
1769803200000,84205.4,84474.8,83508.7,84212.7,1216468.32
1769817600000,84212.7,84231.1,83761.6,83975.2,541518.71
1769832000000,83975.2,84096.0,83360.3,83512.5,508751.4
1769846400000,83512.5,83600.0,82536.7,82981.3,1302018.75
1769860800000,82981.2,83111.9,80770.9,81258.7,2647275.38
1769875200000,81258.7,82185.0,75658.0,77712.3,8074464.17
1769889600000,77712.2,79194.2,77043.9,78699.6,1754491.09
1769904000000,78699.6,79376.0,78226.4,78822.0,1004986.78
1769918400000,78822.1,79078.8,77895.1,78315.6,973021.82
1769932800000,78315.5,79187.9,78111.1,78714.3,1020859.32
1769947200000,78714.4,78734.9,76732.0,77560.0,2235503.73
1769961600000,77559.9,78408.6,76959.4,77142.3,1258491.67
1769976000000,77142.2,77760.0,75671.5,76946.4,2465786.66
1769990400000,76946.3,78119.5,74569.6,76281.2,3626198.03
1770004800000,76281.1,76931.7,74869.1,76604.2,2910840.84
1770019200000,76603.9,77930.7,76576.6,77718.8,1556647.66
1770033600000,77718.7,79321.8,77511.1,78797.6,2975465.8
1770048000000,78797.5,79244.3,78224.6,78281.3,1343810.05
1770062400000,78281.2,78936.3,77850.0,78698.6,844002.95
1770076800000,78698.6,79171.2,77619.1,78710.0,1256118.28
1770091200000,78710.0,78963.6,77900.0,78745.2,976280.06
1770105600000,78745.2,79055.9,77880.0,78036.5,1273811.22
1770120000000,78036.4,78413.0,77014.2,78100.1,2425524.72
1770134400000,78100.0,78110.5,72912.6,74900.1,6589913.33
1770148800000,74900.0,76917.3,74545.3,75744.5,2459642.45
1770163200000,75744.5,76935.4,75431.5,76665.9,1348683.51
1770177600000,76665.8,76796.0,76066.0,76483.6,730046.86
1770192000000,76483.5,76571.3,75620.8,75990.0,1211043.41
1770206400000,75990.1,76240.0,73751.3,74101.9,3847584.4
1770220800000,74102.0,74217.0,72123.4,73889.9,4781082.06
1770235200000,73889.9,74120.0,71818.8,73130.5,2057058.77
1770249600000,73130.6,73303.3,71111.0,71194.9,2875514.14
1770264000000,71194.9,71591.8,70100.0,70717.1,3409465.04
1770278400000,70717.1,71942.0,69876.0,70291.7,2764271.21
1770292800000,70291.7,70867.4,66666.0,67456.4,8291513.41
1770307200000,67456.5,68656.8,65150.1,65240.6,7272406.65
1770321600000,65240.7,65676.7,62225.5,62873.6,8907928.25
1770336000000,62873.6,65969.5,59909.0,64146.0,8821190.08
1770350400000,64146.0,66789.0,63934.5,64809.4,3791292.28
1770364800000,64810.0,66724.6,64416.9,66587.9,2608641.53
1770379200000,66587.9,69162.0,66058.5,68585.6,5187990.81
1770393600000,68585.5,71475.6,68368.5,70677.3,5409929.32
1770408000000,70677.2,71700.0,69800.0,70528.9,1837342.17
1770422400000,70529.0,70888.0,69680.3,70878.0,1425658.51
1770436800000,70878.1,71689.3,67320.1,68077.9,4246673.28
1770451200000,68078.0,68778.0,67582.0,67953.6,1755531.9
1770465600000,67953.5,69991.8,67894.5,69122.3,2775775.41
1770480000000,69122.3,69881.3,68500.0,69341.4,1977853.2
1770494400000,69341.3,69707.6,68738.5,69260.0,583779.35
1770508800000,69260.1,69673.9,68850.5,69070.0,716238.26
1770523200000,69069.9,69687.9,68925.8,69666.8,692681.08
1770537600000,69666.8,71177.0,69467.9,70952.8,2112127.11
1770552000000,70952.8,71520.7,70662.0,71153.0,1619860.42
1770566400000,71153.0,71491.7,70206.5,71385.9,1158782.93
1770580800000,71386.0,72276.0,69933.4,70300.1,1811535.44
1770595200000,70300.1,71411.0,70019.1,71269.5,1462277.2
1770609600000,71269.5,71318.0,70255.5,70391.3,989355.38
1770624000000,70391.4,70582.3,68387.7,68900.0,2475616.15
1770638400000,68899.9,69842.8,68249.2,69520.1,2700634.42
1770652800000,69520.2,71049.4,69055.0,70919.8,2146809.62
1770667200000,70919.9,71097.7,69772.0,70115.4,968172.06
1770681600000,70115.5,70508.4,69161.6,69481.8,1150906.27
1770696000000,69481.7,69873.1,68616.6,68892.0,1298272.34
1770710400000,68891.9,69386.5,68418.6,68490.2,1154455.0
1770724800000,68490.2,69578.9,67866.7,69249.4,2962922.33
1770739200000,69249.3,69958.0,68577.7,69036.0,1589981.5
1770753600000,69035.9,69106.0,68333.0,68804.2,723093.83
1770768000000,68804.3,69265.7,67963.0,68155.9,1015155.23
1770782400000,68156.0,68294.2,66523.7,67000.0,2309489.02
1770796800000,67000.1,67097.1,66339.6,67026.2,1271767.23
1770811200000,67026.2,68800.0,65721.5,66488.9,5070553.51
1770825600000,66488.9,67826.8,65836.0,67555.5,2327181.19
1770840000000,67555.5,68340.8,66750.0,67051.5,1309072.51
1770854400000,67052.7,68043.1,67019.9,67554.9,1104454.96
1770868800000,67554.8,67659.7,66635.3,67177.1,985930.81
1770883200000,67177.1,68269.7,66861.0,68043.6,1334670.57
1770897600000,68043.0,68390.0,66970.0,67103.2,2447830.89
1770912000000,67103.2,67200.0,65080.0,65760.3,3443648.98
1770926400000,65760.2,66463.0,65188.0,66243.0,914349.94
1770940800000,66242.9,66777.0,65836.0,66535.0,1025835.95
1770955200000,66535.0,66651.5,65980.0,66186.9,973539.87
1770969600000,66187.0,67216.2,66162.0,67143.9,1390936.19
1770984000000,67143.9,69280.0,66804.1,68656.5,3894024.09
1770998400000,68656.4,69450.0,68502.8,68904.9,1804350.3
1771012800000,68905.0,69052.7,68650.0,68814.9,573781.08
1771027200000,68814.9,69107.5,68728.1,68940.2,444384.27
1771041600000,68940.3,69309.0,68690.1,69180.0,546777.81
1771056000000,69179.9,70563.8,69171.4,70468.8,1517713.24
1771070400000,70468.8,70498.9,69194.0,69754.1,1869992.63
1771084800000,69754.0,69900.6,69257.1,69844.3,626615.94
1771099200000,69844.3,70224.6,69630.5,69790.3,565550.94
1771113600000,69791.1,69967.8,69222.2,69920.1,888887.57
1771128000000,69920.1,70888.0,69912.9,70776.9,1435396.4
1771142400000,70776.9,70929.0,70098.7,70271.9,915683.32
1771156800000,70272.5,70400.0,68721.2,69061.2,2291466.44
1771171200000,69061.3,69066.3,68036.4,68258.7,1700156.07
1771185600000,68258.8,69054.0,68100.0,68796.6,684623.34
1771200000000,68796.6,69050.8,68122.9,68395.1,654788.76
1771214400000,68395.1,68869.0,68200.0,68557.3,720053.82
1771228800000,68557.3,69027.3,68300.2,68778.5,815436.99
1771243200000,68778.5,70088.9,67237.4,67493.2,3472198.72
1771257600000,67493.1,68219.8,67464.6,67880.9,988835.15
1771272000000,67881.0,68960.6,67789.4,68864.0,944217.55
1771286400000,68864.1,69236.2,68347.0,68448.0,868505.76
1771300800000,68447.9,68680.5,67856.5,68345.9,798600.21
1771315200000,68345.9,68452.9,67652.7,67827.3,790632.91
1771329600000,67827.3,68333.0,66566.0,67349.9,2845380.2
1771344000000,67349.9,68213.0,66845.7,67760.0,2335983.75
1771358400000,67760.1,67939.1,67352.1,67480.6,580384.16
1771372800000,67480.7,67681.9,66860.0,67589.0,785035.96
1771387200000,67589.1,68194.0,67449.9,68084.1,932027.12
1771401600000,68084.2,68437.0,67033.8,67340.9,1254545.18
1771416000000,67340.9,68325.3,66681.4,67670.0,2169942.11
1771430400000,67669.9,67687.7,65826.6,66138.2,2187322.98
1771444800000,66138.2,66518.9,66050.0,66428.1,623878.03
1771459200000,66428.1,66970.0,66312.8,66950.4,589674.31
1771473600000,66950.4,67290.1,66650.3,67171.7,820666.66
1771488000000,67171.6,67171.6,66440.0,66464.3,962613.55
1771502400000,66464.4,66725.0,65600.0,66370.8,2547994.11
1771516800000,66370.9,67180.2,65860.9,67025.6,1740970.82
1771531200000,67025.6,67141.9,66620.0,66969.9,526426.52
1771545600000,66969.9,67469.0,66916.9,67333.2,777171.7
1771560000000,67333.2,67993.7,67078.1,67800.0,1241290.62
1771574400000,67800.1,68288.0,67260.4,67299.9,1385821.82
1771588800000,67300.0,68074.2,66428.1,67553.8,3957621.72
1771603200000,67553.9,67983.9,66928.8,67613.5,2206356.11
1771617600000,67613.5,68218.0,67472.3,67986.4,692911.28
1771632000000,67986.4,68069.0,67500.0,67647.9,678308.59
1771646400000,67647.9,67898.9,67563.6,67825.0,358946.28
1771660800000,67824.9,68282.2,67765.2,68061.2,714946.42
1771675200000,68061.1,68685.8,67887.9,68575.3,1085379.2
1771689600000,68575.4,68636.1,68060.5,68516.7,780970.67
1771704000000,68516.7,68577.5,67800.0,67943.5,625567.49
1771718400000,67943.5,68191.9,67760.0,68016.9,720364.8
1771732800000,68016.9,68156.5,67850.1,67976.9,389055.05
1771747200000,67976.9,68222.0,67882.5,68191.6,424544.88
1771761600000,68191.7,68209.9,67266.6,67659.7,1748599.79
1771776000000,67659.6,67696.8,67112.2,67390.1,690376.65
1771790400000,67390.0,67730.0,67317.4,67619.7,453834.21
1771804800000,67619.6,67664.2,64232.0,64899.2,4829371.73
1771819200000,64899.2,65985.0,64631.9,65920.1,1993519.79
1771833600000,65920.1,66578.0,65533.4,66170.6,1432947.56
1771848000000,66170.6,66480.5,65447.9,65631.1,2195165.73
1771862400000,65631.1,65711.2,64020.5,64268.7,3572135.0
1771876800000,64268.8,64999.6,63850.0,64624.7,1278268.23
1771891200000,64624.8,64976.8,63251.7,63562.2,2645443.97
1771905600000,63562.2,63600.0,62666.0,63160.3,2328373.58
1771920000000,63160.3,63402.5,62897.8,63194.3,880587.42
1771934400000,63194.2,63995.0,62400.0,63938.7,3014029.94
1771948800000,63938.6,64718.5,63656.4,64396.0,2076315.98
1771963200000,64396.0,64550.1,63790.7,64028.2,757813.79
1771977600000,64028.2,66311.9,63876.0,65368.7,3466504.68
1771992000000,65368.6,65639.4,64707.0,65000.4,1718643.59
1772006400000,65000.4,65670.1,64929.4,65395.7,1338055.91
1772020800000,65395.7,67554.8,65271.0,67368.0,3687739.2
1772035200000,67368.0,69513.9,67364.0,69001.7,3829539.28
1772049600000,69001.8,70090.9,67578.4,67966.5,2568270.53
1772064000000,67966.6,68686.0,67706.3,68200.1,1302579.3
1772078400000,68200.1,68829.5,67800.1,67807.7,1214911.19
1772092800000,67807.8,68688.0,67750.0,68014.9,1223817.19
1772107200000,68015.0,68264.4,66731.0,67349.9,2814417.21
1772121600000,67349.9,67888.0,66446.4,67556.2,2609069.01
1772136000000,67556.2,67797.9,67106.1,67448.4,650642.47
1772150400000,67448.5,67681.6,66847.2,67564.8,1126750.96
1772164800000,67564.8,68200.0,67415.9,67651.3,1402603.29
1772179200000,67651.3,68123.2,65913.8,66092.1,2745562.26
1772193600000,66092.0,66328.2,65626.4,66068.0,2391132.67
1772208000000,66067.9,66100.0,65093.0,65367.2,1842081.85
1772222400000,65367.2,65928.8,64888.0,65842.1,827823.21
1772236800000,65842.1,65988.8,65680.4,65763.7,534954.21
1772251200000,65763.6,65793.8,62975.6,63788.1,3967245.29
1772265600000,63788.1,64275.0,63327.7,63816.2,1726229.32
1772280000000,63816.2,65328.3,63760.0,64800.0,2734587.09
1772294400000,64800.0,66665.6,64636.7,66322.2,1930763.77
1772308800000,66322.2,67726.7,66138.7,66938.2,1776224.98
1772323200000,66938.2,68181.3,66009.3,67470.0,2302441.17
1772337600000,67470.0,67579.9,66759.0,67115.3,1152170.17
1772352000000,67115.3,67268.0,66160.8,66439.4,1535878.99
1772366400000,66439.4,67347.0,66073.4,66812.8,2002233.52
1772380800000,66812.8,67092.0,65666.1,65930.7,2039483.2
1772395200000,65930.6,66468.1,65005.2,65739.9,1607458.57
1772409600000,65739.9,67057.2,65714.4,66792.7,1931607.41
1772424000000,66792.7,66962.0,65518.1,65984.0,1395507.7
1772438400000,65984.1,66699.0,65625.1,66344.2,1439120.77
1772452800000,66344.1,69582.6,65209.5,69082.6,5412053.76
1772467200000,69082.6,70077.4,68529.5,68927.5,3104624.76
1772481600000,68927.5,69496.1,68538.4,68799.5,1210145.85
1772496000000,68799.4,69242.1,68194.1,68349.9,1144002.12
1772510400000,68350.0,68566.3,67757.2,68142.2,1230845.2
1772524800000,68142.1,68287.6,66314.7,67000.3,2721460.29
1772539200000,67000.2,67933.5,66073.8,67686.9,3789163.06
1772553600000,67686.4,68952.8,67433.1,68394.9,3554458.27
1772568000000,68395.0,68825.3,67778.8,68294.3,1135921.83
1772582400000,68294.4,68877.0,67358.1,67687.1,1722787.53
1772596800000,67687.2,69600.0,67418.8,69456.9,2312034.75
1772611200000,69456.8,71877.9,69100.0,71088.4,5056238.0
1772625600000,71088.4,73453.0,70564.1,73352.2,5212536.66
1772640000000,73352.2,74030.0,72500.1,73587.4,3098199.61
1772654400000,73587.4,73687.9,72288.2,72644.4,1383271.49
1772668800000,72644.3,73280.9,72303.5,72467.5,1205455.83
1772683200000,72467.4,73100.0,71739.1,72029.9,1865949.34
1772697600000,72029.9,73526.0,71718.7,72889.7,2293544.24
1772712000000,72889.7,73052.3,71131.0,71622.0,3190405.96
1772726400000,71621.9,71622.0,70611.1,70885.2,1966727.05
1772740800000,70885.2,71567.9,70732.6,70851.8,830488.22
1772755200000,70851.8,71397.5,70343.0,71049.6,1119691.92
1772769600000,71049.7,71158.0,70111.0,71025.8,1704043.32
1772784000000,71025.9,71038.4,70156.8,70185.2,1230148.91
1772798400000,70185.3,70320.9,68120.4,68452.5,4806663.96
1772812800000,68452.4,68755.0,67707.2,68091.2,1730009.23
1772827200000,68091.2,68405.9,67725.6,68076.9,637631.9
1772841600000,68076.8,68524.8,68017.7,68069.5,659642.91
1772856000000,68069.6,68116.1,67406.5,67808.0,1073600.63
1772870400000,67808.1,68240.0,67676.2,67973.2,774700.14
1772884800000,67973.2,68074.1,67576.9,67851.1,689859.95
1772899200000,67851.1,67919.3,66880.4,67040.1,836349.94
1772913600000,67040.0,67444.9,67022.3,67227.7,448817.59
1772928000000,67227.7,67463.1,66800.0,66983.0,867106.86
1772942400000,66983.0,67438.5,66510.6,67275.7,967159.19
1772956800000,67275.7,68167.6,67121.7,67479.0,1535361.59
1772971200000,67479.0,67619.6,66784.6,67174.9,1383265.34
1772985600000,67174.8,67449.2,66694.5,67300.4,796254.23
1773000000000,67300.3,67488.0,65566.9,65942.4,2139214.04
1773014400000,65942.4,67660.0,65781.7,67168.1,1955995.56
1773028800000,67168.1,68030.0,66833.2,67504.5,1795927.52
1773043200000,67504.6,68425.6,67286.3,67732.5,1980103.75
1773057600000,67732.4,69460.0,67722.3,68833.8,3271031.63
1773072000000,68833.8,69547.6,68210.0,68950.6,1908785.46
1773086400000,68950.7,69110.9,68331.5,68387.6,650882.45
1773100800000,68387.6,70550.0,68350.9,69394.1,2539299.64
1773115200000,69394.1,70496.2,69394.1,70369.9,1522938.18
1773129600000,70370.0,71262.3,70331.6,70567.3,2113494.39
1773144000000,70567.4,71755.2,69250.0,71305.4,4456124.56
1773158400000,71305.5,71670.0,69650.0,70003.9,2282557.64
1773172800000,70003.9,70375.9,69415.2,69912.9,951399.39
1773187200000,69912.9,70143.5,69450.0,69518.4,977396.57
1773201600000,69518.3,70255.9,69360.0,69625.2,1386204.85
1773216000000,69625.2,69818.8,69100.0,69143.9,1327121.42
1773230400000,69143.9,71055.3,68944.4,70194.2,4626039.49
1773244800000,70194.2,71297.7,70119.4,70611.4,2183264.67
1773259200000,70611.8,70917.9,70080.1,70151.5,797496.81
1773273600000,70151.5,70311.0,69172.1,69409.9,1425793.86
1773288000000,69409.9,69812.8,69156.0,69783.8,956207.12
1773302400000,69783.7,70779.2,69531.0,70381.6,1996042.22
1773316800000,70381.6,70647.6,69304.7,70291.0,3389619.65
1773331200000,70291.1,70542.7,69722.6,70393.8,1651450.52
1773345600000,70393.8,70711.7,69975.1,70479.6,712631.21
1773360000000,70479.5,71988.0,70345.2,71372.0,2419047.32
1773374400000,71372.0,71647.6,71125.2,71586.9,999758.49
1773388800000,71586.8,72555.9,71360.0,72200.1,2511566.85
1773403200000,72200.0,73866.7,71701.0,71800.0,5140291.71
1773417600000,71800.1,72216.8,70777.2,71140.9,3153874.75
1773432000000,71141.0,71460.5,70517.2,70897.0,930732.09
1773446400000,70897.0,71132.0,70400.0,71039.1,897221.03
1773460800000,71039.1,71275.2,70250.2,70560.3,1123773.58
1773475200000,70560.2,70782.9,70330.4,70703.0,665223.04
1773489600000,70702.9,70915.6,70450.1,70555.7,702477.88
1773504000000,70555.6,70709.6,70455.0,70665.7,266999.51
1773518400000,70665.8,71212.1,70605.1,71172.8,432443.56
1773532800000,71172.8,71598.7,70810.5,71318.9,915040.78
1773547200000,71318.9,71786.2,71286.7,71416.0,792392.65
1773561600000,71416.1,71900.0,71416.1,71802.8,732168.03
1773576000000,71802.8,71805.5,71223.0,71450.1,956701.39
1773590400000,71450.0,71969.5,71237.0,71511.1,874021.35
1773604800000,71511.1,73179.6,71390.1,72774.1,1845805.31
1773619200000,72774.1,74316.5,72213.7,73548.0,2240054.31
1773633600000,73548.0,74449.7,73352.0,73428.8,2065112.79
1773648000000,73428.8,73805.9,72828.8,73518.3,1437168.43
1773662400000,73518.2,74499.9,72950.2,73240.9,3118154.5
1773676800000,73240.8,74388.0,73102.3,73930.0,1632770.74
1773691200000,73930.0,74880.0,73829.6,74842.3,1428839.76
1773705600000,74842.2,75983.8,74227.5,74438.8,3065116.38
1773720000000,74438.8,74650.0,73750.0,74215.8,1565965.62
1773734400000,74215.9,74420.6,73518.0,73989.6,1356315.66
1773748800000,73989.5,74850.0,73249.4,73878.0,2656145.56
1773763200000,73878.0,74773.3,73817.5,74472.1,1102749.06
1773777600000,74472.0,74771.7,73831.3,73870.6,650132.71
1773792000000,73870.6,74644.4,73485.7,74415.0,1020013.17
1773806400000,74414.9,74459.0,73650.0,73851.9,931593.03
1773820800000,73852.0,74248.8,72750.0,72913.4,1822229.36
1773835200000,72913.5,72948.9,70812.1,71436.4,4098421.56
1773849600000,71436.4,71964.9,70880.0,71022.4,2077208.03
1773864000000,71022.4,71390.0,70452.8,71211.6,1044619.24
1773878400000,71211.6,71582.9,70862.5,71180.0,853501.8
1773892800000,71180.0,71180.1,69438.0,70149.0,2282964.94
1773907200000,70149.0,70533.8,69856.5,69920.2,1310152.95
1773921600000,69920.2,70130.9,68755.0,69375.0,3765716.05
1773936000000,69375.0,70564.4,69090.7,70230.0,1946217.96
1773950400000,70230.0,70655.2,69676.4,69884.8,829564.38
1773964800000,69884.8,70778.8,69800.0,70693.2,1064208.69
1773979200000,70693.1,70930.0,70174.1,70821.9,1295724.66
1773993600000,70821.9,71343.7,70181.6,70445.1,2015974.58
1774008000000,70445.0,70652.0,69453.8,69840.1,2884134.03
1774022400000,69840.0,70154.5,69354.6,70146.9,1600030.84
1774036800000,70146.9,70911.2,69720.0,70476.2,1034912.54
1774051200000,70476.2,70797.0,70407.1,70637.2,520661.8
1774065600000,70637.1,70835.0,70580.0,70682.9,476460.98
1774080000000,70682.9,70723.7,70416.5,70618.1,487629.34
1774094400000,70618.1,71087.7,70426.0,70588.2,844765.8
1774108800000,70588.3,70623.0,70164.5,70360.9,584352.04
1774123200000,70360.8,70472.7,68518.8,68889.3,1397573.7
1774137600000,68889.3,69576.8,68188.0,69304.6,2045468.88
1774152000000,69304.5,69485.0,68850.0,68883.5,745950.21
1774166400000,68883.4,68951.0,68001.0,68182.0,1518442.92
1774180800000,68182.1,68981.4,68160.2,68810.1,1279867.91
1774195200000,68810.0,68850.0,68101.3,68166.7,689287.97
1774209600000,68166.7,68465.0,67307.6,67830.9,1777735.09
1774224000000,67830.9,68562.0,67417.0,68049.0,1576369.95
1774238400000,68049.1,68874.0,67469.7,68303.6,2279285.03
1774252800000,68303.7,71487.0,67876.3,70099.9,5480651.2
1774267200000,70099.9,71777.0,69656.2,70099.0,4159068.16
1774281600000,70098.9,71213.0,70095.0,70643.7,1789026.83
1774296000000,70643.7,70974.5,70366.0,70862.0,594835.93
1774310400000,70862.0,71058.4,70235.1,70519.8,990901.45
1774324800000,70519.8,71375.0,70093.0,71260.7,1500146.89
1774339200000,71260.7,71339.7,70814.0,71128.1,1318447.41
1774353600000,71128.9,71157.3,69460.0,69832.1,3309081.15
1774368000000,69832.0,69980.7,68868.1,69336.5,2240047.92
1774382400000,69336.5,70804.9,69251.8,70523.8,1646704.65
1774396800000,70523.9,71022.6,70362.3,70688.7,1126173.93
1774411200000,70688.8,71315.0,70673.2,70891.2,1217815.81
1774425600000,70891.2,71989.0,70752.2,71643.6,2058129.37
1774440000000,71643.6,71968.0,70550.0,70799.0,2721623.59
1774454400000,70799.0,71720.8,70650.0,70855.7,1700012.87
1774468800000,70855.8,71647.1,70606.0,71307.0,859269.82
1774483200000,71307.0,71416.7,70650.0,70879.6,1022093.96
1774497600000,70880.0,70884.6,69751.0,70061.6,1517656.9
1774512000000,70061.5,70120.1,69156.0,69238.1,1697756.06
1774526400000,69238.1,69843.3,68495.1,69052.1,2470691.65
1774540800000,69052.0,69142.0,68115.8,68507.0,1633939.77
1774555200000,68507.0,69456.0,68400.0,68799.5,1227758.65
1774569600000,68799.5,69164.0,68501.3,68732.8,715515.06
1774584000000,68732.8,68930.0,68258.0,68506.6,1298837.36
1774598400000,68506.7,68605.2,66170.5,66659.9,3926352.51
1774612800000,66659.9,66742.6,65682.4,66091.4,3102179.11
1774627200000,66091.5,66267.8,65511.6,66000.8,1696201.47
1774641600000,66000.9,66404.1,65775.1,66363.1,579434.52
1774656000000,66363.0,66487.8,65901.0,66198.2,667044.78
1774670400000,66198.2,66542.0,66066.6,66534.8,655858.05
1774684800000,66534.8,66541.9,66090.0,66290.1,561629.5
1774699200000,66290.0,67294.4,66195.1,66984.0,1721966.53
1774713600000,66984.0,67079.5,66666.7,66879.9,520305.24
1774728000000,66879.9,66977.5,66223.0,66340.0,664125.09
1774742400000,66340.1,67114.2,66249.0,66872.0,747687.36
1774756800000,66872.0,66907.5,66504.8,66631.1,621224.42
1774771200000,66631.1,66956.0,66370.3,66777.0,819269.83
1774785600000,66777.1,66848.6,66277.2,66500.2,1024614.78
1774800000000,66500.2,66633.9,66123.0,66319.6,553612.14
1774814400000,66319.6,66768.7,64930.8,65980.4,1962913.51
1774828800000,65980.5,67496.2,65762.0,67146.5,2213921.73
1774843200000,67146.4,67788.0,67131.6,67598.6,1549398.56
1774857600000,67598.6,67985.0,67331.0,67642.0,1567453.12
1774872000000,67642.0,68198.9,67054.2,67601.2,2908972.4
1774886400000,67601.2,67621.8,66210.8,66521.5,1959123.67
1774900800000,66521.5,66966.9,66377.4,66765.2,939535.04
1774915200000,66765.1,68388.9,66510.0,67683.8,2079160.24
1774929600000,67683.8,67870.2,67064.1,67346.9,1185974.89
1774944000000,67346.8,67489.3,65946.0,66653.5,2812149.8
1774958400000,66653.5,67770.3,66389.0,66705.0,3315001.08
1774972800000,66705.0,68575.1,66696.2,67809.4,2654448.69
1774987200000,67808.4,68382.7,67794.4,68241.2,803948.97
1775001600000,68241.1,68333.3,67550.1,68130.4,1121909.54
1775016000000,68130.3,69315.8,67967.6,68655.2,2322095.65
1775030400000,68655.2,68834.8,68350.1,68687.9,1265128.78
1775044800000,68688.0,68932.9,67892.5,68887.6,2186741.15
1775059200000,68887.6,69170.3,67907.3,68142.7,1646826.98
1775073600000,68142.7,68521.8,67926.2,68079.1,634743.39
1775088000000,68079.0,68626.6,66450.8,66541.5,2866621.92
1775102400000,66541.5,66898.9,66175.8,66885.0,1545289.88
1775116800000,66885.0,66885.0,66107.3,66179.5,1109225.2
1775131200000,66179.5,67077.0,65653.0,66818.1,2967982.57
1775145600000,66818.0,67400.0,66555.2,66949.9,1619510.59
1775160000000,66950.0,67070.7,66682.7,66864.5,435601.7
1775174400000,66864.6,66974.0,66250.0,66553.3,892621.8
1775188800000,66553.1,67239.2,66380.0,67015.2,843671.53
1775203200000,67015.2,67279.3,66650.2,66987.2,834383.55
1775217600000,66987.2,67350.0,66478.5,66808.0,1338634.56
1775232000000,66808.1,67036.0,66721.5,66854.0,427459.18
1775246400000,66854.1,66954.7,66784.3,66929.0,204817.82
1775260800000,66928.9,66937.4,66780.0,66800.3,220173.81
1775275200000,66800.3,67013.4,66734.5,66980.0,350159.8
1775289600000,66980.0,67199.8,66873.9,67129.9,561197.44
1775304000000,67129.9,67550.0,66980.0,67346.0,928341.98
1775318400000,67346.0,67517.4,67215.0,67262.3,629571.4
1775332800000,67262.2,67449.5,67150.5,67267.4,314773.09
1775347200000,67267.3,67288.1,66880.2,67115.1,481777.84
1775361600000,67115.2,67157.6,66572.3,66785.2,807417.17
1775376000000,66785.1,67116.7,66779.0,66971.8,486783.33
1775390400000,66971.8,67846.1,66650.1,67281.0,1560949.09
1775404800000,67281.0,67537.5,67146.9,67335.0,558905.43
1775419200000,67334.9,69118.0,67300.0,69008.0,2065619.22
1775433600000,69008.0,69587.9,68748.0,69099.9,2092082.07
1775448000000,69100.0,69327.7,68736.9,69074.8,1090817.6
1775462400000,69074.8,70276.8,69040.6,69592.5,1988171.29
1775476800000,69592.4,69935.0,69130.0,69923.0,2016918.39
1775491200000,69923.0,70322.8,69225.0,69699.8,1673398.86
1775505600000,69699.8,69947.5,68269.0,68812.9,1404116.19
1775520000000,68812.9,69100.6,68233.5,68745.2,1223058.42
1775534400000,68745.1,68958.8,68408.4,68585.4,710105.25
1775548800000,68585.3,69217.7,68006.4,68308.1,2105406.35
1775563200000,68308.1,68613.8,67680.2,68138.7,2146278.51
1775577600000,68138.6,69058.8,68050.0,68975.6,1716559.33
1775592000000,68975.6,72773.9,68975.6,71904.6,5378264.01
1775606400000,71904.7,72101.7,71219.3,71280.1,1480113.67
1775620800000,71280.0,71935.0,71279.0,71624.2,1175681.76
1775635200000,71624.2,71965.1,71388.0,71661.3,879904.81
1775649600000,71661.4,72876.5,70670.0,71265.3,3995192.92
1775664000000,71265.3,71929.9,70983.5,71294.0,1617530.73
1775678400000,71294.0,71718.8,70863.5,71041.7,685165.68
1775692800000,71041.8,71170.0,70422.0,70965.7,1211838.22
1775707200000,70965.7,71086.2,70660.7,70953.8,686754.99
1775721600000,70953.8,71548.0,70831.5,71124.5,1242284.64
1775736000000,71124.5,72333.7,70505.0,72105.7,2975760.46
1775750400000,72105.6,72518.3,71666.7,72060.7,2283102.76
1775764800000,72060.7,73146.1,71541.9,71759.0,1757167.23
1775779200000,71759.1,72355.4,71543.0,71838.2,1159273.63
1775793600000,71838.3,72258.0,71404.1,71463.5,962405.95
1775808000000,71463.5,72222.0,71388.9,72084.8,1100117.27
1775822400000,72084.7,73288.0,71868.8,72418.3,3289426.05
1775836800000,72418.2,73248.8,72348.4,73194.0,1204016.73
1775851200000,73194.5,73452.3,72678.5,72925.8,806204.36
1775865600000,72925.7,73073.8,72616.7,72836.9,494333.99
1775880000000,72837.0,72925.2,72570.3,72719.7,480722.61
1775894400000,72719.8,72898.4,72600.0,72883.8,475987.35
1775908800000,72883.7,72956.5,72480.4,72826.6,731724.04
1775923200000,72826.5,73799.1,72790.0,73659.6,1307000.29
1775937600000,73659.6,73670.7,72864.0,73014.7,711354.33
1775952000000,73014.7,73107.1,71270.2,71557.7,2191123.87
1775966400000,71557.6,71750.0,71380.0,71635.9,655112.06
1775980800000,71635.9,71772.0,71323.0,71441.4,579658.24
1775995200000,71441.3,71477.7,70570.0,70869.5,1638497.57
1776009600000,70869.5,71189.2,70778.0,71060.7,556045.57
1776024000000,71060.7,71425.2,70456.0,70707.9,1094646.44
1776038400000,70707.9,71273.1,70580.0,70950.1,957054.46
1776052800000,70950.2,71120.0,70637.2,70796.5,717585.75
1776067200000,70796.5,70966.0,70542.1,70892.6,681879.3
1776081600000,70892.6,72424.0,70730.3,71831.1,3231289.41
1776096000000,71831.0,73468.0,71637.8,73287.6,2502063.13
1776110400000,73287.6,74876.5,72977.8,74385.5,2824092.77
1776124800000,74385.4,74567.6,73935.5,74418.4,1024610.2
1776139200000,74418.5,74920.4,74127.2,74518.0,825443.91
1776153600000,74518.1,74870.0,74276.7,74350.1,858682.02
1776168000000,74350.0,76000.0,74250.0,75280.4,3877474.49
1776182400000,75280.4,75668.3,73777.0,74175.0,2256846.46
1776196800000,74175.0,74391.2,73743.9,74100.1,806267.12
1776211200000,74100.0,74749.0,74079.6,74296.3,970868.99
1776225600000,74296.3,74400.0,73443.0,73706.9,1262123.2
1776240000000,73706.9,74243.2,73644.0,74163.1,1072389.35
1776254400000,74163.1,74479.8,73542.0,73802.4,1883197.51
1776268800000,73802.3,75250.0,73721.8,74963.0,1359993.05
1776283200000,74962.2,75391.9,74469.1,74773.4,1213199.2
1776297600000,74773.4,75220.4,74400.5,74844.6,863570.84
1776312000000,74844.6,75129.6,74600.0,74673.4,715986.77
1776326400000,74673.5,74860.0,74240.0,74532.3,1141598.91
1776340800000,74532.4,74990.0,73220.2,74660.0,3125357.72
1776355200000,74660.1,75388.0,73866.5,75317.0,1684992.19
1776369600000,75317.0,75522.3,74747.0,75106.7,793008.25
1776384000000,75106.7,75114.3,74495.2,74577.3,688096.35
1776398400000,74577.2,75064.7,74510.3,75043.8,814300.13
1776412800000,75043.7,76348.0,74961.4,75544.1,2895987.04
1776427200000,75544.1,78036.1,75483.0,77740.1,5925440.32
1776441600000,77740.1,78323.0,76920.6,77354.6,2278809.74
1776456000000,77354.6,77598.4,76856.1,77033.1,686574.8
1776470400000,77033.0,77392.4,76922.0,76975.2,615277.62
1776484800000,76975.1,77250.0,76824.4,76969.3,540155.56
1776499200000,76969.3,77016.0,75733.3,76008.5,1968581.54
1776513600000,76008.5,76345.2,75760.0,76121.9,935812.38
1776528000000,76121.8,76172.0,75370.0,75609.8,1151902.13
1776542400000,75609.8,75861.1,75547.7,75649.6,341493.67
1776556800000,75649.5,75811.1,75310.4,75473.4,703123.01
1776571200000,75473.3,75755.0,74837.4,75210.3,1124997.47
1776585600000,75210.2,75595.8,74888.0,75560.7,915084.75
1776600000000,75560.7,76219.3,75337.2,75806.8,1584447.87
1776614400000,75806.7,75816.1,74550.0,74935.0,1327614.65
1776628800000,74935.0,74935.0,73716.3,73767.8,1587108.51
1776643200000,73768.4,74727.1,73666.0,74600.1,1364364.81
1776657600000,74600.1,75562.2,74073.6,74799.9,1871624.68
1776672000000,74799.9,75363.6,74579.0,75154.0,1232860.45
1776686400000,75154.0,75742.3,74654.2,75669.8,2499296.24
1776700800000,75669.9,76448.0,75237.9,76248.0,1686089.35
1776715200000,76247.9,76548.5,75564.8,75803.4,844543.59
1776729600000,75803.4,76249.9,75441.0,75684.3,1048537.97
1776744000000,75684.4,76275.0,75565.9,76051.4,852381.08
1776758400000,76051.5,76924.5,76025.0,76406.7,1687944.78
1776772800000,76406.6,76567.2,75300.0,75795.6,2514400.8
1776787200000,75795.6,76166.0,74766.1,74985.7,1980498.94
1776801600000,74985.7,76400.0,74943.6,76302.1,1187641.86
1776816000000,76302.2,77717.8,76111.0,77493.7,2351558.49
1776830400000,77493.8,78420.2,77323.4,77977.8,2156336.85
1776844800000,77977.9,78361.2,77899.2,78262.6,891643.82
1776859200000,78262.6,79375.3,78062.5,79233.1,3212754.02
1776873600000,79233.1,79443.4,78592.0,78798.4,1515634.4
1776888000000,78798.5,78887.8,78112.0,78147.0,807594.32
1776902400000,78147.1,78545.9,77425.9,77704.3,1902932.06
1776916800000,77704.2,78299.3,77636.4,78004.0,982218.64
1776931200000,78004.0,78142.0,77130.6,77659.3,1564809.73
1776945600000,77659.3,78620.0,77350.0,78331.3,2329189.85
1776960000000,78331.2,78470.0,76911.1,77674.2,2439440.91
1776974400000,77674.1,78299.7,77601.9,78209.7,625060.24
1776988800000,78209.8,78546.9,77521.0,77702.2,1519895.81
1777003200000,77702.3,77997.8,77400.7,77623.0,1031470.65
1777017600000,77623.1,78347.1,77328.5,78191.3,1537602.69
1777032000000,78191.3,78440.0,77524.4,78006.8,1903496.77
1777046400000,78006.8,78033.9,77309.6,77600.0,1120634.32
1777060800000,77599.9,77726.3,77202.2,77386.8,726051.35
1777075200000,77386.7,77674.7,77258.9,77625.7,435471.63
1777089600000,77625.7,77655.1,77409.7,77454.2,291015.54
1777104000000,77454.3,77839.6,77439.1,77655.8,573822.37
1777118400000,77655.8,77715.4,77256.1,77290.0,595476.22
1777132800000,77289.9,77413.3,77034.5,77292.0,728276.18
1777147200000,77292.0,77616.0,77263.0,77587.9,347228.38
1777161600000,77588.0,77600.0,77289.8,77359.6,371424.49
1777176000000,77359.5,78174.7,77336.9,78072.8,995059.71
1777190400000,78072.8,78185.1,77888.0,78052.7,499813.58
1777204800000,78052.7,78138.9,77705.2,78005.2,700109.81
1777219200000,78005.3,78470.5,77803.0,78179.9,1204804.14
1777233600000,78180.0,78958.9,77767.0,78621.5,2593019.7
1777248000000,78621.6,79489.9,78340.0,79055.9,1700737.89
1777262400000,79055.9,79122.7,77410.0,77558.2,2200805.28
1777276800000,77558.2,77936.3,77502.2,77795.5,790820.24
1777291200000,77795.5,78233.0,76518.0,76758.1,3061626.45
1777305600000,76758.1,76904.6,76400.0,76835.4,1463823.72
1777320000000,76835.3,77410.0,76720.0,77327.6,773266.57
1777334400000,77327.6,77444.0,76611.0,76770.3,1005569.04
1777348800000,76770.4,77120.9,76355.1,76828.0,1012374.86
1777363200000,76828.0,76947.1,76088.0,76199.9,995002.34
1777377600000,76200.0,76389.0,75624.7,76026.3,1925500.02
1777392000000,76026.4,76359.0,75854.3,76295.9,868423.05
1777406400000,76295.8,76449.9,76143.8,76301.9,424680.18
1777420800000,76301.9,77086.7,76132.7,76946.4,1084370.57
1777435200000,76946.5,77416.7,76837.6,77017.9,1496016.93
1777449600000,77017.9,77882.3,76922.0,77543.6,1455683.76
1777464000000,77543.6,77553.0,75669.0,75892.4,2511414.36
1777478400000,75892.4,76225.6,74893.3,75510.6,2706621.23
1777492800000,75510.5,76063.9,75452.4,75755.0,1002844.34
1777507200000,75755.0,76432.3,75454.2,75886.0,1225874.38
1777521600000,75886.1,76142.9,75276.9,76123.1,953574.73
1777536000000,76123.2,76315.8,75850.0,76026.4,1006242.75
1777550400000,76026.4,76621.0,76001.0,76416.3,2039779.5
1777564800000,76416.3,76465.0,76063.0,76357.4,894440.69
1777579200000,76357.3,76544.0,76169.0,76312.8,609860.85
1777593600000,76312.9,77426.9,76275.4,77087.3,1448660.4
1777608000000,77087.4,77166.0,76827.6,77104.0,878452.23
1777622400000,77103.9,77562.4,77014.1,77419.6,1126964.41
1777636800000,77419.7,78888.0,77353.5,78400.0,3604975.41
1777651200000,78400.0,78643.9,78090.1,78322.2,968321.56
1777665600000,78322.2,78398.4,77715.0,78195.4,677253.52
1777680000000,78195.4,78495.3,78116.2,78374.0,422875.8
1777694400000,78374.1,78412.8,78006.3,78186.5,506978.31
1777708800000,78186.5,78370.9,78062.3,78115.4,365324.33
1777723200000,78115.4,78460.7,78074.1,78448.0,425499.51
1777737600000,78448.1,78569.9,78266.9,78448.9,317935.89
1777752000000,78448.9,79172.9,78370.6,78656.0,673463.52
1777766400000,78655.9,78728.0,78050.2,78163.8,727340.8
1777780800000,78163.7,78406.8,78011.7,78317.6,485609.26
1777795200000,78317.6,78833.0,78300.1,78620.5,626295.04
1777809600000,78620.5,78863.8,78540.9,78632.2,585050.89
1777824000000,78632.2,78821.0,78524.0,78733.9,327376.04
1777838400000,78733.8,79428.4,78444.4,78531.0,1321687.64
1777852800000,78531.1,80465.4,78225.0,80284.6,3384697.58
1777867200000,80284.7,80597.4,79450.1,79665.3,1586433.13
1777881600000,79665.2,79894.9,78146.8,78756.9,2838215.0
1777896000000,78756.8,80513.0,78423.5,79990.6,3758453.6
1777910400000,79990.6,80746.5,79571.6,80006.1,1807204.86
1777924800000,80006.0,80360.0,79706.5,79821.4,590636.71
1777939200000,79821.3,81076.5,79756.8,80848.7,1421743.11
1777953600000,80848.6,81309.9,80686.9,80821.9,1340831.74
1777968000000,80821.8,81080.5,80483.4,80979.9,1003878.72
1777982400000,80980.0,81688.0,80889.4,81484.3,2491096.68
1777996800000,81484.4,81645.8,81000.0,81557.2,1009077.48
1778011200000,81557.2,81792.4,80738.6,80875.3,1351149.52
1778025600000,80875.3,81721.8,80653.9,81535.9,1195716.37
1778040000000,81536.0,81614.4,81010.4,81333.8,915213.22
1778054400000,81333.7,82800.0,81281.0,82489.9,2794017.38
1778068800000,82490.0,82518.8,81090.5,81658.3,3099728.79
1778083200000,81658.3,81853.8,81157.6,81422.2,771884.01
1778097600000,81422.1,81668.0,80944.6,81395.7,691129.98
1778112000000,81395.7,81448.3,80786.1,80808.0,1150836.81
1778126400000,80808.0,81683.9,80666.1,81482.1,1214307.82
1778140800000,81482.2,81556.0,80525.5,80836.6,1291882.03
1778155200000,80836.5,81155.0,79640.7,79862.2,2706268.98
1778169600000,79862.1,80235.0,79421.0,80109.9,1381224.37
1778184000000,80110.0,80352.1,79540.6,79979.2,683926.57
1778198400000,79979.2,80111.9,79118.7,79535.0,1086515.45
1778212800000,79535.0,79750.0,79205.9,79636.3,766850.64
1778227200000,79636.3,80305.5,79621.2,80193.2,1239739.93
1778241600000,80193.2,80520.0,79500.0,80118.5,2339287.71
1778256000000,80118.6,80272.7,79706.5,80141.6,1059818.71
1778270400000,80141.7,80367.2,80038.9,80152.4,366563.85
1778284800000,80152.5,80541.8,80089.7,80346.1,426366.52
1778299200000,80346.2,80649.9,80090.0,80190.0,687553.32
1778313600000,80190.1,80415.8,80120.1,80303.4,420622.65
1778328000000,80303.5,80569.1,80182.5,80484.7,566521.8
1778342400000,80484.8,81047.8,80439.4,80900.0,1066079.39
1778356800000,80900.0,80908.9,80583.8,80631.6,272951.14
1778371200000,80631.6,80847.0,80534.5,80731.5,374277.97
1778385600000,80731.4,80808.0,80620.0,80700.1,245484.1
1778400000000,80700.1,80936.3,80650.1,80781.6,485054.94
1778414400000,80781.7,81435.4,80732.2,81374.5,814968.87
1778428800000,81374.6,81550.0,81104.0,81393.1,810328.19
1778443200000,81393.2,82464.1,80228.0,82182.8,2831471.05
1778457600000,82182.9,82364.3,80500.0,80700.7,2025039.53
1778472000000,80700.8,81021.7,80612.7,80706.3,628275.42
1778486400000,80706.3,81157.1,80577.5,81152.9,690745.37
1778500800000,81153.0,81434.8,80404.5,81405.4,1863537.93
1778515200000,81405.5,82100.0,81303.1,81916.1,1722099.12
1778529600000,81916.1,82032.2,81537.5,81696.6,494810.35
1778544000000,81696.6,81751.1,80666.0,81020.4,1292132.71
1778558400000,81020.5,81287.3,80770.7,80809.9,926978.3
1778572800000,80810.0,80924.9,80457.8,80733.3,1013096.6
1778587200000,80733.3,80962.0,80135.0,80286.8,2482960.69
1778601600000,80286.9,80829.8,79779.0,80788.5,1595359.9
1778616000000,80788.5,80843.1,80387.8,80460.2,434762.5
1778630400000,80460.2,81274.3,80363.5,81211.9,983307.19
1778644800000,81212.0,81250.0,80851.0,80983.3,687104.48
1778659200000,80983.3,81320.1,80462.0,80468.3,1340864.66
1778673600000,80468.3,80565.7,78764.1,78800.1,3612238.02
1778688000000,78800.1,79768.0,78721.5,79607.7,1591263.87
1778702400000,79607.7,79728.4,79170.8,79288.2,537011.31
1778716800000,79288.2,79658.2,78863.0,79008.1,1189669.51
1778731200000,79008.2,79970.0,78940.0,79708.2,1129240.03
1778745600000,79708.2,79908.0,79190.1,79225.0,992192.39
1778760000000,79225.0,81286.8,79199.2,81241.8,3576661.18
1778774400000,81241.9,82001.0,81015.6,81380.8,3020201.47
1778788800000,81380.9,81550.0,81012.0,81060.0,653260.66
1778803200000,81059.9,81630.5,80691.6,81021.1,1645653.64
1778817600000,81021.2,81067.7,80251.5,80787.2,1764402.91
1778832000000,80787.2,80799.9,80333.0,80592.0,945856.28
1778846400000,80591.9,80609.6,78588.2,79117.2,4196103.51
1778860800000,79117.1,79530.0,79017.5,79101.3,953035.3
1778875200000,79101.4,79184.1,78856.5,79082.4,333321.4
1778889600000,79082.4,79197.4,78978.2,79053.5,367479.42
1778904000000,79053.6,79100.0,78002.0,78333.4,1446585.77
1778918400000,78333.4,78499.9,77600.0,78055.2,1667093.68
1778932800000,78055.3,78324.3,77807.2,78200.0,781563.41
1778947200000,78200.1,78337.4,78078.1,78226.7,404523.53
1778961600000,78226.8,78288.7,78089.3,78106.9,280162.37
1778976000000,78106.9,78208.0,77672.4,77991.6,793735.34
1778990400000,77991.6,78285.4,77964.0,78149.0,454096.15
1779004800000,78148.9,78571.4,77996.8,78369.0,757665.85
1779019200000,78369.0,78520.3,77777.0,78003.6,768510.94
1779033600000,78003.6,78432.8,77811.5,78369.1,534680.31
1779048000000,78369.0,78449.0,76633.3,77415.0,1922906.31
1779062400000,77415.0,77444.8,76666.0,76896.9,1649018.02
1779076800000,76896.9,77055.7,76535.8,77036.9,1194637.61
1779091200000,77036.9,77373.7,76634.8,77253.6,976801.49
1779105600000,77253.7,77772.6,76018.0,76384.0,3904557.53
1779120000000,76384.0,76980.0,76111.0,76907.5,1684469.43
1779134400000,76907.6,77194.9,76766.3,76962.2,815297.82
1779148800000,76962.2,77379.9,76432.0,76753.8,1064754.95
1779163200000,76753.8,77242.3,76604.4,77194.1,791583.46
1779177600000,77194.1,77288.0,76601.0,76678.6,1165781.11
1779192000000,76678.7,77026.2,76116.0,76498.2,1986155.35
1779206400000,76498.3,77043.5,76381.4,76785.0,924747.89
1779220800000,76785.4,77011.5,76612.8,76800.0,458499.26
1779235200000,76799.9,76891.7,76469.0,76688.1,772609.95
1779249600000,76688.1,77450.0,76650.0,77246.0,1138346.4
1779264000000,77246.0,77627.5,77161.8,77346.1,972196.52
1779278400000,77346.0,77830.7,76858.2,77424.6,2463289.26
1779292800000,77424.6,77690.0,76981.5,77635.2,1098044.49
1779307200000,77635.1,77730.0,77180.1,77512.3,625366.72
1779321600000,77512.4,78161.5,77476.1,78033.1,1164592.0
1779336000000,78033.2,78130.6,77457.4,77848.5,993275.71
1779350400000,77848.5,78155.0,77116.7,77168.6,1538793.89
1779364800000,77168.7,77379.8,76688.2,77223.7,1963496.87
1779379200000,77223.7,78056.0,76970.6,77653.4,1968479.34
1779393600000,77653.4,77776.0,77487.2,77583.0,387773.03
1779408000000,77583.1,77776.0,77288.0,77739.9,592336.72
1779422400000,77739.9,77866.6,77220.0,77369.8,777413.94
1779436800000,77369.8,77511.1,77140.0,77399.9,640866.48
1779451200000,77399.9,77549.9,76531.3,76765.0,1961093.56
1779465600000,76765.1,77091.3,75620.0,75830.4,2090482.76
1779480000000,75830.4,76055.0,75300.0,75508.7,1117035.1
1779494400000,75508.7,75644.2,75180.0,75605.0,999004.86
1779508800000,75605.1,75612.6,74200.0,74576.3,1910228.89
1779523200000,74576.3,74850.0,74301.1,74753.9,1226417.07
1779537600000,74753.9,75652.4,74621.7,75482.7,1764834.36
1779552000000,75482.7,75999.4,75326.3,75949.8,961556.39
1779566400000,75949.8,77378.8,75909.1,76709.2,2515478.32
1779580800000,76709.2,76976.7,76588.7,76704.2,627144.63
1779595200000,76704.2,77040.0,76608.0,76770.1,536637.69
1779609600000,76770.1,77528.5,76700.0,77279.9,974196.18
1779624000000,77280.0,77298.6,76150.0,76340.3,1505983.52
1779638400000,76340.4,76784.4,76340.3,76738.0,604504.22
1779652800000,76737.9,77198.0,76050.2,77029.9,1218370.65
1779667200000,77030.0,77450.0,76845.7,76986.3,995650.46
1779681600000,76986.3,77654.9,76945.4,77374.9,1069743.28
1779696000000,77375.0,77733.0,77224.8,77319.1,813884.46
1779710400000,77319.2,77876.5,77238.3,77591.7,1115919.95
1779724800000,77591.6,77784.5,77309.2,77404.2,574780.45
1779739200000,77404.0,77475.0,77006.0,77283.3,567827.64
1779753600000,77283.4,77315.0,76430.0,76626.1,1292638.63
1779768000000,76626.1,77035.0,76560.0,76684.0,841838.81
1779782400000,76684.0,77594.1,76533.6,77155.3,1284681.96
1779796800000,77155.3,78066.7,76230.0,76474.5,4011126.82
1779811200000,76474.5,76689.6,75730.8,76022.4,1949673.69
1779825600000,76022.4,76144.9,75626.0,75898.2,654986.92
1779840000000,75898.2,76080.0,75561.3,75630.4,776176.77
1779854400000,75630.4,75932.5,75267.6,75921.3,1154355.53
1779868800000,75921.3,76024.0,75673.7,75741.3,869782.06
1779883200000,75741.3,76157.1,74710.0,75297.0,2860065.57
1779897600000,75297.0,75375.0,74621.1,75040.7,1100466.66
1779912000000,75040.7,75385.2,74210.0,74414.1,1455430.73
1779926400000,74414.0,74559.9,73031.3,73228.1,2741403.03
1779940800000,73228.0,73468.0,72678.1,73457.4,2160603.82
1779955200000,73457.4,73592.7,73172.6,73474.1,800451.41
1779969600000,73474.0,73550.0,72554.0,72898.2,2785510.02
1779984000000,72898.3,73726.2,72714.7,73388.7,1364864.12
1779998400000,73388.7,73923.9,73207.7,73586.0,821868.28
1780012800000,73586.1,73837.0,73435.0,73493.2,382424.59
