ts,open,high,low,close,volume
1715670000000,62041.8,62121.3,61880.0,61894.6,190913.1
1715670900000,61894.6,61968.5,61825.2,61957.8,95369.9
1715671800000,61957.9,61965.0,61858.0,61911.8,71102.5
1715672700000,61911.9,62058.9,61911.9,62023.4,67960.1
1715673600000,62023.4,62041.0,61873.1,61874.4,105869.2
1715674500000,61874.3,61939.4,61845.0,61922.4,57949.1
1715675400000,61922.4,61928.1,61710.1,61824.9,118675.8
1715676300000,61824.9,61890.8,61754.4,61862.0,45103.4
1715677200000,61862.1,61961.2,61817.4,61937.9,41573.7
1715678100000,61938.0,61958.0,61840.4,61889.0,35054.5
1715679000000,61888.9,61897.9,61756.1,61830.2,43790.4
1715679900000,61830.2,61842.4,61749.8,61797.4,32065.7
1715680800000,61797.2,61829.9,61635.0,61666.0,106224.9
1715681700000,61666.0,61674.2,61515.0,61635.2,175354.9
1715682600000,61635.2,61722.6,61590.0,61590.0,69494.1
1715683500000,61590.0,61753.8,61575.0,61712.1,69575.2
1715684400000,61712.1,61830.0,61684.0,61764.8,67812.5
1715685300000,61764.8,61880.0,61764.8,61857.8,55458.7
1715686200000,61857.9,61888.0,61768.4,61790.5,35795.6
1715687100000,61790.5,61871.3,61766.3,61794.0,27993.1
1715688000000,61794.0,62034.0,61750.0,62003.1,121801.8
1715688900000,62003.0,62100.0,61846.6,61950.1,162778.1
1715689800000,61950.1,61959.5,61123.0,61797.3,972973.1
1715690700000,61797.3,61847.7,61563.7,61576.6,193754.8
1715691600000,61576.7,61738.5,61445.1,61719.5,184095.3
1715692500000,61719.5,62040.0,61715.0,61977.3,203866.6
1715693400000,61977.3,62050.0,61878.0,61884.1,130888.7
1715694300000,61884.1,61929.9,61666.1,61697.5,121344.7
1715695200000,61698.0,61718.6,61310.0,61505.7,303241.4
1715696100000,61505.8,62040.0,61103.8,61989.4,893810.1
1715697000000,61989.4,62318.9,61550.5,61748.0,577137.8
1715697900000,61747.9,61896.6,61508.0,61799.4,223013.7
1715698800000,61799.5,61918.0,61676.0,61882.2,162342.8
1715699700000,61882.2,62040.8,61852.1,61888.6,136073.1
1715700600000,61888.3,61996.7,61700.0,61735.4,122915.9
1715701500000,61735.4,61882.4,61641.7,61772.2,106647.9
1715702400000,61772.3,61811.0,61586.3,61591.6,152018.6
1715703300000,61591.7,61667.0,61412.0,61508.2,191084.2
1715704200000,61508.2,61589.1,61376.1,61401.1,100423.3
1715705100000,61401.1,61459.8,61233.9,61438.0,163633.4
1715706000000,61438.9,61464.0,61245.6,61332.5,95137.0
1715706900000,61332.6,61499.9,61266.3,61438.2,136102.5
1715707800000,61438.2,61462.7,61150.0,61237.4,249443.7
1715708700000,61238.6,61327.6,61160.0,61318.5,109192.6
1715709600000,61318.5,61449.8,61236.9,61426.1,100875.3
1715710500000,61426.0,61469.8,61251.6,61251.7,86671.1
1715711400000,61251.6,61407.6,61221.7,61383.9,51871.2
1715712300000,61384.0,61448.0,61356.8,61430.7,40868.6
1715713200000,61430.7,61496.1,61390.2,61456.2,65940.9
1715714100000,61456.2,61642.5,61413.5,61628.4,105357.0
1715715000000,61628.4,61656.3,61536.5,61650.0,64269.0
1715715900000,61650.1,61672.6,61524.1,61581.3,72302.4
1715716800000,61581.4,61653.8,61550.0,61635.7,39271.9
1715717700000,61635.8,61635.8,61577.7,61626.7,15062.8
1715718600000,61626.8,61695.5,61595.0,61646.0,24893.4
1715719500000,61645.9,61689.5,61547.2,61605.4,39407.3
1715720400000,61605.5,61640.7,61581.5,61603.9,27211.2
1715721300000,61604.0,61627.1,61471.4,61515.6,37238.8
1715722200000,61510.2,61796.1,61477.8,61752.0,74085.7
1715723100000,61751.9,61783.0,61631.6,61688.6,28674.8
1715724000000,61688.5,61712.7,61634.3,61646.8,47724.2
1715724900000,61646.9,61679.1,61557.9,61606.8,24767.3
1715725800000,61606.9,61741.6,61564.5,61701.2,29127.7
1715726700000,61701.2,61752.5,61688.0,61697.9,22427.8
1715727600000,61697.9,61715.5,61615.4,61625.2,24324.3
1715728500000,61625.1,61626.0,61530.8,61600.1,33384.7
1715729400000,61600.2,61612.4,61527.3,61550.0,29639.0
1715730300000,61550.0,61606.0,61550.0,61564.9,16145.6
1715731200000,61564.9,61671.2,61545.0,61612.4,30621.5
1715732100000,61612.4,61726.0,61585.0,61725.5,34817.4
1715733000000,61725.4,61788.0,61522.0,61565.9,55990.0
1715733900000,61565.9,61573.0,61334.0,61436.3,102534.7
1715734800000,61436.3,61635.0,61428.3,61616.0,65365.0
1715735700000,61616.0,61700.0,61610.7,61691.9,40936.1
1715736600000,61691.9,61744.7,61644.0,61718.9,34635.4
1715737500000,61718.9,61745.9,61644.0,61692.0,30357.6
1715738400000,61691.9,61900.0,61681.0,61837.3,113677.4
1715739300000,61837.3,61870.3,61796.9,61818.5,29674.0
1715740200000,61818.6,61818.6,61733.3,61780.9,39577.1
1715741100000,61780.8,61799.5,61744.6,61762.7,13759.0
1715742000000,61762.8,61924.0,61762.8,61924.0,48993.8
1715742900000,61923.9,61960.0,61860.0,61948.5,52861.5
1715743800000,61948.6,62024.0,61868.5,61904.5,104797.2
1715744700000,61904.5,61972.0,61885.0,61950.0,35600.7
1715745600000,61950.0,61976.7,61854.5,61888.0,62145.4
1715746500000,61887.9,61900.0,61806.0,61870.8,28503.8
1715747400000,61870.7,61977.3,61853.6,61895.0,48997.8
1715748300000,61895.0,61951.2,61870.1,61899.2,33867.7
1715749200000,61899.2,62057.1,61895.1,62021.8,79600.6
1715750100000,62021.8,62026.0,61906.2,61982.2,47855.1
1715751000000,61982.2,61982.3,61872.1,61933.1,31613.6
1715751900000,61933.0,61936.0,61876.6,61929.1,17843.9
1715752800000,61929.1,61980.0,61905.9,61930.0,23024.7
1715753700000,61930.0,61958.4,61873.5,61904.2,41772.9
1715754600000,61904.2,61939.9,61834.2,61880.2,45026.5
1715755500000,61880.1,61962.5,61845.2,61952.0,34478.8
1715756400000,61952.1,62020.0,61896.0,61912.8,40349.8
1715757300000,61912.7,62014.7,61890.1,61997.6,33040.2
1715758200000,61997.7,62233.0,61950.0,62142.0,160118.1
1715759100000,62141.9,62280.0,62080.6,62195.0,123870.3
1715760000000,62195.0,62266.8,62106.0,62110.8,74068.2
1715760900000,62110.8,62125.6,62038.5,62121.5,48287.1
1715761800000,62121.5,62150.0,62070.0,62116.0,30054.4
1715762700000,62116.0,62182.2,62111.8,62144.4,34802.3
1715763600000,62144.4,62164.9,61923.9,61972.8,90942.4
1715764500000,61972.7,62068.2,61972.7,62039.9,36072.2
1715765400000,62039.9,62472.9,62005.0,62456.0,196400.3
1715766300000,62455.9,62944.8,62450.8,62659.0,636574.4
1715767200000,62659.1,62770.6,62398.1,62531.2,249106.0
1715768100000,62531.1,62850.0,62491.2,62833.6,187920.4
1715769000000,62833.5,62998.7,62684.8,62701.5,218328.5
1715769900000,62701.5,62774.9,62631.1,62671.7,71355.4
1715770800000,62671.7,62825.1,62581.4,62635.4,114686.9
1715771700000,62635.3,62649.4,62394.2,62462.9,176378.3
1715772600000,62462.9,62462.9,62260.0,62443.9,146702.9
1715773500000,62443.8,62510.0,62352.5,62475.0,86229.4
1715774400000,62475.0,62580.0,62412.6,62542.6,81108.8
1715775300000,62542.6,62691.4,62419.0,62657.9,160481.3
1715776200000,62658.0,64215.8,62658.0,63665.2,2131614.1
1715777100000,63665.2,63840.0,63511.0,63747.2,331604.6
1715778000000,63747.3,63830.0,63527.0,63715.1,243517.1
1715778900000,63715.0,64348.0,63645.7,64297.0,546393.0
1715779800000,64297.1,64646.3,64138.4,64341.3,815174.2
1715780700000,64341.2,64548.6,63920.1,64138.2,564176.3
1715781600000,64138.3,64264.0,63995.4,64007.2,211340.9
1715782500000,64007.2,64317.5,63988.0,64183.1,182383.9
1715783400000,64183.1,64463.8,64161.7,64353.5,214611.7
1715784300000,64353.5,64490.0,64290.3,64490.0,129403.4
1715785200000,64489.9,64948.3,64365.8,64883.4,517588.1
1715786100000,64883.5,65088.0,64688.0,64879.9,510306.5
1715787000000,64880.0,65055.0,64660.0,64676.2,275954.8
1715787900000,64676.3,64840.8,64601.0,64723.0,130920.6
1715788800000,64723.1,65080.0,64722.0,65037.2,213752.3
1715789700000,65037.3,65188.0,64762.9,64819.7,241649.9
1715790600000,64819.6,64965.2,64735.3,64897.6,100728.4
1715791500000,64897.7,65053.5,64750.5,64766.2,112116.1
1715792400000,64766.3,65008.0,64766.3,64999.9,99786.0
1715793300000,65000.0,65070.0,64778.5,65060.9,93315.3
1715794200000,65061.0,65136.4,64967.1,65105.8,117995.7
1715795100000,65105.8,65119.1,64954.0,65052.9,76166.8
1715796000000,65052.9,65255.0,64970.8,65211.1,139332.4
1715796900000,65211.0,65377.8,65072.6,65350.4,180606.0
1715797800000,65350.7,65485.0,65301.6,65429.9,218079.5
1715798700000,65430.0,65813.5,65186.7,65717.7,473073.5
1715799600000,65717.7,65787.5,65290.7,65602.5,278208.8
1715800500000,65602.5,65980.0,65532.5,65880.0,305754.9
1715801400000,65879.9,66424.9,65817.0,66392.6,427887.8
1715802300000,66392.6,66392.6,65863.3,65997.4,255909.0
1715803200000,65997.5,66082.9,65745.0,65820.0,152514.4
1715804100000,65820.0,66089.4,65751.0,66015.3,118054.2
1715805000000,66015.3,66015.3,65766.2,65807.5,106953.4
1715805900000,65809.9,65954.1,65773.5,65941.3,53908.9
1715806800000,65941.4,65980.9,65789.9,65852.6,37406.4
1715807700000,65852.6,65960.0,65816.6,65902.1,31565.8
1715808600000,65902.1,66080.0,65823.0,65980.0,44285.9
1715809500000,65979.6,66222.0,65850.0,65871.3,99624.8
1715810400000,65871.3,66018.2,65850.0,65999.4,72799.8
1715811300000,65999.5,66268.1,65966.1,66123.4,108049.1
1715812200000,66123.4,66291.8,66038.8,66147.3,101065.1
1715813100000,66147.4,66181.7,66066.0,66124.7,69684.3
1715814000000,66124.8,66219.8,66083.0,66149.9,78975.4
1715814900000,66150.0,66415.9,66149.9,66238.1,121889.5
1715815800000,66238.1,66490.0,66136.0,66344.0,158096.3
1715816700000,66343.9,66391.0,66200.0,66222.3,111400.5
1715817600000,66222.1,66687.7,66222.0,66383.0,313046.5
1715818500000,66383.1,66417.5,66210.9,66224.2,155297.5
1715819400000,66224.1,66238.0,65948.0,66059.4,186520.2
1715820300000,66059.4,66183.5,66040.2,66084.2,97206.2
1715821200000,66084.1,66216.5,66040.0,66113.7,70210.2
1715822100000,66113.7,66142.0,66021.4,66043.3,52802.8
1715823000000,66043.2,66058.9,65877.1,65981.4,108069.1
1715823900000,65981.4,66000.0,65858.1,65999.9,100466.1
1715824800000,66000.0,66119.8,65920.0,66119.8,69703.8
1715825700000,66119.7,66119.7,66018.0,66033.4,32562.9
1715826600000,66034.2,66034.2,65888.0,65897.6,42703.5
1715827500000,65897.6,65990.0,65780.0,65927.2,77451.3
1715828400000,65927.2,66018.0,65817.6,65866.2,64079.8
1715829300000,65866.1,66043.9,65866.1,66017.1,67262.0
1715830200000,66017.1,66088.0,65991.9,66038.0,63855.6
1715831100000,66038.1,66098.6,65962.5,65988.3,36567.5
1715832000000,65988.2,66024.8,65907.3,65930.0,84064.6
1715832900000,65929.9,65968.8,65846.2,65934.4,66630.8
1715833800000,65934.4,65950.9,65850.0,65910.5,32897.4
1715834700000,65910.5,65910.6,65810.3,65829.5,44285.9
1715835600000,65829.5,65928.7,65801.7,65851.4,37912.0
1715836500000,65851.4,65890.6,65751.2,65780.8,54750.2
1715837400000,65780.7,65895.0,65758.2,65802.0,68079.3
1715838300000,65802.1,65886.2,65774.2,65803.7,41290.6
1715839200000,65802.8,65802.8,65673.0,65800.0,92697.2
1715840100000,65800.0,66008.8,65799.9,65964.6,130888.3
1715841000000,65964.6,66005.0,65929.9,65945.0,61073.0
1715841900000,65945.0,65971.3,65889.8,65971.3,44766.6
1715842800000,65971.3,66087.9,65940.0,66064.6,77084.4
1715843700000,66064.7,66128.8,66013.1,66104.5,83509.8
1715844600000,66104.5,66269.1,66073.1,66153.8,158235.2
1715845500000,66153.8,66260.0,66106.3,66137.0,75755.8
1715846400000,66137.0,66458.0,66092.6,66273.6,156957.0
1715847300000,66273.6,66331.9,66111.0,66199.1,103908.1
1715848200000,66199.1,66293.3,66140.0,66236.4,65167.6
1715849100000,66236.5,66358.0,66162.6,66302.8,54572.2
1715850000000,66302.8,66355.0,66233.8,66238.0,45772.4
1715850900000,66238.1,66272.7,66095.1,66269.5,71991.7
1715851800000,66269.9,66353.9,66160.0,66265.5,74216.0
1715852700000,66265.6,66366.4,66265.5,66358.8,52166.9
1715853600000,66358.7,66358.8,66179.6,66265.7,52373.7
1715854500000,66265.6,66285.6,66104.0,66253.9,60222.5
1715855400000,66253.8,66253.9,66105.2,66216.4,47430.6
1715856300000,66216.4,66244.2,66128.8,66160.1,44484.4
1715857200000,66160.0,66189.1,66040.0,66055.0,55133.3
1715858100000,66055.1,66193.2,66000.0,66193.2,75973.5
1715859000000,66193.3,66202.7,66120.0,66144.5,35095.3
1715859900000,66144.6,66599.0,66140.5,66509.7,221027.7
1715860800000,66509.7,66575.0,66175.0,66239.0,239637.5
1715861700000,66239.1,66420.9,66120.0,66371.4,165894.2
1715862600000,66371.5,66799.0,65896.6,66081.1,704433.3
1715863500000,66080.4,66350.0,65976.0,66002.4,162678.4
1715864400000,66002.4,66040.0,65770.0,65882.3,216817.3
1715865300000,65882.7,65986.8,65803.4,65967.6,94006.4
1715866200000,65967.6,66248.5,65961.1,66085.7,161068.5
1715867100000,66085.7,66373.2,66082.4,66335.8,172293.7
1715868000000,66335.9,66402.4,65960.0,66004.6,224804.6
1715868900000,66004.6,66147.8,65737.0,65929.9,239708.4
1715869800000,65930.0,66219.9,65847.7,66044.8,123691.4
1715870700000,66044.8,66131.1,65550.0,65616.3,278603.8
1715871600000,65616.4,65805.3,65362.5,65676.1,457825.8
1715872500000,65676.0,65833.0,65604.1,65803.6,106511.4
1715873400000,65803.6,65908.8,65701.4,65743.9,99650.4
1715874300000,65743.9,65934.0,65671.3,65830.1,75238.5
1715875200000,65830.2,65841.4,65703.1,65714.1,63734.0
1715876100000,65714.2,65714.2,65420.0,65475.3,222914.4
1715877000000,65475.3,65475.3,65162.0,65384.1,308046.2
1715877900000,65384.1,65408.3,65120.0,65167.2,204176.6
1715878800000,65167.1,65414.5,65111.0,65298.0,136719.2
1715879700000,65298.1,65309.8,64672.2,64728.4,413191.4
1715880600000,64726.9,64941.2,64600.0,64750.1,291375.2
1715881500000,64750.0,65079.3,64663.3,65003.9,200443.2
1715882400000,65003.9,65198.0,64890.0,65030.5,189797.7
1715883300000,65030.5,65032.0,64823.6,64882.8,109811.3
1715884200000,64882.7,65116.0,64833.2,65115.1,50749.4
1715885100000,65115.1,65199.9,65010.0,65123.0,56074.3
1715886000000,65122.9,65358.4,65088.2,65302.4,121818.0
1715886900000,65302.3,65555.0,65228.1,65528.0,128246.4
1715887800000,65528.0,65581.0,65191.6,65213.2,100354.5
1715888700000,65213.2,65348.6,65130.0,65180.1,57300.2
1715889600000,65180.1,65300.0,65070.0,65125.1,65629.8
1715890500000,65125.1,65160.0,65037.6,65143.2,52983.8
1715891400000,65143.2,65269.2,65069.8,65259.5,31106.6
1715892300000,65259.6,65275.0,65184.3,65271.8,27833.9
1715893200000,65271.8,65407.2,65271.8,65369.7,39256.6
1715894100000,65369.8,65432.0,65263.7,65265.3,30491.9
1715895000000,65265.2,65511.9,65244.8,65478.1,48947.1
1715895900000,65478.1,65507.0,65388.8,65463.4,19261.7
1715896800000,65463.4,65486.7,65134.4,65141.6,72803.0
1715897700000,65141.7,65256.0,65141.7,65241.7,20858.9
1715898600000,65242.0,65435.1,65185.8,65430.7,34051.3
1715899500000,65430.7,65455.0,65364.0,65418.8,42149.0
1715900400000,65418.8,65424.9,65271.6,65306.0,27063.5
1715901300000,65306.0,65315.1,65202.6,65276.1,38500.4
1715902200000,65276.1,65309.9,65222.9,65309.8,33288.6
1715903100000,65309.8,65322.9,65185.0,65241.7,36425.9
1715904000000,65241.7,65366.3,65241.6,65338.1,38527.5
1715904900000,65338.2,65446.9,65335.7,65407.9,44960.6
1715905800000,65407.3,65415.0,65262.3,65300.0,35231.2
1715906700000,65300.0,65497.0,65281.6,65497.0,28303.0
1715907600000,65497.0,65500.0,65264.4,65278.8,77312.3
1715908500000,65278.8,65289.3,65101.2,65225.8,72217.0
1715909400000,65225.9,65412.0,65225.8,65392.0,44254.0
1715910300000,65392.1,65412.0,65318.0,65355.7,25729.8
1715911200000,65355.8,65380.0,65180.3,65198.7,46921.8
1715912100000,65198.8,65273.7,65184.0,65254.0,31308.9
1715913000000,65254.0,65466.0,65218.7,65465.9,46327.0
1715913900000,65465.9,65465.9,65340.1,65380.6,33745.1
1715914800000,65380.7,65456.5,65350.8,65395.0,46022.6
1715915700000,65395.1,65662.3,65358.8,65650.8,109742.2
1715916600000,65650.8,65888.0,65510.0,65800.1,239196.1
1715917500000,65804.7,65810.4,65581.9,65582.0,92373.2
1715918400000,65582.1,65632.3,65550.0,65592.0,40642.4
1715919300000,65591.9,65596.3,65504.8,65515.0,37468.9
1715920200000,65515.0,65552.0,65434.3,65486.4,39850.5
1715921100000,65486.8,65499.7,65355.0,65444.4,53470.4
1715922000000,65444.4,65529.4,65425.0,65529.2,42780.0
1715922900000,65529.2,65529.2,65447.1,65447.1,30047.1
1715923800000,65447.2,65627.9,65431.0,65627.9,33939.5
1715924700000,65627.9,65699.7,65541.4,65699.6,55786.3
1715925600000,65699.6,65720.9,65581.6,65609.8,49614.5
1715926500000,65609.9,65697.1,65569.7,65685.1,39332.0
1715927400000,65685.2,65845.0,65665.2,65840.3,82433.7
1715928300000,65840.3,66167.0,65815.3,65937.9,262988.3
1715929200000,65937.9,66383.2,65937.9,66331.9,223466.5
1715930100000,66332.0,66500.0,66260.0,66313.2,302636.7
1715931000000,66313.2,66313.2,66104.1,66211.6,143349.7
1715931900000,66211.6,66415.8,66071.1,66382.3,136320.9
1715932800000,66382.3,66453.7,66163.6,66319.4,112413.3
1715933700000,66319.4,66374.0,66162.6,66170.0,92650.3
1715934600000,66170.0,66178.7,66064.5,66108.6,67650.8
1715935500000,66108.6,66193.0,66073.3,66139.6,40345.5
1715936400000,66139.7,66265.3,66060.4,66245.3,47594.1
1715937300000,66245.2,66288.8,66129.3,66204.3,53511.6
1715938200000,66204.9,66333.0,66191.2,66253.1,41422.7
1715939100000,66253.0,66386.2,66253.0,66337.4,52812.3
1715940000000,66337.4,66350.0,66172.2,66260.3,74314.7
1715940900000,66260.3,66420.0,66236.5,66411.4,72645.7
1715941800000,66411.3,66444.9,66302.5,66373.3,57926.1
1715942700000,66373.4,66538.1,66359.0,66485.5,109542.9
1715943600000,66485.5,66570.0,66185.2,66231.4,164538.4
1715944500000,66231.3,66333.3,66192.2,66274.5,46442.6
1715945400000,66274.6,66348.0,66206.2,66296.6,43582.6
1715946300000,66296.7,66346.3,66191.2,66217.1,35307.3
1715947200000,66217.1,66260.8,66192.7,66201.8,53214.6
1715948100000,66201.9,66397.3,66113.8,66277.2,82464.4
1715949000000,66277.2,66398.0,66230.6,66262.3,67108.0
1715949900000,66262.2,66555.5,66262.2,66385.8,189560.0
1715950800000,66385.8,66461.9,66160.0,66230.0,147692.0
1715951700000,66230.0,66335.7,66188.0,66335.6,59066.5
1715952600000,66335.6,66389.0,65814.4,65933.3,313304.5
1715953500000,65933.3,66071.8,65883.2,65951.4,113066.1
1715954400000,65951.4,66177.3,65920.0,66139.9,128342.9
1715955300000,66139.9,66428.8,66104.6,66355.0,153243.4
1715956200000,66354.9,66492.2,66286.8,66362.5,155538.9
1715957100000,66362.4,66887.1,66323.6,66826.8,321472.2
1715958000000,66826.8,66966.0,66552.2,66898.0,421529.7
1715958900000,66898.0,67423.0,66860.0,67416.1,656504.4
1715959800000,67416.0,67460.0,67168.6,67200.1,351743.2
1715960700000,67200.1,67247.8,67022.0,67200.0,182447.5
1715961600000,67200.0,67273.3,67100.0,67106.2,122279.3
1715962500000,67106.3,67219.9,67055.0,67217.6,85254.2
1715963400000,67217.5,67317.0,67066.0,67066.0,86596.6
1715964300000,67066.1,67157.8,66906.5,66930.0,128061.6
1715965200000,66930.0,66999.6,66752.0,66824.7,150322.1
1715966100000,66824.7,67021.5,66816.8,66915.9,73201.4
1715967000000,66915.8,66927.7,66762.4,66780.0,66064.7
1715967900000,66780.1,66814.4,66650.1,66708.9,96712.4
1715968800000,66708.9,66708.9,66216.1,66416.0,340392.1
1715969700000,66416.0,66576.4,66371.2,66501.3,102395.2
1715970600000,66501.4,66550.0,66395.3,66550.0,48018.8
1715971500000,66549.9,66856.6,66539.5,66818.1,141541.4
1715972400000,66818.1,66819.9,66639.6,66711.2,83487.7
1715973300000,66711.2,66898.0,66667.8,66892.0,58345.7
1715974200000,66892.0,67038.0,66813.0,66998.5,81962.9
1715975100000,66998.5,67064.4,66836.9,67053.9,73296.5
1715976000000,67047.9,67047.9,66830.4,66877.7,48671.9
1715976900000,66877.7,66939.9,66873.7,66883.7,16768.3
1715977800000,66883.7,66890.3,66771.8,66771.8,20966.2
1715978700000,66771.8,66948.0,66762.5,66889.3,24197.5
1715979600000,66889.4,66916.0,66790.5,66846.8,22844.8
1715980500000,66846.8,66865.3,66794.1,66852.9,13976.9
1715981400000,66852.8,66870.0,66789.0,66799.6,16720.8
1715982300000,66799.6,66848.1,66732.0,66818.2,17239.8
1715983200000,66818.2,66818.2,66736.4,66767.7,29144.6
1715984100000,66767.6,66767.6,66670.1,66710.1,21355.3
1715985000000,66710.0,66746.8,66704.7,66742.6,8684.1
1715985900000,66744.0,66783.1,66736.9,66767.7,15406.4
1715986800000,66767.8,66767.8,66690.0,66762.0,17534.4
1715987700000,66762.0,66933.0,66761.7,66912.3,35974.9
1715988600000,66912.4,67020.0,66848.3,66923.0,74798.0
1715989500000,66923.0,67055.4,66904.5,67007.3,54306.1
1715990400000,67007.3,67081.1,66881.3,66941.5,70865.7
1715991300000,66941.5,66941.5,66784.7,66794.4,47959.5
1715992200000,66794.3,66883.0,66734.8,66836.0,78082.0
1715993100000,66836.0,66944.3,66827.7,66904.6,39078.9
1715994000000,66904.6,66917.9,66829.3,66878.0,44790.4
1715994900000,66877.9,66878.0,66768.1,66852.8,31849.5
1715995800000,66852.7,67019.9,66810.0,66919.9,74105.0
1715996700000,66920.0,66966.0,66883.3,66965.9,41708.3
1715997600000,66965.9,67055.6,66892.9,66959.0,61706.0
1715998500000,66959.1,67040.1,66916.1,66950.0,32446.9
1715999400000,66950.1,66974.8,66791.5,66878.9,43642.6
1716000300000,66878.9,66920.9,66830.7,66906.1,22942.4
1716001200000,66906.1,67018.6,66890.0,66916.1,36766.8
1716002100000,66914.4,66952.7,66860.1,66880.4,30508.9
1716003000000,66880.4,66940.0,66852.3,66932.1,19961.0
1716003900000,66932.1,66982.0,66923.7,66941.7,18166.3
1716004800000,66941.7,67000.0,66880.7,66880.7,26347.4
1716005700000,66880.7,66932.8,66854.0,66923.4,17636.4
1716006600000,66923.5,66945.3,66848.8,66848.9,24961.2
1716007500000,66848.8,66906.3,66780.0,66888.4,35370.4
1716008400000,66888.4,66888.4,66813.1,66839.9,20457.1
1716009300000,66839.9,66895.7,66833.0,66881.2,18156.4
1716010200000,66881.2,66892.9,66834.0,66860.7,12411.2
1716011100000,66860.7,66864.7,66811.6,66851.9,26974.4
1716012000000,66851.9,66888.0,66800.0,66803.6,17111.7
1716012900000,66808.8,66845.3,66733.6,66760.0,34324.2
1716013800000,66760.0,66820.0,66720.0,66793.0,37405.0
1716014700000,66793.1,66964.3,66776.0,66919.7,59958.9
1716015600000,66919.6,66935.0,66830.6,66900.1,27621.6
1716016500000,66900.0,67254.6,66890.0,67186.3,178750.7
1716017400000,67186.2,67186.2,67005.4,67013.1,87378.2
1716018300000,67013.0,67041.7,66808.0,66882.2,124361.7
1716019200000,66882.2,67027.2,66833.1,67003.3,84218.5
1716020100000,67003.3,67088.0,66992.0,66999.2,46635.3
1716021000000,66999.2,67015.8,66904.9,66956.1,27508.2
1716021900000,66956.1,67026.4,66934.8,67019.2,19030.6
1716022800000,67019.3,67113.1,66991.2,67011.5,42792.2
1716023700000,67011.6,67115.0,67000.0,67017.1,55614.3
1716024600000,67017.1,67135.0,67006.2,67071.1,30751.7
1716025500000,67071.1,67149.0,67031.0,67128.9,36101.2
1716026400000,67129.9,67210.0,67070.0,67197.5,91351.4
1716027300000,67197.4,67316.7,67137.5,67290.0,133585.6
1716028200000,67289.9,67292.6,67069.7,67107.5,71845.8
1716029100000,67107.5,67301.1,67035.8,67209.9,125156.3
1716030000000,67211.5,67398.3,67180.2,67285.0,138371.1
1716030900000,67285.1,67315.2,67223.8,67250.2,37947.0
1716031800000,67250.3,67252.4,67106.0,67216.3,57279.3
1716032700000,67216.2,67238.2,67122.7,67194.6,52655.2
1716033600000,67194.5,67209.3,67097.2,67097.2,37757.9
1716034500000,67097.2,67166.0,67037.9,67161.9,47886.6
1716035400000,67162.0,67242.0,67059.7,67083.6,56713.5
1716036300000,67083.6,67121.8,66890.0,66955.7,89689.4
1716037200000,66959.0,67011.9,66850.0,66950.2,81145.0
1716038100000,66950.2,67086.1,66933.9,67063.9,36738.9
1716039000000,67063.9,67065.8,66889.9,67019.4,55745.8
1716039900000,67019.4,67020.0,66800.3,66876.3,119301.2
1716040800000,66876.3,66933.0,66788.0,66883.1,64061.3
1716041700000,66883.1,67053.5,66837.7,67037.5,91997.8
1716042600000,67037.5,67047.8,66563.3,66687.0,188225.7
1716043500000,66688.0,66817.4,66604.2,66792.4,139644.9
1716044400000,66792.5,66888.0,66578.0,66716.4,174443.4
1716045300000,66716.5,66825.5,66683.9,66803.1,72750.8
1716046200000,66803.1,66884.8,66732.3,66873.9,91537.1
1716047100000,66873.9,66874.0,66792.4,66803.5,23602.2
1716048000000,66803.5,66954.9,66709.8,66935.3,105431.7
1716048900000,66935.2,67019.3,66852.4,66977.1,78910.8
1716049800000,66977.2,66995.6,66857.7,66886.0,29815.2
1716050700000,66886.1,66912.9,66827.7,66889.3,16514.8
1716051600000,66889.2,66960.0,66889.2,66938.2,20254.4
1716052500000,66938.2,66976.3,66862.7,66863.9,19968.7
1716053400000,66863.9,66897.0,66805.8,66826.8,23304.9
1716054300000,66826.8,66871.2,66757.0,66871.1,36656.8
1716055200000,66871.2,66926.1,66791.1,66800.8,19585.0
1716056100000,66800.8,66861.6,66784.9,66830.1,20938.7
1716057000000,66830.1,66843.4,66793.1,66825.7,8033.8
1716057900000,66825.7,66825.7,66791.6,66800.1,10340.4
1716058800000,66800.1,66831.9,66771.1,66831.9,11821.5
1716059700000,66831.9,66871.0,66821.3,66856.4,11035.3
1716060600000,66857.3,66888.0,66850.0,66873.7,10730.0
1716061500000,66876.0,66959.5,66849.9,66915.3,28483.6
1716062400000,66915.3,66942.3,66882.5,66926.5,20196.6
1716063300000,66926.5,66987.4,66911.8,66987.3,23304.1
1716064200000,66987.3,67031.5,66953.9,66999.9,26108.5
1716065100000,66999.9,67010.0,66958.3,66966.7,10650.7
1716066000000,66966.7,66985.0,66925.2,66985.0,7535.9
1716066900000,66985.0,66985.0,66826.3,66840.1,25620.3
1716067800000,66840.2,66905.2,66791.0,66870.8,13698.6
1716068700000,66870.8,66900.0,66861.3,66898.0,6086.6
1716069600000,66898.1,66918.4,66840.2,66862.1,16735.8
1716070500000,66862.0,66865.0,66829.8,66865.0,8794.0
1716071400000,66865.0,66873.5,66826.1,66873.5,5052.2
1716072300000,66873.5,66997.8,66873.4,66928.8,42121.8
1716073200000,66928.8,66969.0,66919.7,66958.0,11142.5
1716074100000,66958.1,66990.1,66958.1,66978.7,16743.5
1716075000000,66978.6,67045.0,66940.0,66990.2,25063.8
1716075900000,66990.3,67002.0,66900.9,66910.1,19179.1
1716076800000,66910.0,66976.0,66910.0,66958.7,23105.6
1716077700000,66958.7,66984.0,66917.3,66941.3,11673.6
1716078600000,66941.3,66941.4,66825.0,66860.0,25198.7
1716079500000,66860.1,66906.0,66850.0,66905.9,9737.7
1716080400000,66906.0,66970.1,66882.0,66925.8,18787.8
1716081300000,66925.8,66978.9,66925.8,66937.7,9326.4
1716082200000,66937.6,66940.0,66900.0,66901.5,7663.2
1716083100000,66901.5,66938.0,66873.0,66914.7,10566.7
1716084000000,66914.8,66975.0,66914.8,66959.9,16608.3
1716084900000,66959.9,67109.5,66937.9,67055.6,70215.9
1716085800000,67055.5,67055.6,66944.3,66997.9,30755.7
1716086700000,66998.0,67228.0,66997.9,67199.8,134978.1
1716087600000,67199.9,67215.9,67100.0,67122.8,47934.6
1716088500000,67122.8,67274.7,67089.3,67222.8,65189.2
1716089400000,67222.8,67287.1,67155.1,67155.1,92259.4
1716090300000,67155.1,67175.9,67131.1,67155.6,27194.3
1716091200000,67156.0,67174.0,67040.0,67051.5,43551.8
1716092100000,67051.5,67082.2,66978.0,67058.0,52337.3
1716093000000,67058.0,67090.0,66988.6,67089.9,30916.7
1716093900000,67090.0,67175.5,67070.4,67161.1,45712.4
1716094800000,67161.1,67165.4,67092.5,67118.6,19967.7
1716095700000,67118.7,67134.4,67087.0,67118.0,11125.8
1716096600000,67117.9,67178.0,67111.3,67117.0,20071.5
1716097500000,67117.1,67162.5,67092.3,67105.0,14978.7
1716098400000,67104.9,67140.0,67086.0,67105.3,12429.7
1716099300000,67105.4,67167.9,67101.6,67112.7,29207.5
1716100200000,67112.7,67112.7,66937.3,66974.8,75341.2
1716101100000,66974.8,67035.8,66937.6,67035.7,35119.6
1716102000000,67035.8,67091.5,67035.7,67057.8,31026.0
1716102900000,67057.9,67252.2,66977.8,67179.7,98750.7
1716103800000,67179.7,67310.0,67101.9,67258.6,104564.1
1716104700000,67258.6,67345.3,67197.4,67331.8,97242.5
1716105600000,67331.7,67359.2,67200.7,67222.4,59545.1
1716106500000,67222.4,67263.9,67203.5,67232.7,20774.9
1716107400000,67232.6,67295.7,67100.9,67183.7,79852.6
1716108300000,67182.3,67210.0,67145.9,67166.0,19577.3
1716109200000,67166.0,67181.0,67062.6,67088.3,55230.3
1716110100000,67088.3,67138.7,67000.4,67001.1,73687.5
1716111000000,67001.0,67071.5,67001.0,67065.0,44130.7
1716111900000,67065.0,67200.0,67065.0,67190.0,44565.7
1716112800000,67190.1,67238.0,67115.2,67135.0,42936.1
1716113700000,67135.0,67320.6,67135.0,67284.1,86175.5
1716114600000,67284.1,67794.0,67238.0,67561.0,532682.9
1716115500000,67561.0,67597.5,67151.4,67271.4,259133.3
1716116400000,67271.5,67288.1,66957.5,67137.6,263833.4
1716117300000,67137.6,67200.0,67000.0,67075.0,100876.6
1716118200000,67075.0,67347.4,67002.0,67308.2,141354.6
1716119100000,67308.2,67393.0,67264.7,67324.7,111321.2
1716120000000,67324.8,67329.2,67199.8,67249.6,50394.8
1716120900000,67249.6,67249.6,66836.5,66890.0,247561.4
1716121800000,66890.1,67041.6,66876.3,66990.0,78105.3
1716122700000,66990.1,67000.0,66769.9,66833.5,124615.8
1716123600000,66833.5,66947.0,66732.0,66830.0,101395.4
1716124500000,66829.9,66927.3,66754.8,66754.9,74418.1
1716125400000,66754.8,66944.0,66666.0,66923.5,133884.1
1716126300000,66923.5,67181.2,66904.1,67045.1,166024.3
1716127200000,67045.1,67120.0,66982.4,67073.3,65493.0
1716128100000,67073.3,67140.8,66932.6,66956.0,67551.3
1716129000000,66956.1,67040.8,66888.0,66914.7,68471.4
1716129900000,66914.7,66950.0,66834.1,66927.8,47745.4
1716130800000,66927.8,66927.8,66750.0,66789.8,64495.6
1716131700000,66789.7,66931.0,66740.0,66915.0,49215.4
1716132600000,66915.0,66996.0,66810.1,66823.0,45027.8
1716133500000,66822.9,66899.2,66788.0,66895.2,33787.5
1716134400000,66895.2,67002.0,66852.7,66852.9,67701.1
1716135300000,66853.0,66895.5,66700.0,66745.0,126131.0
1716136200000,66745.0,66818.5,66681.0,66791.0,73469.4
1716137100000,66791.1,66852.9,66542.8,66658.9,168120.7
1716138000000,66659.0,66741.3,66518.5,66646.7,167717.2
1716138900000,66646.6,66797.7,66632.1,66773.6,51329.6
1716139800000,66774.0,66827.5,66673.0,66732.1,35779.0
1716140700000,66732.1,66780.6,66698.2,66715.6,27696.4
1716141600000,66715.5,66734.8,66635.3,66713.7,30059.4
1716142500000,66713.6,66754.0,66605.3,66634.2,20849.6
1716143400000,66634.2,66660.7,66576.7,66591.1,49162.2
1716144300000,66591.1,66616.9,66529.1,66600.0,41932.5
1716145200000,66599.9,66656.7,66022.7,66260.0,373230.4
1716146100000,66260.1,66400.2,66235.1,66383.1,98517.0
1716147000000,66383.1,66394.4,66116.8,66125.0,61762.3
1716147900000,66124.9,66242.3,65887.0,66043.1,219721.4
1716148800000,66043.0,66279.9,66010.1,66269.7,84654.9
1716149700000,66269.8,66312.0,66219.7,66277.0,39214.1
1716150600000,66277.1,66299.0,66158.0,66158.0,21314.6
1716151500000,66158.0,66231.3,66151.0,66169.0,18058.1
1716152400000,66168.9,66257.5,66104.0,66205.6,29065.3
1716153300000,66205.6,66246.4,66114.4,66143.3,17257.8
1716154200000,66143.4,66188.1,65991.3,66163.3,50706.6
1716155100000,66163.3,66360.2,66137.5,66292.6,53600.6
1716156000000,66292.5,66373.1,66250.0,66352.8,63231.6
1716156900000,66352.8,66422.0,66342.3,66380.0,35397.4
1716157800000,66380.0,66463.9,66307.8,66321.4,37599.1
1716158700000,66321.3,66383.5,66308.8,66359.1,18946.2
1716159600000,66359.0,66359.0,66247.5,66278.6,32500.6
1716160500000,66278.6,66308.1,66205.0,66220.0,25246.4
1716161400000,66219.9,66300.0,66213.1,66250.0,19345.3
1716162300000,66250.1,66350.0,66220.8,66272.2,29670.9
1716163200000,66272.3,66288.0,66201.0,66201.0,36706.4
1716164100000,66201.0,66243.5,66150.0,66217.0,42544.6
1716165000000,66217.0,66469.9,66201.7,66372.0,98276.4
1716165900000,66372.0,66507.2,66301.0,66463.1,61669.4
1716166800000,66463.1,66611.0,66230.9,66360.0,173170.7
1716167700000,66360.0,66428.7,66250.1,66302.2,53326.7
1716168600000,66302.3,66426.9,66065.7,66414.9,166307.5
1716169500000,66415.0,66550.0,66360.0,66533.1,76729.5
1716170400000,66533.1,66716.7,66503.5,66607.2,103769.3
1716171300000,66607.1,66738.5,66565.1,66719.3,84570.7
1716172200000,66719.3,66788.0,66653.8,66716.6,71833.4
1716173100000,66716.6,66787.2,66622.6,66683.6,68574.7
1716174000000,66683.6,66778.2,66660.0,66669.8,53830.6
1716174900000,66669.8,66680.0,66571.0,66590.3,39385.2
1716175800000,66590.4,66738.0,66590.3,66716.0,56785.4
1716176700000,66716.0,66730.1,66667.0,66680.0,32722.4
1716177600000,66680.0,66750.0,66630.0,66660.6,29541.7
1716178500000,66660.6,66721.4,66633.0,66688.0,20468.6
1716179400000,66688.1,67132.2,66673.1,67074.4,316148.0
1716180300000,67074.4,67166.0,67006.8,67151.3,140483.4
1716181200000,67151.2,67310.0,67123.3,67150.1,232788.2
1716182100000,67150.0,67195.8,67049.0,67181.6,76255.6
1716183000000,67181.6,67214.3,67095.5,67096.3,41915.8
1716183900000,67096.3,67171.0,67086.1,67137.7,63547.2
1716184800000,67137.8,67165.4,66917.5,67013.9,114943.7
1716185700000,67014.0,67072.8,66972.5,67072.5,59319.1
1716186600000,67072.6,67090.9,66945.4,66945.4,48430.5
1716187500000,66945.5,66978.9,66250.0,66408.2,485421.8
1716188400000,66408.2,66666.0,66328.6,66665.9,211667.7
1716189300000,66665.9,66766.0,66608.0,66718.8,109662.9
1716190200000,66719.2,66864.7,66702.3,66850.0,101040.0
1716191100000,66850.0,66899.8,66789.2,66817.1,86911.0
1716192000000,66816.0,67073.0,66814.2,66915.0,134785.1
1716192900000,66915.0,66964.2,66859.1,66925.4,47736.0
1716193800000,66925.3,66956.9,66822.0,66841.8,46081.0
1716194700000,66841.8,66859.0,66743.9,66758.3,62241.7
1716195600000,66758.2,66943.4,66750.0,66928.7,46804.3
1716196500000,66928.8,67012.0,66877.2,66949.9,73259.7
1716197400000,66949.8,66993.0,66901.5,66934.6,46864.4
1716198300000,66934.5,66940.0,66873.7,66908.1,29185.5
1716199200000,66908.1,67160.7,66873.7,67059.3,146607.9
1716200100000,67059.3,67374.9,67012.1,67164.2,206537.3
1716201000000,67164.2,67185.3,67051.5,67102.2,79368.0
1716201900000,67102.2,67237.9,67102.2,67121.9,86442.3
1716202800000,67121.9,67267.8,67067.8,67265.9,86638.4
1716203700000,67265.9,67315.9,67190.6,67210.4,72206.9
1716204600000,67210.5,67240.0,67079.9,67091.1,59065.8
1716205500000,67091.0,67120.0,66904.2,67000.2,115677.4
1716206400000,67000.2,67101.1,67000.0,67080.0,44409.0
1716207300000,67080.0,67093.8,66900.9,66925.2,77041.3
1716208200000,66925.2,67022.6,66821.6,66835.1,74437.6
1716209100000,66835.1,67000.0,66787.4,66933.9,98141.6
1716210000000,66934.0,67110.7,66897.5,67039.6,75368.4
1716210900000,67039.7,67098.0,66975.7,66986.1,55782.5
1716211800000,66986.1,67171.7,66755.1,66887.1,178498.1
1716212700000,66887.1,67195.4,66828.0,67103.7,193918.1
1716213600000,67103.7,67116.9,66813.5,66834.0,86967.0
1716214500000,66834.0,66979.0,66805.7,66873.8,76539.3
1716215400000,66873.9,66920.7,66758.0,66838.1,94485.3
1716216300000,66838.1,67017.4,66808.1,66995.3,77394.3
1716217200000,66995.4,67113.1,66892.5,67088.8,63636.0
1716218100000,67088.7,67528.6,67072.4,67263.4,394566.4
1716219000000,67263.5,67405.2,67175.0,67371.0,133734.8
1716219900000,67371.0,67485.0,67294.2,67418.0,105608.3
1716220800000,67418.1,67969.8,67418.0,67520.9,669315.8
1716221700000,67522.1,67840.0,67381.1,67832.1,246715.4
1716222600000,67832.1,68280.3,67656.5,68250.0,574193.7
1716223500000,68250.0,68250.1,68058.6,68195.0,192457.9
1716224400000,68195.0,68487.7,68050.0,68406.7,395586.3
1716225300000,68406.8,68649.6,68270.0,68336.5,373007.8
1716226200000,68336.6,68336.6,68120.0,68275.8,171197.8
1716227100000,68275.8,68406.8,68180.1,68331.9,98070.8
1716228000000,68331.9,68561.5,68292.1,68417.8,176691.1
1716228900000,68417.7,68500.0,68305.2,68487.7,79385.3
1716229800000,68487.8,68785.5,68353.5,68674.5,223525.5
1716230700000,68674.5,68750.0,68586.9,68716.1,118702.8
1716231600000,68716.1,68833.0,68592.7,68707.8,164287.6
1716232500000,68707.7,69500.0,68637.3,69205.8,924813.5
1716233400000,69204.4,70056.1,69166.7,69777.9,1156528.8
1716234300000,69777.8,70159.4,69572.0,70047.2,381590.8
1716235200000,70047.3,70500.0,69705.8,69708.0,572804.7
1716236100000,69708.0,69845.5,69550.9,69563.3,219785.9
1716237000000,69563.3,70022.0,69377.5,69454.1,390569.8
1716237900000,69454.0,69583.4,69215.2,69547.2,213989.5
1716238800000,69548.6,69588.9,69062.4,69080.3,194948.6
1716239700000,69080.3,69378.3,68933.4,69257.9,247892.3
1716240600000,69257.9,69410.0,69020.7,69199.9,134915.8
1716241500000,69199.9,69815.5,69199.9,69740.9,202899.5
1716242400000,69741.0,69794.1,69560.0,69723.9,184379.2
1716243300000,69723.9,69999.0,69670.1,69740.9,177668.9
1716244200000,69740.9,69794.9,69620.0,69657.0,73276.4
1716245100000,69657.0,69714.9,69612.8,69627.7,63781.6
1716246000000,69627.6,70113.3,69622.0,70093.1,142963.2
1716246900000,70093.1,71711.0,70093.1,71480.7,1068201.5
1716247800000,71480.7,71545.6,71190.4,71440.5,379291.0
1716248700000,71440.5,71519.0,71377.0,71481.8,212528.8
1716249600000,71481.8,71559.6,71168.0,71320.8,270976.1
1716250500000,71319.3,72086.0,71258.1,71488.6,461866.3
1716251400000,71488.6,71622.4,71228.6,71426.9,159027.1
1716252300000,71426.9,71541.5,71189.1,71344.0,173523.4
1716253200000,71343.9,71343.9,71081.4,71099.8,130447.8
1716254100000,71099.9,71196.2,70729.4,70916.8,307071.2
1716255000000,70916.8,71175.5,70784.0,71043.5,151779.6
1716255900000,71043.6,71312.8,71022.7,71136.9,186256.1
1716256800000,71136.9,71142.1,70916.5,70989.4,87038.9
1716257700000,70989.3,71099.0,70950.0,71013.1,86409.2
1716258600000,71013.1,71442.0,71011.6,71322.2,158101.0
1716259500000,71322.3,71382.5,71193.7,71285.2,132511.1
1716260400000,71285.2,71343.8,71193.7,71281.7,82563.8
1716261300000,71281.8,71333.0,71238.5,71307.0,53784.8
1716262200000,71306.9,71366.0,71127.2,71338.4,74795.8
1716263100000,71338.4,71400.0,71275.0,71294.6,83903.2
1716264000000,71294.7,71305.0,71115.6,71140.6,62847.1
1716264900000,71140.6,71160.7,71000.6,71028.0,61984.2
1716265800000,71027.9,71132.5,70946.5,70993.1,59634.4
1716266700000,70993.1,71014.4,70839.4,70937.9,97825.1
1716267600000,70938.0,71068.0,70860.0,70930.0,94792.8
1716268500000,70930.0,71015.0,70856.6,71008.4,46032.9
1716269400000,71008.4,71196.0,70943.8,71100.7,98499.6
1716270300000,71100.7,71242.4,71060.0,71210.8,77041.0
1716271200000,71210.7,71290.9,71160.0,71250.1,82894.3
1716272100000,71250.1,71288.5,71102.1,71270.3,94794.5
1716273000000,71270.4,71408.1,71207.1,71346.2,132352.8
1716273900000,71346.2,71386.0,71163.7,71205.3,67809.6
1716274800000,71205.2,71244.1,71022.0,71039.1,68714.1
1716275700000,71039.1,71185.2,71017.3,71127.4,47111.7
1716276600000,71127.4,71144.4,70940.9,70940.9,66097.2
1716277500000,70941.0,71011.8,70902.0,70902.2,65410.9
1716278400000,70902.2,71079.8,70893.1,71030.9,84312.2
1716279300000,71030.9,71036.7,70946.0,71027.7,41916.6
1716280200000,71027.8,71111.0,70888.0,70933.4,65559.3
1716281100000,70933.4,70997.9,70906.5,70943.9,37550.2
1716282000000,70943.8,71088.0,70907.8,71038.2,65802.3
1716282900000,71038.2,71100.0,70973.6,71013.9,28525.3
1716283800000,71013.9,71099.0,70951.1,70969.6,28551.1
1716284700000,70969.6,71098.0,70938.9,71014.1,75847.0
1716285600000,71014.0,71321.9,70986.5,71296.1,108760.2
1716286500000,71295.0,71328.0,71082.2,71140.5,103271.2
1716287400000,71140.6,71167.9,71059.4,71146.6,36152.3
1716288300000,71146.5,71150.0,70988.0,71083.0,60155.1
1716289200000,71083.0,71170.7,70972.3,71137.7,100158.5
1716290100000,71137.7,71275.2,71096.1,71232.6,115849.7
1716291000000,71232.6,71433.0,71206.5,71330.9,161456.4
1716291900000,71330.9,71455.0,71084.2,71132.6,207330.5
1716292800000,71134.8,71266.0,71049.9,71226.6,93588.8
1716293700000,71226.7,71455.0,71142.9,71310.0,238097.1
1716294600000,71309.9,71410.1,71150.0,71288.9,96566.4
1716295500000,71288.9,71410.0,71267.2,71362.7,75360.0
1716296400000,71362.7,71362.7,71017.0,71029.5,123920.3
1716297300000,71029.5,71104.0,70853.8,70950.0,215075.5
1716298200000,70949.9,71178.4,70802.8,71145.2,205773.1
1716299100000,71145.3,71281.8,70532.6,70609.2,444799.9
1716300000000,70609.2,70848.9,70562.2,70777.4,150385.9
1716300900000,70777.5,70847.9,70338.0,70438.8,209606.7
1716301800000,70438.8,70950.0,70430.6,70467.9,237893.4
1716302700000,70467.9,70532.0,70203.7,70227.5,236451.1
1716303600000,70227.5,70365.0,70180.0,70269.9,158685.9
1716304500000,70270.0,70511.2,70186.5,70331.5,111880.6
1716305400000,70331.6,70331.6,70014.1,70181.3,155540.8
1716306300000,70181.3,70189.6,69661.0,69837.9,365471.5
1716307200000,69838.0,70008.0,69688.0,69981.4,202028.4
1716308100000,69980.1,70238.0,69920.9,70022.1,212708.6
1716309000000,70022.1,70277.7,69761.5,69844.8,223832.6
1716309900000,69844.8,69943.3,69702.2,69702.3,158048.3
1716310800000,69702.3,69962.6,69582.9,69631.2,244271.4
1716311700000,69631.2,69917.4,69631.2,69887.8,85971.8
1716312600000,69887.9,69999.0,69692.3,69841.8,87129.4
1716313500000,69841.8,69932.9,69711.0,69901.6,46325.5
1716314400000,69901.6,69987.9,69717.9,69721.5,68458.6
1716315300000,69721.4,69744.9,69521.5,69701.5,115423.7
1716316200000,69701.4,69837.7,69571.5,69686.1,70371.5
1716317100000,69686.1,69873.7,69672.7,69861.5,36887.3
1716318000000,69861.5,69966.0,69823.8,69921.1,71687.6
1716318900000,69921.2,69963.3,69240.0,69386.1,237785.8
1716319800000,69386.6,69510.4,69180.0,69331.0,194416.7
1716320700000,69331.1,69455.0,69266.0,69291.4,65254.8
1716321600000,69293.7,69622.5,69243.6,69542.1,69746.5
1716322500000,69542.0,69697.9,69507.1,69697.9,65498.9
1716323400000,69697.8,69736.7,69562.6,69720.8,50958.0
1716324300000,69720.9,69775.5,69686.2,69720.8,26377.7
1716325200000,69720.7,69750.6,69604.6,69688.0,34158.6
1716326100000,69688.0,69688.0,69468.1,69610.0,26760.5
1716327000000,69610.0,69673.5,69532.0,69532.0,21214.0
1716327900000,69532.0,69823.8,69531.5,69736.4,33055.8
1716328800000,69736.1,69873.0,69735.3,69856.1,50929.0
1716329700000,69856.0,70039.3,69856.0,69960.5,74969.8
1716330600000,69965.0,70150.0,69896.9,69991.3,138261.0
1716331500000,69991.3,70213.0,69991.3,70212.4,82218.5
1716332400000,70212.4,70218.5,70114.0,70178.9,57225.0
1716333300000,70179.0,70375.0,70135.6,70314.9,65483.3
1716334200000,70315.0,70359.1,70234.6,70307.1,40301.3
1716335100000,70307.1,70330.0,70081.1,70140.5,72683.4
1716336000000,70145.8,70233.8,70036.2,70160.9,68205.3
1716336900000,70160.9,70270.2,70102.2,70258.7,45755.6
1716337800000,70258.6,70282.3,70091.8,70143.7,50707.9
1716338700000,70143.6,70180.0,70054.1,70116.7,46825.9
1716339600000,70116.6,70208.5,70006.8,70186.9,43158.2
1716340500000,70186.9,70225.0,70081.1,70106.8,43793.5
1716341400000,70106.8,70169.5,70064.0,70125.5,26767.7
1716342300000,70125.5,70184.8,70050.0,70184.8,44616.8
1716343200000,70184.8,70333.0,70154.3,70214.6,82783.2
1716344100000,70214.6,70386.0,70212.0,70256.5,52192.4
1716345000000,70256.5,70256.5,69939.0,70053.5,131627.4
1716345900000,70053.4,70119.9,69942.4,70016.4,71360.6
1716346800000,70016.4,70070.1,69871.0,69956.2,53425.8
1716347700000,69956.1,70015.4,69883.9,69994.3,48990.1
1716348600000,69994.2,69994.2,69828.0,69917.2,67117.1
1716349500000,69917.1,70018.1,69904.0,69968.8,40000.9
1716350400000,69968.8,70020.0,69831.7,69836.0,49263.0
1716351300000,69835.9,69925.0,69760.0,69801.2,51928.0
1716352200000,69801.2,69864.6,69326.0,69326.0,260517.2
1716353100000,69326.0,69653.9,69215.0,69636.0,279504.5
1716354000000,69636.0,69778.0,69558.3,69756.0,142862.8
1716354900000,69756.0,69915.7,69753.7,69904.2,83767.2
1716355800000,69904.2,69960.6,69802.9,69920.7,50206.1
1716356700000,69920.6,69941.8,69835.5,69939.6,46676.7
1716357600000,69939.6,70106.0,69907.9,69949.6,77023.1
1716358500000,69949.7,70008.1,69833.6,69903.2,48288.5
1716359400000,69903.2,69950.0,69816.2,69900.0,30251.1
1716360300000,69900.0,69908.9,69836.4,69895.6,22147.4
1716361200000,69895.5,69925.7,69745.5,69834.7,62196.6
1716362100000,69834.7,69834.7,69627.1,69669.4,70641.1
1716363000000,69669.3,69834.4,69601.3,69809.8,72472.0
1716363900000,69809.7,69863.1,69731.6,69731.9,75822.1
1716364800000,69731.9,69946.7,69653.9,69936.1,92587.7
1716365700000,69936.2,69999.0,69872.5,69963.6,44890.6
1716366600000,69963.5,70258.6,69952.2,70051.5,133642.5
1716367500000,70051.5,70130.0,70019.9,70027.0,35798.7
1716368400000,70027.0,70049.9,69870.4,69920.5,53073.7
1716369300000,69920.5,70057.5,69857.0,70031.1,38549.0
1716370200000,70028.3,70100.0,69908.7,69914.0,41167.1
1716371100000,69914.0,70050.1,69871.0,70006.3,41693.3
1716372000000,70006.3,70098.4,69942.6,70059.0,58241.1
1716372900000,70059.0,70126.4,70045.2,70124.2,44698.3
1716373800000,70124.3,70219.1,70104.1,70207.3,52967.0
1716374700000,70207.2,70246.0,70124.7,70199.4,42123.4
1716375600000,70199.4,70284.3,70154.2,70199.4,85200.9
1716376500000,70199.2,70207.7,70050.0,70052.0,67175.0
1716377400000,70051.9,70098.9,69945.9,70016.4,67655.9
1716378300000,70016.4,70049.0,69732.5,69732.5,121530.9
1716379200000,69732.2,70024.8,69635.7,70020.0,153467.3
1716380100000,70020.0,70106.0,69938.2,70043.4,67956.5
1716381000000,70041.9,70051.5,69656.0,69737.4,131997.3
1716381900000,69737.3,69797.7,69507.5,69660.0,163748.3
1716382800000,69660.0,69871.9,69636.7,69838.0,100775.7
1716383700000,69838.0,69904.9,69686.2,69737.5,77920.6
1716384600000,69737.6,69855.1,69452.0,69547.8,142650.7
1716385500000,69547.8,69664.0,69452.0,69599.8,91671.5
1716386400000,69599.9,69669.8,69457.7,69556.4,68540.2
1716387300000,69556.4,70067.4,69494.4,69714.1,388918.5
1716388200000,69713.5,69868.0,69621.3,69823.6,123361.1
1716389100000,69822.1,70190.8,69810.0,70118.2,181582.1
1716390000000,70118.2,70300.0,69952.0,69988.1,146132.4
1716390900000,69988.1,70288.0,69937.5,70238.1,102701.2
1716391800000,70238.2,70621.3,70140.9,70517.6,214302.4
1716392700000,70517.6,70627.4,70355.7,70458.3,210246.0
1716393600000,70458.4,70686.7,70290.0,70686.7,124902.8
1716394500000,70686.7,70691.2,70376.4,70405.6,84122.3
1716395400000,70405.5,70460.0,70189.0,70295.2,98659.9
1716396300000,70295.2,70359.2,70217.2,70229.0,43734.1
1716397200000,70229.1,70254.9,70086.9,70196.2,64745.0
1716398100000,70196.2,70456.5,70154.2,70265.7,82125.2
1716399000000,70265.7,70300.0,69668.7,69769.9,215041.0
1716399900000,69769.9,69925.0,69672.7,69856.7,77926.1
1716400800000,69856.8,69903.3,69560.0,69692.7,145776.1
1716401700000,69692.7,69720.0,69268.5,69405.3,285961.3
1716402600000,69405.3,69553.1,69232.9,69501.7,161676.3
1716403500000,69501.6,69695.7,69484.1,69602.7,63373.6
1716404400000,69602.8,69725.0,69518.5,69584.8,81692.8
1716405300000,69584.8,69683.7,69457.5,69634.7,52283.2
1716406200000,69636.6,69786.5,69623.4,69658.6,58586.9
1716407100000,69659.0,69826.0,69572.8,69648.8,76167.0
1716408000000,69648.8,69860.5,69607.0,69817.7,67626.4
1716408900000,69817.8,69981.8,69588.5,69588.6,109751.6
1716409800000,69588.6,69664.2,69375.6,69508.1,121844.2
1716410700000,69508.1,69582.9,69440.3,69446.2,27358.7
1716411600000,69446.2,69461.0,68844.0,69090.2,344846.6
1716412500000,69090.2,69384.6,69066.4,69349.6,66581.6
1716413400000,69349.5,69679.8,69290.6,69464.9,84488.7
1716414300000,69465.3,69600.3,69413.4,69498.4,46766.9
1716415200000,69498.4,69556.1,69318.6,69401.2,55212.8
1716416100000,69401.1,69405.4,69228.3,69350.0,50258.3
1716417000000,69350.0,69350.0,69084.4,69104.5,59198.8
1716417900000,69104.5,69213.5,69070.2,69169.1,63988.3
1716418800000,69169.1,69248.9,69077.0,69150.0,35951.2
1716419700000,69150.0,69176.5,69035.1,69125.0,48150.0
1716420600000,69125.1,69181.2,69100.0,69149.8,33054.1
1716421500000,69149.9,69256.3,69147.3,69182.1,35438.7
1716422400000,69182.1,69360.9,69182.1,69342.4,63287.9
1716423300000,69342.4,69470.8,69337.8,69377.5,81594.5
1716424200000,69377.5,69627.1,69377.5,69560.0,80407.4
1716425100000,69560.1,69649.8,69502.0,69512.7,65763.8
1716426000000,69512.8,69539.5,69270.0,69383.8,61963.2
1716426900000,69383.8,69571.6,69375.1,69531.5,46684.3
1716427800000,69531.4,69635.0,69489.7,69562.8,43375.1
1716428700000,69560.6,69560.6,69490.7,69490.8,25801.3
1716429600000,69490.8,69578.0,69473.0,69537.3,30773.4
1716430500000,69537.3,69568.0,69461.1,69472.9,15924.7
1716431400000,69473.0,69524.9,69432.0,69456.7,20695.9
1716432300000,69456.6,69514.5,69371.0,69514.5,46099.7
1716433200000,69517.0,69517.0,69422.9,69474.2,38504.0
1716434100000,69474.2,69483.3,69410.0,69431.9,32583.1
1716435000000,69432.0,69440.9,69309.3,69339.6,35454.6
1716435900000,69339.6,69535.8,69322.0,69449.6,86329.0
1716436800000,69449.6,69524.6,69420.0,69488.5,63053.8
1716437700000,69488.5,69508.0,69415.6,69507.9,42009.1
1716438600000,69507.9,69560.0,69474.4,69550.3,44343.2
1716439500000,69550.4,69585.4,69472.5,69560.0,33155.7
1716440400000,69559.9,69571.9,69417.7,69463.5,79282.9
1716441300000,69463.4,69507.8,69348.0,69458.0,70234.1
1716442200000,69458.0,69464.5,69361.9,69375.7,49050.4
1716443100000,69375.7,69481.5,69346.0,69476.4,84576.1
1716444000000,69476.4,69497.9,69394.3,69438.0,77463.1
1716444900000,69438.0,69473.1,69377.7,69424.7,33895.2
1716445800000,69424.8,69562.6,69404.0,69511.7,77121.5
1716446700000,69511.7,69678.7,69488.5,69561.9,99591.5
1716447600000,69561.9,69612.6,69464.4,69518.1,47507.0
1716448500000,69518.1,69586.6,69500.0,69531.7,19782.9
1716449400000,69531.7,69867.2,69505.0,69777.0,124930.2
1716450300000,69777.0,69820.0,69624.1,69733.0,103688.8
1716451200000,69733.0,69822.0,69685.1,69771.7,87592.6
1716452100000,69771.7,69856.9,69636.0,69661.9,88349.6
1716453000000,69661.8,69716.0,69575.8,69642.4,91420.2
1716453900000,69642.5,69700.0,69586.0,69700.0,64623.1
1716454800000,69700.0,69814.9,69676.2,69782.1,58564.8
1716455700000,69782.1,69818.0,69709.6,69737.8,51196.7
1716456600000,69737.9,69850.0,69620.7,69647.5,82286.9
1716457500000,69647.5,69686.0,69589.0,69656.2,36298.4
1716458400000,69656.3,69778.1,69590.2,69741.4,33013.8
1716459300000,69741.5,69810.0,69698.7,69755.3,23609.2
1716460200000,69755.3,69800.1,69638.5,69756.0,32937.3
1716461100000,69756.0,69787.9,69531.9,69549.4,68692.6
1716462000000,69549.5,69774.9,69549.4,69741.5,54530.0
1716462900000,69741.5,69963.1,69688.0,69930.9,143544.3
1716463800000,69931.0,70037.4,69929.4,69932.7,90826.1
1716464700000,69932.7,70077.2,69855.8,69988.0,131100.2
1716465600000,69988.0,70118.0,69935.1,69964.9,91622.0
1716466500000,69965.0,70062.4,69832.6,69975.0,101432.8
1716467400000,69974.9,69980.9,69829.3,69846.7,92095.4
1716468300000,69846.7,69846.8,69021.8,69434.3,458098.5
1716469200000,69432.9,69582.7,69210.2,69403.3,230117.6
1716470100000,69403.3,69443.8,69182.6,69293.1,113145.0
1716471000000,69293.0,69414.4,68502.8,68761.2,628020.9
1716471900000,68761.2,68761.2,67658.0,68015.2,1138668.8
1716472800000,68015.3,68214.7,67670.8,68211.5,410366.6
1716473700000,68211.4,68385.4,67855.3,67866.6,362262.6
1716474600000,67870.7,68015.8,67720.4,67820.1,174255.7
1716475500000,67820.1,67953.1,67572.7,67748.2,179562.5
1716476400000,67748.3,68170.0,67703.1,68120.4,236026.1
1716477300000,68120.5,68228.0,68074.4,68212.7,131576.5
1716478200000,68212.7,68308.7,68104.5,68149.9,98948.7
1716479100000,68149.9,68160.0,67953.4,68073.4,99281.4
1716480000000,68073.5,68149.6,67922.0,67922.0,107426.6
1716480900000,67922.0,68079.3,67822.5,67995.3,95113.9
1716481800000,67995.2,68171.4,67964.4,68100.4,60670.2
1716482700000,68100.4,68126.5,67796.0,67830.8,96317.1
1716483600000,67830.8,68032.8,67787.3,67980.0,61049.9
1716484500000,67980.0,68076.0,67906.3,68075.7,41635.5
1716485400000,68075.6,68118.3,67895.4,67922.1,40555.8
1716486300000,67922.1,67975.5,67624.0,67648.1,116846.2
1716487200000,67648.0,67699.2,67042.6,67170.4,501907.4
1716488100000,67171.9,67236.6,66745.2,67056.7,365127.3
1716489000000,67056.6,67333.0,67023.4,67115.6,148394.1
1716489900000,67115.6,67436.1,67101.2,67414.5,180967.1
1716490800000,67414.5,67470.1,67254.5,67356.1,106542.5
1716491700000,67356.1,67502.3,67240.0,67460.5,51704.6
1716492600000,67460.5,67709.8,67421.6,67565.3,92943.9
1716493500000,67565.2,67599.9,67124.2,67218.0,167337.6
1716494400000,67218.4,67221.6,66242.5,66758.8,862999.8
1716495300000,66758.7,67600.0,66708.2,67510.8,281931.3
1716496200000,67510.8,67770.0,67400.1,67577.6,96988.0
1716497100000,67577.5,67962.7,67495.5,67812.8,169639.4
1716498000000,67817.1,68384.2,67740.0,67839.9,601266.9
1716498900000,67840.0,67858.4,67127.1,67446.4,444961.0
1716499800000,67446.4,67936.8,67423.0,67846.8,108108.3
1716500700000,67846.8,68124.7,67818.7,67988.1,112649.7
1716501600000,67988.2,67993.4,67705.9,67785.9,101922.3
1716502500000,67786.0,67800.0,67559.3,67638.0,95775.3
1716503400000,67638.0,67720.2,67603.5,67662.5,41999.6
1716504300000,67662.5,67758.5,67555.3,67689.5,50029.3
1716505200000,67689.5,67749.8,67483.4,67514.1,61729.4
1716506100000,67514.0,67725.1,67495.4,67692.7,36148.7
1716507000000,67692.8,67837.0,67591.0,67765.9,94570.0
1716507900000,67765.9,67988.8,67755.0,67961.3,126896.5
1716508800000,67961.3,67985.9,67666.7,67731.5,61452.7
1716509700000,67731.4,67800.0,67636.0,67777.0,57521.6
1716510600000,67777.0,67994.0,67720.2,67937.0,71301.0
1716511500000,67940.0,68024.8,67851.8,67862.1,46160.9
1716512400000,67862.1,67862.1,67666.7,67694.6,39846.6
1716513300000,67694.6,67773.7,67666.0,67715.1,24688.5
1716514200000,67715.1,67840.3,67676.0,67743.6,38545.8
1716515100000,67743.6,67829.2,67743.6,67744.5,21808.3
1716516000000,67744.5,67839.8,67713.3,67794.4,31390.6
1716516900000,67794.4,67839.9,67675.0,67748.4,23267.0
1716517800000,67748.5,67750.0,67650.0,67698.9,33359.2
1716518700000,67699.0,68013.7,67698.0,67993.3,101000.7
1716519600000,67993.3,68031.0,67920.0,67978.8,144895.8
1716520500000,67978.6,67998.7,67856.0,67925.0,31345.7
1716521400000,67925.0,67952.1,67855.1,67949.9,44479.7
1716522300000,67949.9,68003.7,67820.0,67894.1,39554.1
1716523200000,67894.3,67932.1,67840.0,67886.9,41264.6
1716524100000,67886.9,67894.4,67676.0,67750.0,114746.9
1716525000000,67750.0,67755.7,67661.4,67692.0,54785.5
1716525900000,67692.0,67745.9,67676.7,67719.3,31384.9
1716526800000,67719.2,67719.2,67592.9,67630.1,57220.3
1716527700000,67630.2,67632.9,67264.0,67435.2,145598.2
1716528600000,67435.2,67444.5,67058.3,67239.8,238057.6
1716529500000,67239.8,67365.8,67220.0,67313.9,89590.7
1716530400000,67313.9,67603.8,67219.7,67591.1,140231.3
1716531300000,67591.1,67598.4,67018.8,67160.9,164935.0
1716532200000,67160.9,67305.9,67106.4,67232.6,123324.6
1716533100000,67232.7,67252.6,66851.8,66906.7,165400.2
1716534000000,66906.8,67131.6,66852.0,67110.9,142681.7
1716534900000,67110.9,67298.0,67095.1,67266.5,62923.9
1716535800000,67266.5,67341.0,66971.8,67001.6,142922.0
1716536700000,67001.6,67176.4,66971.0,67172.2,67007.2
1716537600000,67172.1,67190.3,67014.1,67015.8,50032.4
1716538500000,67015.8,67051.8,66616.1,66710.0,203793.7
1716539400000,66709.6,67136.1,66675.0,67099.1,146837.4
1716540300000,67099.1,67247.4,67050.2,67205.3,103442.2
1716541200000,67205.4,67253.9,67134.2,67185.3,66985.8
1716542100000,67185.4,67217.7,67041.5,67159.9,61593.4
1716543000000,67159.9,67346.7,67141.9,67322.3,113677.7
1716543900000,67322.3,67476.8,67279.7,67385.2,86006.2
1716544800000,67385.2,67469.4,67367.7,67414.0,39825.1
1716545700000,67413.9,67446.9,67330.0,67428.6,54299.3
1716546600000,67428.6,67537.8,67380.2,67530.7,47779.4
1716547500000,67530.6,67530.7,67305.0,67374.0,71903.5
1716548400000,67374.9,67490.6,67361.7,67471.0,43548.1
1716549300000,67470.9,67481.1,67372.5,67372.9,36880.6
1716550200000,67372.9,67418.0,67287.3,67321.4,41506.2
1716551100000,67321.4,67461.8,67302.2,67367.0,41481.7
1716552000000,67366.9,67510.0,67355.0,67489.0,55065.7
1716552900000,67489.0,67577.7,67409.9,67419.9,75932.2
1716553800000,67419.9,67477.9,67390.0,67430.0,44437.9
1716554700000,67429.9,67597.3,67393.1,67513.9,43791.5
1716555600000,67513.8,67626.1,67336.7,67336.7,75239.1
1716556500000,67336.3,67450.0,67261.3,67425.4,84633.3
1716557400000,67425.2,67467.8,67207.2,67370.5,113099.5
1716558300000,67370.4,67387.6,66933.2,67087.4,167685.1
1716559200000,67087.5,67302.0,66990.4,67212.0,123570.4
1716560100000,67211.9,67950.0,67189.8,67820.0,386960.1
1716561000000,67820.0,68052.2,67716.6,67730.0,245087.5
1716561900000,67729.9,67949.9,67720.7,67866.0,94327.0
1716562800000,67866.0,68335.8,67866.0,68186.9,255806.5
1716563700000,68186.9,68427.6,68126.6,68211.9,159795.7
1716564600000,68211.9,68398.8,68114.2,68168.0,102780.7
1716565500000,68170.6,68340.0,68142.2,68324.5,124919.1
1716566400000,68324.4,68485.8,68061.0,68061.0,175118.5
1716567300000,68061.1,68234.4,67896.7,68110.7,207655.2
1716568200000,68111.6,68272.7,68099.2,68235.8,75065.5
1716569100000,68235.8,68394.6,68176.5,68381.8,70940.9
1716570000000,68381.7,68647.2,68381.7,68511.0,162514.1
1716570900000,68510.9,68651.6,68480.0,68554.8,56268.2
1716571800000,68554.8,68765.0,68551.8,68713.7,120871.5
1716572700000,68713.7,68946.4,68626.4,68909.9,124653.7
1716573600000,68909.9,69176.0,68847.3,69135.7,230443.3
1716574500000,69135.7,69232.7,69001.6,69079.2,120621.7
1716575400000,69079.2,69079.2,68830.1,68986.3,95235.4
1716576300000,68983.3,69025.9,68885.8,68970.0,49768.7
1716577200000,68969.0,68969.0,68743.0,68840.4,133673.9
1716578100000,68840.4,69013.9,68840.3,68872.2,44373.2
1716579000000,68872.2,68979.1,68848.5,68929.4,35383.3
1716579900000,68929.4,69270.5,68908.3,69128.7,93251.5
1716580800000,69128.7,69217.3,69038.8,69087.5,78038.8
1716581700000,69087.5,69096.7,68900.7,68924.1,30650.9
1716582600000,68924.1,68997.6,68901.4,68997.0,22188.4
1716583500000,68996.9,69025.9,68829.0,68829.3,39173.7
1716584400000,68829.2,69000.0,68829.0,68860.0,34301.0
1716585300000,68860.0,68937.5,68806.0,68806.6,33558.5
1716586200000,68806.5,68966.9,68806.5,68876.6,20098.8
1716587100000,68876.6,68888.0,68818.2,68880.6,11001.0
1716588000000,68880.5,68883.1,68749.5,68811.0,30213.6
1716588900000,68811.1,68811.1,68749.9,68778.2,20125.0
1716589800000,68778.2,68839.9,68778.1,68821.1,32086.7
1716590700000,68821.1,68821.1,68666.6,68791.0,53115.4
1716591600000,68790.0,68790.0,68693.3,68745.4,28999.2
1716592500000,68745.4,68745.4,68682.5,68682.6,30103.3
1716593400000,68682.5,68682.5,68581.1,68628.4,73145.5
1716594300000,68628.3,68631.9,68528.4,68562.8,55571.1
1716595200000,68562.8,68680.0,68502.5,68680.0,61694.1
1716596100000,68679.9,68688.9,68608.2,68650.7,24605.1
1716597000000,68650.7,68650.7,68587.8,68587.9,27652.8
1716597900000,68587.8,68634.7,68520.0,68543.6,22396.9
1716598800000,68543.5,68654.6,68543.5,68630.4,28185.7
1716599700000,68630.3,68699.0,68620.8,68695.8,59291.2
1716600600000,68695.8,68699.0,68604.1,68658.2,43475.3
1716601500000,68658.2,68706.7,68606.0,68606.1,57443.9
1716602400000,68606.0,68724.0,68600.0,68723.9,61513.4
1716603300000,68723.8,68843.4,68720.3,68767.2,82704.3
1716604200000,68767.2,68789.5,68714.2,68719.8,45432.3
1716605100000,68719.9,68831.7,68719.8,68831.5,25856.4
1716606000000,68831.4,68919.9,68731.7,68731.7,53630.8
1716606900000,68731.8,68734.3,68659.6,68720.5,33692.2
1716607800000,68720.5,68747.6,68675.0,68706.1,31067.7
1716608700000,68706.1,68798.8,68690.8,68749.6,24452.9
1716609600000,68749.7,68821.2,68690.0,68750.7,30090.5
1716610500000,68750.6,68820.0,68676.3,68716.1,21997.7
1716611400000,68716.0,68813.8,68690.5,68746.1,23213.0
1716612300000,68746.1,68808.3,68745.6,68779.3,23866.0
1716613200000,68779.3,68792.9,68725.0,68761.1,12985.6
1716614100000,68761.2,68792.9,68745.7,68779.0,12575.3
1716615000000,68779.0,68811.6,68704.0,68706.7,15733.4
1716615900000,68706.7,68728.2,68704.0,68719.6,9315.9
1716616800000,68719.6,68748.6,68695.0,68712.4,22544.3
1716617700000,68712.4,68712.5,68672.3,68698.1,15368.8
1716618600000,68698.1,68698.1,68603.1,68650.0,40983.3
1716619500000,68650.1,68669.2,68616.9,68656.0,16555.7
1716620400000,68656.0,68682.9,68631.7,68663.9,14828.5
1716621300000,68664.0,68801.2,68642.0,68769.1,46961.1
1716622200000,68769.1,68769.1,68693.8,68719.4,17160.1
1716623100000,68719.4,68768.0,68710.0,68753.2,13520.4
1716624000000,68753.2,68827.9,68751.8,68827.8,53584.8
1716624900000,68827.9,68962.7,68824.1,68934.1,79675.9
1716625800000,68934.1,69069.6,68878.4,68885.1,81253.3
1716626700000,68885.1,68905.0,68821.9,68887.8,28469.2
1716627600000,68887.8,68941.2,68846.6,68930.8,23069.4
1716628500000,68930.9,69099.9,68930.8,69074.0,44799.0
1716629400000,69074.0,69160.0,69040.9,69043.3,58996.4
1716630300000,69043.3,69102.2,69005.0,69096.0,37497.6
1716631200000,69095.9,69110.3,69018.5,69110.2,31706.6
1716632100000,69110.3,69116.4,69040.0,69040.0,15456.8
1716633000000,69040.0,69233.0,69038.8,69220.1,56593.7
1716633900000,69220.1,69477.0,69210.6,69376.7,184139.6
1716634800000,69376.7,69580.0,69350.0,69510.0,101942.0
1716635700000,69509.9,69664.7,69470.0,69555.6,115865.2
1716636600000,69555.6,69567.1,69384.0,69414.8,89458.4
1716637500000,69414.8,69444.3,69109.3,69109.4,133606.3
1716638400000,69109.4,69185.2,69022.7,69169.4,105122.3
1716639300000,69169.3,69307.9,69150.0,69230.3,92760.0
1716640200000,69230.3,69249.4,69155.0,69184.2,26735.0
1716641100000,69184.3,69184.3,69083.3,69121.2,58526.6
1716642000000,69121.1,69218.0,69121.1,69167.8,41496.7
1716642900000,69165.4,69242.0,69136.8,69229.2,51997.4
1716643800000,69229.2,69247.0,68877.0,69030.0,130838.5
1716644700000,69030.0,69062.3,68933.9,69033.3,96371.3
1716645600000,69033.3,69094.8,68959.0,68977.9,71409.8
1716646500000,68978.0,69053.3,68946.3,69023.8,42494.1
1716647400000,69023.8,69076.0,68956.0,69000.5,29759.4
1716648300000,69000.5,69091.8,68973.7,69025.1,32570.8
1716649200000,69025.1,69210.2,69013.8,69176.5,50425.6
1716650100000,69176.4,69213.1,69104.9,69116.1,54197.9
1716651000000,69116.1,69156.0,69050.1,69095.6,34571.3
1716651900000,69095.7,69095.7,68826.6,68921.7,94049.8
1716652800000,68921.7,68965.2,68845.2,68921.1,82465.8
1716653700000,68921.1,69058.1,68902.4,68996.3,54175.2
1716654600000,68996.3,69000.0,68919.9,68948.8,32071.0
1716655500000,68950.2,68966.8,68900.0,68947.6,20272.7
1716656400000,68947.7,69010.9,68925.0,69010.8,25512.6
1716657300000,69010.8,69070.0,68968.0,69014.8,27965.7
1716658200000,69014.7,69038.3,68975.6,69025.5,11541.4
1716659100000,69025.4,69118.2,69009.3,69069.1,20886.7
1716660000000,69069.0,69219.9,69069.0,69192.3,31438.7
1716660900000,69192.4,69248.8,69155.6,69193.3,30248.0
1716661800000,69193.3,69203.3,69132.3,69136.2,11950.1
1716662700000,69136.2,69230.0,69131.4,69211.0,12365.6
1716663600000,69211.0,69279.1,69150.0,69150.1,18389.9
1716664500000,69150.1,69196.1,69141.2,69174.6,19317.5
1716665400000,69174.5,69176.2,69112.0,69150.0,8212.2
1716666300000,69150.0,69192.7,69133.1,69161.4,11898.5
1716667200000,69159.7,69241.0,69151.2,69188.1,11992.4
1716668100000,69188.1,69200.0,69071.1,69100.1,15486.2
1716669000000,69100.0,69108.4,69066.2,69108.3,10595.2
1716669900000,69108.3,69147.4,69092.9,69092.9,15767.8
1716670800000,69093.0,69125.4,69077.0,69084.6,9256.8
1716671700000,69084.5,69183.5,69077.6,69183.5,7057.0
1716672600000,69183.5,69197.0,69133.6,69165.1,6039.1
1716673500000,69165.1,69165.2,69042.0,69157.9,12378.2
1716674400000,69157.9,69175.0,69094.1,69095.0,15248.1
1716675300000,69095.0,69128.8,69060.8,69069.7,6782.0
1716676200000,69066.4,69124.4,69050.9,69124.3,10112.5
1716677100000,69124.4,69153.2,69113.0,69133.2,9803.1
1716678000000,69133.2,69375.4,69133.2,69306.0,69511.1
1716678900000,69306.1,69364.7,69254.2,69354.7,44774.9
1716679800000,69354.6,69372.0,69263.0,69270.8,17194.0
1716680700000,69270.9,69309.0,69246.3,69300.0,12794.4
1716681600000,69300.0,69325.0,69239.2,69239.3,20110.2
1716682500000,69239.3,69239.3,69188.7,69203.1,12282.7
1716683400000,69203.6,69225.5,69167.0,69195.8,11007.1
1716684300000,69195.8,69206.9,69162.6,69164.2,10159.2
1716685200000,69164.1,69216.9,69162.9,69210.3,13681.0
1716686100000,69210.3,69268.0,69185.6,69252.8,14541.0
1716687000000,69252.7,69252.7,69158.0,69189.9,15028.4
1716687900000,69189.9,69210.6,69161.0,69168.3,9343.1
1716688800000,69168.1,69187.0,69120.0,69120.1,23948.0
1716689700000,69120.0,69146.7,68838.4,68983.7,121144.0
1716690600000,68983.7,68992.5,68844.1,68889.0,63076.1
1716691500000,68889.0,68961.0,68805.8,68911.3,45162.1
1716692400000,68911.3,68977.0,68888.0,68965.9,21607.4
1716693300000,68965.8,69000.7,68919.0,68949.1,21984.6
1716694200000,68949.0,69025.9,68932.0,69025.9,21238.8
1716695100000,69025.9,69137.9,69004.7,69088.0,53773.1
1716696000000,69088.0,69088.0,68953.5,68953.9,24747.4
1716696900000,68953.9,69028.8,68953.9,69008.0,15356.8
1716697800000,69008.0,69019.8,68933.1,69004.8,19416.2
1716698700000,69004.7,69004.8,68950.0,68983.7,9297.4
1716699600000,68983.7,68986.6,68917.0,68940.2,12542.9
1716700500000,68940.1,69008.9,68934.2,68968.7,13247.9
1716701400000,68968.7,69076.9,68968.7,69062.1,22860.3
1716702300000,69062.1,69154.0,69046.9,69153.9,25351.6
1716703200000,69153.9,69212.7,69130.0,69178.9,39907.7
1716704100000,69179.0,69179.0,69105.6,69113.8,20696.6
1716705000000,69113.8,69123.1,69058.0,69104.3,19960.6
1716705900000,69104.3,69130.0,69062.9,69117.8,22442.3
1716706800000,69117.9,69159.0,69092.9,69130.5,25612.2
1716707700000,69130.5,69173.5,69127.4,69173.5,12604.1
1716708600000,69173.4,69488.0,69173.4,69366.2,211018.6
1716709500000,69366.3,69388.0,69282.1,69357.9,40652.2
1716710400000,69358.0,69499.9,69268.0,69487.0,68055.6
1716711300000,69487.0,69580.3,69270.5,69312.3,101414.5
1716712200000,69312.3,69340.7,69173.2,69208.0,96817.1
1716713100000,69208.0,69208.0,69067.7,69168.0,88870.4
1716714000000,69167.9,69265.1,69167.9,69239.9,45233.3
1716714900000,69239.9,69259.8,69079.8,69084.3,51205.6
1716715800000,69084.2,69084.3,68970.2,69051.2,130044.7
1716716700000,69051.2,69089.9,68993.5,69089.9,23482.8
1716717600000,69089.9,69150.0,69081.1,69129.8,40454.3
1716718500000,69129.9,69149.2,69104.9,69130.0,20028.5
1716719400000,69130.1,69192.6,69112.3,69178.6,23826.6
1716720300000,69178.6,69228.5,69170.0,69214.2,22809.1
1716721200000,69214.1,69243.8,69188.8,69225.7,24059.6
1716722100000,69225.6,69236.8,69120.0,69120.0,26844.6
1716723000000,69120.0,69135.2,69056.6,69109.9,31767.4
1716723900000,69109.9,69149.9,69059.4,69132.0,40987.3
1716724800000,69132.0,69148.3,69060.0,69062.3,40104.5
1716725700000,69062.2,69062.3,68978.4,69019.1,51153.5
1716726600000,69019.1,69066.4,68926.3,69029.7,62724.7
1716727500000,69029.7,69043.7,68975.4,68988.1,18179.1
1716728400000,68988.1,69018.6,68964.9,68968.2,22760.2
1716729300000,68968.2,69076.7,68968.2,69039.0,30351.4
1716730200000,69039.0,69077.0,68955.8,68982.2,30265.8
1716731100000,68982.2,69150.0,68956.0,69142.1,39004.0
1716732000000,69142.2,69215.0,69083.4,69137.9,44393.1
1716732900000,69137.8,69149.6,69037.8,69075.4,21807.6
1716733800000,69075.4,69195.5,69061.5,69165.3,18281.8
1716734700000,69165.3,69322.8,69165.2,69289.5,92213.0
1716735600000,69293.6,69407.9,69223.0,69263.5,81752.5
1716736500000,69263.5,69293.4,69158.2,69281.8,30767.5
1716737400000,69281.9,69287.4,69116.8,69116.8,34027.0
1716738300000,69116.8,69116.9,68666.1,68850.5,328009.6
1716739200000,68850.5,68970.6,68834.2,68934.2,87767.1
1716740100000,68934.2,68939.7,68688.9,68741.2,70215.2
1716741000000,68741.2,68921.3,68741.2,68903.1,58744.0
1716741900000,68903.0,68970.0,68783.3,68812.2,45388.5
1716742800000,68812.3,68858.7,68782.1,68830.4,17555.4
1716743700000,68833.2,68923.8,68807.0,68840.1,31292.6
1716744600000,68840.2,68899.8,68826.7,68889.3,14615.6
1716745500000,68889.3,68894.0,68750.0,68794.8,41324.6
1716746400000,68794.8,68824.3,68736.1,68749.1,28606.2
1716747300000,68749.1,68787.2,68728.2,68747.9,22209.7
1716748200000,68748.0,68831.6,68732.6,68786.1,14673.0
1716749100000,68786.2,68850.0,68786.1,68795.7,16207.7
1716750000000,68795.7,68922.1,68795.6,68879.0,19380.8
1716750900000,68879.0,68919.7,68844.2,68844.2,9641.4
1716751800000,68844.2,68898.6,68835.3,68895.2,8193.2
1716752700000,68895.2,68923.0,68851.5,68908.0,8377.4
1716753600000,68908.0,68914.6,68855.5,68855.5,8350.1
1716754500000,68855.6,68855.6,68775.1,68780.4,11092.1
1716755400000,68780.3,68780.4,68713.1,68720.5,9490.9
1716756300000,68720.5,68739.8,68718.5,68720.5,7177.9
1716757200000,68720.5,68720.6,68557.2,68579.8,80285.3
1716758100000,68579.9,68670.7,68579.8,68626.8,15639.5
1716759000000,68626.8,68626.9,68153.8,68389.5,171662.6
1716759900000,68389.4,68543.4,68288.0,68531.2,33029.2
1716760800000,68531.1,68605.4,68474.3,68605.3,32532.3
1716761700000,68605.4,68698.0,68586.5,68672.8,30436.7
1716762600000,68672.8,68702.9,68629.3,68658.2,30019.4
1716763500000,68658.2,68658.2,68550.1,68550.2,19882.3
1716764400000,68550.1,68559.0,68493.3,68493.4,17074.3
1716765300000,68493.4,68521.8,68351.0,68409.2,48874.9
1716766200000,68409.1,68498.9,68348.2,68477.9,65331.4
1716767100000,68477.8,68570.7,68477.8,68515.1,40512.5
1716768000000,68515.0,68644.0,68475.0,68601.2,42958.3
1716768900000,68601.1,68638.0,68565.2,68570.3,29567.6
1716769800000,68570.3,68768.9,68564.1,68720.8,49627.4
1716770700000,68720.8,68826.6,68720.7,68826.6,35494.5
1716771600000,68826.5,68835.0,68739.8,68739.8,32249.9
1716772500000,68739.7,68814.5,68739.7,68782.9,17405.7
1716773400000,68782.9,69275.0,68772.7,69147.2,176901.8
1716774300000,69147.2,69321.7,69060.0,69086.1,105843.2
1716775200000,69086.2,69158.6,69026.4,69151.6,45326.7
1716776100000,69150.0,69308.2,69136.9,69174.6,75754.5
1716777000000,69174.6,69275.5,69092.9,69160.8,38864.0
1716777900000,69160.7,69188.6,69100.0,69130.2,36591.1
1716778800000,69130.3,69224.1,69070.0,69116.6,27840.4
1716779700000,69116.5,69123.7,69040.9,69066.3,32311.6
1716780600000,69066.4,69076.3,68932.0,68939.8,46290.9
1716781500000,68939.8,68968.6,68839.9,68890.4,68996.1
1716782400000,68890.5,68923.3,68806.6,68830.5,43457.2
1716783300000,68830.6,68890.0,68801.5,68858.1,46936.1
1716784200000,68858.0,68890.0,68815.5,68821.6,27703.5
1716785100000,68821.7,68855.0,68770.0,68770.1,31721.3
1716786000000,68770.0,68803.9,68739.0,68747.3,46259.0
1716786900000,68747.3,68763.9,68360.0,68365.1,173170.0
1716787800000,68365.0,68576.7,68313.0,68560.1,127104.7
1716788700000,68560.1,68622.5,68530.0,68532.0,49472.5
1716789600000,68532.7,68648.1,68490.0,68609.9,62318.5
1716790500000,68610.0,68614.8,68534.3,68573.6,30100.0
1716791400000,68573.5,68592.9,68474.7,68489.3,29640.8
1716792300000,68489.4,68511.8,68380.8,68405.0,79307.7
1716793200000,68405.1,68485.1,68405.0,68419.8,39561.2
1716794100000,68419.7,68571.7,68343.1,68549.2,78047.9
1716795000000,68549.2,68734.9,68506.6,68715.9,99564.6
1716795900000,68716.0,68740.0,68654.0,68655.0,36506.1
1716796800000,68655.0,68856.1,68654.8,68757.7,69230.5
1716797700000,68757.8,68946.3,68737.7,68817.8,92729.8
1716798600000,68817.8,68842.2,68684.3,68693.6,79688.5
1716799500000,68693.6,68693.6,68519.0,68627.4,94766.1
1716800400000,68627.4,68656.5,68413.0,68575.0,78429.8
1716801300000,68575.0,68619.6,68480.0,68598.1,48096.1
1716802200000,68598.2,68659.1,68577.4,68619.1,29171.9
1716803100000,68619.1,68663.2,68595.1,68595.1,16513.1
1716804000000,68595.1,68595.2,68466.0,68576.8,33687.7
1716804900000,68576.7,68593.6,68445.1,68455.8,48024.5
1716805800000,68455.8,68521.4,68421.2,68480.0,38903.4
1716806700000,68480.0,68598.5,68420.0,68574.7,35141.4
1716807600000,68574.7,68697.0,68545.8,68616.1,53466.7
1716808500000,68616.0,68616.1,68474.3,68481.7,24450.4
1716809400000,68481.7,68527.0,68255.7,68358.4,115293.8
1716810300000,68358.5,68485.0,68309.1,68439.1,68999.7
1716811200000,68439.1,68479.7,68380.0,68425.3,37264.6
1716812100000,68425.4,68515.2,68416.0,68506.3,30152.4
1716813000000,68506.4,68630.0,68506.3,68629.9,69301.7
1716813900000,68630.0,68647.7,68570.1,68631.6,37545.6
1716814800000,68631.6,68867.6,68602.8,68860.6,133516.0
1716815700000,68860.6,69057.9,68791.9,68817.0,165934.3
1716816600000,68817.0,68910.0,68703.0,68901.9,82224.3
1716817500000,68902.0,69034.9,68878.8,68924.0,80987.0
1716818400000,68923.9,69003.5,68833.3,68974.2,60415.8
1716819300000,68974.2,69208.6,68970.0,69062.6,99117.7
1716820200000,69062.7,69318.8,69062.7,69162.8,152228.4
1716821100000,69162.9,69549.1,69097.2,69548.2,245671.0
1716822000000,69548.1,69932.0,69533.0,69908.1,336382.2
1716822900000,69908.0,70116.0,69755.0,69800.0,269812.8
1716823800000,69800.1,70536.4,69800.0,70350.6,450366.5
1716824700000,70350.6,70584.5,70232.1,70408.2,201126.0
1716825600000,70408.2,70679.3,70408.1,70597.9,209039.1
1716826500000,70597.9,70740.0,70404.4,70484.3,143418.1
1716827400000,70484.4,70532.2,70293.7,70372.5,116774.1
1716828300000,70372.5,70372.5,70207.9,70218.1,88840.3
1716829200000,70218.1,70399.9,70218.0,70376.0,65285.1
1716830100000,70376.0,70395.3,70067.0,70207.6,74769.6
1716831000000,70207.6,70313.6,70204.3,70233.0,29612.3
1716831900000,70233.0,70259.1,70116.8,70224.1,30524.7
1716832800000,70224.2,70299.7,70162.6,70175.8,51900.7
1716833700000,70175.9,70194.2,70106.5,70114.0,25309.9
1716834600000,70114.0,70143.6,70050.0,70050.1,26142.4
1716835500000,70050.1,70055.7,69905.9,70021.5,71542.5
1716836400000,70021.5,70149.0,69918.2,69918.2,58181.7
1716837300000,69918.2,70000.0,69869.0,69983.9,35670.1
1716838200000,69983.9,70033.3,69756.9,69859.9,93008.1
1716839100000,69859.9,69859.9,69070.0,69276.6,411878.1
1716840000000,69276.7,69520.0,69179.3,69479.0,123132.8
1716840900000,69479.1,69682.2,69479.0,69632.0,54773.0
1716841800000,69632.0,69735.0,69552.2,69615.5,46877.5
1716842700000,69615.6,69724.0,69573.1,69657.3,24012.0
1716843600000,69658.8,69786.3,69612.0,69724.8,34825.5
1716844500000,69724.8,69746.6,69642.9,69693.5,13338.3
1716845400000,69693.5,69760.0,69650.0,69700.0,13025.2
1716846300000,69699.9,69919.9,69590.3,69812.6,69153.9
1716847200000,69812.4,69820.0,69581.0,69643.2,61276.3
1716848100000,69643.2,69717.6,69617.0,69701.2,17498.1
1716849000000,69701.1,69714.9,69627.3,69627.3,19017.3
1716849900000,69627.3,69638.6,69538.6,69578.0,31618.3
1716850800000,69577.9,69578.0,69491.6,69493.4,40281.5
1716851700000,69493.4,69493.4,69360.9,69374.2,68734.2
1716852600000,69374.1,69383.6,69296.9,69359.0,76210.2
1716853500000,69359.0,69444.0,69359.0,69410.3,61307.4
1716854400000,69410.2,69461.1,69369.1,69394.6,46466.6
1716855300000,69394.6,69414.2,69291.1,69311.8,58811.4
1716856200000,69311.7,69337.4,69226.2,69266.0,65273.2
1716857100000,69266.0,69399.7,69085.2,69382.9,112967.7
1716858000000,69383.0,69472.7,69350.0,69455.3,59712.7
1716858900000,69455.3,69479.8,69350.8,69374.5,32192.4
1716859800000,69374.5,69600.0,69316.4,69316.5,60977.8
1716860700000,69316.4,69316.4,68546.7,68631.5,519769.3
1716861600000,68631.5,68742.1,68412.1,68728.1,283833.0
1716862500000,68735.9,68860.2,68673.9,68762.9,107676.3
1716863400000,68762.9,68800.0,68622.0,68675.4,78050.3
1716864300000,68675.5,68759.6,68675.5,68700.0,56851.3
1716865200000,68700.1,68756.7,68373.1,68500.2,183010.0
1716866100000,68500.3,68578.4,68070.3,68235.9,255776.9
1716867000000,68236.0,68346.7,67759.1,67860.4,315494.5
1716867900000,67860.3,68166.0,67849.5,68073.5,125567.5
1716868800000,68073.6,68162.1,67887.8,67896.6,88456.2
1716869700000,67896.6,68020.0,67655.5,67758.6,128575.1
1716870600000,67758.5,67825.0,67488.2,67650.5,254681.5
1716871500000,67650.6,67838.6,67640.9,67799.2,63448.9
1716872400000,67799.2,67956.0,67655.9,67923.8,108978.1
1716873300000,67923.8,67923.8,67764.0,67830.4,70808.7
1716874200000,67830.5,67966.4,67774.2,67950.7,64589.4
1716875100000,67950.6,68058.0,67868.9,68057.9,66476.2
1716876000000,68057.9,68057.9,67872.1,67957.4,62705.5
1716876900000,67957.4,67974.2,67818.3,67820.9,39507.9
1716877800000,67820.9,68047.4,67784.0,68035.5,46969.4
1716878700000,68035.5,68098.7,67913.0,67973.9,58219.8
1716879600000,67973.9,68029.6,67845.0,67929.3,48996.1
1716880500000,67929.3,67929.3,67789.4,67830.8,55411.8
1716881400000,67830.8,67860.3,67724.1,67800.2,64024.9
1716882300000,67800.1,67841.4,67677.0,67691.9,71503.4
1716883200000,67692.0,67936.7,67602.0,67934.1,107926.1
1716884100000,67934.1,68012.0,67872.8,68001.4,97498.2
1716885000000,68001.4,68096.9,67943.6,68084.9,66509.3
1716885900000,68085.0,68255.6,68080.0,68161.0,124028.6
1716886800000,68161.0,68210.2,68060.2,68119.8,56826.4
1716887700000,68119.8,68175.0,68027.3,68151.8,41905.3
1716888600000,68151.8,68430.0,68110.7,68430.0,127371.0
1716889500000,68429.9,68533.0,68319.1,68326.2,158929.6
1716890400000,68326.2,68720.0,68246.2,68718.3,188306.8
1716891300000,68718.2,68900.0,68641.3,68641.3,230723.6
1716892200000,68641.3,68698.9,68480.5,68480.5,89428.5
1716893100000,68480.5,68618.7,68456.0,68590.0,64629.2
1716894000000,68590.0,68646.3,68513.4,68642.8,51893.1
1716894900000,68642.9,68673.5,68513.0,68513.0,78456.5
1716895800000,68513.1,68533.0,68276.0,68458.4,141837.1
1716896700000,68460.0,68498.9,68350.0,68402.4,71430.7
1716897600000,68402.4,68407.8,68250.0,68270.8,58924.0
1716898500000,68270.8,68497.7,68262.3,68454.7,78501.4
1716899400000,68454.7,68582.7,68300.0,68303.2,51496.4
1716900300000,68303.2,68491.5,68157.9,68213.1,79469.4
1716901200000,68211.1,68343.0,68026.1,68188.0,145691.4
1716902100000,68188.1,68500.0,68188.0,68422.1,95947.5
1716903000000,68422.1,68458.3,67873.6,68050.5,294593.1
1716903900000,68050.4,68050.4,67654.0,67802.7,267924.6
1716904800000,67802.8,68119.6,67511.0,68047.9,264944.9
1716905700000,68048.0,68283.2,67961.3,68050.3,144951.3
1716906600000,68049.7,68164.6,67730.0,67830.7,164077.0
1716907500000,67830.7,68194.6,67668.3,67988.6,206660.9
1716908400000,67988.6,68168.2,67743.2,68105.1,109723.5
1716909300000,68105.1,68121.0,67858.7,67956.3,61447.4
1716910200000,67956.3,68425.8,67924.7,68270.7,167585.8
1716911100000,68270.0,68494.5,68259.6,68396.3,115984.9
1716912000000,68396.4,68473.0,68270.1,68362.3,93107.7
1716912900000,68362.2,68371.6,67877.3,67877.3,163300.4
1716913800000,67877.2,67935.1,67780.0,67799.0,123342.5
1716914700000,67797.2,67874.9,67707.9,67720.1,97764.0
1716915600000,67720.2,68069.1,67666.8,68067.6,123349.0
1716916500000,68067.6,68069.0,67857.3,67957.2,38332.8
1716917400000,67957.2,68176.8,67863.3,68099.1,55143.4
1716918300000,68099.0,68128.6,67761.3,67785.9,82276.0
1716919200000,67785.8,67935.0,67775.8,67934.9,38311.3
1716920100000,67935.0,68000.0,67834.1,67950.1,36342.9
1716921000000,67950.1,67950.1,67250.0,67500.9,334137.5
1716921900000,67500.9,67907.6,67500.9,67907.6,130396.3
1716922800000,67907.6,68284.0,67893.3,68255.3,138462.1
1716923700000,68255.3,68413.2,68193.7,68272.0,118501.3
1716924600000,68271.7,68413.0,68271.7,68385.1,51563.0
1716925500000,68385.1,68634.0,68329.7,68451.0,165069.4
1716926400000,68451.0,68500.0,68326.2,68492.8,59036.3
1716927300000,68492.7,68558.0,68344.1,68349.8,31540.0
1716928200000,68349.7,68416.7,68300.4,68300.4,17895.5
1716929100000,68300.0,68358.0,68130.6,68344.8,68132.6
1716930000000,68344.8,68365.0,68268.2,68314.6,15614.0
1716930900000,68314.7,68595.9,68314.7,68428.1,54324.8
1716931800000,68428.1,68530.6,68396.8,68400.0,21439.7
1716932700000,68400.1,68481.8,68395.6,68416.3,20911.3
1716933600000,68416.2,68685.7,68394.2,68586.8,71914.5
1716934500000,68586.7,68684.8,68538.6,68615.2,43801.8
1716935400000,68615.1,68642.2,68479.6,68559.5,35260.7
1716936300000,68553.1,68640.0,68535.5,68618.3,21803.7
1716937200000,68618.3,68631.7,68379.0,68425.3,47191.6
1716938100000,68425.3,68487.4,68386.2,68487.3,23658.2
1716939000000,68487.4,68495.4,68412.1,68447.1,16128.1
1716939900000,68447.0,68467.0,68344.9,68404.6,26507.9
1716940800000,68404.6,68454.1,68262.0,68385.3,40586.1
1716941700000,68385.3,68461.6,68353.2,68393.9,31643.5
1716942600000,68393.9,68627.0,68390.4,68559.5,71763.2
1716943500000,68559.5,68585.8,68462.0,68505.0,31199.3
1716944400000,68505.0,68618.9,68450.5,68450.5,32183.0
1716945300000,68450.6,68496.0,68315.0,68476.6,46469.6
1716946200000,68476.6,68720.0,68424.2,68692.0,50864.5
1716947100000,68692.0,68725.0,68557.8,68582.1,56967.5
1716948000000,68582.1,68642.9,68458.3,68529.8,51250.3
1716948900000,68528.6,68953.6,68501.2,68924.9,135136.4
1716949800000,68924.8,68937.0,68576.7,68639.0,116307.0
1716950700000,68639.1,68784.6,68616.0,68694.5,63191.3
1716951600000,68694.5,68837.7,68690.2,68837.7,45407.1
1716952500000,68837.7,68915.5,68750.6,68780.0,83003.8
1716953400000,68780.0,68891.0,68759.5,68876.9,45056.2
1716954300000,68876.9,68894.8,68759.8,68844.3,64147.6
1716955200000,68844.4,68867.8,68781.7,68845.0,34665.3
1716956100000,68845.0,68947.5,68803.8,68926.6,86984.0
1716957000000,68926.6,68926.9,68855.1,68901.2,34732.1
1716957900000,68901.1,68925.1,68771.6,68864.7,59254.8
1716958800000,68864.7,68864.8,68587.8,68612.0,82712.4
1716959700000,68612.0,68752.4,68611.9,68733.8,54318.5
1716960600000,68733.9,68781.7,68690.1,68767.0,33098.8
1716961500000,68767.0,68767.0,68603.3,68610.1,25646.4
1716962400000,68610.2,68692.8,68600.0,68628.5,36421.3
1716963300000,68628.5,68689.2,68604.9,68668.0,28532.3
1716964200000,68667.9,68668.0,68520.6,68539.4,35038.4
1716965100000,68539.5,68582.6,68488.8,68529.1,43104.0
1716966000000,68529.2,68550.5,68250.4,68374.0,152283.6
1716966900000,68374.0,68430.8,68160.0,68168.8,136122.9
1716967800000,68168.8,68267.7,68080.4,68228.7,116309.4
1716968700000,68228.7,68228.7,67955.8,67967.7,108699.2
1716969600000,67967.7,68022.8,67639.4,67783.6,326433.2
1716970500000,67783.6,67985.0,67600.0,67946.0,196938.7
1716971400000,67946.0,67984.0,67777.0,67871.1,84376.3
1716972300000,67871.1,67919.3,67775.6,67883.1,36155.8
1716973200000,67883.1,68058.8,67835.0,67890.8,80650.0
1716974100000,67890.8,67965.0,67716.6,67796.3,86877.2
1716975000000,67796.2,67892.3,67700.1,67872.5,60368.4
1716975900000,67872.6,67982.6,67790.4,67924.3,94599.1
1716976800000,67924.4,68041.7,67806.2,68010.3,98839.8
1716977700000,68010.3,68036.0,67928.1,68026.9,44915.5
1716978600000,68027.0,68033.6,67861.8,67923.0,34620.2
1716979500000,67922.9,68018.5,67900.8,68015.0,30869.6
1716980400000,68015.0,68028.3,67833.8,67856.8,54657.2
1716981300000,67856.9,67929.1,67826.0,67923.9,49849.3
1716982200000,67923.9,67923.9,67818.9,67885.5,51603.5
1716983100000,67885.6,67956.2,67740.0,67782.6,94079.2
1716984000000,67782.6,67974.7,67762.6,67974.5,97255.2
1716984900000,67974.6,68049.0,67794.0,67856.1,87288.7
1716985800000,67856.1,67893.1,67604.9,67802.8,156407.3
1716986700000,67802.8,68045.5,67773.0,67913.4,119387.8
1716987600000,67913.4,68279.5,67828.6,68202.7,171539.2
1716988500000,68202.7,68290.8,67650.0,67841.7,353062.5
1716989400000,67841.7,67970.9,67637.5,67847.3,202376.1
1716990300000,67847.4,67960.0,67600.2,67904.3,222405.0
1716991200000,67904.3,67988.0,67820.3,67912.9,115881.9
1716992100000,67912.9,67982.8,67629.4,67676.0,135370.8
1716993000000,67676.0,67850.0,67500.7,67724.6,223686.5
1716993900000,67724.6,67780.0,67633.6,67648.6,47824.2
1716994800000,67648.5,67684.1,67510.1,67577.7,95234.1
1716995700000,67577.7,67872.9,67350.0,67678.4,300614.2
1716996600000,67678.4,67695.6,67371.1,67453.3,190679.8
1716997500000,67453.2,67597.1,67299.0,67383.4,188891.4
1716998400000,67383.4,67399.9,67126.7,67209.0,247559.2
1716999300000,67209.1,67540.0,67205.5,67351.9,103451.3
1717000200000,67351.9,67630.0,67351.9,67618.1,72447.1
1717001100000,67618.1,67731.1,67533.0,67563.3,87397.1
1717002000000,67558.4,67605.4,67450.0,67535.6,39275.9
1717002900000,67535.6,67635.8,67423.8,67635.7,43895.8
1717003800000,67635.8,67702.5,67528.3,67529.0,78659.3
1717004700000,67529.1,67650.0,67323.6,67606.7,98688.3
1717005600000,67606.6,67626.0,67431.5,67463.9,40383.6
1717006500000,67463.3,67539.9,67303.0,67334.2,43352.4
1717007400000,67334.1,67438.8,67229.9,67420.0,48550.8
1717008300000,67419.9,67483.0,67340.0,67410.2,49894.8
1717009200000,67410.2,67538.1,67358.0,67538.1,25369.0
1717010100000,67538.1,67757.1,67482.9,67723.8,52989.4
1717011000000,67723.8,67724.6,67358.7,67365.2,39216.1
1717011900000,67365.2,67446.7,67222.3,67274.3,77828.2
1717012800000,67274.7,67347.1,67130.0,67286.1,89571.2
1717013700000,67286.2,67338.1,67191.7,67295.4,43739.4
1717014600000,67295.4,67417.7,67287.7,67394.6,27115.3
1717015500000,67394.5,67499.5,67360.1,67480.0,39044.9
1717016400000,67480.0,67511.0,67393.4,67428.8,22434.9
1717017300000,67428.8,67546.3,67410.9,67446.3,23814.2
1717018200000,67446.2,67675.0,67300.0,67601.2,51897.6
1717019100000,67601.1,67872.5,67590.1,67699.8,69792.9
1717020000000,67699.8,67712.0,67602.4,67628.1,35079.1
1717020900000,67628.2,67853.8,67628.2,67763.4,56224.7
1717021800000,67763.4,67780.0,67688.8,67716.4,26391.5
1717022700000,67716.5,67736.9,67639.5,67684.5,18273.1
1717023600000,67684.6,67720.2,67631.1,67660.8,19960.6
1717024500000,67656.3,67761.7,67652.7,67721.0,32518.1
1717025400000,67721.0,67721.1,67560.0,67666.0,66101.3
1717026300000,67667.3,67699.4,67625.4,67647.8,27692.2
1717027200000,67647.8,67792.7,67627.2,67762.5,36375.2
1717028100000,67762.4,67849.7,67700.8,67736.5,32199.0
1717029000000,67736.5,67736.6,67655.1,67723.5,23876.4
1717029900000,67723.4,67782.0,67543.5,67589.9,66904.4
1717030800000,67590.0,67740.0,67474.1,67708.9,86794.5
1717031700000,67708.9,67725.8,67607.4,67658.0,59849.8
1717032600000,67658.0,67743.0,67634.6,67743.0,28103.3
1717033500000,67743.0,67867.5,67704.3,67800.0,73656.2
1717034400000,67800.0,67978.6,67779.0,67886.2,98066.6
1717035300000,67886.2,68122.5,67886.2,68119.9,128617.4
1717036200000,68120.0,68216.1,68037.1,68073.2,124815.4
1717037100000,68073.3,68080.0,67941.7,67952.2,45897.1
1717038000000,67952.2,68022.4,67918.3,67955.0,29647.5
1717038900000,67954.9,68052.1,67952.6,68018.0,39624.5
1717039800000,68018.1,68114.8,68015.7,68041.1,40591.4
1717040700000,68041.1,68232.5,68035.6,68137.6,81624.7
1717041600000,68137.6,68150.0,67988.0,68050.6,65752.6
1717042500000,68050.6,68271.8,68050.5,68239.9,83135.5
1717043400000,68240.0,68445.3,68170.0,68251.5,183070.4
1717044300000,68251.5,68251.5,68142.5,68188.3,35322.7
1717045200000,68188.4,68214.3,68050.0,68063.2,60879.9
1717046100000,68063.2,68116.2,67970.0,68113.4,71641.1
1717047000000,68113.4,68143.6,68085.8,68108.9,43693.9
1717047900000,68108.9,68160.9,68108.8,68156.3,18760.4
1717048800000,68156.3,68192.0,67908.8,67965.4,92198.7
1717049700000,67965.4,68039.4,67800.1,67935.0,102469.4
1717050600000,67934.9,67989.6,67750.0,67983.1,119352.9
1717051500000,67983.8,68031.1,67744.8,67846.3,110676.2
1717052400000,67848.5,67945.7,67721.8,67896.7,94192.7
1717053300000,67896.7,67937.2,67732.5,67811.6,51752.4
1717054200000,67811.5,68000.0,67800.0,67987.6,49652.0
1717055100000,67987.6,68066.6,67500.0,67602.9,252394.4
1717056000000,67603.0,67662.5,67203.9,67210.1,283478.8
1717056900000,67210.1,67423.2,67134.0,67403.9,266358.7
1717057800000,67403.8,67579.8,67403.1,67579.1,125180.3
1717058700000,67579.1,67798.8,67473.8,67704.0,102375.7
1717059600000,67704.1,67743.6,67600.0,67736.0,78405.9
1717060500000,67736.0,67777.0,67586.7,67588.9,46629.8
1717061400000,67589.0,67664.6,67479.4,67600.2,53253.4
1717062300000,67600.1,67768.0,67584.1,67761.0,43224.1
1717063200000,67761.1,67774.2,67602.8,67608.0,50689.8
1717064100000,67608.0,67718.9,67550.9,67700.1,33718.7
1717065000000,67700.1,67999.8,67700.0,67936.9,114748.6
1717065900000,67937.0,68012.0,67855.0,67947.5,69089.9
1717066800000,67947.5,68024.0,67901.8,67982.4,63210.6
1717067700000,67982.3,68140.4,67863.1,68105.1,64152.0
1717068600000,68105.2,68122.4,67932.0,67984.3,47795.0
1717069500000,67984.2,67984.3,67822.0,67822.0,49334.6
1717070400000,67822.0,68009.4,67755.4,67957.1,80300.3
1717071300000,67957.1,68070.0,67903.0,68037.0,57609.0
1717072200000,68036.9,68295.0,67861.3,68222.5,241136.3
1717073100000,68222.6,68336.0,68123.8,68145.3,144929.1
1717074000000,68145.4,68221.6,68050.0,68210.0,58261.0
1717074900000,68210.0,68387.6,68189.9,68204.4,114066.6
1717075800000,68204.4,68267.9,68056.5,68236.9,117822.3
1717076700000,68236.8,68716.6,68236.8,68617.9,379519.0
1717077600000,68617.8,68835.6,68467.3,68467.4,232973.5
1717078500000,68467.4,68798.9,68465.0,68655.9,146290.6
1717079400000,68655.9,68753.1,68449.2,68509.9,115366.5
1717080300000,68509.9,68586.0,68253.8,68365.2,176661.6
1717081200000,68365.2,68434.2,68150.0,68272.9,130322.5
1717082100000,68272.9,68474.8,68257.5,68428.0,66902.6
1717083000000,68428.0,68628.0,68366.9,68426.0,143156.2
1717083900000,68426.0,68600.0,68426.0,68527.9,61362.3
1717084800000,68527.9,68600.0,68406.1,68412.6,62718.5
1717085700000,68413.2,68500.0,68376.4,68424.8,70190.4
1717086600000,68424.8,68490.5,68392.4,68456.7,40332.1
1717087500000,68456.7,68723.1,68452.0,68689.9,72455.2
1717088400000,68690.0,68888.0,68666.4,68887.1,104420.7
1717089300000,68887.1,69147.6,68780.0,69021.9,237126.6
1717090200000,69021.9,69523.9,69021.9,69431.2,287035.0
1717091100000,69431.2,69520.0,69314.2,69319.8,168451.0
1717092000000,69319.8,69431.0,69150.0,69150.2,114686.4
1717092900000,69150.1,69428.6,69100.0,69299.0,137184.7
1717093800000,69299.0,69353.0,69118.5,69307.6,67631.5
1717094700000,69302.0,69395.7,69211.6,69374.3,39291.8
1717095600000,69374.4,69389.4,69189.7,69220.0,29412.1
1717096500000,69220.0,69261.1,68907.5,68971.5,125223.4
1717097400000,68971.5,69090.0,68627.3,68728.3,171229.0
1717098300000,68728.3,68728.3,68433.1,68675.6,147194.8
1717099200000,68670.5,68680.0,68040.0,68201.0,213403.5
1717100100000,68201.0,68503.5,68056.5,68462.5,121043.3
1717101000000,68462.5,68523.0,68352.0,68521.3,53180.3
1717101900000,68521.3,68560.0,68406.0,68481.8,63939.0
1717102800000,68481.7,68509.4,68368.4,68368.5,47220.0
1717103700000,68368.4,68421.6,68332.0,68397.9,24064.7
1717104600000,68398.0,68552.5,68397.9,68408.6,23231.1
1717105500000,68408.6,68495.8,68375.1,68426.3,13570.6
1717106400000,68426.3,68456.1,68265.9,68306.0,58121.1
1717107300000,68306.0,68388.2,68242.0,68370.9,19799.7
1717108200000,68370.9,68399.3,68308.1,68375.5,16068.5
1717109100000,68375.5,68400.0,68302.4,68325.7,15274.2
1717110000000,68325.7,68398.3,68256.4,68398.3,43113.4
1717110900000,68398.3,68531.9,68363.4,68454.0,32559.8
1717111800000,68454.0,68491.1,68370.0,68372.4,21456.8
1717112700000,68372.4,68413.3,68339.7,68366.0,32616.4
1717113600000,68366.0,68424.8,68306.3,68375.0,27797.8
1717114500000,68374.9,68455.7,68313.0,68330.4,23370.3
1717115400000,68330.5,68388.0,68281.0,68324.1,29297.5
1717116300000,68324.2,68480.0,68319.0,68469.3,27336.8
1717117200000,68469.3,68643.0,68433.0,68640.2,69631.4
1717118100000,68640.1,68640.1,68419.9,68520.6,44240.2
1717119000000,68520.7,68564.3,68455.8,68486.6,29901.0
1717119900000,68486.6,68500.0,68312.9,68444.0,54496.4
1717120800000,68444.0,68637.2,68431.1,68622.9,88611.7
1717121700000,68622.9,68761.4,68519.2,68537.4,101638.0
1717122600000,68537.4,68611.9,68500.0,68600.0,24509.5
1717123500000,68600.0,68602.1,68510.7,68549.1,20423.8
1717124400000,68549.1,68574.6,68509.8,68510.0,36929.5
1717125300000,68510.0,68522.0,68490.1,68505.7,33095.3
1717126200000,68505.8,68590.6,68491.6,68587.6,25382.3
1717127100000,68587.5,68640.7,68517.3,68536.2,36756.7
1717128000000,68536.2,68653.5,68536.2,68629.2,23034.7
1717128900000,68629.2,68650.0,68511.4,68516.0,22691.2
1717129800000,68516.0,68544.3,68469.8,68536.9,42797.7
1717130700000,68536.9,68580.0,68490.5,68519.8,20782.3
1717131600000,68519.8,68519.9,68380.0,68473.9,39065.7
1717132500000,68473.9,68473.9,68280.3,68384.1,62705.1
1717133400000,68384.0,68426.7,68301.1,68402.4,24112.1
1717134300000,68402.4,68478.9,68379.8,68440.8,31573.9
1717135200000,68440.8,68467.9,68264.7,68310.3,45248.7
1717136100000,68310.3,68404.7,68310.2,68403.9,22736.4
1717137000000,68403.8,68428.4,68283.0,68357.4,26351.2
1717137900000,68357.5,68360.9,68228.8,68284.2,41894.8
1717138800000,68284.2,68353.5,68261.4,68353.3,40358.3
1717139700000,68353.3,68433.8,68300.0,68372.9,34688.1
1717140600000,68372.9,68373.0,68166.6,68179.6,51846.8
1717141500000,68179.5,68206.3,68086.3,68183.4,75907.4
1717142400000,68183.4,68302.6,68166.4,68276.0,60589.5
1717143300000,68276.0,68330.3,68223.1,68223.1,28923.2
1717144200000,68223.1,68285.7,68168.2,68271.9,28185.1
1717145100000,68271.9,68271.9,68131.8,68137.6,32469.0
1717146000000,68137.5,68197.9,68100.0,68177.2,39475.4
1717146900000,68177.2,68177.3,67873.5,67931.9,173747.2
1717147800000,67931.9,68012.3,67876.6,67995.8,62239.7
1717148700000,67995.9,68010.0,67888.0,67947.9,44383.6
1717149600000,67948.0,68287.0,67927.1,68211.1,150550.7
1717150500000,68211.1,68219.8,68120.3,68157.5,62552.3
1717151400000,68157.5,68268.0,68101.3,68250.8,46644.7
1717152300000,68250.7,68352.4,68190.4,68343.8,56755.9
1717153200000,68343.8,68445.2,68281.7,68410.5,69991.5
1717154100000,68410.5,68416.6,68300.0,68300.0,50555.6
1717155000000,68300.0,68475.5,68300.0,68412.1,88938.5
1717155900000,68412.0,68437.2,68351.0,68362.2,31085.2
1717156800000,68362.3,68487.7,68327.4,68396.7,91773.6
1717157700000,68396.7,68600.0,68373.4,68562.0,116697.2
1717158600000,68562.1,69062.8,68562.1,68872.0,510126.1
1717159500000,68871.9,68966.3,68530.0,68629.9,154638.9
1717160400000,68629.9,68820.0,68601.8,68720.4,100028.7
1717161300000,68720.3,68820.0,68620.0,68700.1,79356.1
1717162200000,68700.1,68780.9,68111.0,68418.0,411543.9
1717163100000,68418.1,68445.5,68015.6,68064.1,177701.6
1717164000000,68064.1,68069.0,67727.2,67810.2,331626.7
1717164900000,67810.2,67950.0,67666.0,67755.1,171811.5
1717165800000,67755.1,67860.9,67353.7,67355.5,386301.8
1717166700000,67358.3,67551.2,67288.0,67506.2,222504.4
1717167600000,67506.2,67560.0,67300.0,67326.8,120836.8
1717168500000,67326.7,67500.0,67226.0,67464.0,160315.1
1717169400000,67464.0,67480.0,67210.2,67432.3,123782.8
1717170300000,67432.2,67432.2,67200.4,67219.7,98177.6
1717171200000,67219.6,67372.3,66829.0,66832.2,563805.3
1717172100000,66832.3,67047.6,66639.0,66995.0,306649.1
1717173000000,66994.7,67117.4,66873.7,66964.3,148669.0
1717173900000,66964.2,67236.5,66954.6,67202.8,83207.4
1717174800000,67202.9,67413.5,67158.0,67280.0,154460.2
1717175700000,67280.0,67474.0,67260.0,67417.2,68391.6
1717176600000,67417.3,67464.6,67290.0,67300.6,71523.8
1717177500000,67300.6,67399.9,67290.1,67349.9,26785.0
1717178400000,67350.0,67439.9,67292.0,67382.9,38030.7
1717179300000,67382.9,67450.0,67307.5,67307.9,40372.7
1717180200000,67307.9,67431.2,67181.2,67431.2,63473.5
1717181100000,67431.1,67440.0,67341.9,67423.9,16816.7
1717182000000,67424.0,67448.7,67354.5,67445.5,19370.8
1717182900000,67445.5,67626.0,67371.2,67555.1,100047.7
1717183800000,67555.2,67883.3,67513.0,67856.7,193005.6
1717184700000,67856.7,68026.2,67626.0,67691.9,201758.3
1717185600000,67691.6,67808.5,67634.9,67713.8,59638.9
1717186500000,67713.9,67732.9,67611.7,67686.3,21686.0
1717187400000,67686.3,67735.2,67652.2,67721.6,19230.3
1717188300000,67721.7,67769.2,67639.9,67730.9,46743.1
1717189200000,67731.6,67741.4,67656.0,67741.2,19063.2
1717190100000,67741.3,67741.3,67532.0,67643.8,22924.4
1717191000000,67643.9,67687.5,67562.0,67565.0,18811.5
1717191900000,67564.9,67736.8,67526.0,67573.9,31011.0
1717192800000,67573.9,67675.8,67573.9,67635.8,25617.4
1717193700000,67635.8,67663.9,67613.7,67644.5,14224.2
1717194600000,67644.6,67644.6,67606.3,67634.8,19359.9
1717195500000,67634.9,67634.9,67522.5,67522.5,23504.0
1717196400000,67522.6,67577.0,67325.8,67452.8,108407.5
1717197300000,67452.8,67498.0,67246.0,67247.4,83295.7
1717198200000,67247.5,67571.2,67247.4,67511.2,66884.8
1717199100000,67511.3,67619.2,67488.4,67558.8,40709.1
1717200000000,67558.8,67700.0,67558.7,67587.5,40348.0
1717200900000,67587.4,67587.4,67501.6,67569.8,31024.1
1717201800000,67569.8,67643.3,67555.0,67615.2,20426.0
1717202700000,67615.2,67697.7,67599.9,67657.7,24735.6
1717203600000,67657.8,67720.0,67589.2,67620.0,30008.2
1717204500000,67620.1,67637.7,67522.1,67580.7,28691.6
1717205400000,67580.7,67603.6,67428.1,67509.2,85893.1
1717206300000,67509.3,67572.0,67509.2,67569.9,14003.0
1717207200000,67569.9,67743.2,67549.2,67645.9,78213.2
1717208100000,67645.9,67678.0,67620.8,67677.3,19823.1
1717209000000,67677.4,67753.5,67672.0,67698.8,21965.2
1717209900000,67698.9,67744.4,67689.4,67740.0,13465.2
1717210800000,67740.0,67750.0,67660.1,67698.6,26265.0
1717211700000,67698.7,67707.4,67614.5,67663.9,29276.7
1717212600000,67664.0,67765.6,67660.0,67761.9,42104.4
1717213500000,67761.9,67776.8,67686.0,67735.7,31012.4
1717214400000,67735.8,67779.0,67717.7,67720.4,45553.4
1717215300000,67720.4,67741.2,67666.1,67701.7,18363.7
1717216200000,67701.7,67739.8,67688.4,67704.5,11930.3
1717217100000,67704.5,67750.6,67686.4,67690.0,23101.9
1717218000000,67690.1,67695.0,67622.4,67672.9,24703.7
1717218900000,67673.0,67695.0,67591.3,67595.9,18436.6
1717219800000,67595.9,67755.0,67594.0,67740.1,23850.2
1717220700000,67740.0,67820.1,67680.1,67695.9,29120.1
1717221600000,67696.0,67740.5,67654.8,67667.9,21803.1
1717222500000,67667.9,67676.8,67640.0,67673.8,11820.9
1717223400000,67673.8,67706.4,67612.3,67679.7,12902.9
1717224300000,67679.7,67715.1,67656.6,67699.7,12588.6
1717225200000,67699.7,67720.0,67661.1,67668.8,7034.6
1717226100000,67668.8,67668.8,67605.2,67620.4,20081.5
1717227000000,67620.4,67680.0,67567.7,67664.4,47240.2
1717227900000,67664.4,67731.0,67613.5,67630.9,55718.0
1717228800000,67631.0,67677.0,67623.9,67639.2,18330.3
1717229700000,67639.2,67661.4,67617.1,67641.7,12283.2
1717230600000,67641.7,67742.0,67639.7,67733.2,16548.5
1717231500000,67733.1,67758.6,67664.9,67718.1,42421.5
1717232400000,67718.0,67770.0,67710.0,67715.8,30029.9
1717233300000,67715.8,67715.8,67673.3,67674.4,14810.2
1717234200000,67674.3,67724.1,67633.1,67707.0,13583.7
1717235100000,67707.1,67726.0,67667.1,67720.1,11241.2
1717236000000,67720.2,67757.2,67689.9,67742.7,29079.9
1717236900000,67742.7,67771.0,67675.4,67675.4,12861.1
1717237800000,67675.4,67719.5,67658.5,67698.6,13082.7
1717238700000,67698.5,67698.6,67635.6,67635.7,11180.6
1717239600000,67635.7,67692.9,67635.7,67692.9,7900.4
1717240500000,67692.9,67698.1,67667.7,67685.0,5657.2
1717241400000,67685.1,67700.0,67682.0,67699.8,6992.7
1717242300000,67699.9,67716.2,67670.0,67670.0,11435.4
1717243200000,67670.0,67738.9,67651.3,67717.6,20345.8
1717244100000,67717.7,67735.0,67700.0,67735.0,13754.8
1717245000000,67734.9,67754.9,67709.9,67752.2,10972.3
1717245900000,67752.1,67887.1,67722.2,67722.4,63209.3
1717246800000,67722.1,67844.9,67720.2,67802.4,28257.4
1717247700000,67802.4,67845.5,67776.0,67782.9,27589.7
1717248600000,67782.9,67830.9,67750.3,67760.0,25977.9
1717249500000,67760.0,67809.7,67709.6,67709.7,20708.9
1717250400000,67709.6,67779.0,67677.0,67750.0,24879.2
1717251300000,67750.0,67818.0,67750.0,67800.0,24663.5
1717252200000,67800.0,67877.0,67780.7,67817.0,53194.7
1717253100000,67817.0,67822.0,67760.0,67804.6,14764.9
1717254000000,67804.6,67828.0,67760.0,67762.8,13453.2
1717254900000,67762.7,67826.5,67750.1,67776.6,14461.5
1717255800000,67776.6,67811.6,67768.5,67801.0,8081.1
1717256700000,67801.1,67801.1,67662.3,67688.6,28778.0
1717257600000,67688.5,67731.2,67673.8,67680.0,25062.4
1717258500000,67680.1,67715.6,67607.8,67713.3,43019.6
1717259400000,67713.4,67723.4,67664.7,67690.7,15866.1
1717260300000,67690.8,67706.0,67641.1,67693.2,16873.5
1717261200000,67693.2,67693.2,67618.0,67647.8,21027.4
1717262100000,67647.8,67685.9,67625.0,67685.8,15895.1
1717263000000,67685.7,67691.1,67662.0,67662.1,6870.5
1717263900000,67662.0,67838.0,67526.2,67783.3,117734.0
1717264800000,67783.3,67827.2,67737.8,67765.6,21648.4
1717265700000,67765.6,67777.0,67730.6,67734.8,9885.3
1717266600000,67734.9,67771.5,67732.1,67771.5,8930.2
1717267500000,67771.5,67787.1,67734.5,67756.0,6029.7
1717268400000,67756.0,67770.3,67721.9,67722.0,6461.0
1717269300000,67722.0,67745.5,67693.7,67734.8,20135.2
1717270200000,67734.8,67796.8,67715.0,67792.3,10380.5
1717271100000,67792.4,67792.4,67749.8,67759.9,6260.9
1717272000000,67759.8,67790.1,67720.2,67720.3,18888.6
1717272900000,67720.3,67756.8,67720.3,67756.7,3790.7
1717273800000,67756.8,67788.6,67754.0,67788.6,11633.2
1717274700000,67788.6,67814.4,67746.5,67814.4,7283.7
1717275600000,67814.3,67814.4,67714.4,67728.1,14887.3
1717276500000,67726.9,67817.0,67726.9,67772.2,18952.8
1717277400000,67772.1,67830.0,67767.1,67823.2,7620.0
1717278300000,67823.1,67834.0,67743.0,67770.5,8938.6
1717279200000,67770.4,67822.4,67717.8,67795.8,15103.1
1717280100000,67795.8,67899.0,67767.3,67850.6,22568.8
1717281000000,67850.6,67850.6,67780.0,67781.7,6836.1
1717281900000,67781.7,67813.0,67777.3,67777.3,6425.3
1717282800000,67777.3,67843.8,67777.3,67783.3,16194.1
1717283700000,67783.3,67807.9,67752.6,67752.6,8319.2
1717284600000,67752.6,67767.2,67740.0,67740.0,12444.6
1717285500000,67740.0,67780.4,67722.2,67769.1,17981.5
1717286400000,67769.1,67788.9,67747.6,67757.0,10536.8
1717287300000,67757.0,67816.0,67757.0,67800.8,15362.4
1717288200000,67800.1,67824.8,67760.0,67824.8,9360.5
1717289100000,67824.7,67927.0,67797.5,67892.8,39733.0
1717290000000,67892.7,67908.5,67770.0,67814.1,23598.1
1717290900000,67814.2,67878.9,67781.7,67878.8,14427.1
1717291800000,67878.9,67885.0,67803.1,67819.6,21377.0
1717292700000,67819.6,67834.6,67707.7,67768.1,40320.2
1717293600000,67768.2,67803.0,67730.0,67802.9,18844.4
1717294500000,67802.9,67824.8,67764.0,67764.1,18933.1
1717295400000,67764.1,67793.6,67737.7,67758.2,19027.3
1717296300000,67758.3,67758.3,67632.1,67739.3,47713.8
1717297200000,67739.4,67803.3,67728.3,67799.9,18553.2
1717298100000,67800.0,67809.3,67746.8,67798.6,11906.0
1717299000000,67798.6,67820.0,67786.1,67806.1,7225.1
1717299900000,67806.1,67810.9,67788.0,67789.3,7060.5
1717300800000,67789.4,67792.7,67734.7,67756.7,15835.3
1717301700000,67756.7,67815.0,67756.6,67814.9,14460.3
1717302600000,67814.9,67838.0,67814.9,67838.0,12549.0
1717303500000,67837.9,67846.0,67803.6,67846.0,8805.2
1717304400000,67846.0,67867.8,67809.5,67817.2,13890.9
1717305300000,67817.2,67817.2,67779.6,67799.9,6910.2
1717306200000,67799.9,67799.9,67742.3,67757.4,15633.3
1717307100000,67757.4,67794.7,67720.0,67720.0,17512.0
1717308000000,67720.1,67789.9,67718.0,67786.2,12569.1
1717308900000,67786.2,67793.9,67778.3,67787.0,7920.1
1717309800000,67787.1,67827.4,67787.0,67790.5,8553.9
1717310700000,67790.5,67844.5,67780.5,67837.0,10280.7
1717311600000,67836.9,67841.4,67778.0,67810.2,8525.2
1717312500000,67810.1,67810.1,67722.8,67757.5,17516.2
1717313400000,67757.4,67767.0,67725.8,67763.9,28582.6
1717314300000,67763.9,67773.7,67718.0,67718.1,13364.8
1717315200000,67718.0,67800.0,67668.1,67774.4,60497.6
1717316100000,67774.3,67774.4,67741.3,67767.1,12860.5
1717317000000,67767.2,67817.7,67767.1,67803.0,17734.4
1717317900000,67803.1,67803.1,67750.0,67756.4,7650.8
1717318800000,67756.5,67777.9,67720.2,67747.1,16907.3
1717319700000,67747.0,67768.0,67578.2,67582.7,92055.6
1717320600000,67582.7,67620.3,67416.0,67433.3,126003.2
1717321500000,67433.2,67555.4,67433.2,67549.9,66077.3
1717322400000,67550.0,67596.4,67493.8,67499.0,44123.8
1717323300000,67498.9,67523.0,67380.0,67523.0,49263.9
1717324200000,67523.0,67557.7,67446.0,67557.7,25454.0
1717325100000,67557.6,67557.7,67467.0,67548.0,17587.0
1717326000000,67548.0,67589.7,67504.2,67553.0,27882.3
1717326900000,67553.0,67637.8,67537.6,67637.7,30107.2
1717327800000,67637.8,67744.7,67617.4,67720.1,39825.1
1717328700000,67720.0,68345.0,67720.0,68266.0,451476.8
1717329600000,68266.1,68332.0,68052.7,68155.9,175357.9
1717330500000,68156.0,68166.6,67923.7,68107.6,134494.9
1717331400000,68109.6,68166.7,68033.0,68082.4,56726.1
1717332300000,68082.5,68126.4,67846.3,67951.0,71111.1
1717333200000,67951.0,67988.9,67809.8,67960.0,80639.0
1717334100000,67960.0,68111.0,67922.3,68087.4,59976.6
1717335000000,68087.5,68112.9,67963.0,68084.2,36854.6
1717335900000,68084.1,68246.5,68065.6,68180.4,55345.1
1717336800000,68180.4,68195.8,68083.9,68148.4,47600.8
1717337700000,68148.4,68441.1,68117.1,68371.5,175202.2
1717338600000,68371.6,68497.0,68210.0,68210.0,132887.7
1717339500000,68210.1,68276.5,68135.0,68276.4,47782.4
1717340400000,68276.4,68317.7,68150.0,68150.0,48778.4
1717341300000,68150.1,68184.5,68013.3,68082.9,62504.1
1717342200000,68082.9,68144.8,68053.5,68106.3,19772.4
1717343100000,68106.4,68182.6,68100.7,68164.7,31340.8
1717344000000,68164.8,68221.6,68075.8,68100.8,41919.2
1717344900000,68100.8,68100.8,67992.0,68073.2,41117.0
1717345800000,68073.2,68143.4,68050.9,68050.9,24695.1
1717346700000,68050.9,68137.0,68044.0,68124.5,14529.7
1717347600000,68124.5,68129.3,68014.7,68050.1,26830.0
1717348500000,68050.1,68056.3,67873.2,67954.9,69450.0
1717349400000,67954.9,68065.0,67846.8,68022.9,54324.8
1717350300000,68022.8,68065.1,67875.0,67891.7,26764.1
1717351200000,67891.8,67891.8,67539.9,67690.2,250658.6
1717352100000,67690.2,67690.4,67470.0,67604.3,106243.6
1717353000000,67604.4,67774.8,67527.1,67774.7,69305.6
1717353900000,67774.8,67774.8,67683.1,67723.0,21792.6
1717354800000,67723.0,67771.0,67659.0,67667.8,22870.3
1717355700000,67667.7,67670.6,67300.3,67593.0,178687.9
1717356600000,67593.0,67724.2,67552.0,67724.1,33115.7
1717357500000,67724.1,67809.4,67700.4,67741.0,47873.4
1717358400000,67741.1,67778.9,67639.6,67677.6,28321.9
1717359300000,67677.6,67719.8,67577.6,67699.7,24508.7
1717360200000,67699.6,67771.4,67695.3,67770.2,11111.4
1717361100000,67770.2,67838.5,67745.7,67838.4,14715.6
1717362000000,67838.5,67928.2,67792.0,67888.2,40251.9
1717362900000,67888.3,67888.3,67771.9,67834.4,13955.4
1717363800000,67834.4,67888.5,67756.6,67886.2,17367.6
1717364700000,67886.3,67886.3,67772.9,67812.3,13573.5
1717365600000,67812.2,67915.2,67810.1,67842.1,31199.1
1717366500000,67842.2,67986.8,67842.2,67960.6,33294.5
1717367400000,67960.7,68000.0,67900.8,67908.4,18389.1
1717368300000,67908.3,67943.7,67853.2,67942.9,14227.3
1717369200000,67943.7,67998.9,67873.1,67899.4,20821.8
1717370100000,67899.4,67910.0,67862.3,67906.6,16994.5
1717371000000,67906.6,67906.6,67852.3,67852.3,11786.2
1717371900000,67852.4,67853.0,67766.8,67766.9,33977.9
1717372800000,67766.9,67838.5,67659.6,67838.5,89826.1
1717373700000,67838.4,67870.0,67671.0,67677.8,53908.3
1717374600000,67677.9,67736.8,67618.4,67696.9,35343.3
1717375500000,67696.8,67895.5,67673.4,67836.4,39359.2
1717376400000,67836.5,68308.0,67825.4,68166.0,199202.6
1717377300000,68166.0,68423.0,68162.0,68242.7,174515.2
1717378200000,68242.7,68388.1,68189.2,68189.3,111771.0
1717379100000,68189.3,68610.6,68183.3,68499.9,151830.6
1717380000000,68500.0,68757.8,68499.9,68714.9,169269.9
1717380900000,68714.9,68829.0,68632.0,68644.6,178034.6
1717381800000,68644.6,68687.9,68451.3,68486.3,112209.3
1717382700000,68486.2,68546.9,68427.5,68440.6,52143.9
1717383600000,68440.7,68482.5,68230.1,68312.0,132950.5
1717384500000,68312.0,68395.4,68280.0,68344.9,37874.3
1717385400000,68344.9,68462.7,68344.9,68456.1,44815.5
1717386300000,68456.1,68544.0,68348.1,68409.4,39492.8
1717387200000,68409.4,68477.0,68330.0,68359.3,57168.6
1717388100000,68359.4,68493.3,68313.0,68351.7,52234.5
1717389000000,68351.8,68550.9,68342.4,68451.1,41887.9
1717389900000,68451.0,68636.9,68422.0,68525.2,62652.2
1717390800000,68525.1,68576.0,68463.0,68527.4,28183.9
1717391700000,68527.3,68695.9,68527.3,68616.7,62470.0
1717392600000,68616.8,68785.0,68616.8,68782.9,78875.4
1717393500000,68783.0,68800.0,68634.0,68720.6,65742.0
1717394400000,68720.5,68876.0,68634.5,68851.8,114998.8
1717395300000,68851.8,69121.2,68750.0,69119.9,194240.4
1717396200000,69119.9,69231.6,68969.9,69171.2,253488.8
1717397100000,69171.2,69215.7,69007.0,69060.2,143355.5
1717398000000,69060.2,69200.4,69016.9,69126.8,144511.9
1717398900000,69127.9,69154.7,68888.0,68903.9,101754.1
1717399800000,68903.9,68953.4,68822.7,68939.6,78977.4
1717400700000,68939.7,68946.1,68861.2,68923.9,49781.1
1717401600000,68923.9,69070.9,68922.6,69052.3,62675.3
1717402500000,69052.3,69322.6,69052.2,69294.9,149589.4
1717403400000,69294.9,69351.5,69250.0,69303.5,121303.3
1717404300000,69303.5,69317.8,69155.0,69158.0,58588.9
1717405200000,69158.0,69209.2,69055.5,69105.0,65415.7
1717406100000,69105.1,69117.7,68930.0,69018.1,67338.7
1717407000000,69018.2,69118.7,69018.1,69050.3,39939.6
1717407900000,69050.3,69127.6,69002.0,69023.0,22328.9
1717408800000,69023.0,69179.6,69022.9,69100.4,43051.3
1717409700000,69100.3,69208.1,69100.3,69190.2,25420.4
1717410600000,69190.2,69190.3,69122.5,69127.8,21300.5
1717411500000,69127.9,69141.1,68895.1,68926.7,89496.2
1717412400000,68926.7,69095.2,68865.1,69095.0,69270.0
1717413300000,69095.1,69282.3,69066.7,69219.4,73221.9
1717414200000,69219.4,69265.0,69045.0,69128.4,44036.6
1717415100000,69128.4,69174.9,69016.7,69096.6,61165.7
1717416000000,69096.6,69271.0,69096.6,69263.1,52591.8
1717416900000,69263.1,69464.8,69216.4,69414.9,174847.8
1717417800000,69415.0,69818.6,69300.0,69668.0,316611.8
1717418700000,69667.9,69758.9,69498.8,69758.8,134541.7
1717419600000,69758.8,69775.9,69561.8,69571.2,82874.4
1717420500000,69571.3,69707.7,69533.7,69696.1,67903.2
1717421400000,69696.0,70000.0,69688.7,69988.0,293453.9
1717422300000,69987.9,70338.3,69794.6,69800.1,518740.0
1717423200000,69800.1,70090.9,69616.8,70060.2,260373.0
1717424100000,70059.1,70072.2,69694.2,69814.1,143231.8
1717425000000,69814.0,69831.9,69031.7,69200.0,516388.6
1717425900000,69199.9,69200.0,68512.0,68778.6,671448.6
1717426800000,68778.6,69321.3,68760.7,69153.8,328785.4
1717427700000,69153.7,69333.0,69059.7,69135.2,135784.3
1717428600000,69135.3,69340.0,69102.1,69235.1,77628.9
1717429500000,69235.1,69630.5,69134.5,69622.4,172982.4
1717430400000,69622.5,69725.3,69333.2,69355.1,179578.0
1717431300000,69355.0,69447.2,69157.2,69246.0,123620.8
1717432200000,69246.0,69246.0,69030.0,69172.0,131055.7
1717433100000,69172.0,69293.0,68915.0,69094.8,98462.2
1717434000000,69094.8,69096.0,68810.1,69090.5,105997.5
1717434900000,69090.9,69215.7,69039.7,69185.4,74357.7
1717435800000,69185.4,69416.9,69185.4,69352.8,72990.8
1717436700000,69352.9,69383.6,69224.3,69285.6,40055.6
1717437600000,69286.1,69376.3,69173.4,69183.6,45098.1
1717438500000,69183.7,69358.3,69183.6,69302.5,43266.6
1717439400000,69302.5,69466.6,69302.5,69385.2,83508.8
1717440300000,69385.3,69458.8,69264.5,69302.2,49936.2
1717441200000,69302.2,69315.7,69112.1,69135.8,56746.0
1717442100000,69135.8,69255.3,69100.0,69136.5,31112.8
1717443000000,69136.5,69137.7,69040.5,69076.9,57105.7
1717443900000,69076.9,69259.1,69068.0,69224.0,51760.0
1717444800000,69228.1,69524.0,69178.5,69455.9,94787.0
1717445700000,69455.8,69515.9,69416.0,69421.6,48774.3
1717446600000,69421.6,69429.5,69264.2,69270.2,26030.5
1717447500000,69270.2,69270.2,69107.5,69107.5,27650.0
1717448400000,69107.5,69216.0,69040.0,69040.1,39299.1
1717449300000,69040.1,69118.7,68924.4,69053.2,45554.4
1717450200000,69053.1,69159.0,68977.5,69143.9,26613.3
1717451100000,69143.9,69200.7,69050.3,69093.2,29374.3
1717452000000,69093.1,69093.1,68810.5,68876.6,111018.5
1717452900000,68876.5,68980.3,68863.4,68971.9,23157.7
1717453800000,68971.9,69157.9,68963.2,69065.3,48273.9
1717454700000,69065.3,69099.9,69023.8,69045.0,13256.3
1717455600000,69045.0,69067.5,68961.3,68961.3,22667.6
1717456500000,68961.3,68981.8,68880.0,68881.1,25637.0
1717457400000,68881.1,68918.8,68728.9,68750.1,67143.7
1717458300000,68750.1,68856.4,68750.0,68805.0,36334.7
1717459200000,68805.0,68908.8,68802.5,68854.7,44359.8
1717460100000,68854.6,68943.0,68663.0,68792.8,116410.4
1717461000000,68792.9,69047.3,68772.2,69007.9,57169.3
1717461900000,69007.8,69114.1,68988.8,69014.7,38123.5
1717462800000,69014.7,69130.0,68911.8,69081.3,37427.7
1717463700000,69081.4,69086.8,69002.2,69032.0,19726.0
1717464600000,69032.0,69204.4,69012.1,69095.4,71978.5
1717465500000,69095.4,69241.6,69072.4,69241.3,56587.2
1717466400000,69241.3,69314.3,69190.0,69291.6,77143.4
1717467300000,69291.7,69335.0,69231.2,69282.9,36792.7
1717468200000,69282.9,69288.2,69096.4,69152.0,47707.1
1717469100000,69152.0,69174.3,69116.1,69158.2,17176.8
1717470000000,69158.1,69386.0,69130.8,69348.6,61124.1
1717470900000,69348.6,69370.0,69192.5,69228.9,44772.3
1717471800000,69228.8,69259.0,69177.0,69245.1,26857.9
1717472700000,69245.1,69259.0,69155.7,69175.0,16186.7
1717473600000,69175.0,69266.0,69104.3,69261.6,48114.3
1717474500000,69261.7,69281.9,69182.8,69244.3,42603.0
1717475400000,69244.4,69295.1,69180.0,69180.0,17973.4
1717476300000,69180.0,69211.8,69060.6,69072.9,35105.9
1717477200000,69072.9,69140.9,69003.0,69140.9,43574.8
1717478100000,69140.9,69175.0,69100.5,69127.6,20000.4
1717479000000,69127.6,69127.7,69004.0,69004.0,24834.2
1717479900000,69004.1,69079.7,68926.0,68975.1,55128.0
1717480800000,68975.1,68975.1,68770.4,68909.9,171027.7
1717481700000,68910.0,68972.3,68848.2,68971.2,51050.0
1717482600000,68971.3,69057.8,68923.5,68923.6,97618.2
1717483500000,68923.6,69025.9,68910.0,68920.1,44260.7
1717484400000,68920.0,69064.8,68907.0,69064.8,38709.0
1717485300000,69064.7,69068.0,68976.0,68998.9,29465.6
1717486200000,68998.9,69014.1,68956.6,69001.1,42601.3
1717487100000,69001.1,69086.9,68991.0,69009.2,46879.0
1717488000000,69009.2,69207.1,68880.0,69116.6,79307.6
1717488900000,69116.7,69164.0,69060.0,69118.4,38836.3
1717489800000,69118.4,69119.3,69061.5,69100.0,12511.9
1717490700000,69100.1,69100.1,68834.7,68845.4,81575.8
1717491600000,68845.4,68900.0,68676.0,68783.9,156908.4
1717492500000,68783.6,68794.4,68620.3,68713.7,105428.6
1717493400000,68713.6,68804.0,68689.2,68731.1,46080.6
1717494300000,68731.0,68773.5,68572.3,68733.8,94317.5
1717495200000,68733.8,68838.4,68711.2,68836.3,54861.1
1717496100000,68836.3,68900.0,68810.0,68810.1,41185.2
1717497000000,68810.0,68955.8,68800.0,68951.5,77517.0
1717497900000,68951.5,68975.0,68888.0,68902.7,26132.6
1717498800000,68902.8,68979.9,68902.7,68902.7,30894.7
1717499700000,68902.8,68948.8,68851.6,68947.0,42720.0
1717500600000,68946.9,69050.0,68850.0,68907.9,89272.1
1717501500000,68908.2,68975.4,68856.0,68973.2,29036.6
1717502400000,68973.2,69073.7,68857.0,68974.0,62700.7
1717503300000,68974.0,69099.9,68898.2,69059.5,46437.8
1717504200000,69059.5,69167.8,69010.2,69084.1,76873.2
1717505100000,69084.1,69087.2,68884.2,68960.1,50990.8
1717506000000,68960.2,69290.0,68960.1,69252.4,107797.9
1717506900000,69252.1,69480.0,69231.1,69447.6,195811.6
1717507800000,69447.5,69580.0,69253.0,69564.3,210042.5
1717508700000,69564.3,69847.8,69514.1,69536.6,368425.6
1717509600000,69536.7,70000.0,69536.7,69827.2,360519.9
1717510500000,69827.3,70099.9,69715.4,69768.9,271262.2
1717511400000,69769.0,69866.0,69320.4,69549.0,314516.2
1717512300000,69549.0,69739.9,69438.0,69664.9,101329.6
1717513200000,69664.5,69935.6,69460.6,69833.3,159587.6
1717514100000,69833.3,70200.0,69767.2,69990.1,355471.6
1717515000000,69990.0,70189.0,69964.6,70150.0,139842.9
1717515900000,70150.0,70498.8,70121.3,70448.6,325649.3
1717516800000,70448.7,70650.0,70400.0,70526.9,304926.0
1717517700000,70526.9,70945.8,70513.1,70874.9,364422.2
1717518600000,70875.0,71000.0,70691.5,70951.5,207015.8
1717519500000,70951.4,71019.1,70662.0,70809.2,173435.0
1717520400000,70809.2,70847.7,70536.0,70688.2,160959.2
1717521300000,70688.2,70742.1,70482.0,70498.5,100558.4
1717522200000,70498.5,70550.0,70373.5,70425.7,113689.8
1717523100000,70425.8,70711.3,70421.7,70567.9,87198.8
1717524000000,70567.9,70790.0,70567.9,70756.5,69927.2
1717524900000,70756.5,71082.9,70756.5,70933.7,186154.1
1717525800000,70933.8,71017.4,70820.8,70871.5,73815.7
1717526700000,70871.5,70922.3,70704.0,70708.2,66466.7
1717527600000,70708.2,70740.6,70516.0,70571.0,97808.1
1717528500000,70571.0,70658.6,70463.7,70480.2,47592.6
1717529400000,70480.2,70508.0,70100.0,70338.3,207212.3
1717530300000,70338.3,70517.4,70222.2,70433.3,82293.1
1717531200000,70433.2,70452.1,70193.4,70318.2,53405.0
1717532100000,70318.3,70318.3,70171.2,70262.2,43282.7
1717533000000,70262.2,70375.4,70219.0,70352.8,35654.9
1717533900000,70352.9,70548.2,70323.7,70398.0,63406.0
1717534800000,70398.0,70436.0,70332.2,70418.6,26490.3
1717535700000,70418.6,70503.8,70364.0,70493.3,19335.4
1717536600000,70493.4,70549.4,70435.2,70458.2,15806.8
1717537500000,70458.3,70627.8,70458.3,70620.0,29251.6
1717538400000,70619.9,70736.1,70520.0,70708.9,47840.7
1717539300000,70708.8,70738.0,70629.2,70651.9,29855.0
1717540200000,70651.9,70697.3,70520.0,70542.7,28274.3
1717541100000,70542.7,70603.5,70501.6,70567.7,36700.0
1717542000000,70567.8,70600.0,70516.7,70558.8,24102.7
1717542900000,70558.9,70558.9,70401.3,70410.1,44389.1
1717543800000,70410.1,70629.7,70410.1,70550.1,43453.3
1717544700000,70550.1,70625.3,70535.8,70543.6,35688.2
1717545600000,70543.6,70615.1,70487.8,70493.8,31489.2
1717546500000,70493.8,70676.0,70435.0,70640.7,66562.1
1717547400000,70640.7,70899.7,70562.8,70743.8,103934.5
1717548300000,70743.8,70922.3,70649.8,70790.7,113277.0
1717549200000,70790.7,70862.2,70678.2,70678.3,88886.6
1717550100000,70678.3,71046.0,70657.4,71001.4,103357.6
1717551000000,71001.5,71360.0,70881.0,71021.6,251611.9
1717551900000,71021.4,71162.0,70931.1,70991.3,86582.3
1717552800000,70991.3,71027.7,70656.4,70784.2,146023.2
1717553700000,70784.2,71014.3,70784.2,70997.5,59980.6
1717554600000,70997.6,71181.6,70888.9,70980.5,87389.3
1717555500000,70980.4,70980.4,70832.1,70860.5,57084.8
1717556400000,70860.5,70951.0,70779.9,70845.9,64913.1
1717557300000,70845.8,70897.4,70800.0,70875.0,33184.6
1717558200000,70875.1,70921.0,70780.0,70829.5,80430.2
1717559100000,70829.5,71000.0,70829.5,70960.0,48776.2
1717560000000,70960.0,70980.0,70840.7,70971.7,48519.1
1717560900000,70971.8,71053.7,70944.4,71043.8,146097.5
1717561800000,71043.7,71257.9,71020.2,71209.9,117933.4
1717562700000,71209.8,71251.5,71100.3,71179.5,106347.0
1717563600000,71179.6,71200.0,70900.0,70900.0,81227.8
1717564500000,70900.0,71065.0,70893.8,71050.4,44399.9
1717565400000,71050.4,71050.4,70900.0,70900.1,41314.9
1717566300000,70900.1,71057.8,70900.0,71004.5,32300.9
1717567200000,71003.9,71008.7,70840.0,70880.0,69337.7
1717568100000,70880.1,71025.6,70854.4,70972.6,100202.0
1717569000000,70972.6,71111.0,70900.0,71098.8,112317.3
1717569900000,71098.9,71158.5,71000.0,71118.7,75734.7
1717570800000,71118.6,71205.6,71070.1,71146.5,77713.3
1717571700000,71146.5,71216.6,71066.8,71066.9,39034.5
1717572600000,71066.9,71397.5,71025.9,71360.4,146209.6
1717573500000,71360.4,71398.7,71140.0,71205.7,108634.1
1717574400000,71205.8,71245.5,71051.0,71068.4,55738.9
1717575300000,71068.4,71155.0,71044.0,71108.0,36469.7
1717576200000,71108.0,71146.1,71012.0,71049.9,31777.8
1717577100000,71049.9,71085.5,70896.5,70948.7,80762.0
1717578000000,70948.6,71013.3,70880.0,70928.2,54039.2
1717578900000,70928.1,71053.8,70922.0,71017.1,37398.5
1717579800000,71017.1,71044.5,70843.5,70868.0,52939.4
1717580700000,70867.9,70943.1,70832.3,70920.4,57911.1
1717581600000,70920.5,70942.8,70813.3,70856.2,31513.1
1717582500000,70856.2,70884.5,70738.3,70798.7,60367.6
1717583400000,70798.6,70879.6,70737.5,70802.7,37131.0
1717584300000,70802.6,70931.9,70772.7,70817.1,40900.8
1717585200000,70817.2,70888.7,70720.0,70888.7,57929.0
1717586100000,70888.9,71029.6,70853.4,70920.5,62337.5
1717587000000,70920.5,71013.2,70865.7,70994.4,29147.2
1717587900000,70994.3,71114.0,70941.3,70981.7,87955.2
1717588800000,70981.7,70985.8,70848.8,70866.4,71680.4
1717589700000,70866.5,71050.2,70651.0,70779.5,167047.4
1717590600000,70779.5,71058.2,70668.9,71044.4,87731.2
1717591500000,71044.5,71147.5,70920.5,70960.1,125487.1
1717592400000,70960.0,71111.1,70908.7,71029.9,70399.7
1717593300000,71030.0,71190.0,71013.7,71133.6,66095.4
1717594200000,71133.6,71133.6,70701.7,70850.0,163303.8
1717595100000,70849.9,70857.2,70610.0,70741.5,154859.4
1717596000000,70741.4,70773.3,70437.8,70466.3,256580.5
1717596900000,70466.3,70799.5,70403.0,70754.0,210301.5
1717597800000,70754.0,71060.3,70720.0,70911.1,214048.3
1717598700000,70911.0,71083.0,70833.4,70879.6,129689.1
1717599600000,70879.6,71000.0,70775.8,70910.0,69876.6
1717600500000,70909.9,71599.0,70909.9,71563.0,492308.8
1717601400000,71562.9,71764.7,71434.5,71560.1,291403.8
1717602300000,71560.0,71674.8,71360.1,71574.5,183062.0
1717603200000,71574.6,71777.0,71420.5,71651.8,176104.0
1717604100000,71651.8,71720.8,71552.2,71665.7,118528.9
1717605000000,71664.1,71711.2,71470.4,71529.4,90598.2
1717605900000,71529.4,71546.8,71260.8,71322.2,153472.9
1717606800000,71322.1,71564.2,71240.0,71547.5,129702.8
1717607700000,71547.5,71600.0,71385.0,71445.6,68044.3
1717608600000,71445.7,71579.1,71423.0,71507.1,57368.4
1717609500000,71505.1,71740.1,71467.5,71638.8,77397.0
1717610400000,71638.7,71750.0,71311.8,71334.8,161336.1
1717611300000,71334.9,71397.1,71061.5,71150.0,219757.3
1717612200000,71150.1,71229.7,71012.0,71067.1,74364.7
1717613100000,71064.9,71156.0,70902.0,71091.0,127146.6
1717614000000,71091.1,71174.9,70865.8,70935.2,108762.3
1717614900000,70935.1,71025.0,70892.6,70940.8,50429.4
1717615800000,70940.8,71166.1,70904.4,71163.2,45826.8
1717616700000,71163.2,71407.3,71132.8,71284.4,125295.1
1717617600000,71284.4,71359.1,71151.3,71226.2,46934.4
1717618500000,71226.1,71345.4,71189.6,71259.4,20656.3
1717619400000,71259.4,71259.4,71190.1,71224.6,16173.8
1717620300000,71224.7,71260.0,71176.0,71201.1,17338.0
1717621200000,71201.0,71215.2,71105.6,71141.2,16968.4
1717622100000,71141.1,71156.7,71045.6,71053.8,21912.8
1717623000000,71053.8,71207.2,71039.0,71134.3,14510.4
1717623900000,71134.4,71150.8,71075.5,71150.8,10993.2
1717624800000,71150.7,71278.0,71112.1,71199.2,27827.4
1717625700000,71199.1,71217.7,71087.0,71141.6,12111.7
1717626600000,71141.5,71256.7,71114.1,71256.6,15321.8
1717627500000,71256.6,71286.8,71134.1,71150.3,12673.1
1717628400000,71150.4,71298.8,71130.8,71279.3,19253.1
1717629300000,71279.3,71279.4,70600.0,70855.0,193202.1
1717630200000,70855.1,71109.2,70791.2,71081.4,101516.7
1717631100000,71081.4,71192.2,71018.0,71115.0,35555.1
1717632000000,71115.0,71194.9,71092.4,71186.8,30490.8
1717632900000,71186.9,71189.7,71112.2,71164.7,26951.3
1717633800000,71164.8,71200.0,71014.3,71040.6,40412.4
1717634700000,71040.5,71062.2,70966.0,71027.0,38964.3
1717635600000,71027.1,71044.8,70900.0,70964.5,59957.3
1717636500000,70964.5,71158.2,70943.9,71107.8,37332.7
1717637400000,71107.9,71196.9,71099.8,71153.8,41353.2
1717638300000,71150.0,71190.0,71083.1,71130.5,17987.4
1717639200000,71134.2,71229.3,71103.6,71208.0,31763.9
1717640100000,71208.0,71257.4,71166.3,71221.3,24929.5
1717641000000,71221.4,71246.0,71135.4,71169.8,36928.6
1717641900000,71169.8,71199.0,71130.3,71172.5,23583.8
1717642800000,71172.5,71192.6,71140.7,71160.1,10930.6
1717643700000,71160.1,71193.4,71151.1,71167.6,9213.3
1717644600000,71167.7,71179.9,71046.9,71115.0,35484.5
1717645500000,71115.1,71115.1,71013.5,71048.3,35454.2
1717646400000,71048.4,71063.8,70950.0,70954.6,40741.5
1717647300000,70954.6,71008.8,70915.7,70961.7,38401.0
1717648200000,70961.6,71085.4,70943.0,71069.0,30164.1
1717649100000,71066.0,71123.5,71038.9,71070.0,26703.2
1717650000000,71070.1,71102.5,70900.0,70900.0,32216.4
1717650900000,70900.1,70950.1,70830.9,70850.0,60596.5
1717651800000,70850.0,70945.8,70836.5,70900.1,42993.2
1717652700000,70900.0,70964.7,70820.7,70916.2,50705.6
1717653600000,70916.3,71050.0,70900.0,70996.3,40052.5
1717654500000,70996.3,71033.0,70916.8,70969.6,46735.4
1717655400000,70969.6,70969.6,70804.8,70862.7,47802.2
1717656300000,70862.7,70945.8,70825.2,70903.0,39344.2
1717657200000,70903.9,70979.2,70865.4,70932.1,28880.3
1717658100000,70932.0,70994.5,70890.2,70895.2,43391.3
1717659000000,70896.0,71002.2,70884.1,70960.9,33950.2
1717659900000,70960.8,71090.0,70916.1,71034.9,57201.6
1717660800000,71034.8,71056.0,70884.7,70884.8,37224.4
1717661700000,70884.7,71008.8,70880.0,70996.6,27229.1
1717662600000,70996.6,70996.6,70885.7,70910.0,18386.9
1717663500000,70909.9,70962.7,70848.1,70910.9,65629.8
1717664400000,70911.0,71166.8,70911.0,71090.6,83855.1
1717665300000,71090.7,71090.7,70952.6,71010.6,34233.4
1717666200000,71010.7,71013.2,70946.0,70967.4,21023.9
1717667100000,70968.4,70993.0,70918.2,70993.0,13962.0
1717668000000,70993.0,71018.2,70906.7,70913.0,30451.3
1717668900000,70913.1,71020.0,70913.0,70953.6,21136.1
1717669800000,70953.6,71009.9,70904.0,70943.3,32740.6
1717670700000,70943.2,71019.8,70918.2,71009.9,22740.8
1717671600000,71009.9,71115.0,70975.5,70975.5,50963.2
1717672500000,70975.5,71074.0,70938.1,71018.9,25505.8
1717673400000,71018.9,71178.0,71012.4,71137.9,50613.9
1717674300000,71138.0,71199.9,71051.2,71177.8,46858.1
1717675200000,71177.9,71255.0,71121.5,71177.3,66271.7
1717676100000,71177.4,71413.0,71165.2,71371.4,142437.0
1717677000000,71371.4,71463.1,71115.6,71211.7,211362.1
1717677900000,71211.7,71221.2,71063.1,71197.4,76836.8
1717678800000,71197.3,71275.0,71001.1,71123.7,102531.5
1717679700000,71123.6,71200.0,71022.0,71181.1,55618.1
1717680600000,71181.0,71577.5,71090.1,71510.8,201939.2
1717681500000,71510.9,71520.0,71120.4,71120.4,192846.6
1717682400000,71120.5,71244.0,71021.1,71194.8,120602.8
1717683300000,71194.8,71235.3,71047.5,71204.0,91039.6
1717684200000,71203.9,71382.4,71192.6,71382.4,77817.5
1717685100000,71382.3,71526.4,71292.5,71471.0,200443.2
1717686000000,71471.1,71503.8,71335.0,71397.8,73140.3
1717686900000,71397.8,71666.0,71390.5,71594.3,107239.6
1717687800000,71594.4,71639.4,71411.6,71466.0,106513.0
1717688700000,71466.1,71471.9,71250.0,71300.0,91978.4
1717689600000,71299.9,71380.0,71110.0,71140.9,121732.6
1717690500000,71140.9,71180.0,71050.1,71058.1,126717.4
1717691400000,71058.0,71058.0,70821.5,70919.7,215852.7
1717692300000,70919.7,71077.0,70877.4,70949.0,137403.7
1717693200000,70949.0,71041.7,70788.0,71003.3,181797.2
1717694100000,71003.4,71225.6,70960.8,71180.3,107050.9
1717695000000,71180.2,71213.9,71080.0,71085.1,33977.1
1717695900000,71085.0,71123.8,70972.4,71116.8,82160.5
1717696800000,71116.7,71176.0,70858.3,70926.7,58765.7
1717697700000,70926.8,71041.7,70898.0,71041.7,21486.8
1717698600000,71041.7,71100.0,70971.9,71062.6,31861.2
1717699500000,71062.7,71147.6,71062.7,71088.0,24451.8
1717700400000,71087.9,71094.8,70902.8,70904.9,28646.4
1717701300000,70904.8,70995.0,70890.0,70953.9,28634.2
1717702200000,70953.9,70953.9,70580.0,70737.1,198344.0
1717703100000,70737.1,70768.6,70458.2,70490.2,195693.1
1717704000000,70490.2,70527.0,70117.4,70429.3,334263.2
1717704900000,70429.2,70666.0,70429.2,70593.6,68507.2
1717705800000,70593.6,70720.0,70593.6,70624.0,43056.0
1717706700000,70624.0,70750.0,70620.0,70731.5,48031.7
1717707600000,70731.5,70789.6,70666.7,70748.0,36087.3
1717708500000,70748.0,70860.0,70687.3,70692.0,58987.7
1717709400000,70692.0,70839.7,70692.0,70755.9,17177.4
1717710300000,70756.0,70791.1,70726.1,70740.9,16635.8
1717711200000,70740.9,70817.0,70730.5,70794.4,31108.3
1717712100000,70794.4,70794.5,70650.8,70745.0,34378.8
1717713000000,70745.0,70848.4,70744.9,70819.5,32834.9
1717713900000,70819.5,70890.0,70766.9,70889.9,47136.7
1717714800000,70889.9,70947.7,70839.7,70870.1,40193.5
1717715700000,70870.0,70887.5,70747.3,70803.9,24301.1
1717716600000,70803.8,70836.0,70760.1,70830.9,20015.7
1717717500000,70830.9,70849.0,70759.3,70795.9,52008.7
1717718400000,70795.9,70823.9,70735.2,70768.0,21312.3
1717719300000,70768.0,70878.5,70757.8,70838.8,27364.2
1717720200000,70838.8,70887.0,70830.1,70830.1,21155.6
1717721100000,70830.1,70890.8,70830.0,70889.9,25741.2
1717722000000,70889.9,70895.2,70799.9,70833.3,42879.3
1717722900000,70833.3,70838.5,70712.0,70760.1,40674.9
1717723800000,70760.1,70802.5,70666.2,70802.5,47971.1
1717724700000,70802.5,70920.2,70802.5,70850.0,65518.9
1717725600000,70850.0,70885.0,70791.0,70791.0,27679.5
1717726500000,70791.1,70816.4,70766.8,70768.1,33043.1
1717727400000,70768.1,70790.6,70677.7,70728.8,38583.7
1717728300000,70728.7,70835.0,70712.1,70834.9,24642.7
1717729200000,70834.9,70878.8,70752.2,70823.1,28172.8
1717730100000,70823.1,71000.0,70790.8,70999.9,68512.5
1717731000000,71000.0,71044.5,70910.8,70947.2,74409.5
1717731900000,70947.1,71018.0,70947.1,70999.9,27151.7
1717732800000,70999.9,71228.5,70999.9,71198.1,178104.5
1717733700000,71198.1,71252.3,71058.6,71180.0,92259.7
1717734600000,71180.0,71233.1,71133.0,71133.0,49982.6
1717735500000,71133.0,71278.9,71129.5,71227.7,60949.5
1717736400000,71227.6,71290.8,71168.0,71211.9,66202.1
1717737300000,71211.7,71375.6,71205.2,71327.1,91986.2
1717738200000,71327.1,71389.8,71276.3,71382.1,46759.2
1717739100000,71382.0,71480.1,71300.0,71312.4,140496.6
1717740000000,71312.4,71371.8,71241.5,71241.5,44736.3
1717740900000,71241.5,71275.3,71235.0,71258.6,28226.5
1717741800000,71258.7,71346.5,71201.1,71217.3,39142.4
1717742700000,71217.2,71333.4,71178.2,71287.1,32991.5
1717743600000,71287.1,71287.1,71183.3,71219.1,32029.5
1717744500000,71219.1,71324.9,71192.6,71286.1,34253.4
1717745400000,71286.1,71288.0,71112.0,71130.1,59553.7
1717746300000,71130.0,71146.0,71074.3,71118.4,52949.7
1717747200000,71118.4,71151.4,71063.7,71106.4,42047.1
1717748100000,71106.4,71214.3,71089.0,71185.4,39452.2
1717749000000,71185.5,71185.5,71099.5,71139.5,38045.0
1717749900000,71139.5,71152.6,71104.8,71129.6,15359.9
1717750800000,71132.6,71136.4,71070.0,71128.7,25393.9
1717751700000,71128.6,71231.6,71111.9,71224.4,33254.8
1717752600000,71224.4,71252.0,71153.5,71218.9,39433.2
1717753500000,71218.9,71324.8,71183.2,71304.5,51734.2
1717754400000,71304.5,71379.0,71282.0,71364.6,65949.9
1717755300000,71364.5,71370.1,71252.9,71260.0,40536.2
1717756200000,71260.0,71346.8,71200.0,71331.6,43987.3
1717757100000,71331.5,71437.6,71301.2,71373.0,50241.4
1717758000000,71373.0,71410.0,71325.1,71344.7,45535.2
1717758900000,71344.7,71415.0,71300.0,71399.9,51804.6
1717759800000,71400.0,71622.0,71400.0,71533.4,216015.9
1717760700000,71533.4,71726.1,71533.4,71720.0,176732.9
1717761600000,71720.0,71958.0,71715.6,71886.4,355858.5
1717762500000,71886.4,71985.0,71620.0,71932.9,241619.7
1717763400000,71932.9,72021.7,70630.0,71024.3,1480924.2
1717764300000,71024.4,71332.0,70833.3,71221.1,406410.5
1717765200000,71221.7,71278.4,71050.0,71188.1,126479.4
1717766100000,71188.1,71424.5,71079.2,71376.2,153076.5
1717767000000,71376.2,71555.0,71200.0,71547.8,162425.3
1717767900000,71547.8,71665.0,71435.2,71539.6,204895.0
1717768800000,71539.6,71550.0,71316.0,71385.3,122346.0
1717769700000,71385.2,71385.2,71180.6,71349.9,112023.3
1717770600000,71349.9,71491.4,71259.3,71426.5,84993.1
1717771500000,71426.5,71559.0,71382.6,71427.0,91522.3
1717772400000,71426.8,71426.8,71259.2,71333.0,70314.1
1717773300000,71334.3,71345.3,70976.0,71099.0,204561.2
1717774200000,71099.0,71140.0,70904.1,70954.3,135808.9
1717775100000,70954.3,71154.2,70850.1,71117.2,147001.2
1717776000000,71117.2,71131.0,70953.9,71105.1,95478.4
1717776900000,71105.1,71225.0,71105.1,71195.2,98005.2
1717777800000,71195.1,71222.0,71003.0,71056.7,38781.4
1717778700000,71056.7,71056.8,70800.0,70888.1,140241.9
1717779600000,70888.2,70888.9,70643.5,70681.0,170881.0
1717780500000,70681.1,70681.1,70350.9,70446.6,300067.2
1717781400000,70446.5,70528.0,70249.8,70270.8,212417.2
1717782300000,70270.8,70402.8,69793.4,69799.4,447019.5
1717783200000,69799.4,69891.9,68300.0,68624.8,1857829.8
1717784100000,68624.9,69376.7,68476.6,69031.3,750773.0
1717785000000,69031.3,69243.3,68863.7,69213.9,258664.4
1717785900000,69213.8,69306.6,69024.6,69148.0,201898.1
1717786800000,69148.0,69148.1,68880.9,69080.0,189304.7
1717787700000,69082.8,69195.5,68778.0,69190.2,138195.1
1717788600000,69190.2,69449.9,69152.5,69445.0,169559.4
1717789500000,69445.0,69445.1,69231.3,69255.8,129062.8
1717790400000,69255.8,69267.8,69003.7,69100.1,117909.1
1717791300000,69100.1,69188.7,68974.4,69072.6,144933.3
1717792200000,69072.6,69200.0,69004.0,69200.0,42588.4
1717793100000,69200.0,69318.2,69150.0,69305.5,56664.8
1717794000000,69305.4,69364.2,69202.3,69364.2,50562.0
1717794900000,69364.1,69382.1,69244.6,69366.0,26266.5
1717795800000,69366.1,69366.1,69235.4,69290.9,19227.2
1717796700000,69291.0,69291.0,69207.3,69237.0,34522.0
1717797600000,69237.0,69315.5,69180.7,69315.5,37812.3
1717798500000,69315.5,69376.5,69288.1,69350.0,21075.6
1717799400000,69349.9,69395.4,69331.1,69353.0,30476.7
1717800300000,69353.0,69528.0,69353.0,69497.4,70614.6
1717801200000,69497.3,69497.3,69362.8,69387.5,28421.0
1717802100000,69387.5,69426.4,69315.3,69325.2,28093.1
1717803000000,69325.2,69377.9,69320.0,69354.4,13865.5
1717803900000,69354.4,69387.0,69329.3,69350.1,14980.1
1717804800000,69350.0,69350.1,69292.7,69345.4,31213.1
1717805700000,69345.5,69460.5,69339.8,69460.5,29198.9
1717806600000,69460.5,69483.8,69392.2,69472.2,27021.0
1717807500000,69472.1,69483.8,69384.9,69400.1,19272.9
1717808400000,69400.1,69440.0,69340.6,69340.7,23785.0
1717809300000,69340.6,69399.8,69300.0,69385.5,38356.9
1717810200000,69386.1,69479.9,69379.2,69443.1,43455.3
1717811100000,69443.1,69485.4,69439.6,69477.2,24863.1
1717812000000,69477.1,69477.2,69418.6,69434.2,14231.0
1717812900000,69434.2,69453.0,69390.0,69401.2,21500.3
1717813800000,69401.3,69450.0,69401.2,69446.9,9440.1
1717814700000,69446.8,69448.3,69423.8,69440.5,11823.9
1717815600000,69440.4,69486.0,69434.1,69485.9,16562.0
1717816500000,69486.0,69509.6,69459.9,69509.6,24399.3
1717817400000,69509.5,69541.0,69500.0,69524.6,42208.1
1717818300000,69524.6,69524.7,69396.0,69423.3,60920.7
1717819200000,69423.3,69466.2,69402.8,69423.6,24190.1
1717820100000,69423.6,69430.9,69352.0,69369.9,31641.9
1717821000000,69370.0,69381.5,69321.4,69360.1,27504.8
1717821900000,69360.0,69363.6,69280.0,69325.2,30205.2
1717822800000,69325.1,69325.1,69232.9,69285.1,67814.0
1717823700000,69285.0,69333.6,69263.5,69321.9,22705.8
1717824600000,69322.1,69356.5,69264.0,69281.1,38041.7
1717825500000,69281.2,69337.0,69268.3,69326.0,17313.9
1717826400000,69325.9,69353.4,69302.2,69349.8,22251.8
1717827300000,69349.8,69423.2,69330.0,69416.9,28280.3
1717828200000,69416.9,69435.5,69377.4,69382.5,20619.1
1717829100000,69382.5,69400.0,69325.7,69347.6,17398.4
1717830000000,69347.5,69403.1,69345.2,69403.1,13319.1
1717830900000,69403.1,69507.8,69403.1,69500.4,60792.8
1717831800000,69500.4,69565.0,69440.6,69564.2,77115.7
1717832700000,69564.2,69577.9,69509.7,69577.9,42792.8
1717833600000,69577.8,69577.9,69446.8,69461.3,44358.5
1717834500000,69461.4,69461.4,69409.9,69427.7,23724.9
1717835400000,69427.7,69437.6,69386.6,69387.0,26055.4
1717836300000,69386.7,69463.2,69372.2,69430.8,21607.6
1717837200000,69430.9,69456.0,69374.4,69447.1,21371.3
1717838100000,69447.1,69467.5,69412.9,69442.0,32853.8
1717839000000,69442.0,69465.6,69409.9,69465.5,14654.9
1717839900000,69465.5,69496.8,69424.7,69442.1,14896.1
1717840800000,69442.2,69466.4,69378.8,69427.6,19212.6
1717841700000,69427.6,69427.6,69359.0,69362.6,23932.9
1717842600000,69362.7,69430.2,69362.6,69407.1,20919.6
1717843500000,69407.1,69500.0,69407.0,69461.0,17821.1
1717844400000,69461.0,69524.1,69458.0,69488.9,32569.3
1717845300000,69488.9,69513.1,69448.2,69498.0,20776.0
1717846200000,69498.0,69498.1,69375.0,69375.0,30391.6
1717847100000,69375.0,69412.3,69310.0,69374.7,72232.3
1717848000000,69374.7,69416.9,69266.0,69387.0,74062.9
1717848900000,69387.0,69444.8,69330.0,69353.7,33770.8
1717849800000,69353.7,69382.5,69291.0,69301.9,34826.1
1717850700000,69301.9,69386.5,69299.8,69354.8,17322.0
1717851600000,69354.9,69368.0,69260.0,69282.3,43415.6
1717852500000,69282.3,69317.6,69219.4,69236.1,62276.7
1717853400000,69236.1,69374.0,69160.8,69362.4,77074.3
1717854300000,69362.4,69432.8,69312.3,69424.6,42316.9
1717855200000,69424.7,69424.7,69354.8,69400.1,32056.9
1717856100000,69400.1,69400.1,69308.1,69331.9,24799.4
1717857000000,69331.8,69407.7,69325.9,69400.0,19119.9
1717857900000,69399.9,69476.8,69386.3,69467.6,44812.0
1717858800000,69467.6,69500.0,69419.7,69476.4,37145.9
1717859700000,69476.3,69499.0,69429.0,69457.8,21895.0
1717860600000,69457.8,69486.6,69451.9,69461.9,17619.5
1717861500000,69462.0,69464.9,69418.8,69423.5,17419.7
1717862400000,69423.6,69484.4,69389.0,69391.0,43289.0
1717863300000,69391.0,69468.6,69289.2,69342.1,151392.4
1717864200000,69342.0,69411.8,69325.4,69396.4,25594.5
1717865100000,69396.5,69403.5,69347.3,69389.5,23648.9
1717866000000,69389.5,69450.0,69376.5,69450.0,21388.7
1717866900000,69450.0,69476.0,69410.4,69410.5,21126.4
1717867800000,69410.4,69477.5,69344.4,69471.1,21423.8
1717868700000,69471.1,69480.0,69415.3,69454.6,14227.3
1717869600000,69454.5,69492.3,69437.5,69492.3,17330.7
1717870500000,69492.2,69492.3,69432.0,69482.7,23366.7
1717871400000,69482.8,69488.9,69441.1,69450.9,9975.4
1717872300000,69450.8,69476.9,69434.2,69454.5,9347.0
1717873200000,69454.4,69492.2,69454.4,69474.7,13161.8
1717874100000,69474.7,69491.7,69464.9,69476.2,5530.4
1717875000000,69476.2,69476.3,69417.5,69457.1,14307.2
1717875900000,69457.2,69481.7,69442.4,69455.0,6396.0
1717876800000,69454.9,69465.4,69436.9,69452.0,11236.1
1717877700000,69452.0,69479.0,69392.1,69392.2,26088.5
1717878600000,69392.1,69392.2,69306.0,69367.5,23262.3
1717879500000,69367.5,69376.2,69351.8,69366.5,7828.3
1717880400000,69366.5,69375.6,69318.0,69375.6,16865.6
1717881300000,69375.5,69410.2,69353.8,69405.7,8556.9
1717882200000,69405.8,69405.8,69377.7,69383.1,5728.9
1717883100000,69383.1,69435.2,69381.9,69396.6,13184.4
1717884000000,69396.6,69403.0,69370.2,69381.1,11248.7
1717884900000,69381.1,69381.1,69265.0,69289.9,22346.2
1717885800000,69289.9,69331.3,69287.4,69331.2,9936.9
1717886700000,69331.2,69340.5,69299.9,69339.6,9704.0
1717887600000,69339.5,69339.6,69303.0,69316.3,18248.0
1717888500000,69316.3,69326.7,69286.7,69307.0,9984.8
1717889400000,69306.9,69347.3,69298.0,69347.3,9036.6
1717890300000,69347.3,69347.3,69309.0,69309.3,6567.9
1717891200000,69309.3,69314.0,69287.1,69314.0,13653.7
1717892100000,69314.0,69320.0,69273.9,69274.0,14617.2
1717893000000,69273.9,69330.7,69241.8,69319.1,27916.4
1717893900000,69319.0,69319.0,69276.0,69280.0,10947.0
1717894800000,69280.3,69282.0,69228.0,69256.0,18443.0
1717895700000,69255.9,69302.1,69241.6,69302.0,14864.0
1717896600000,69302.0,69359.8,69287.7,69313.6,17234.9
1717897500000,69313.6,69313.7,69280.9,69283.8,15287.9
1717898400000,69283.9,69312.6,69259.4,69259.6,15185.2
1717899300000,69259.6,69268.0,69220.4,69232.7,28354.0
1717900200000,69232.6,69232.7,69166.0,69194.3,43689.3
1717901100000,69194.3,69274.9,69168.6,69179.1,31275.1
1717902000000,69179.1,69224.8,69179.1,69201.9,14697.1
1717902900000,69201.9,69232.0,69128.5,69211.4,37107.4
1717903800000,69211.3,69262.1,69192.9,69262.0,19784.1
1717904700000,69262.1,69315.3,69262.0,69275.1,27748.4
1717905600000,69275.1,69277.4,69260.0,69277.4,13218.8
1717906500000,69277.4,69320.4,69277.3,69311.6,12419.5
1717907400000,69311.6,69311.6,69281.6,69304.0,9423.8
1717908300000,69304.1,69315.0,69280.6,69315.0,11404.0
1717909200000,69314.9,69315.0,69237.3,69250.1,12264.5
1717910100000,69250.1,69313.1,69246.6,69299.1,11490.1
1717911000000,69299.0,69340.0,69299.0,69339.9,10300.7
1717911900000,69340.0,69375.0,69288.0,69288.1,17953.5
1717912800000,69288.1,69355.8,69275.0,69355.8,27926.1
1717913700000,69355.7,69377.4,69328.1,69370.6,21697.3
1717914600000,69370.6,69370.6,69326.1,69352.9,12584.0
1717915500000,69352.8,69410.3,69341.8,69389.4,21722.7
1717916400000,69389.3,69440.6,69357.6,69365.3,23649.8
1717917300000,69365.3,69395.0,69362.3,69369.3,10309.9
1717918200000,69369.3,69394.0,69354.7,69359.2,12685.5
1717919100000,69359.2,69369.6,69292.7,69301.5,22600.3
1717920000000,69301.5,69350.8,69279.0,69341.3,15886.3
1717920900000,69341.3,69341.3,69310.2,69310.5,5582.6
1717921800000,69310.5,69336.7,69310.5,69331.1,6373.1
1717922700000,69331.2,69369.3,69331.1,69357.6,6497.3
1717923600000,69357.6,69357.9,69343.3,69357.8,8794.0
1717924500000,69357.9,69368.1,69353.1,69356.5,8765.7
1717925400000,69356.6,69371.7,69333.9,69356.8,11560.0
1717926300000,69356.9,69406.7,69355.4,69368.3,16232.7
1717927200000,69368.2,69382.0,69339.2,69351.9,12483.4
1717928100000,69352.0,69352.0,69320.5,69342.5,8769.1
1717929000000,69342.5,69342.5,69326.1,69341.4,6080.9
1717929900000,69341.4,69363.2,69335.0,69351.3,11106.9
1717930800000,69351.3,69380.9,69331.7,69331.7,20520.7
1717931700000,69331.8,69358.6,69331.7,69358.6,3970.4
1717932600000,69358.6,69406.3,69345.3,69403.3,15608.1
1717933500000,69403.3,69403.4,69371.1,69379.4,8996.9
1717934400000,69379.5,69391.2,69366.0,69375.0,11418.4
1717935300000,69375.1,69401.3,69364.2,69364.2,8640.7
1717936200000,69364.3,69540.0,69361.4,69539.0,113583.5
1717937100000,69539.0,69772.3,69532.9,69700.0,218376.6
1717938000000,69700.1,69784.9,69607.4,69644.0,100051.7
1717938900000,69643.9,69643.9,69380.0,69492.6,142803.4
1717939800000,69492.5,69492.6,69248.8,69396.3,125301.4
1717940700000,69396.3,69473.9,69381.5,69457.4,41178.0
1717941600000,69457.3,69548.0,69430.5,69467.9,42122.0
1717942500000,69467.8,69564.4,69300.0,69320.1,69041.6
1717943400000,69320.0,69460.0,69258.0,69460.0,45697.3
1717944300000,69460.0,69490.8,69418.4,69485.6,26547.0
1717945200000,69485.7,69574.8,69447.0,69535.0,56534.3
1717946100000,69535.1,69580.0,69430.0,69477.2,41132.0
1717947000000,69477.2,69566.5,69477.1,69524.2,26453.3
1717947900000,69524.2,69568.0,69487.2,69508.5,27201.1
1717948800000,69508.4,69588.0,69495.4,69570.1,27781.6
1717949700000,69570.0,69626.3,69544.6,69569.3,30040.5
1717950600000,69569.4,69634.0,69563.8,69581.4,25527.6
1717951500000,69581.3,69618.9,69546.2,69618.8,13362.8
1717952400000,69618.8,69698.9,69588.4,69680.8,30534.0
1717953300000,69680.8,69684.6,69579.1,69584.5,21005.8
1717954200000,69584.6,69630.3,69567.6,69603.7,14215.0
1717955100000,69603.7,69660.9,69603.6,69648.1,13197.2
1717956000000,69648.2,69766.0,69597.4,69756.8,53748.1
1717956900000,69756.8,69850.0,69720.7,69772.6,68718.8
1717957800000,69772.6,69800.0,69694.4,69694.4,21362.2
1717958700000,69694.4,69744.6,69667.8,69735.9,17325.5
1717959600000,69735.9,69825.0,69716.2,69795.4,35926.5
1717960500000,69795.5,69843.0,69768.0,69834.1,28752.2
1717961400000,69834.1,69840.0,69660.0,69688.0,40839.4
1717962300000,69688.0,69731.7,69650.0,69707.6,19832.7
1717963200000,69707.6,69728.5,69646.5,69674.8,28715.1
1717964100000,69675.0,69691.8,69627.0,69670.4,15076.7
1717965000000,69670.3,69670.4,69581.9,69623.7,20154.2
1717965900000,69623.6,69702.1,69591.0,69680.3,9033.8
1717966800000,69680.2,69743.0,69672.0,69707.1,14420.7
1717967700000,69707.2,69727.1,69700.0,69715.6,5831.8
1717968600000,69715.5,69738.9,69609.2,69685.9,9354.2
1717969500000,69685.9,69820.0,69678.8,69739.3,25491.6
1717970400000,69739.3,69788.2,69675.9,69706.3,32048.3
1717971300000,69703.7,69741.6,69629.1,69629.2,12702.2
1717972200000,69629.2,69678.0,69629.1,69650.4,8663.0
1717973100000,69650.3,69656.7,69611.1,69629.9,11178.4
1717974000000,69629.9,69648.8,69600.1,69600.2,17169.6
1717974900000,69600.1,69664.8,69592.5,69651.3,10440.8
1717975800000,69651.3,69689.8,69633.8,69639.1,14135.2
1717976700000,69639.0,69654.8,69625.1,69641.2,6494.5
1717977600000,69641.1,69654.8,69522.0,69522.6,30434.5
1717978500000,69522.6,69541.3,69474.2,69490.0,37738.8
1717979400000,69490.0,69522.8,69476.6,69484.4,22893.8
1717980300000,69484.5,69563.5,69410.0,69563.5,41346.1
1717981200000,69563.4,69600.0,69512.5,69570.9,21389.7
1717982100000,69570.9,69604.3,69539.0,69575.1,11465.1
1717983000000,69575.0,69667.0,69556.4,69662.5,27173.4
1717983900000,69662.5,69674.3,69615.0,69615.0,13586.8
1717984800000,69615.0,69683.5,69598.8,69683.5,14722.0
1717985700000,69683.5,69784.4,69683.5,69758.4,41658.7
1717986600000,69758.4,69798.7,69727.0,69762.2,33691.3
1717987500000,69762.3,69775.8,69670.9,69704.9,40743.0
1717988400000,69704.9,69710.7,69661.6,69705.7,17981.9
1717989300000,69705.8,69766.8,69690.2,69736.7,17623.9
1717990200000,69736.7,69736.9,69683.2,69688.6,15158.9
1717991100000,69688.6,69688.6,69566.0,69609.9,32774.5
1717992000000,69609.9,69640.0,69553.8,69563.9,30557.4
1717992900000,69564.0,69634.2,69504.0,69627.2,42874.1
1717993800000,69627.2,69687.7,69627.1,69652.5,26097.6
1717994700000,69652.6,69680.0,69631.7,69673.4,10731.7
1717995600000,69673.3,69673.4,69610.1,69618.7,15777.9
1717996500000,69618.7,69618.7,69550.0,69550.1,13952.3
1717997400000,69550.0,69598.8,69543.0,69579.2,17858.3
1717998300000,69579.3,69579.3,69527.6,69568.4,31224.3
1717999200000,69568.5,69573.4,69482.4,69570.1,30674.1
1718000100000,69570.2,69611.1,69517.4,69562.3,20607.9
1718001000000,69562.3,69582.8,69452.0,69496.0,46377.5
1718001900000,69495.9,69495.9,69310.0,69434.4,109818.2
1718002800000,69434.4,69450.0,69330.0,69417.7,61907.6
1718003700000,69417.8,69519.9,69417.7,69467.3,34898.0
1718004600000,69467.3,69478.0,69341.1,69390.9,57431.5
1718005500000,69390.8,69390.9,69256.7,69313.9,79418.4
1718006400000,69313.9,69468.4,69298.4,69433.5,71210.6
1718007300000,69433.5,69496.6,69432.8,69477.1,40766.7
1718008200000,69477.0,69500.0,69468.1,69498.0,26221.9
1718009100000,69498.0,69498.0,69405.6,69405.7,34422.7
1718010000000,69405.6,69455.2,69336.5,69421.2,31216.8
1718010900000,69421.1,69433.7,69270.7,69298.7,64914.2
1718011800000,69298.7,69393.7,69133.0,69383.3,123863.6
1718012700000,69383.4,69479.8,69383.3,69451.1,56591.4
1718013600000,69451.1,69484.4,69373.4,69426.1,20685.2
1718014500000,69426.0,69492.4,69362.0,69365.8,29346.6
1718015400000,69365.7,69415.5,69362.0,69386.9,19833.2
1718016300000,69386.8,69446.4,69386.8,69446.3,12721.8
1718017200000,69446.3,69446.4,69363.6,69378.0,16933.0
1718018100000,69378.1,69417.3,69371.7,69375.3,11372.4
1718019000000,69375.2,69571.5,69332.8,69534.5,94946.1
1718019900000,69534.5,69563.5,69441.8,69483.8,32937.5
1718020800000,69483.9,69497.2,69357.6,69376.7,28231.2
1718021700000,69376.6,69528.9,69373.0,69528.9,32630.9
1718022600000,69528.9,69528.9,69400.0,69413.9,18385.7
1718023500000,69413.9,69474.9,69324.5,69374.3,32875.9
1718024400000,69374.2,69408.8,69277.0,69303.4,86348.4
1718025300000,69303.3,69348.4,69265.1,69328.3,37337.6
1718026200000,69328.2,69533.4,69220.3,69480.7,143177.4
1718027100000,69480.7,69501.4,69290.4,69423.5,71162.4
1718028000000,69423.4,69477.1,69305.8,69352.4,52098.5
1718028900000,69352.4,69464.5,69326.2,69464.5,23643.6
1718029800000,69464.5,69676.0,69415.0,69597.5,151484.4
1718030700000,69597.6,69676.0,69537.9,69676.0,50646.8
1718031600000,69675.9,69796.6,69612.0,69740.3,122924.9
1718032500000,69740.4,69997.9,69740.3,69881.4,285444.9
1718033400000,69881.3,70051.0,69824.6,70006.5,182581.1
1718034300000,70006.5,70185.1,69982.0,70048.8,192124.4
1718035200000,70048.7,70092.9,69838.3,69871.4,128841.7
1718036100000,69871.5,70000.0,69708.0,69809.0,108915.5
1718037000000,69809.0,70020.7,69730.0,69984.5,79130.5
1718037900000,69984.5,70030.6,69940.0,69974.3,50583.6
1718038800000,69974.3,69976.2,69750.7,69878.9,59213.8
1718039700000,69879.0,69950.0,69786.1,69864.6,32940.7
1718040600000,69864.5,69923.4,69824.1,69866.1,25377.6
1718041500000,69866.0,70068.8,69855.9,70033.7,45432.3
1718042400000,70033.6,70125.0,69868.1,70071.1,62346.6
1718043300000,70071.0,70111.0,69860.0,69863.1,56668.6
1718044200000,69863.1,69925.0,69720.0,69904.2,56015.2
1718045100000,69904.2,69938.4,69855.7,69855.7,22036.1
1718046000000,69855.7,69855.7,69502.3,69666.0,159874.5
1718046900000,69666.0,69772.9,69581.8,69765.5,44696.1
1718047800000,69765.5,69765.6,69669.7,69711.4,24337.9
1718048700000,69711.4,69711.4,69380.0,69496.8,149070.5
1718049600000,69496.8,69537.0,69330.0,69367.9,158587.3
1718050500000,69367.9,69599.3,69341.5,69595.0,82889.0
1718051400000,69594.9,69658.5,69574.3,69580.4,60742.0
1718052300000,69580.4,69678.8,69565.4,69617.6,43134.8
1718053200000,69617.5,69692.7,69602.7,69677.8,28446.0
1718054100000,69677.9,69683.7,69532.0,69563.0,23097.7
1718055000000,69562.9,69600.0,69536.0,69600.0,16183.3
1718055900000,69600.0,69607.5,69573.6,69585.0,15590.0
1718056800000,69585.0,69603.3,69470.0,69543.2,33678.2
1718057700000,69543.1,69557.1,69483.8,69543.8,10540.8
1718058600000,69543.8,69543.8,69416.9,69435.0,29028.9
1718059500000,69435.1,69498.2,69427.4,69498.2,24517.1
1718060400000,69498.1,69562.5,69450.0,69450.1,28794.7
1718061300000,69450.1,69554.2,69396.0,69484.3,26094.8
1718062200000,69484.2,69536.3,69418.0,69536.2,38807.0
1718063100000,69536.3,69570.2,69484.2,69539.1,20125.3
1718064000000,69539.1,69585.3,69492.2,69530.5,29220.7
1718064900000,69530.4,69567.9,69483.2,69483.3,18318.9
1718065800000,69483.2,69545.6,69409.8,69437.3,59286.8
1718066700000,69437.3,69477.0,69400.1,69416.2,35802.7
1718067600000,69416.1,69506.8,69380.0,69506.7,41346.1
1718068500000,69506.8,69538.4,69400.0,69448.3,17388.9
1718069400000,69448.3,69486.6,69375.6,69375.7,25644.5
1718070300000,69375.7,69443.1,68461.3,68723.6,700480.4
1718071200000,68723.6,68925.0,68529.1,68560.1,242186.5
1718072100000,68560.1,68560.1,67878.3,68165.1,692974.1
1718073000000,68165.0,68165.0,67979.2,68080.4,204079.1
1718073900000,68080.4,68335.7,68048.6,68257.5,134916.4
1718074800000,68257.6,68399.9,68188.2,68335.1,71407.6
1718075700000,68335.2,68499.9,68166.0,68470.5,169143.4
1718076600000,68470.7,68470.8,68332.0,68347.4,59190.5
1718077500000,68347.4,68478.0,68284.2,68466.4,90096.1
1718078400000,68466.3,68466.3,67955.1,68068.9,213536.3
1718079300000,68068.9,68221.1,67610.1,67950.1,349214.9
1718080200000,67950.0,68110.0,67668.6,68104.8,195847.7
1718081100000,68104.8,68129.3,67998.1,68032.7,77322.5
1718082000000,68032.7,68072.0,67904.2,67920.1,87335.3
1718082900000,67920.0,68020.9,67836.8,67877.8,53315.4
1718083800000,67877.8,67911.0,67730.0,67814.2,87398.1
1718084700000,67814.2,67918.6,67666.7,67912.0,116267.7
1718085600000,67911.9,67988.1,67870.8,67930.0,64900.8
1718086500000,67930.0,67936.3,67500.2,67713.5,219215.4
1718087400000,67713.4,67765.0,67590.6,67713.3,70448.7
1718088300000,67713.0,67766.5,67289.7,67699.0,255042.2
1718089200000,67699.0,67815.0,67551.7,67775.4,139636.4
1718090100000,67775.4,67835.0,67732.1,67834.9,50931.0
1718091000000,67834.9,67835.7,67552.0,67688.9,88818.6
1718091900000,67688.9,67735.9,67511.3,67561.0,62133.3
1718092800000,67561.0,67646.0,67337.0,67356.2,184707.6
1718093700000,67356.1,67492.6,67265.4,67450.4,148250.1
1718094600000,67450.4,67629.0,67436.5,67610.0,88941.2
1718095500000,67610.0,67612.4,67505.9,67513.8,54605.7
1718096400000,67513.7,67663.4,67500.0,67539.9,43999.4
1718097300000,67539.9,67540.0,67333.0,67382.6,78632.6
1718098200000,67382.6,67433.3,67166.0,67230.0,284783.9
1718099100000,67229.9,67268.5,66845.7,67086.5,367098.8
1718100000000,67086.5,67214.6,66701.0,67158.0,378550.6
1718100900000,67158.0,67299.0,67133.0,67266.5,111336.1
1718101800000,67266.6,67266.6,67088.7,67106.0,50634.6
1718102700000,67105.9,67220.0,66862.5,66969.8,127108.2
1718103600000,66969.7,67126.8,66780.0,67115.0,139986.0
1718104500000,67114.9,67115.0,66910.2,66934.7,87002.6
1718105400000,66934.7,67031.0,66805.5,67004.2,95836.1
1718106300000,67004.2,67042.4,66841.3,66903.1,48448.2
1718107200000,66903.0,67189.7,66806.0,67174.3,100512.2
1718108100000,67174.3,67174.8,66812.5,66818.2,113978.3
1718109000000,66820.6,67085.1,66820.6,67085.1,93052.2
1718109900000,67085.0,67177.2,66992.8,67031.8,71875.2
1718110800000,67031.9,67234.0,66866.7,67207.9,141032.4
1718111700000,67207.8,67292.1,67156.6,67259.7,107626.3
1718112600000,67259.7,67259.7,66909.5,66980.1,146701.9
1718113500000,66980.1,67058.9,66500.0,66815.9,496563.6
1718114400000,66815.8,67039.0,66778.5,67036.1,178884.8
1718115300000,67036.1,67036.1,66850.0,66928.9,76424.0
1718116200000,66928.8,67097.8,66837.2,67067.7,73645.9
1718117100000,67067.8,67100.0,66842.3,66845.5,57434.0
1718118000000,66845.5,67062.5,66623.0,67044.2,176761.0
1718118900000,67044.2,67074.9,66750.0,66852.8,80004.9
1718119800000,66853.5,66879.4,65910.3,66136.4,753912.3
1718120700000,66136.4,66455.2,66130.1,66229.4,480349.9
1718121600000,66229.4,66682.4,66159.0,66624.3,284365.5
1718122500000,66624.3,66680.0,66438.5,66604.1,104754.4
1718123400000,66604.2,66731.0,66491.1,66646.4,102737.8
1718124300000,66646.4,66706.2,66323.0,66480.0,105901.7
1718125200000,66480.0,66633.3,66412.0,66568.1,66684.4
1718126100000,66568.2,66595.7,66170.0,66291.2,107735.7
1718127000000,66291.1,66548.9,66265.8,66518.8,78585.2
1718127900000,66518.9,66806.8,66487.9,66773.2,107471.4
1718128800000,66773.2,66837.1,66652.1,66816.3,82705.7
1718129700000,66816.4,67073.8,66790.1,66992.2,173242.8
1718130600000,66992.3,67228.0,66933.0,67185.1,132870.4
1718131500000,67185.2,67199.9,67012.6,67116.0,121311.1
1718132400000,67116.0,67264.0,67100.0,67252.0,78964.2
1718133300000,67252.0,67269.1,67063.8,67151.9,52198.1
1718134200000,67151.9,67300.0,67141.6,67298.4,57272.2
1718135100000,67298.4,67577.4,67275.8,67397.6,209637.3
1718136000000,67397.6,67489.0,67286.2,67440.2,83515.0
1718136900000,67440.1,67457.0,67257.0,67324.6,34390.2
1718137800000,67324.6,67324.9,67223.0,67228.0,50682.9
1718138700000,67228.0,67291.8,67166.3,67291.8,40647.0
1718139600000,67291.8,67325.4,67240.9,67240.9,34656.0
1718140500000,67241.0,67307.3,67240.9,67290.0,16956.2
1718141400000,67290.1,67311.0,67191.3,67311.0,13358.0
1718142300000,67311.0,67384.6,67310.9,67384.6,24108.2
1718143200000,67384.6,67520.0,67384.6,67518.9,46094.7
1718144100000,67519.0,67564.0,67351.0,67379.0,47356.3
1718145000000,67379.0,67379.0,67304.1,67317.2,20668.6
1718145900000,67317.2,67376.2,67317.1,67356.6,18415.0
1718146800000,67356.6,67584.9,67356.5,67475.7,85564.0
1718147700000,67475.8,67484.5,67337.9,67352.0,36616.6
1718148600000,67352.0,67381.0,67324.8,67324.9,31708.0
1718149500000,67324.8,67365.6,67294.6,67309.4,26192.1
1718150400000,67309.3,67408.0,67285.0,67407.8,31295.0
1718151300000,67407.8,67426.4,67216.0,67221.6,50408.6
1718152200000,67221.7,67270.0,67188.0,67270.0,31183.9
1718153100000,67270.0,67298.4,67172.6,67189.6,33500.6
1718154000000,67189.6,67243.5,67132.7,67150.1,38570.4
1718154900000,67150.2,67175.7,66890.0,66981.8,120573.1
1718155800000,66981.9,67128.0,66904.2,66957.6,74474.5
1718156700000,66957.6,67192.9,66910.7,67174.0,51606.2
1718157600000,67174.0,67479.0,67118.7,67384.2,108156.0
1718158500000,67384.2,67600.0,67384.2,67518.8,127951.2
1718159400000,67518.7,67563.5,67330.5,67375.7,75987.9
1718160300000,67375.7,67444.4,67320.1,67403.7,59728.9
1718161200000,67403.8,67483.6,67369.2,67369.3,37183.3
1718162100000,67369.3,67449.5,67350.0,67361.4,17513.5
1718163000000,67361.4,67420.3,67315.0,67420.3,22345.6
1718163900000,67420.3,67469.1,67347.1,67412.1,31921.1
1718164800000,67412.2,67554.0,67390.2,67513.2,63345.7
1718165700000,67513.3,67580.0,67461.4,67522.7,78569.0
1718166600000,67522.7,67600.0,67508.7,67595.5,54732.4
1718167500000,67595.5,67596.2,67450.5,67481.6,36527.6
1718168400000,67481.6,67506.3,67355.0,67413.3,47746.3
1718169300000,67413.2,67497.9,67372.7,67372.7,38999.3
1718170200000,67372.7,67432.4,67286.0,67312.4,41659.8
1718171100000,67312.5,67325.0,67201.0,67259.0,89183.8
1718172000000,67259.0,67369.9,67259.0,67346.7,36029.6
1718172900000,67346.8,67396.9,67312.0,67346.8,32372.9
1718173800000,67346.9,67395.0,67291.4,67364.3,41016.5
1718174700000,67364.4,67372.0,67275.8,67283.4,19747.6
1718175600000,67283.4,67344.7,67250.0,67339.7,26193.1
1718176500000,67339.7,67446.4,67319.1,67393.2,48608.3
1718177400000,67393.4,67429.5,67348.9,67399.9,28153.4
1718178300000,67399.9,67493.4,67365.5,67451.5,31520.8
1718179200000,67451.4,67544.0,67438.0,67538.0,47145.1
1718180100000,67538.0,67538.1,67391.1,67397.2,38912.7
1718181000000,67397.1,67465.0,67369.3,67446.3,20550.0
1718181900000,67446.3,67464.5,67374.7,67398.6,28712.6
1718182800000,67398.7,67495.4,67352.0,67482.7,49814.9
1718183700000,67482.8,67482.8,67422.2,67441.0,19791.7
1718184600000,67441.0,67520.0,67400.0,67519.9,30166.6
1718185500000,67519.9,67796.9,67488.8,67736.4,225668.4
1718186400000,67736.5,68016.3,67736.4,67904.8,295608.1
1718187300000,67904.9,67947.9,67805.1,67853.0,86782.5
1718188200000,67852.9,67935.0,67790.0,67884.7,51643.6
1718189100000,67884.8,68068.1,67837.9,67996.5,87865.4
1718190000000,67996.5,68018.0,67858.7,67903.1,57680.5
1718190900000,67903.2,67943.0,67804.3,67821.6,64239.0
1718191800000,67821.7,67872.0,67721.0,67751.5,56263.3
1718192700000,67751.6,67810.2,67724.5,67790.0,52778.8
1718193600000,67789.9,67843.9,67741.6,67773.4,43792.0
1718194500000,67773.5,68018.6,67773.5,68018.5,136595.4
1718195400000,68018.6,69472.0,68018.6,69419.9,1647176.6
1718196300000,69419.9,69503.3,69041.8,69328.0,394303.7
1718197200000,69328.0,69675.6,69321.4,69360.0,352366.4
1718198100000,69360.0,69388.0,69088.9,69199.9,261866.9
1718199000000,69200.0,69493.3,69115.5,69493.3,224461.4
1718199900000,69493.2,69515.0,69283.5,69335.2,119320.9
1718200800000,69335.2,69631.3,69300.0,69576.7,165806.4
1718201700000,69576.7,69942.0,69546.7,69856.8,406969.6
1718202600000,69856.8,69975.0,69712.3,69746.3,235492.4
1718203500000,69746.4,69985.0,69690.0,69958.9,155721.8
1718204400000,69958.9,70027.8,69728.3,69817.2,219342.7
1718205300000,69817.1,69938.9,69718.7,69837.3,91755.4
1718206200000,69837.3,69841.1,69558.8,69567.3,122676.9
1718207100000,69567.4,69775.0,69560.0,69740.5,92280.7
1718208000000,69740.6,69800.0,69668.1,69682.0,73980.5
1718208900000,69682.1,69688.9,69335.9,69346.0,194749.2
1718209800000,69346.1,69557.7,69301.4,69517.6,114219.2
1718210700000,69517.5,69666.0,69517.5,69625.5,57173.1
1718211600000,69625.4,69692.0,69500.0,69627.3,55902.9
1718212500000,69627.4,69679.9,69550.0,69672.9,51138.1
1718213400000,69672.9,69771.9,69558.0,69672.0,62191.5
1718214300000,69671.0,69890.4,69608.3,69807.4,130688.2
1718215200000,69807.4,69816.7,68712.0,69171.1,1149434.6
1718216100000,69171.0,69450.0,69141.0,69192.1,211927.6
1718217000000,69194.7,69388.0,68850.0,69196.6,315202.6
1718217900000,69196.6,69212.4,68580.0,68825.9,404017.3
1718218800000,68825.8,69040.5,68802.2,68915.9,159322.5
1718219700000,68915.9,69222.0,68510.0,68538.9,368850.5
1718220600000,68539.1,68598.3,68066.6,68118.9,456593.9
1718221500000,68113.7,68152.7,67250.0,67541.6,770775.6
1718222400000,67541.7,67816.0,67423.9,67771.0,272714.4
1718223300000,67770.9,67948.3,67732.1,67940.9,121407.9
1718224200000,67940.9,68286.5,67891.0,68274.0,151443.7
1718225100000,68274.0,68296.0,68080.0,68095.5,83603.4
1718226000000,68095.6,68250.7,68091.3,68250.7,45640.7
1718226900000,68250.9,68439.3,68200.0,68436.0,57465.3
1718227800000,68436.0,68677.5,68340.1,68587.1,116439.1
1718228700000,68587.0,68614.2,68439.6,68526.7,45020.2
1718229600000,68526.6,68535.7,68391.3,68430.0,53580.2
1718230500000,68430.0,68430.0,68278.1,68317.8,56350.8
1718231400000,68317.8,68369.0,68276.8,68288.1,19451.8
1718232300000,68288.0,68383.7,68268.3,68348.9,30205.7
1718233200000,68347.9,68347.9,68166.0,68224.7,46641.7
1718234100000,68224.7,68237.5,68130.7,68218.8,34844.7
1718235000000,68218.9,68289.1,68182.0,68231.0,25342.4
1718235900000,68231.0,68277.5,68231.0,68273.7,19607.5
1718236800000,68273.7,68293.2,68068.7,68099.9,55562.7
1718237700000,68100.0,68242.2,68003.0,68194.2,67350.1
1718238600000,68194.2,68253.2,68100.0,68215.7,35882.2
1718239500000,68215.7,68398.0,68215.6,68326.6,72666.6
1718240400000,68326.6,68364.0,68233.0,68300.2,27860.4
1718241300000,68300.2,68325.0,68080.0,68119.7,44057.4
1718242200000,68119.6,68147.8,68033.3,68127.2,44607.6
1718243100000,68127.3,68191.3,67916.3,67994.6,67981.9
1718244000000,67994.6,68020.4,67861.8,67916.2,118740.2
1718244900000,67916.2,68148.7,67829.1,68096.4,80606.7
1718245800000,68096.5,68186.5,67770.2,67881.3,99695.6
1718246700000,67881.3,67931.0,67675.5,67740.1,127930.7
1718247600000,67740.0,67850.0,67630.0,67830.4,78842.1
1718248500000,67830.4,67846.8,67401.4,67420.9,218070.4
1718249400000,67420.9,67488.1,66958.3,67255.0,498167.8
1718250300000,67255.0,67476.7,67231.4,67466.2,107793.3
1718251200000,67466.2,67668.0,67425.6,67623.5,120690.3
1718252100000,67623.5,67706.7,67584.5,67657.4,57244.9
1718253000000,67657.4,67657.5,67503.1,67616.0,67950.2
1718253900000,67616.1,67616.1,67325.0,67325.1,68373.5
1718254800000,67325.1,67581.1,67324.8,67561.2,59465.2
1718255700000,67561.2,67633.1,67505.0,67579.2,40350.8
1718256600000,67579.2,67645.0,67529.3,67638.6,34281.8
1718257500000,67638.5,67678.0,67517.3,67594.1,41539.9
1718258400000,67594.0,67610.0,67447.4,67460.7,47003.8
1718259300000,67460.7,67488.9,67384.6,67469.5,41614.9
1718260200000,67469.5,67469.5,67305.0,67382.4,59561.1
1718261100000,67382.4,67580.1,67360.0,67509.5,53908.7
1718262000000,67509.4,67570.0,67400.0,67566.8,48979.8
1718262900000,67566.7,67699.9,67543.1,67681.7,53387.3
1718263800000,67681.8,67696.3,67606.0,67635.8,34724.7
1718264700000,67635.8,67735.0,67612.0,67734.8,58273.2
1718265600000,67734.8,67768.4,67661.2,67679.9,49580.3
1718266500000,67679.9,67691.9,67583.5,67594.3,48884.5
1718267400000,67594.2,67641.4,67546.5,67610.9,32818.2
1718268300000,67610.9,67629.4,67520.0,67583.9,40625.2
1718269200000,67583.9,67585.8,67480.0,67504.2,50194.1
1718270100000,67504.2,67532.1,67307.7,67382.4,111883.7
1718271000000,67382.3,67382.3,67191.0,67192.2,101334.2
1718271900000,67192.2,67438.0,67172.4,67412.6,102612.9
1718272800000,67412.6,67488.0,67270.8,67293.3,60623.4
1718273700000,67290.7,67384.9,67228.8,67384.9,33789.7
1718274600000,67384.8,67592.0,67362.4,67569.7,86905.1
1718275500000,67569.6,67987.0,67531.3,67824.0,242849.2
1718276400000,67824.1,67900.0,67720.2,67822.6,117505.7
1718277300000,67822.7,67918.9,67778.4,67910.0,74287.3
1718278200000,67910.0,67949.6,67819.6,67853.8,47345.0
1718279100000,67853.8,67853.8,67635.4,67735.1,80339.2
1718280000000,67735.2,67860.0,67694.1,67818.2,50137.6
1718280900000,67818.2,67876.3,67732.7,67853.8,65371.9
1718281800000,67853.8,68493.0,67600.8,67732.5,852315.7
1718282700000,67732.5,67840.4,67450.8,67760.5,239129.8
1718283600000,67760.5,67845.4,67633.2,67814.4,116815.7
1718284500000,67814.3,68116.3,67789.6,68036.0,122881.6
1718285400000,68036.1,68268.0,67963.9,68108.0,229267.9
1718286300000,68108.1,68108.1,67523.2,67606.4,224691.3
1718287200000,67606.3,67694.9,67355.6,67444.6,279815.3
1718288100000,67444.1,67638.7,67150.9,67281.6,223598.5
1718289000000,67281.6,67758.6,67281.6,67536.8,289226.8
1718289900000,67536.8,67687.5,67322.5,67364.1,122726.2
1718290800000,67361.9,67548.6,67248.5,67309.0,136473.8
1718291700000,67309.1,67319.6,66920.4,66984.8,301329.9
1718292600000,66984.8,67055.0,66515.8,66610.1,456978.2
1718293500000,66610.1,66679.0,66302.2,66470.1,442925.7
1718294400000,66470.2,66809.5,66262.8,66700.3,380426.5
1718295300000,66700.3,66809.7,66552.6,66657.9,150490.0
1718296200000,66657.9,66751.8,66573.5,66703.4,102581.4
1718297100000,66703.4,67030.0,66619.7,66980.2,169627.7
1718298000000,66980.3,67083.0,66845.0,66954.9,142607.0
1718298900000,66954.9,66968.3,66713.5,66734.8,92862.9
1718299800000,66734.9,66938.6,66633.6,66880.1,126971.5
1718300700000,66880.0,66948.6,66787.3,66929.3,46993.5
1718301600000,66929.4,66975.0,66756.0,66973.9,55364.5
1718302500000,66973.9,66988.0,66840.4,66867.7,42579.8
1718303400000,66867.6,66938.6,66691.8,66832.0,42932.5
1718304300000,66832.0,66930.9,66816.4,66863.1,25053.4
1718305200000,66863.1,66885.3,66701.3,66713.1,39604.2
1718306100000,66712.4,66889.0,66675.7,66836.6,38929.2
1718307000000,66836.6,66836.7,66625.0,66716.9,58480.5
1718307900000,66716.9,66787.3,66600.7,66616.8,50294.3
1718308800000,66616.9,66815.1,66588.2,66675.6,67591.1
1718309700000,66675.6,66780.0,66670.1,66697.0,30909.0
1718310600000,66696.9,66697.0,66523.2,66546.3,38734.4
1718311500000,66546.2,66717.7,66539.9,66717.7,30934.6
1718312400000,66717.7,66810.1,66691.8,66743.7,41182.7
1718313300000,66743.8,66811.1,66700.0,66712.6,19132.6
1718314200000,66712.6,66887.5,66712.6,66867.2,27254.2
1718315100000,66864.7,66981.8,66860.0,66974.2,32330.6
1718316000000,66974.1,66974.1,66880.1,66891.8,29597.5
1718316900000,66891.8,66933.9,66837.2,66918.0,19206.5
1718317800000,66917.9,66975.2,66903.2,66957.5,13261.9
1718318700000,66957.5,66988.0,66849.1,66887.3,33939.4
1718319600000,66887.3,66887.3,66676.9,66731.6,65376.6
1718320500000,66731.6,66900.0,66728.0,66877.9,22873.2
1718321400000,66877.9,66909.1,66804.1,66832.9,22453.0
1718322300000,66832.9,66865.5,66745.2,66772.7,16777.8
1718323200000,66772.7,66898.7,66741.8,66741.8,35763.0
1718324100000,66741.8,66844.6,66644.8,66777.5,61578.3
1718325000000,66777.5,66800.3,66629.8,66684.5,38327.7
1718325900000,66683.6,66765.1,66596.0,66714.7,38630.2
1718326800000,66714.7,66753.7,66540.2,66710.3,50316.5
1718327700000,66710.3,66748.0,66569.5,66622.5,46424.5
1718328600000,66625.8,66686.5,66474.6,66635.2,69558.9
1718329500000,66635.2,66829.9,66625.0,66798.9,64152.3
1718330400000,66798.8,66866.0,66719.2,66746.7,81883.7
1718331300000,66746.8,66856.8,66746.7,66805.4,28737.6
1718332200000,66805.5,66879.9,66788.0,66836.8,24473.1
1718333100000,66836.9,67044.0,66795.0,66953.9,114766.2
1718334000000,66953.8,66990.5,66727.6,66772.7,83322.3
1718334900000,66773.9,66820.8,66723.0,66731.6,26401.1
1718335800000,66731.4,66788.1,66685.0,66775.5,36110.0
1718336700000,66775.4,66784.0,66725.4,66756.0,13693.7
1718337600000,66756.0,66823.7,66755.9,66805.7,14905.4
1718338500000,66805.7,66846.2,66740.0,66840.1,19611.0
1718339400000,66840.1,66842.9,66722.9,66733.8,24391.1
1718340300000,66735.1,66775.6,66723.0,66730.0,9545.7
1718341200000,66730.0,66818.0,66720.0,66771.0,31639.4
1718342100000,66771.1,66841.8,66771.0,66841.8,13062.8
1718343000000,66841.8,67219.5,66827.3,67117.7,233716.4
1718343900000,67117.6,67220.1,67002.3,67057.1,124283.9
1718344800000,67057.0,67095.9,66953.7,67029.5,54357.7
1718345700000,67030.0,67130.6,66910.0,66923.5,60235.6
1718346600000,66923.6,67008.8,66883.0,66979.7,55716.6
1718347500000,66979.7,67079.8,66943.8,66961.0,53097.3
1718348400000,66961.1,67049.0,66961.0,67006.1,22681.4
1718349300000,67006.1,67055.9,66934.2,66947.7,46021.3
1718350200000,66947.8,66990.9,66904.4,66955.1,25176.4
1718351100000,66955.1,67102.9,66900.0,66915.8,57454.4
1718352000000,66915.8,67209.2,66861.0,67197.8,110995.5
1718352900000,67197.8,67295.6,67104.0,67155.5,143044.0
1718353800000,67155.4,67188.0,67069.8,67160.3,42663.1
1718354700000,67160.3,67231.7,67121.1,67144.5,44633.1
1718355600000,67144.6,67150.2,66995.5,67088.7,103161.9
1718356500000,67088.6,67133.2,66999.6,67064.1,96270.3
1718357400000,67064.1,67064.1,66900.0,66932.8,69818.4
1718358300000,66932.8,66982.9,66900.2,66913.6,29437.5
1718359200000,66913.6,66974.5,66826.1,66955.9,63892.3
1718360100000,66955.9,67027.9,66866.6,66929.1,45795.6
1718361000000,66929.1,66937.0,66864.1,66884.1,25594.4
1718361900000,66884.0,66936.9,66855.1,66874.8,26120.2
1718362800000,66874.2,66932.0,66769.2,66912.2,72014.9
1718363700000,66912.2,67063.3,66908.3,67062.3,50757.7
1718364600000,67062.2,67100.0,67013.4,67013.4,45495.5
1718365500000,67013.5,67100.0,66988.0,67032.2,28832.6
1718366400000,67032.2,67162.6,66974.2,67159.4,65016.6
1718367300000,67159.4,67299.9,67142.5,67195.7,141761.5
1718368200000,67195.7,67237.1,67052.3,67065.8,40183.6
1718369100000,67065.7,67107.6,66981.0,67088.1,49561.6
1718370000000,67088.0,67146.8,66956.0,67042.7,49892.1
1718370900000,67042.6,67348.8,67042.6,67348.6,101268.7
1718371800000,67348.7,67377.4,67152.0,67187.9,119215.9
1718372700000,67187.9,67241.8,67073.2,67073.3,47411.5
1718373600000,67075.1,67122.0,66932.5,66984.0,118370.8
1718374500000,66983.9,67040.7,66600.0,66700.1,254838.0
1718375400000,66700.0,66869.3,66566.7,66860.1,223655.9
1718376300000,66860.1,67018.5,66784.4,66985.0,137872.7
1718377200000,66985.0,66998.8,66776.0,66845.0,64134.9
1718378100000,66845.0,66964.2,66750.2,66918.8,75727.7
1718379000000,66919.1,67062.0,66637.0,66637.2,120465.1
1718379900000,66637.2,66684.7,66326.5,66392.6,396662.3
1718380800000,66392.7,66533.3,65353.0,65827.7,1211486.3
1718381700000,65827.7,65963.0,65267.3,65312.0,432253.9
1718382600000,65312.0,65523.5,65173.3,65278.8,495307.5
1718383500000,65278.8,65584.2,65180.6,65282.2,314781.5
1718384400000,65282.2,65444.9,65066.0,65421.0,298712.6
1718385300000,65421.0,65554.3,65379.7,65513.5,164044.7
1718386200000,65513.5,65756.0,65442.0,65510.2,132862.9
1718387100000,65510.1,65539.4,65324.0,65403.0,85311.6
1718388000000,65403.0,65432.4,65116.8,65140.1,136731.8
1718388900000,65140.2,65315.0,65094.3,65272.9,164747.9
1718389800000,65272.9,65466.6,65243.6,65466.4,95189.7
1718390700000,65466.5,65539.5,65338.1,65520.0,64188.3
1718391600000,65519.9,65528.0,65343.6,65348.2,51245.7
1718392500000,65348.2,65693.3,65300.0,65672.0,95216.7
1718393400000,65672.0,65698.4,65440.0,65464.9,48788.5
1718394300000,65464.8,65564.9,65400.0,65522.5,65630.6
1718395200000,65522.6,65654.1,65479.7,65638.8,65194.9
1718396100000,65638.8,65916.0,65602.1,65901.8,123876.7
1718397000000,65901.8,65973.9,65721.4,65763.0,79439.6
1718397900000,65763.1,65769.0,65682.4,65769.0,33392.1
1718398800000,65769.0,65838.2,65729.7,65731.1,21711.4
1718399700000,65731.2,66122.8,65731.2,66116.7,103986.4
1718400600000,66116.7,66656.6,66013.4,66149.9,395627.5
1718401500000,66149.9,66379.8,66053.3,66194.5,69928.5
1718402400000,66194.6,66251.8,65872.3,66037.9,171909.9
1718403300000,66037.9,66059.2,65952.2,65972.8,31123.7
1718404200000,65972.9,66034.1,65926.1,66034.1,34112.1
1718405100000,66034.1,66059.0,65991.2,66017.0,25782.7
1718406000000,66017.1,66017.1,65920.0,65923.3,32341.2
1718406900000,65923.3,66066.2,65923.3,66000.3,22430.2
1718407800000,66000.4,66063.0,66000.0,66015.7,19312.9
1718408700000,66015.7,66084.5,66005.0,66042.9,17115.0
1718409600000,66042.9,66074.6,65988.0,66052.1,41640.2
1718410500000,66052.2,66175.0,66041.7,66125.3,54094.3
1718411400000,66125.4,66210.0,66080.0,66209.9,27573.7
1718412300000,66210.0,66308.9,66178.5,66186.3,117749.0
1718413200000,66186.3,66300.1,66186.3,66211.1,31852.6
1718414100000,66211.0,66211.1,66079.4,66112.4,28396.5
1718415000000,66112.3,66148.7,66075.0,66095.2,23612.8
1718415900000,66095.1,66137.7,66066.0,66081.7,22802.1
1718416800000,66081.8,66135.6,66045.0,66135.5,33503.1
1718417700000,66135.6,66196.9,66130.2,66164.1,17874.1
1718418600000,66164.1,66256.7,66164.1,66223.5,48546.9
1718419500000,66223.5,66223.5,66180.0,66212.5,13110.4
1718420400000,66212.4,66275.9,66212.4,66226.9,31586.8
1718421300000,66229.1,66247.2,66186.1,66228.7,14021.7
1718422200000,66228.7,66268.0,66210.0,66267.9,15286.1
1718423100000,66268.0,66272.1,66235.0,66272.1,13729.5
1718424000000,66272.1,66372.2,66246.0,66322.2,46514.7
1718424900000,66322.2,66376.6,66204.2,66220.3,39373.2
1718425800000,66220.2,66291.7,66199.9,66275.3,50748.5
1718426700000,66275.3,66335.1,66216.4,66239.7,60826.1
1718427600000,66239.8,66311.7,66239.6,66305.1,20124.1
1718428500000,66305.1,66394.5,66271.3,66359.6,34663.9
1718429400000,66359.6,66359.7,66247.2,66310.0,36407.5
1718430300000,66309.9,66310.0,66213.1,66229.9,33655.9
1718431200000,66230.0,66422.3,66229.9,66352.3,68083.5
1718432100000,66352.3,66400.0,66272.3,66309.6,36365.2
1718433000000,66309.6,66309.6,66226.9,66237.0,21675.9
1718433900000,66236.9,66249.1,66136.9,66173.4,100562.4
1718434800000,66173.4,66210.0,66126.1,66147.2,41213.5
1718435700000,66147.2,66213.1,66120.0,66132.7,25789.5
1718436600000,66132.6,66150.0,66088.0,66121.8,37543.3
1718437500000,66121.8,66121.9,66075.0,66081.9,24826.6
1718438400000,66082.0,66174.9,66081.9,66123.4,45017.5
1718439300000,66123.3,66192.9,66123.3,66158.3,22113.5
1718440200000,66158.3,66208.0,66158.3,66185.6,31919.9
1718441100000,66185.5,66208.0,66157.0,66207.9,12750.4
1718442000000,66208.0,66280.0,66207.9,66269.9,40453.2
1718442900000,66269.9,66283.4,66194.8,66195.6,18065.4
1718443800000,66195.5,66195.6,66104.8,66167.1,39938.3
1718444700000,66167.1,66240.1,66167.0,66230.8,19967.2
1718445600000,66230.7,66259.0,66193.1,66204.5,16759.7
1718446500000,66204.5,66229.1,66204.5,66228.4,11539.1
1718447400000,66228.4,66300.0,66228.4,66269.5,26092.3
1718448300000,66269.6,66308.0,66269.5,66293.6,18095.4
1718449200000,66293.6,66333.3,66255.0,66293.1,37760.1
1718450100000,66293.2,66339.0,66272.5,66335.9,15251.2
1718451000000,66336.0,66336.0,66304.1,66304.1,16189.0
1718451900000,66304.1,66323.5,66268.2,66323.5,19523.4
1718452800000,66323.5,66357.0,66303.9,66336.4,35633.2
1718453700000,66336.5,66361.1,66289.3,66296.8,15737.5
1718454600000,66296.9,66320.0,66215.5,66238.1,27878.9
1718455500000,66238.1,66370.5,66234.2,66358.3,51818.5
1718456400000,66358.3,66365.2,66268.1,66284.8,31267.7
1718457300000,66284.8,66335.0,66282.1,66333.0,11304.6
1718458200000,66333.0,66348.2,66270.0,66276.1,15043.4
1718459100000,66276.2,66315.7,66237.5,66315.7,18196.0
1718460000000,66315.6,66315.7,66231.9,66234.7,22064.8
1718460900000,66234.7,66277.8,66190.4,66222.3,21066.0
1718461800000,66222.3,66241.6,66181.8,66235.5,19322.5
1718462700000,66235.4,66260.8,66170.2,66232.1,28226.1
1718463600000,66232.0,66366.0,66220.7,66366.0,30660.7
1718464500000,66365.9,66494.8,66311.1,66331.8,100253.7
1718465400000,66331.9,66378.3,66236.7,66292.0,31841.0
1718466300000,66291.9,66331.0,66246.0,66327.1,23630.9
1718467200000,66327.3,66378.2,66240.7,66259.9,45047.3
1718468100000,66259.9,66292.3,66228.8,66245.3,29989.3
1718469000000,66245.3,66282.1,66234.0,66251.6,12749.3
1718469900000,66251.6,66257.0,66182.2,66190.2,27442.1
1718470800000,66190.2,66240.1,66133.4,66240.0,37400.7
1718471700000,66240.0,66288.0,66216.8,66281.4,17700.8
1718472600000,66281.3,66317.6,66236.3,66289.6,21780.4
1718473500000,66289.7,66305.0,66251.6,66255.0,8490.9
1718474400000,66255.0,66255.0,66176.3,66177.0,21012.2
1718475300000,66176.9,66205.8,66150.0,66189.5,21691.7
1718476200000,66189.5,66189.5,66146.0,66161.8,9009.4
1718477100000,66161.7,66161.8,66145.0,66147.1,9265.9
1718478000000,66147.0,66169.6,66075.0,66117.8,34442.2
1718478900000,66117.8,66186.0,66096.6,66172.5,12893.2
1718479800000,66172.4,66222.5,66172.4,66195.3,14013.1
1718480700000,66195.3,66206.2,66158.7,66163.2,5686.5
1718481600000,66163.2,66178.2,66102.5,66102.6,29834.4
1718482500000,66102.5,66107.6,65860.1,65991.6,142590.7
1718483400000,65991.6,66143.1,65991.6,66105.0,33366.3
1718484300000,66105.0,66138.3,66031.0,66043.6,13376.7
1718485200000,66043.6,66147.5,66043.6,66108.0,15391.7
1718486100000,66108.4,66153.7,66089.7,66100.3,17200.3
1718487000000,66100.1,66124.4,66073.5,66124.4,7852.9
1718487900000,66124.3,66158.5,66124.3,66124.3,10503.1
1718488800000,66124.4,66132.2,66060.0,66082.0,24169.2
1718489700000,66082.0,66103.4,66040.6,66103.3,11567.7
1718490600000,66103.4,66130.8,66056.9,66130.8,10837.7
1718491500000,66130.8,66209.8,66130.8,66209.8,21391.7
1718492400000,66209.7,66259.4,66209.7,66257.6,34483.7
1718493300000,66257.5,66257.6,66220.1,66243.9,20352.9
1718494200000,66243.9,66287.1,66239.4,66239.4,22147.4
1718495100000,66239.4,66239.4,66195.3,66216.3,10339.9
1718496000000,66216.4,66219.6,66181.6,66193.3,22822.3
1718496900000,66193.4,66261.7,66193.3,66247.9,26778.2
1718497800000,66248.0,66274.1,66210.8,66217.3,10889.0
1718498700000,66216.4,66224.9,66150.0,66159.6,21542.7
1718499600000,66159.7,66190.0,66085.0,66175.0,45439.3
1718500500000,66175.0,66214.9,66120.1,66129.9,17300.2
1718501400000,66130.0,66150.0,66113.2,66128.1,8403.2
1718502300000,66128.0,66180.7,66110.5,66180.7,9105.9
1718503200000,66180.7,66180.8,66129.0,66130.3,11821.8
1718504100000,66130.3,66177.7,66113.2,66171.0,17218.4
1718505000000,66170.9,66171.0,66152.0,66152.3,4555.1
1718505900000,66152.4,66152.4,66103.1,66131.3,11653.5
1718506800000,66131.3,66163.7,66121.2,66126.4,11076.3
1718507700000,66126.5,66133.2,66111.8,66114.7,6576.2
1718508600000,66114.6,66136.2,66060.8,66114.9,31577.8
1718509500000,66114.9,66141.6,66109.1,66136.4,9180.5
1718510400000,66136.4,66136.5,66092.0,66136.2,11167.6
1718511300000,66136.3,66136.4,66035.1,66083.5,34170.5
1718512200000,66083.4,66211.8,66073.1,66200.1,39190.0
1718513100000,66200.0,66215.0,66155.0,66161.0,17863.3
1718514000000,66161.1,66218.9,66160.0,66176.6,25447.6
1718514900000,66176.6,66229.3,66176.5,66217.0,13978.4
1718515800000,66217.1,66245.0,66183.8,66192.6,23901.5
1718516700000,66192.5,66266.0,66188.6,66266.0,23473.8
1718517600000,66265.9,66285.0,66214.2,66221.3,32414.5
1718518500000,66221.3,66250.0,66212.6,66212.6,8087.0
1718519400000,66212.6,66222.5,66169.9,66200.0,15350.0
1718520300000,66200.0,66359.9,66200.0,66311.0,67357.6
1718521200000,66311.0,66354.5,66290.0,66310.0,28262.5
1718522100000,66310.0,66310.0,66268.9,66291.0,21430.4
1718523000000,66291.1,66298.2,66273.4,66273.5,12915.0
1718523900000,66273.4,66279.7,66260.0,66273.9,16339.7
1718524800000,66273.9,66302.0,66254.0,66285.5,20832.7
1718525700000,66285.5,66345.1,66275.7,66320.3,27880.6
1718526600000,66320.3,66320.3,66269.6,66275.4,16960.4
1718527500000,66275.3,66275.4,66231.0,66268.2,20162.1
1718528400000,66268.3,66355.0,66215.7,66215.7,32250.9
1718529300000,66215.7,66421.6,66190.0,66381.2,54807.9
1718530200000,66381.1,66397.8,66313.3,66332.9,25443.0
1718531100000,66333.0,66410.0,66332.9,66404.6,18256.2
1718532000000,66404.6,66451.0,66360.0,66369.5,45580.2
1718532900000,66369.5,66419.4,66368.3,66415.2,15279.3
1718533800000,66415.2,66633.7,66402.7,66598.5,176617.3
1718534700000,66598.5,66769.8,66514.0,66704.3,153516.3
1718535600000,66704.3,66727.5,66581.7,66661.9,49161.5
1718536500000,66662.0,66662.0,66541.3,66541.3,41137.0
1718537400000,66541.4,66636.9,66529.2,66529.2,39673.9
1718538300000,66529.3,66546.4,66430.9,66484.3,50303.5
1718539200000,66484.4,66536.4,66467.7,66493.2,25755.2
1718540100000,66493.3,66629.4,66493.3,66597.7,62377.6
1718541000000,66597.8,66640.0,66503.2,66537.1,25194.3
1718541900000,66537.1,66599.4,66503.9,66593.5,21783.7
1718542800000,66593.5,66668.0,66558.6,66611.1,46165.5
1718543700000,66611.0,66700.0,66607.1,66676.0,45315.6
1718544600000,66677.0,66677.1,66556.3,66640.1,43405.4
1718545500000,66640.0,66753.2,66640.0,66753.1,80515.6
1718546400000,66753.1,66783.8,66659.7,66757.6,74645.5
1718547300000,66757.6,66779.5,66531.7,66563.1,74360.6
1718548200000,66563.1,66619.3,66524.1,66613.2,35918.1
1718549100000,66613.1,66633.6,66501.7,66515.9,30204.5
1718550000000,66515.9,66608.0,66507.8,66608.0,27669.5
1718550900000,66608.0,66686.4,66572.1,66598.1,21716.9
1718551800000,66598.1,66692.6,66574.9,66686.8,28854.1
1718552700000,66686.7,66728.0,66633.7,66704.2,37090.5
1718553600000,66704.1,66746.7,66600.7,66663.9,49293.6
1718554500000,66664.0,66673.7,66588.0,66623.8,34069.0
1718555400000,66623.8,66643.5,66554.0,66568.2,29415.4
1718556300000,66568.2,66608.2,66554.0,66586.2,16982.0
1718557200000,66586.2,66612.7,66520.0,66608.4,36728.1
1718558100000,66608.4,66671.2,66597.8,66597.8,17028.3
1718559000000,66597.5,66605.8,66523.1,66551.3,20432.1
1718559900000,66551.2,66582.5,66523.1,66582.5,17183.2
1718560800000,66582.4,66620.8,66561.9,66597.4,13059.6
1718561700000,66597.4,66660.7,66586.3,66660.7,7747.0
1718562600000,66660.7,66665.9,66617.7,66622.3,10128.7
1718563500000,66622.4,66630.3,66582.6,66599.3,15322.7
1718564400000,66599.4,66640.0,66585.7,66622.4,6062.8
1718565300000,66622.3,66653.7,66596.6,66596.6,6455.3
1718566200000,66596.7,66604.4,66520.1,66553.4,16297.4
1718567100000,66553.4,66572.9,66537.5,66566.1,9080.1
1718568000000,66566.2,66581.2,66457.6,66533.1,31747.4
1718568900000,66533.2,66613.6,66506.8,66607.6,15053.5
1718569800000,66607.6,66607.6,66548.0,66573.1,5105.8
1718570700000,66573.1,66573.1,66480.7,66520.4,9422.6
1718571600000,66520.3,66543.9,66485.8,66537.3,20678.0
1718572500000,66537.3,66537.3,66517.4,66532.2,8378.4
1718573400000,66532.1,66553.0,66463.6,66477.8,19547.5
1718574300000,66477.9,66546.7,66477.8,66535.0,9152.2
1718575200000,66535.0,66988.0,66535.0,66718.1,328569.1
1718576100000,66718.1,66737.1,66592.0,66737.1,57763.1
1718577000000,66737.1,66788.0,66651.9,66660.1,45512.8
1718577900000,66660.0,66795.3,66656.1,66749.3,20906.1
1718578800000,66749.4,66830.1,66693.0,66693.0,35707.7
1718579700000,66693.0,66735.9,66619.8,66625.6,20270.3
1718580600000,66625.7,66677.6,66625.7,66677.6,18063.7
1718581500000,66677.6,66698.2,66654.0,66682.1,35165.5
1718582400000,66682.0,66695.5,66600.6,66671.2,88142.6
1718583300000,66671.2,66761.4,66606.6,66761.4,21583.4
1718584200000,66761.3,66927.8,66761.3,66822.2,67478.3
1718585100000,66822.2,66822.2,66540.4,66586.2,80408.5
1718586000000,66586.2,66620.0,66530.3,66612.2,33003.4
1718586900000,66612.3,66620.0,66270.0,66413.8,195913.5
1718587800000,66413.8,66474.0,66320.2,66338.2,93828.9
1718588700000,66338.2,66514.3,66338.2,66464.0,52018.9
1718589600000,66463.0,66473.8,66327.5,66408.6,52735.2
1718590500000,66408.5,66455.1,66200.2,66275.9,110927.0
1718591400000,66275.9,66386.0,66231.6,66354.5,57086.2
1718592300000,66354.5,66398.0,66325.1,66346.9,21208.8
1718593200000,66346.8,66440.3,66330.0,66404.7,34957.4
1718594100000,66404.6,66432.4,66310.0,66342.4,50730.1
1718595000000,66342.5,66353.9,66246.0,66329.5,65440.3
1718595900000,66329.4,66374.4,66125.8,66230.2,85365.3
1718596800000,66230.1,66307.8,66167.8,66250.1,74496.6
1718597700000,66250.2,66395.0,66221.8,66348.7,67021.1
1718598600000,66348.6,66391.3,66321.5,66356.1,37799.0
1718599500000,66356.0,66449.3,66337.7,66449.3,25091.3
1718600400000,66449.2,66500.0,66378.2,66498.4,64005.7
1718601300000,66498.3,66559.6,66457.8,66525.6,53717.2
1718602200000,66525.6,66546.9,66440.1,66448.0,29617.3
1718603100000,66448.0,66448.4,66300.0,66359.0,69927.9
1718604000000,66359.0,66400.0,66255.0,66263.3,68396.8
1718604900000,66263.2,66335.4,66169.9,66310.5,124609.8
1718605800000,66310.4,66324.1,66208.2,66212.7,52148.1
1718606700000,66212.7,66241.3,66100.0,66147.9,117255.7
1718607600000,66147.9,66196.8,65944.1,65999.0,152239.0
1718608500000,65999.0,66310.0,65956.9,66290.8,111518.6
1718609400000,66290.8,66383.6,66178.2,66211.8,106146.5
1718610300000,66211.9,66293.5,66159.8,66185.9,39486.9
1718611200000,66185.9,66326.3,66128.0,66322.8,49143.7
1718612100000,66322.8,66325.1,66172.5,66174.4,30112.1
1718613000000,66174.5,66210.2,65992.4,66189.5,112747.5
1718613900000,66189.5,66280.0,66133.6,66197.8,53913.1
1718614800000,66197.9,66245.8,66116.1,66116.2,30055.3
1718615700000,66116.1,66217.0,66106.2,66217.0,29570.1
1718616600000,66216.9,66250.0,66029.2,66029.2,53995.7
1718617500000,66029.3,66063.0,65653.7,65731.0,379387.0
1718618400000,65731.0,65874.6,65602.6,65801.0,225036.8
1718619300000,65801.0,65828.2,65570.9,65602.2,145471.1
1718620200000,65602.2,65860.9,65602.1,65855.7,84617.4
1718621100000,65855.7,65957.9,65823.8,65888.4,101136.9
1718622000000,65888.4,66059.8,65865.9,65967.9,83847.3
1718622900000,65967.8,65976.1,65883.4,65965.6,38326.0
1718623800000,65965.6,65965.6,65801.2,65875.5,48572.1
1718624700000,65875.5,65900.0,65803.0,65822.1,36576.2
1718625600000,65822.1,65845.5,65705.2,65710.9,57273.2
1718626500000,65711.0,65806.0,65632.0,65705.8,76090.3
1718627400000,65705.7,65737.0,65588.3,65660.4,96927.6
1718628300000,65660.3,65671.8,65503.2,65638.6,132977.4
1718629200000,65638.6,65746.8,65452.4,65724.1,152889.7
1718630100000,65724.2,65825.5,65656.5,65722.5,140299.7
1718631000000,65722.4,65736.0,65300.1,65417.1,321433.0
1718631900000,65417.0,65474.8,65180.0,65207.1,349380.2
1718632800000,65207.1,65453.9,65126.1,65363.3,210892.0
1718633700000,65363.3,65568.0,65363.2,65549.8,102915.1
1718634600000,65549.8,65742.9,65487.6,65723.8,166330.2
1718635500000,65723.8,65794.3,65380.0,65470.0,191300.4
1718636400000,65470.0,65741.6,65435.1,65544.0,125132.4
1718637300000,65544.1,65563.4,65273.6,65408.4,130368.9
1718638200000,65409.2,65583.5,65335.7,65582.1,81063.2
1718639100000,65580.1,65668.6,65260.0,65365.3,147288.0
1718640000000,65365.2,65557.8,65313.1,65505.4,93709.0
1718640900000,65505.5,65868.8,65140.5,65822.3,424096.5
1718641800000,65820.7,65990.0,65712.6,65948.8,233703.6
1718642700000,65948.7,66059.0,65783.9,65896.1,128457.3
1718643600000,65896.1,66152.9,65896.0,66049.0,146004.9
1718644500000,66049.0,66149.2,65952.0,65961.9,89346.8
1718645400000,65962.0,66552.5,65962.0,66458.0,306352.2
1718646300000,66458.1,66617.8,66273.6,66601.9,140540.9
1718647200000,66602.0,66987.6,66543.3,66871.6,560597.0
1718648100000,66871.6,67077.5,66871.6,66999.9,243903.8
1718649000000,67000.0,67320.0,66811.0,66811.0,355932.1
1718649900000,66811.0,67110.9,66763.9,67087.0,185563.0
1718650800000,67087.1,67099.8,66751.5,66836.4,124970.5
1718651700000,66836.3,66933.3,66708.0,66910.2,127165.5
1718652600000,66910.1,66916.4,66777.2,66796.0,86452.5
1718653500000,66796.0,66815.6,66560.0,66683.9,111357.6
1718654400000,66684.0,66765.1,66171.3,66234.8,312104.8
1718655300000,66234.8,66566.4,66226.2,66560.2,107413.6
1718656200000,66560.2,66642.9,66394.0,66615.5,53677.7
1718657100000,66615.4,66648.1,66335.0,66400.6,59370.7
1718658000000,66401.0,66582.3,66310.1,66495.0,61748.1
1718658900000,66495.0,66640.0,66454.1,66581.7,51966.1
1718659800000,66581.7,66734.0,66562.6,66564.6,58999.2
1718660700000,66564.5,66670.0,66510.0,66575.3,28892.2
1718661600000,66575.3,66688.0,66501.0,66667.6,47713.7
1718662500000,66667.7,66708.2,66514.7,66541.1,50291.6
1718663400000,66541.1,66621.5,66498.0,66606.3,45694.6
1718664300000,66606.4,66710.0,66574.5,66658.4,53503.6
1718665200000,66658.3,66719.0,66528.1,66564.9,66486.2
1718666100000,66564.9,66625.0,66477.1,66483.0,51041.1
1718667000000,66483.0,66500.0,66433.1,66446.9,47123.3
1718667900000,66446.9,66549.4,66374.4,66484.1,91378.8
1718668800000,66484.1,66591.4,66350.1,66394.0,76517.2
1718669700000,66394.0,66439.9,66250.1,66333.1,87192.0
1718670600000,66333.1,66496.8,66017.6,66034.6,146699.9
1718671500000,66034.6,66049.8,65471.5,65744.6,474051.2
1718672400000,65744.7,65958.0,65705.0,65720.0,142307.1
1718673300000,65720.1,65810.0,65266.0,65442.0,339983.4
1718674200000,65441.9,65557.6,64600.0,64633.0,904113.2
1718675100000,64633.1,65200.0,64556.7,65140.1,570600.2
1718676000000,65140.0,65197.3,64523.1,64858.0,433799.0
1718676900000,64858.0,65396.0,64790.0,65289.1,283718.2
1718677800000,65289.1,65535.0,65252.1,65299.5,162531.3
1718678700000,65299.5,65650.0,65261.3,65467.3,137636.3
1718679600000,65467.2,65536.2,65264.0,65366.6,127470.5
1718680500000,65366.6,65462.9,65314.4,65462.8,86390.6
1718681400000,65462.9,65585.7,65378.3,65530.0,87798.8
1718682300000,65530.0,65574.7,65455.0,65493.9,109302.6
1718683200000,65493.9,65585.7,65343.4,65585.6,66848.7
1718684100000,65585.6,65753.6,65534.7,65698.2,131443.1
1718685000000,65698.2,65722.4,65572.7,65697.9,67171.9
1718685900000,65698.0,65740.6,65550.0,65571.5,109916.7
1718686800000,65571.6,65788.5,65555.0,65724.9,132476.4
1718687700000,65725.0,65825.4,65652.3,65792.1,109693.0
1718688600000,65792.2,65842.0,65677.9,65709.3,76066.8
1718689500000,65709.3,65740.0,65550.0,65596.0,169658.1
1718690400000,65596.0,65705.0,65587.4,65688.5,60894.1
1718691300000,65686.5,65730.0,65515.0,65555.9,121899.6
1718692200000,65556.0,65640.0,65481.9,65561.4,99287.5
1718693100000,65561.4,65579.4,65400.7,65511.1,192646.4
1718694000000,65511.1,65617.5,65511.1,65574.2,36799.1
1718694900000,65574.3,65762.5,65490.1,65667.9,111383.5
1718695800000,65668.0,65776.0,65590.0,65776.0,53439.0
1718696700000,65776.0,65802.0,65640.0,65681.9,52876.3
1718697600000,65681.8,65760.9,65630.0,65690.5,38578.7
1718698500000,65690.5,65691.7,65613.0,65613.1,20231.9
1718699400000,65613.1,65737.1,65595.3,65737.1,21887.0
1718700300000,65737.1,65761.0,65690.0,65738.0,33654.7
1718701200000,65737.9,65738.0,65675.5,65721.9,27395.2
1718702100000,65721.9,65727.7,65554.4,65619.2,61658.1
1718703000000,65619.2,65667.9,65572.1,65607.6,24754.2
1718703900000,65606.0,65646.6,65456.7,65483.9,78638.3
1718704800000,65483.9,65505.2,65362.9,65380.8,105854.0
1718705700000,65380.8,65545.3,65355.0,65536.0,49156.1
1718706600000,65536.0,65611.4,65457.7,65508.7,43522.3
1718707500000,65507.2,65517.5,65405.2,65440.9,39552.6
1718708400000,65438.6,65498.6,65259.9,65325.9,75388.1
1718709300000,65325.7,65369.7,65195.0,65201.5,147750.0
1718710200000,65201.5,65339.5,65116.0,65244.5,211089.8
1718711100000,65244.4,65471.0,65216.2,65371.4,104040.4
1718712000000,65371.4,65442.0,65166.3,65166.3,87233.7
1718712900000,65166.1,65272.7,65013.9,65033.6,157147.1
1718713800000,65036.0,65360.0,65011.3,65089.4,314622.4
1718714700000,65092.1,65281.2,65055.4,65232.0,128934.9
1718715600000,65232.0,65267.1,64857.6,65006.5,318092.8
1718716500000,65006.4,65177.7,64840.0,64910.3,229935.6
1718717400000,64910.2,65053.8,64650.0,64922.1,471112.7
1718718300000,64922.1,64983.7,64672.4,64844.3,348212.2
1718719200000,64844.3,64879.4,64158.0,64869.8,793607.9
1718720100000,64869.8,65198.9,64854.0,65076.1,400471.1
1718721000000,65076.1,65400.0,65005.6,65183.9,334294.3
1718721900000,65183.9,65273.0,64560.0,64634.0,334273.9
1718722800000,64634.0,64739.5,64200.0,64407.9,546099.9
1718723700000,64407.9,64772.7,64352.2,64454.9,269859.7
1718724600000,64454.9,64814.0,64450.9,64800.0,129194.0
1718725500000,64800.0,64923.1,64476.5,64698.7,158540.6
1718726400000,64699.8,64858.4,64442.0,64458.1,168439.6
1718727300000,64458.1,64628.4,64331.1,64627.9,156438.3
1718728200000,64627.9,64638.0,64525.8,64536.1,51341.6
1718729100000,64532.1,64712.6,64328.0,64696.2,112578.1
1718730000000,64696.1,64900.0,64568.3,64786.5,132931.3
1718730900000,64786.5,64831.9,64456.0,64484.1,97980.9
1718731800000,64484.1,64800.0,64400.0,64794.9,135322.4
1718732700000,64794.9,64794.9,64580.1,64605.7,41809.9
1718733600000,64606.9,64791.0,64308.0,64707.7,145202.8
1718734500000,64707.7,64815.3,64689.5,64738.1,54170.5
1718735400000,64738.0,64866.0,64608.6,64806.1,60842.2
1718736300000,64806.2,64815.3,64615.3,64672.1,65796.6
1718737200000,64672.0,64733.4,64415.5,64449.5,126084.4
1718738100000,64449.5,64665.0,64395.0,64579.3,73034.9
1718739000000,64579.8,64616.2,64369.0,64396.0,69664.5
1718739900000,64395.9,64556.1,64022.0,64420.2,413911.8
1718740800000,64420.2,64699.3,64180.0,64444.0,185737.9
1718741700000,64445.3,64599.2,64410.0,64490.4,35437.4
1718742600000,64490.4,64657.9,64338.1,64604.2,55952.3
1718743500000,64604.1,65058.0,64604.1,64927.4,206042.4
1718744400000,64926.2,65031.7,64787.5,65027.8,60661.2
1718745300000,65030.0,65213.4,64937.4,64995.5,166850.5
1718746200000,64995.5,65149.8,64913.6,65088.9,55178.9
1718747100000,65089.0,65310.3,65088.9,65216.3,115057.7
1718748000000,65216.4,65263.7,65057.1,65132.1,63077.4
1718748900000,65132.0,65248.5,65120.1,65149.0,47388.4
1718749800000,65149.0,65306.2,65110.0,65272.4,32905.0
1718750700000,65272.3,65297.9,65202.1,65280.0,54918.1
1718751600000,65280.1,65284.8,65121.0,65153.9,85961.4
1718752500000,65153.9,65251.7,65147.7,65163.0,31390.0
1718753400000,65162.9,65185.5,65071.8,65106.0,63458.4
1718754300000,65106.1,65230.3,65066.1,65178.1,87369.5
1718755200000,65178.1,65208.0,65006.9,65051.1,137536.5
1718756100000,65051.2,65075.1,64860.8,64904.5,166348.1
1718757000000,64904.4,65024.4,64893.5,65001.0,47402.0
1718757900000,65001.0,65239.7,64982.4,65132.6,146102.8
1718758800000,65132.6,65461.8,65132.0,65343.5,235222.3
1718759700000,65343.5,65521.7,65160.0,65170.1,249036.9
1718760600000,65170.1,65208.7,64928.4,64976.1,186139.6
1718761500000,64976.0,65057.0,64800.1,65037.8,169783.9
1718762400000,65037.9,65271.5,65011.0,65178.5,76057.0
1718763300000,65178.6,65466.7,65178.6,65451.5,86949.1
1718764200000,65451.5,65493.5,65236.5,65251.2,82764.8
1718765100000,65251.2,65397.9,65177.6,65331.5,71149.6
1718766000000,65331.4,65454.1,65295.8,65330.0,67308.6
1718766900000,65329.9,65579.7,65274.1,65469.4,100903.4
1718767800000,65469.4,65606.0,65400.0,65506.8,100106.1
1718768700000,65506.8,65525.3,65392.0,65408.5,49694.9
1718769600000,65408.6,65675.8,65350.0,65600.9,151027.4
1718770500000,65601.0,65729.2,65528.8,65587.1,118868.8
1718771400000,65587.1,65620.1,65469.8,65496.0,73384.3
1718772300000,65496.0,65548.9,65425.0,65448.5,50417.2
1718773200000,65448.4,65536.2,65412.0,65444.9,31790.1
1718774100000,65445.0,65483.3,65330.0,65475.8,69318.8
1718775000000,65475.8,65567.5,65461.2,65461.2,27305.3
1718775900000,65461.2,65535.0,65389.2,65420.1,28368.9
1718776800000,65420.1,65541.0,65392.2,65500.0,34994.5
1718777700000,65500.1,65543.9,65459.0,65473.8,63716.8
1718778600000,65473.8,65597.7,65450.1,65519.0,88410.1
1718779500000,65519.1,65597.6,65500.0,65597.5,30840.2
1718780400000,65597.5,65657.3,65495.0,65532.4,53358.8
1718781300000,65532.5,65532.5,65237.4,65250.4,115726.7
1718782200000,65250.4,65373.9,65156.0,65297.3,102199.8
1718783100000,65297.3,65369.1,65297.3,65334.8,23312.2
1718784000000,65334.8,65361.9,65205.7,65213.7,88349.9
1718784900000,65213.7,65278.2,65179.9,65190.4,57442.1
1718785800000,65190.4,65267.3,65101.6,65166.8,129467.7
1718786700000,65166.8,65223.6,65124.4,65198.0,49968.1
1718787600000,65198.0,65299.4,65184.8,65235.2,43320.9
1718788500000,65235.2,65264.6,65082.4,65177.8,71529.7
1718789400000,65177.9,65200.0,65106.7,65121.5,31605.9
1718790300000,65121.5,65317.8,65121.5,65308.0,48212.8
1718791200000,65307.9,65356.6,65199.1,65199.1,71794.2
1718792100000,65199.1,65232.7,65140.2,65168.3,36396.8
1718793000000,65168.3,65309.0,65168.2,65300.1,30406.7
1718793900000,65300.1,65534.8,65255.0,65534.7,120146.9
1718794800000,65534.8,65550.0,65361.5,65411.5,73024.7
1718795700000,65411.4,65473.0,65359.9,65471.7,35361.7
1718796600000,65471.8,65498.4,65017.5,65189.9,248623.4
1718797500000,65190.0,65239.6,65070.7,65217.5,78868.0
1718798400000,65217.6,65315.9,65116.0,65121.8,78161.8
1718799300000,65121.8,65192.5,65031.7,65132.1,65281.9
1718800200000,65132.1,65197.1,65040.0,65095.2,83911.3
1718801100000,65094.0,65224.0,65052.7,65193.1,45157.7
1718802000000,65193.0,65248.0,65123.4,65146.7,82447.4
1718802900000,65146.8,65189.0,65123.2,65177.3,22339.1
1718803800000,65177.3,65177.3,65056.7,65167.3,31630.9
1718804700000,65167.4,65197.9,65051.0,65081.5,44002.9
1718805600000,65081.6,65150.2,64965.9,64998.8,124923.3
1718806500000,64998.8,65027.5,64855.0,64902.7,145785.1
1718807400000,64902.8,64974.2,64826.9,64966.4,74725.7
1718808300000,64966.4,65055.0,64892.5,64948.0,88709.6
1718809200000,64948.1,65127.3,64904.1,65094.0,54738.1
1718810100000,65094.1,65102.8,64950.0,64950.1,32622.0
1718811000000,64950.0,64974.1,64846.0,64887.9,63378.1
1718811900000,64887.9,64946.2,64763.1,64934.9,141483.2
1718812800000,64934.8,64999.0,64814.7,64910.9,65679.6
1718813700000,64910.9,65095.0,64854.5,65067.4,49095.9
1718814600000,65067.4,65100.0,65005.7,65051.8,41042.3
1718815500000,65051.8,65090.0,64897.0,64932.7,48624.0
1718816400000,64932.6,65146.9,64900.0,65116.2,76115.3
1718817300000,65116.2,65286.9,65030.9,65176.0,145359.4
1718818200000,65176.0,65176.0,65045.1,65074.6,40947.9
1718819100000,65074.6,65130.0,65044.4,65095.0,32012.4
1718820000000,65095.0,65162.8,65053.0,65100.1,16043.9
1718820900000,65100.0,65170.2,65065.7,65080.0,38091.8
1718821800000,65080.0,65109.6,65025.3,65065.9,19668.9
1718822700000,65066.0,65074.4,64952.6,64973.5,55316.1
1718823600000,64973.5,64996.9,64920.0,64925.0,33013.5
1718824500000,64925.1,64940.0,64835.0,64844.1,47763.3
1718825400000,64844.1,64945.2,64804.8,64851.5,44526.0
1718826300000,64851.6,64920.0,64802.7,64888.6,26162.9
1718827200000,64888.7,64925.5,64820.1,64820.1,20342.9
1718828100000,64820.1,64870.0,64616.2,64860.9,136565.6
1718829000000,64860.9,64935.0,64749.5,64778.6,47906.1
1718829900000,64778.5,64894.4,64727.6,64887.5,46284.2
1718830800000,64887.5,65024.9,64841.1,64995.4,55481.4
1718831700000,64995.3,65071.6,64944.0,65055.6,41304.9
1718832600000,65055.6,65098.2,65018.2,65071.2,17261.9
1718833500000,65071.2,65081.5,65011.3,65016.0,19977.4
1718834400000,65015.9,65061.5,64950.0,64954.5,32891.0
1718835300000,64954.4,65022.7,64937.4,64979.9,32748.2
1718836200000,64979.9,64989.9,64929.4,64964.8,22796.4
1718837100000,64964.8,64964.9,64825.5,64829.6,27966.3
1718838000000,64829.7,64931.1,64793.5,64931.1,35708.1
1718838900000,64931.1,64942.8,64864.1,64908.9,17117.1
1718839800000,64913.9,64916.9,64806.9,64880.0,29811.8
1718840700000,64880.0,65005.0,64852.4,64970.1,36774.0
1718841600000,64970.0,65018.6,64840.9,65014.9,58823.6
1718842500000,65015.0,65016.5,64880.0,64910.5,28709.7
1718843400000,64910.5,65079.9,64876.2,65037.7,60801.1
1718844300000,65037.8,65116.5,64908.9,65105.0,68586.7
1718845200000,65108.1,65173.4,65040.0,65168.8,74327.5
1718846100000,65168.7,65330.0,65101.8,65282.9,107557.8
1718847000000,65283.0,65423.3,65172.0,65262.6,140010.5
1718847900000,65262.5,65278.0,65061.0,65169.7,102184.2
1718848800000,65169.8,65170.0,64976.0,65063.8,57057.8
1718849700000,65063.7,65220.0,64996.1,65161.1,108314.7
1718850600000,65161.1,65242.8,65088.0,65147.8,63857.7
1718851500000,65147.7,65210.0,65099.0,65210.0,25451.6
1718852400000,65209.9,65235.0,65105.5,65123.0,18733.8
1718853300000,65122.9,65167.8,65101.0,65164.5,11155.7
1718854200000,65164.4,65231.6,65153.3,65199.1,15127.4
1718855100000,65199.0,65255.0,65148.0,65200.1,46284.8
1718856000000,65200.2,65206.9,65089.4,65096.7,29800.1
1718856900000,65096.7,65204.9,65095.8,65160.2,31839.4
1718857800000,65160.4,65260.0,65144.4,65158.9,40047.6
1718858700000,65159.0,65342.9,65138.7,65305.6,92718.7
1718859600000,65305.6,65391.3,65239.4,65314.8,105388.9
1718860500000,65314.7,65386.7,65272.3,65364.7,68781.8
1718861400000,65364.7,65468.8,65364.6,65403.9,68483.1
1718862300000,65404.0,65623.2,65404.0,65517.9,158335.1
1718863200000,65517.9,65644.0,65469.0,65594.2,108245.5
1718864100000,65594.1,65600.0,65480.7,65543.9,69903.1
1718865000000,65543.9,65632.8,65506.7,65506.7,78477.2
1718865900000,65506.0,65529.9,65387.0,65475.0,62093.4
1718866800000,65475.0,65582.0,65474.9,65581.8,52356.2
1718867700000,65581.9,65988.0,65581.7,65854.1,346259.9
1718868600000,65854.0,65973.5,65782.4,65845.5,210887.1
1718869500000,65845.4,65897.7,65808.2,65857.8,55119.7
1718870400000,65857.9,65913.3,65756.4,65782.3,66767.7
1718871300000,65782.3,65824.0,65718.0,65756.5,65690.4
1718872200000,65756.4,65784.5,65591.1,65699.0,115152.8
1718873100000,65699.1,65733.0,65616.9,65684.9,55100.0
1718874000000,65684.9,65727.5,65631.9,65635.2,55620.5
1718874900000,65635.1,65675.0,65571.8,65620.0,89157.1
1718875800000,65620.0,65747.2,65606.1,65655.3,42331.7
1718876700000,65655.3,65744.0,65629.9,65716.0,39054.0
1718877600000,65716.0,65730.0,65642.0,65719.1,23224.0
1718878500000,65719.1,65761.8,65667.0,65721.4,26076.6
1718879400000,65722.6,65821.9,65722.6,65778.1,39783.4
1718880300000,65778.1,66342.8,65770.7,66207.6,405688.4
1718881200000,66207.6,66444.0,66100.0,66406.1,270974.0
1718882100000,66406.2,66465.6,66288.0,66420.0,137765.0
1718883000000,66419.9,66485.0,66168.3,66214.1,201355.2
1718883900000,66214.1,66245.6,66129.9,66171.9,106832.7
1718884800000,66171.9,66300.0,66068.4,66107.5,128834.1
1718885700000,66107.5,66142.2,65866.0,66055.6,237647.8
1718886600000,66055.9,66186.8,65888.4,66023.6,155804.7
1718887500000,66023.6,66132.0,65940.0,65989.0,74038.8
1718888400000,65988.9,66007.3,65773.5,65781.7,171424.6
1718889300000,65781.7,65805.0,65223.6,65381.9,570697.3
1718890200000,65382.0,65496.6,65170.0,65421.4,320774.4
1718891100000,65421.5,65506.0,65150.2,65160.0,193783.3
1718892000000,65160.0,65212.0,64789.2,64842.2,423995.6
1718892900000,64842.1,65080.0,64660.0,65080.0,413694.5
1718893800000,65080.0,65176.9,64872.9,64894.8,188424.0
1718894700000,64894.8,65042.8,64803.8,64971.3,106660.3
1718895600000,64971.3,65010.3,64800.0,65010.3,146367.1
1718896500000,65010.2,65010.3,64825.0,64834.1,71378.8
1718897400000,64834.2,65133.9,64827.0,65081.5,94381.0
1718898300000,65081.5,65149.9,64828.5,64828.6,142220.2
1718899200000,64828.7,64880.2,64615.6,64766.0,280433.3
1718900100000,64765.4,64820.0,64550.8,64689.4,189672.7
1718901000000,64689.4,64926.3,64572.0,64863.3,176828.9
1718901900000,64862.9,64968.8,64820.0,64895.7,73948.1
1718902800000,64896.0,64930.2,64718.0,64900.0,75958.2
1718903700000,64899.9,64931.0,64727.0,64778.1,42230.0
1718904600000,64778.1,64837.4,64707.1,64743.0,90330.3
1718905500000,64743.0,65033.8,64686.9,64981.9,126416.4
1718906400000,64981.9,65120.0,64933.4,64998.2,87336.6
1718907300000,64998.1,65233.0,64982.2,65185.0,119255.0
1718908200000,65185.0,65194.1,65006.0,65073.7,65143.8
1718909100000,65073.7,65164.8,65045.3,65120.7,34047.0
1718910000000,65120.7,65125.5,65010.0,65059.8,37919.6
1718910900000,65059.8,65108.8,64841.6,65091.2,61698.5
1718911800000,65090.0,65090.0,64952.3,65035.3,49892.3
1718912700000,65035.3,65077.5,64927.9,65067.3,83031.9
1718913600000,65067.5,65192.1,65048.8,65090.2,65052.9
1718914500000,65090.2,65153.8,65029.0,65040.9,22848.0
1718915400000,65040.9,65075.4,65000.3,65062.2,32161.9
1718916300000,65061.6,65130.9,65058.3,65115.1,25517.8
1718917200000,65115.1,65127.1,65086.5,65111.6,23059.4
1718918100000,65111.6,65196.4,65105.6,65190.0,22344.1
1718919000000,65190.0,65200.0,65035.0,65082.1,26751.0
1718919900000,65082.1,65082.2,65041.2,65050.1,12580.9
1718920800000,65050.0,65168.0,65047.6,65148.2,33374.8
1718921700000,65148.2,65148.2,65042.2,65051.5,18705.4
1718922600000,65051.5,65054.8,64990.2,65012.0,20595.1
1718923500000,65012.0,65043.0,64973.0,65004.0,17858.8
1718924400000,65004.0,65071.9,64997.7,65003.8,25997.9
1718925300000,65003.8,65028.2,64961.8,64973.6,37816.6
1718926200000,64973.5,64979.1,64937.6,64949.8,25633.5
1718927100000,64949.8,64964.1,64868.7,64887.9,28738.4
1718928000000,64888.0,64949.5,64720.0,64741.6,70945.0
1718928900000,64741.6,64890.0,64637.8,64840.2,132237.2
1718929800000,64840.1,64951.9,64775.1,64898.5,79591.1
1718930700000,64898.6,64898.6,64754.5,64840.1,63485.4
1718931600000,64840.1,64958.0,64656.3,64693.5,98863.9
1718932500000,64693.5,64933.6,64673.4,64933.6,46722.9
1718933400000,64933.6,65030.0,64908.5,64921.4,72078.1
1718934300000,64921.4,64996.2,64903.6,64987.9,34027.8
1718935200000,64987.9,65083.0,64900.0,64949.8,100225.7
1718936100000,64949.9,64961.2,64899.8,64915.8,24657.2
1718937000000,64915.8,64935.5,64732.7,64827.3,70762.0
1718937900000,64827.3,64844.4,64741.2,64800.6,56100.1
1718938800000,64800.7,64824.0,64739.4,64817.3,80285.6
1718939700000,64817.3,64842.0,64771.2,64784.0,34340.9
1718940600000,64784.0,64813.6,64650.0,64754.4,94403.1
1718941500000,64754.3,64785.8,64342.0,64502.6,264130.9
1718942400000,64502.6,64590.5,64305.0,64549.8,235697.8
1718943300000,64549.9,64652.4,64518.0,64599.7,110541.0
1718944200000,64599.6,64648.2,64574.1,64644.0,54924.5
1718945100000,64643.9,64679.5,64590.2,64674.5,50232.6
1718946000000,64674.5,64683.5,64520.4,64550.0,70481.6
1718946900000,64549.9,64600.0,64507.5,64600.0,53144.7
1718947800000,64599.9,64656.9,64573.8,64579.1,34928.4
1718948700000,64579.0,64688.9,64574.7,64668.0,36898.3
1718949600000,64667.9,64741.4,64621.7,64736.9,41108.0
1718950500000,64736.9,64748.9,64594.7,64641.9,39872.6
1718951400000,64642.0,64700.0,64616.0,64628.0,19779.4
1718952300000,64628.0,64665.9,64555.4,64626.6,36429.5
1718953200000,64626.7,64705.3,64603.4,64682.7,33301.0
1718954100000,64682.7,64736.2,64663.3,64736.0,43192.8
1718955000000,64735.9,64735.9,64550.0,64550.1,38710.4
1718955900000,64550.0,64557.9,64188.0,64208.6,324429.0
1718956800000,64208.7,64369.8,64180.0,64293.9,171031.9
1718957700000,64293.8,64374.3,64242.0,64251.8,68414.8
1718958600000,64251.7,64311.2,64120.0,64228.8,162597.2
1718959500000,64228.7,64245.8,63512.1,63638.5,992542.7
1718960400000,63638.5,63812.1,63555.0,63688.1,248244.7
1718961300000,63688.1,63919.2,63610.3,63892.7,171539.8
1718962200000,63892.7,64305.0,63850.0,64125.9,289164.7
1718963100000,64125.9,64278.2,64060.7,64097.5,95717.1
1718964000000,64097.6,64175.1,63940.0,63970.4,114965.9
1718964900000,63970.5,64048.8,63901.0,63917.3,64522.9
1718965800000,63917.3,64043.8,63801.3,63980.6,86906.6
1718966700000,63980.6,64020.0,63890.0,63900.9,40638.5
1718967600000,63900.9,64065.8,63863.4,63988.2,69915.4
1718968500000,63988.1,64026.1,63938.3,63986.0,43004.8
1718969400000,63986.1,63993.5,63688.0,63728.0,128301.7
1718970300000,63727.9,63834.9,63674.0,63774.7,113015.3
1718971200000,63774.6,63941.9,63565.9,63609.2,159616.4
1718972100000,63609.1,63770.1,63512.0,63760.7,152227.4
1718973000000,63760.7,63817.6,63627.6,63710.2,57105.1
1718973900000,63710.2,63867.3,63590.9,63828.0,92006.3
1718974800000,63828.1,63860.3,63662.1,63745.4,72957.4
1718975700000,63745.4,63857.6,63576.1,63645.3,114060.6
1718976600000,63645.4,63903.0,63411.0,63815.1,356331.0
1718977500000,63815.0,63815.0,63360.0,63626.6,321421.9
1718978400000,63626.6,63832.2,63460.0,63832.1,151652.7
1718979300000,63832.2,64141.5,63814.2,64034.1,281150.4
1718980200000,64034.0,64249.9,64020.0,64106.2,224399.3
1718981100000,64104.9,64365.0,64083.8,64224.8,221320.6
1718982000000,64224.7,64347.1,64152.1,64181.8,119435.9
1718982900000,64181.7,64181.8,63872.7,63919.5,144521.9
1718983800000,63919.5,63979.9,63480.0,63500.7,269434.8
1718984700000,63500.8,63795.2,63434.0,63726.7,230959.6
1718985600000,63726.6,63838.0,63577.0,63654.9,121515.2
1718986500000,63654.9,63818.4,63616.2,63706.1,87374.0
1718987400000,63706.1,63797.3,63673.6,63740.7,44025.5
1718988300000,63740.7,63773.1,63555.4,63653.9,70032.1
1718989200000,63653.8,63894.7,63545.0,63769.7,95972.5
1718990100000,63769.6,63769.6,63458.8,63594.0,125117.4
1718991000000,63594.0,63742.0,63477.0,63712.1,68129.5
1718991900000,63712.2,63849.3,63655.2,63659.9,81758.3
1718992800000,63660.0,63826.4,63628.4,63802.9,44177.3
1718993700000,63802.4,63990.0,63774.8,63984.1,106701.9
1718994600000,63984.1,64054.5,63894.5,64046.0,99225.6
1718995500000,64046.0,64183.4,63983.3,64162.1,94327.5
1718996400000,64162.0,64209.6,63927.8,63976.0,106989.5
1718997300000,63976.0,64096.5,63968.0,64032.0,38652.0
1718998200000,64032.1,64162.9,64032.1,64148.3,64939.1
1718999100000,64148.2,64268.0,64090.0,64230.0,98257.8
1719000000000,64230.0,64398.3,64205.2,64282.2,131592.9
1719000900000,64282.2,64478.2,64267.9,64268.0,105842.5
1719001800000,64267.9,64273.0,64110.8,64130.3,53453.8
1719002700000,64130.2,64231.9,64120.0,64207.9,35174.9
1719003600000,64208.0,64215.7,64089.3,64142.8,34036.0
1719004500000,64142.8,64151.1,63841.0,63925.6,92774.8
1719005400000,63925.7,64073.3,63900.0,64032.1,23474.7
1719006300000,64032.1,64101.4,64028.9,64081.9,13988.3
1719007200000,64082.0,64173.5,64082.0,64165.3,24870.5
1719008100000,64165.4,64208.4,64165.3,64189.2,19388.7
1719009000000,64189.1,64192.4,64132.5,64188.5,26780.1
1719009900000,64188.5,64191.9,64157.0,64163.4,7282.9
1719010800000,64163.3,64234.4,64104.4,64182.2,34776.3
1719011700000,64182.2,64182.2,64067.2,64119.8,44710.4
1719012600000,64119.8,64156.7,64098.0,64109.1,37150.0
1719013500000,64109.1,64152.5,64084.7,64152.4,16558.8
1719014400000,64152.5,64188.0,64100.0,64102.9,28500.9
1719015300000,64102.8,64159.7,64049.9,64063.8,28675.1
1719016200000,64063.9,64109.4,63932.0,63987.0,57314.0
1719017100000,63987.0,64060.2,63975.0,64059.8,29616.6
1719018000000,64059.8,64183.0,64048.6,64149.6,26194.9
1719018900000,64149.6,64167.5,64072.2,64094.9,14556.1
1719019800000,64094.9,64175.0,64089.0,64163.9,14423.6
1719020700000,64164.0,64222.2,64150.0,64150.1,26709.9
1719021600000,64150.0,64335.8,64150.0,64294.6,54340.0
1719022500000,64294.5,64318.0,64238.0,64255.5,42144.1
1719023400000,64255.5,64343.9,64224.0,64284.3,36103.8
1719024300000,64284.3,64314.8,64211.1,64296.4,43581.8
1719025200000,64296.3,64324.6,64278.0,64324.6,29097.5
1719026100000,64324.5,64324.6,64260.0,64311.7,25666.8
1719027000000,64311.1,64320.0,64263.7,64277.8,22702.5
1719027900000,64277.0,64318.5,64261.2,64318.5,16276.1
1719028800000,64318.5,64367.5,64267.0,64275.9,39423.0
1719029700000,64276.0,64280.0,64240.8,64269.5,22624.8
1719030600000,64269.5,64285.7,64248.1,64285.7,21578.0
1719031500000,64285.7,64355.7,64274.8,64351.1,24265.6
1719032400000,64351.1,64351.1,64244.0,64269.8,38865.3
1719033300000,64269.8,64356.9,64269.8,64356.9,27648.1
1719034200000,64357.0,64390.0,64324.0,64356.9,50699.5
1719035100000,64356.9,64421.8,64356.9,64415.0,50571.8
1719036000000,64415.0,64454.9,64373.6,64420.0,62988.1
1719036900000,64420.0,64461.8,64354.5,64396.6,48692.9
1719037800000,64396.6,64493.0,64362.4,64489.3,45325.6
1719038700000,64489.1,64520.0,64391.4,64423.7,62456.4
1719039600000,64423.7,64437.8,64309.9,64353.1,80127.0
1719040500000,64353.2,64400.0,64313.6,64399.9,43285.8
1719041400000,64400.0,64478.8,64387.6,64471.2,46270.5
1719042300000,64471.2,64539.8,64430.1,64521.6,100816.2
1719043200000,64521.5,64533.4,64348.1,64400.2,143039.5
1719044100000,64400.2,64400.2,64299.1,64357.1,65239.4
1719045000000,64357.1,64357.2,64292.6,64331.3,30411.5
1719045900000,64331.4,64349.4,64273.9,64292.8,35159.3
1719046800000,64292.9,64313.3,64265.9,64295.9,71010.0
1719047700000,64295.9,64341.4,64200.0,64316.7,129774.6
1719048600000,64316.8,64321.7,64253.7,64315.2,38056.0
1719049500000,64315.2,64344.2,64296.0,64330.3,36263.0
1719050400000,64330.4,64360.0,64273.4,64358.0,41138.2
1719051300000,64357.9,64383.0,64276.9,64316.7,37765.4
1719052200000,64316.7,64331.2,64281.7,64322.1,15659.6
1719053100000,64322.0,64329.0,64309.5,64321.8,7995.2
1719054000000,64321.8,64331.2,64300.1,64300.1,16966.5
1719054900000,64300.1,64300.2,64250.0,64264.2,21656.1
1719055800000,64264.2,64304.7,64264.2,64302.4,16223.9
1719056700000,64302.4,64319.8,64257.3,64281.5,19725.3
1719057600000,64281.6,64314.1,64281.5,64297.7,7903.9
1719058500000,64297.6,64345.0,64291.2,64320.5,15669.5
1719059400000,64320.4,64344.2,64301.8,64334.9,17326.1
1719060300000,64334.8,64334.9,64269.3,64298.5,28036.1
1719061200000,64298.5,64299.0,64258.0,64258.0,12870.4
1719062100000,64258.0,64302.7,64255.2,64302.6,12297.9
1719063000000,64302.6,64310.2,64280.0,64300.9,15111.3
1719063900000,64301.0,64301.0,64264.7,64283.3,17365.4
1719064800000,64283.2,64305.4,64260.0,64297.5,29008.8
1719065700000,64297.5,64400.0,64297.5,64368.0,46099.5
1719066600000,64368.0,64368.0,64321.7,64332.7,13582.9
1719067500000,64332.6,64332.6,64273.9,64283.9,18480.7
1719068400000,64284.0,64310.9,64270.0,64285.0,24023.5
1719069300000,64285.0,64285.1,64260.0,64266.8,17702.7
1719070200000,64266.7,64308.5,64260.7,64291.1,18347.7
1719071100000,64291.1,64314.5,64250.0,64308.5,28493.9
1719072000000,64308.5,64340.7,64262.8,64279.9,21122.0
1719072900000,64280.0,64320.0,64272.2,64302.1,10532.5
1719073800000,64302.2,64363.2,64280.0,64356.3,27476.3
1719074700000,64356.2,64356.3,64314.1,64320.1,11850.2
1719075600000,64320.0,64361.9,64294.3,64294.4,23773.1
1719076500000,64294.3,64308.7,64293.8,64308.7,9828.2
1719077400000,64308.7,64321.7,64288.8,64288.8,8354.7
1719078300000,64288.8,64303.4,64250.0,64255.1,38349.5
1719079200000,64255.2,64285.0,64250.0,64275.6,11124.9
1719080100000,64275.7,64280.3,64262.0,64280.3,7470.6
1719081000000,64280.2,64328.0,64280.2,64300.0,8287.0
1719081900000,64300.1,64300.1,64268.1,64268.2,6945.4
1719082800000,64268.2,64277.5,64251.0,64270.0,8879.8
1719083700000,64270.0,64305.1,64251.0,64251.1,15604.0
1719084600000,64251.0,64270.0,64223.7,64270.0,19814.3
1719085500000,64270.0,64298.7,64269.9,64298.2,8806.0
1719086400000,64298.3,64306.8,64251.7,64275.7,17167.2
1719087300000,64275.7,64308.4,64267.9,64280.0,17833.8
1719088200000,64280.0,64280.1,64250.0,64257.3,9503.5
1719089100000,64257.4,64294.1,64257.3,64288.9,8230.6
1719090000000,64288.9,64299.2,64272.2,64299.2,8107.7
1719090900000,64299.3,64328.5,64299.2,64327.9,11103.1
1719091800000,64327.9,64327.9,64285.0,64292.7,16884.2
1719092700000,64292.8,64340.2,64292.7,64319.9,12484.1
1719093600000,64319.9,64327.3,64279.4,64279.4,8092.7
1719094500000,64279.4,64301.8,64269.6,64301.8,5716.5
1719095400000,64301.7,64311.8,64301.7,64305.0,4108.3
1719096300000,64305.1,64317.0,64304.9,64316.9,4381.9
1719097200000,64317.0,64331.3,64316.9,64321.0,7239.0
1719098100000,64321.1,64330.0,64312.9,64312.9,14483.6
1719099000000,64313.0,64313.0,64257.5,64257.6,24586.0
1719099900000,64257.5,64285.5,64253.8,64266.3,20061.5
1719100800000,64266.3,64356.5,64266.3,64356.5,23738.2
1719101700000,64356.4,64389.8,64329.3,64344.3,29008.6
1719102600000,64344.4,64498.7,64344.3,64491.9,65409.5
1719103500000,64491.9,64529.6,64436.3,64484.6,75339.9
1719104400000,64484.6,64523.0,64316.1,64380.0,75129.0
1719105300000,64379.9,64450.9,64345.1,64430.6,31425.9
1719106200000,64430.7,64494.0,64430.6,64450.2,19215.9
1719107100000,64450.2,64493.5,64445.1,64471.6,11526.7
1719108000000,64471.7,64471.7,64424.3,64426.5,10716.8
1719108900000,64426.6,64445.9,64390.1,64390.1,10755.2
1719109800000,64390.0,64425.7,64375.6,64375.6,14000.4
1719110700000,64375.7,64516.1,64368.2,64516.1,33628.8
1719111600000,64516.3,64518.0,64443.1,64443.1,28948.0
1719112500000,64443.1,64481.9,64443.1,64452.7,12374.8
1719113400000,64452.6,64467.5,64437.0,64446.0,17390.3
1719114300000,64446.1,64470.0,64416.8,64419.7,22239.0
1719115200000,64419.7,64430.7,64396.6,64409.4,28353.9
1719116100000,64409.4,64450.7,64385.0,64385.0,41602.9
1719117000000,64385.0,64387.2,64378.8,64383.4,13210.5
1719117900000,64383.5,64392.0,64381.4,64381.6,8727.3
1719118800000,64381.6,64429.3,64381.5,64400.0,11694.1
1719119700000,64400.1,64400.1,64361.6,64361.6,8167.9
1719120600000,64361.6,64361.6,64350.0,64360.0,18126.3
1719121500000,64360.0,64390.4,64359.9,64378.9,6897.1
1719122400000,64378.9,64388.5,64378.9,64388.4,8403.8
1719123300000,64388.5,64396.9,64388.5,64395.6,7673.4
1719124200000,64395.6,64424.4,64384.9,64404.9,11029.8
1719125100000,64404.9,64404.9,64378.0,64382.5,9116.6
1719126000000,64382.5,64398.7,64377.0,64398.7,8048.9
1719126900000,64398.6,64437.0,64398.6,64432.0,10967.0
1719127800000,64432.0,64432.0,64390.1,64390.5,14293.8
1719128700000,64390.5,64416.1,64382.9,64416.1,10195.2
1719129600000,64416.1,64437.3,64395.9,64396.0,12138.3
1719130500000,64395.9,64396.0,64380.6,64380.7,5462.7
1719131400000,64380.7,64380.7,64380.4,64380.5,6751.8
1719132300000,64380.4,64383.4,64374.9,64383.4,6539.2
1719133200000,64383.4,64424.0,64383.3,64420.9,22383.1
1719134100000,64420.9,64422.1,64403.1,64417.0,11789.1
1719135000000,64417.0,64417.0,64395.1,64408.2,13444.3
1719135900000,64408.1,64410.0,64397.2,64409.9,6252.6
1719136800000,64409.9,64410.0,64318.4,64349.0,59838.2
1719137700000,64349.1,64387.3,64337.3,64379.9,15994.4
1719138600000,64379.9,64379.9,64351.3,64351.3,10927.2
1719139500000,64351.3,64351.3,64288.0,64308.1,29376.9
1719140400000,64308.1,64328.4,64262.5,64328.4,36640.4
1719141300000,64328.4,64330.0,64251.3,64296.1,30240.6
1719142200000,64296.1,64335.1,64284.0,64308.5,18942.2
1719143100000,64308.5,64346.7,64293.7,64346.7,18308.9
1719144000000,64346.7,64354.7,64318.5,64326.0,12670.3
1719144900000,64325.9,64353.8,64320.1,64353.7,7741.2
1719145800000,64353.8,64377.4,64353.7,64369.0,11738.3
1719146700000,64369.1,64382.0,64362.5,64382.0,8433.7
1719147600000,64381.9,64439.1,64346.7,64349.9,31588.7
1719148500000,64349.9,64354.7,64293.8,64299.6,23945.7
1719149400000,64299.7,64338.3,64290.3,64315.1,13255.1
1719150300000,64315.0,64316.3,64265.0,64312.3,24967.1
1719151200000,64312.4,64327.8,64250.0,64259.2,29885.4
1719152100000,64259.3,64288.3,64210.0,64276.2,58490.3
1719153000000,64276.1,64302.3,64276.1,64298.6,18751.2
1719153900000,64298.7,64298.7,64156.4,64203.9,85639.9
1719154800000,64204.0,64204.0,64111.0,64185.2,73391.8
1719155700000,64185.3,64220.0,64101.0,64154.6,65829.9
1719156600000,64154.6,64186.4,64144.1,64161.6,23065.9
1719157500000,64161.6,64165.2,64070.1,64103.5,48340.4
1719158400000,64103.5,64155.9,64050.9,64155.9,43909.5
1719159300000,64156.0,64193.7,64093.8,64114.0,28475.1
1719160200000,64114.0,64148.0,64104.1,64132.5,10002.7
1719161100000,64132.4,64132.5,63925.0,63939.2,135099.3
1719162000000,63939.3,64069.1,63931.1,64068.0,63418.0
1719162900000,64068.0,64186.4,64061.4,64079.4,61847.1
1719163800000,64079.4,64195.0,64079.3,64126.2,46341.3
1719164700000,64126.2,64145.2,64093.3,64130.1,13126.8
1719165600000,64130.1,64168.2,64088.0,64105.9,30661.1
1719166500000,64105.9,64124.9,64082.6,64088.0,8436.0
1719167400000,64088.0,64129.7,64077.1,64126.3,11717.1
1719168300000,64126.4,64141.1,64096.1,64123.4,10575.7
1719169200000,64123.5,64165.0,64108.8,64162.0,15302.2
1719170100000,64162.1,64196.4,64150.0,64159.6,19455.6
1719171000000,64159.6,64159.7,64095.5,64130.2,10065.2
1719171900000,64130.2,64155.0,64110.0,64155.0,12865.3
1719172800000,64155.0,64165.2,64113.0,64113.1,9078.3
1719173700000,64113.1,64113.1,63991.7,64023.8,24596.6
1719174600000,64023.9,64023.9,63597.9,63788.1,250946.0
1719175500000,63788.0,63861.2,63721.1,63748.2,64211.6
1719176400000,63748.2,63818.2,63555.0,63688.2,108402.9
1719177300000,63688.1,63790.0,63531.0,63746.1,65792.7
1719178200000,63746.1,63857.1,63689.8,63848.0,27347.8
1719179100000,63848.0,63850.0,63768.6,63838.9,30003.1
1719180000000,63838.8,63838.9,63675.5,63697.9,45460.6
1719180900000,63697.9,63786.5,63675.0,63708.6,31665.8
1719181800000,63708.6,63739.8,63656.7,63703.4,27997.4
1719182700000,63703.4,63709.0,63631.1,63661.4,23111.3
1719183600000,63661.3,63701.9,63600.0,63682.1,39000.9
1719184500000,63682.0,63682.0,63539.9,63543.2,58158.6
1719185400000,63543.3,63560.0,63200.0,63367.3,325519.2
1719186300000,63367.3,63390.2,63160.8,63203.8,152420.0
1719187200000,63203.8,63297.5,62903.3,63087.6,346014.5
1719188100000,63087.7,63200.0,63052.3,63100.0,166187.0
1719189000000,63100.1,63328.9,62905.0,63256.6,192597.2
1719189900000,63256.5,63300.0,63026.4,63080.0,118148.4
1719190800000,63080.0,63156.2,63003.2,63052.6,82419.3
1719191700000,63052.6,63229.4,62921.3,63229.4,244325.0
1719192600000,63229.4,63295.1,63168.0,63219.9,79896.8
1719193500000,63219.9,63342.0,63207.0,63310.7,64930.8
1719194400000,63310.7,63370.7,63212.0,63237.1,77254.2
1719195300000,63237.2,63300.0,63200.0,63214.0,42851.2
1719196200000,63214.1,63266.2,63077.7,63077.8,57552.0
1719197100000,63077.8,63117.0,62666.8,62876.9,402913.0
1719198000000,62877.0,62976.9,62762.7,62976.8,150103.2
1719198900000,62976.9,63086.0,62928.5,63002.7,86065.8
1719199800000,63002.7,63002.7,62880.7,62889.4,50736.5
1719200700000,62889.4,62953.0,62855.4,62867.9,42053.7
1719201600000,62868.0,62886.9,62655.0,62690.0,152389.8
1719202500000,62690.0,62801.9,62686.7,62750.7,85540.7
1719203400000,62750.6,62950.0,62709.2,62895.8,87367.8
1719204300000,62895.8,62954.0,62840.0,62840.0,50473.1
1719205200000,62840.1,62887.1,62711.1,62745.4,79200.4
1719206100000,62745.4,62767.7,62489.2,62631.8,359917.2
1719207000000,62631.9,62649.3,62266.3,62284.0,381448.7
1719207900000,62284.0,62449.4,62276.1,62310.8,181468.2
1719208800000,62310.9,62399.4,62158.4,62291.8,292764.8
1719209700000,62291.7,62400.0,62223.0,62321.0,127347.2
1719210600000,62321.0,62433.2,62319.4,62358.6,66529.7
1719211500000,62358.5,62400.0,62272.0,62395.4,93290.1
1719212400000,62395.5,62410.0,62216.1,62293.8,130922.0
1719213300000,62293.3,62300.0,62188.0,62299.9,99196.8
1719214200000,62300.0,62563.4,62288.1,62560.6,162405.4
1719215100000,62560.6,62587.0,62426.1,62457.1,77716.2
1719216000000,62457.1,62560.0,62327.2,62383.1,93279.3
1719216900000,62383.2,62769.2,62352.3,62725.0,198271.4
1719217800000,62724.9,62963.2,62694.0,62843.0,216253.2
1719218700000,62843.0,62944.1,62590.9,62738.4,206443.0
1719219600000,62738.9,62864.5,62463.3,62502.5,176661.1
1719220500000,62502.5,62540.7,62024.4,62149.9,427646.6
1719221400000,62149.9,62149.9,60600.0,61074.0,2059254.1
1719222300000,61074.1,61490.6,61030.9,61394.1,323435.8
1719223200000,61394.0,61571.6,61307.2,61492.2,221494.3
1719224100000,61492.2,61564.9,61233.9,61346.3,195203.6
1719225000000,61346.3,61354.7,61135.1,61190.0,147535.2
1719225900000,61190.0,61268.0,61125.1,61178.4,113791.6
1719226800000,61178.3,61300.0,61033.7,61088.1,168743.7
1719227700000,61088.0,61180.4,60856.0,60895.6,257373.0
1719228600000,60895.5,61180.0,60834.1,61174.4,138608.7
1719229500000,61174.4,61383.7,61130.3,61282.3,114485.1
1719230400000,61282.0,61388.0,61200.1,61380.4,110821.5
1719231300000,61380.5,61495.7,61325.0,61332.2,136235.0
1719232200000,61332.1,61384.9,61130.0,61132.4,113848.2
1719233100000,61132.4,61220.0,61121.5,61220.0,64274.9
1719234000000,61220.0,61220.0,61027.5,61042.4,102295.5
1719234900000,61042.3,61288.0,60937.2,61270.0,189304.1
1719235800000,61270.0,61554.0,61247.4,61330.3,241327.1
1719236700000,61330.3,61650.0,61253.6,61577.9,195045.5
1719237600000,61577.9,61699.9,61406.5,61443.2,202473.7
1719238500000,61443.1,61478.6,61254.7,61264.8,140359.6
1719239400000,61264.9,61415.0,61133.9,61154.2,131656.6
1719240300000,61154.2,61360.0,61087.6,61297.9,172595.3
1719241200000,61297.9,61365.8,61158.2,61210.2,82710.6
1719242100000,61210.2,61349.9,61120.0,61275.0,89678.7
1719243000000,61275.1,61337.5,61088.6,61170.6,113974.5
1719243900000,61170.6,61173.5,60680.0,60853.1,376616.6
1719244800000,60853.2,60952.6,60653.2,60922.1,292919.9
1719245700000,60922.1,61056.1,60725.0,60876.1,218401.2
1719246600000,60876.1,60961.8,60357.1,60561.8,487392.3
1719247500000,60561.8,60568.3,59919.4,60172.1,854559.0
1719248400000,60172.2,60499.0,59788.0,60204.3,631842.5
1719249300000,60204.3,60548.2,59937.4,59979.9,469330.7
1719250200000,59979.9,60456.3,59872.6,60266.0,333353.9
1719251100000,60265.9,60371.9,60086.2,60257.4,186671.8
1719252000000,60258.2,60300.0,59941.3,59984.0,163225.0
1719252900000,59983.9,60460.0,59701.6,60426.7,446027.3
1719253800000,60426.6,60486.7,60238.1,60281.6,130517.5
1719254700000,60281.6,60449.9,60240.0,60414.2,95222.3
1719255600000,60414.1,60486.0,60199.9,60212.1,133075.9
1719256500000,60212.0,60212.1,59934.5,60049.3,164648.7
1719257400000,60048.1,60171.0,59811.2,59867.4,166093.3
1719258300000,59867.3,59881.8,59051.5,59322.1,857551.0
1719259200000,59319.6,59677.4,59254.5,59338.0,391232.8
1719260100000,59337.9,59395.9,58658.0,58916.3,558846.8
1719261000000,58916.2,59342.3,58351.0,59190.6,802378.9
1719261900000,59190.7,59536.0,59154.1,59505.3,181062.8
1719262800000,59505.3,59650.0,59411.7,59622.0,169778.9
1719263700000,59621.9,59888.0,59575.5,59792.2,139978.4
1719264600000,59792.2,59998.9,59792.1,59904.7,181232.5
1719265500000,59904.8,60123.2,59858.8,60110.1,93250.9
1719266400000,60110.2,60123.3,59969.5,60063.1,91896.6
1719267300000,60063.1,60174.3,60004.0,60165.0,74175.6
1719268200000,60164.9,60265.4,60113.4,60121.5,107476.2
1719269100000,60121.5,60134.9,60040.9,60043.6,52118.9
1719270000000,60043.7,60275.7,59982.5,60200.0,78010.9
1719270900000,60200.0,60274.9,60130.1,60203.5,46406.5
1719271800000,60203.4,60430.0,60193.1,60392.6,101433.8
1719272700000,60392.5,60426.6,60275.4,60280.3,106473.4
1719273600000,60280.2,60334.5,60243.0,60256.4,54364.5
1719274500000,60256.4,60480.0,60255.0,60368.9,79886.0
1719275400000,60368.9,60424.0,60300.0,60376.4,44497.5
1719276300000,60376.3,60645.9,60340.0,60400.0,166703.0
1719277200000,60400.0,60504.6,60324.5,60453.6,52544.6
1719278100000,60453.6,60455.4,60285.6,60322.7,47429.7
1719279000000,60322.7,60439.9,60270.3,60379.2,46225.0
1719279900000,60379.1,60491.4,60306.4,60491.4,36765.1
1719280800000,60491.4,60640.0,60456.0,60456.0,87306.7
1719281700000,60456.0,60546.8,60404.0,60460.3,53699.7
1719282600000,60466.9,60720.8,60466.9,60533.7,91727.4
1719283500000,60533.6,60736.4,60533.6,60674.7,90205.4
1719284400000,60673.2,61286.3,60627.0,61170.0,471244.6
1719285300000,61169.9,61430.0,61106.1,61338.4,233200.1
1719286200000,61338.3,61571.2,61317.6,61566.9,195393.2
1719287100000,61566.8,61589.8,61264.0,61299.9,226363.5
1719288000000,61300.0,61376.5,61164.2,61193.6,149015.3
1719288900000,61193.6,61325.9,61193.6,61316.5,68201.1
1719289800000,61316.5,61420.0,61266.7,61292.3,75389.4
1719290700000,61292.4,61415.3,61247.4,61374.0,52789.2
1719291600000,61374.1,61417.5,61334.2,61353.4,43550.7
1719292500000,61353.4,61387.6,61289.0,61289.0,62412.7
1719293400000,61289.0,61309.8,60978.0,61010.6,156290.3
1719294300000,61010.1,61082.4,60939.0,61030.1,101228.4
1719295200000,61030.1,61082.5,60966.0,61025.7,66366.1
1719296100000,61025.7,61110.0,60990.0,61044.1,56021.9
1719297000000,61044.0,61186.8,61044.0,61119.5,86332.9
1719297900000,61119.5,61166.6,61089.0,61144.0,42007.4
1719298800000,61143.9,61252.0,60966.0,60979.1,105153.3
1719299700000,60979.1,61008.5,60811.7,60840.1,136062.9
1719300600000,60840.0,60907.7,60736.1,60740.0,129033.5
1719301500000,60740.1,60833.5,60632.9,60693.2,164258.6
1719302400000,60693.3,60913.4,60681.4,60898.0,104271.7
1719303300000,60897.9,60921.7,60730.5,60761.5,83179.7
1719304200000,60761.5,60788.0,60688.0,60763.0,60145.6
1719305100000,60763.1,60888.0,60710.1,60868.6,48308.2
1719306000000,60868.6,60947.9,60839.8,60929.9,53760.3
1719306900000,60929.9,60980.0,60862.9,60935.7,53269.5
1719307800000,60935.1,61125.0,60898.9,61058.0,139152.6
1719308700000,61057.9,61622.4,61005.6,61454.7,451461.0
1719309600000,61454.6,61459.6,61239.6,61275.3,170935.2
1719310500000,61275.3,61345.0,61210.4,61290.0,70525.1
1719311400000,61290.0,61342.0,61167.1,61288.1,72453.3
1719312300000,61288.1,61396.0,61250.0,61308.1,59894.7
1719313200000,61308.1,61398.2,61275.4,61385.6,69405.8
1719314100000,61385.6,61502.8,61200.0,61221.7,114779.7
1719315000000,61221.7,61227.7,61146.4,61153.0,48963.5
1719315900000,61153.0,61317.0,61110.5,61188.2,60651.8
1719316800000,61188.2,61235.7,60957.1,61114.2,126704.0
1719317700000,61114.1,61253.2,61072.0,61232.3,63403.1
1719318600000,61232.3,61283.6,61080.0,61126.3,60456.1
1719319500000,61128.2,61160.3,61008.0,61057.8,61288.0
1719320400000,61058.0,61229.7,61041.0,61194.0,73813.2
1719321300000,61194.1,61279.6,61117.6,61254.7,66412.1
1719322200000,61254.6,61266.0,61013.6,61211.0,160636.4
1719323100000,61211.0,61443.7,61032.9,61199.9,194613.8
1719324000000,61200.0,61362.1,61152.1,61296.1,121008.5
1719324900000,61297.8,62150.0,61297.8,62091.7,638692.4
1719325800000,62091.7,62143.3,61841.9,61910.4,367819.7
1719326700000,61910.3,61950.0,61648.9,61771.9,210614.7
1719327600000,61771.9,61820.9,61328.0,61397.6,323806.2
1719328500000,61397.6,61868.4,61351.9,61768.3,236391.1
1719329400000,61764.9,61960.0,61759.0,61860.0,117124.8
1719330300000,61859.9,61920.0,61799.9,61819.6,102973.4
1719331200000,61819.6,61943.1,61700.0,61730.0,114010.2
1719332100000,61729.9,61788.6,61510.3,61591.3,108811.1
1719333000000,61591.4,61607.4,61470.0,61530.1,109991.3
1719333900000,61530.0,61545.0,61360.0,61390.3,91710.1
1719334800000,61390.2,61716.7,61333.6,61700.4,102103.6
1719335700000,61700.5,61788.1,61595.0,61750.0,63365.2
1719336600000,61750.0,61760.0,61559.5,61616.4,63447.4
1719337500000,61616.4,61646.1,61392.9,61393.0,70565.7
1719338400000,61393.0,61462.1,61134.0,61350.0,216990.7
1719339300000,61349.9,62031.0,61337.0,61984.2,311361.3
1719340200000,61984.1,62042.8,61870.8,62035.2,127282.6
1719341100000,62035.1,62250.0,61943.3,62154.8,310487.1
1719342000000,62154.8,62438.0,61908.0,61924.4,312117.1
1719342900000,61924.4,62027.9,61868.9,61957.9,66761.4
1719343800000,61957.8,62046.6,61850.5,61884.0,48932.4
1719344700000,61884.0,62149.0,61803.3,61979.2,128727.3
1719345600000,61977.5,62082.4,61881.7,61915.4,44587.0
1719346500000,61915.4,62057.9,61890.3,61995.3,26586.2
1719347400000,61996.0,62079.3,61948.7,62036.1,22327.3
1719348300000,62036.1,62036.1,61886.0,61918.6,33529.2
1719349200000,61918.5,61918.5,61811.0,61817.6,31911.4
1719350100000,61817.5,61908.0,61817.5,61894.1,10518.6
1719351000000,61894.0,62033.0,61889.7,61935.3,23603.0
1719351900000,61935.3,61936.7,61886.2,61921.0,10537.2
1719352800000,61921.0,62107.7,61921.0,62080.2,31781.2
1719353700000,62080.2,62150.0,62080.2,62146.0,47958.5
1719354600000,62146.0,62146.0,61965.8,61969.7,36872.0
1719355500000,61969.6,61969.7,61854.1,61902.7,35374.8
1719356400000,61902.7,61937.7,61715.1,61715.2,88577.9
1719357300000,61715.2,61743.5,61653.9,61696.9,51499.6
1719358200000,61696.9,61739.1,61656.0,61708.1,34294.8
1719359100000,61708.1,61813.0,61692.9,61793.8,60715.3
1719360000000,61793.9,61834.0,61712.8,61729.8,36101.8
1719360900000,61729.8,61830.0,61726.6,61830.0,28190.5
1719361800000,61830.8,61833.0,61628.9,61662.9,47339.6
1719362700000,61663.0,61796.5,61662.9,61758.0,36880.4
1719363600000,61758.1,61908.4,61713.3,61906.0,44294.8
1719364500000,61905.9,62081.5,61877.2,62001.9,82356.1
1719365400000,62001.9,62016.0,61860.5,61988.0,64539.8
1719366300000,61988.1,62177.0,61942.7,62077.0,95865.4
1719367200000,62077.1,62380.0,61999.9,62331.3,175311.4
1719368100000,62331.3,62491.5,62103.3,62190.1,207926.4
1719369000000,62190.1,62251.8,62096.1,62096.2,38785.2
1719369900000,62096.2,62114.0,62008.7,62016.5,57466.5
1719370800000,62016.6,62067.9,61966.0,62050.0,58321.4
1719371700000,62049.9,62050.0,61900.9,61905.2,68498.7
1719372600000,61905.2,61979.0,61840.1,61939.2,80943.0
1719373500000,61939.3,61997.9,61908.0,61925.9,31293.7
1719374400000,61925.9,61984.4,61757.9,61787.6,80521.6
1719375300000,61787.6,61812.0,61737.0,61800.8,51824.5
1719376200000,61800.9,61800.9,61722.0,61748.6,53852.9
1719377100000,61748.7,61799.8,61708.0,61708.0,40584.2
1719378000000,61708.0,61784.5,61688.0,61764.0,68644.7
1719378900000,61764.1,61812.1,61575.1,61599.5,136236.2
1719379800000,61599.5,61657.0,61585.1,61642.2,36118.4
1719380700000,61642.1,61690.8,61565.5,61570.3,42038.8
1719381600000,61570.3,61619.6,61530.0,61619.5,52631.4
1719382500000,61619.6,61692.0,61573.8,61624.8,46578.4
1719383400000,61624.9,61667.2,61550.0,61552.5,41410.4
1719384300000,61552.6,61655.6,61540.0,61588.8,28986.6
1719385200000,61588.8,61671.1,61548.9,61661.9,40820.7
1719386100000,61662.0,61759.9,61621.8,61631.9,73688.4
1719387000000,61631.9,61820.7,61539.6,61700.0,79012.4
1719387900000,61700.1,61749.2,61672.2,61732.1,34520.9
1719388800000,61732.1,61763.9,61550.0,61550.0,55639.4
1719389700000,61550.0,61571.9,61368.4,61527.7,147579.6
1719390600000,61527.8,61571.4,61425.6,61539.9,47510.4
1719391500000,61540.0,61588.2,61470.9,61482.4,30956.7
1719392400000,61482.3,61487.1,61381.3,61460.0,55474.4
1719393300000,61460.0,61514.7,61336.7,61510.1,66406.3
1719394200000,61510.0,61529.2,61361.0,61361.1,35270.5
1719395100000,61361.1,61432.1,61313.8,61379.6,52285.6
1719396000000,61379.5,61419.4,61253.9,61339.5,65084.7
1719396900000,61339.5,61339.6,61206.0,61308.8,102470.7
1719397800000,61308.8,61342.2,61233.0,61234.6,69569.9
1719398700000,61234.5,61344.2,61161.6,61272.8,94727.9
1719399600000,61272.8,61516.5,61272.8,61516.5,90115.0
1719400500000,61516.4,61570.6,61345.4,61346.2,77334.3
1719401400000,61346.0,61410.0,61314.2,61341.1,37483.3
1719402300000,61341.2,61460.0,61313.2,61443.5,29583.3
1719403200000,61443.5,61589.9,61367.0,61386.0,61824.9
1719404100000,61386.0,61536.6,61369.3,61444.1,38057.3
1719405000000,61444.1,61510.1,61330.0,61357.1,37085.0
1719405900000,61357.1,61549.9,61341.1,61420.0,62374.4
1719406800000,61420.1,61579.2,61370.3,61414.5,74110.7
1719407700000,61414.6,61560.0,61400.0,61518.0,35486.8
1719408600000,61518.0,61740.9,61478.0,61622.8,155310.6
1719409500000,61622.7,61834.7,61587.5,61754.0,138540.4
1719410400000,61754.0,61966.0,61708.7,61912.6,164227.5
1719411300000,61912.7,61988.0,61642.3,61654.1,152008.9
1719412200000,61654.9,61784.9,61543.0,61679.7,117332.4
1719413100000,61679.7,61887.0,61656.0,61721.8,93710.9
1719414000000,61721.8,61760.0,61214.0,61263.1,244634.3
1719414900000,61261.7,61481.0,61242.3,61372.6,120745.6
1719415800000,61372.6,61434.7,61179.7,61324.2,146919.2
1719416700000,61324.1,61494.3,61304.2,61480.0,79529.4
1719417600000,61480.0,61540.4,61384.6,61530.9,76285.8
1719418500000,61530.8,61543.0,61403.8,61504.0,54673.4
1719419400000,61504.0,61551.0,61427.1,61448.0,35536.1
1719420300000,61448.0,61477.4,61162.5,61280.0,155064.4
1719421200000,61280.0,61280.0,60860.8,60937.6,399712.1
1719422100000,60938.9,61178.6,60855.0,61170.1,150105.7
1719423000000,61170.0,61379.1,60960.0,61030.3,209121.7
1719423900000,61030.3,61266.0,61000.0,61257.1,65833.9
1719424800000,61257.1,61257.1,61011.9,61060.1,56541.0
1719425700000,61060.2,61184.2,60967.7,61073.0,50350.6
1719426600000,61077.1,61125.1,60917.5,61007.9,56267.7
1719427500000,61008.0,61076.2,60912.0,60917.8,43089.6
1719428400000,60917.7,60920.2,60730.0,60814.1,180391.4
1719429300000,60814.1,60883.2,60720.0,60820.6,82496.6
1719430200000,60820.5,61133.3,60760.0,60910.6,146143.8
1719431100000,60910.6,61148.4,60762.0,61002.1,155654.7
1719432000000,61002.1,61170.9,60773.6,60792.0,145452.8
1719432900000,60792.0,60882.8,60720.0,60807.5,64627.6
1719433800000,60806.5,60875.0,60753.0,60860.1,41233.1
1719434700000,60860.0,61004.9,60836.0,61000.8,48031.6
1719435600000,61000.9,61100.1,60975.9,60984.2,58496.3
1719436500000,60984.2,61080.6,60928.1,61050.4,21291.8
1719437400000,61050.5,61055.8,60980.0,61016.9,9596.4
1719438300000,61017.0,61083.0,61000.0,61071.1,12969.9
1719439200000,61071.1,61071.1,60978.0,60992.2,33539.3
1719440100000,60992.2,61025.9,60941.5,60946.6,24832.8
1719441000000,60946.5,60976.0,60840.6,60840.7,25092.8
1719441900000,60840.6,60945.0,60786.8,60937.1,45040.1
1719442800000,60937.1,60987.1,60870.0,60922.2,33048.7
1719443700000,60922.2,60927.9,60793.1,60871.3,31287.9
1719444600000,60871.2,60925.5,60816.1,60841.8,44234.5
1719445500000,60841.8,60874.7,60787.3,60864.9,34395.1
1719446400000,60864.9,60913.4,60809.5,60840.0,31602.7
1719447300000,60840.0,60966.0,60765.2,60853.8,50011.2
1719448200000,60853.7,61058.0,60826.8,60988.4,47972.5
1719449100000,60988.4,61027.0,60843.3,60981.8,47318.6
1719450000000,60981.7,61046.0,60888.0,61016.6,45586.1
1719450900000,61016.6,61122.0,60969.0,61029.4,48341.5
1719451800000,61030.0,61120.0,61010.0,61120.0,38217.8
1719452700000,61120.0,61162.5,61025.0,61060.2,28326.2
1719453600000,61061.4,61092.8,60869.9,61006.2,63176.4
1719454500000,61006.0,61020.0,60931.1,61018.0,32740.4
1719455400000,61017.9,61110.9,60917.9,60926.0,54317.1
1719456300000,60926.0,61028.0,60925.9,61028.0,44471.2
1719457200000,61028.0,61049.7,60936.0,61043.7,26967.1
1719458100000,61043.7,61299.6,61028.1,61125.4,125407.2
1719459000000,61125.4,61185.4,61013.1,61013.2,49458.5
1719459900000,61013.2,61057.0,60989.7,61035.7,17151.7
1719460800000,61035.7,61091.2,61014.0,61091.1,35312.5
1719461700000,61091.0,61188.0,61084.0,61149.8,47481.9
1719462600000,61149.8,61176.0,61107.0,61145.8,21937.1
1719463500000,61145.8,61153.8,61091.6,61115.1,21005.2
1719464400000,61115.1,61160.1,61000.0,61025.9,42770.3
1719465300000,61026.0,61026.0,60906.4,60951.9,50209.2
1719466200000,60952.0,60999.9,60910.0,60999.9,37276.6
1719467100000,60999.9,61007.5,60802.1,60810.8,58969.2
1719468000000,60810.7,60862.2,60727.0,60767.1,95132.2
1719468900000,60767.1,60811.4,60626.6,60797.9,133760.3
1719469800000,60797.8,60846.1,60679.0,60725.0,70165.9
1719470700000,60724.3,60795.6,60620.0,60755.1,64847.4
1719471600000,60755.1,60811.1,60725.1,60747.9,30313.9
1719472500000,60748.0,60880.0,60747.3,60826.2,39184.1
1719473400000,60826.1,60919.9,60780.0,60846.0,53875.2
1719474300000,60842.0,60885.4,60761.0,60803.3,26637.2
1719475200000,60803.3,60864.0,60774.7,60848.5,28565.0
1719476100000,60848.5,60849.6,60766.4,60800.7,23217.0
1719477000000,60800.7,60808.9,60745.4,60793.9,26497.1
1719477900000,60793.9,60882.0,60737.5,60878.7,39817.7
1719478800000,60878.5,60946.0,60823.3,60901.2,48284.6
1719479700000,60901.2,61050.0,60887.6,61029.1,116835.1
1719480600000,61029.1,61088.0,60992.0,61087.9,63188.0
1719481500000,61087.9,61349.9,61074.2,61286.0,214289.9
1719482400000,61286.0,61347.9,61170.9,61177.8,89196.1
1719483300000,61177.7,61279.5,61174.0,61252.0,46552.8
1719484200000,61252.1,61455.9,61195.1,61224.2,154138.8
1719485100000,61224.3,61224.3,61100.0,61106.1,69073.4
1719486000000,61106.2,61210.1,61082.1,61171.1,52582.7
1719486900000,61171.6,61260.9,61120.0,61134.0,41899.2
1719487800000,61134.0,61292.4,61134.0,61262.5,55392.1
1719488700000,61262.6,61323.2,61194.1,61194.2,28363.8
1719489600000,61194.1,61507.0,61191.0,61382.8,291659.4
1719490500000,61382.7,61542.1,61304.6,61499.6,109198.6
1719491400000,61499.7,61666.0,61165.2,61230.1,319260.7
1719492300000,61230.2,61363.3,61153.4,61353.4,78325.9
1719493200000,61353.4,61796.5,61311.6,61625.9,393779.1
1719494100000,61625.9,61840.0,61575.3,61585.4,248932.1
1719495000000,61585.5,61886.5,61561.8,61707.1,182988.4
1719495900000,61707.2,61998.6,61647.6,61990.0,223879.4
1719496800000,61990.0,62359.0,61974.9,62358.9,410700.2
1719497700000,62359.0,62400.0,62209.6,62218.8,190240.6
1719498600000,62218.7,62269.9,61979.1,62062.8,229228.2
1719499500000,62062.9,62067.5,61694.7,61737.1,276908.4
1719500400000,61737.1,61843.7,61640.0,61786.4,230148.0
1719501300000,61786.4,61857.4,61605.3,61643.3,100784.2
1719502200000,61643.4,61691.2,61525.0,61601.8,173256.6
1719503100000,61601.7,61675.4,61550.0,61582.0,95320.1
1719504000000,61580.3,61803.6,61573.5,61761.9,131736.6
1719504900000,61762.0,61806.5,61571.8,61631.3,71419.5
1719505800000,61631.2,61793.0,61530.0,61792.6,78122.4
1719506700000,61792.9,61831.6,61678.7,61715.0,58834.2
1719507600000,61715.0,61907.0,61682.1,61866.1,69913.9
1719508500000,61866.0,62022.5,61797.9,61985.8,79273.6
1719509400000,61985.8,61987.9,61756.1,61756.1,63993.3
1719510300000,61756.2,61942.6,61756.1,61828.2,37706.6
1719511200000,61828.1,61884.1,61730.0,61852.9,48309.1
1719512100000,61850.5,61859.9,61748.0,61839.3,18371.9
1719513000000,61839.2,61930.0,61750.0,61789.0,35953.8
1719513900000,61789.0,61894.2,61759.1,61884.0,41764.6
1719514800000,61884.0,61894.2,61600.0,61654.2,60640.2
1719515700000,61654.1,61654.2,61555.5,61585.9,36753.1
1719516600000,61585.8,61610.3,61463.4,61518.0,75526.4
1719517500000,61518.1,61571.0,61409.6,61454.8,84744.5
1719518400000,61454.8,61550.5,61362.7,61522.3,80234.5
1719519300000,61522.3,61586.6,61401.1,61441.0,45699.3
1719520200000,61441.0,61549.5,61430.0,61538.1,20334.9
1719521100000,61538.1,61568.5,61478.3,61490.6,23868.0
1719522000000,61490.6,61559.5,61468.1,61543.4,29512.9
1719522900000,61543.4,61560.0,61511.7,61550.0,17896.5
1719523800000,61550.0,61598.1,61546.5,61589.3,15022.6
1719524700000,61589.3,61595.2,61520.5,61546.1,10931.4
1719525600000,61546.2,61588.0,61517.3,61581.6,17379.8
1719526500000,61581.6,61663.5,61581.6,61617.6,93319.5
1719527400000,61617.5,61680.1,61580.1,61673.3,34089.2
1719528300000,61673.2,61677.3,61608.0,61643.5,15468.6
1719529200000,61643.5,61689.6,61610.5,61621.3,24076.4
1719530100000,61621.3,61688.0,61617.2,61660.1,15177.6
1719531000000,61660.1,61716.2,61623.6,61644.0,45139.2
1719531900000,61643.9,61702.5,61618.8,61702.3,25953.4
1719532800000,61702.4,61728.9,61643.7,61682.3,55777.0
1719533700000,61682.4,61684.9,61512.6,61547.1,55580.9
1719534600000,61547.2,61592.0,61491.2,61568.1,52503.0
1719535500000,61568.0,61597.9,61475.9,61555.5,33437.8
1719536400000,61555.5,61622.0,61494.1,61622.0,26614.5
1719537300000,61622.0,62165.3,61622.0,61933.5,222795.7
1719538200000,61933.4,62230.0,61913.0,62028.4,130028.1
1719539100000,62028.4,62118.2,61820.0,62081.0,108908.9
1719540000000,62081.1,62138.0,61925.4,61933.2,86195.2
1719540900000,61933.1,62071.5,61756.1,61756.2,120096.6
1719541800000,61756.1,61795.5,61660.5,61757.0,102870.4
1719542700000,61757.1,61775.2,61569.9,61721.3,77201.3
1719543600000,61721.4,61799.9,61634.9,61773.2,51128.5
1719544500000,61773.2,61871.9,61773.2,61858.0,44410.5
1719545400000,61858.0,61911.9,61755.3,61798.2,53234.3
1719546300000,61798.1,61850.0,61779.4,61817.2,21750.5
1719547200000,61817.1,61826.5,61725.8,61730.0,31622.9
1719548100000,61730.0,61735.8,61511.1,61534.0,101112.1
1719549000000,61534.0,61659.6,61530.2,61644.5,51936.7
1719549900000,61644.4,61742.4,61644.4,61742.4,31790.2
1719550800000,61742.4,61744.0,61644.4,61661.0,22909.8
1719551700000,61661.0,61661.0,61560.0,61604.4,52539.0
1719552600000,61604.4,61639.2,61481.0,61523.2,108410.8
1719553500000,61523.2,61650.0,61503.7,61607.3,74648.5
1719554400000,61607.3,61676.3,61512.4,61675.9,66496.9
1719555300000,61675.9,61675.9,61559.8,61616.1,47901.8
1719556200000,61616.1,61650.6,61554.6,61597.3,17693.0
1719557100000,61597.2,61632.0,61548.5,61631.9,21382.4
1719558000000,61631.9,61632.0,61550.7,61595.9,28755.7
1719558900000,61595.9,61610.7,61500.0,61513.5,56057.1
1719559800000,61513.5,61533.0,61390.0,61425.7,102545.7
1719560700000,61425.7,61425.7,61233.0,61344.0,238325.5
1719561600000,61344.0,61419.1,61213.0,61328.9,129766.6
1719562500000,61329.0,61414.0,61323.2,61396.9,44555.8
1719563400000,61397.0,61465.5,61362.1,61379.9,43206.0
1719564300000,61380.0,61481.5,61347.0,61481.5,38256.3
1719565200000,61481.5,61507.0,61435.8,61468.5,33944.2
1719566100000,61468.4,61495.5,61406.3,61428.5,21460.2
1719567000000,61428.6,61477.6,61377.0,61431.2,68076.2
1719567900000,61431.2,61595.0,61403.5,61555.0,80589.3
1719568800000,61555.0,61594.0,61487.3,61507.6,53363.3
1719569700000,61507.5,61533.6,61451.6,61533.6,38932.6
1719570600000,61533.6,61610.8,61528.2,61560.1,44342.3
1719571500000,61560.0,61576.4,61500.1,61548.7,28596.3
1719572400000,61548.6,61568.8,61473.7,61560.0,30225.5
1719573300000,61560.0,61758.6,61554.0,61719.8,117863.3
1719574200000,61719.8,61799.0,61664.2,61688.3,82490.3
1719575100000,61688.3,61700.0,61629.8,61698.2,37471.5
1719576000000,61698.3,61769.0,61650.0,61768.9,53580.2
1719576900000,61768.9,61820.8,61623.2,61798.8,138058.6
1719577800000,61798.8,61880.0,61256.0,61518.1,563718.5
1719578700000,61518.1,61555.0,61353.1,61393.9,170500.5
1719579600000,61393.9,61438.9,61267.9,61367.7,183270.0
1719580500000,61367.7,61515.7,61293.0,61475.1,106603.7
1719581400000,61475.3,61840.3,61401.5,61753.2,202438.4
1719582300000,61753.3,61791.9,61235.2,61296.3,239285.2
1719583200000,61296.3,61513.8,61250.8,61334.1,174070.5
1719584100000,61334.1,61410.1,61008.8,61080.1,434792.1
1719585000000,61080.1,61174.8,60870.8,60900.0,262553.9
1719585900000,60900.1,60968.3,60778.4,60930.1,158549.8
1719586800000,60930.2,60978.9,60755.0,60823.5,153883.7
1719587700000,60823.5,61032.9,60765.9,61011.7,106611.6
1719588600000,61011.8,61062.0,60922.1,60945.8,80740.0
1719589500000,60945.9,61196.7,60923.0,61058.8,115270.7
1719590400000,61058.8,61115.9,60894.6,60994.8,109400.1
1719591300000,60994.9,61017.6,60773.4,60882.6,93432.4
1719592200000,60882.6,60940.4,60700.0,60839.8,137506.3
1719593100000,60839.8,60958.9,60640.0,60948.5,201260.9
1719594000000,60948.4,61008.0,60781.6,60990.6,94904.0
1719594900000,60990.6,61083.1,60921.5,60984.1,87306.9
1719595800000,60984.2,61033.9,60858.0,60901.2,70268.8
1719596700000,60901.3,60933.4,60700.0,60827.6,62841.0
1719597600000,60827.6,60857.2,60732.4,60842.3,34623.6
1719598500000,60843.7,60883.5,60666.8,60755.9,53672.8
1719599400000,60755.5,60857.0,60720.0,60828.6,32456.5
1719600300000,60828.6,60870.9,60780.0,60841.2,35347.7
1719601200000,60844.0,60863.2,60686.1,60759.6,43029.5
1719602100000,60759.6,60760.9,60200.0,60459.4,546216.4
1719603000000,60459.3,60502.5,60235.0,60473.9,180282.5
1719603900000,60473.8,60499.9,60102.0,60144.3,271107.1
1719604800000,60144.5,60299.5,60050.0,60218.0,196247.0
1719605700000,60218.0,60377.2,60206.7,60296.1,51426.7
1719606600000,60296.1,60355.0,60222.5,60273.3,45677.3
1719607500000,60273.3,60318.6,60228.0,60260.0,36995.6
1719608400000,60260.1,60321.9,60144.7,60299.3,79684.6
1719609300000,60299.4,60398.0,60284.6,60300.1,43395.9
1719610200000,60300.0,60340.0,60276.9,60324.8,16747.2
1719611100000,60324.9,60420.0,60320.0,60370.4,31778.5
1719612000000,60370.5,60427.6,60340.5,60341.7,41485.3
1719612900000,60341.7,60407.7,60296.6,60303.8,33355.6
1719613800000,60303.7,60388.1,60292.1,60380.2,19323.9
1719614700000,60380.2,60400.0,60331.9,60376.6,26693.8
1719615600000,60376.6,60434.0,60360.0,60409.5,29637.4
1719616500000,60409.4,60435.0,60373.3,60395.3,34210.0
1719617400000,60395.2,60457.0,60382.5,60426.5,21970.8
1719618300000,60426.5,60458.8,60400.2,60430.9,14403.5
1719619200000,60431.0,60484.0,60405.0,60483.9,43558.6
1719620100000,60483.9,60697.1,60458.0,60642.1,242964.8
1719621000000,60642.2,60831.8,60638.6,60661.9,102622.4
1719621900000,60661.9,60789.9,60550.0,60750.8,126893.5
1719622800000,60750.8,60945.0,60740.1,60926.0,110099.5
1719623700000,60926.0,60928.1,60817.2,60829.6,89930.6
1719624600000,60829.6,60996.1,60829.6,60979.7,99368.2
1719625500000,60979.7,60998.7,60880.9,60889.6,66798.9
1719626400000,60889.7,60978.0,60776.8,60839.7,64572.3
1719627300000,60839.8,60883.4,60798.0,60830.1,23751.4
1719628200000,60830.0,60830.1,60769.7,60793.8,33229.6
1719629100000,60793.7,60820.0,60695.0,60748.5,60126.8
1719630000000,60748.5,60792.3,60715.7,60744.8,19983.6
1719630900000,60744.9,60766.0,60704.7,60747.7,24444.5
1719631800000,60747.7,60809.5,60710.0,60782.7,23750.0
1719632700000,60782.8,60784.6,60718.9,60755.3,18694.8
1719633600000,60755.4,60777.0,60717.8,60719.8,19297.1
1719634500000,60719.8,60747.6,60686.2,60713.5,26310.5
1719635400000,60713.5,60738.8,60700.0,60730.0,31462.2
1719636300000,60730.0,60795.8,60730.0,60768.6,18945.4
1719637200000,60768.6,60785.0,60751.6,60751.6,12981.1
1719638100000,60751.7,60778.2,60721.7,60756.2,18108.5
1719639000000,60756.2,60768.8,60718.0,60721.5,14748.6
1719639900000,60721.6,60776.8,60721.6,60753.5,12819.8
1719640800000,60753.6,60792.9,60734.1,60773.0,14579.2
1719641700000,60773.0,60793.1,60751.5,60792.9,12085.7
1719642600000,60793.0,60856.0,60762.0,60768.2,29066.4
1719643500000,60768.2,60847.4,60768.1,60840.1,12575.9
1719644400000,60840.2,60988.6,60819.1,60949.0,73135.7
1719645300000,60949.0,61121.6,60890.3,61100.6,242010.8
1719646200000,61100.6,61127.9,61040.2,61116.8,96070.8
1719647100000,61116.7,61116.8,61043.0,61043.1,42758.4
1719648000000,61043.1,61070.0,60945.2,60973.2,75405.3
1719648900000,60973.2,60992.1,60930.0,60953.6,28665.1
1719649800000,60954.2,60980.0,60910.0,60919.8,23721.5
1719650700000,60919.9,60982.4,60902.3,60975.4,24984.9
1719651600000,60975.4,61000.0,60919.1,60919.2,35774.6
1719652500000,60919.1,60927.0,60888.0,60923.2,23407.6
1719653400000,60923.3,60949.8,60890.8,60925.1,25744.2
1719654300000,60925.2,60973.8,60925.1,60971.6,14766.7
1719655200000,60971.6,61001.3,60914.7,60929.1,18663.3
1719656100000,60929.1,60960.6,60910.0,60960.0,13965.5
1719657000000,60960.0,61039.0,60949.0,60988.7,25133.6
1719657900000,60988.7,61033.4,60978.7,60991.2,17085.4
1719658800000,60991.1,60991.2,60941.0,60954.0,13972.2
1719659700000,60954.0,61000.0,60920.7,61000.0,17042.6
1719660600000,61000.0,61227.5,60999.9,61157.7,234347.0
1719661500000,61157.7,61198.0,61088.4,61098.0,44736.3
1719662400000,61097.9,61153.6,61061.4,61074.8,48818.7
1719663300000,61074.7,61144.5,61074.7,61096.1,22574.9
1719664200000,61096.0,61127.3,61062.8,61085.3,30047.9
1719665100000,61085.3,61099.0,60980.0,61036.1,47795.2
1719666000000,61036.0,61071.2,61004.3,61013.1,18765.5
1719666900000,61013.0,61088.7,61013.0,61057.8,15690.7
1719667800000,61057.8,61189.4,61057.7,61145.4,73786.9
1719668700000,61145.4,61180.0,61090.2,61094.0,43573.1
1719669600000,61093.9,61167.7,61059.9,61098.0,32433.1
1719670500000,61098.1,61105.7,60951.3,61015.1,57545.9
1719671400000,61015.0,61043.5,60946.7,60983.8,34932.6
1719672300000,60983.8,61021.8,60950.1,61011.4,20068.2
1719673200000,61011.5,61049.2,60944.9,60993.9,25050.7
1719674100000,60993.9,61000.0,60950.2,60987.5,13142.4
1719675000000,60987.4,61035.1,60964.1,61015.3,21300.3
1719675900000,61015.3,61115.0,61006.0,61115.0,59295.3
1719676800000,61114.9,61133.3,61011.1,61011.2,33767.1
1719677700000,61011.1,61011.9,60906.6,60932.9,82633.5
1719678600000,60933.0,60987.5,60932.9,60968.1,19979.4
1719679500000,60968.0,61000.0,60942.6,61000.0,14332.3
1719680400000,60999.9,61001.8,60920.7,60967.9,16712.7
1719681300000,60967.9,61003.8,60940.6,61003.7,9599.8
1719682200000,61003.8,61015.4,60965.5,61001.5,12049.3
1719683100000,61001.5,61052.6,60968.5,61027.5,14428.7
1719684000000,61027.5,61060.0,61006.3,61035.0,16941.9
1719684900000,61035.1,61051.4,60990.4,60990.4,8071.5
1719685800000,60990.0,61021.8,60984.4,61005.8,11775.4
1719686700000,61005.8,61062.0,60980.9,61051.2,13215.9
1719687600000,61051.2,61081.4,61022.2,61077.0,10888.0
1719688500000,61077.0,61077.1,61032.5,61044.8,6270.5
1719689400000,61044.8,61045.7,60927.4,61045.7,34932.1
1719690300000,61045.6,61063.8,61017.8,61050.7,9027.9
1719691200000,61050.6,61079.7,60988.1,61050.1,24422.7
1719692100000,61050.1,61088.0,61030.6,61060.9,13601.8
1719693000000,61060.8,61060.8,60989.2,60989.9,16964.4
1719693900000,60989.9,61050.0,60960.4,61044.8,23427.4
1719694800000,61044.7,61044.7,60965.3,60987.3,17767.9
1719695700000,60987.2,61118.1,60940.0,61052.4,57017.5
1719696600000,61052.4,61097.2,61024.9,61047.1,14650.0
1719697500000,61047.0,61066.4,61030.0,61054.2,11438.6
1719698400000,61054.2,61061.9,61000.0,61000.0,14943.1
1719699300000,61000.1,61000.1,60902.5,60967.8,38454.2
1719700200000,60967.9,60975.8,60914.8,60967.3,8455.3
1719701100000,60967.2,61011.6,60829.3,60973.1,47219.3
1719702000000,60973.1,61036.3,60950.1,61032.9,17786.9
1719702900000,61032.9,61061.8,61003.4,61010.0,13760.3
1719703800000,61010.0,61039.4,60982.2,60987.8,14327.6
1719704700000,60987.8,60997.9,60945.0,60992.1,9772.7
1719705600000,60992.2,61010.5,60934.2,60934.3,35340.2
1719706500000,60934.2,61030.0,60914.4,61030.0,25876.3
1719707400000,61029.9,61082.4,61009.6,61070.5,32299.0
1719708300000,61070.5,61098.9,61026.2,61033.1,26087.3
1719709200000,61033.0,61047.8,60935.0,60993.6,36819.4
1719710100000,60993.7,61054.6,60943.2,61051.7,23240.0
1719711000000,61051.7,61051.8,60964.0,60970.0,17401.6
1719711900000,60970.0,60987.5,60926.2,60964.0,22760.1
1719712800000,60964.0,60964.3,60901.6,60949.3,23362.6
1719713700000,60949.3,60950.0,60850.0,60906.5,77711.8
1719714600000,60906.6,60961.4,60830.8,60863.4,59736.6
1719715500000,60863.3,60877.5,60762.0,60844.4,102880.5
1719716400000,60844.4,60889.0,60809.1,60842.0,24811.5
1719717300000,60841.9,60869.3,60796.0,60842.4,22461.7
1719718200000,60842.4,60948.3,60837.4,60918.7,31391.0
1719719100000,60918.8,60950.0,60884.6,60905.2,17140.5
1719720000000,60905.3,60905.3,60852.8,60876.2,15583.7
1719720900000,60876.2,60908.4,60800.4,60800.5,16522.8
1719721800000,60800.4,60819.6,60782.2,60815.0,24347.4
1719722700000,60814.9,60815.0,60761.6,60777.0,23621.6
1719723600000,60777.0,60800.1,60718.5,60740.8,49835.7
1719724500000,60740.9,60775.0,60709.9,60765.9,36072.6
1719725400000,60765.9,60820.8,60750.1,60766.0,23217.2
1719726300000,60766.1,60814.3,60766.0,60795.5,18180.8
1719727200000,60795.5,60865.0,60770.0,60865.0,34766.7
1719728100000,60864.9,60886.2,60849.1,60886.1,17651.2
1719729000000,60886.2,60970.2,60873.9,60963.6,59320.0
1719729900000,60963.6,61049.0,60934.0,61049.0,55187.8
1719730800000,61049.0,61799.2,61037.1,61724.1,667607.3
1719731700000,61727.9,61793.6,61504.0,61651.3,272352.3
1719732600000,61651.2,61680.0,61550.0,61621.9,82934.2
1719733500000,61621.6,61630.0,61383.7,61528.9,138796.0
1719734400000,61528.9,61613.3,61384.0,61434.8,116996.5
1719735300000,61434.9,61548.0,61429.4,61485.9,45468.5
1719736200000,61486.0,61548.0,61437.7,61454.0,40487.4
1719737100000,61453.9,61588.0,61433.0,61550.1,48895.9
1719738000000,61550.1,61631.0,61510.1,61561.5,39702.8
1719738900000,61561.4,61679.8,61554.6,61663.7,58022.0
1719739800000,61663.7,61710.0,61595.9,61596.0,53022.0
1719740700000,61596.0,61606.5,61500.0,61519.1,64313.2
1719741600000,61519.1,61619.2,61515.6,61603.1,27958.9
1719742500000,61603.1,61610.3,61520.7,61600.0,28497.9
1719743400000,61600.0,61632.9,61536.1,61538.9,24976.4
1719744300000,61538.9,61549.4,61487.0,61532.8,36602.4
1719745200000,61532.8,61658.0,61512.9,61657.9,57196.3
1719746100000,61657.9,61672.3,61585.8,61585.8,34546.1
1719747000000,61585.8,61615.3,61553.0,61556.7,13592.2
1719747900000,61556.6,61605.9,61530.0,61551.9,19087.3
1719748800000,61552.0,61638.2,61551.9,61630.0,31041.9
1719749700000,61629.9,61656.5,61572.1,61600.5,26471.9
1719750600000,61600.4,61600.4,61330.0,61381.9,105353.8
1719751500000,61382.0,61524.5,61372.1,61499.9,55284.8
1719752400000,61499.9,61539.9,61448.6,61522.9,30771.8
1719753300000,61523.0,61637.0,61490.0,61632.6,82356.5
1719754200000,61632.6,61746.8,61561.4,61599.6,137806.7
1719755100000,61599.6,61739.8,61599.5,61712.6,43180.3
1719756000000,61712.7,61878.8,61617.7,61709.6,194415.7
1719756900000,61709.6,61749.9,61555.2,61599.9,66849.4
1719757800000,61600.0,61673.0,61550.0,61561.8,52010.6
1719758700000,61561.9,61665.0,61526.1,61589.2,38464.6
1719759600000,61589.1,61700.0,61588.0,61672.7,44597.6
1719760500000,61672.7,61673.9,61621.0,61660.0,17567.9
1719761400000,61660.0,61732.3,61659.8,61721.5,34138.9
1719762300000,61721.5,61786.6,61694.1,61720.0,54579.6
1719763200000,61720.0,61750.0,61622.4,61666.0,46207.9
1719764100000,61665.9,61675.5,61582.8,61603.8,29554.8
1719765000000,61603.9,61666.3,61580.0,61629.5,23848.9
1719765900000,61629.5,61660.0,61601.1,61601.2,8636.8
1719766800000,61601.2,61648.0,61601.2,61609.0,16388.1
1719767700000,61608.9,61873.0,61608.9,61796.7,135571.3
1719768600000,61796.6,61860.5,61689.5,61708.2,74653.8
1719769500000,61708.2,61780.0,61666.7,61710.1,38470.6
1719770400000,61710.0,61764.3,61680.7,61714.0,18118.5
1719771300000,61714.0,61771.4,61680.0,61762.4,14583.8
1719772200000,61762.5,61839.9,61759.0,61836.3,22906.4
1719773100000,61836.2,62122.9,61828.1,62052.2,261017.3
1719774000000,62052.1,62099.0,61876.8,61918.2,122185.5
1719774900000,61918.2,62037.4,61918.1,61999.1,42178.5
1719775800000,61999.0,62078.1,61942.8,62075.1,25749.3
1719776700000,62075.0,62117.2,61973.0,62022.8,43797.8
1719777600000,62022.7,62110.9,61995.4,62067.7,28503.8
1719778500000,62067.7,62277.9,62047.8,62262.7,143829.0
1719779400000,62262.7,62399.9,62111.6,62129.7,174709.5
1719780300000,62135.3,62150.0,61965.2,61974.6,96646.9
1719781200000,61974.5,62012.0,61877.0,61901.8,59839.2
1719782100000,61901.8,61984.5,61854.5,61935.9,25103.3
1719783000000,61935.1,61935.1,61869.9,61906.4,20330.0
1719783900000,61906.4,61964.6,61819.9,61937.1,28959.2
1719784800000,61937.1,62122.0,61929.0,62107.1,62295.0
1719785700000,62107.1,62965.0,62075.4,62965.0,472015.4
1719786600000,62965.0,62975.7,62706.8,62847.6,213908.1
1719787500000,62847.6,62948.7,62715.7,62898.0,144700.6
1719788400000,62896.4,63091.9,62810.0,62849.5,218700.9
1719789300000,62850.0,62939.0,62821.0,62891.5,54722.0
1719790200000,62891.5,62954.3,62856.9,62857.0,52727.2
1719791100000,62857.0,62874.0,62768.0,62769.8,81917.0
1719792000000,62769.9,62815.1,62570.0,62628.5,114613.2
1719792900000,62628.5,62750.0,62625.0,62730.0,54395.5
1719793800000,62730.0,62840.1,62683.2,62801.9,69799.2
1719794700000,62801.8,62943.7,62766.7,62931.7,133665.6
1719795600000,62931.6,63666.0,62891.2,63645.1,782770.3
1719796500000,63645.0,63659.5,63403.3,63479.7,177653.0
1719797400000,63479.6,63682.5,63466.5,63619.9,126210.0
1719798300000,63620.0,63731.8,63535.8,63640.7,163524.9
1719799200000,63640.7,63840.0,63480.0,63527.0,336882.5
1719800100000,63526.9,63617.6,63525.6,63580.4,84492.6
1719801000000,63580.4,63608.9,63365.6,63405.9,163915.8
1719801900000,63405.9,63458.2,63300.0,63449.1,92552.7
1719802800000,63449.1,63526.4,63405.8,63458.6,74204.5
1719803700000,63458.5,63500.0,63410.0,63463.9,71184.7
1719804600000,63464.0,63475.2,63350.0,63379.2,52436.6
1719805500000,63379.2,63479.6,63379.2,63436.0,30595.0
1719806400000,63437.3,63470.8,63361.7,63391.6,38024.2
1719807300000,63391.6,63438.3,63329.3,63340.3,35829.1
1719808200000,63340.4,63366.1,63216.0,63230.1,116027.7
1719809100000,63230.0,63313.4,63230.0,63275.0,51263.2
1719810000000,63275.1,63365.2,63258.8,63332.8,31027.8
1719810900000,63332.8,63432.3,63312.4,63392.7,37133.4
1719811800000,63392.7,63447.7,63369.8,63375.0,40074.4
1719812700000,63378.6,63446.0,63377.2,63423.4,33932.2
1719813600000,63423.4,63458.0,63370.0,63370.0,33557.0
1719814500000,63370.0,63389.4,63280.9,63387.4,44455.4
1719815400000,63387.5,63424.0,63346.3,63361.7,27525.7
1719816300000,63361.7,63474.3,63333.0,63404.5,45770.5
1719817200000,63404.6,63435.0,63348.6,63435.0,26637.1
1719818100000,63435.0,63435.0,63301.5,63308.7,42694.4
1719819000000,63308.7,63359.3,63292.6,63330.1,35234.2
1719819900000,63330.1,63364.6,63250.0,63276.8,46379.2
1719820800000,63276.8,63325.1,63260.6,63260.6,39505.5
1719821700000,63260.6,63307.6,63099.4,63120.5,155396.6
1719822600000,63120.5,63133.6,62833.3,62893.9,207639.7
1719823500000,62893.9,62998.8,62858.0,62931.1,112733.4
1719824400000,62931.1,63009.4,62868.6,62886.3,60149.0
1719825300000,62886.2,62931.0,62789.0,62846.1,78379.1
1719826200000,62846.1,62957.0,62842.3,62888.0,48463.5
1719827100000,62888.0,62980.3,62868.0,62949.9,53055.1
1719828000000,62949.9,63012.1,62900.0,62906.0,71332.9
1719828900000,62906.0,62951.1,62850.0,62880.0,36381.8
1719829800000,62880.1,62953.8,62794.9,62853.0,46376.9
1719830700000,62853.0,62896.4,62810.1,62859.2,34750.0
1719831600000,62859.1,62871.8,62736.0,62830.0,108494.8
1719832500000,62830.0,62866.7,62710.0,62767.7,110059.5
1719833400000,62767.7,62786.8,62681.2,62750.0,77367.3
1719834300000,62749.9,62750.0,62607.0,62679.6,99073.7
1719835200000,62679.6,62861.0,62650.1,62700.9,102197.8
1719836100000,62701.0,62797.4,62690.0,62777.3,40544.3
1719837000000,62777.3,62913.0,62750.0,62866.2,72175.8
1719837900000,62866.1,62915.9,62809.1,62898.5,47546.5
1719838800000,62898.5,63023.2,62801.0,62840.0,120782.6
1719839700000,62840.1,62952.0,62686.3,62952.0,122533.9
1719840600000,62952.0,63096.5,62682.0,62713.0,215668.9
1719841500000,62713.0,62762.3,62518.0,62695.5,275554.2
1719842400000,62695.6,62918.0,62617.7,62622.6,193465.5
1719843300000,62622.5,62881.1,62613.3,62827.5,100904.8
1719844200000,62827.5,62946.7,62771.8,62849.3,118355.3
1719845100000,62849.3,62885.1,62780.2,62821.3,49484.7
1719846000000,62820.8,63060.7,62813.0,63023.8,163311.4
1719846900000,63023.8,63023.8,62817.7,62940.1,82194.4
1719847800000,62940.0,63000.0,62863.5,62928.2,60871.9
1719848700000,62928.1,63179.0,62919.9,63126.3,133200.0
1719849600000,63126.3,63336.0,62958.1,63276.9,204707.0
1719850500000,63276.9,63309.6,63124.0,63181.2,108893.2
1719851400000,63181.3,63305.0,63124.6,63167.8,89326.0
1719852300000,63167.8,63182.6,63077.6,63107.7,66114.1
1719853200000,63107.6,63180.0,63045.0,63101.4,45906.1
1719854100000,63101.4,63376.4,63082.8,63326.4,84884.0
1719855000000,63326.3,63618.0,63270.1,63596.6,261547.2
1719855900000,63596.5,63688.0,63500.0,63686.0,132860.8
1719856800000,63685.9,63732.0,63570.0,63643.8,133623.7
1719857700000,63643.8,63866.0,63436.4,63514.0,274668.7
1719858600000,63513.9,63597.3,63457.1,63550.9,92565.7
1719859500000,63550.9,63720.0,63517.9,63642.3,84444.8
1719860400000,63642.2,63642.3,63458.3,63526.6,70552.8
1719861300000,63527.0,63527.0,63342.0,63380.1,109782.2
1719862200000,63380.0,63404.1,63175.2,63215.4,135301.9
1719863100000,63215.4,63347.8,63066.7,63221.6,180877.9
1719864000000,63221.7,63339.3,63161.1,63296.1,64212.6
1719864900000,63296.2,63428.0,63296.2,63353.4,63044.9
1719865800000,63353.4,63384.0,63281.1,63300.0,30002.4
1719866700000,63300.0,63351.2,63289.3,63291.0,21819.8
1719867600000,63290.9,63290.9,63225.0,63225.0,17246.9
1719868500000,63225.0,63234.3,63100.0,63134.4,27107.5
1719869400000,63134.4,63188.1,63100.0,63186.5,30331.3
1719870300000,63186.5,63205.1,63036.2,63129.6,52675.4
1719871200000,63129.7,63171.2,63024.4,63072.3,48682.7
1719872100000,63072.2,63132.4,62816.0,62884.7,157839.8
1719873000000,62884.7,62942.2,62821.1,62925.5,44323.1
1719873900000,62925.4,63028.0,62919.7,62983.0,42101.8
1719874800000,62983.1,63050.0,62983.0,63011.5,34806.0
1719875700000,63011.4,63019.9,62853.9,62862.8,40395.0
1719876600000,62862.7,62948.9,62840.6,62925.5,47283.0
1719877500000,62925.5,62949.0,62875.3,62905.3,16367.8
1719878400000,62905.3,62981.4,62851.7,62863.2,44668.1
1719879300000,62863.2,62993.7,62786.5,62992.7,78591.9
1719880200000,62992.7,62992.8,62866.6,62876.2,48684.1
1719881100000,62876.2,62985.5,62870.6,62932.4,27172.7
1719882000000,62932.4,62977.3,62850.0,62938.9,43058.2
1719882900000,62938.9,62966.0,62865.0,62887.1,31570.3
1719883800000,62887.1,62951.4,62817.0,62862.9,44565.4
1719884700000,62863.0,62948.1,62860.5,62929.9,24566.7
1719885600000,62929.9,63122.5,62918.7,63095.0,78162.5
1719886500000,63095.0,63128.4,63010.0,63033.8,46840.6
1719887400000,63033.8,63098.0,62950.9,62975.5,37292.6
1719888300000,62975.6,63027.1,62965.4,62998.4,16648.8
1719889200000,62998.3,63068.8,62987.7,63035.0,22374.6
1719890100000,63035.1,63182.1,63000.9,63170.0,47858.6
1719891000000,63169.9,63298.7,63141.4,63216.9,95781.9
1719891900000,63216.8,63230.0,63116.9,63130.9,29645.3
1719892800000,63130.9,63208.3,63109.5,63208.3,53469.6
1719893700000,63208.3,63248.4,63138.7,63142.0,26643.3
1719894600000,63142.1,63189.0,63095.0,63095.0,32624.9
1719895500000,63095.0,63119.3,63026.8,63029.0,37900.2
1719896400000,63029.1,63049.9,62992.1,63023.7,42713.8
1719897300000,63023.7,63086.7,63023.7,63068.6,23738.2
1719898200000,63068.6,63104.2,63020.0,63053.8,24726.9
1719899100000,63053.8,63053.8,63000.9,63025.9,23654.9
1719900000000,63025.8,63050.0,62889.1,62939.5,56712.9
1719900900000,62939.5,62987.9,62888.4,62891.8,44856.4
1719901800000,62891.9,62924.7,62836.6,62910.1,103759.0
1719902700000,62910.1,62930.0,62819.9,62863.0,102101.4
1719903600000,62863.0,62875.8,62663.0,62693.2,155444.2
1719904500000,62693.6,62748.7,62616.0,62699.2,108058.0
1719905400000,62699.3,62737.5,62577.0,62621.4,120985.0
1719906300000,62621.5,62677.7,62602.2,62638.7,43302.7
1719907200000,62638.6,62707.6,62409.9,62482.8,225117.1
1719908100000,62482.8,62749.8,62464.2,62690.0,142950.6
1719909000000,62689.9,62746.1,62650.0,62719.9,46007.1
1719909900000,62719.9,62748.8,62666.3,62670.4,48930.8
1719910800000,62670.4,62793.3,62623.2,62747.3,67995.8
1719911700000,62747.2,62747.2,62650.2,62690.0,23743.6
1719912600000,62690.0,62740.5,62652.7,62665.6,45942.0
1719913500000,62666.4,62700.0,62646.4,62658.0,31699.9
1719914400000,62656.7,62677.3,62500.4,62580.0,94386.4
1719915300000,62580.0,62669.9,62565.9,62658.4,41067.7
1719916200000,62658.4,62777.6,62631.1,62730.1,39062.8
1719917100000,62730.2,62827.6,62700.2,62717.0,58844.9
1719918000000,62717.1,62730.0,62659.9,62694.0,31047.7
1719918900000,62694.0,62788.0,62616.9,62773.7,35990.5
1719919800000,62773.7,62873.5,62760.0,62790.2,102850.5
1719920700000,62790.2,62844.8,62760.0,62827.8,36193.6
1719921600000,62827.9,62859.0,62718.8,62746.5,47362.6
1719922500000,62746.5,62843.1,62744.5,62751.5,26109.3
1719923400000,62751.5,62914.9,62748.6,62912.4,63316.0
1719924300000,62912.3,63056.3,62826.1,62870.2,165253.6
1719925200000,62870.1,62949.3,62799.8,62879.9,69347.9
1719926100000,62880.0,63006.0,62833.6,62904.9,68842.0
1719927000000,62904.9,63165.0,62702.1,62937.9,283403.3
1719927900000,62937.9,62992.9,62531.1,62629.0,276244.5
1719928800000,62629.1,62751.3,62334.2,62374.8,362866.2
1719929700000,62374.8,62457.1,62227.0,62335.9,362534.2
1719930600000,62335.9,62423.5,61888.8,61900.8,616851.1
1719931500000,61900.8,62099.5,61877.0,62050.0,300283.0
1719932400000,62050.1,62166.0,62009.6,62034.7,196167.0
1719933300000,62034.6,62091.1,61888.0,61969.3,98145.3
1719934200000,61969.3,62100.0,61836.9,62003.0,137216.2
1719935100000,62003.1,62098.9,61910.3,61958.4,87459.3
1719936000000,61958.5,61987.0,61830.0,61902.2,155193.8
1719936900000,61902.1,61956.7,61831.4,61909.9,62286.2
1719937800000,61909.8,61987.4,61865.7,61969.9,84623.1
1719938700000,61970.0,62046.0,61919.4,61941.9,77185.0
1719939600000,61941.8,62000.0,61893.9,61921.2,53351.3
1719940500000,61921.2,62004.9,61921.2,62004.6,37216.2
1719941400000,62004.6,62094.1,61933.7,62063.1,52151.8
1719942300000,62063.1,62179.4,62042.3,62163.5,66343.5
1719943200000,62163.5,62339.6,62153.0,62289.5,130865.2
1719944100000,62289.5,62364.9,62270.0,62313.1,81714.2
1719945000000,62313.1,62362.0,62257.4,62299.9,54649.4
1719945900000,62300.0,62373.0,62300.0,62328.4,28890.8
1719946800000,62328.3,62375.0,62165.5,62180.7,89925.4
1719947700000,62180.7,62180.8,62011.2,62013.6,90440.8
1719948600000,62013.5,62160.0,61995.2,62010.0,67057.3
1719949500000,62010.1,62051.5,61901.0,61959.5,91338.1
1719950400000,61959.4,62068.3,61881.1,62057.4,67230.1
1719951300000,62057.4,62102.7,62004.6,62078.4,30015.6
1719952200000,62078.4,62100.0,61978.1,62018.9,39937.3
1719953100000,62018.8,62071.8,62014.2,62020.2,26246.7
1719954000000,62020.1,62103.0,61921.0,61947.2,44082.7
1719954900000,61947.3,62044.5,61947.2,62025.5,17852.0
1719955800000,62025.4,62079.2,62002.6,62041.5,15259.1
1719956700000,62041.5,62101.0,61950.0,61956.0,34449.2
1719957600000,61955.9,62076.0,61955.9,62050.2,22282.1
1719958500000,62050.0,62059.9,61986.0,62047.8,18745.1
1719959400000,62047.8,62074.7,61988.9,62041.5,23722.0
1719960300000,62041.5,62120.0,61994.6,62091.0,30370.3
1719961200000,62091.1,62195.6,62082.1,62157.5,46430.6
1719962100000,62157.4,62184.2,62090.7,62128.3,30413.8
1719963000000,62128.3,62153.3,62084.1,62147.9,18807.0
1719963900000,62147.9,62156.4,62078.3,62129.9,35528.8
1719964800000,62129.9,62222.0,62121.2,62222.0,55850.9
1719965700000,62222.0,62279.8,62210.1,62249.9,39663.8
1719966600000,62250.0,62292.1,62243.5,62257.7,21094.1
1719967500000,62257.7,62269.3,62084.9,62091.6,42332.9
1719968400000,62091.7,62116.0,61856.0,62034.6,181930.2
1719969300000,62034.6,62231.5,61994.0,62106.0,78363.5
1719970200000,62105.9,62179.9,62041.9,62071.3,42998.2
1719971100000,62070.1,62085.0,61268.0,61633.5,606497.5
1719972000000,61633.5,61633.7,61461.6,61551.9,228563.7
1719972900000,61551.9,61580.0,61471.1,61550.9,117806.4
1719973800000,61551.0,61616.8,61251.1,61264.3,180614.9
1719974700000,61264.3,61386.4,61250.1,61376.9,150602.4
1719975600000,61376.9,61388.0,60805.0,60821.1,480939.6
1719976500000,60821.0,61049.8,60601.1,60991.4,437421.1
1719977400000,60991.5,61078.8,60937.5,60996.7,104634.2
1719978300000,60996.7,61025.0,60913.2,60990.1,78796.1
1719979200000,60990.0,60994.9,60861.3,60951.4,88184.3
1719980100000,60951.4,60970.0,60843.8,60970.0,60423.8
1719981000000,60970.0,60970.0,60840.1,60845.8,61669.8
1719981900000,60845.7,60917.0,60815.8,60889.0,69208.2
1719982800000,60888.9,61026.3,60865.7,60990.1,116379.7
1719983700000,60990.1,61018.9,60900.0,60930.9,88058.5
1719984600000,60930.9,60990.9,60904.4,60967.7,45559.1
1719985500000,60967.6,61119.7,60956.9,61118.9,94275.0
1719986400000,61118.8,61177.9,61062.1,61154.1,91832.2
1719987300000,61154.1,61185.8,61046.0,61076.8,54876.4
1719988200000,61076.8,61141.2,61013.2,61035.9,50215.9
1719989100000,61036.0,61068.4,60964.6,61011.0,73447.3
1719990000000,61010.9,61011.0,60968.0,60985.7,41327.9
1719990900000,60985.7,61041.2,60916.1,60916.1,81938.0
1719991800000,60916.1,61033.9,60888.0,60888.0,55858.5
1719992700000,60888.0,60920.0,60840.5,60874.2,74111.4
1719993600000,60871.6,60907.5,60760.3,60852.1,108921.0
1719994500000,60853.0,60997.2,60847.0,60956.7,116106.7
1719995400000,60956.7,60986.2,60786.1,60836.6,170436.2
1719996300000,60836.6,60866.0,60360.0,60495.6,341717.1
1719997200000,60495.6,60666.0,60304.0,60584.2,343832.9
1719998100000,60584.7,60670.6,60505.5,60641.7,133425.3
1719999000000,60641.8,60678.6,60588.1,60651.1,46662.8
1719999900000,60651.1,60680.0,60590.0,60616.3,54569.1
1720000800000,60616.3,60636.7,60200.1,60281.8,356363.2
1720001700000,60281.8,60346.0,60080.0,60134.3,422067.2
1720002600000,60134.3,60248.8,59531.3,60211.7,861244.8
1720003500000,60211.8,60387.1,60169.3,60386.6,204476.1
1720004400000,60386.6,60392.7,60236.9,60314.4,181587.0
1720005300000,60314.3,60495.9,60214.2,60222.0,168451.0
1720006200000,60222.0,60306.0,60114.4,60300.0,137636.9
1720007100000,60300.0,60442.8,60275.1,60393.7,78302.9
1720008000000,60393.7,60395.4,60175.9,60242.8,91671.3
1720008900000,60242.9,60393.1,60160.0,60260.7,100666.2
1720009800000,60261.0,60310.0,60006.0,60107.7,218573.9
1720010700000,60107.6,60184.7,59927.1,60035.6,229931.5
1720011600000,60034.5,60280.0,59760.0,60213.1,341228.3
1720012500000,60213.1,60422.1,60181.0,60375.6,211298.6
1720013400000,60375.7,60558.7,60289.6,60546.5,243453.6
1720014300000,60546.4,60644.6,60443.0,60589.9,187719.5
1720015200000,60589.9,60778.0,60411.5,60458.2,223067.5
1720016100000,60461.4,60588.0,60374.0,60378.5,128289.9
1720017000000,60378.5,60439.6,60289.0,60290.1,125459.4
1720017900000,60290.0,60418.9,60268.0,60290.7,110131.3
1720018800000,60290.6,60290.7,59964.3,60243.0,337075.8
1720019700000,60243.0,60455.0,60150.0,60422.7,166870.9
1720020600000,60422.7,60463.9,60240.0,60290.2,146993.3
1720021500000,60290.1,60290.2,60160.0,60187.1,89795.8
1720022400000,60187.2,60346.6,60090.1,60274.5,126026.3
1720023300000,60274.4,60633.0,60270.8,60615.9,201099.8
1720024200000,60615.9,60664.8,60393.4,60458.0,181578.8
1720025100000,60458.0,60565.9,60402.0,60499.8,122778.4
1720026000000,60499.8,60520.0,60405.0,60464.9,54097.9
1720026900000,60465.0,60473.8,60402.3,60444.2,70650.7
1720027800000,60444.1,60444.2,60301.8,60320.0,61115.1
1720028700000,60320.0,60367.1,60182.4,60367.1,80443.9
1720029600000,60367.1,60439.0,60261.8,60366.8,44933.5
1720030500000,60366.2,60420.5,60284.2,60391.9,31345.4
1720031400000,60391.9,60427.6,60349.7,60426.6,33164.6
1720032300000,60426.6,60438.9,60230.0,60242.2,64423.5
1720033200000,60242.1,60242.1,60060.8,60144.2,105610.7
1720034100000,60144.1,60177.0,59786.3,60003.8,282540.1
1720035000000,60003.8,60038.0,59873.4,59959.7,95619.6
1720035900000,59959.7,60006.3,59640.5,59661.7,169751.2
1720036800000,59660.5,59867.7,59660.4,59731.1,105301.9
1720037700000,59731.2,59855.8,59662.1,59735.1,64257.6
1720038600000,59735.0,59797.1,59652.5,59696.0,66998.4
1720039500000,59696.0,59821.7,59555.5,59604.9,115643.8
1720040400000,59604.9,59881.8,59365.0,59870.9,322177.3
1720041300000,59870.9,59872.4,59743.6,59872.3,64702.4
1720042200000,59872.3,60148.0,59872.3,60143.6,102928.2
1720043100000,60143.7,60349.2,60135.3,60242.9,69577.4
1720044000000,60242.8,60288.8,60121.1,60245.1,56208.8
1720044900000,60245.1,60303.0,60164.7,60281.1,56402.8
1720045800000,60281.1,60354.9,60274.7,60348.0,31923.6
1720046700000,60348.0,60370.4,60290.7,60318.9,25637.7
1720047600000,60318.9,60359.5,60278.2,60338.9,25692.4
1720048500000,60339.6,60359.5,60324.8,60356.3,19689.6
1720049400000,60356.4,60371.7,60241.9,60259.1,28048.4
1720050300000,60259.2,60313.7,60207.9,60213.9,31873.8
1720051200000,60214.0,60322.1,60214.0,60278.8,57369.9
1720052100000,60278.7,60428.6,60273.0,60370.9,86837.7
1720053000000,60371.0,60483.2,60353.7,60428.6,68656.7
1720053900000,60426.1,60448.3,60410.0,60420.9,33338.5
1720054800000,60420.8,60503.8,60095.3,60110.2,153989.6
1720055700000,60110.2,60298.0,59883.9,60248.4,211687.5
1720056600000,60248.4,60248.4,59156.2,59605.9,682617.1
1720057500000,59606.0,59616.0,58429.8,58587.5,1052659.0
1720058400000,58587.5,58826.3,57796.9,58725.0,1136380.7
1720059300000,58725.1,58982.9,58656.0,58972.3,334213.5
1720060200000,58972.3,59100.0,58870.5,59096.1,196420.6
1720061100000,59096.0,59139.0,58964.5,58965.0,194358.8
1720062000000,58965.1,59041.9,58923.1,58944.7,111404.4
1720062900000,58944.6,58990.1,58835.0,58938.8,158693.4
1720063800000,58938.7,59069.2,58925.0,59011.8,72818.8
1720064700000,59011.8,59158.1,58991.8,59105.8,96894.9
1720065600000,59105.7,59160.0,59023.1,59086.0,57418.6
1720066500000,59085.9,59086.0,58724.0,58809.1,183821.7
1720067400000,58809.0,58977.7,58736.9,58942.1,86403.2
1720068300000,58942.0,59050.0,58909.6,58966.3,66397.1
1720069200000,58966.3,58999.9,58863.1,58879.1,40708.1
1720070100000,58879.1,58957.5,58863.0,58914.1,36805.5
1720071000000,58914.2,59048.0,58868.5,58947.3,106164.8
1720071900000,58947.3,58974.4,58863.6,58892.5,77782.1
1720072800000,58896.8,58923.7,58804.0,58886.0,79044.1
1720073700000,58886.0,58900.0,58552.0,58649.9,227004.5
1720074600000,58650.0,59096.7,58541.4,58932.1,300544.1
1720075500000,58932.1,58970.4,58771.1,58797.5,113412.0
1720076400000,58797.6,58865.8,58705.0,58757.7,94670.7
1720077300000,58757.7,58763.6,58409.3,58450.3,234209.4
1720078200000,58450.2,58658.7,58414.1,58489.9,195724.4
1720079100000,58489.9,58556.1,58088.8,58237.5,358302.5
1720080000000,58237.5,58508.4,58200.0,58330.0,246954.4
1720080900000,58330.8,58342.5,58068.8,58068.9,237885.1
1720081800000,58068.9,58200.0,57176.9,57680.1,1027797.0
1720082700000,57680.0,57845.0,57400.0,57696.7,467355.1
1720083600000,57696.8,57772.0,57033.0,57515.9,554745.5
1720084500000,57516.0,57611.0,56968.6,57529.4,536592.8
1720085400000,57529.4,57828.0,57502.0,57814.9,286333.6
1720086300000,57814.9,57866.9,57681.7,57740.3,143242.2
1720087200000,57740.3,57780.0,57454.9,57576.2,160372.0
1720088100000,57576.2,57648.0,57431.0,57597.1,139510.2
1720089000000,57597.1,57698.1,57442.7,57671.9,105613.0
1720089900000,57672.0,57948.0,57652.1,57939.0,198005.1
1720090800000,57938.9,58104.0,57900.0,57923.6,204388.7
1720091700000,57923.6,57928.5,57730.0,57782.0,150784.8
1720092600000,57782.0,57846.5,57668.6,57714.8,100958.7
1720093500000,57714.8,57850.0,57688.0,57762.0,87818.5
1720094400000,57762.0,57762.0,57566.0,57600.8,176171.2
1720095300000,57600.9,57632.9,57382.2,57528.0,189518.3
1720096200000,57529.9,57730.8,57460.0,57518.7,162675.9
1720097100000,57518.6,57518.7,57160.0,57255.7,332169.6
1720098000000,57255.7,57470.7,57054.0,57346.6,250888.3
1720098900000,57346.6,57398.8,56771.6,56943.6,605050.2
1720099800000,56943.5,57066.0,56760.0,56824.8,330736.1
1720100700000,56824.8,57495.0,56758.0,57421.2,416682.2
1720101600000,57421.3,57545.8,57159.8,57291.5,271948.1
1720102500000,57291.5,57400.0,56851.9,57016.1,241867.0
1720103400000,57016.1,57470.0,56927.8,57299.8,289714.9
1720104300000,57299.8,57509.0,57240.3,57454.7,157254.3
1720105200000,57454.7,57649.0,57364.0,57588.4,225007.3
1720106100000,57588.4,57588.4,57371.2,57514.4,97888.8
1720107000000,57514.4,57798.9,57391.9,57791.2,161438.8
1720107900000,57791.2,58352.0,57737.4,58140.1,697502.2
1720108800000,58140.2,58140.2,57812.5,57853.7,264512.3
1720109700000,57853.7,58045.0,57806.1,57930.5,121458.6
1720110600000,57930.4,58211.0,57740.0,58121.6,180863.7
1720111500000,58121.6,58386.0,58008.4,58288.0,208796.2
1720112400000,58288.0,58365.1,58101.5,58138.6,120032.6
1720113300000,58138.5,58387.9,58086.6,58315.1,95594.2
1720114200000,58315.1,58327.1,58151.1,58164.1,74679.5
1720115100000,58164.1,58316.3,58110.1,58240.5,76790.3
1720116000000,58240.6,58330.2,57932.3,58032.6,136144.5
1720116900000,58032.6,58206.7,57983.8,58206.7,56990.8
1720117800000,58206.7,58369.9,58093.2,58196.0,100360.4
1720118700000,58196.0,58196.0,58080.0,58162.4,55737.3
1720119600000,58162.3,58377.5,58135.1,58299.1,89760.7
1720120500000,58299.5,58500.0,58213.3,58489.0,115058.9
1720121400000,58489.0,58675.4,58361.8,58371.5,196756.0
1720122300000,58371.5,58399.2,58276.1,58279.8,80526.8
1720123200000,58279.7,58311.8,58180.0,58227.6,53595.7
1720124100000,58227.6,58254.9,58151.0,58151.0,24048.5
1720125000000,58151.1,58234.2,58130.8,58218.5,28642.2
1720125900000,58217.0,58355.0,58156.5,58355.0,45653.9
1720126800000,58355.0,58487.5,58288.0,58482.9,35285.3
1720127700000,58482.9,58650.0,58396.2,58474.6,61824.8
1720128600000,58470.5,58470.5,58323.8,58356.2,25343.2
1720129500000,58356.2,58508.3,58352.6,58491.8,12370.4
1720130400000,58491.8,58821.8,58450.3,58525.0,139436.9
1720131300000,58525.0,58539.9,58357.2,58367.0,47374.7
1720132200000,58367.0,58396.5,58166.7,58264.2,96637.0
1720133100000,58264.1,58276.7,58010.0,58050.1,99280.0
1720134000000,58050.2,58122.7,57867.0,58092.8,155819.7
1720134900000,58094.3,58098.0,57826.8,57826.8,191651.0
1720135800000,57826.8,57914.3,56825.0,57138.9,820230.7
1720136700000,57138.8,57347.0,56930.5,57065.2,324397.2
1720137600000,57065.2,57264.9,56711.7,56896.0,515822.2
1720138500000,56896.0,57300.0,56888.1,57057.5,246264.5
1720139400000,57057.5,57288.0,56670.0,56950.0,469644.4
1720140300000,56950.0,57559.5,56950.0,57386.0,334354.9
1720141200000,57386.0,57455.8,57200.0,57210.0,132753.8
1720142100000,57210.8,57338.9,56821.0,57012.0,261672.1
1720143000000,57012.1,57197.9,56807.5,56982.5,204278.5
1720143900000,56982.5,57320.0,56982.5,57177.5,162695.3
1720144800000,57177.5,57198.7,56827.2,56843.1,273082.2
1720145700000,56843.1,57011.2,56617.5,56950.3,365925.9
1720146600000,56950.1,57250.0,56676.8,56780.3,358278.1
1720147500000,56780.2,56922.0,55388.0,55750.0,1460095.5
1720148400000,55750.0,56000.0,54958.8,55365.0,1393837.0
1720149300000,55365.1,55648.0,55258.6,55446.9,383894.6
1720150200000,55446.8,55522.0,55300.0,55351.9,358959.5
1720151100000,55352.0,55381.2,55155.0,55240.6,297126.0
1720152000000,55240.6,55370.3,55011.1,55049.2,352575.5
1720152900000,55049.3,55126.5,53222.3,54442.2,1812442.8
1720153800000,54442.2,54580.0,54277.0,54398.1,361088.7
1720154700000,54398.1,54432.9,53737.0,53941.8,351760.2
1720155600000,53941.6,54449.4,53791.5,54442.3,399071.8
1720156500000,54442.3,54493.9,54211.8,54224.0,223725.7
1720157400000,54224.1,54410.9,54108.1,54390.1,203227.3
1720158300000,54389.7,54798.9,54383.6,54798.9,270082.9
1720159200000,54798.9,54800.0,54461.8,54500.2,161264.9
1720160100000,54500.2,54522.8,54179.9,54311.7,267748.3
1720161000000,54311.7,54366.0,53869.3,54286.4,520097.6
1720161900000,54286.4,54475.7,54167.7,54291.2,200894.8
1720162800000,54291.2,54344.6,54089.9,54168.5,141944.5
1720163700000,54168.6,54449.4,54168.6,54290.5,105942.3
1720164600000,54290.5,54299.2,53956.2,54208.0,229264.8
1720165500000,54206.8,54438.1,54129.9,54401.1,171976.3
1720166400000,54401.2,54440.0,54239.0,54440.0,99663.6
1720167300000,54440.0,54444.0,54149.0,54310.0,199869.5
1720168200000,54310.1,54402.0,54184.1,54266.2,222546.0
1720169100000,54266.3,54315.6,54055.0,54085.7,236277.5
1720170000000,54085.6,54180.0,53888.0,53906.3,234708.1
1720170900000,53906.8,54380.0,53901.7,54358.9,250771.9
1720171800000,54358.9,54517.0,54305.4,54516.9,187288.0
1720172700000,54517.0,54737.0,54420.2,54523.1,227116.4
1720173600000,54523.0,55300.0,54400.0,55214.0,546415.2
1720174500000,55214.0,55355.0,54774.1,55017.4,363070.0
1720175400000,55017.4,55195.7,54926.6,55126.1,170350.4
1720176300000,55126.0,55218.5,54910.6,54979.9,114644.1
1720177200000,54980.0,55429.4,54979.9,55342.0,285464.8
1720178100000,55342.0,55470.0,55160.3,55341.6,397223.3
1720179000000,55341.6,55510.0,55144.5,55510.0,297286.4
1720179900000,55509.9,55662.4,55353.4,55490.0,170719.2
1720180800000,55489.9,55490.0,55183.1,55407.1,189190.9
1720181700000,55407.1,55674.5,55315.4,55655.6,294245.5
1720182600000,55655.6,56070.0,54970.3,55326.3,1013145.8
1720183500000,55326.4,55350.0,55034.6,55062.8,167886.1
1720184400000,55062.8,55432.2,54841.5,55335.7,371265.8
1720185300000,55335.7,55550.0,55161.9,55534.4,157192.6
1720186200000,55534.4,55887.0,55393.7,55742.1,585682.4
1720187100000,55742.1,55899.9,55450.0,55838.9,275358.7
1720188000000,55841.9,55910.0,55455.2,55565.6,314632.4
1720188900000,55565.6,55627.8,55370.4,55386.2,146473.3
1720189800000,55386.3,55698.3,55341.5,55687.4,165412.4
1720190700000,55686.0,55835.5,55640.8,55753.0,196482.0
1720191600000,55752.9,56622.4,55655.4,56330.0,684536.1
1720192500000,56330.0,56588.0,56237.5,56526.7,278109.7
1720193400000,56526.7,56660.0,56320.0,56507.4,272781.7
1720194300000,56507.4,56698.9,56380.5,56678.3,241160.4
1720195200000,56678.3,56777.7,56370.2,56505.0,254833.0
1720196100000,56505.1,56955.0,56450.1,56600.0,336957.5
1720197000000,56597.3,56634.9,56158.0,56339.5,329232.0
1720197900000,56339.4,56627.3,56319.4,56458.4,164157.4
1720198800000,56458.5,56630.0,56302.2,56619.7,116375.9
1720199700000,56619.8,56900.0,56611.6,56856.7,167706.6
1720200600000,56856.7,57065.4,56618.6,56636.4,226456.5
1720201500000,56636.5,56677.9,56447.7,56470.2,168404.7
1720202400000,56470.2,56514.3,56037.0,56057.7,319935.7
1720203300000,56057.8,56496.9,55820.0,56471.9,350691.4
1720204200000,56471.9,56739.7,56432.8,56528.3,180709.4
1720205100000,56528.4,56693.7,56517.6,56548.4,104785.5
1720206000000,56548.5,56548.5,56330.8,56470.4,116201.7
1720206900000,56470.5,56760.0,56459.3,56731.1,76150.3
1720207800000,56731.0,56739.3,56509.1,56634.5,82225.7
1720208700000,56638.0,56671.2,56417.5,56469.8,57070.6
1720209600000,56469.9,56524.3,56368.4,56422.7,72037.6
1720210500000,56422.6,56464.5,56333.3,56338.2,27581.6
1720211400000,56341.8,56419.6,56318.5,56341.3,41486.2
1720212300000,56341.4,56472.4,56341.3,56354.2,32933.8
1720213200000,56354.2,56517.7,56352.3,56499.9,28229.6
1720214100000,56499.8,56528.8,56360.0,56484.0,25013.3
1720215000000,56484.0,56731.8,56484.0,56530.6,49236.7
1720215900000,56530.5,56810.9,56484.2,56520.7,42185.2
1720216800000,56519.0,56563.5,56402.0,56531.4,45074.2
1720217700000,56531.5,56737.8,56531.5,56726.8,59765.0
1720218600000,56725.9,56740.0,56587.1,56600.8,28728.7
1720219500000,56600.9,56662.6,56536.2,56630.1,37935.1
1720220400000,56630.0,56767.4,56616.1,56757.7,39856.1
1720221300000,56757.8,56795.9,56680.0,56721.2,33741.4
1720222200000,56721.1,56868.1,56634.5,56760.7,80125.8
1720223100000,56760.6,56806.0,56610.2,56620.0,46483.5
1720224000000,56620.0,56644.0,56447.7,56543.5,102035.4
1720224900000,56543.4,56576.3,56380.0,56404.3,70850.8
1720225800000,56404.3,57022.9,56372.0,56872.5,288548.1
1720226700000,56872.5,56882.0,56589.1,56614.4,107478.9
1720227600000,56614.5,56629.4,56352.0,56510.2,169142.8
1720228500000,56510.1,56571.9,56385.6,56458.1,67632.6
1720229400000,56456.7,56465.4,56209.8,56306.2,101267.4
1720230300000,56306.1,56378.8,56210.2,56222.2,52257.9
1720231200000,56222.2,56388.5,56177.1,56200.1,114330.2
1720232100000,56200.0,56337.1,56200.0,56289.4,120749.7
1720233000000,56289.3,56500.0,56277.0,56427.4,50843.9
1720233900000,56427.4,56499.8,56375.8,56435.2,27267.6
1720234800000,56435.2,56459.4,56336.8,56340.4,27350.9
1720235700000,56340.5,56526.8,56294.1,56339.5,46755.3
1720236600000,56339.4,56448.9,56265.6,56440.7,36123.3
1720237500000,56438.2,56458.2,56371.9,56411.3,24905.2
1720238400000,56411.2,56419.4,56289.1,56325.2,28056.0
1720239300000,56325.2,56336.3,56222.0,56287.5,37221.7
1720240200000,56287.5,56291.1,56101.6,56155.9,89312.8
1720241100000,56155.8,56197.6,56044.4,56069.3,105115.8
1720242000000,56069.3,56380.0,56027.7,56315.2,235291.8
1720242900000,56315.2,56418.3,56254.0,56379.0,55535.5
1720243800000,56378.8,56491.6,56367.5,56449.9,101926.5
1720244700000,56449.9,56450.0,56343.6,56359.5,39306.7
1720245600000,56359.6,56447.0,56347.1,56443.0,20749.1
1720246500000,56443.0,56576.8,56422.2,56535.3,73792.1
1720247400000,56535.3,56573.2,56494.7,56513.6,39424.8
1720248300000,56513.6,56513.6,56414.5,56415.3,54621.7
1720249200000,56415.2,56678.0,56401.0,56625.5,103791.3
1720250100000,56625.4,56670.6,56563.0,56587.2,64357.1
1720251000000,56587.3,56628.0,56536.2,56588.4,50416.6
1720251900000,56588.5,56633.5,56495.9,56595.5,50807.7
1720252800000,56595.4,56619.7,56510.8,56538.2,29684.2
1720253700000,56538.3,56666.0,56517.2,56645.4,38995.6
1720254600000,56645.3,56673.2,56581.9,56589.6,36593.7
1720255500000,56589.0,56589.1,56505.4,56563.1,22502.4
1720256400000,56563.2,56566.5,56485.3,56504.9,24984.3
1720257300000,56504.9,56510.2,56438.8,56489.7,27223.1
1720258200000,56489.7,56575.8,56453.0,56564.3,33421.5
1720259100000,56564.2,56775.8,56516.4,56768.4,100566.6
1720260000000,56768.5,56894.8,56714.9,56780.1,182356.2
1720260900000,56780.1,56786.0,56663.3,56669.2,65303.0
1720261800000,56668.2,56759.1,56650.8,56680.7,30072.6
1720262700000,56674.9,56860.1,56661.0,56781.9,32854.8
1720263600000,56782.0,56807.5,56707.5,56708.1,28871.2
1720264500000,56708.8,56777.1,56671.3,56700.0,27560.0
1720265400000,56700.0,56757.4,56652.0,56664.5,23031.4
1720266300000,56664.4,56762.7,56661.4,56736.8,29078.1
1720267200000,56736.8,56791.7,56689.9,56713.1,42902.6
1720268100000,56713.2,56780.0,56682.0,56682.0,29842.8
1720269000000,56682.1,56711.0,56577.4,56610.0,42804.1
1720269900000,56613.7,56786.8,56505.0,56752.5,89389.3
1720270800000,56752.6,56816.2,56650.0,56724.1,51073.6
1720271700000,56724.2,56846.1,56681.2,56772.8,66301.3
1720272600000,56772.8,56853.7,56756.8,56813.8,62157.1
1720273500000,56813.8,57400.0,56808.1,56994.9,484269.2
1720274400000,56994.9,57116.5,56713.2,56737.9,184260.6
1720275300000,56737.9,56869.3,56737.8,56847.9,85791.9
1720276200000,56848.0,57050.4,56792.7,56940.1,89105.8
1720277100000,56940.0,57132.0,56890.7,57054.8,95927.9
1720278000000,57054.9,57087.9,56923.7,56970.9,44669.1
1720278900000,56970.8,57319.3,56955.0,57233.2,157161.9
1720279800000,57233.2,57399.8,57233.2,57333.1,213655.1
1720280700000,57333.0,57466.4,57184.6,57310.2,147599.3
1720281600000,57310.2,57345.3,57182.2,57268.1,74451.1
1720282500000,57268.2,57888.0,57268.2,57779.9,462936.5
1720283400000,57779.9,58026.3,57699.0,57917.3,327790.8
1720284300000,57920.0,58138.1,57780.4,57859.1,217187.8
1720285200000,57859.0,57867.5,57740.7,57746.4,69091.6
1720286100000,57746.4,57985.9,57746.4,57854.1,64825.9
1720287000000,57854.2,57966.9,57850.9,57950.0,34174.5
1720287900000,57950.0,58039.6,57865.7,57966.4,61848.7
1720288800000,57966.4,58028.8,57882.4,57892.5,44864.9
1720289700000,57892.5,57916.0,57804.1,57825.9,62450.6
1720290600000,57826.0,57843.9,57756.7,57820.0,67055.2
1720291500000,57820.0,57823.7,57754.0,57792.4,29792.5
1720292400000,57790.4,57815.3,57732.2,57765.9,36391.0
1720293300000,57768.8,57887.9,57740.7,57822.1,46530.0
1720294200000,57822.1,57930.2,57806.8,57859.8,29696.5
1720295100000,57859.8,57929.5,57839.8,57862.2,27563.3
1720296000000,57862.3,57963.0,57831.5,57920.0,23041.6
1720296900000,57920.0,58236.5,57920.0,58106.1,110789.0
1720297800000,58106.1,58220.6,57924.0,57941.0,99115.9
1720298700000,57941.0,58082.5,57920.0,57964.9,40655.9
1720299600000,57964.9,58287.9,57964.7,58071.6,81483.6
1720300500000,58071.6,58071.7,57866.9,57914.5,42585.4
1720301400000,57914.5,57977.8,57837.0,57904.7,28708.9
1720302300000,57904.8,57911.0,57831.1,57877.2,26765.6
1720303200000,57877.2,58054.4,57877.2,57974.2,36003.3
1720304100000,57973.9,58072.4,57967.6,57996.2,26675.0
1720305000000,57996.2,58064.5,57985.6,57998.9,20462.8
1720305900000,57998.9,58114.9,57998.9,58104.6,24284.3
1720306800000,58104.7,58233.9,58097.1,58215.5,59015.4
1720307700000,58215.5,58499.8,58188.0,58369.9,273019.2
1720308600000,58369.9,58468.1,58142.1,58176.3,108692.1
1720309500000,58176.3,58300.0,58128.0,58233.1,49839.0
1720310400000,58233.1,58289.5,58027.0,58056.3,90617.8
1720311300000,58054.5,58134.1,58027.0,58086.5,42996.4
1720312200000,58086.5,58166.0,57988.4,58049.2,47734.1
1720313100000,58046.6,58084.1,57900.0,57929.9,72618.6
1720314000000,57929.8,57997.3,57872.6,57946.4,73440.9
1720314900000,57946.5,58050.0,57838.0,57908.0,63740.7
1720315800000,57908.0,57964.1,57867.2,57935.2,32558.0
1720316700000,57935.3,58325.0,57935.2,58115.0,106749.6
1720317600000,58115.0,58298.5,58106.3,58279.0,100302.6
1720318500000,58279.0,58411.5,58148.1,58216.7,119703.1
1720319400000,58216.6,58297.6,58164.2,58293.5,57270.4
1720320300000,58293.5,58456.0,58192.4,58368.2,91422.3
1720321200000,58368.9,58368.9,57906.3,57978.5,210674.3
1720322100000,57978.4,58032.8,57865.9,58009.9,157371.8
1720323000000,58010.0,58023.7,57942.1,58014.8,33161.6
1720323900000,58014.9,58041.3,57870.2,57963.5,166996.6
1720324800000,57963.5,58008.0,57804.0,57858.1,209938.4
1720325700000,57858.1,57953.5,57800.0,57894.7,113390.5
1720326600000,57894.7,57901.9,57736.5,57765.0,80522.7
1720327500000,57764.2,57785.8,57579.0,57606.3,134439.3
1720328400000,57606.4,57692.3,57423.0,57672.6,219926.4
1720329300000,57672.7,57752.0,57672.7,57740.1,74685.3
1720330200000,57740.0,57815.7,57689.0,57710.1,49624.1
1720331100000,57710.0,57785.0,57629.6,57657.0,43585.6
1720332000000,57657.1,57761.1,57621.2,57724.1,35915.9
1720332900000,57724.0,57755.5,57664.4,57755.0,26282.5
1720333800000,57755.0,57802.9,57720.0,57791.5,47673.8
1720334700000,57791.4,57791.5,57611.1,57648.8,50434.2
1720335600000,57648.8,57699.1,57413.4,57428.5,78570.6
1720336500000,57428.4,57516.3,57200.3,57279.3,194622.2
1720337400000,57279.3,57285.7,57066.0,57267.9,199444.3
1720338300000,57267.9,57410.4,57235.2,57375.6,106800.5
1720339200000,57375.9,57505.0,57372.5,57500.0,63838.7
1720340100000,57499.9,57564.3,57406.3,57497.1,64183.7
1720341000000,57497.0,57547.6,57445.1,57485.0,53359.4
1720341900000,57484.9,57679.2,57468.8,57658.0,105455.5
1720342800000,57657.9,57727.7,57583.7,57592.9,126032.7
1720343700000,57592.9,57724.3,57571.8,57711.6,41165.2
1720344600000,57711.5,57747.6,57604.8,57694.9,44825.5
1720345500000,57694.8,57747.6,57637.3,57737.4,31799.2
1720346400000,57737.4,57788.2,57664.8,57664.8,94725.3
1720347300000,57664.8,57770.0,57580.0,57751.4,82069.1
1720348200000,57751.5,57930.6,57592.6,57606.1,188352.6
1720349100000,57606.0,57607.0,57494.2,57511.1,72548.2
1720350000000,57511.1,57556.5,57437.1,57450.9,67969.0
1720350900000,57450.9,57471.5,57347.4,57400.0,62538.1
1720351800000,57400.1,57515.9,57370.0,57376.8,48665.1
1720352700000,57376.8,57482.8,57359.2,57459.4,34525.0
1720353600000,57459.3,57577.2,57410.0,57553.9,48119.2
1720354500000,57552.5,57657.7,57485.1,57488.1,47854.1
1720355400000,57488.1,57509.3,57200.1,57229.1,83779.1
1720356300000,57230.8,57360.0,57203.4,57349.9,58692.3
1720357200000,57350.0,57372.5,57100.0,57100.1,92431.2
1720358100000,57100.0,57175.9,56829.1,56936.6,351745.2
1720359000000,56936.7,57042.3,56771.6,56824.3,173225.7
1720359900000,56824.3,56952.0,56822.6,56879.0,73561.6
1720360800000,56879.0,56905.0,56666.1,56748.1,145832.8
1720361700000,56748.0,56880.9,56568.0,56853.0,216086.7
1720362600000,56853.1,56956.0,56750.0,56795.0,112418.8
1720363500000,56795.0,56826.1,56620.1,56773.8,81838.1
1720364400000,56773.8,57000.0,56740.0,56855.8,99585.8
1720365300000,56855.8,56955.0,56788.0,56892.8,52125.5
1720366200000,56892.8,57063.0,56810.1,56860.2,62830.2
1720367100000,56864.9,56948.3,56725.0,56832.0,68106.0
1720368000000,56832.1,56960.0,56752.5,56876.1,57215.4
1720368900000,56876.1,57012.6,56847.7,56952.0,41266.0
1720369800000,56952.1,57186.9,56928.9,57154.4,107388.7
1720370700000,57154.3,57154.4,57020.1,57119.9,49111.3
1720371600000,57119.9,57246.6,57044.0,57053.8,80482.3
1720372500000,57053.8,57061.0,56841.9,56865.2,66035.9
1720373400000,56865.2,57007.0,56786.7,56976.4,75483.5
1720374300000,56976.4,57312.0,56912.0,57239.8,117196.3
1720375200000,57239.7,57398.7,57183.7,57236.0,112302.1
1720376100000,57236.0,57305.9,57171.9,57210.0,28127.7
1720377000000,57209.9,57215.2,57112.6,57203.6,23173.5
1720377900000,57202.5,57257.9,57125.6,57169.1,20361.5
1720378800000,57169.1,57176.5,57022.0,57176.4,44554.1
1720379700000,57176.5,57200.0,57043.5,57097.0,21310.3
1720380600000,57096.0,57140.0,57031.6,57119.0,12163.8
1720381500000,57120.0,57175.7,57088.3,57154.5,13071.9
1720382400000,57154.5,57162.0,57035.6,57159.4,18235.5
1720383300000,57159.4,57326.0,57159.4,57213.1,26814.9
1720384200000,57213.1,57278.5,57213.1,57261.8,12624.4
1720385100000,57261.8,57326.0,57232.5,57270.0,20917.4
1720386000000,57270.0,57290.0,56740.4,56740.5,134823.8
1720386900000,56740.5,56843.4,56222.2,56240.0,363057.8
1720387800000,56240.8,56542.9,56196.2,56363.1,130710.3
1720388700000,56363.1,56619.9,56300.3,56590.5,54692.0
1720389600000,56587.7,56797.5,56569.8,56689.9,121095.1
1720390500000,56689.9,56762.0,56510.5,56535.8,55858.1
1720391400000,56535.7,56645.9,56438.6,56606.2,67816.1
1720392300000,56606.2,56645.9,56391.3,56391.3,57222.6
1720393200000,56391.4,56539.1,56208.4,56425.9,111024.8
1720394100000,56425.9,56475.8,56340.2,56442.1,67584.6
1720395000000,56442.2,56467.1,56050.2,56066.4,163903.4
1720395900000,56066.7,56089.4,55727.6,55870.1,397671.2
1720396800000,55870.0,55930.0,55520.6,55634.2,314082.0
1720397700000,55634.2,56030.0,55601.3,55979.3,193714.0
1720398600000,55979.3,55979.3,55170.7,55220.0,421451.4
1720399500000,55219.9,55320.0,55037.9,55098.9,283175.8
1720400400000,55098.9,55115.2,54300.1,54597.3,651386.3
1720401300000,54596.4,54839.9,54280.0,54798.1,344445.6
1720402200000,54798.1,54802.1,54442.1,54614.4,381888.0
1720403100000,54614.5,54968.0,54588.2,54963.8,183747.6
1720404000000,54963.7,55211.8,54858.0,54925.9,289875.8
1720404900000,54925.9,55300.0,54600.0,55279.9,360906.1
1720405800000,55279.9,55400.0,55222.0,55358.2,270612.8
1720406700000,55358.2,55441.9,55294.9,55380.6,148997.9
1720407600000,55380.6,55484.0,55081.7,55160.0,197922.2
1720408500000,55160.1,55209.1,54860.2,54997.4,154040.1
1720409400000,54997.3,55394.5,54951.8,55212.0,167828.0
1720410300000,55212.0,55240.1,55096.7,55160.0,52911.9
1720411200000,55160.0,55329.1,54959.2,55237.4,90546.8
1720412100000,55237.5,55365.4,55041.0,55340.0,89052.5
1720413000000,55340.0,55465.0,55278.0,55454.7,159119.6
1720413900000,55448.1,55641.6,55418.7,55492.4,158600.7
1720414800000,55492.5,55700.0,55439.2,55548.5,176014.2
1720415700000,55548.5,55681.9,55377.1,55397.3,103662.1
1720416600000,55397.2,55549.6,55286.0,55331.9,82354.3
1720417500000,55332.0,55573.0,55332.0,55479.0,43521.7
1720418400000,55479.1,55535.4,55205.9,55380.8,90391.8
1720419300000,55382.7,55777.0,55309.7,55682.1,169479.6
1720420200000,55683.2,55795.6,55642.1,55777.6,129479.6
1720421100000,55777.6,55896.0,55584.1,55629.7,173711.6
1720422000000,55629.7,55686.4,55516.8,55520.1,63041.5
1720422900000,55520.1,55755.0,55518.7,55723.1,58992.0
1720423800000,55723.1,55855.0,55637.3,55669.5,68600.0
1720424700000,55669.4,55855.0,55666.7,55849.5,74861.9
1720425600000,55849.4,56284.0,55726.8,56244.5,463652.5
1720426500000,56244.5,56831.0,56229.0,56698.6,563043.1
1720427400000,56698.5,57248.2,56571.9,57140.9,655932.2
1720428300000,57135.0,57900.0,57121.5,57784.9,746390.5
1720429200000,57784.9,58226.4,57622.3,57689.1,484574.8
1720430100000,57689.2,57909.9,57546.7,57890.4,193459.6
1720431000000,57890.5,57900.0,57357.0,57505.3,213568.0
1720431900000,57505.7,57620.0,57361.2,57520.1,181717.8
1720432800000,57520.0,57704.2,57350.0,57650.0,162048.7
1720433700000,57650.0,57719.7,57481.9,57498.0,67765.0
1720434600000,57498.0,57562.4,57386.0,57394.9,80781.8
1720435500000,57395.0,57444.4,56693.3,56814.2,528527.5
1720436400000,56814.2,57237.0,56739.9,57203.5,347017.9
1720437300000,57204.0,57353.0,57060.3,57133.9,133279.5
1720438200000,57135.4,57325.0,57079.6,57178.2,94427.5
1720439100000,57178.2,57310.3,57037.0,57158.8,82657.2
1720440000000,57158.7,57246.2,56869.4,56922.0,104780.2
1720440900000,56922.0,57283.3,56900.0,57111.8,107668.3
1720441800000,57111.9,57206.7,57037.0,57205.3,55609.5
1720442700000,57205.3,57629.8,57115.0,57149.9,313577.9
1720443600000,57150.0,57440.0,57050.6,57288.5,148316.2
1720444500000,57288.4,57374.9,57155.1,57194.8,68485.3
1720445400000,57194.8,57383.8,56957.8,56957.9,214011.0
1720446300000,56957.8,57235.0,56801.7,57234.6,191821.7
1720447200000,57234.7,57318.7,56964.7,57136.7,142377.2
1720448100000,57136.7,57176.2,55584.3,55624.5,908806.0
1720449000000,55624.4,56418.6,54901.6,56104.3,1495382.8
1720449900000,56104.4,56390.8,55923.6,56188.5,464858.3
1720450800000,56188.6,56790.2,56078.4,56498.8,421332.9
1720451700000,56498.7,56673.1,56308.1,56368.4,218758.4
1720452600000,56368.4,56476.3,55907.2,56029.8,284356.1
1720453500000,56029.7,56199.3,55679.4,55760.2,329742.0
1720454400000,55760.2,56122.4,55740.0,56050.1,186662.1
1720455300000,56050.1,56076.2,55460.4,55537.0,261994.0
1720456200000,55537.1,55877.2,55417.7,55875.9,184293.5
1720457100000,55876.0,55954.4,55764.2,55810.4,81072.1
1720458000000,55810.4,55949.9,55594.2,55920.0,103434.7
1720458900000,55920.0,56300.0,55745.3,55981.3,210144.3
1720459800000,55981.4,56243.5,55980.6,56164.5,100261.7
1720460700000,56164.4,56379.4,56060.0,56287.2,96657.8
1720461600000,56287.1,56441.9,56157.0,56337.5,109173.9
1720462500000,56337.5,56466.7,56250.8,56382.2,60992.7
1720463400000,56382.1,56566.0,56258.5,56294.3,123957.5
1720464300000,56294.3,56476.2,56227.2,56280.8,61273.7
1720465200000,56279.3,56368.3,56202.8,56233.8,51902.7
1720466100000,56233.7,56430.8,56148.7,56343.9,78115.4
1720467000000,56343.9,56400.0,56241.8,56287.8,39135.5
1720467900000,56287.5,56547.7,56214.9,56480.7,72336.6
1720468800000,56482.9,56574.4,56265.8,56297.5,94104.1
1720469700000,56300.0,56474.8,56215.0,56459.5,61845.7
1720470600000,56459.6,56488.3,56281.2,56310.9,56552.2
1720471500000,56310.8,56321.5,56201.0,56260.0,50815.1
1720472400000,56260.0,56366.9,56202.5,56358.4,45498.1
1720473300000,56358.4,56853.3,56285.5,56615.4,110030.5
1720474200000,56615.4,56714.0,56349.3,56376.2,123625.1
1720475100000,56375.7,56702.2,56375.6,56650.0,64071.5
1720476000000,56650.1,56874.9,56551.8,56730.5,126309.3
1720476900000,56730.5,56974.1,56688.5,56868.3,72779.6
1720477800000,56868.4,56891.5,56694.0,56727.9,37294.7
1720478700000,56727.9,56734.3,56622.7,56681.1,35503.9
1720479600000,56681.1,56834.4,56608.7,56833.9,39694.7
1720480500000,56833.9,56874.4,56662.1,56692.8,43347.1
1720481400000,56692.8,56742.4,56642.6,56685.4,51995.0
1720482300000,56685.7,56748.9,56651.0,56719.1,51047.4
1720483200000,56719.1,56775.4,56603.0,56654.2,53829.5
1720484100000,56657.3,56664.8,56381.0,56431.8,166210.0
1720485000000,56431.8,56585.2,56285.9,56519.3,89043.3
1720485900000,56521.5,56731.1,56431.9,56539.5,74014.2
1720486800000,56539.5,57250.8,56495.0,57080.1,287507.3
1720487700000,57080.0,57299.4,56621.7,56800.4,278671.9
1720488600000,56800.3,56878.2,56451.0,56510.6,183191.5
1720489500000,56512.4,56693.2,56476.4,56562.8,88424.3
1720490400000,56562.9,56615.4,56333.1,56608.0,110705.2
1720491300000,56604.8,56781.7,56578.5,56688.8,108869.0
1720492200000,56688.8,56972.4,56661.3,56900.9,132559.1
1720493100000,56900.9,57374.8,56870.4,57269.8,284494.0
1720494000000,57269.8,57278.0,57069.1,57069.1,103002.6
1720494900000,57069.1,57089.9,56871.0,56907.2,99391.1
1720495800000,56907.1,57034.6,56894.0,57014.7,42999.4
1720496700000,57014.8,57236.0,56992.5,57171.0,120525.2
1720497600000,57171.0,57327.7,57101.6,57260.1,77987.6
1720498500000,57260.1,57349.6,57188.4,57237.1,66026.4
1720499400000,57237.0,57373.2,57168.7,57201.6,86807.4
1720500300000,57201.5,57340.0,57117.5,57286.2,80384.0
1720501200000,57286.1,57344.1,57117.1,57242.6,88096.1
1720502100000,57242.7,57365.5,57188.2,57331.1,126993.1
1720503000000,57331.2,57443.1,57170.0,57310.3,150393.2
1720503900000,57310.4,57333.0,57230.3,57291.4,45105.8
1720504800000,57291.4,57480.0,57191.2,57400.1,108203.8
1720505700000,57400.0,57720.0,57350.4,57589.1,179252.7
1720506600000,57589.1,57776.9,57460.3,57559.8,130477.5
1720507500000,57559.8,57572.0,57456.9,57476.5,107703.3
1720508400000,57476.5,57564.1,57380.6,57447.7,79315.6
1720509300000,57447.6,57462.4,57187.0,57273.0,138954.1
1720510200000,57273.0,57349.1,57127.7,57208.4,122870.2
1720511100000,57208.4,57260.5,56993.9,57116.4,213396.3
1720512000000,57116.3,57389.5,57019.9,57374.3,220778.6
1720512900000,57374.3,57632.0,57364.1,57502.6,233462.1
1720513800000,57502.6,57922.0,57502.5,57828.6,389887.4
1720514700000,57828.6,57850.0,57582.7,57620.0,233027.9
1720515600000,57619.9,57685.0,57502.0,57550.0,89029.6
1720516500000,57553.1,57637.2,57510.1,57605.8,47793.2
1720517400000,57605.7,57674.5,57541.3,57669.4,56037.9
1720518300000,57669.3,57696.1,57582.0,57582.3,42872.3
1720519200000,57582.0,57668.6,57530.0,57570.0,41261.1
1720520100000,57571.5,57578.2,57364.6,57425.4,120029.2
1720521000000,57425.5,57514.8,57301.3,57315.6,90042.1
1720521900000,57315.6,57442.9,57285.2,57432.5,55649.2
1720522800000,57432.5,57458.8,57223.4,57353.9,60579.3
1720523700000,57353.9,57555.0,57300.0,57544.8,62522.9
1720524600000,57544.9,57553.6,57450.0,57514.5,46527.0
1720525500000,57514.5,57526.1,57407.8,57430.9,27723.3
1720526400000,57430.0,57548.9,57380.7,57532.8,54930.6
1720527300000,57532.9,57555.0,57296.6,57327.3,59727.1
1720528200000,57327.3,57413.3,57270.6,57319.3,43671.7
1720529100000,57319.3,57569.1,57310.6,57340.6,90038.6
1720530000000,57340.7,57386.4,57132.7,57293.3,144732.5
1720530900000,57293.2,57349.4,57186.7,57229.6,59695.9
1720531800000,57229.7,57418.7,57055.0,57137.3,140100.6
1720532700000,57137.3,57345.3,56942.3,57338.4,187549.1
1720533600000,57338.5,57988.8,57135.6,57859.3,438019.7
1720534500000,57859.3,58143.0,57286.0,57581.7,688344.2
1720535400000,57581.6,57687.0,57460.2,57629.3,152234.1
1720536300000,57629.3,57672.9,57055.0,57066.0,222364.9
1720537200000,57066.0,57289.2,56888.9,57279.5,393933.0
1720538100000,57279.5,57341.2,57131.5,57185.5,127093.6
1720539000000,57188.9,57321.8,57036.3,57266.1,110142.4
1720539900000,57269.8,57500.0,57238.0,57470.5,103966.6
1720540800000,57470.5,57652.0,57422.0,57587.3,166980.1
1720541700000,57586.6,57866.0,57586.6,57689.7,177759.9
1720542600000,57689.8,57735.3,57401.4,57579.8,143136.0
1720543500000,57579.8,57724.9,57394.0,57683.6,69684.7
1720544400000,57683.5,57806.4,57584.8,57592.8,59491.7
1720545300000,57592.7,57641.7,57450.4,57596.7,54541.4
1720546200000,57603.3,57642.9,57380.8,57391.4,45424.9
1720547100000,57391.5,57542.9,57358.2,57525.5,38739.0
1720548000000,57525.6,57686.6,57439.3,57674.6,62747.6
1720548900000,57674.6,57972.6,57674.6,57723.4,166335.0
1720549800000,57723.3,58166.0,57708.0,58104.0,270790.5
1720550700000,58104.0,58333.0,57811.1,57907.6,300977.9
1720551600000,57907.5,57929.3,57736.4,57848.8,82020.7
1720552500000,57846.0,57875.6,57677.6,57866.6,45295.7
1720553400000,57866.5,57866.5,57690.4,57708.8,36476.9
1720554300000,57708.8,57901.7,57691.3,57859.9,38555.5
1720555200000,57859.8,57948.0,57700.0,57804.0,75946.8
1720556100000,57804.0,58004.6,57800.0,57897.2,29445.3
1720557000000,57897.1,58109.2,57893.7,58033.3,68173.4
1720557900000,58033.7,58092.9,57867.0,57940.0,31557.6
1720558800000,57940.0,57953.9,57816.9,57937.6,32351.4
1720559700000,57937.6,57955.9,57770.0,57907.0,31461.5
1720560600000,57907.0,57986.7,57843.1,57871.0,11430.0
1720561500000,57871.0,57871.0,57760.5,57799.4,17390.3
1720562400000,57799.5,57836.7,57726.9,57805.5,30997.1
1720563300000,57805.5,57869.9,57715.0,57835.6,24558.0
1720564200000,57837.6,57998.7,57819.7,57998.7,24763.7
1720565100000,57998.7,58276.4,57901.0,57937.8,153316.6
1720566000000,57937.7,57963.3,57863.3,57866.0,35434.4
1720566900000,57866.0,57976.0,57860.1,57895.0,27255.6
1720567800000,57894.9,58088.0,57874.6,58034.4,33121.6
1720568700000,58034.4,58126.2,57975.8,58044.1,33409.6
1720569600000,58044.2,58044.2,57840.6,57868.3,49809.0
1720570500000,57868.3,57888.8,57567.5,57618.7,156181.1
1720571400000,57618.7,57800.0,57595.6,57772.6,54920.1
1720572300000,57772.5,57818.2,57392.4,57484.3,105102.7
1720573200000,57484.4,57597.0,57328.1,57579.3,122932.0
1720574100000,57582.0,57786.4,57533.8,57778.7,76096.3
1720575000000,57779.2,57993.3,57666.7,57736.2,141709.8
1720575900000,57736.3,57800.0,57655.4,57789.7,41140.0
1720576800000,57789.7,57888.8,57660.4,57690.9,39601.2
1720577700000,57691.0,57777.0,57635.8,57730.8,34621.1
1720578600000,57730.7,57865.2,57681.8,57746.0,33143.5
1720579500000,57746.0,57915.3,57704.0,57883.8,56972.5
1720580400000,57882.6,57977.0,57850.2,57856.7,51876.3
1720581300000,57856.8,58012.1,57835.1,57966.9,48146.9
1720582200000,57966.9,58139.2,57931.5,58037.1,133913.4
1720583100000,58040.6,58219.3,58015.3,58181.7,104736.0
1720584000000,58178.4,59131.0,58178.3,58745.7,1041614.8
1720584900000,58745.8,59455.0,58645.4,59260.9,528501.5
1720585800000,59260.9,59312.0,58970.0,59126.5,273590.7
1720586700000,59126.6,59338.8,58991.3,59338.6,161498.6
1720587600000,59338.6,59481.7,59126.5,59174.0,229564.8
1720588500000,59174.0,59199.0,59028.6,59111.0,126552.8
1720589400000,59111.0,59158.3,58818.7,58933.9,174654.2
1720590300000,58933.9,59087.7,58920.0,58974.3,80773.6
1720591200000,58974.3,59077.6,58850.0,59017.9,93747.2
1720592100000,59018.0,59146.7,58990.0,59124.5,77007.6
1720593000000,59124.9,59223.7,59072.7,59156.0,93523.0
1720593900000,59152.0,59317.1,59132.2,59240.0,115494.3
1720594800000,59239.9,59286.0,59068.3,59107.4,98509.2
1720595700000,59107.5,59194.6,59033.8,59042.2,66218.7
1720596600000,59042.2,59103.8,58900.0,58913.5,76352.6
1720597500000,58913.5,58988.4,58831.8,58978.6,102284.8
1720598400000,58978.6,59042.3,58666.6,58741.3,234172.2
1720599300000,58741.3,58796.5,58600.0,58750.0,127386.7
1720600200000,58749.9,58823.0,58600.0,58663.4,76977.9
1720601100000,58663.4,58766.7,58618.0,58758.1,55867.9
1720602000000,58758.1,58773.0,58654.1,58743.9,82499.0
1720602900000,58743.9,58775.8,58480.0,58520.0,247022.0
1720603800000,58523.5,58530.0,58394.0,58514.9,206418.8
1720604700000,58513.2,58620.0,58482.0,58494.9,82924.7
1720605600000,58495.8,58570.7,58316.0,58397.5,80820.2
1720606500000,58397.5,58637.7,58318.0,58551.8,121315.0
1720607400000,58551.8,58736.5,58551.7,58639.7,126590.2
1720608300000,58639.7,58722.2,58610.2,58655.2,54116.9
1720609200000,58655.2,58728.8,58601.4,58614.9,53749.0
1720610100000,58614.9,58635.6,58478.3,58494.4,52782.0
1720611000000,58494.4,58582.7,58350.2,58480.1,83858.8
1720611900000,58480.0,58594.7,58451.2,58496.7,52543.3
1720612800000,58496.7,58572.4,58418.3,58528.6,74710.5
1720613700000,58528.6,58550.4,58405.3,58459.0,45868.0
1720614600000,58459.0,58459.0,57850.0,57985.3,626156.9
1720615500000,57985.3,58163.0,57737.8,58162.7,249819.1
1720616400000,58162.7,58313.3,58002.4,58215.1,171377.0
1720617300000,58215.0,58218.9,57910.8,57980.9,122686.2
1720618200000,57980.9,58032.7,57511.0,57698.2,446219.3
1720619100000,57698.1,57844.0,57558.3,57762.7,218073.3
1720620000000,57766.1,57878.0,57484.6,57625.6,188088.0
1720620900000,57625.7,57859.6,57501.4,57831.6,145269.6
1720621800000,57830.8,57895.0,57712.0,57763.5,111032.6
1720622700000,57763.6,57797.6,57600.0,57709.2,62419.1
1720623600000,57709.3,57756.3,57490.0,57746.8,135725.7
1720624500000,57746.9,57887.8,57712.0,57835.0,88206.1
1720625400000,57833.3,57985.4,57788.2,57980.4,76517.9
1720626300000,57980.4,58034.8,57700.0,57700.0,170772.3
1720627200000,57700.1,57960.0,57666.0,57900.0,108428.7
1720628100000,57900.1,58000.0,57850.0,57953.8,93279.9
1720629000000,57953.8,58018.6,57820.8,57879.8,63457.6
1720629900000,57879.7,57886.6,57580.3,57694.4,127413.3
1720630800000,57695.5,57716.7,57562.3,57716.6,99837.7
1720631700000,57716.6,57757.9,57431.3,57633.7,149786.0
1720632600000,57633.8,57741.6,57584.0,57617.8,59895.5
1720633500000,57617.8,57676.7,57555.3,57638.3,47873.4
1720634400000,57638.2,57723.0,57580.0,57718.8,41281.8
1720635300000,57718.7,57798.0,57569.1,57574.8,59955.2
1720636200000,57574.8,57638.0,57483.3,57568.7,74819.6
1720637100000,57568.7,57645.0,57501.0,57629.9,24818.8
1720638000000,57629.4,57629.4,57350.4,57389.6,103250.5
1720638900000,57389.6,57518.9,57359.5,57457.4,62023.7
1720639800000,57459.6,57566.7,57442.5,57484.9,33694.1
1720640700000,57484.9,57542.1,57381.8,57400.0,42531.1
1720641600000,57400.0,57528.7,57384.2,57515.0,61912.2
1720642500000,57515.0,57567.9,57161.7,57287.7,138423.6
1720643400000,57287.6,57357.5,57156.0,57291.2,80193.2
1720644300000,57291.3,57462.9,57256.5,57421.1,80743.3
1720645200000,57422.6,57490.1,57354.7,57354.8,38682.0
1720646100000,57354.7,57461.0,57273.1,57438.9,39559.3
1720647000000,57438.9,57460.4,57362.6,57451.8,10775.1
1720647900000,57451.8,57566.4,57429.3,57433.9,34665.9
1720648800000,57433.8,57641.0,57419.9,57537.9,67036.7
1720649700000,57535.0,57856.6,57484.9,57800.0,122001.2
1720650600000,57800.0,57810.4,57667.1,57684.9,51301.6
1720651500000,57684.9,57721.9,57660.8,57713.0,17920.4
1720652400000,57712.9,57712.9,57600.4,57643.0,21459.9
1720653300000,57642.9,57713.8,57619.3,57674.8,22143.7
1720654200000,57674.7,57868.3,57623.1,57861.4,80843.9
1720655100000,57861.4,57862.7,57704.1,57720.4,38371.8
1720656000000,57724.7,57728.8,57523.8,57560.7,58418.4
1720656900000,57560.7,57630.4,57432.0,57497.7,79507.3
1720657800000,57497.7,57511.4,57366.1,57403.0,51153.2
1720658700000,57402.9,57655.8,57398.3,57628.6,38410.6
1720659600000,57628.5,57647.3,57493.4,57563.0,43003.3
1720660500000,57563.1,57579.8,57480.0,57541.8,20945.1
1720661400000,57541.7,58120.0,57478.4,58033.5,221053.4
1720662300000,58033.5,58399.2,57969.1,58276.0,363733.2
1720663200000,58276.0,58370.0,57984.6,57993.5,161990.4
1720664100000,57993.6,58018.0,57720.7,58017.9,169937.9
1720665000000,58017.9,58017.9,57801.2,57837.5,48697.8
1720665900000,57837.5,57944.7,57777.0,57862.5,45296.6
1720666800000,57860.6,57950.0,57571.7,57624.3,126870.6
1720667700000,57624.2,57715.2,57001.2,57373.0,442281.4
1720668600000,57372.9,57472.0,57313.5,57423.5,103293.8
1720669500000,57423.5,57625.0,57362.2,57560.1,118507.1
1720670400000,57560.2,57644.2,57477.0,57609.5,80945.3
1720671300000,57609.5,57674.0,57540.0,57584.1,67216.6
1720672200000,57583.3,57767.5,57566.6,57754.9,63636.2
1720673100000,57754.9,57786.0,57690.3,57770.0,38726.4
1720674000000,57771.5,57920.6,57726.7,57853.9,73333.9
1720674900000,57853.9,57950.2,57741.6,57749.9,61211.9
1720675800000,57750.0,57948.0,57692.0,57920.2,63169.4
1720676700000,57918.1,58106.5,57878.2,57989.6,116233.7
1720677600000,57989.7,58097.9,57866.0,57924.6,77638.8
1720678500000,57924.6,57999.9,57895.7,57968.3,30914.8
1720679400000,57968.2,58004.6,57884.2,57984.1,29044.2
1720680300000,57984.2,58079.9,57953.6,57995.7,31713.6
1720681200000,57995.8,58023.9,57920.1,57997.8,43181.5
1720682100000,57997.7,58288.8,57990.2,58196.5,148657.5
1720683000000,58196.5,58244.6,58104.0,58118.3,70755.9
1720683900000,58118.4,58315.8,58029.6,58190.2,107494.3
1720684800000,58191.0,58333.0,58150.0,58182.0,89730.7
1720685700000,58182.1,58219.8,58100.8,58150.0,59707.5
1720686600000,58150.0,58180.0,58072.9,58076.6,44382.8
1720687500000,58076.6,58200.0,58043.5,58158.5,43693.1
1720688400000,58158.6,58272.9,58142.1,58242.6,64966.2
1720689300000,58247.9,58389.0,58200.1,58309.2,90048.9
1720690200000,58309.2,58323.0,58074.3,58230.7,124521.5
1720691100000,58230.6,58316.5,58111.1,58285.8,45154.7
1720692000000,58285.8,58530.1,58181.2,58239.7,197068.1
1720692900000,58239.6,58341.5,58169.7,58315.7,93919.7
1720693800000,58315.7,58419.0,58286.7,58389.4,53365.2
1720694700000,58390.1,58464.3,58361.9,58464.0,49612.4
1720695600000,58463.9,58543.7,58397.1,58500.0,96810.4
1720696500000,58500.1,58521.2,58400.6,58449.9,71507.2
1720697400000,58450.0,58778.0,58382.9,58700.9,282811.4
1720698300000,58700.9,58893.0,58665.1,58765.6,196105.8
1720699200000,58765.6,58792.3,58516.1,58623.9,176197.3
1720700100000,58624.0,58846.5,58420.0,58710.0,205481.6
1720701000000,58714.0,59671.5,58691.7,58910.5,1371192.0
1720701900000,58913.4,59216.5,58639.2,58807.9,333201.9
1720702800000,58807.9,58966.2,58402.0,58636.0,315193.6
1720703700000,58635.9,58798.8,58572.5,58787.9,131864.4
1720704600000,58787.9,58941.5,58255.0,58435.2,342544.0
1720705500000,58435.2,58573.7,58350.1,58565.0,137730.1
1720706400000,58565.1,58676.8,58250.8,58293.9,156990.8
1720707300000,58294.0,58320.0,57551.7,57775.0,787504.3
1720708200000,57775.0,57969.1,57735.2,57735.3,204245.4
1720709100000,57735.2,57950.0,57629.3,57786.9,146449.9
1720710000000,57786.9,57903.1,57723.1,57840.6,95479.9
1720710900000,57840.6,58114.3,57760.2,57800.0,197040.3
1720711800000,57800.0,57806.6,57358.0,57554.4,314555.5
1720712700000,57554.4,57582.7,57260.0,57405.8,207090.8
1720713600000,57405.7,57543.2,57170.5,57515.7,270851.7
1720714500000,57515.8,57650.0,57472.0,57632.5,101246.3
1720715400000,57632.4,57743.8,57556.6,57611.5,140445.3
1720716300000,57611.5,57684.9,57429.2,57646.1,83193.7
1720717200000,57646.1,57788.4,57576.6,57761.4,82593.7
1720718100000,57761.4,57909.1,57752.3,57877.8,82137.8
1720719000000,57876.0,57926.1,57828.3,57859.2,52968.7
1720719900000,57862.0,57933.8,57748.8,57799.9,53404.4
1720720800000,57800.0,57841.0,57673.5,57819.4,64506.3
1720721700000,57819.3,57989.9,57760.0,57766.0,90673.9
1720722600000,57766.1,57920.0,57697.7,57893.0,74036.1
1720723500000,57893.0,57893.0,57770.9,57839.0,22446.9
1720724400000,57839.0,57850.0,57637.2,57659.9,47155.7
1720725300000,57659.9,57661.3,57388.0,57412.5,121795.5
1720726200000,57412.5,57612.8,57336.1,57490.9,87254.4
1720727100000,57491.0,57548.3,57360.1,57381.6,56548.9
1720728000000,57381.2,57555.4,57200.0,57217.6,125647.9
1720728900000,57217.7,57453.7,57214.1,57428.1,50930.3
1720729800000,57428.0,57571.0,57360.0,57500.0,41250.9
1720730700000,57500.0,57595.5,57433.3,57560.7,31426.4
1720731600000,57560.8,57635.0,57466.7,57479.9,27814.9
1720732500000,57479.9,57480.0,57327.6,57420.0,29530.4
1720733400000,57419.9,57424.9,57320.5,57379.0,21704.0
1720734300000,57378.9,57551.7,57312.6,57468.4,28830.8
1720735200000,57468.3,57548.1,57333.9,57354.5,49746.7
1720736100000,57354.5,57530.7,57261.0,57520.2,43830.6
1720737000000,57520.2,57542.9,57448.4,57455.8,37684.7
1720737900000,57455.8,57483.9,57138.9,57344.2,104351.2
1720738800000,57344.2,57399.5,57285.0,57304.0,36815.3
1720739700000,57304.0,57369.7,57152.4,57261.7,56843.0
1720740600000,57261.9,57357.8,57164.4,57335.4,81090.1
1720741500000,57335.4,57399.8,57302.0,57346.3,29649.5
1720742400000,57347.1,57445.0,57155.7,57289.6,95814.5
1720743300000,57289.8,57518.4,57228.5,57488.9,76992.0
1720744200000,57488.9,57580.1,57454.2,57574.6,53353.4
1720745100000,57574.7,57574.7,57150.0,57182.3,85066.6
1720746000000,57182.3,57362.1,57004.0,57038.8,151845.1
1720746900000,57038.9,57055.5,56535.5,56614.1,541812.4
1720747800000,56614.1,56842.7,56571.4,56784.7,121302.7
1720748700000,56784.7,56969.9,56701.8,56948.1,80154.0
1720749600000,56948.0,57062.6,56881.1,57020.4,87962.8
1720750500000,57020.5,57422.0,56986.4,57195.0,210612.2
1720751400000,57195.0,57319.0,57180.0,57300.1,74227.2
1720752300000,57300.0,57380.0,57230.7,57330.0,83345.9
1720753200000,57330.1,57374.9,57003.2,57032.2,102393.2
1720754100000,57032.2,57110.0,56930.0,57030.0,97538.1
1720755000000,57030.0,57133.3,56856.0,56914.6,88597.9
1720755900000,56914.5,56971.0,56872.0,56921.5,44276.9
1720756800000,56921.6,57006.0,56900.0,56961.5,46477.9
1720757700000,56961.6,57043.3,56731.4,56731.4,83242.7
1720758600000,56731.5,56959.0,56713.5,56930.9,83456.5
1720759500000,56931.0,57086.0,56927.8,57020.2,60365.9
1720760400000,57020.2,57082.0,56969.0,57049.7,41563.2
1720761300000,57050.0,57120.0,56992.3,57092.1,39546.9
1720762200000,57092.0,57120.6,57020.9,57020.9,28221.2
1720763100000,57020.9,57063.2,56944.0,57030.1,49587.7
1720764000000,57030.1,57187.6,57021.0,57115.5,69800.0
1720764900000,57115.5,57350.1,57109.6,57328.1,133772.5
1720765800000,57328.2,57409.0,57246.7,57318.7,70884.6
1720766700000,57318.6,57349.6,57189.0,57216.0,95964.0
1720767600000,57215.9,57312.8,57179.8,57225.9,53444.4
1720768500000,57226.0,57250.5,57050.0,57109.9,93677.7
1720769400000,57110.0,57162.6,56900.0,56920.4,164133.0
1720770300000,56920.4,57110.3,56825.4,57096.9,125998.4
1720771200000,57097.0,57245.0,57031.8,57229.1,151532.2
1720772100000,57229.1,57285.7,57023.5,57159.0,102212.5
1720773000000,57159.1,57317.2,57062.3,57200.9,92873.1
1720773900000,57200.9,57331.9,57200.1,57322.0,65839.2
1720774800000,57322.0,57328.0,57152.0,57203.3,54364.0
1720775700000,57203.2,57218.9,57146.0,57187.8,23031.5
1720776600000,57187.7,57223.1,57017.2,57087.7,77609.0
1720777500000,57087.7,57092.1,56872.0,56964.0,112181.6
1720778400000,56964.0,57078.8,56840.0,56922.1,87781.2
1720779300000,56922.0,56976.2,56769.5,56949.6,100463.1
1720780200000,56948.6,57156.3,56948.6,57147.3,84181.4
1720781100000,57147.4,57200.0,57092.9,57176.1,68487.6
1720782000000,57176.0,57192.0,57070.3,57097.7,72185.5
1720782900000,57097.9,57266.0,57092.7,57242.9,41595.3
1720783800000,57242.9,57275.0,57173.5,57245.5,51704.5
1720784700000,57243.9,57244.0,57069.1,57209.0,78894.2
1720785600000,57209.0,57464.7,57199.1,57286.4,154439.8
1720786500000,57286.3,57486.0,57202.2,57442.0,97113.1
1720787400000,57441.9,57441.9,57086.1,57206.0,298805.5
1720788300000,57200.0,57389.6,57200.0,57382.6,87213.5
1720789200000,57382.5,57497.3,57345.4,57495.9,100858.7
1720790100000,57493.7,57795.0,57427.5,57529.9,363256.1
1720791000000,57532.0,57764.3,57476.3,57493.9,137280.3
1720791900000,57496.0,57999.0,57476.3,57837.5,245833.6
1720792800000,57837.5,57976.7,57677.0,57869.1,209097.0
1720793700000,57869.2,57953.2,57688.0,57930.0,116091.4
1720794600000,57930.0,58027.4,57814.6,57949.9,114206.2
1720795500000,57950.0,57960.0,57712.6,57821.5,77625.6
1720796400000,57821.4,57977.0,57758.4,57930.2,86918.9
1720797300000,57930.2,58217.5,57811.0,58159.8,219988.4
1720798200000,58159.8,58217.5,57909.8,57989.4,158556.2
1720799100000,57989.5,58273.9,57904.7,58206.1,157666.6
1720800000000,58206.1,58239.6,58015.8,58028.1,106004.7
1720800900000,58028.0,58240.0,57960.6,58219.9,92809.9
1720801800000,58220.0,58437.6,58076.5,58092.2,232963.0
1720802700000,58092.2,58156.0,57932.0,58115.4,142419.7
1720803600000,58115.4,58193.3,57954.0,58110.1,84860.2
1720804500000,58110.1,58331.9,58104.8,58159.5,81523.2
1720805400000,58159.5,58275.4,58085.7,58187.9,45606.6
1720806300000,58188.0,58262.2,58120.0,58170.7,37527.1
1720807200000,58170.6,58183.2,58066.0,58180.3,30978.5
1720808100000,58180.3,58314.8,58088.5,58143.8,77173.1
1720809000000,58143.9,58476.0,58117.7,58411.1,179842.3
1720809900000,58411.1,58576.0,58294.9,58300.0,172200.7
1720810800000,58300.1,58365.5,58088.0,58164.1,137307.9
1720811700000,58164.0,58185.6,57852.0,57908.4,294247.6
1720812600000,57908.4,57908.4,57711.0,57816.1,173897.4
1720813500000,57816.1,57868.1,57507.6,57582.5,204530.6
1720814400000,57582.0,57653.3,57467.7,57484.0,174010.7
1720815300000,57484.0,57511.9,57155.1,57329.9,259841.4
1720816200000,57329.9,57544.9,57307.2,57542.3,86762.0
1720817100000,57540.0,57616.7,57522.6,57543.7,65082.7
1720818000000,57543.6,57688.0,57507.1,57662.5,67228.6
1720818900000,57662.6,57673.7,57538.5,57591.8,40151.0
1720819800000,57591.8,57691.8,57558.1,57600.7,24700.7
1720820700000,57600.3,57661.8,57584.3,57601.8,19302.7
1720821600000,57601.7,57725.4,57575.0,57689.4,22090.6
1720822500000,57690.2,57884.0,57683.0,57683.0,85416.3
1720823400000,57682.8,57728.7,57653.3,57722.4,14417.5
1720824300000,57722.4,57811.9,57700.1,57787.4,26087.2
1720825200000,57787.4,57793.8,57715.3,57742.0,21017.4
1720826100000,57742.0,57870.0,57741.9,57806.8,41619.5
1720827000000,57806.8,57854.9,57794.0,57840.0,16455.4
1720827900000,57840.0,57916.2,57839.9,57902.0,33774.6
1720828800000,57899.7,57936.8,57831.8,57878.6,44206.9
1720829700000,57878.6,57919.8,57756.9,57819.9,44209.6
1720830600000,57819.8,57876.6,57750.1,57830.1,28957.5
1720831500000,57830.1,57850.0,57804.0,57840.8,17607.3
1720832400000,57840.8,57949.0,57802.0,57938.9,42578.3
1720833300000,57939.0,57975.0,57877.2,57882.5,36910.0
1720834200000,57882.6,57905.3,57824.2,57888.0,20681.8
1720835100000,57887.9,57930.2,57853.3,57889.9,12657.5
1720836000000,57890.0,57892.0,57764.7,57817.7,25570.9
1720836900000,57817.8,57885.4,57780.0,57864.1,32783.5
1720837800000,57864.1,57944.5,57810.0,57914.0,19159.9
1720838700000,57914.0,57961.6,57905.4,57939.7,29203.9
1720839600000,57939.7,57994.3,57891.6,57915.1,33402.9
1720840500000,57915.1,57915.1,57845.0,57874.8,28646.1
1720841400000,57874.8,57888.0,57809.7,57848.2,46440.4
1720842300000,57848.3,57914.0,57789.0,57822.4,31902.1
1720843200000,57822.4,57839.4,57769.2,57822.9,37970.7
1720844100000,57823.0,57845.0,57770.5,57801.1,22509.5
1720845000000,57801.2,57861.4,57780.0,57788.5,20674.4
1720845900000,57788.9,57830.2,57773.2,57784.7,10906.9
1720846800000,57784.8,57919.0,57756.0,57827.5,38291.4
1720847700000,57827.4,57957.9,57800.1,57934.0,43382.4
1720848600000,57934.0,57965.6,57887.7,57939.0,34280.3
1720849500000,57939.0,58168.7,57890.0,58069.8,144049.2
1720850400000,58069.9,58106.0,58002.0,58008.0,35316.9
1720851300000,58008.0,58247.6,58002.4,58150.5,87865.5
1720852200000,58150.4,58178.3,58051.7,58059.5,73387.3
1720853100000,58059.6,58088.7,58016.7,58030.6,27884.0
1720854000000,58030.6,58087.8,57999.7,58085.2,30210.7
1720854900000,58085.3,58145.6,58030.0,58120.1,30899.9
1720855800000,58120.0,58150.0,58080.1,58119.7,23041.6
1720856700000,58119.6,58169.0,58077.3,58168.9,28866.6
1720857600000,58168.9,58197.5,58096.2,58110.0,39994.6
1720858500000,58110.0,58155.0,58105.3,58137.8,18382.5
1720859400000,58137.9,58137.9,58056.1,58059.9,19710.7
1720860300000,58059.8,58059.8,57920.0,57947.9,57598.0
1720861200000,57948.0,58000.0,57904.1,57982.7,49405.6
1720862100000,57982.8,58218.6,57967.7,58194.7,97658.8
1720863000000,58194.6,58397.4,58190.4,58341.6,251880.2
1720863900000,58341.6,58873.1,58284.0,58665.7,350201.3
1720864800000,58665.7,58760.0,58599.9,58700.7,183967.1
1720865700000,58700.7,58736.9,58642.8,58660.0,75264.5
1720866600000,58660.1,58660.1,58354.8,58359.0,186234.9
1720867500000,58359.0,58475.7,58337.0,58423.4,71319.1
1720868400000,58423.4,58440.0,58373.0,58403.3,40250.8
1720869300000,58403.3,58550.0,58377.0,58480.0,53827.4
1720870200000,58480.1,58593.6,58480.0,58551.0,66619.2
1720871100000,58551.0,58586.0,58511.3,58536.7,35939.2
1720872000000,58536.8,58554.9,58435.0,58448.0,64348.3
1720872900000,58448.0,58649.9,58437.2,58626.1,82701.9
1720873800000,58626.2,58821.9,58626.1,58776.8,163282.8
1720874700000,58776.9,58926.9,58678.2,58773.8,250233.9
1720875600000,58773.7,58838.9,58615.8,58701.8,114048.3
1720876500000,58701.9,58750.0,58660.0,58746.3,53568.1
1720877400000,58746.3,58813.3,58580.0,58600.0,79319.0
1720878300000,58600.0,58672.0,58579.9,58614.0,60671.3
1720879200000,58615.2,58641.7,58490.1,58507.9,90281.1
1720880100000,58507.8,58581.1,58471.1,58519.3,44860.5
1720881000000,58519.2,58673.7,58505.9,58673.6,52419.6
1720881900000,58673.5,58810.0,58626.7,58800.8,56769.8
1720882800000,58800.0,58811.0,58688.0,58793.5,60508.4
1720883700000,58793.5,58812.5,58688.0,58785.0,47380.9
1720884600000,58785.0,58908.1,58716.1,58800.0,140001.8
1720885500000,58799.9,58852.7,58728.2,58844.1,56471.4
1720886400000,58844.1,58944.4,58770.5,58856.4,125578.0
1720887300000,58856.4,58977.8,58666.0,58736.8,143192.4
1720888200000,58736.8,58775.0,58640.0,58709.9,87852.1
1720889100000,58710.0,58728.7,58600.0,58621.4,46665.1
1720890000000,58621.5,58664.4,58610.0,58647.5,26743.7
1720890900000,58647.4,58690.0,58579.8,58599.9,22458.8
1720891800000,58600.0,58664.3,58565.2,58664.3,27141.3
1720892700000,58664.2,58719.7,58643.8,58719.3,18045.6
1720893600000,58719.3,58813.9,58697.0,58714.1,41637.9
1720894500000,58714.1,58723.7,58621.5,58627.9,24879.3
1720895400000,58627.9,58671.5,58574.3,58612.1,24409.7
1720896300000,58612.2,58659.0,58574.0,58644.2,14475.4
1720897200000,58644.2,58750.0,58632.4,58688.5,19399.6
1720898100000,58688.5,58712.6,58656.7,58670.0,9756.0
1720899000000,58670.3,58691.6,58609.2,58630.0,13033.5
1720899900000,58630.1,58678.0,58596.3,58622.7,12762.4
1720900800000,58622.6,58636.2,58570.6,58593.9,26233.2
1720901700000,58593.9,58636.2,58580.0,58605.2,17781.4
1720902600000,58605.2,58677.9,58570.0,58643.8,12467.8
1720903500000,58643.8,58695.3,58585.0,58595.2,22368.9
1720904400000,58595.0,58633.7,58580.8,58597.3,16909.2
1720905300000,58597.3,58705.3,58597.3,58684.1,17511.8
1720906200000,58684.1,58684.2,58650.0,58650.0,7439.9
1720907100000,58650.1,58697.9,58650.0,58697.9,6985.2
1720908000000,58697.9,58701.6,58660.5,58687.9,8756.7
1720908900000,58687.9,58690.0,58238.2,58404.0,212758.1
1720909800000,58404.1,59050.0,58331.1,58787.5,282858.8
1720910700000,58787.7,59579.9,58787.7,59466.8,565629.8
1720911600000,59466.8,59826.0,59238.2,59725.3,390673.8
1720912500000,59724.1,59887.9,59321.7,59386.3,284061.0
1720913400000,59386.3,59422.2,59186.5,59275.2,181456.0
1720914300000,59275.2,59304.0,59122.0,59205.2,114850.0
1720915200000,59205.2,59466.0,59196.0,59436.8,134217.9
1720916100000,59436.8,59650.7,59368.0,59387.9,184593.0
1720917000000,59388.0,59543.2,59273.4,59489.4,82860.5
1720917900000,59489.5,59788.0,59448.2,59742.9,185476.4
1720918800000,59742.9,59846.2,59571.0,59609.9,156698.8
1720919700000,59609.8,59645.8,59434.8,59559.4,131514.2
1720920600000,59558.2,59750.0,59533.7,59711.3,68126.8
1720921500000,59711.3,59750.0,59610.0,59705.4,57021.1
1720922400000,59705.3,59750.0,59536.2,59566.2,60965.5
1720923300000,59566.3,59643.7,59286.4,59318.2,114977.5
1720924200000,59318.2,59423.8,59288.0,59328.7,70299.2
1720925100000,59328.6,59363.5,59280.0,59363.5,55722.1
1720926000000,59363.4,59587.9,59344.3,59486.3,77854.8
1720926900000,59486.2,59495.7,59400.0,59486.5,28786.8
1720927800000,59486.6,59493.0,59385.6,59409.7,25531.1
1720928700000,59409.7,59513.7,59378.6,59466.0,33245.7
1720929600000,59466.1,59686.0,59422.0,59676.1,76096.7
1720930500000,59676.1,60150.0,59646.0,59745.8,433762.8
1720931400000,59745.9,59911.0,59653.1,59849.3,136029.9
1720932300000,59849.4,60020.5,59725.1,59959.8,96061.2
1720933200000,59959.9,60307.7,59951.4,59951.5,388074.0
1720934100000,59951.4,60160.6,59800.0,60143.6,190245.5
1720935000000,60143.6,60188.0,60050.4,60066.1,125793.9
1720935900000,60066.1,60295.8,59983.0,60274.6,152217.8
1720936800000,60274.6,60336.0,60125.0,60146.5,162993.8
1720937700000,60148.0,60148.0,60061.9,60103.9,59280.1
1720938600000,60103.9,60142.2,59990.0,60007.4,62922.4
1720939500000,60008.6,60017.9,59794.9,59878.9,183391.0
1720940400000,59878.9,59980.7,59820.4,59919.0,57637.8
1720941300000,59919.0,60109.8,59892.1,59941.8,68666.2
1720942200000,59941.9,59998.8,59904.8,59993.3,33463.6
1720943100000,59993.3,60125.0,59993.3,60057.2,52519.0
1720944000000,60057.2,60225.1,60057.2,60116.6,82826.4
1720944900000,60116.5,60419.1,60053.4,60310.9,219785.9
1720945800000,60310.9,60324.0,60161.5,60250.1,127729.9
1720946700000,60250.0,60324.0,60157.9,60200.1,60072.2
1720947600000,60196.8,60275.4,60121.1,60132.4,71794.6
1720948500000,60132.5,60293.9,60118.8,60267.7,46982.0
1720949400000,60267.7,60363.0,60188.2,60190.0,87389.9
1720950300000,60189.9,60272.7,60180.0,60189.5,34402.7
1720951200000,60189.4,60234.7,60090.0,60104.1,56716.6
1720952100000,60104.2,60182.2,60102.7,60130.1,47763.0
1720953000000,60130.1,60146.3,59980.0,60027.3,74368.7
1720953900000,60027.4,60063.3,59900.5,59931.7,67504.8
1720954800000,59931.6,60052.7,59912.0,60030.8,80236.6
1720955700000,60030.9,60053.0,59986.1,59992.4,29020.6
1720956600000,59992.4,60136.0,59984.5,60095.9,65165.1
1720957500000,60095.9,60125.0,60060.1,60110.0,32119.8
1720958400000,60110.1,60115.9,59872.9,59885.5,85574.9
1720959300000,59885.5,59949.6,59728.0,59774.1,126354.3
1720960200000,59774.2,59864.3,59680.6,59760.0,126286.6
1720961100000,59760.0,59785.7,59580.0,59597.7,129402.6
1720962000000,59597.7,59663.2,59586.0,59636.1,51046.1
1720962900000,59636.0,59788.9,59636.0,59638.1,63251.7
1720963800000,59638.0,59693.6,59593.5,59644.0,57466.5
1720964700000,59644.1,59713.1,59622.1,59698.9,48702.7
1720965600000,59698.8,59740.0,59642.0,59710.8,45170.2
1720966500000,59710.7,59710.8,59500.0,59513.2,92275.0
1720967400000,59513.3,59774.6,59464.8,59768.5,139718.3
1720968300000,59768.6,60249.0,59768.5,60017.9,304954.2
1720969200000,60017.8,60163.4,59868.5,59998.7,180048.2
1720970100000,59998.8,60000.0,59880.0,59917.1,52575.3
1720971000000,59917.1,60077.6,59917.1,59945.3,58213.9
1720971900000,59945.3,60135.9,59930.1,60088.0,60761.0
1720972800000,60087.9,60126.2,59989.2,60099.9,40678.5
1720973700000,60099.9,60115.4,59936.5,59942.0,49084.0
1720974600000,59942.0,60029.1,59883.5,60027.8,75567.2
1720975500000,60027.9,60112.0,60004.1,60099.2,31668.1
1720976400000,60100.0,60190.0,59968.0,59986.0,71409.3
1720977300000,59986.0,60020.3,59914.1,60010.3,39858.2
1720978200000,60010.2,60065.2,59960.0,59961.5,18227.4
1720979100000,59961.4,60019.9,59960.5,60007.1,9275.4
1720980000000,60007.0,60084.0,59924.8,59933.9,27438.1
1720980900000,59934.0,59986.0,59930.1,59951.4,10923.9
1720981800000,59951.4,60023.2,59939.7,60012.0,14929.9
1720982700000,60012.0,60029.0,59984.2,60027.9,10953.9
1720983600000,60027.9,60027.9,59988.9,59993.4,9895.4
1720984500000,59993.4,60000.0,59973.7,59974.7,6386.8
1720985400000,59974.6,59993.7,59906.6,59906.6,13920.3
1720986300000,59906.0,59943.9,59887.7,59910.1,39440.5
1720987200000,59910.0,59933.1,59864.5,59920.5,18545.7
1720988100000,59920.5,60024.4,59920.3,59987.1,29915.3
1720989000000,59987.0,60575.0,59987.0,60161.0,304816.7
1720989900000,60161.0,60211.9,60059.8,60088.9,50616.0
1720990800000,60088.8,60378.0,60015.4,60281.0,100370.2
1720991700000,60281.0,61036.3,60270.1,60756.0,598662.6
1720992600000,60756.0,60908.6,60631.1,60785.8,146966.0
1720993500000,60785.8,61473.2,60779.5,61301.4,343169.3
1720994400000,61304.8,61402.2,60775.3,60844.2,252334.6
1720995300000,60845.9,60996.0,60750.0,60913.7,153017.0
1720996200000,60913.7,60990.4,60775.9,60776.2,69154.8
1720997100000,60776.2,60924.0,60772.0,60854.1,46081.7
1720998000000,60854.0,60983.9,60796.3,60952.0,70566.9
1720998900000,60952.1,61179.2,60931.0,61101.8,123707.8
1720999800000,61101.8,61166.0,61034.5,61089.9,71137.2
1721000700000,61090.0,61090.0,60701.1,60789.8,143436.1
1721001600000,60789.7,60874.3,60638.8,60682.0,119999.6
1721002500000,60682.0,60980.0,60666.7,60980.0,97118.8
1721003400000,60979.9,61136.3,60934.1,61015.4,111654.8
1721004300000,61009.5,61330.0,61009.5,61218.0,161930.2
1721005200000,61218.0,61536.3,61181.0,61480.0,246750.0
1721006100000,61480.0,61811.0,61392.3,61412.0,422224.6
1721007000000,61412.0,61467.1,61243.3,61271.4,129784.6
1721007900000,61271.4,61411.5,61185.0,61395.4,104887.6
1721008800000,61395.4,61619.7,61295.0,61532.4,121234.0
1721009700000,61532.3,62295.4,61445.1,62221.4,498777.6
1721010600000,62221.4,62535.5,62019.9,62274.5,619154.6
1721011500000,62274.5,62639.3,62211.0,62487.0,293787.6
1721012400000,62486.9,62699.0,62333.3,62479.0,222791.5
1721013300000,62479.0,62666.6,62400.0,62418.4,177672.1
1721014200000,62418.3,62540.3,62408.1,62529.7,70244.1
1721015100000,62529.7,62805.4,62520.4,62645.7,255670.9
1721016000000,62645.8,62799.3,62550.0,62550.1,128065.9
1721016900000,62550.0,62845.5,62544.0,62590.1,169323.0
1721017800000,62590.1,62598.4,62436.7,62469.3,119002.5
1721018700000,62469.3,62659.8,62451.1,62611.5,91469.4
1721019600000,62611.5,62769.0,62540.0,62722.0,111541.5
1721020500000,62722.1,62825.8,62653.0,62739.0,88914.6
1721021400000,62739.0,62937.7,62700.4,62807.8,157358.8
1721022300000,62807.7,62980.0,62697.1,62811.2,163144.6
1721023200000,62811.2,62918.5,62710.6,62898.0,91621.1
1721024100000,62898.0,63029.6,62760.0,62887.9,133341.7
1721025000000,62887.9,62999.8,62828.3,62972.7,112080.5
1721025900000,62972.7,63025.6,62868.0,62877.3,127071.1
1721026800000,62877.4,62927.6,62774.5,62920.4,83584.2
1721027700000,62920.4,62960.0,62742.2,62808.0,102578.8
1721028600000,62807.8,63118.6,62807.8,63000.0,162912.2
1721029500000,63000.0,63000.0,62826.7,62848.4,94096.0
1721030400000,62848.1,62950.0,62832.4,62898.0,67965.4
1721031300000,62897.9,63090.0,62886.5,63013.4,130686.9
1721032200000,63013.4,63082.8,62950.0,63079.4,82351.0
1721033100000,63079.3,63280.7,62806.1,62890.0,356666.2
1721034000000,62890.1,62892.0,62553.1,62657.8,311748.8
1721034900000,62657.7,62806.0,62601.0,62711.0,117448.8
1721035800000,62711.0,62919.9,62674.4,62777.8,111531.1
1721036700000,62777.7,62910.0,62651.0,62651.0,87883.5
1721037600000,62651.1,62743.8,62633.0,62701.8,73379.1
1721038500000,62701.9,62831.9,62668.0,62750.1,58146.1
1721039400000,62750.1,62809.5,62706.0,62706.0,32453.8
1721040300000,62706.0,62706.1,62421.7,62549.9,198451.2
1721041200000,62550.0,62618.7,62473.6,62473.6,74211.8
1721042100000,62473.5,62516.6,62300.0,62446.4,162273.3
1721043000000,62446.5,62543.2,62314.1,62522.2,83121.2
1721043900000,62522.3,62586.8,62419.0,62466.0,73859.9
1721044800000,62466.0,62680.0,62454.2,62571.9,114158.7
1721045700000,62572.0,62729.4,62506.0,62716.6,83192.8
1721046600000,62716.5,62823.9,62645.8,62698.1,128651.8
1721047500000,62698.2,62721.9,62542.2,62623.2,63218.7
1721048400000,62623.1,62776.6,62596.0,62752.0,69467.5
1721049300000,62752.1,62990.0,62720.0,62780.0,224315.1
1721050200000,62780.1,62950.0,62488.0,62888.6,297400.7
1721051100000,62888.6,62950.0,62772.1,62917.1,113300.1
1721052000000,62917.6,63075.7,62832.7,62930.0,183841.7
1721052900000,62930.0,62982.0,62728.8,62862.1,113653.4
1721053800000,62862.0,63010.0,62834.0,62981.9,126507.7
1721054700000,62982.0,63241.6,62963.3,63214.1,206839.8
1721055600000,63214.1,63330.0,62863.9,62959.9,379169.4
1721056500000,62958.2,63142.4,62910.0,63100.0,156956.0
1721057400000,63100.0,63150.0,62905.0,62946.1,112132.8
1721058300000,62947.5,63036.0,62854.4,63019.1,78830.2
1721059200000,63019.1,63058.1,62855.3,63024.0,102351.6
1721060100000,63021.9,63273.8,62966.1,63218.8,134297.2
1721061000000,63218.8,63550.0,63150.4,63464.0,397237.2
1721061900000,63464.0,63641.7,63374.0,63410.1,244125.2
1721062800000,63410.6,63722.0,63256.4,63625.5,306293.4
1721063700000,63625.5,63777.0,63451.0,63483.0,205108.5
1721064600000,63483.0,63520.5,63240.0,63268.1,113282.0
1721065500000,63268.1,63401.2,63085.0,63087.0,151100.4
1721066400000,63087.0,63366.5,63001.0,63298.3,145064.7
1721067300000,63297.9,63464.1,63232.1,63455.7,73145.5
1721068200000,63455.7,63630.2,63368.0,63582.0,118039.0
1721069100000,63582.0,63582.0,63458.2,63511.7,74083.8
1721070000000,63511.7,63595.9,63325.0,63591.0,98577.7
1721070900000,63591.5,63813.0,63264.0,63356.0,331603.1
1721071800000,63356.1,63750.9,63238.0,63664.8,229543.9
1721072700000,63664.8,63703.1,63202.9,63353.7,215811.5
1721073600000,63353.7,63405.2,63252.9,63312.0,52471.0
1721074500000,63311.9,63629.9,63274.2,63600.7,107216.6
1721075400000,63600.8,63727.9,63543.8,63654.0,81811.1
1721076300000,63654.0,63786.7,63610.0,63728.1,96206.3
1721077200000,63728.1,63773.9,63650.6,63756.0,63615.2
1721078100000,63756.1,63796.6,63470.6,63595.9,75707.5
1721079000000,63595.9,63670.0,63514.8,63573.6,36502.7
1721079900000,63573.6,63660.5,63502.3,63537.4,30489.9
1721080800000,63537.5,64763.8,63502.2,64158.2,693890.2
1721081700000,64158.2,64258.0,63940.2,64211.7,238456.4
1721082600000,64211.7,64800.0,64151.3,64443.7,337404.7
1721083500000,64443.7,64666.0,64286.2,64372.0,167852.8
1721084400000,64372.0,64580.0,64250.0,64558.3,133210.4
1721085300000,64558.4,64766.3,64501.3,64541.9,220340.3
1721086200000,64542.4,64887.7,64524.0,64745.9,187342.3
1721087100000,64745.9,64948.3,64650.2,64750.0,180170.0
1721088000000,64750.0,64992.0,64698.2,64707.6,259609.2
1721088900000,64707.6,64796.4,64562.7,64606.6,141867.2
1721089800000,64606.6,64719.6,64458.0,64687.1,157672.0
1721090700000,64687.3,64782.0,64600.2,64640.8,75028.2
1721091600000,64640.8,64690.2,64489.1,64688.0,69144.2
1721092500000,64688.1,64830.0,64651.0,64651.0,113476.0
1721093400000,64650.1,64881.0,64608.0,64770.1,65304.0
1721094300000,64770.0,64875.4,64700.0,64864.4,53014.3
1721095200000,64864.3,64864.3,64634.0,64634.0,87484.6
1721096100000,64634.1,64688.0,64580.0,64608.0,78677.6
1721097000000,64608.0,64750.0,64567.2,64750.0,66847.9
1721097900000,64749.9,64844.0,64573.6,64830.3,103420.1
1721098800000,64830.2,64839.4,64749.2,64823.9,55563.3
1721099700000,64823.9,64880.0,64756.8,64765.9,63020.5
1721100600000,64766.0,64766.0,64640.0,64749.9,80742.0
1721101500000,64749.9,64818.5,64666.1,64767.5,44219.7
1721102400000,64767.5,65000.0,64720.6,64783.3,267049.5
1721103300000,64783.4,64785.6,64565.0,64575.0,182719.9
1721104200000,64575.0,64594.0,64505.0,64513.9,101895.2
1721105100000,64513.9,64600.0,64481.8,64503.0,68325.3
1721106000000,64503.1,64572.0,64307.7,64390.1,187822.2
1721106900000,64390.1,64474.2,63941.1,63975.5,384574.7
1721107800000,63975.4,64181.3,63559.3,63728.8,514106.3
1721108700000,63728.7,63807.0,63477.1,63664.9,315284.6
1721109600000,63665.0,63769.4,63607.6,63607.7,154007.7
1721110500000,63607.8,63901.8,63600.0,63874.8,132718.8
1721111400000,63874.8,63887.8,63403.1,63433.7,268496.3
1721112300000,63433.7,63440.9,62800.0,62918.3,641567.7
1721113200000,62918.4,63333.0,62790.0,63217.4,400164.4
1721114100000,63217.4,63268.1,62901.4,62995.7,194486.5
1721115000000,62993.4,63161.8,62801.2,62918.3,151891.0
1721115900000,62918.2,62989.3,62718.0,62920.1,198716.3
1721116800000,62920.1,63106.4,62870.6,62990.2,153491.5
1721117700000,62990.3,63030.0,62552.1,62580.8,350383.6
1721118600000,62580.7,62745.6,62375.0,62741.9,280157.1
1721119500000,62741.9,62839.0,62639.0,62826.5,138848.9
1721120400000,62826.6,62977.0,62682.0,62959.5,195612.5
1721121300000,62959.6,63188.8,62918.0,62979.9,207390.7
1721122200000,62980.0,63251.9,62930.9,63236.3,181946.3
1721123100000,63236.2,63247.1,63062.5,63185.7,92170.2
1721124000000,63185.7,63340.0,63080.1,63307.9,160929.7
1721124900000,63307.9,63358.5,63210.0,63281.9,95296.1
1721125800000,63281.9,63665.0,63250.1,63513.4,293575.0
1721126700000,63513.4,63559.1,63408.0,63446.3,115080.5
1721127600000,63446.4,63597.8,63143.5,63503.9,244331.8
1721128500000,63503.9,63800.0,63489.7,63700.4,212957.0
1721129400000,63700.5,63787.4,63576.0,63766.8,109394.2
1721130300000,63766.8,63860.8,63656.0,63758.4,132610.6
1721131200000,63758.4,63862.0,63630.3,63781.2,139531.3
1721132100000,63781.3,64172.5,63700.0,64160.0,249257.0
1721133000000,64160.0,64285.0,63865.6,63949.9,258720.7
1721133900000,63950.0,64102.3,63601.3,63752.3,211486.8
1721134800000,63752.3,63939.2,63640.0,63741.9,189663.2
1721135700000,63741.9,63857.8,63502.0,63834.9,166760.8
1721136600000,63834.9,64116.7,63753.2,63900.3,251120.4
1721137500000,63900.4,63930.0,63402.1,63425.3,229590.1
1721138400000,63425.3,63526.0,63073.2,63526.0,489761.5
1721139300000,63526.0,63789.0,63500.0,63604.0,241356.1
1721140200000,63604.1,63790.1,63480.5,63621.3,101710.5
1721141100000,63621.4,63911.0,63580.8,63844.1,108087.1
1721142000000,63844.1,64360.3,63800.0,64220.0,353815.9
1721142900000,64220.1,64674.9,64149.4,64516.7,456749.3
1721143800000,64516.5,64785.0,64360.0,64584.3,264140.6
1721144700000,64584.2,64987.0,64528.7,64881.8,405510.9
1721145600000,64881.9,65246.8,64501.8,64759.4,816119.9
1721146500000,64759.4,64784.0,64400.0,64491.8,253962.5
1721147400000,64491.8,64635.8,64302.0,64316.0,222124.6
1721148300000,64316.1,64518.5,64225.0,64518.5,178360.0
1721149200000,64518.4,64518.5,64128.0,64291.0,127515.1
1721150100000,64290.9,64444.2,64169.6,64373.3,89474.7
1721151000000,64373.3,64576.0,64253.3,64548.6,75363.3
1721151900000,64548.6,64671.7,64428.6,64560.5,119053.3
1721152800000,64560.4,64701.2,64414.0,64643.3,95154.6
1721153700000,64643.3,64939.9,64522.0,64680.7,113771.2
1721154600000,64680.8,64824.6,64594.9,64650.1,56824.1
1721155500000,64650.0,64811.2,64495.6,64811.2,72210.9
1721156400000,64811.3,64976.4,64723.8,64945.7,97703.5
1721157300000,64946.6,65125.3,64827.8,65124.0,137564.3
1721158200000,65123.9,65189.8,64825.6,64833.9,181738.9
1721159100000,64833.9,65202.8,64602.3,65180.0,187374.3
1721160000000,65178.0,65200.0,64978.3,65016.8,117001.9
1721160900000,65016.9,65201.8,64912.0,64928.9,75228.2
1721161800000,64928.9,65016.7,64838.4,64844.2,65977.1
1721162700000,64844.2,64868.6,64620.1,64672.1,78092.2
1721163600000,64672.8,64787.2,64472.5,64582.1,78572.5
1721164500000,64582.2,64786.8,64544.3,64766.1,47567.2
1721165400000,64766.2,64846.0,64612.5,64627.4,36046.3
1721166300000,64627.5,64672.9,64500.0,64500.1,23622.1
1721167200000,64500.1,64582.4,64110.6,64378.0,207509.3
1721168100000,64376.9,64480.5,64300.1,64314.7,50598.2
1721169000000,64315.9,64500.2,64309.4,64451.5,36801.3
1721169900000,64451.5,64634.1,64451.5,64622.9,55396.0
1721170800000,64623.0,64880.0,64617.6,64874.0,65640.5
1721171700000,64877.0,65372.9,64868.0,65233.4,273072.8
1721172600000,65233.3,65398.8,65000.0,65193.4,222069.2
1721173500000,65193.4,65193.7,65022.4,65047.1,94762.1
1721174400000,65047.2,65313.2,64933.0,65265.5,148577.8
1721175300000,65265.5,65364.6,65189.5,65219.0,108845.9
1721176200000,65218.9,65538.5,65218.9,65532.6,247209.3
1721177100000,65532.6,65640.6,65376.2,65515.8,165392.3
1721178000000,65515.8,65920.0,65438.6,65793.0,319595.3
1721178900000,65793.0,66149.4,65781.5,65929.2,387013.1
1721179800000,65929.1,66042.0,65825.0,65950.1,124535.1
1721180700000,65950.0,66020.0,65639.1,65677.6,218343.9
1721181600000,65677.6,65922.0,65674.0,65824.9,125012.6
1721182500000,65825.0,65871.9,65592.0,65782.1,153545.0
1721183400000,65782.2,65899.8,65651.1,65835.2,65055.2
1721184300000,65835.3,65848.8,65555.0,65623.3,101716.8
1721185200000,65623.4,65716.5,65400.0,65465.0,131682.1
1721186100000,65465.0,65659.1,65448.1,65564.0,95042.1
1721187000000,65564.1,65735.0,65558.5,65675.3,88298.1
1721187900000,65675.3,65810.0,65570.7,65709.0,94890.9
1721188800000,65709.1,65874.0,65674.6,65812.0,93090.5
1721189700000,65812.0,65859.2,65669.8,65684.4,73112.8
1721190600000,65684.4,65846.0,65557.5,65786.3,110500.8
1721191500000,65786.3,65858.3,65730.0,65851.3,50508.4
1721192400000,65851.3,65907.4,65760.0,65907.4,79731.3
1721193300000,65907.4,66025.3,65840.0,65949.6,131551.9
1721194200000,65949.7,65949.7,65728.8,65801.8,105329.8
1721195100000,65801.9,65843.4,65614.0,65636.3,111346.6
1721196000000,65636.3,65811.0,65628.0,65799.0,67592.5
1721196900000,65799.0,65799.1,65534.2,65578.6,90350.0
1721197800000,65574.1,65716.2,65480.1,65705.5,108171.5
1721198700000,65705.7,65714.7,65583.8,65583.8,48935.1
1721199600000,65583.6,65595.0,65474.5,65490.1,77332.4
1721200500000,65490.2,65550.0,65307.0,65430.5,187414.5
1721201400000,65430.4,65449.5,65211.5,65347.3,165319.5
1721202300000,65347.2,65426.4,65234.0,65269.9,77210.8
1721203200000,65269.9,65366.7,65079.7,65079.7,183159.6
1721204100000,65079.1,65312.0,64806.9,65302.0,343261.4
1721205000000,65301.9,65496.3,65150.0,65228.8,230310.6
1721205900000,65228.8,65386.5,65180.0,65187.6,101643.4
1721206800000,65187.6,65399.8,65085.0,65359.5,108897.4
1721207700000,65359.4,65520.0,65307.1,65353.5,123379.2
1721208600000,65353.5,65456.2,65278.0,65380.0,95265.0
1721209500000,65379.9,65379.9,65261.0,65338.0,40955.8
1721210400000,65337.9,65344.8,65159.8,65271.1,62200.2
1721211300000,65271.1,65338.7,65106.0,65338.6,75958.9
1721212200000,65338.6,65338.7,65162.3,65303.8,68118.7
1721213100000,65303.9,65365.0,65106.1,65134.6,63365.4
1721214000000,65134.6,65161.5,64902.5,64941.7,155363.5
1721214900000,64941.7,65091.2,64730.7,64911.5,228366.9
1721215800000,64911.6,64923.2,64580.0,64736.6,303251.2
1721216700000,64736.6,64817.4,64650.0,64737.4,90063.6
1721217600000,64737.4,64893.8,64580.6,64810.5,170057.9
1721218500000,64810.4,64918.0,64810.2,64810.5,88936.7
1721219400000,64810.5,65025.0,64701.1,64780.9,102213.2
1721220300000,64780.9,64865.0,64702.1,64742.5,48112.0
1721221200000,64742.5,64969.1,64728.1,64811.7,64834.3
1721222100000,64811.8,64886.6,64605.0,64719.2,100278.8
1721223000000,64719.3,64964.0,64530.8,64727.8,251539.6
1721223900000,64727.8,65326.0,64599.6,65138.2,437121.5
1721224800000,65138.3,65206.1,64618.7,64785.1,299413.0
1721225700000,64785.1,64967.7,64771.1,64850.0,104546.6
1721226600000,64850.0,65241.2,64815.6,65146.8,156878.0
1721227500000,65146.8,65241.2,64909.5,65036.9,112724.7
1721228400000,65036.9,65138.9,64854.4,65059.2,94837.9
1721229300000,65059.2,65185.0,64986.0,65163.7,83954.9
1721230200000,65163.8,65422.0,65011.1,65045.4,188663.5
1721231100000,65045.5,65050.1,64636.0,64740.8,288272.0
1721232000000,64740.8,64782.9,64340.5,64404.4,474600.6
1721232900000,64404.4,64527.0,64276.9,64364.4,312681.4
1721233800000,64364.0,64392.6,63855.0,64038.3,451124.3
1721234700000,64038.4,64285.0,63931.9,64250.4,238439.5
1721235600000,64250.4,64355.0,63938.7,63964.6,200439.7
1721236500000,63964.7,64252.4,63964.7,64240.8,93833.1
1721237400000,64240.8,64426.5,64210.1,64369.1,127297.6
1721238300000,64367.3,64389.3,64265.5,64287.4,54301.6
1721239200000,64287.4,64433.0,64211.0,64376.8,59583.6
1721240100000,64376.7,64515.0,64374.8,64505.2,75139.8
1721241000000,64505.3,64578.0,64408.2,64553.6,74644.9
1721241900000,64553.6,64553.6,64386.4,64508.0,47054.0
1721242800000,64507.9,64576.9,64497.8,64511.0,31502.6
1721243700000,64508.7,64738.5,64447.7,64708.1,106926.0
1721244600000,64708.2,64749.0,64619.1,64673.5,54334.5
1721245500000,64673.5,64766.9,64500.0,64580.4,57105.0
1721246400000,64580.3,64653.7,64513.1,64548.6,52804.1
1721247300000,64548.7,64647.8,64538.3,64618.7,16339.8
1721248200000,64618.7,64679.2,64556.5,64602.2,16435.2
1721249100000,64602.1,64620.0,64500.6,64515.9,23307.8
1721250000000,64515.8,64515.9,64046.4,64204.0,166910.1
1721250900000,64204.1,64263.6,64089.5,64258.0,46900.8
1721251800000,64258.0,64566.5,64240.4,64479.5,50173.2
1721252700000,64479.5,64479.6,64256.4,64320.0,27691.5
1721253600000,64320.1,64450.0,64236.0,64242.6,47594.5
1721254500000,64242.7,64394.2,64099.0,64364.1,78502.3
1721255400000,64364.1,64388.0,64153.8,64329.1,50249.2
1721256300000,64329.2,64356.5,64203.5,64260.7,30217.3
1721257200000,64260.7,64282.0,64111.0,64173.7,48436.8
1721258100000,64173.6,64325.7,64160.0,64306.2,37658.9
1721259000000,64306.2,64376.9,64227.3,64227.3,32059.2
1721259900000,64227.3,64233.7,64085.8,64093.4,72113.6
1721260800000,64093.3,64199.5,63906.9,63916.0,105529.3
1721261700000,63916.1,64145.1,63910.5,64145.1,58814.6
1721262600000,64145.2,64485.0,64133.1,64415.9,164359.4
1721263500000,64412.9,64546.3,64343.8,64442.0,78973.4
1721264400000,64442.0,64560.0,64366.7,64413.0,55414.0
1721265300000,64413.0,64665.7,64413.0,64634.2,68814.3
1721266200000,64634.1,64655.0,64500.1,64634.7,71366.6
1721267100000,64634.6,64680.0,64574.0,64676.6,40285.8
1721268000000,64676.6,65155.3,64478.0,64522.1,460904.1
1721268900000,64522.2,64712.2,64240.0,64630.9,248551.6
1721269800000,64630.8,64749.0,64576.0,64687.3,70297.3
1721270700000,64689.9,64779.8,64613.2,64699.3,41570.3
1721271600000,64699.2,64819.2,64618.0,64735.4,61422.6
1721272500000,64735.4,64884.0,64692.4,64765.6,74941.8
1721273400000,64765.6,64910.7,64733.9,64886.9,46389.7
1721274300000,64887.0,64955.0,64811.5,64861.5,51405.0
1721275200000,64861.6,64884.0,64750.6,64784.1,45334.1
1721276100000,64784.2,64800.2,64641.5,64665.9,44111.5
1721277000000,64666.0,64733.3,64601.6,64710.1,54154.2
1721277900000,64710.0,64744.0,64537.9,64574.1,60021.4
1721278800000,64574.1,64648.6,64454.4,64459.9,67297.5
1721279700000,64459.8,64566.0,64398.6,64565.9,73320.5
1721280600000,64566.0,64720.0,64560.6,64686.2,60491.5
1721281500000,64686.2,64870.8,64686.1,64760.0,66975.3
1721282400000,64760.0,64948.0,64704.2,64913.0,72757.6
1721283300000,64913.1,64997.0,64827.8,64877.1,81801.8
1721284200000,64877.0,64959.6,64823.9,64959.6,50561.5
1721285100000,64959.9,65058.6,64935.6,64988.7,95941.7
1721286000000,64988.6,65030.0,64842.7,64882.0,70531.5
1721286900000,64881.9,64900.0,64720.7,64766.0,56673.6
1721287800000,64766.0,64825.8,64720.8,64766.1,46811.6
1721288700000,64766.1,64800.0,64655.0,64676.4,47243.8
1721289600000,64676.3,64851.0,64632.8,64790.0,74310.2
1721290500000,64790.0,64829.3,64634.6,64780.0,62968.4
1721291400000,64780.0,64798.0,64655.8,64753.2,33932.6
1721292300000,64753.2,64963.0,64723.2,64940.9,74939.4
1721293200000,64940.8,64949.9,64805.0,64805.0,49253.5
1721294100000,64805.1,64927.6,64725.2,64890.0,39739.6
1721295000000,64890.1,64908.6,64823.0,64831.8,18060.7
1721295900000,64835.3,64893.4,64816.3,64859.2,23708.6
1721296800000,64859.2,64859.3,64650.0,64666.2,77395.6
1721297700000,64666.2,64735.7,64502.0,64503.3,113314.9
1721298600000,64503.3,64612.9,64481.5,64557.9,67737.0
1721299500000,64557.9,64627.6,64500.2,64617.1,42839.9
1721300400000,64617.1,64640.0,64441.0,64529.2,83497.8
1721301300000,64529.1,64619.5,64453.7,64590.0,50367.2
1721302200000,64590.1,64755.3,64589.0,64679.9,77034.6
1721303100000,64679.9,64766.7,64643.0,64760.0,45925.2
1721304000000,64759.9,64880.0,64750.6,64850.0,71610.1
1721304900000,64850.1,64875.9,64750.1,64778.1,59801.7
1721305800000,64778.1,65017.0,64715.9,64827.5,149141.3
1721306700000,64827.5,64984.4,64815.0,64836.2,66464.8
1721307600000,64836.3,65123.0,64823.0,64972.7,159668.6
1721308500000,64975.6,65085.3,64842.4,64870.0,88386.4
1721309400000,64870.0,64950.0,64577.3,64601.7,192545.3
1721310300000,64601.7,64671.9,64503.3,64594.1,144419.0
1721311200000,64594.1,64715.9,64481.3,64490.0,132546.7
1721312100000,64489.9,64593.3,64252.0,64399.8,278429.8
1721313000000,64399.8,64409.6,63927.2,64026.7,347503.7
1721313900000,64026.6,64074.3,63707.1,64000.0,366542.1
1721314800000,64000.0,64001.9,63600.0,63650.9,289052.8
1721315700000,63651.0,63863.0,63519.1,63760.1,298599.1
1721316600000,63762.0,63955.0,63620.8,63850.0,219527.9
1721317500000,63850.1,63912.6,63400.0,63545.0,346999.1
1721318400000,63545.1,63700.0,63318.6,63699.9,240244.1
1721319300000,63699.9,63699.9,63450.1,63670.0,114834.1
1721320200000,63670.0,63843.2,63600.0,63817.0,155094.9
1721321100000,63817.0,63915.9,63780.0,63914.9,88533.0
1721322000000,63914.9,63968.7,63701.1,63806.7,97870.6
1721322900000,63807.0,63891.4,63722.0,63809.8,61769.3
1721323800000,63809.8,63866.6,63654.3,63666.0,60334.8
1721324700000,63665.9,63714.3,63506.0,63563.2,97196.0
1721325600000,63563.3,63627.7,63402.9,63411.1,85184.2
1721326500000,63411.2,63673.3,63401.9,63578.8,67992.6
1721327400000,63578.7,63618.5,63351.7,63361.0,82690.0
1721328300000,63361.0,63618.8,63330.0,63528.5,78606.4
1721329200000,63531.6,63649.8,63405.9,63455.2,75056.6
1721330100000,63456.4,63565.9,63232.6,63429.2,157342.8
1721331000000,63429.2,63713.0,63380.0,63581.6,123226.7
1721331900000,63581.6,63760.0,63500.8,63569.4,99163.2
1721332800000,63570.0,63629.6,63450.0,63457.6,58822.9
1721333700000,63457.6,63676.4,63452.6,63676.4,37277.6
1721334600000,63676.4,63735.8,63633.6,63662.1,48392.9
1721335500000,63662.0,63862.1,63600.0,63829.0,72020.7
1721336400000,63829.1,63868.2,63759.8,63859.3,47713.5
1721337300000,63859.2,63910.0,63830.4,63905.3,27811.1
1721338200000,63905.4,63928.4,63769.0,63794.7,36774.9
1721339100000,63794.7,63880.0,63782.9,63847.9,24652.2
1721340000000,63847.6,63858.0,63713.0,63774.1,56995.5
1721340900000,63774.0,64134.3,63719.8,64015.9,172062.6
1721341800000,64016.0,64123.7,63966.0,64110.0,76620.9
1721342700000,64110.0,64120.0,63977.3,64029.6,42882.0
1721343600000,64029.5,64082.9,63966.8,63978.0,33697.6
1721344500000,63978.1,64056.4,63949.0,63990.0,30964.7
1721345400000,63989.1,64041.1,63968.0,63997.9,26204.7
1721346300000,63998.0,64011.7,63950.6,63985.6,21045.2
1721347200000,63985.7,64027.2,63780.8,63789.4,82467.7
1721348100000,63789.5,63789.5,63587.2,63672.1,108906.5
1721349000000,63672.0,63794.6,63652.0,63699.9,44040.1
1721349900000,63699.9,63700.0,63551.0,63605.8,69253.3
1721350800000,63605.9,63606.6,63404.8,63423.5,155341.5
1721351700000,63424.0,63650.0,63300.0,63643.3,157586.1
1721352600000,63643.3,63793.1,63580.0,63753.9,94188.9
1721353500000,63753.9,63865.7,63706.4,63818.0,55229.3
1721354400000,63818.0,63933.3,63778.6,63919.3,55916.3
1721355300000,63919.9,63940.0,63764.0,63863.7,48896.3
1721356200000,63862.1,63862.1,63708.9,63780.4,41090.4
1721357100000,63782.2,63844.7,63643.8,63838.4,56814.5
1721358000000,63838.4,64100.0,63820.1,64027.3,179919.4
1721358900000,64027.4,64132.9,63953.9,64018.6,76489.0
1721359800000,64018.6,64365.0,64018.6,64359.9,198967.4
1721360700000,64359.9,64375.8,64262.5,64330.0,95852.4
1721361600000,64330.0,64406.6,64201.3,64225.3,121659.2
1721362500000,64225.2,64231.3,64159.3,64210.1,50592.9
1721363400000,64210.0,64296.0,64167.8,64227.0,42638.3
1721364300000,64227.1,64278.9,64137.5,64140.9,42782.0
1721365200000,64141.0,64220.0,64109.9,64185.0,33664.1
1721366100000,64185.0,64210.0,64110.0,64110.0,33872.9
1721367000000,64110.0,64180.5,64093.5,64161.2,31215.6
1721367900000,64161.2,64260.6,64120.2,64179.9,62083.4
1721368800000,64179.9,64504.7,64149.6,64415.0,178785.1
1721369700000,64414.9,64460.0,64260.0,64389.0,87953.3
1721370600000,64389.0,64391.2,64266.1,64266.1,52847.1
1721371500000,64266.1,64315.0,64173.3,64213.5,46827.6
1721372400000,64213.5,64213.5,63801.1,63960.0,213258.1
1721373300000,63960.1,64063.9,63920.0,64003.0,67055.3
1721374200000,64002.9,64003.0,63687.0,63754.1,156364.5
1721375100000,63754.1,63850.0,63615.5,63715.4,110981.2
1721376000000,63715.3,63830.0,63416.1,63436.1,189784.4
1721376900000,63434.2,63574.5,63421.0,63554.3,139498.4
1721377800000,63554.3,63929.5,63530.0,63830.4,202165.3
1721378700000,63830.4,63871.9,63763.3,63822.5,52870.7
1721379600000,63822.6,64143.0,63781.0,64019.9,161986.4
1721380500000,64020.0,64083.0,63890.4,63901.6,68368.5
1721381400000,63901.7,63955.0,63661.3,63678.4,130830.9
1721382300000,63678.3,63831.8,63678.3,63710.3,52966.4
1721383200000,63710.0,63942.0,63666.1,63938.0,94652.3
1721384100000,63934.7,64121.9,63931.9,64078.9,111121.5
1721385000000,64078.9,64168.3,64010.0,64025.7,66300.1
1721385900000,64025.7,64099.0,64003.4,64009.6,56844.4
1721386800000,64009.5,64120.8,63979.0,64009.8,67277.1
1721387700000,64009.9,64198.0,63994.6,64074.0,60591.9
1721388600000,64074.1,64086.9,63953.1,63955.0,44331.9
1721389500000,63954.9,64153.4,63934.6,64127.9,56067.9
1721390400000,64128.0,64290.0,64044.0,64215.4,122864.8
1721391300000,64215.3,64242.7,64133.3,64193.2,66016.4
1721392200000,64193.2,64263.7,64130.4,64262.8,61654.3
1721393100000,64262.8,64440.0,64256.0,64414.3,184504.0
1721394000000,64414.3,64460.0,64218.1,64250.1,139742.5
1721394900000,64252.0,64317.9,64100.4,64110.2,137742.3
1721395800000,64110.1,64955.9,64030.1,64622.2,697842.7
1721396700000,64622.1,65342.4,64620.1,65136.4,557542.8
1721397600000,65136.3,65664.7,64999.7,65563.5,568375.5
1721398500000,65563.5,65900.0,65505.0,65573.6,662149.4
1721399400000,65573.6,65693.5,65466.0,65638.0,256230.9
1721400300000,65638.0,65775.1,65574.4,65746.0,146374.1
1721401200000,65746.0,65866.2,65540.0,65588.5,192780.8
1721402100000,65588.6,65820.2,65290.0,65335.9,309810.9
1721403000000,65336.0,65742.0,65275.5,65713.2,217524.3
1721403900000,65713.3,65868.8,65638.4,65838.9,168570.5
1721404800000,65841.5,66500.0,65830.7,66183.0,973404.7
1721405700000,66183.1,66650.0,66183.1,66381.0,399142.5
1721406600000,66383.4,66493.5,66250.3,66421.9,271160.4
1721407500000,66421.8,66450.0,66216.2,66426.1,177025.7
1721408400000,66426.1,66489.6,66260.0,66380.8,130578.6
1721409300000,66380.8,66818.6,66341.7,66522.3,335544.8
1721410200000,66522.3,66606.9,66406.5,66577.9,142811.3
1721411100000,66577.9,66871.0,66519.6,66764.9,223211.4
1721412000000,66764.9,66819.9,66536.1,66693.5,193518.3
1721412900000,66693.6,66750.0,66444.0,66544.1,98890.8
1721413800000,66544.1,66626.0,66502.6,66558.7,86024.6
1721414700000,66556.0,66812.0,66545.3,66802.0,84126.2
1721415600000,66802.0,67088.0,66802.0,66947.6,297690.9
1721416500000,66946.6,67246.4,66863.4,67055.0,313688.1
1721417400000,67055.0,67423.7,66950.0,67160.0,454936.2
1721418300000,67159.9,67335.0,67102.1,67164.1,194244.6
1721419200000,67160.7,67233.3,66900.0,66960.0,225551.7
1721420100000,66960.1,67061.5,66891.1,66947.2,98162.7
1721421000000,66940.1,67082.0,66914.1,67044.0,54517.9
1721421900000,67043.9,67044.0,66921.6,66936.3,57432.2
1721422800000,66936.1,67220.4,66894.2,67202.0,92506.4
1721423700000,67202.0,67363.0,67093.5,67120.1,142717.0
1721424600000,67120.1,67207.8,66973.6,66986.1,45321.1
1721425500000,66986.0,67004.5,66893.9,66896.0,38758.2
1721426400000,66895.9,67011.0,66886.2,66957.9,42333.4
1721427300000,66957.9,66994.0,66912.4,66937.6,27761.8
1721428200000,66937.5,66965.2,66856.2,66884.3,37647.7
1721429100000,66884.2,66884.2,66656.9,66727.2,119033.2
1721430000000,66727.2,66920.8,66717.7,66844.3,60727.8
1721430900000,66844.2,66883.9,66730.0,66760.6,31714.9
1721431800000,66760.6,66760.6,66617.8,66650.9,51619.0
1721432700000,66650.9,66744.2,66634.8,66668.1,54734.6
1721433600000,66668.1,66838.1,66650.0,66837.1,81105.8
1721434500000,66837.0,66845.2,66401.3,66448.2,144684.6
1721435400000,66448.1,66509.5,66286.3,66405.6,150764.0
1721436300000,66405.7,66570.4,66405.6,66440.5,60886.8
1721437200000,66440.6,66681.0,66408.1,66656.7,67520.8
1721438100000,66656.8,66733.3,66508.0,66599.9,56871.2
1721439000000,66600.0,66629.3,66489.0,66527.8,31496.1
1721439900000,66527.8,66545.1,66198.5,66380.0,161174.7
1721440800000,66379.9,66509.3,66331.9,66499.1,61151.6
1721441700000,66499.2,66624.0,66479.3,66568.6,54250.0
1721442600000,66568.7,66652.1,66517.8,66643.6,45304.0
1721443500000,66643.7,66648.0,66558.3,66584.2,27629.2
1721444400000,66584.1,66769.4,66567.1,66680.8,53412.4
1721445300000,66680.8,66726.6,66624.4,66651.4,30192.0
1721446200000,66651.4,66676.3,66580.4,66643.4,37531.0
1721447100000,66643.3,66686.9,66601.5,66608.0,27576.6
1721448000000,66608.0,66632.8,66475.0,66598.0,62869.1
1721448900000,66598.0,66722.0,66598.0,66680.0,37985.4
1721449800000,66680.0,66691.7,66622.7,66637.7,13728.3
1721450700000,66637.8,66680.8,66577.4,66666.0,20088.8
1721451600000,66665.9,66667.8,66560.0,66594.7,25689.3
1721452500000,66594.8,66594.8,66490.0,66541.4,27988.8
1721453400000,66541.4,66541.4,66439.8,66458.4,46014.8
1721454300000,66458.4,66573.1,66447.8,66544.0,32498.9
1721455200000,66544.1,66616.2,66508.0,66606.7,30978.2
1721456100000,66606.8,66618.9,66544.0,66585.2,16498.7
1721457000000,66585.0,66684.5,66542.0,66677.8,43795.7
1721457900000,66677.8,66682.2,66614.6,66635.0,18405.7
1721458800000,66635.0,66635.5,66511.8,66610.1,39453.9
1721459700000,66610.0,66776.9,66610.0,66680.0,64672.1
1721460600000,66680.1,66680.1,66602.1,66639.8,22487.8
1721461500000,66639.7,66649.1,66566.8,66566.8,22408.2
1721462400000,66566.7,66635.6,66521.0,66627.0,40548.3
1721463300000,66627.1,66650.0,66576.8,66605.9,17593.7
1721464200000,66605.9,66610.0,66465.0,66561.5,54143.3
1721465100000,66561.5,66561.5,66464.1,66510.6,26846.1
1721466000000,66510.7,66591.0,66484.3,66590.9,34069.0
1721466900000,66590.9,66600.0,66530.1,66600.0,14852.1
1721467800000,66600.0,66750.0,66599.9,66688.3,61627.3
1721468700000,66688.4,66688.4,66590.0,66590.0,24623.7
1721469600000,66590.1,66666.0,66563.0,66583.0,19823.3
1721470500000,66583.1,66594.0,66522.7,66548.0,35084.2
1721471400000,66548.1,66568.0,66494.0,66500.0,18991.9
1721472300000,66500.1,66587.2,66493.4,66537.4,32327.4
1721473200000,66537.4,66565.0,66500.0,66500.1,15514.9
1721474100000,66500.0,66568.5,66484.7,66561.9,38166.8
1721475000000,66561.9,66588.0,66534.6,66570.3,20807.3
1721475900000,66570.3,66570.3,66477.8,66493.1,26020.5
1721476800000,66493.2,66565.9,66484.4,66565.9,19820.6
1721477700000,66565.8,66565.9,66488.1,66544.6,18794.3
1721478600000,66544.5,66585.5,66493.5,66500.1,36060.9
1721479500000,66500.1,66525.4,66472.7,66482.8,22631.3
1721480400000,66482.7,66531.7,66422.0,66422.0,36860.5
1721481300000,66422.1,66576.0,66281.1,66576.0,125673.5
1721482200000,66576.0,66665.2,66354.1,66468.0,97612.7
1721483100000,66467.9,66579.7,66421.0,66552.8,31108.2
1721484000000,66552.8,66631.3,66512.1,66571.1,39170.6
1721484900000,66571.2,66645.5,66571.1,66605.2,33620.2
1721485800000,66605.2,66714.8,66580.0,66689.6,55633.6
1721486700000,66689.6,66689.6,66566.3,66590.8,29134.9
1721487600000,66590.7,66688.0,66590.7,66665.9,35458.3
1721488500000,66665.9,66749.7,66620.0,66735.3,36483.7
1721489400000,66735.3,66852.0,66592.1,66657.4,147679.7
1721490300000,66657.5,66842.9,66657.5,66829.4,52349.2
1721491200000,66829.4,66898.5,66760.4,66783.6,101421.1
1721492100000,66783.6,66921.5,66743.0,66913.7,48502.9
1721493000000,66913.6,67085.2,66789.4,66789.4,161107.2
1721493900000,66789.4,66839.6,66668.4,66813.6,55274.7
1721494800000,66813.6,67234.7,66762.4,67085.1,225740.9
1721495700000,67085.1,67655.0,67081.4,67204.0,526148.1
1721496600000,67204.0,67421.3,67204.0,67340.2,150058.8
1721497500000,67340.2,67529.5,67300.3,67410.3,133691.6
1721498400000,67410.4,67480.0,67222.7,67468.1,71635.8
1721499300000,67468.0,67489.4,67350.0,67350.0,34584.4
1721500200000,67350.1,67415.6,67251.7,67415.6,38958.2
1721501100000,67415.6,67586.2,67405.7,67465.4,88169.9
1721502000000,67465.4,67513.9,67417.0,67495.1,33228.2
1721502900000,67495.1,67495.1,67350.0,67390.0,38534.8
1721503800000,67390.1,67400.0,67127.5,67217.9,109996.1
1721504700000,67217.9,67254.4,67134.4,67230.9,42491.1
1721505600000,67230.9,67384.8,67219.2,67382.3,43103.3
1721506500000,67382.3,67412.0,67310.8,67317.1,24080.0
1721507400000,67317.1,67443.2,67313.2,67368.3,22689.5
1721508300000,67368.4,67410.1,67286.6,67345.5,25609.8
1721509200000,67345.4,67349.8,66771.9,67099.8,271161.0
1721510100000,67099.8,67155.4,66937.8,67068.0,55214.6
1721511000000,67068.0,67123.0,66912.3,67069.4,35623.3
1721511900000,67069.4,67138.5,67034.7,67096.2,22213.3
1721512800000,67096.3,67319.7,67096.2,67191.8,70340.6
1721513700000,67191.9,67197.8,67044.0,67128.1,29460.2
1721514600000,67128.1,67144.6,66858.3,66880.2,54349.5
1721515500000,66880.1,67147.4,66865.8,67112.0,99658.3
1721516400000,67111.9,67159.7,67087.3,67147.8,23069.1
1721517300000,67147.8,67188.0,67088.4,67176.0,22291.3
1721518200000,67176.0,67189.8,67130.8,67160.6,14241.8
1721519100000,67160.0,67195.7,67117.6,67135.8,15812.5
1721520000000,67138.1,67218.3,67060.0,67218.3,37456.9
1721520900000,67218.2,67341.4,67186.9,67187.0,40374.8
1721521800000,67186.9,67192.2,66970.0,66994.7,45649.5
1721522700000,66994.7,67097.9,66970.1,67076.2,36730.9
1721523600000,67076.1,67117.4,67045.7,67110.0,12868.8
1721524500000,67109.9,67286.0,67109.9,67194.9,34670.5
1721525400000,67195.0,67313.3,67188.1,67293.1,32419.0
1721526300000,67293.0,67437.9,67251.6,67280.0,78097.0
1721527200000,67280.0,67339.9,67273.0,67276.0,24062.6
1721528100000,67276.1,67373.8,67269.8,67325.0,23955.2
1721529000000,67325.0,67394.6,67289.4,67394.6,15565.5
1721529900000,67394.5,67400.0,67271.0,67280.0,20377.7
1721530800000,67279.8,67365.1,67210.0,67320.9,29216.7
1721531700000,67320.8,67375.0,67233.0,67242.5,28192.2
1721532600000,67242.5,67273.9,67195.3,67244.2,31118.5
1721533500000,67244.3,67244.3,67155.0,67182.5,22986.3
1721534400000,67182.5,67227.8,67145.7,67159.9,26455.5
1721535300000,67160.0,67202.0,67137.6,67148.8,14519.6
1721536200000,67148.8,67148.8,67039.2,67100.4,68503.1
1721537100000,67100.5,67116.0,67009.0,67053.1,32633.4
1721538000000,67053.1,67080.2,66880.0,66984.0,92411.5
1721538900000,66984.0,67098.3,66978.9,67049.8,34254.4
1721539800000,67049.9,67119.7,67049.9,67075.9,24949.3
1721540700000,67075.9,67099.8,67020.7,67054.9,16923.5
1721541600000,67054.9,67100.4,66932.1,67036.1,30028.5
1721542500000,67036.0,67036.0,66660.0,66809.9,220592.8
1721543400000,66810.0,66813.9,66620.0,66791.4,83032.1
1721544300000,66791.3,66791.3,66701.0,66727.8,48437.6
1721545200000,66726.5,66789.6,66596.0,66765.1,66532.1
1721546100000,66765.1,66840.2,66652.0,66670.8,67537.3
1721547000000,66670.9,66756.1,66655.0,66711.6,25792.0
1721547900000,66711.6,66763.9,66666.0,66713.7,28555.0
1721548800000,66713.7,66899.9,66680.6,66870.1,69110.7
1721549700000,66870.0,66913.3,66801.9,66815.1,21851.0
1721550600000,66815.2,66844.3,66729.6,66839.0,29069.8
1721551500000,66839.0,66907.0,66805.3,66806.1,26275.9
1721552400000,66806.1,66944.8,66766.1,66908.1,30179.0
1721553300000,66908.1,66973.3,66876.7,66876.7,34737.7
1721554200000,66875.8,66991.6,66843.8,66950.4,44165.9
1721555100000,66950.4,67041.4,66930.0,66989.3,46392.6
1721556000000,66989.2,67088.0,66961.8,66997.9,39376.7
1721556900000,66997.9,66997.9,66894.7,66930.7,44790.5
1721557800000,66930.7,66944.0,66888.0,66899.9,22960.2
1721558700000,66900.0,66915.4,66800.0,66800.0,30685.4
1721559600000,66800.1,66858.1,66782.1,66854.0,23364.7
1721560500000,66854.0,66876.5,66760.0,66782.0,24834.1
1721561400000,66782.1,66848.0,66757.9,66815.0,14439.0
1721562300000,66814.9,66886.6,66789.0,66886.6,16478.0
1721563200000,66886.5,66985.0,66864.0,66975.3,42951.1
1721564100000,66976.6,67002.4,66907.0,66956.0,30395.5
1721565000000,66956.0,66989.9,66846.2,66856.8,23276.3
1721565900000,66856.8,66950.0,66842.8,66937.5,16381.5
1721566800000,66935.6,66980.0,66935.5,66963.9,21053.5
1721567700000,66964.0,66964.0,66841.2,66877.7,33079.6
1721568600000,66877.6,66877.7,66603.2,66736.0,137329.1
1721569500000,66736.0,66800.0,66668.4,66775.4,43158.3
1721570400000,66775.4,67051.4,66684.3,66952.3,93967.2
1721571300000,66952.3,67202.7,66952.2,67124.6,185367.9
1721572200000,67124.6,67396.3,67035.9,67386.2,214916.5
1721573100000,67386.2,67413.0,67248.0,67291.0,115620.5
1721574000000,67290.9,67410.2,67115.6,67148.4,117797.0
1721574900000,67148.3,67232.0,67054.8,67230.9,67207.1
1721575800000,67230.9,67522.0,67201.1,67210.3,182958.1
1721576700000,67213.1,67229.9,66972.6,67164.0,156873.6
1721577600000,67164.1,67258.0,67088.3,67216.7,55058.2
1721578500000,67216.8,67225.5,66954.4,67080.3,87100.2
1721579400000,67080.3,67099.7,66978.7,67064.0,35174.2
1721580300000,67064.0,67664.8,67036.1,67576.7,388201.9
1721581200000,67576.7,67743.4,67343.2,67513.3,209374.9
1721582100000,67513.3,67520.0,67300.1,67346.6,79258.4
1721583000000,67346.7,67459.5,67305.0,67385.4,64632.9
1721583900000,67385.4,67387.9,66480.0,66660.1,457726.6
1721584800000,66660.0,66789.4,65769.1,66276.2,808590.4
1721585700000,66276.2,67100.0,66252.2,66977.6,475003.6
1721586600000,66977.5,67370.2,66900.0,66931.9,400943.6
1721587500000,66931.8,67029.9,66778.2,66870.1,115231.3
1721588400000,66870.1,67063.2,66786.5,66981.8,80379.1
1721589300000,66982.9,67450.0,66915.3,67320.3,130915.4
1721590200000,67320.0,67800.0,67217.2,67323.0,400835.4
1721591100000,67323.0,67450.9,67250.0,67428.0,59128.1
1721592000000,67428.1,67599.8,67280.1,67465.8,86135.3
1721592900000,67467.8,68220.0,67467.8,68124.3,467476.6
1721593800000,68124.4,68245.9,67947.8,68019.1,215964.2
1721594700000,68019.1,68034.5,67682.4,67736.8,149255.8
1721595600000,67737.9,67855.6,67553.8,67646.6,93582.1
1721596500000,67646.6,67889.8,67602.9,67812.5,72871.1
1721597400000,67812.5,68360.0,67812.5,68099.0,173443.7
1721598300000,68098.9,68284.1,67967.4,68191.4,77211.0
1721599200000,68197.9,68399.0,68047.5,68086.1,144530.8
1721600100000,68086.1,68156.0,68014.1,68043.1,47712.5
1721601000000,68043.1,68153.2,67932.0,67990.9,55177.3
1721601900000,67990.9,68081.9,67974.3,68017.9,23936.0
1721602800000,68017.9,68214.9,68015.1,68126.8,75500.1
1721603700000,68126.7,68155.0,68015.4,68053.9,47953.7
1721604600000,68054.0,68079.1,67947.8,67947.9,32169.2
1721605500000,67947.9,68176.0,67880.9,68170.2,85911.7
1721606400000,68170.2,68290.9,68120.2,68120.6,119500.6
1721607300000,68120.6,68250.0,68034.8,68226.0,46395.6
1721608200000,68226.1,68365.0,68201.5,68361.0,88740.8
1721609100000,68361.0,68497.9,68140.0,68192.7,177507.3
1721610000000,68192.7,68232.3,68001.5,68061.2,93277.2
1721610900000,68061.2,68137.0,67819.3,67961.1,123994.9
1721611800000,67961.2,67999.8,67758.9,67915.9,146007.6
1721612700000,67915.9,67994.0,67788.4,67855.2,49274.5
1721613600000,67855.2,67911.8,67762.0,67828.4,54791.2
1721614500000,67825.1,68175.2,67819.3,68112.8,105997.5
1721615400000,68112.9,68200.0,68088.9,68125.0,66922.0
1721616300000,68125.1,68200.0,68061.0,68076.3,40399.5
1721617200000,68076.4,68106.1,67925.1,68042.4,59560.1
1721618100000,68042.4,68111.4,67881.9,68024.0,89067.3
1721619000000,68024.1,68050.0,67886.0,67893.1,44200.0
1721619900000,67894.0,67954.6,67843.0,67885.0,39559.2
1721620800000,67885.1,67990.0,67761.5,67968.0,84066.5
1721621700000,67968.1,68009.4,67907.5,67927.4,27324.9
1721622600000,67927.5,67954.1,67814.4,67876.0,37713.1
1721623500000,67876.0,67962.8,67860.0,67941.8,27945.4
1721624400000,67941.8,67956.8,67777.4,67826.4,35718.1
1721625300000,67826.3,67849.1,67703.8,67776.2,48243.0
1721626200000,67776.3,67776.3,67611.0,67633.5,99086.3
1721627100000,67633.4,67720.0,67517.2,67646.6,122412.2
1721628000000,67646.7,67765.2,67555.0,67759.2,66448.5
1721628900000,67759.2,67766.5,67480.9,67566.5,103909.7
1721629800000,67566.4,67566.4,67120.0,67261.2,246872.2
1721630700000,67266.1,67441.4,67202.7,67417.1,95322.5
1721631600000,67417.0,67427.2,67185.9,67300.0,142906.8
1721632500000,67300.0,67343.7,67180.7,67245.6,56661.2
1721633400000,67245.6,67378.0,67207.1,67259.7,50353.9
1721634300000,67259.8,67333.0,67205.9,67231.2,51032.7
1721635200000,67233.9,67394.9,67150.0,67390.0,82220.7
1721636100000,67390.0,67406.9,67163.6,67230.2,58643.0
1721637000000,67230.1,67296.0,67172.6,67217.1,45295.8
1721637900000,67217.0,67217.1,67030.0,67090.0,110941.7
1721638800000,67090.0,67299.3,66929.7,67244.3,129683.5
1721639700000,67244.3,67330.0,67231.6,67314.7,57498.4
1721640600000,67314.8,67350.0,67264.2,67323.1,45581.3
1721641500000,67323.3,67428.0,67250.0,67424.1,59185.3
1721642400000,67424.2,67480.7,67350.0,67360.5,64420.4
1721643300000,67360.4,67532.8,67360.0,67514.0,72104.7
1721644200000,67513.9,67513.9,67380.0,67384.4,39243.7
1721645100000,67384.3,67447.9,67300.0,67425.8,30812.4
1721646000000,67425.9,67473.8,67281.6,67360.0,54464.6
1721646900000,67360.0,67396.6,67307.1,67360.7,15942.2
1721647800000,67360.7,67485.1,67340.1,67447.3,30953.9
1721648700000,67447.2,67619.2,67446.8,67525.1,83382.1
1721649600000,67525.0,67538.0,67369.7,67410.7,57141.4
1721650500000,67410.7,67655.8,67400.0,67573.8,71560.7
1721651400000,67573.9,67699.4,67557.6,67622.5,91592.9
1721652300000,67622.4,67710.0,67596.7,67710.0,47610.5
1721653200000,67710.0,67865.5,67663.7,67674.0,132008.3
1721654100000,67674.1,67700.0,67570.9,67570.9,78975.8
1721655000000,67571.0,67960.0,67343.7,67415.2,267916.9
1721655900000,67419.2,67432.7,66984.5,67100.0,394997.0
1721656800000,67099.9,67328.0,67013.3,67283.6,166382.6
1721657700000,67283.6,67311.0,66860.0,67003.2,223566.4
1721658600000,67003.3,67117.2,66755.0,66915.4,214311.7
1721659500000,66915.5,66956.4,66610.0,66731.9,224004.0
1721660400000,66732.0,66878.0,66578.0,66829.3,160260.0
1721661300000,66829.3,66939.2,66730.0,66820.2,99314.0
1721662200000,66820.2,67062.0,66800.0,66992.2,108021.0
1721663100000,66992.2,67202.8,66970.2,67077.9,124699.0
1721664000000,67077.9,67157.6,66946.6,67133.0,78050.4
1721664900000,67133.0,67164.7,66876.3,67004.1,62956.2
1721665800000,67004.1,67158.0,66822.0,67158.0,53589.0
1721666700000,67157.9,67337.0,67018.6,67052.5,123703.5
1721667600000,67052.6,67175.5,67006.6,67138.6,36047.5
1721668500000,67138.5,67319.6,67130.1,67300.9,47636.6
1721669400000,67300.9,67433.9,67266.1,67328.4,96416.9
1721670300000,67328.4,67476.7,67303.8,67470.5,52269.9
1721671200000,67470.4,67689.3,67418.0,67543.1,171197.0
1721672100000,67543.1,67552.0,67393.0,67409.5,48804.9
1721673000000,67409.1,67484.2,67334.1,67420.0,43763.8
1721673900000,67416.2,67571.0,67391.6,67456.3,25421.5
1721674800000,67456.4,67710.7,67380.0,67692.2,79371.4
1721675700000,67692.3,67785.0,67606.2,67666.8,92674.7
1721676600000,67666.8,67949.1,67624.7,67917.8,133191.0
1721677500000,67917.8,68278.8,67917.8,68228.1,296984.7
1721678400000,68228.1,68250.0,67951.2,68168.9,150578.8
1721679300000,68168.9,68181.7,67946.0,67946.1,76159.9
1721680200000,67946.1,68125.0,67944.5,68000.7,45629.9
1721681100000,68000.8,68135.9,67774.8,68126.2,140758.1
1721682000000,68126.2,68170.9,67804.3,67879.8,64868.2
1721682900000,67879.9,67958.8,67650.6,67747.1,82037.1
1721683800000,67744.6,67901.8,67674.0,67865.4,34989.2
1721684700000,67865.5,67913.9,67788.3,67845.4,20116.1
1721685600000,67845.4,67863.8,67532.0,67631.3,100124.5
1721686500000,67631.3,67720.0,67500.1,67607.4,54767.3
1721687400000,67607.5,67706.3,67544.4,67634.9,38864.5
1721688300000,67634.9,67742.2,67617.7,67650.1,39395.6
1721689200000,67652.0,67654.9,67220.9,67347.7,118597.7
1721690100000,67350.0,67507.7,67305.2,67444.0,66169.0
1721691000000,67444.0,67589.0,67340.5,67573.4,45753.0
1721691900000,67573.5,67612.7,67484.2,67523.1,86515.2
1721692800000,67526.0,67683.0,67438.7,67673.8,81633.7
1721693700000,67674.6,67763.5,67560.0,67579.1,52134.4
1721694600000,67579.1,67664.5,67566.7,67570.9,37638.1
1721695500000,67571.9,67728.5,67480.9,67481.5,60136.2
1721696400000,67481.4,67499.9,67286.0,67386.1,90086.1
1721697300000,67388.8,67494.9,67222.0,67244.2,87379.2
1721698200000,67244.2,67406.5,67222.0,67300.6,57529.3
1721699100000,67300.7,67463.1,67300.6,67420.1,38658.7
1721700000000,67420.0,67530.0,67280.0,67299.6,65623.4
1721700900000,67299.6,67450.0,67251.7,67419.1,48340.5
1721701800000,67419.0,67675.8,67401.2,67647.9,99035.5
1721702700000,67649.8,67706.0,67541.4,67665.4,45302.0
1721703600000,67658.4,67722.5,67583.8,67628.6,33912.0
1721704500000,67628.7,67653.3,67535.8,67600.0,27828.7
1721705400000,67600.0,67614.2,67509.2,67518.6,18346.6
1721706300000,67518.6,67614.5,67444.8,67477.8,38689.8
1721707200000,67477.8,67535.3,67447.1,67508.3,22422.9
1721708100000,67508.3,67508.3,67293.7,67345.7,72160.7
1721709000000,67345.3,67349.8,66993.9,67050.1,223082.2
1721709900000,67050.1,67211.0,66940.0,66944.1,109512.8
1721710800000,66944.1,66962.9,66732.6,66814.7,217170.6
1721711700000,66814.7,66869.8,66367.2,66557.2,403553.3
1721712600000,66557.2,66557.2,66328.0,66427.1,179207.7
1721713500000,66427.1,66500.0,66338.0,66443.9,97650.5
1721714400000,66443.9,66775.4,66395.6,66709.9,201912.0
1721715300000,66709.9,66779.5,66571.2,66690.9,75866.2
1721716200000,66690.9,66707.0,66473.0,66569.0,84858.6
1721717100000,66569.0,66670.0,66500.1,66536.8,83572.5
1721718000000,66536.7,66632.9,66444.1,66530.1,61216.5
1721718900000,66530.0,66664.9,66280.0,66339.9,118558.0
1721719800000,66340.0,66610.1,66267.0,66558.2,106306.7
1721720700000,66558.2,66600.0,66482.4,66596.2,36730.9
1721721600000,66596.1,66713.3,66532.9,66620.8,78755.8
1721722500000,66620.8,66764.4,66530.7,66761.8,85708.0
1721723400000,66761.8,67033.5,66716.0,66795.5,318557.3
1721724300000,66793.0,66989.5,66744.0,66900.5,84560.1
1721725200000,66900.5,66950.0,66766.6,66820.1,58920.2
1721726100000,66820.0,67023.7,66770.0,67000.9,97414.5
1721727000000,67000.8,67176.0,66983.6,67070.0,134815.2
1721727900000,67070.0,67089.6,66930.0,66930.1,64852.0
1721728800000,66933.4,66983.6,66804.9,66906.9,67366.4
1721729700000,66906.9,67020.6,66843.0,66998.6,45243.3
1721730600000,66998.5,67029.8,66927.2,67004.5,28302.9
1721731500000,67004.5,67018.9,66850.2,66870.7,57914.7
1721732400000,66867.6,66869.9,66590.8,66625.9,171996.6
1721733300000,66625.9,66687.1,66450.8,66573.6,118443.6
1721734200000,66573.6,66763.9,66500.4,66663.9,75534.1
1721735100000,66663.8,66766.4,66653.8,66681.1,31951.6
1721736000000,66681.1,66772.7,66537.0,66557.8,77889.7
1721736900000,66557.8,66698.5,66500.0,66524.0,54414.9
1721737800000,66524.1,66545.2,66381.0,66418.3,120548.1
1721738700000,66418.3,66536.4,66399.9,66508.4,70933.5
1721739600000,66508.4,66610.6,66325.0,66434.0,115066.3
1721740500000,66434.0,66633.0,66391.1,66519.9,111209.7
1721741400000,66519.8,66767.6,66105.2,66382.0,512820.2
1721742300000,66381.9,66381.9,65956.8,66102.8,356725.3
1721743200000,66102.8,66482.3,65980.0,66439.9,278556.0
1721744100000,66440.0,66972.4,66430.0,66820.1,349402.8
1721745000000,66820.0,67352.0,66758.8,67297.8,514919.5
1721745900000,67297.9,67323.3,67097.5,67212.9,192530.0
1721746800000,67212.9,67232.2,66729.3,66944.3,360094.8
1721747700000,66944.2,67045.2,66394.5,66435.5,269875.3
1721748600000,66435.5,66697.9,66314.2,66569.4,380768.3
1721749500000,66569.4,66648.2,66367.3,66578.8,112138.1
1721750400000,66575.0,66776.0,66472.5,66619.3,153938.4
1721751300000,66619.3,66697.3,66329.6,66376.1,141760.3
1721752200000,66376.1,66383.9,66100.0,66100.0,285676.1
1721753100000,66100.0,66255.5,65832.0,65855.3,346438.6
1721754000000,65855.2,66033.0,65685.8,65952.9,343962.5
1721754900000,65952.9,66120.0,65905.4,66000.0,152929.1
1721755800000,65999.9,66000.0,65816.7,65953.7,123333.9
1721756700000,65953.6,66027.2,65766.7,65936.6,123971.5
1721757600000,65936.7,66017.0,65828.8,65887.6,81578.7
1721758500000,65887.7,66073.8,65782.0,65793.9,102116.9
1721759400000,65793.9,66022.1,65793.9,65998.8,73714.1
1721760300000,66002.2,66118.4,65832.6,65862.7,78255.6
1721761200000,65862.9,66066.9,65828.1,66020.6,91574.9
1721762100000,66020.6,66066.7,65891.3,65966.2,73108.9
1721763000000,65966.2,65966.7,65579.5,65665.2,215590.3
1721763900000,65664.4,65779.9,65425.8,65530.7,264561.0
1721764800000,65530.7,65850.7,65473.6,65717.5,203464.7
1721765700000,65717.5,65766.4,65540.0,65581.4,108408.1
1721766600000,65581.3,65819.9,65560.0,65718.4,73027.5
1721767500000,65718.5,66020.0,65694.3,65819.2,164489.8
1721768400000,65819.3,65987.2,65767.6,65902.8,94758.2
1721769300000,65902.7,66025.7,65858.2,65909.7,33255.4
1721770200000,65909.7,66055.7,65831.9,65967.8,34343.5
1721771100000,65967.8,66015.9,65862.0,65875.0,35873.2
1721772000000,65875.0,66009.9,65779.2,65946.6,58015.5
1721772900000,65946.6,65946.6,65791.2,65823.3,32918.4
1721773800000,65824.0,65988.5,65817.5,65918.5,50862.5
1721774700000,65918.6,66048.1,65855.0,65911.7,59782.0
1721775600000,65911.7,66046.0,65902.1,65970.3,71392.5
1721776500000,65970.2,65988.0,65805.9,65811.9,50046.0
1721777400000,65812.0,65942.2,65786.8,65942.2,35027.7
1721778300000,65942.2,65980.0,65900.0,65941.0,31195.1
1721779200000,65941.0,66158.6,65883.2,66052.1,69722.9
1721780100000,66052.1,66057.5,65910.8,65982.1,36080.8
1721781000000,65982.1,65994.0,65781.3,65788.0,62715.9
1721781900000,65788.0,65849.0,65766.8,65774.5,35687.9
1721782800000,65774.6,65998.7,65774.5,65875.3,43622.7
1721783700000,65875.2,66060.0,65803.0,66007.8,42007.6
1721784600000,66007.8,66127.9,65800.0,65830.7,60711.1
1721785500000,65830.6,65855.5,65622.0,65671.7,146872.5
1721786400000,65671.6,65705.2,65539.2,65561.9,84281.9
1721787300000,65561.9,65573.9,65477.4,65548.3,85772.2
1721788200000,65548.3,65734.0,65548.2,65734.0,78384.3
1721789100000,65733.9,65935.9,65659.1,65880.1,65368.7
1721790000000,65880.0,65962.8,65788.0,65945.2,69024.9
1721790900000,65945.4,66013.0,65888.7,66000.0,53267.0
1721791800000,66000.1,66108.8,65943.3,66108.1,59887.7
1721792700000,66108.0,66117.5,66009.9,66051.9,66176.7
1721793600000,66051.9,66074.2,65888.0,65949.0,54777.3
1721794500000,65949.0,65969.3,65888.0,65945.0,26050.8
1721795400000,65945.0,66018.6,65770.0,65833.7,80065.6
1721796300000,65833.7,65896.5,65778.0,65856.5,42139.3
1721797200000,65857.9,65918.1,65752.9,65789.9,49517.1
1721798100000,65789.9,65789.9,65600.0,65662.3,69354.2
1721799000000,65662.9,65800.0,65652.8,65740.1,37815.4
1721799900000,65740.2,65837.0,65740.1,65812.2,22508.0
1721800800000,65812.1,65900.4,65767.7,65868.6,41015.0
1721801700000,65868.7,66000.0,65838.6,65887.9,63148.5
1721802600000,65888.0,65967.2,65816.9,65840.0,40705.0
1721803500000,65839.9,65916.7,65820.1,65891.8,52389.9
1721804400000,65891.8,65986.9,65865.0,65984.9,29161.1
1721805300000,65985.0,66050.0,65943.5,66020.0,48816.4
1721806200000,66019.9,66048.0,65917.3,66009.9,35586.1
1721807100000,66010.0,66075.9,65960.0,66075.9,40628.3
1721808000000,66075.9,66330.0,65988.9,66227.0,239415.3
1721808900000,66227.0,66299.0,66150.0,66176.3,101817.0
1721809800000,66176.0,66391.3,66156.6,66343.0,113125.9
1721810700000,66343.0,66444.0,66302.0,66429.8,121976.8
1721811600000,66429.8,66439.3,66288.0,66293.6,68688.0
1721812500000,66293.6,66474.2,66288.3,66373.2,72211.6
1721813400000,66373.3,66439.0,66325.0,66355.3,33185.1
1721814300000,66355.4,66447.7,66339.2,66389.9,38691.8
1721815200000,66390.0,66499.0,66348.5,66454.6,78104.5
1721816100000,66454.6,66599.2,66395.0,66397.6,130415.9
1721817000000,66397.6,66503.3,66336.0,66466.5,63817.2
1721817900000,66466.5,66535.6,66441.2,66495.3,56047.3
1721818800000,66495.2,66554.9,66390.0,66488.0,64580.4
1721819700000,66488.1,66552.9,66444.8,66460.5,51789.2
1721820600000,66460.5,66482.5,66321.0,66370.1,54016.5
1721821500000,66370.0,66462.3,66326.4,66361.0,45314.3
1721822400000,66361.0,66468.2,66350.3,66419.6,34377.8
1721823300000,66419.6,66447.6,66338.6,66442.1,29299.9
1721824200000,66442.0,66569.8,66345.8,66345.8,82939.5
1721825100000,66345.8,66350.0,66173.2,66213.7,141457.6
1721826000000,66213.7,66484.5,66200.0,66444.0,87809.0
1721826900000,66444.0,66788.0,66444.0,66672.1,303658.6
1721827800000,66673.6,66917.3,66556.2,66746.2,261565.5
1721828700000,66746.3,66838.3,66310.0,66347.2,245719.3
1721829600000,66347.3,66736.1,66290.0,66638.0,169194.3
1721830500000,66639.7,66877.7,66581.1,66817.7,176657.1
1721831400000,66817.7,67126.4,66777.6,66887.2,381855.0
1721832300000,66887.3,66950.0,66729.7,66759.3,158913.7
1721833200000,66759.2,66816.0,66534.6,66618.0,156851.6
1721834100000,66618.0,66661.4,66163.5,66370.2,283823.6
1721835000000,66370.2,66499.9,66231.8,66270.1,134921.2
1721835900000,66270.0,66360.0,66098.3,66189.1,154177.2
1721836800000,66189.2,66288.0,65974.0,66254.9,191301.2
1721837700000,66255.0,66359.4,66207.5,66258.0,89654.3
1721838600000,66257.9,66367.0,66215.9,66323.1,46243.0
1721839500000,66323.2,66498.0,66264.0,66388.2,97760.1
1721840400000,66388.2,66535.0,66340.2,66400.0,90359.3
1721841300000,66400.1,66590.0,66316.2,66561.6,97566.6
1721842200000,66561.7,66713.4,66518.2,66678.0,88464.0
1721843100000,66678.0,66706.7,66572.0,66589.2,49581.4
1721844000000,66589.2,66639.5,66512.2,66603.5,69340.8
1721844900000,66603.6,66662.6,66275.0,66300.0,123784.4
1721845800000,66300.0,66336.7,65855.1,65910.4,192079.0
1721846700000,65908.1,65982.3,65717.7,65771.0,228304.3
1721847600000,65771.1,65956.8,65684.3,65948.0,124733.3
1721848500000,65948.0,66060.1,65778.0,66047.6,122467.4
1721849400000,66047.6,66123.0,65938.1,65976.6,64544.3
1721850300000,65978.2,65978.2,65573.8,65664.6,174072.3
1721851200000,65661.0,65915.1,65661.0,65810.7,74999.7
1721852100000,65810.8,65970.0,65796.0,65850.1,32525.5
1721853000000,65850.1,65986.7,65842.5,65966.2,22736.7
1721853900000,65966.2,66077.8,65966.2,66052.6,36709.5
1721854800000,66052.6,66071.8,65551.0,65634.8,153757.2
1721855700000,65634.8,65829.7,65626.5,65688.6,60591.0
1721856600000,65688.6,65688.6,65084.6,65414.3,371527.5
1721857500000,65414.4,65750.0,65319.9,65648.1,107658.4
1721858400000,65648.2,65676.0,65356.0,65453.4,129164.6
1721859300000,65453.5,65614.0,65440.1,65544.5,39135.6
1721860200000,65544.5,65559.8,65288.0,65342.0,74019.5
1721861100000,65337.0,65470.4,65255.0,65298.9,53567.1
1721862000000,65299.0,65433.0,65101.3,65403.5,122450.3
1721862900000,65403.5,65470.3,65236.6,65349.4,62234.7
1721863800000,65350.0,65397.8,65297.0,65393.1,38039.1
1721864700000,65388.0,65440.0,65351.7,65377.4,41096.6
1721865600000,65377.4,65471.9,65268.1,65445.9,81981.6
1721866500000,65445.9,65632.3,65356.3,65540.0,82258.4
1721867400000,65540.0,65588.7,65445.1,65588.7,64933.4
1721868300000,65589.1,65635.4,65470.0,65513.7,44931.7
1721869200000,65513.6,65513.6,64257.1,64558.0,927019.5
1721870100000,64558.0,64733.3,64272.8,64408.1,571663.9
1721871000000,64408.1,64547.2,64224.3,64334.6,242887.7
1721871900000,64334.6,64491.2,64200.0,64478.0,182628.7
1721872800000,64478.0,64481.9,64225.0,64300.0,133637.4
1721873700000,64300.0,64368.0,64040.0,64220.0,195573.4
1721874600000,64220.0,64391.9,64117.9,64117.9,153499.0
1721875500000,64117.9,64243.9,63945.0,64199.0,218608.3
1721876400000,64199.0,64234.9,64050.0,64077.9,154141.9
1721877300000,64077.9,64291.4,63975.3,64272.3,129262.5
1721878200000,64272.4,64284.4,63928.0,64002.0,132637.6
1721879100000,64001.9,64143.0,63823.9,64093.5,160963.2
1721880000000,64093.5,64138.7,63767.3,64119.6,223312.2
1721880900000,64119.6,64209.3,64044.0,64100.1,74237.9
1721881800000,64100.0,64247.5,64033.0,64168.0,105038.8
1721882700000,64168.0,64285.8,64156.8,64223.5,71800.7
1721883600000,64223.5,64284.3,64118.3,64257.4,71789.7
1721884500000,64257.4,64328.6,64130.0,64182.0,73970.8
1721885400000,64181.9,64296.0,64148.2,64279.3,40828.6
1721886300000,64279.3,64296.0,64198.9,64259.6,29264.2
1721887200000,64259.7,64270.0,64094.0,64156.6,57043.5
1721888100000,64156.7,64256.8,64078.9,64136.9,63563.1
1721889000000,64136.8,64298.5,64076.6,64298.4,38530.5
1721889900000,64298.5,64363.6,64249.2,64312.0,54848.3
1721890800000,64312.1,64341.9,64177.0,64200.0,55879.6
1721891700000,64200.0,64307.9,64186.7,64284.8,36021.3
1721892600000,64284.8,64387.9,64189.2,64193.4,96228.8
1721893500000,64193.3,64209.9,64055.5,64126.4,84071.9
1721894400000,64126.2,64171.4,63913.0,64084.7,158870.4
1721895300000,64084.7,64113.1,63867.2,64023.4,146506.6
1721896200000,64023.4,64288.0,63988.0,64269.5,154405.5
1721897100000,64269.4,64407.6,64229.5,64344.2,110790.1
1721898000000,64344.2,64400.0,64301.4,64361.8,65650.7
1721898900000,64361.9,64471.8,64285.2,64450.0,67310.5
1721899800000,64450.0,64467.9,64266.3,64289.4,55074.1
1721900700000,64289.4,64306.4,64205.1,64306.4,35277.8
1721901600000,64306.5,64313.9,64123.0,64124.2,44146.5
1721902500000,64124.2,64130.0,63973.8,64021.8,82542.6
1721903400000,64021.8,64127.1,63995.3,64008.0,61142.1
1721904300000,64007.9,64188.0,63966.0,64158.1,61869.0
1721905200000,64158.1,64279.9,64117.6,64245.4,55149.5
1721906100000,64245.4,64280.0,64203.7,64274.0,27543.1
1721907000000,64274.0,64290.0,64082.0,64108.1,72318.8
1721907900000,64108.1,64197.9,64090.9,64105.7,33512.8
1721908800000,64105.8,64327.6,64071.6,64299.1,64294.9
1721909700000,64299.1,64315.8,64170.0,64202.0,57887.9
1721910600000,64202.0,64407.0,63914.6,63954.2,207701.5
1721911500000,63954.2,64132.2,63937.2,64126.9,97124.9
1721912400000,64127.0,64155.9,63931.3,64050.0,68250.4
1721913300000,64050.0,64298.4,64026.8,64288.0,82425.4
1721914200000,64288.0,64360.8,64007.1,64212.1,170440.4
1721915100000,64211.1,64228.1,63733.5,64048.0,352050.2
1721916000000,64046.5,64056.9,63433.6,63633.0,595190.0
1721916900000,63633.0,64270.0,63583.8,64239.4,342159.4
1721917800000,64239.4,64721.3,64175.4,64718.7,545287.8
1721918700000,64718.7,64838.4,64579.9,64818.0,346828.6
1721919600000,64818.0,64940.0,64580.9,64878.1,329506.4
1721920500000,64878.1,65012.4,64632.0,64665.8,282540.2
1721921400000,64665.9,64878.0,64526.7,64582.0,143125.6
1721922300000,64582.1,64786.0,64552.6,64785.9,75548.2
1721923200000,64786.0,64934.7,64622.9,64857.7,125710.4
1721924100000,64858.0,64999.8,64787.2,64913.2,95932.2
1721925000000,64913.2,65168.5,64881.0,64913.3,191682.4
1721925900000,64913.3,64950.0,64779.9,64862.2,91649.7
1721926800000,64862.3,65034.9,64818.9,64886.7,64330.2
1721927700000,64886.8,64955.7,64752.4,64793.0,67399.3
1721928600000,64793.0,64951.9,64755.0,64948.4,68108.5
1721929500000,64948.4,65065.1,64802.7,65038.3,99264.9
1721930400000,65038.4,65141.5,64976.1,65049.9,72013.5
1721931300000,65050.0,65188.3,64822.0,64887.3,125984.1
1721932200000,64887.3,64957.3,64714.9,64715.2,80063.1
1721933100000,64715.3,64769.0,64383.2,64563.8,209936.5
1721934000000,64563.8,64713.0,64386.9,64691.1,109042.7
1721934900000,64691.1,65000.0,64647.5,64952.2,91676.6
1721935800000,64952.3,65000.0,64622.3,64803.4,88947.0
1721936700000,64801.9,64820.2,64600.0,64680.1,77062.6
1721937600000,64681.9,64756.9,64414.8,64590.4,142343.2
1721938500000,64591.2,64799.0,64526.5,64770.0,60872.9
1721939400000,64770.0,64972.8,64712.5,64914.3,69421.0
1721940300000,64914.4,65298.9,64890.0,65286.1,190535.6
1721941200000,65286.1,65449.0,65204.0,65412.4,201105.7
1721942100000,65412.5,65777.0,65380.3,65560.0,243467.3
1721943000000,65559.9,65718.8,65413.9,65687.0,126661.4
1721943900000,65687.1,66057.0,65676.4,65834.4,299524.4
1721944800000,65834.3,66176.4,65823.0,65874.9,203797.2
1721945700000,65874.9,65876.1,65745.4,65829.9,96547.8
1721946600000,65829.9,65884.5,65723.0,65723.0,95293.8
1721947500000,65723.0,65771.8,65639.8,65643.2,56097.3
1721948400000,65643.1,65774.9,65627.7,65743.2,65375.1
1721949300000,65742.9,65825.0,65675.0,65714.3,42932.7
1721950200000,65714.4,65744.8,65642.7,65685.2,42704.8
1721951100000,65685.3,65800.0,65685.3,65799.9,56792.0
1721952000000,65800.0,66065.9,65720.0,66056.5,141428.2
1721952900000,66056.3,66299.3,65932.3,65974.9,192524.0
1721953800000,65975.0,66177.0,65884.5,66171.5,87739.8
1721954700000,66171.5,66469.0,66150.1,66381.1,170170.0
1721955600000,66381.1,66566.0,66304.0,66420.3,194008.3
1721956500000,66420.3,66445.9,66251.9,66309.9,66419.3
1721957400000,66309.9,66466.2,66216.2,66464.0,88840.2
1721958300000,66463.9,66493.8,66341.5,66426.5,63280.0
1721959200000,66426.5,66559.4,66385.5,66503.7,70062.2
1721960100000,66503.8,66943.7,66495.1,66852.7,275714.7
1721961000000,66852.7,67030.0,66694.7,66927.0,283644.7
1721961900000,66926.9,67200.0,66770.0,67012.0,313035.2
1721962800000,67012.0,67498.9,66932.0,67283.4,437934.8
1721963700000,67283.4,67399.1,67100.5,67105.8,162941.3
1721964600000,67105.8,67164.6,67029.9,67162.4,130388.5
1721965500000,67162.5,67162.5,67002.5,67046.6,89356.1
1721966400000,67046.6,67132.3,66957.0,66960.0,99262.9
1721967300000,66960.1,67010.9,66890.1,66975.0,94814.3
1721968200000,66975.1,67062.5,66926.8,66966.4,100672.6
1721969100000,66966.4,67088.0,66921.6,67086.0,84993.4
1721970000000,67086.0,67120.0,66910.4,66945.1,63546.8
1721970900000,66945.1,67024.3,66913.7,66997.8,52651.1
1721971800000,66997.7,67063.3,66890.9,66918.1,45343.3
1721972700000,66918.0,66960.0,66880.0,66935.9,54015.0
1721973600000,66935.9,67042.7,66892.5,67039.4,49823.5
1721974500000,67039.5,67055.9,66985.9,66992.0,36876.6
1721975400000,66992.0,67173.5,66967.0,67161.8,69589.0
1721976300000,67161.8,67161.9,67060.1,67068.1,44620.1
1721977200000,67068.1,67072.8,66969.0,67049.8,45853.8
1721978100000,67049.8,67193.0,67034.3,67143.8,58512.4
1721979000000,67143.8,67143.9,66960.0,66965.7,70771.9
1721979900000,66965.6,67035.2,66900.0,66912.6,94053.6
1721980800000,66912.7,67065.4,66912.6,67065.4,76834.0
1721981700000,67065.4,67149.3,67001.3,67091.1,60869.6
1721982600000,67091.2,67149.8,67038.7,67097.4,32473.5
1721983500000,67097.4,67120.7,67041.0,67106.2,31700.1
1721984400000,67106.3,67120.0,67084.6,67119.6,26655.3
1721985300000,67119.6,67299.0,67119.5,67296.4,131341.0
1721986200000,67296.4,67395.4,67278.0,67325.4,185805.3
1721987100000,67325.5,67524.4,67300.0,67300.1,215730.1
1721988000000,67300.1,67380.0,67264.8,67298.0,77246.1
1721988900000,67297.9,67410.1,67175.0,67400.9,91383.7
1721989800000,67400.9,67425.2,67270.2,67270.3,99860.1
1721990700000,67270.3,67333.0,67241.0,67312.8,61140.3
1721991600000,67312.7,67350.0,67200.0,67225.6,49481.6
1721992500000,67225.6,67267.0,67195.0,67202.7,42939.1
1721993400000,67202.8,67276.6,67156.0,67250.0,49664.6
1721994300000,67250.1,67381.3,67247.0,67338.5,44283.9
1721995200000,67338.5,67387.4,67289.7,67313.1,40090.1
1721996100000,67313.1,67356.0,67250.1,67352.0,35434.7
1721997000000,67351.9,67419.6,67098.7,67127.2,186228.0
1721997900000,67127.3,67332.6,67079.5,67313.9,76842.8
1721998800000,67314.0,67362.8,67161.0,67198.0,80700.7
1721999700000,67198.0,67430.7,67183.8,67417.0,75503.2
1722000600000,67417.0,67779.2,67302.3,67588.2,590145.5
1722001500000,67587.7,67987.0,67529.9,67891.9,445947.8
1722002400000,67891.9,67999.0,67668.6,67745.7,302412.9
1722003300000,67743.9,67814.4,67228.1,67233.0,448716.4
1722004200000,67233.0,67271.9,66855.2,67170.1,524084.8
1722005100000,67170.0,67394.2,67110.3,67342.4,158023.5
1722006000000,67342.4,67677.1,67292.9,67539.4,250741.5
1722006900000,67539.4,67760.0,67475.8,67653.0,152451.5
1722007800000,67653.1,67700.0,67480.5,67527.6,114048.6
1722008700000,67527.6,67611.5,67455.8,67574.4,55425.2
1722009600000,67574.4,67666.7,67500.3,67502.4,68719.9
1722010500000,67502.4,67695.0,67493.0,67650.0,77020.3
1722011400000,67649.9,67694.9,67545.1,67599.9,42419.0
1722012300000,67600.0,67631.9,67366.7,67404.0,86779.3
1722013200000,67404.0,67443.5,67300.0,67353.9,128028.4
1722014100000,67353.9,67578.5,67338.5,67574.5,64778.6
1722015000000,67574.5,67610.8,67301.6,67355.8,82462.5
1722015900000,67355.9,67441.9,67320.0,67370.3,47146.6
1722016800000,67370.3,67575.9,67333.0,67553.3,71520.1
1722017700000,67553.3,67607.4,67424.7,67424.7,57006.3
1722018600000,67424.7,67557.3,67370.7,67544.2,64273.7
1722019500000,67544.2,67574.3,67469.8,67568.9,32540.0
1722020400000,67568.9,67712.0,67541.4,67672.0,64502.7
1722021300000,67672.1,67886.0,67628.5,67886.0,134202.3
1722022200000,67885.9,67960.4,67700.0,67960.4,89553.5
1722023100000,67960.4,68197.7,67808.0,67997.2,292189.6
1722024000000,67997.2,68007.8,67728.0,67735.9,65022.8
1722024900000,67736.0,67899.0,67722.0,67850.1,70612.5
1722025800000,67850.1,67897.2,67423.6,67449.9,168659.8
1722026700000,67450.0,67614.5,67422.9,67450.1,91014.7
1722027600000,67450.1,67713.1,67440.3,67698.1,69526.5
1722028500000,67698.0,68023.3,67696.0,67930.0,70971.7
1722029400000,67930.0,68093.0,67848.4,68074.8,52216.2
1722030300000,68074.8,68231.2,67940.5,67957.3,156143.9
1722031200000,67957.4,67979.6,67861.5,67902.8,46210.5
1722032100000,67902.7,68099.0,67888.1,68005.3,51164.0
1722033000000,68005.2,68019.8,67889.0,67987.5,30363.3
1722033900000,67987.5,68000.0,67907.7,67938.9,17053.1
1722034800000,67940.0,67963.4,67850.1,67914.4,24977.5
1722035700000,67914.4,67980.9,67868.0,67869.9,31017.9
1722036600000,67869.9,67895.8,67849.7,67876.6,21705.9
1722037500000,67876.6,67927.9,67871.2,67910.2,17138.3
1722038400000,67910.2,67954.9,67810.0,67910.2,59139.6
1722039300000,67910.3,67953.9,67854.0,67918.9,19710.8
1722040200000,67918.9,67919.0,67800.4,67833.4,41831.0
1722041100000,67833.5,67916.6,67828.0,67872.5,23765.6
1722042000000,67872.5,67879.5,67722.1,67784.8,64809.5
1722042900000,67784.8,67820.3,67748.2,67795.4,21567.7
1722043800000,67795.4,67795.4,67725.0,67742.5,19717.9
1722044700000,67742.5,67780.0,67628.8,67665.5,47132.0
1722045600000,67665.5,67714.9,67653.3,67694.9,24048.2
1722046500000,67695.0,67820.8,67667.0,67812.0,37921.4
1722047400000,67812.1,67888.0,67777.0,67887.9,37349.8
1722048300000,67887.9,68087.2,67842.6,68023.6,86455.4
1722049200000,68023.7,68078.7,67800.2,67878.0,91454.4
1722050100000,67877.9,67888.0,67780.0,67809.6,40996.3
1722051000000,67809.6,67949.0,67801.2,67842.0,40107.0
1722051900000,67842.0,67849.0,67768.7,67803.7,35466.4
1722052800000,67802.1,67875.0,67776.0,67875.0,27332.8
1722053700000,67874.9,67913.8,67827.0,67831.7,17594.8
1722054600000,67831.7,67844.4,67800.1,67838.2,19432.3
1722055500000,67838.1,67905.8,67838.1,67870.4,18427.3
1722056400000,67870.3,67943.0,67870.3,67940.0,21448.6
1722057300000,67940.0,68016.4,67931.5,67988.5,42558.0
1722058200000,67988.6,67997.2,67924.0,67927.5,32452.9
1722059100000,67927.4,67947.4,67888.2,67905.4,33123.8
1722060000000,67901.5,67962.3,67893.0,67927.6,23976.1
1722060900000,67927.6,67988.0,67923.0,67988.0,16315.5
1722061800000,67988.0,68031.0,67943.0,67999.9,21520.3
1722062700000,67999.9,68102.7,67999.9,68099.9,55582.6
1722063600000,68099.9,68280.9,68099.9,68168.6,216504.1
1722064500000,68168.6,68335.0,68056.3,68279.4,131445.8
1722065400000,68279.4,68300.0,68200.0,68252.9,55347.0
1722066300000,68252.9,68252.9,68050.0,68055.1,89793.2
1722067200000,68055.2,68193.0,68045.0,68105.9,54005.7
1722068100000,68106.0,68113.0,68000.0,68020.0,44501.5
1722069000000,68020.0,68044.3,67908.0,67963.9,57750.9
1722069900000,67963.8,68020.8,67914.0,68005.2,40090.3
1722070800000,68005.3,68110.7,67965.0,68104.5,33414.4
1722071700000,68104.4,68214.0,68054.1,68170.7,56432.6
1722072600000,68170.8,68174.0,68096.1,68140.9,30047.0
1722073500000,68140.9,68240.0,68121.5,68231.5,41398.8
1722074400000,68231.5,68270.0,68176.8,68270.0,51049.0
1722075300000,68269.9,68275.0,68141.0,68177.0,36998.1
1722076200000,68177.0,68208.0,68102.3,68118.8,30964.6
1722077100000,68119.0,68174.0,68088.1,68164.8,25281.3
1722078000000,68164.8,68177.0,68060.0,68077.4,25068.3
1722078900000,68077.4,68120.1,68032.2,68102.6,47455.3
1722079800000,68102.6,68214.7,68102.5,68182.8,32465.4
1722080700000,68182.8,68231.2,68154.6,68229.9,24368.4
1722081600000,68230.0,68499.9,68209.2,68370.4,273086.3
1722082500000,68370.3,68430.7,68289.8,68295.5,85867.6
1722083400000,68295.5,68418.6,68292.0,68412.1,42818.5
1722084300000,68412.1,68462.0,68350.0,68410.7,45617.2
1722085200000,68410.6,68931.0,68406.2,68881.1,396868.3
1722086100000,68881.1,68918.7,68750.0,68848.2,196888.3
1722087000000,68848.3,69141.4,68776.1,69137.5,337247.4
1722087900000,69137.5,69419.0,69110.0,69252.2,426696.2
1722088800000,69252.2,69434.3,69088.8,69176.3,225151.7
1722089700000,69176.2,69200.0,68794.2,68932.1,264340.6
1722090600000,68932.0,69130.0,68852.1,69046.0,125741.7
1722091500000,69046.1,69046.1,68840.0,68994.0,95754.2
1722092400000,68994.0,69098.3,68781.9,68849.9,173813.4
1722093300000,68850.0,69015.0,68712.9,68810.0,130628.4
1722094200000,68810.0,68866.2,68666.0,68740.0,113307.1
1722095100000,68740.0,68888.0,68613.7,68874.4,129635.2
1722096000000,68874.4,69011.8,68725.0,68736.7,121578.1
1722096900000,68736.6,68959.9,68734.7,68938.3,73390.4
1722097800000,68938.2,68986.2,68872.2,68873.8,58737.4
1722098700000,68873.9,68911.7,68665.0,68711.0,103943.6
1722099600000,68711.0,68779.2,68646.0,68688.5,107742.1
1722100500000,68688.2,68688.2,68450.1,68594.6,232534.5
1722101400000,68594.7,68618.9,68440.0,68512.6,129877.3
1722102300000,68512.6,68700.0,68492.5,68554.1,77622.0
1722103200000,68554.1,68764.0,68530.0,68712.6,57706.4
1722104100000,68712.6,68965.0,68710.6,68935.6,117979.8
1722105000000,68935.7,69011.4,68797.7,68985.7,80972.7
1722105900000,68985.6,69011.1,68517.2,68551.1,185513.1
1722106800000,68551.0,68580.0,68061.8,68336.6,466546.1
1722107700000,68336.6,68632.7,68316.6,68590.3,124481.0
1722108600000,68590.3,68648.4,67676.2,67962.7,376852.5
1722109500000,67957.9,68354.9,67883.4,68259.9,244752.1
1722110400000,68259.9,68465.0,67565.4,67728.3,619108.6
1722111300000,67728.3,68068.8,66621.1,67339.5,1380943.9
1722112200000,67339.6,67420.0,66774.0,67191.6,305271.8
1722113100000,67191.5,68500.0,66835.9,67794.0,1891280.5
1722114000000,67792.6,68666.0,67596.4,68537.0,525002.1
1722114900000,68537.0,69233.0,68322.9,68936.1,514100.1
1722115800000,68936.9,69122.3,68683.0,68932.4,171232.8
1722116700000,68926.6,68930.4,68666.0,68872.0,107389.6
1722117600000,68872.1,68876.0,68576.2,68663.4,116209.2
1722118500000,68663.7,68849.5,68628.6,68628.6,100119.9
1722119400000,68628.5,68800.0,68545.6,68699.0,72770.4
1722120300000,68699.1,68748.5,68588.5,68633.5,55571.3
1722121200000,68633.5,68634.8,68236.0,68246.7,158342.6
1722122100000,68246.6,68249.9,68060.0,68190.0,115654.0
1722123000000,68189.9,68234.3,68072.3,68089.2,45215.6
1722123900000,68089.3,68176.7,67761.0,67905.4,130161.0
1722124800000,67905.4,67909.9,67267.0,67609.7,271356.2
1722125700000,67609.8,67999.2,67588.1,67980.0,154572.3
1722126600000,67980.1,68105.6,67896.6,67965.5,106434.5
1722127500000,67965.5,68009.5,67818.3,67968.0,58009.1
1722128400000,67967.9,68123.0,67949.0,68104.8,59987.8
1722129300000,68104.8,68161.9,67926.2,68152.1,59863.8
1722130200000,68152.1,68221.0,68100.0,68194.9,59462.6
1722131100000,68194.9,68307.7,68094.3,68095.2,71575.6
1722132000000,68095.3,68149.0,67977.5,68002.1,74609.8
1722132900000,68002.1,68119.0,67969.1,68055.0,26856.1
1722133800000,68057.4,68142.6,68057.4,68130.4,33390.5
1722134700000,68131.0,68168.0,68056.1,68156.0,26713.9
1722135600000,68156.0,68160.0,68071.6,68096.6,23884.6
1722136500000,68096.5,68096.5,68000.0,68082.5,32478.0
1722137400000,68082.5,68100.0,68013.3,68024.2,16789.0
1722138300000,68024.1,68068.8,67944.0,67945.0,27084.7
1722139200000,67945.1,68047.3,67937.7,68012.3,26416.1
1722140100000,68012.2,68012.3,67756.0,67800.0,71116.8
1722141000000,67800.0,67800.1,67695.0,67722.0,81420.0
1722141900000,67722.1,67740.0,67302.5,67348.7,150175.6
1722142800000,67348.7,67441.9,67071.0,67283.7,265927.5
1722143700000,67283.8,67421.4,67190.6,67420.0,117949.6
1722144600000,67420.0,67518.0,67358.2,67412.8,93223.4
1722145500000,67412.8,67482.8,67348.4,67423.3,43786.2
1722146400000,67423.3,67541.0,67394.5,67470.0,62903.5
1722147300000,67469.9,67577.0,67450.0,67545.3,37382.6
1722148200000,67545.3,67588.9,67451.1,67486.7,33196.3
1722149100000,67486.6,67517.0,67371.5,67488.0,43797.8
1722150000000,67487.9,67487.9,67301.2,67407.6,49331.8
1722150900000,67407.6,67443.7,67340.0,67423.5,25992.8
1722151800000,67423.5,67423.5,67379.3,67416.8,15469.5
1722152700000,67416.8,67549.0,67416.7,67545.7,40948.3
1722153600000,67545.8,67555.0,67443.7,67496.3,33571.2
1722154500000,67496.2,67519.9,67391.9,67392.0,27020.3
1722155400000,67392.0,67435.8,67220.0,67333.0,65214.8
1722156300000,67333.1,67392.2,67286.2,67384.7,40238.6
1722157200000,67384.7,67485.7,67335.6,67346.8,47354.7
1722158100000,67346.8,67410.8,67320.0,67393.0,18510.1
1722159000000,67393.0,67566.0,67387.2,67488.2,63770.3
1722159900000,67488.2,67546.9,67420.3,67434.9,29939.9
1722160800000,67434.9,67593.3,67392.3,67593.3,36596.4
1722161700000,67593.3,67689.7,67582.0,67620.4,83008.9
1722162600000,67620.5,67665.0,67561.0,67620.1,36389.4
1722163500000,67620.0,67632.0,67560.9,67561.0,27592.9
1722164400000,67561.0,67670.0,67560.6,67670.0,28249.7
1722165300000,67670.0,67848.4,67663.9,67801.6,139550.2
1722166200000,67801.6,67963.4,67680.2,67918.0,90242.4
1722167100000,67918.0,68013.2,67806.8,67838.5,92930.3
1722168000000,67838.6,67867.5,67751.2,67798.9,40529.3
1722168900000,67799.0,67973.2,67745.3,67863.2,54565.1
1722169800000,67863.2,68125.0,67836.3,68072.3,122296.0
1722170700000,68072.4,68106.5,67984.9,67995.9,60299.8
1722171600000,67996.0,68049.9,67936.7,68003.6,41330.2
1722172500000,68003.5,68010.2,67902.0,67949.8,41675.6
1722173400000,67949.9,67974.1,67853.8,67921.0,46110.2
1722174300000,67920.9,68033.9,67920.9,67980.3,32639.0
1722175200000,67980.4,68030.5,67829.3,67873.9,72582.0
1722176100000,67873.9,67907.5,67726.6,67752.0,75161.6
1722177000000,67751.9,67885.6,67626.3,67866.4,114007.0
1722177900000,67866.5,68011.1,67686.4,67740.1,94225.7
1722178800000,67740.1,67748.7,67649.9,67676.7,47953.1
1722179700000,67676.6,67720.6,67644.2,67720.0,44563.4
1722180600000,67719.9,67792.8,67568.2,67765.0,75830.4
1722181500000,67764.9,67795.7,67631.2,67660.4,33727.7
1722182400000,67660.4,67696.0,67622.2,67650.9,34261.6
1722183300000,67651.0,67757.6,67640.0,67662.8,31786.0
1722184200000,67662.7,67749.8,67628.8,67706.0,23661.9
1722185100000,67706.1,67732.7,67643.9,67684.5,26752.9
1722186000000,67684.5,67870.0,67684.5,67852.8,47560.2
1722186900000,67853.1,67874.9,67750.0,67813.3,32802.3
1722187800000,67813.3,67940.1,67754.9,67912.1,50970.0
1722188700000,67912.1,68009.0,67867.1,67995.2,51205.1
1722189600000,67995.2,68040.0,67945.0,68028.0,44151.8
1722190500000,68028.0,68278.8,68005.6,68270.0,127935.9
1722191400000,68270.0,68359.0,68196.3,68199.9,85757.4
1722192300000,68200.0,68259.7,68095.3,68249.9,72306.1
1722193200000,68249.9,68300.0,68180.0,68286.2,57641.9
1722194100000,68286.1,68321.9,68206.6,68282.6,33838.6
1722195000000,68282.6,68282.7,68110.0,68119.2,23450.2
1722195900000,68119.2,68185.0,68091.3,68135.5,22959.5
1722196800000,68135.5,68184.9,68022.0,68066.0,43780.3
1722197700000,68066.0,68113.3,68010.0,68010.1,17090.2
1722198600000,68010.0,68080.0,67955.9,68069.6,25003.3
1722199500000,68067.6,68092.1,68009.7,68025.7,19508.8
1722200400000,68025.7,68048.7,67816.4,67898.2,62953.1
1722201300000,67898.3,68000.0,67833.0,67987.1,37363.4
1722202200000,67987.0,68080.2,67940.1,68043.4,18668.6
1722203100000,68043.4,68078.9,67993.3,68029.8,13997.2
1722204000000,68029.9,68172.9,67981.1,68090.0,43710.9
1722204900000,68090.1,68260.0,67945.0,68245.8,54848.1
1722205800000,68245.9,68266.7,68038.9,68086.6,26330.0
1722206700000,68086.7,68090.0,67933.1,68006.5,45738.2
1722207600000,68006.5,68056.7,67939.0,68009.9,29719.4
1722208500000,68009.9,68129.4,67995.6,68121.4,22433.1
1722209400000,68121.4,68200.0,68088.7,68198.9,29665.5
1722210300000,68198.9,68279.0,68159.8,68239.1,67192.1
1722211200000,68239.0,68964.0,68159.8,68609.5,382363.3
1722212100000,68607.5,69020.0,68572.1,68853.8,238935.7
1722213000000,68853.9,68876.0,68686.0,68700.0,118710.1
1722213900000,68700.0,68859.9,68658.0,68720.3,97988.6
1722214800000,68720.3,68791.9,68588.1,68590.1,93817.9
1722215700000,68590.1,68731.9,68342.6,68705.7,156550.0
1722216600000,68705.5,68850.0,68616.1,68616.1,102194.0
1722217500000,68615.5,68698.9,68550.0,68550.1,62515.5
1722218400000,68550.1,68865.7,68540.4,68831.0,70302.4
1722219300000,68831.0,69333.0,68831.0,69255.3,368334.1
1722220200000,69255.3,69673.8,69250.0,69491.9,467185.4
1722221100000,69492.0,69600.0,69430.2,69585.1,168762.4
1722222000000,69585.1,69861.3,69509.6,69511.7,281572.9
1722222900000,69511.7,69561.1,69333.0,69458.0,183102.7
1722223800000,69458.0,69526.2,69350.0,69386.0,105961.6
1722224700000,69386.0,69432.8,69321.7,69375.7,78377.6
1722225600000,69375.6,69499.9,69321.7,69334.4,84177.3
1722226500000,69334.4,69421.7,69291.0,69344.4,84478.0
1722227400000,69344.4,69480.1,69324.3,69342.3,53575.1
1722228300000,69342.6,69414.1,69312.3,69396.9,40789.1
1722229200000,69396.9,69488.5,69396.9,69466.3,45088.8
1722230100000,69466.3,69596.4,69466.3,69561.0,65556.4
1722231000000,69561.0,69827.1,69561.0,69674.0,209629.2
1722231900000,69672.6,69835.0,69617.7,69675.0,120230.5
1722232800000,69675.0,69807.6,69564.5,69590.4,101528.9
1722233700000,69590.5,69929.4,69590.4,69828.1,158735.4
1722234600000,69825.0,69883.2,69683.7,69762.1,105608.1
1722235500000,69762.0,69767.3,69580.0,69601.0,100239.6
1722236400000,69600.9,69629.9,69483.4,69512.3,84436.9
1722237300000,69512.2,69595.0,69475.1,69568.2,70669.8
1722238200000,69568.2,69596.2,69495.0,69495.0,48880.7
1722239100000,69495.0,69571.7,69461.7,69548.9,36215.1
1722240000000,69549.0,69737.4,69506.6,69719.6,79515.3
1722240900000,69719.7,69720.0,69573.9,69610.4,59817.2
1722241800000,69610.4,69649.1,69375.3,69420.5,105386.4
1722242700000,69420.6,69537.5,69420.5,69477.6,56695.9
1722243600000,69477.7,69636.7,69477.6,69533.6,43759.9
1722244500000,69533.6,69638.5,69500.0,69571.1,48034.8
1722245400000,69571.2,69587.6,69447.6,69455.6,39768.8
1722246300000,69455.5,69548.5,69450.7,69548.4,30850.6
1722247200000,69548.4,69548.4,69402.9,69453.3,33087.5
1722248100000,69453.3,69561.1,69413.5,69550.1,27568.2
1722249000000,69550.1,69723.5,69550.0,69697.8,121978.3
1722249900000,69697.8,69774.1,69613.1,69635.1,92905.0
1722250800000,69635.0,69836.9,69610.0,69741.5,101038.1
1722251700000,69741.7,69878.7,69703.7,69821.8,99356.7
1722252600000,69821.8,69842.4,69619.5,69722.5,58997.4
1722253500000,69722.5,69728.9,69588.0,69588.1,44342.1
1722254400000,69588.1,69638.3,69405.8,69422.6,161136.4
1722255300000,69422.6,69735.0,69422.5,69723.6,72915.5
1722256200000,69723.5,69969.0,69637.4,69727.3,286629.9
1722257100000,69727.1,69887.0,69660.0,69804.6,111674.5
1722258000000,69804.5,70098.0,69732.0,69958.4,404453.1
1722258900000,69958.4,69983.0,69600.5,69662.0,194061.0
1722259800000,69661.9,69709.1,69336.9,69356.2,376690.4
1722260700000,69353.3,69519.7,69089.2,69276.2,504838.2
1722261600000,69276.1,69311.0,68719.0,68722.0,629269.3
1722262500000,68722.0,69020.6,68650.2,68828.7,303391.7
1722263400000,68828.7,68931.9,68722.2,68871.5,135860.9
1722264300000,68871.9,68880.3,68054.7,68236.1,640558.5
1722265200000,68236.0,68322.9,67856.1,68114.3,442183.4
1722266100000,68114.3,68114.3,67650.3,67948.8,497020.7
1722267000000,67948.7,68179.8,67689.9,68163.1,306780.4
1722267900000,68163.1,68179.9,68043.0,68100.0,144782.5
1722268800000,68100.0,68125.9,67810.0,68016.2,240178.4
1722269700000,68016.2,68032.0,67321.1,67347.9,552648.3
1722270600000,67348.0,67364.0,66810.0,66917.9,836979.2
1722271500000,66917.9,67142.9,66869.4,66947.5,221045.2
1722272400000,66947.5,67181.9,66395.0,67070.0,849222.6
1722273300000,67070.1,67123.4,66650.0,66732.1,209417.1
1722274200000,66732.2,67071.5,66678.9,66959.2,177389.5
1722275100000,66959.3,67126.8,66902.0,67014.3,145276.4
1722276000000,67014.3,67386.0,66943.6,67333.2,243128.2
1722276900000,67333.2,67549.5,67138.7,67384.4,251510.6
1722277800000,67384.4,67482.8,67220.0,67359.4,113762.1
1722278700000,67359.4,67468.0,67314.1,67421.1,58869.3
1722279600000,67420.1,67518.5,67278.2,67446.6,68995.4
1722280500000,67446.1,67548.0,67316.4,67510.0,69799.6
1722281400000,67510.1,67519.9,67350.5,67464.1,45378.9
1722282300000,67464.2,67464.2,67236.3,67311.5,73999.1
1722283200000,67311.6,67381.4,67209.8,67268.9,54319.4
1722284100000,67268.9,67278.1,67146.7,67196.3,61851.6
1722285000000,67196.3,67377.0,67183.5,67375.9,30456.0
1722285900000,67375.9,67398.0,67272.0,67377.3,39116.7
1722286800000,67377.3,67396.7,67140.1,67152.9,45521.8
1722287700000,67152.9,67255.0,67015.0,67188.0,68356.0
1722288600000,67188.0,67367.8,67178.0,67349.4,36363.6
1722289500000,67349.5,67500.0,67269.9,67488.0,42888.2
1722290400000,67488.1,67541.7,67420.5,67541.6,59905.8
1722291300000,67541.5,67548.6,67353.4,67353.5,33507.2
1722292200000,67353.5,67383.1,67214.4,67241.9,43332.0
1722293100000,67241.9,67251.8,67132.1,67226.4,40628.1
1722294000000,67226.5,67273.2,66700.0,66735.9,224838.3
1722294900000,66736.0,67034.6,66600.0,67019.6,180701.7
1722295800000,67019.6,67073.3,66808.4,66821.9,80998.9
1722296700000,66821.8,66943.4,66787.0,66787.3,57596.4
1722297600000,66787.4,66885.7,66625.5,66734.3,105032.4
1722298500000,66734.4,66746.1,65871.0,66302.2,660813.2
1722299400000,66302.3,66447.8,66273.8,66437.8,124908.4
1722300300000,66437.8,66633.3,66313.9,66624.5,125604.5
1722301200000,66624.6,66805.7,66583.0,66759.5,108944.3
1722302100000,66759.5,66892.1,66704.5,66723.6,108785.0
1722303000000,66723.5,66784.9,66310.5,66408.7,150771.7
1722303900000,66408.7,66430.3,66063.2,66218.8,177551.6
1722304800000,66218.8,66478.0,66184.2,66425.3,120712.3
1722305700000,66425.3,66450.0,65957.3,66003.1,165708.4
1722306600000,66003.1,66278.0,66000.0,66211.6,98217.5
1722307500000,66211.5,66498.9,66201.0,66440.4,117347.7
1722308400000,66440.3,66630.8,66387.5,66623.8,91165.3
1722309300000,66623.7,66693.8,66514.8,66595.9,86943.2
1722310200000,66596.0,66633.0,66483.1,66564.8,54531.9
1722311100000,66564.9,66623.8,66504.7,66623.8,33908.4
1722312000000,66623.7,66666.0,66540.5,66666.0,49513.8
1722312900000,66666.0,66775.0,66634.0,66773.4,73880.7
1722313800000,66775.0,66788.0,66623.5,66720.0,49475.2
1722314700000,66720.0,66831.6,66605.0,66809.9,58478.0
1722315600000,66809.8,66809.9,66656.9,66675.5,52944.6
1722316500000,66675.6,66675.6,66423.1,66479.2,107540.9
1722317400000,66479.3,66585.0,66325.0,66568.1,104195.7
1722318300000,66568.0,66679.3,66484.9,66487.3,70631.5
1722319200000,66487.3,66629.2,66466.1,66609.5,41992.9
1722320100000,66609.4,66707.6,66561.8,66705.7,40182.8
1722321000000,66705.7,66748.0,66655.0,66661.5,39008.4
1722321900000,66661.5,66785.0,66631.7,66770.0,46148.8
1722322800000,66770.0,66910.0,66770.0,66869.9,127761.2
1722323700000,66869.9,67000.0,66831.4,66930.0,126751.3
1722324600000,66929.9,66998.0,66880.4,66979.7,77068.2
1722325500000,66979.7,67000.0,66890.9,66944.8,62126.6
1722326400000,66944.8,66976.0,66842.4,66963.0,69818.4
1722327300000,66963.0,66992.7,66812.4,66815.9,76697.5
1722328200000,66816.0,66924.0,66793.1,66841.1,47514.9
1722329100000,66841.1,66905.2,66716.0,66771.6,74013.1
1722330000000,66771.6,66903.6,66761.4,66887.7,54025.3
1722330900000,66887.8,66889.8,66793.1,66839.0,28712.8
1722331800000,66839.0,66867.2,66601.7,66679.9,95936.9
1722332700000,66679.9,66679.9,66430.1,66605.5,162343.4
1722333600000,66605.5,66650.0,66401.0,66490.2,111485.0
1722334500000,66490.3,66638.2,66460.8,66631.4,50750.1
1722335400000,66631.5,66694.3,66521.5,66624.0,56727.1
1722336300000,66624.0,66677.2,66510.0,66576.6,30030.7
1722337200000,66576.6,66624.0,66480.8,66480.9,40112.5
1722338100000,66480.8,66650.0,66480.8,66620.2,40502.8
1722339000000,66620.2,66723.5,66536.9,66661.5,38102.2
1722339900000,66661.4,66691.0,66561.7,66561.7,24966.5
1722340800000,66561.4,66660.0,66450.0,66561.7,76573.6
1722341700000,66561.7,66618.0,66219.0,66268.8,148775.3
1722342600000,66266.2,66824.9,66253.0,66805.0,168590.0
1722343500000,66805.0,66820.1,66638.0,66667.0,88505.5
1722344400000,66667.0,66788.0,66656.0,66744.5,58386.2
1722345300000,66744.5,66854.2,66567.8,66634.0,98136.0
1722346200000,66634.0,66947.0,66437.7,66497.2,206409.4
1722347100000,66497.2,66544.4,66320.5,66384.7,132708.7
1722348000000,66384.7,66464.8,66166.4,66377.1,239777.1
1722348900000,66377.2,66447.5,66112.9,66138.8,168160.1
1722349800000,66138.8,66222.7,66012.0,66053.1,224161.5
1722350700000,66053.0,66133.0,65655.0,65808.7,395547.6
1722351600000,65808.6,66064.7,65534.0,65896.4,416034.6
1722352500000,65897.0,66288.1,65880.1,66237.8,238823.0
1722353400000,66237.7,66286.6,66034.7,66137.2,111066.3
1722354300000,66137.2,66346.6,66073.3,66226.9,82256.4
1722355200000,66226.9,66306.0,66154.0,66305.9,57385.7
1722356100000,66305.9,66345.0,66229.6,66337.9,68303.8
1722357000000,66338.0,66570.4,66283.8,66542.8,133253.2
1722357900000,66542.7,66550.0,66172.4,66182.0,131093.3
1722358800000,66182.1,66220.0,65859.8,66062.7,237746.3
1722359700000,66062.6,66085.6,65768.0,65886.5,184646.6
1722360600000,65886.6,65939.5,65687.7,65939.4,130969.7
1722361500000,65939.5,66070.2,65800.0,65872.3,98599.5
1722362400000,65872.3,66052.8,65600.0,65999.8,201928.3
1722363300000,65999.8,66070.0,65880.0,65984.9,84068.7
1722364200000,65985.0,66010.3,65760.2,65789.5,56322.5
1722365100000,65789.4,65858.3,65618.4,65822.5,132345.6
1722366000000,65822.5,65909.2,65555.0,65615.6,156339.0
1722366900000,65616.4,65921.3,65585.5,65735.2,109055.5
1722367800000,65735.3,65863.3,65669.4,65786.5,49002.2
1722368700000,65786.6,66024.7,65780.0,65928.4,113134.1
1722369600000,65928.5,65980.5,65280.0,65705.7,378643.2
1722370500000,65703.7,66087.6,65682.2,65987.1,156147.4
1722371400000,65987.1,66233.9,65987.1,66105.0,122139.6
1722372300000,66105.1,66209.6,66040.1,66198.6,88770.4
1722373200000,66199.9,66199.9,66060.7,66097.0,51017.1
1722374100000,66097.0,66160.5,65948.0,66156.1,48481.3
1722375000000,66156.0,66239.7,66121.5,66230.5,26140.3
1722375900000,66230.5,66319.4,66188.6,66307.7,25881.6
1722376800000,66307.7,66354.9,66155.0,66230.3,73357.8
1722377700000,66230.3,66346.3,66185.8,66277.4,43944.9
1722378600000,66277.4,66320.2,66188.0,66205.7,51183.3
1722379500000,66205.7,66234.0,66084.6,66231.2,50697.7
1722380400000,66231.1,66323.4,66164.2,66164.2,40257.4
1722381300000,66164.0,66216.0,66126.5,66185.9,24222.9
1722382200000,66185.9,66265.0,66159.9,66237.8,36924.4
1722383100000,66237.8,66288.0,66193.4,66195.6,27014.3
1722384000000,66195.7,66251.4,65888.0,65945.6,97326.0
1722384900000,65945.6,66092.4,65938.1,66029.4,70250.8
1722385800000,66029.4,66263.0,66024.1,66262.9,54348.8
1722386700000,66263.0,66445.4,66190.9,66350.0,98152.8
1722387600000,66350.0,66428.2,66306.1,66349.9,91295.3
1722388500000,66349.9,66387.9,66290.0,66300.1,33097.5
1722389400000,66300.3,66321.0,66106.0,66149.4,53979.8
1722390300000,66149.9,66302.7,66110.3,66302.7,47217.4
1722391200000,66302.7,66327.2,66145.2,66146.8,37381.7
1722392100000,66146.8,66410.0,66146.8,66381.0,51245.6
1722393000000,66380.9,66381.0,66089.0,66169.4,76550.0
1722393900000,66169.4,66176.3,66060.5,66122.1,50009.9
1722394800000,66122.0,66245.1,66090.0,66220.1,45316.4
1722395700000,66220.0,66220.1,66040.0,66053.3,35100.3
1722396600000,66053.3,66156.1,66053.3,66103.3,19959.7
1722397500000,66103.3,66129.9,66051.0,66065.4,24677.4
1722398400000,66065.2,66109.4,65813.8,65857.1,125733.3
1722399300000,65857.1,65935.9,65787.7,65831.1,73068.1
1722400200000,65830.3,65865.5,65614.1,65694.1,168748.7
1722401100000,65694.2,65863.5,65500.0,65810.1,248185.2
1722402000000,65810.0,65886.4,65612.8,65700.0,116607.0
1722402900000,65700.1,65792.0,65575.4,65764.0,64462.2
1722403800000,65764.0,65895.0,65753.7,65845.4,81862.2
1722404700000,65845.5,66233.0,65843.7,66179.3,183644.8
1722405600000,66179.3,66566.3,66117.1,66470.3,371409.4
1722406500000,66470.3,66486.2,66255.0,66364.3,114310.2
1722407400000,66364.3,66488.0,66360.5,66458.4,82004.4
1722408300000,66458.4,66488.0,66420.0,66455.1,49861.2
1722409200000,66455.1,66469.9,66350.0,66447.5,119570.4
1722410100000,66447.5,66537.8,66359.5,66360.0,70275.6
1722411000000,66360.1,66362.1,66269.5,66312.9,67216.1
1722411900000,66312.9,66376.0,66211.1,66227.8,50343.8
1722412800000,66227.7,66278.4,66036.0,66075.1,124336.9
1722413700000,66075.0,66363.3,66060.0,66270.0,117043.1
1722414600000,66270.0,66357.9,66252.6,66353.8,37533.4
1722415500000,66353.8,66379.9,66303.8,66325.5,53244.4
1722416400000,66325.6,66370.0,66181.8,66212.6,62403.7
1722417300000,66212.6,66352.8,66167.4,66316.1,32728.9
1722418200000,66316.0,66342.0,66288.0,66288.8,20505.7
1722419100000,66288.9,66385.0,66216.0,66263.2,49258.2
1722420000000,66263.1,66263.2,66072.4,66143.0,92508.2
1722420900000,66142.9,66194.4,66108.1,66153.7,29775.8
1722421800000,66153.6,66159.6,65955.2,66026.5,103229.4
1722422700000,66026.5,66084.4,65963.2,66000.2,45098.5
1722423600000,66000.2,66125.2,65965.5,66112.9,41844.6
1722424500000,66112.9,66160.0,66055.8,66102.0,47929.3
1722425400000,66101.9,66157.3,66023.0,66074.7,23851.7
1722426300000,66074.6,66132.2,66069.5,66101.5,22669.3
1722427200000,66101.5,66174.0,66090.9,66113.8,30836.3
1722428100000,66113.8,66216.6,66003.5,66104.8,83182.7
1722429000000,66104.7,66220.0,66058.7,66219.2,71524.1
1722429900000,66219.2,66311.6,66084.9,66166.1,140694.6
1722430800000,66164.8,66350.0,66138.7,66333.1,94819.6
1722431700000,66333.1,66513.2,66307.8,66474.0,166093.2
1722432600000,66473.9,66863.3,66424.4,66700.1,339036.3
1722433500000,66700.0,66800.0,66381.2,66513.0,211448.6
1722434400000,66512.9,66733.0,66450.1,66471.1,121673.1
1722435300000,66471.1,66500.0,65972.5,66132.3,353675.9
1722436200000,66132.3,66482.1,66060.7,66398.4,207091.2
1722437100000,66398.4,66666.7,66278.1,66440.0,270804.2
1722438000000,66440.0,66560.0,66349.5,66524.4,94202.9
1722438900000,66524.4,66555.3,66350.0,66411.3,83346.1
1722439800000,66411.9,66540.0,66319.2,66492.1,90686.4
1722440700000,66492.0,66492.1,66340.3,66379.9,81030.8
1722441600000,66380.0,66648.0,66323.8,66642.2,125980.7
1722442500000,66642.2,66769.3,66514.0,66514.4,149479.9
1722443400000,66514.4,66523.6,66350.0,66434.4,143391.9
1722444300000,66434.4,66456.0,66278.3,66353.6,76013.1
1722445200000,66353.5,66511.5,66295.2,66436.1,67113.4
1722446100000,66436.0,66619.7,66417.5,66526.4,62764.8
1722447000000,66526.4,66775.0,66477.1,66768.1,122348.9
1722447900000,66768.1,66840.0,66588.4,66684.9,146963.0
1722448800000,66685.0,66727.3,66280.0,66404.0,311138.9
1722449700000,66402.8,66441.9,66133.3,66195.1,164029.7
1722450600000,66195.1,66621.0,66156.6,66547.9,194746.6
1722451500000,66548.0,66599.0,66370.7,66530.3,77945.5
1722452400000,66531.5,66655.9,66215.8,66264.4,110673.2
1722453300000,66264.9,66280.0,65650.2,65775.9,414384.6
1722454200000,65775.8,65992.8,65600.0,65703.4,228354.3
1722455100000,65703.4,65719.7,64800.0,65256.8,886707.3
1722456000000,65256.8,65439.6,64959.0,65113.2,347432.8
1722456900000,65113.1,65197.5,64600.0,64880.2,475169.2
1722457800000,64880.2,64898.1,64558.5,64647.3,239555.9
1722458700000,64647.3,64771.4,64533.1,64600.0,144900.5
1722459600000,64599.9,64986.4,64529.7,64959.6,299960.9
1722460500000,64959.6,65143.6,64500.0,64607.9,235947.8
1722461400000,64607.9,64907.7,64607.9,64842.4,135935.0
1722462300000,64843.6,65059.4,64707.6,64982.7,75305.9
1722463200000,64982.7,65060.3,64842.4,64890.1,73348.7
1722464100000,64890.2,64912.6,64640.0,64739.5,68421.7
1722465000000,64739.6,64909.6,64696.4,64884.2,51569.7
1722465900000,64885.2,65025.8,64855.0,64978.1,39874.8
1722466800000,64980.0,65000.0,64724.3,64762.6,73528.4
1722467700000,64762.6,64807.0,64702.0,64737.8,52568.7
1722468600000,64737.8,64779.7,64649.8,64754.9,79736.2
1722469500000,64754.9,64773.6,64625.4,64635.1,38067.1
1722470400000,64635.1,64819.5,64605.9,64667.0,91759.1
1722471300000,64667.0,64775.9,64333.0,64566.8,273103.7
1722472200000,64566.7,64849.6,64560.0,64660.3,118537.3
1722473100000,64660.2,64705.2,64355.5,64657.3,137417.4
1722474000000,64657.0,64835.5,64520.1,64638.8,85569.6
1722474900000,64638.8,64648.2,64410.0,64563.6,83240.2
1722475800000,64565.1,64565.7,64115.9,64437.2,292315.2
1722476700000,64436.7,64465.9,64150.0,64216.1,110787.2
1722477600000,64216.1,64251.8,63889.3,64194.3,374962.2
1722478500000,64194.4,64260.0,63906.0,64016.9,131858.1
1722479400000,64016.9,64178.8,63950.0,64053.9,114698.2
1722480300000,64054.0,64150.3,63905.9,64116.5,105788.3
1722481200000,64116.5,64139.4,63808.9,63839.4,166842.8
1722482100000,63839.5,64055.2,63750.0,64042.8,185883.7
1722483000000,64042.9,64088.0,63907.4,64005.5,71544.4
1722483900000,64005.6,64084.2,63883.4,63938.0,94167.7
1722484800000,63938.1,64066.7,63904.3,64053.7,58872.6
1722485700000,64053.7,64058.9,63830.0,63852.7,77824.0
1722486600000,63852.7,63942.2,63717.2,63812.9,139238.8
1722487500000,63813.0,63862.2,63610.0,63747.0,214728.0
1722488400000,63747.1,63961.0,63577.7,63956.5,280322.6
1722489300000,63956.5,64202.9,63926.1,64200.0,245414.5
1722490200000,64201.9,64344.8,64123.7,64315.0,122906.0
1722491100000,64315.0,64357.4,64225.1,64299.2,129806.1
1722492000000,64299.2,64299.3,64180.3,64254.2,81273.2
1722492900000,64254.2,64289.0,64122.2,64246.0,92172.7
1722493800000,64246.1,64454.2,64185.0,64409.2,122702.1
1722494700000,64409.2,64428.0,64210.0,64223.3,109161.5
1722495600000,64224.1,64429.3,64211.0,64427.2,98207.7
1722496500000,64427.3,64480.0,64337.5,64375.0,62253.3
1722497400000,64374.9,64407.0,64286.9,64369.6,41864.5
1722498300000,64369.6,64433.9,64262.8,64319.0,53776.4
1722499200000,64318.3,64447.5,64297.9,64380.5,58509.1
1722500100000,64380.5,64470.0,64358.8,64446.7,37936.3
1722501000000,64446.7,64544.4,64421.0,64510.5,75527.7
1722501900000,64510.5,64528.5,64413.9,64505.9,60732.4
1722502800000,64505.9,64696.6,64474.6,64637.2,97174.9
1722503700000,64637.1,64648.0,64570.8,64598.6,89216.3
1722504600000,64598.5,64609.9,64505.8,64510.4,37853.7
1722505500000,64510.3,64530.0,64451.6,64462.0,68859.3
1722506400000,64462.0,64463.0,64335.6,64401.5,71608.0
1722507300000,64401.5,64496.0,64313.7,64488.3,62991.4
1722508200000,64488.4,64520.0,64441.2,64463.1,25510.7
1722509100000,64463.0,64604.8,64450.0,64579.5,36048.5
1722510000000,64579.5,64625.7,64484.5,64484.6,50992.4
1722510900000,64484.6,64600.0,64460.1,64575.3,36033.5
1722511800000,64574.4,64636.0,64484.0,64635.0,38626.1
1722512700000,64635.0,64687.0,64525.9,64672.4,67507.7
1722513600000,64672.3,64799.0,64627.7,64794.8,100809.5
1722514500000,64794.9,64919.7,64708.1,64735.4,187652.3
1722515400000,64735.5,64890.0,64717.6,64776.0,82649.0
1722516300000,64776.0,64884.9,64742.7,64877.3,55129.0
1722517200000,64877.3,64944.9,64672.6,64726.8,125753.7
1722518100000,64726.9,64733.0,64574.0,64600.0,97066.7
1722519000000,64599.9,64729.0,64456.2,64719.9,152416.0
1722519900000,64719.9,64895.0,64643.8,64748.4,136741.2
1722520800000,64748.3,64776.8,64465.3,64630.1,120074.7
1722521700000,64630.0,64630.1,64127.7,64188.6,296716.0
1722522600000,64188.6,64446.2,64060.3,64268.3,286579.4
1722523500000,64268.4,64291.1,63923.0,63936.8,225187.1
1722524400000,63936.8,63962.3,63620.7,63656.6,490008.9
1722525300000,63656.5,63752.0,62859.0,62988.3,1125498.9
1722526200000,62988.4,63062.8,62654.1,62940.0,685042.4
1722527100000,62940.0,63149.5,62761.3,62906.2,351913.6
1722528000000,62906.8,63100.0,62711.3,63054.3,294109.9
1722528900000,63054.2,63198.0,62880.0,62907.6,274562.3
1722529800000,62907.6,63004.3,62723.2,62734.1,231025.8
1722530700000,62734.0,62990.0,62618.6,62910.3,277443.8
1722531600000,62910.2,62930.0,62553.8,62664.7,225346.2
1722532500000,62664.8,62760.0,62502.2,62682.1,179471.9
1722533400000,62680.2,62769.0,62300.0,62312.5,329957.1
1722534300000,62312.4,63266.0,62266.8,63213.1,651021.9
1722535200000,63213.1,63336.6,62900.0,63300.7,407360.9
1722536100000,63300.7,63420.2,63000.9,63067.5,188432.6
1722537000000,63067.5,63081.7,62800.0,62821.4,175550.8
1722537900000,62821.4,62966.6,62795.5,62950.0,118380.5
1722538800000,62949.9,63299.7,62936.0,63255.9,121649.3
1722539700000,63255.9,63351.5,63110.0,63348.8,94692.1
1722540600000,63348.8,63408.0,63238.1,63330.3,75570.3
1722541500000,63330.2,63494.8,63280.0,63415.6,100731.8
1722542400000,63415.6,63567.0,63362.1,63527.3,137099.8
1722543300000,63527.3,63578.0,63326.7,63558.0,108359.6
1722544200000,63557.9,64275.9,63492.8,64210.0,495304.3
1722545100000,64210.0,64777.6,64210.0,64750.1,453747.9
1722546000000,64750.2,64909.7,64615.4,64713.7,242473.4
1722546900000,64713.7,64921.8,64650.0,64792.9,128379.8
1722547800000,64792.8,65123.2,64771.5,65075.9,177286.4
1722548700000,65075.8,65365.1,64841.5,64894.5,270730.1
1722549600000,64894.5,65396.7,64866.0,65326.7,215698.5
1722550500000,65326.8,65660.0,65233.1,65541.1,272765.3
1722551400000,65541.1,65620.7,65336.9,65386.8,181147.7
1722552300000,65386.9,65457.5,65147.2,65184.6,110386.9
1722553200000,65184.7,65273.1,64975.0,65108.7,156811.0
1722554100000,65108.8,65127.6,65010.0,65109.1,73102.3
1722555000000,65109.0,65307.4,65030.6,65274.4,91839.3
1722555900000,65274.4,65486.0,65238.8,65353.6,200169.5
1722556800000,65353.7,65480.0,65350.0,65437.8,106959.3
1722557700000,65437.8,65614.4,65202.2,65205.9,169819.2
1722558600000,65206.0,65247.4,65097.6,65112.6,118830.0
1722559500000,65113.8,65190.0,64886.1,64894.4,156980.1
1722560400000,64894.4,64900.0,64675.0,64756.5,192156.5
1722561300000,64756.5,64768.0,64555.7,64665.8,113694.4
1722562200000,64665.8,64850.0,64574.6,64842.2,132284.7
1722563100000,64842.1,64890.0,64641.2,64654.2,77468.5
1722564000000,64654.2,64833.5,64627.0,64627.0,50616.8
1722564900000,64627.1,64672.0,63850.0,63968.3,393019.1
1722565800000,63969.7,64231.8,63654.4,64231.7,391530.7
1722566700000,64231.8,64453.7,64132.1,64355.9,264006.2
1722567600000,64355.9,64450.0,64229.3,64353.0,102456.1
1722568500000,64353.0,64517.1,64283.3,64453.9,106303.7
1722569400000,64453.9,64584.0,64340.7,64351.4,106639.5
1722570300000,64351.2,64633.1,64346.0,64603.5,90893.4
1722571200000,64602.7,64661.1,64478.0,64578.1,85580.9
1722572100000,64578.1,64619.2,64473.9,64495.4,39181.9
1722573000000,64495.5,64569.7,64430.6,64529.8,53883.5
1722573900000,64529.8,64568.6,64490.0,64533.3,40483.5
1722574800000,64533.2,64543.5,64293.3,64310.5,98122.8
1722575700000,64310.5,64490.0,64241.4,64433.6,77340.7
1722576600000,64433.6,64443.6,64109.5,64195.6,107875.5
1722577500000,64195.7,64266.3,64067.6,64182.0,135454.1
1722578400000,64182.0,64291.7,63937.3,64020.5,117219.4
1722579300000,64020.5,64072.1,63836.0,63883.2,118683.3
1722580200000,63883.2,64253.0,63806.3,64212.0,167572.9
1722581100000,64212.0,64640.0,64174.5,64466.3,202473.2
1722582000000,64465.6,64500.0,64289.8,64327.7,87791.6
1722582900000,64327.8,64524.8,64175.0,64475.6,121785.5
1722583800000,64475.5,64475.5,64245.6,64332.1,52935.5
1722584700000,64332.0,64332.0,64125.1,64158.1,66283.7
1722585600000,64158.2,64376.8,64080.1,64096.0,142292.0
1722586500000,64096.0,64338.0,64044.7,64333.2,95110.3
1722587400000,64333.2,64456.0,64288.8,64447.6,109494.4
1722588300000,64447.5,64599.0,64410.6,64593.6,103610.4
1722589200000,64593.6,64620.9,64429.0,64473.2,94873.0
1722590100000,64474.6,64550.0,64420.0,64513.9,38740.4
1722591000000,64513.9,64601.5,64428.0,64577.1,56867.4
1722591900000,64577.2,64603.9,64478.4,64515.6,42747.6
1722592800000,64515.6,64547.7,64373.6,64464.8,52541.5
1722593700000,64464.8,64600.0,64381.9,64530.8,46858.2
1722594600000,64530.9,64599.8,64466.1,64558.9,40324.7
1722595500000,64558.9,64888.0,64536.7,64764.7,224363.5
1722596400000,64764.8,64871.2,64677.8,64772.9,85395.5
1722597300000,64772.9,64971.0,64730.0,64870.9,139285.2
1722598200000,64870.9,64894.3,64660.5,64683.0,151996.5
1722599100000,64683.0,64773.8,64658.3,64666.1,55689.2
1722600000000,64665.8,64813.3,64659.0,64679.1,50734.8
1722600900000,64679.2,64763.9,64425.0,64508.0,155872.0
1722601800000,64507.9,64796.0,64130.8,64356.0,628924.0
1722602700000,64356.1,64957.3,64341.5,64846.2,305277.7
1722603600000,64846.3,64877.8,64562.7,64772.8,144760.0
1722604500000,64772.9,64946.0,64628.1,64883.6,222975.5
1722605400000,64883.6,65471.2,64839.8,65431.2,498438.4
1722606300000,65431.2,65555.0,65066.0,65217.0,343158.3
1722607200000,65220.8,65364.7,64463.6,64629.6,426885.4
1722608100000,64629.6,64955.0,64522.2,64922.6,234296.3
1722609000000,64922.5,65097.8,63861.1,63878.4,650297.8
1722609900000,63878.3,64037.7,63084.8,63152.0,783564.0
1722610800000,63152.0,63397.0,62576.1,62600.1,983770.1
1722611700000,62600.1,62999.6,62424.0,62856.0,554535.4
1722612600000,62856.0,63439.0,62735.0,63430.4,455280.7
1722613500000,63430.4,63652.4,63300.0,63410.1,326945.5
1722614400000,63410.1,63607.9,63206.2,63280.0,266190.5
1722615300000,63280.0,63427.5,63090.9,63100.1,180665.3
1722616200000,63100.0,63513.1,62960.0,63437.5,241395.8
1722617100000,63437.5,63531.4,63242.0,63318.2,125528.5
1722618000000,63318.1,63465.0,63130.0,63434.8,128757.5
1722618900000,63434.8,63440.8,63177.2,63247.4,85593.2
1722619800000,63247.4,63412.5,63205.0,63316.3,69642.7
1722620700000,63319.9,63385.4,63064.3,63100.1,102359.5
1722621600000,63100.2,63122.8,62879.3,62991.9,125329.3
1722622500000,62993.7,63213.0,62974.0,63082.3,87272.7
1722623400000,63082.2,63233.4,62915.4,62968.5,103055.4
1722624300000,62968.5,63028.3,62780.0,62894.0,116644.3
1722625200000,62893.0,62949.6,62693.8,62772.2,134126.7
1722626100000,62772.3,62980.0,62761.4,62909.9,98637.5
1722627000000,62908.9,62986.9,62539.4,62714.5,275259.0
1722627900000,62714.5,62846.1,62510.0,62644.6,209373.3
1722628800000,62646.2,63203.2,62633.3,62951.0,248768.1
1722629700000,62950.9,63060.0,62080.0,62542.8,397739.0
1722630600000,62542.8,62695.4,62299.1,62330.4,295253.7
1722631500000,62330.4,62684.1,62275.2,62642.2,159072.7
1722632400000,62642.1,62747.2,61888.0,61902.9,280742.3
1722633300000,61902.9,62226.5,61617.0,61656.6,408252.9
1722634200000,61656.6,62171.3,61227.3,62050.0,445103.4
1722635100000,62050.1,62188.0,61943.2,61988.0,97354.0
1722636000000,61987.9,62258.2,61978.4,62129.9,122298.0
1722636900000,62130.0,62140.3,61755.0,61998.9,130472.8
1722637800000,61999.0,62017.5,61653.7,61706.6,98546.9
1722638700000,61704.1,61743.6,61222.0,61390.0,275554.5
1722639600000,61390.0,61773.5,61296.4,61734.4,293062.0
1722640500000,61734.5,61789.7,61421.7,61758.0,135789.4
1722641400000,61758.1,61772.1,61477.5,61529.5,75692.7
1722642300000,61529.4,61551.8,61431.0,61490.7,62498.9
1722643200000,61490.8,61632.1,61418.3,61589.6,107792.5
1722644100000,61589.6,61719.9,61544.2,61544.2,70352.6
1722645000000,61544.2,61567.1,61333.0,61413.6,100203.2
1722645900000,61413.7,61550.0,60890.0,61130.0,389586.4
1722646800000,61130.1,61281.1,60500.0,60822.0,522574.6
1722647700000,60822.1,61192.1,60657.8,61192.1,311168.5
1722648600000,61192.1,61282.0,60842.3,61080.0,233522.7
1722649500000,61078.1,61380.0,61057.1,61339.3,116499.3
1722650400000,61339.3,61578.7,61252.0,61458.1,211002.7
1722651300000,61458.0,61620.0,61218.0,61301.9,121592.4
1722652200000,61301.8,61469.3,61212.5,61420.6,82514.3
1722653100000,61420.7,61495.8,61340.2,61443.6,44022.0
1722654000000,61443.6,61565.2,61305.7,61540.0,85675.7
1722654900000,61540.0,61814.6,61440.2,61732.0,209470.8
1722655800000,61731.6,61859.2,61645.0,61845.9,106578.2
1722656700000,61845.9,61971.7,61739.5,61889.9,166059.7
1722657600000,61889.9,61971.5,61790.0,61837.6,79974.4
1722658500000,61837.5,61864.0,61723.1,61803.9,49924.1
1722659400000,61804.0,61812.0,61649.3,61685.5,87624.5
1722660300000,61685.5,61705.3,61376.3,61566.4,160747.6
1722661200000,61566.4,61722.6,61515.4,61602.0,56782.3
1722662100000,61602.4,61663.8,61492.2,61580.1,50709.1
1722663000000,61580.1,61638.6,61549.9,61579.1,27696.3
1722663900000,61579.2,61720.8,61572.1,61701.4,47445.1
1722664800000,61701.4,61787.9,61666.3,61779.0,46816.8
1722665700000,61779.0,61844.6,61680.0,61742.4,39774.9
1722666600000,61742.4,61783.0,61672.7,61744.5,21317.2
1722667500000,61745.3,61828.7,61725.4,61824.0,21759.1
1722668400000,61824.0,61907.4,61733.9,61735.0,49941.4
1722669300000,61735.1,61789.5,61703.7,61750.0,52654.3
1722670200000,61750.0,61819.4,61722.5,61722.5,40360.2
1722671100000,61722.5,61743.4,61606.6,61656.1,79849.9
1722672000000,61656.1,61722.0,61581.7,61644.4,45851.4
1722672900000,61644.5,61742.1,61552.4,61691.4,80188.7
1722673800000,61691.5,61697.8,61527.0,61549.5,51682.6
1722674700000,61549.5,61633.0,61468.9,61630.2,61573.1
1722675600000,61630.1,61636.0,61444.4,61505.8,69923.8
1722676500000,61505.7,61616.0,61456.9,61570.0,45889.2
1722677400000,61570.0,61729.2,61524.5,61689.7,59258.6
1722678300000,61689.7,61750.0,61600.0,61737.5,40255.4
1722679200000,61737.5,61777.0,61679.9,61770.1,38597.9
1722680100000,61770.1,61787.7,61666.7,61686.6,34784.0
1722681000000,61686.0,61808.2,61669.8,61790.4,43443.7
1722681900000,61790.3,61886.1,61767.8,61810.0,38320.7
1722682800000,61810.0,61885.9,61776.4,61885.9,36650.0
1722683700000,61885.9,61919.6,61826.9,61873.0,55860.3
1722684600000,61873.0,61955.0,61867.7,61926.8,48060.0
1722685500000,61928.2,62014.1,61858.7,61905.3,78011.8
1722686400000,61905.3,61984.6,61833.7,61972.0,62463.0
1722687300000,61972.0,62176.8,61929.0,62120.0,144367.8
1722688200000,62119.9,62206.2,62039.3,62103.4,112156.9
1722689100000,62103.5,62106.7,61941.6,61991.2,86892.2
1722690000000,61991.2,62042.9,61880.0,61920.0,73055.6
1722690900000,61919.9,61985.8,61844.2,61887.2,53280.5
1722691800000,61887.1,61983.1,61861.0,61879.7,29067.8
1722692700000,61879.8,62011.0,61861.0,62011.0,44175.1
1722693600000,62011.0,62122.0,61898.9,61955.0,86121.2
1722694500000,61955.0,62053.0,61917.1,62048.8,37173.7
1722695400000,62048.9,62151.7,62036.6,62133.5,59686.1
1722696300000,62133.5,62174.0,61950.0,61987.1,55052.8
1722697200000,61987.2,62088.7,61947.4,61987.7,35485.1
1722698100000,61987.7,61990.8,61537.4,61576.1,242540.9
1722699000000,61576.0,61712.1,61278.0,61410.1,275174.6
1722699900000,61411.5,61425.0,60809.5,60876.0,434864.5
1722700800000,60875.9,61019.7,60745.8,60857.9,316144.5
1722701700000,60857.8,61145.1,60420.2,61036.0,570552.1
1722702600000,61036.1,61340.2,60530.0,60581.4,742005.0
1722703500000,60583.7,61087.4,60356.1,60920.1,493277.4
1722704400000,60920.1,61025.9,60679.3,60824.2,189151.5
1722705300000,60824.4,60860.4,60574.1,60773.7,170828.0
1722706200000,60773.7,60864.2,60491.7,60809.9,194483.7
1722707100000,60809.9,60841.8,60457.0,60588.1,117420.5
1722708000000,60588.1,60715.0,60464.2,60600.1,95188.0
1722708900000,60600.4,60855.0,60450.0,60610.0,144111.4
1722709800000,60610.0,60764.9,60100.0,60376.2,399381.3
1722710700000,60373.5,60444.0,60222.1,60258.0,103909.5
1722711600000,60258.2,60326.3,60132.0,60231.6,106713.6
1722712500000,60231.5,60280.5,59907.6,59967.9,339403.8
1722713400000,59968.0,60200.0,59950.0,60126.0,114205.4
1722714300000,60126.1,60652.7,60126.1,60259.4,332213.6
1722715200000,60259.5,60511.3,60150.0,60461.3,179485.9
1722716100000,60463.9,60637.5,60370.7,60589.4,151004.7
1722717000000,60589.4,60724.1,60507.6,60536.6,111318.1
1722717900000,60536.5,60608.0,60331.0,60411.9,80690.7
1722718800000,60411.9,60415.9,59830.0,60257.7,367115.1
1722719700000,60257.7,60558.9,60141.9,60496.3,165114.5
1722720600000,60496.2,60715.7,60403.1,60709.1,109969.3
1722721500000,60709.2,60868.5,60460.4,60659.0,128248.3
1722722400000,60659.1,60780.0,60372.4,60687.5,151926.5
1722723300000,60687.5,60700.0,60586.9,60596.1,42923.8
1722724200000,60596.0,60728.6,60544.9,60544.9,41800.7
1722725100000,60544.9,60674.0,60540.7,60636.2,28941.5
1722726000000,60636.2,60706.7,60383.1,60480.0,201854.2
1722726900000,60480.0,60833.3,60420.0,60828.7,112274.0
1722727800000,60828.7,60830.0,60662.3,60794.0,98159.7
1722728700000,60793.9,60803.3,60680.0,60711.2,30366.8
1722729600000,60711.2,60787.1,60651.3,60746.9,50377.7
1722730500000,60746.9,60798.0,60599.5,60647.2,58732.6
1722731400000,60647.2,60823.0,60595.5,60784.1,39539.6
1722732300000,60784.1,60793.1,60683.6,60749.0,33375.0
1722733200000,60749.0,60775.6,60463.5,60574.4,78321.5
1722734100000,60574.5,60670.0,60505.6,60530.2,34859.7
1722735000000,60530.2,60556.4,60321.8,60491.0,94265.1
1722735900000,60491.0,60751.8,60480.0,60745.0,62602.8
1722736800000,60744.9,60981.1,60711.6,60877.8,119339.1
1722737700000,60877.8,60996.3,60855.1,60996.3,64537.6
1722738600000,60996.2,61124.9,60778.2,60791.4,137095.6
1722739500000,60791.5,60931.0,60786.0,60886.5,41996.8
1722740400000,60886.5,60912.0,60683.2,60798.5,51866.4
1722741300000,60798.5,60873.5,60713.2,60753.6,41263.6
1722742200000,60753.5,60833.8,60691.2,60757.9,47765.7
1722743100000,60757.9,60814.3,60710.9,60746.3,65139.9
1722744000000,60746.3,60784.2,60672.0,60721.6,36859.2
1722744900000,60721.6,60776.0,60697.7,60770.8,18772.2
1722745800000,60770.9,60803.9,60623.0,60653.8,43790.7
1722746700000,60653.8,60661.7,60561.5,60577.0,56719.8
1722747600000,60577.1,60652.5,60555.5,60628.1,36033.3
1722748500000,60628.0,60686.1,60600.0,60682.8,24129.3
1722749400000,60682.7,60942.2,60656.8,60851.8,98725.6
1722750300000,60852.0,60870.4,60760.0,60795.8,34746.8
1722751200000,60795.8,60827.9,60736.0,60748.1,27589.1
1722752100000,60748.1,60826.0,60719.0,60815.6,22674.3
1722753000000,60815.6,60855.1,60760.0,60768.0,18653.5
1722753900000,60768.0,60866.0,60767.9,60815.3,16996.2
1722754800000,60815.2,60832.4,60775.8,60801.4,26927.0
1722755700000,60801.3,60820.0,60593.8,60607.3,54145.4
1722756600000,60607.4,60616.8,60330.1,60427.5,188643.7
1722757500000,60428.6,60469.2,60253.0,60375.4,119141.2
1722758400000,60372.2,60467.8,60118.0,60259.9,156186.2
1722759300000,60260.0,60513.0,60215.7,60438.8,91294.0
1722760200000,60438.7,60648.6,60438.7,60600.0,83048.7
1722761100000,60600.0,60676.0,60553.0,60570.3,47833.9
1722762000000,60571.1,60662.5,60505.4,60662.5,43610.7
1722762900000,60662.5,60700.0,60605.0,60660.2,36435.0
1722763800000,60660.1,60725.6,60620.0,60691.3,53806.3
1722764700000,60691.3,60745.8,60691.3,60712.1,30539.2
1722765600000,60712.0,60730.0,60538.5,60542.3,50195.7
1722766500000,60542.4,60763.3,60536.0,60684.4,47986.7
1722767400000,60684.0,60728.6,60634.0,60676.0,35046.1
1722768300000,60676.0,60844.2,60621.1,60809.1,92335.9
1722769200000,60809.1,60919.8,60769.5,60810.2,103032.1
1722770100000,60810.2,60995.0,60810.2,60953.9,71146.7
1722771000000,60953.9,61018.8,60836.3,60873.8,57225.2
1722771900000,60873.8,60909.7,60817.8,60899.9,32861.5
1722772800000,60899.9,61047.2,60788.1,60849.0,81489.7
1722773700000,60848.9,60980.0,60820.2,60880.1,37094.0
1722774600000,60880.1,60977.1,60880.0,60961.5,28166.5
1722775500000,60961.5,61095.0,60948.4,61054.1,81044.1
1722776400000,61054.1,61075.9,60880.7,60897.6,64032.9
1722777300000,60897.5,60947.0,60833.1,60899.0,51687.7
1722778200000,60899.1,60968.0,60831.7,60919.8,34446.4
1722779100000,60919.9,60949.8,60822.1,60822.1,36483.4
1722780000000,60822.2,60876.9,60455.0,60489.6,197627.0
1722780900000,60489.5,60571.7,60330.0,60358.0,197820.5
1722781800000,60358.1,60438.7,59656.9,59789.1,740525.2
1722782700000,59789.2,59965.2,59312.1,59592.1,687541.4
1722783600000,59592.2,59608.9,59245.1,59386.0,433640.1
1722784500000,59386.1,59477.1,59232.0,59330.0,187653.3
1722785400000,59330.0,59450.0,59134.0,59309.9,220738.2
1722786300000,59309.8,59322.6,58925.0,59097.7,335320.1
1722787200000,59097.8,59319.2,58888.0,59265.0,379271.1
1722788100000,59265.0,59276.0,58889.1,58970.3,212605.7
1722789000000,58971.3,59138.5,58800.4,59002.6,212875.0
1722789900000,59002.6,59058.6,58605.6,58666.9,329000.0
1722790800000,58666.8,58755.9,58166.0,58326.0,678208.6
1722791700000,58326.0,58545.8,58083.3,58202.2,393990.2
1722792600000,58202.2,58302.9,57111.1,57360.4,976068.5
1722793500000,57360.3,58059.4,57323.7,57865.3,581687.8
1722794400000,57865.3,58322.0,57743.4,58208.0,364366.4
1722795300000,58208.0,58461.0,58091.2,58360.0,290461.9
1722796200000,58359.9,58484.4,58272.5,58458.5,148408.1
1722797100000,58458.4,58919.4,58376.7,58749.7,327592.2
1722798000000,58749.4,58985.8,58518.1,58928.0,198841.2
1722798900000,58928.0,59455.0,58904.0,59453.0,486248.6
1722799800000,59452.9,59485.9,59100.0,59256.8,219915.6
1722800700000,59256.8,59419.9,59128.0,59247.6,82782.6
1722801600000,59246.1,59577.0,59141.7,59483.0,143435.0
1722802500000,59483.1,59535.0,59200.0,59208.1,63888.4
1722803400000,59208.0,59293.8,58854.7,58877.3,155400.0
1722804300000,58877.2,59216.9,58836.0,59144.9,112216.2
1722805200000,59144.9,59160.4,58908.1,58931.7,52839.1
1722806100000,58931.7,59030.9,58436.7,58581.2,170475.5
1722807000000,58580.8,58743.6,58436.6,58694.8,96582.6
1722807900000,58694.9,58844.9,58356.8,58469.9,79296.1
1722808800000,58469.9,59153.4,58388.1,59003.8,211882.2
1722809700000,59003.8,59061.2,58658.8,58847.2,91399.7
1722810600000,58847.2,59071.1,58811.2,58983.0,95775.0
1722811500000,58979.6,58983.0,58645.4,58722.9,74608.1
1722812400000,58722.9,58770.7,58450.0,58462.8,105541.7
1722813300000,58462.8,58624.2,58365.0,58593.3,90278.1
1722814200000,58593.3,58603.3,58373.5,58418.4,73018.6
1722815100000,58418.4,58418.4,58008.0,58170.0,189050.7
1722816000000,58170.0,58314.9,57466.0,57478.9,346523.0
1722816900000,57478.9,58281.2,57307.4,57417.7,572290.4
1722817800000,57417.7,57558.2,56626.7,56727.8,754806.6
1722818700000,56727.4,57123.8,55666.9,56158.3,1213714.6
1722819600000,56158.4,56294.0,52199.4,53899.2,3313564.4
1722820500000,53891.9,54955.0,53178.1,54240.3,1760901.1
1722821400000,54241.7,55194.6,53799.4,55160.8,913560.7
1722822300000,55160.8,55160.8,54236.9,54413.9,620803.4
1722823200000,54413.9,54540.3,53610.0,53874.1,638244.7
1722824100000,53874.1,54395.2,53567.8,54122.2,499900.0
1722825000000,54122.3,54500.0,53760.3,53926.6,353824.4
1722825900000,53926.6,54699.5,53859.1,54680.7,437785.3
1722826800000,54680.7,54693.3,54037.0,54191.3,277965.9
1722827700000,54191.3,54520.5,54023.0,54135.0,279507.6
1722828600000,54134.5,54411.8,54058.8,54371.7,207030.8
1722829500000,54371.8,54510.0,53770.0,53881.8,266803.2
1722830400000,53881.7,54440.0,53722.5,54439.9,325772.5
1722831300000,54439.9,54558.0,54078.0,54114.5,215306.0
1722832200000,54114.6,54198.5,53872.0,53962.0,200222.1
1722833100000,53962.1,54036.0,53368.1,53522.1,305888.3
1722834000000,53522.1,53568.2,52273.9,52909.7,902050.2
1722834900000,52904.5,53721.9,52500.0,53429.7,778045.6
1722835800000,53429.8,53856.0,52820.0,53146.7,505370.8
1722836700000,53144.8,53345.5,52625.4,52714.4,609446.9
1722837600000,52714.9,52978.6,51500.0,51605.0,1374882.7
1722838500000,51603.6,51824.2,48906.7,50027.2,2371035.0
1722839400000,50027.1,51076.9,50016.0,50423.5,1102001.8
1722840300000,50425.9,51836.0,50366.5,51584.0,859164.8
1722841200000,51584.0,52055.0,51346.9,51634.1,564477.6
1722842100000,51636.7,52850.4,51625.4,52746.1,658049.7
1722843000000,52746.0,53100.0,52285.4,52719.6,643621.5
1722843900000,52719.6,53010.0,52434.3,52662.5,357523.3
1722844800000,52662.5,52920.0,52250.0,52661.5,439432.9
1722845700000,52660.1,53250.0,52614.0,52687.5,469642.9
1722846600000,52687.6,53078.3,52378.5,52431.0,327350.5
1722847500000,52431.0,52852.1,52359.0,52743.3,238082.3
1722848400000,52743.2,52939.7,52538.9,52700.0,205793.2
1722849300000,52699.9,52899.7,52562.2,52764.5,180861.3
1722850200000,52765.4,52839.9,52335.4,52375.3,171301.8
1722851100000,52378.3,52663.0,51736.2,52650.2,536805.2
1722852000000,52650.3,52650.3,51805.0,51935.5,353157.4
1722852900000,51935.5,51935.6,51018.4,51186.5,481995.2
1722853800000,51186.4,51636.5,50680.0,51635.7,602408.1
1722854700000,51635.7,51760.9,51067.0,51390.2,465139.8
1722855600000,51390.3,51778.6,50852.9,51703.1,425207.7
1722856500000,51702.3,51920.1,50694.0,50888.8,506048.4
1722857400000,50888.8,51197.5,50625.0,51082.9,446345.9
1722858300000,51079.3,51667.7,50985.0,51342.2,319049.4
1722859200000,51342.3,51556.5,50683.0,50750.0,481125.9
1722860100000,50750.0,50920.4,50000.0,50168.6,555211.7
1722861000000,50168.6,51330.0,49753.4,50925.5,965499.5
1722861900000,50920.3,50930.5,49555.0,49815.0,854658.4
1722862800000,49814.1,50723.1,49605.0,49994.9,601868.3
1722863700000,49995.0,50293.6,49650.0,49747.9,474353.5
1722864600000,49747.9,52479.0,49625.5,51335.4,1723920.6
1722865500000,51335.5,52530.0,51272.3,51961.5,852721.6
1722866400000,51960.0,53858.0,51948.7,52999.9,1582915.8
1722867300000,53000.0,53722.1,52555.0,52623.0,740481.0
1722868200000,52631.2,54533.0,52614.1,54143.7,887354.0
1722869100000,54143.8,54419.5,53769.1,54057.3,582111.2
1722870000000,54057.3,54771.0,53512.0,54442.5,653223.6
1722870900000,54442.5,54662.0,54040.0,54271.5,481824.0
1722871800000,54271.5,55000.0,54221.8,54452.2,534718.0
1722872700000,54452.2,54704.3,54201.2,54320.3,330777.1
1722873600000,54320.2,55065.8,54242.3,54936.8,359089.9
1722874500000,54936.8,55679.4,54672.5,55443.9,557439.8
1722875400000,55444.0,55449.9,54479.3,54647.7,471698.6
1722876300000,54642.6,54650.5,54033.8,54047.4,356696.4
1722877200000,54048.9,54491.1,53761.2,54393.9,473352.6
1722878100000,54393.8,54735.3,54277.6,54381.5,248072.3
1722879000000,54381.6,54777.0,54300.0,54691.2,159412.2
1722879900000,54694.8,55089.2,54444.0,54699.0,299771.3
1722880800000,54704.5,54719.9,54277.0,54322.7,178675.9
1722881700000,54322.8,54416.5,53618.9,53923.6,349909.8
1722882600000,53923.5,54080.0,53434.0,53504.1,247565.3
1722883500000,53504.1,53716.5,52981.3,53104.2,340682.1
1722884400000,53104.2,53420.8,52743.1,52747.6,280007.1
1722885300000,52747.6,53434.1,52525.3,53291.7,443005.1
1722886200000,53291.6,53520.0,52978.8,53034.9,272611.8
1722887100000,53034.9,53626.0,52638.5,53478.8,363554.2
1722888000000,53478.9,54333.3,53463.5,53789.5,425523.0
1722888900000,53789.4,53972.6,53591.2,53958.7,153793.1
1722889800000,53956.2,54220.2,53533.1,54025.8,189113.6
1722890700000,54023.2,54434.9,53839.5,54400.0,147365.2
1722891600000,54400.0,54881.8,54272.2,54777.7,282557.0
1722892500000,54777.7,55221.9,54588.1,54615.1,212951.2
1722893400000,54615.1,54821.2,54343.8,54555.9,78987.3
1722894300000,54553.9,54553.9,54278.0,54372.2,67939.1
1722895200000,54372.2,54935.6,54202.2,54316.5,161824.5
1722896100000,54316.7,54984.9,54286.0,54928.1,144551.3
1722897000000,54928.1,54970.2,54693.3,54720.8,77498.1
1722897900000,54728.0,54865.0,54468.4,54701.9,107208.3
1722898800000,54702.0,55090.0,54589.2,54837.9,131219.4
1722899700000,54837.9,54942.6,54500.0,54542.8,157575.4
1722900600000,54542.8,54610.8,54256.9,54299.1,165990.3
1722901500000,54299.9,54305.0,53861.6,54009.6,283555.4
1722902400000,54009.6,55005.8,53936.6,54999.5,376348.4
1722903300000,54999.6,55796.2,54833.1,55623.9,539780.5
1722904200000,55623.8,55729.3,55357.0,55599.0,218989.0
1722905100000,55599.0,56100.0,55532.3,56034.6,283017.1
1722906000000,56034.6,56280.0,55853.2,56064.0,340604.7
1722906900000,56064.1,56220.0,55805.9,55944.7,247413.4
1722907800000,55944.8,55960.4,55405.1,55650.6,242464.9
1722908700000,55650.6,55972.2,55514.2,55726.0,153206.1
1722909600000,55726.0,55977.0,55633.0,55793.4,109788.0
1722910500000,55789.0,55955.0,55664.4,55779.9,122355.2
1722911400000,55779.9,56058.8,55664.4,55685.3,132184.1
1722912300000,55685.2,55900.0,55603.6,55837.0,102206.8
1722913200000,55836.9,55895.6,55587.1,55683.4,100824.5
1722914100000,55683.5,55802.9,55464.7,55753.8,145938.6
1722915000000,55754.3,55859.8,55633.0,55699.9,68876.1
1722915900000,55700.0,55816.6,55580.0,55666.7,65891.4
1722916800000,55666.7,55727.0,55294.7,55684.6,155537.7
1722917700000,55684.7,55760.8,55510.0,55651.6,74609.4
1722918600000,55651.6,55719.9,55376.5,55404.4,115652.8
1722919500000,55404.5,55580.5,55235.3,55499.7,135142.1
1722920400000,55499.7,55616.0,55250.5,55314.2,111772.3
1722921300000,55314.2,55536.6,55289.1,55526.4,75466.5
1722922200000,55526.5,55844.9,55431.0,55770.3,115972.1
1722923100000,55770.3,56000.0,55722.0,55938.0,165969.4
1722924000000,55937.9,56056.0,55567.3,55694.0,197027.4
1722924900000,55693.0,55949.5,55540.0,55835.1,110159.3
1722925800000,55835.1,56000.0,55726.0,55828.2,113134.5
1722926700000,55828.1,55875.0,55691.3,55787.8,90856.4
1722927600000,55786.0,55857.7,55457.0,55510.2,111420.9
1722928500000,55510.6,55736.6,55506.4,55622.0,95729.3
1722929400000,55622.0,55968.0,55603.1,55963.1,125286.1
1722930300000,55963.1,56167.2,55858.9,56003.0,190986.1
1722931200000,56003.0,56114.9,55708.0,55741.0,188458.5
1722932100000,55740.9,55760.4,55333.3,55427.3,227927.4
1722933000000,55427.2,55510.7,54821.0,54938.3,494439.6
1722933900000,54938.3,55244.9,54602.8,54995.5,380881.3
1722934800000,54995.6,55004.1,54600.0,54810.6,245523.5
1722935700000,54810.4,54978.8,54635.0,54940.2,149174.3
1722936600000,54940.2,55357.2,54705.9,55141.7,349899.3
1722937500000,55136.7,55299.2,54958.9,55215.2,135844.0
1722938400000,55215.2,55293.6,55008.0,55103.3,102777.2
1722939300000,55103.3,55220.0,54878.1,55217.5,123738.3
1722940200000,55217.4,55442.0,54940.0,55000.0,176660.7
1722941100000,55000.0,55091.7,54891.0,55067.0,90840.4
1722942000000,55067.1,55211.4,54864.3,55106.3,107910.6
1722942900000,55106.3,55156.0,54926.0,55056.9,86336.6
1722943800000,55056.8,55384.6,55056.6,55293.1,170023.1
1722944700000,55293.1,55399.0,55068.8,55205.5,117734.8
1722945600000,55205.6,55387.2,55083.8,55295.4,128228.1
1722946500000,55295.4,55479.9,55175.1,55456.9,112448.6
1722947400000,55456.9,55464.5,54920.0,54920.0,192486.9
1722948300000,54920.0,54936.2,54673.0,54776.4,216362.5
1722949200000,54774.4,54993.1,54757.0,54832.9,94518.0
1722950100000,54832.8,55261.0,54354.5,55146.1,440127.6
1722951000000,55146.1,55444.0,54614.5,54730.4,519168.3
1722951900000,54733.0,55306.5,54420.1,55192.2,439991.5
1722952800000,55192.3,56363.8,55133.0,56140.1,906870.2
1722953700000,56140.0,56600.0,56010.0,56183.1,658511.8
1722954600000,56183.1,56380.0,55866.3,56300.6,426667.1
1722955500000,56305.3,56622.0,56016.0,56127.1,287078.0
1722956400000,56127.0,56394.9,55971.7,55989.8,197297.4
1722957300000,55989.7,56255.0,55842.1,55853.7,224292.2
1722958200000,55853.6,56066.7,55728.0,56007.2,203372.2
1722959100000,56007.2,56424.7,55950.5,56407.8,189413.7
1722960000000,56407.7,56749.9,56235.0,56707.3,310506.6
1722960900000,56707.1,56770.0,56313.5,56345.9,220209.6
1722961800000,56345.8,56726.4,56262.3,56581.1,134390.5
1722962700000,56581.1,56912.1,56581.1,56760.8,239218.1
1722963600000,56766.7,56959.1,56675.7,56828.8,162794.2
1722964500000,56828.8,56910.0,56666.8,56867.6,140366.4
1722965400000,56867.6,56913.9,56552.5,56562.9,120016.9
1722966300000,56562.9,56800.0,56470.3,56488.2,172867.4
1722967200000,56488.2,56899.4,56350.7,56881.4,262984.0
1722968100000,56876.3,57100.0,56761.4,56883.3,231639.8
1722969000000,56883.4,56999.9,56736.4,56920.1,107038.1
1722969900000,56920.2,57024.4,56707.7,56723.3,99551.2
1722970800000,56729.8,56735.8,56412.0,56422.2,166967.8
1722971700000,56422.1,56825.5,56301.5,56662.8,130378.6
1722972600000,56662.9,56877.0,56562.0,56812.6,84192.1
1722973500000,56812.7,56847.9,56557.3,56756.3,106845.8
1722974400000,56758.9,56856.0,56424.7,56472.6,157208.9
1722975300000,56472.6,56700.0,56257.9,56521.2,161823.6
1722976200000,56516.6,56769.0,56415.8,56430.0,85379.7
1722977100000,56430.1,56583.2,56203.0,56543.6,131622.5
1722978000000,56543.5,56640.0,56095.2,56222.1,133567.4
1722978900000,56222.1,56496.5,56167.1,56381.7,63714.5
1722979800000,56381.7,56536.3,56287.0,56383.0,37939.4
1722980700000,56383.0,56486.7,56287.6,56460.6,41504.7
1722981600000,56460.7,56888.0,56409.8,56733.4,126849.8
1722982500000,56733.4,56942.0,55942.0,56055.1,281052.8
1722983400000,56055.1,56399.4,55950.0,56225.4,269229.2
1722984300000,56225.4,56302.5,56129.9,56203.9,90559.8
1722985200000,56203.9,56428.0,56028.7,56281.5,94919.5
1722986100000,56281.6,56346.5,55880.0,55927.9,148417.4
1722987000000,55928.0,56129.3,55893.3,55959.9,91897.2
1722987900000,55960.0,56078.0,55700.0,56014.2,139571.6
1722988800000,56014.2,56143.8,55650.0,55683.5,185904.9
1722989700000,55683.5,55958.0,55555.0,55941.9,207986.3
1722990600000,55941.9,56328.4,55906.1,56020.0,171173.7
1722991500000,56019.9,56372.6,55870.0,56273.9,118551.3
1722992400000,56274.0,56377.6,55778.0,55922.3,159484.7
1722993300000,55922.3,56270.0,55893.6,56186.9,100153.8
1722994200000,56186.8,56719.8,56133.0,56591.9,232967.9
1722995100000,56591.9,57066.1,56580.0,56959.3,347439.8
1722996000000,56959.3,56970.6,56628.1,56694.9,142728.3
1722996900000,56694.8,57266.7,56590.0,57184.1,314684.9
1722997800000,57184.0,57280.1,56691.7,56697.4,300754.2
1722998700000,56697.0,56805.4,56480.0,56759.2,171023.9
1722999600000,56759.3,56985.0,56713.5,56788.9,84941.3
1723000500000,56789.0,56789.1,56572.1,56701.7,88051.2
1723001400000,56700.0,56897.6,56630.1,56782.1,51937.9
1723002300000,56782.0,56911.6,56700.6,56854.0,41188.5
1723003200000,56854.0,56954.9,56745.0,56897.3,101201.0
1723004100000,56897.4,57147.0,56890.6,57039.3,190270.0
1723005000000,57039.4,57228.2,57006.1,57177.7,124956.4
1723005900000,57177.7,57234.0,56983.2,57033.4,93557.8
1723006800000,57033.5,57233.0,56962.2,57108.2,75640.1
1723007700000,57106.4,57170.9,56888.0,56987.7,132689.4
1723008600000,56987.7,57174.6,56820.0,56823.3,131329.3
1723009500000,56823.3,56880.0,56700.0,56788.9,112658.8
1723010400000,56788.9,56988.0,56712.0,56808.0,138655.3
1723011300000,56808.1,56917.8,56680.0,56874.0,180664.5
1723012200000,56874.1,56979.9,56790.0,56861.6,49858.3
1723013100000,56861.6,56879.0,56711.0,56836.8,40207.6
1723014000000,56836.8,56917.0,56658.3,56668.6,89664.0
1723014900000,56668.5,56761.3,56536.1,56717.0,111358.5
1723015800000,56717.0,56843.8,56700.0,56799.0,72886.7
1723016700000,56799.0,57099.0,56761.2,56923.4,189923.6
1723017600000,56926.0,57082.9,56862.4,57051.8,99456.7
1723018500000,57052.8,57144.0,56923.1,57111.8,130151.3
1723019400000,57111.8,57200.0,57007.0,57022.1,141564.9
1723020300000,57022.1,57459.2,57020.0,57349.8,275283.0
1723021200000,57349.7,57854.9,57180.2,57350.1,487478.8
1723022100000,57350.1,57583.0,57267.7,57445.2,152000.7
1723023000000,57445.1,57683.1,57370.1,57529.9,139659.2
1723023900000,57529.9,57566.4,57326.5,57352.0,118625.0
1723024800000,57352.0,57528.0,57250.1,57444.5,107917.2
1723025700000,57444.5,57560.7,57389.6,57528.0,74932.0
1723026600000,57527.9,57736.8,57403.4,57412.9,166057.6
1723027500000,57412.9,57500.0,57310.7,57327.5,94845.7
1723028400000,57327.6,57377.8,57104.0,57322.0,195997.2
1723029300000,57322.1,57333.0,57096.0,57120.0,136030.3
1723030200000,57120.0,57189.2,56861.6,56945.4,182899.8
1723031100000,56945.4,57085.0,56870.8,56966.0,142947.8
1723032000000,56965.7,57066.0,56810.0,56960.5,251876.1
1723032900000,56960.5,57341.3,56932.0,57119.3,274070.4
1723033800000,57119.8,57277.8,56978.6,57082.5,124574.7
1723034700000,57082.6,57332.9,57026.7,57296.0,135359.3
1723035600000,57295.8,57472.7,57043.8,57116.5,175480.2
1723036500000,57113.2,57250.0,56991.5,57249.9,96399.9
1723037400000,57249.9,57482.0,57052.9,57110.3,235947.8
1723038300000,57110.3,57154.2,56711.4,56828.0,303337.1
1723039200000,56828.1,56992.0,56550.0,56713.0,266311.1
1723040100000,56713.0,56777.6,56157.8,56222.9,476199.5
1723041000000,56222.9,56317.1,55633.0,55937.9,569491.7
1723041900000,55937.9,56449.1,55880.1,56090.7,358656.6
1723042800000,56090.7,56407.7,55940.0,56225.4,208833.4
1723043700000,56225.4,56302.1,55970.8,56079.7,134217.7
1723044600000,56077.8,56171.8,55857.7,55918.5,153326.0
1723045500000,55916.5,56243.4,55780.0,56100.0,175287.2
1723046400000,56100.0,56210.0,55881.8,56133.9,133118.7
1723047300000,56132.2,56300.0,55931.1,56114.2,132858.5
1723048200000,56114.2,56164.1,55978.0,56060.7,90408.5
1723049100000,56060.6,56208.4,55820.0,56130.1,168411.7
1723050000000,56131.9,56313.8,55829.9,55956.0,177877.2
1723050900000,55956.0,56053.6,55439.0,55734.1,393681.9
1723051800000,55734.1,55952.0,55710.1,55811.9,82567.5
1723052700000,55811.9,55891.4,55451.0,55580.1,162574.8
1723053600000,55580.0,55636.0,55169.6,55290.6,240523.7
1723054500000,55290.6,55376.0,54915.9,55020.0,293611.8
1723055400000,55020.0,55067.9,54716.0,54790.1,377499.0
1723056300000,54790.2,54909.9,54674.5,54819.3,131539.4
1723057200000,54819.3,55160.2,54766.7,55017.8,198171.1
1723058100000,55019.0,55122.2,54876.6,54969.4,77623.3
1723059000000,54967.8,55007.8,54711.6,54869.9,93887.5
1723059900000,54869.8,55019.9,54687.7,54764.0,147829.7
1723060800000,54759.5,55093.3,54677.8,54910.3,166373.2
1723061700000,54911.9,55228.7,54814.5,55124.6,189998.5
1723062600000,55124.6,55307.9,54920.2,55024.5,130215.0
1723063500000,55020.6,55169.3,54643.3,55147.9,197235.0
1723064400000,55152.0,55289.6,54961.0,54961.0,126074.5
1723065300000,54961.1,55248.3,54870.1,55105.2,92263.6
1723066200000,55105.2,55599.9,55105.1,55515.6,113572.2
1723067100000,55515.6,55546.9,55271.7,55420.4,109152.0
1723068000000,55420.0,55466.7,55018.9,55031.0,126176.0
1723068900000,55031.1,55124.9,54558.8,54818.2,233046.1
1723069800000,54818.2,55245.0,54783.0,55187.0,107276.9
1723070700000,55180.1,55318.5,55123.1,55290.9,58978.2
1723071600000,55291.0,55440.3,55218.4,55362.2,63982.8
1723072500000,55362.2,55431.3,55133.3,55181.9,72600.1
1723073400000,55181.9,55190.5,54924.4,55047.9,82199.9
1723074300000,55047.9,55164.8,54980.0,55140.0,56243.9
1723075200000,55136.1,55374.0,55071.1,55096.1,90664.2
1723076100000,55096.1,55287.9,54882.3,54899.4,85814.0
1723077000000,54899.3,55054.7,54733.3,55037.0,113503.0
1723077900000,55036.9,55325.9,55008.2,55297.9,89287.8
1723078800000,55297.9,55929.4,55260.0,55884.0,292679.2
1723079700000,55884.0,55924.9,55577.0,55624.0,362820.6
1723080600000,55624.1,57398.9,55589.3,57359.2,559766.2
1723081500000,57359.3,57400.0,56551.2,56861.0,521925.0
1723082400000,56861.0,57216.1,56818.1,57150.0,255215.3
1723083300000,57149.9,57641.2,57122.0,57618.1,370245.1
1723084200000,57618.1,57642.2,57230.3,57283.6,180955.5
1723085100000,57283.6,57405.6,57207.8,57361.6,92584.7
1723086000000,57361.7,57630.0,57348.0,57429.8,160012.5
1723086900000,57430.3,57588.0,57360.8,57467.5,112232.5
1723087800000,57467.6,57540.3,57227.4,57369.2,106531.3
1723088700000,57369.2,57369.2,57041.6,57056.1,138866.3
1723089600000,57056.1,57277.3,56819.5,57184.9,242227.1
1723090500000,57185.0,57225.0,56977.4,56999.9,65027.8
1723091400000,57000.0,57025.3,56830.0,56840.1,83098.3
1723092300000,56840.2,56940.0,56668.4,56768.6,127411.1
1723093200000,56768.6,56958.0,56726.1,56797.1,76397.0
1723094100000,56797.1,56985.0,56795.1,56972.7,67398.6
1723095000000,56972.6,57018.0,56800.1,56941.9,72080.9
1723095900000,56942.0,57011.2,56860.1,56952.0,67482.8
1723096800000,56951.9,56990.4,56785.5,56958.8,157765.4
1723097700000,56952.1,57166.0,56924.8,57155.8,109488.6
1723098600000,57155.8,57188.0,57045.4,57176.6,75496.2
1723099500000,57176.7,57355.5,57071.5,57215.8,118410.1
1723100400000,57215.9,57315.6,57120.0,57232.3,157872.1
1723101300000,57232.3,57427.7,57221.5,57378.9,115957.7
1723102200000,57378.9,57385.0,57202.1,57314.1,114298.8
1723103100000,57314.1,57360.0,57150.2,57187.9,104048.9
1723104000000,57188.0,57284.5,57120.0,57209.3,67254.6
1723104900000,57210.2,57328.0,57180.1,57222.0,68052.0
1723105800000,57222.0,57350.0,57196.0,57350.0,57671.2
1723106700000,57349.9,57380.0,57201.0,57234.0,51950.6
1723107600000,57234.9,57278.5,56982.8,57105.1,144417.0
1723108500000,57105.0,57213.7,57078.3,57176.0,47570.6
1723109400000,57175.9,57285.0,57140.4,57236.5,74969.5
1723110300000,57236.6,57499.9,57230.8,57343.9,171068.4
1723111200000,57344.0,57437.9,57200.0,57300.0,87195.7
1723112100000,57300.0,57564.0,57268.1,57487.9,128938.2
1723113000000,57484.8,57492.0,57376.0,57401.4,71413.8
1723113900000,57401.3,57515.4,57335.0,57379.9,43001.8
1723114800000,57380.0,57491.1,57285.8,57491.0,61164.0
1723115700000,57491.1,57573.9,57414.5,57529.6,66058.9
1723116600000,57529.7,57698.9,57257.0,57330.0,184923.0
1723117500000,57330.0,57574.9,57295.5,57325.0,108533.0
1723118400000,57325.1,57428.7,57212.2,57279.9,102095.8
1723119300000,57280.0,57323.0,57100.0,57161.4,159426.3
1723120200000,57159.0,58500.0,57146.0,58044.0,1376871.4
1723121100000,58042.1,58147.2,57790.1,57923.9,283159.5
1723122000000,57924.0,58021.8,57788.0,57983.8,169831.6
1723122900000,57983.7,58270.3,57648.0,57813.0,302677.4
1723123800000,57810.9,57869.6,57357.9,57365.0,389431.9
1723124700000,57365.0,57500.0,56670.2,57277.9,614902.3
1723125600000,57278.0,57566.0,57173.9,57514.9,260387.6
1723126500000,57514.9,58267.1,57480.0,58181.7,514075.5
1723127400000,58181.7,58548.0,58080.0,58304.8,472666.8
1723128300000,58301.9,59027.5,58213.3,58926.1,720503.0
1723129200000,58926.1,59282.1,58727.2,58785.8,589708.5
1723130100000,58785.8,59013.8,58639.1,58851.1,220767.3
1723131000000,58851.0,59437.3,58851.0,59144.8,425098.4
1723131900000,59148.8,59541.0,59079.0,59422.0,318294.8
1723132800000,59423.0,59886.7,59350.0,59768.1,653697.0
1723133700000,59769.9,59861.9,59531.1,59604.7,260923.5
1723134600000,59604.7,59677.2,59365.8,59430.0,217033.2
1723135500000,59429.9,59656.4,59371.2,59555.3,170019.9
1723136400000,59554.3,59644.6,59264.0,59559.9,190010.1
1723137300000,59559.9,59859.3,59437.1,59767.4,133370.0
1723138200000,59767.4,59817.7,59475.8,59519.4,131424.6
1723139100000,59519.4,59633.0,59428.1,59464.9,67986.4
1723140000000,59464.9,59500.0,59363.5,59439.9,80598.0
1723140900000,59439.6,59622.7,59386.8,59550.1,68546.3
1723141800000,59550.0,59696.5,59490.0,59503.5,89862.8
1723142700000,59503.5,59515.2,59333.2,59343.3,86193.0
1723143600000,59343.4,59685.0,59290.0,59633.4,109372.6
1723144500000,59633.4,59824.4,59620.0,59627.9,148312.6
1723145400000,59628.0,59794.0,59509.8,59731.0,103325.9
1723146300000,59731.0,59776.2,59235.0,59408.5,170001.0
1723147200000,59411.5,59515.2,59294.6,59425.0,113776.4
1723148100000,59428.0,59680.0,59409.4,59617.0,70839.4
1723149000000,59617.1,59680.0,59543.6,59593.8,39137.0
1723149900000,59593.8,59629.3,59472.4,59492.7,33253.6
1723150800000,59492.6,59727.9,59489.6,59689.0,63612.3
1723151700000,59689.1,59724.2,59588.7,59644.8,36145.5
1723152600000,59644.9,60777.0,59616.0,60522.8,451602.9
1723153500000,60521.5,61400.0,60353.9,61176.0,511717.8
1723154400000,61187.0,61258.9,60640.8,60718.1,261626.3
1723155300000,60718.1,61099.9,60623.2,61007.2,165104.8
1723156200000,61007.2,61340.2,60917.3,61139.9,244909.1
1723157100000,61136.0,62555.0,61130.0,62339.1,895495.2
1723158000000,62336.3,62766.0,62098.5,62360.0,451892.7
1723158900000,62360.0,62391.5,61888.0,61973.8,276057.2
1723159800000,61973.9,62099.3,61716.6,61956.7,226164.6
1723160700000,61956.7,61956.8,61614.2,61697.1,167716.2
1723161600000,61692.1,61754.6,61335.0,61520.2,228514.1
1723162500000,61520.8,61640.8,61430.9,61553.1,82857.1
1723163400000,61553.2,61674.0,61196.6,61358.1,210128.0
1723164300000,61358.0,61431.7,61070.9,61212.9,152709.0
1723165200000,61212.9,61232.0,60769.9,61138.1,296543.3
1723166100000,61138.2,61300.0,61064.7,61238.0,103002.3
1723167000000,61237.9,61540.7,61166.0,61390.1,138337.5
1723167900000,61390.1,61454.5,61302.8,61404.2,48007.5
1723168800000,61404.1,61454.0,61140.0,61301.8,98472.8
1723169700000,61301.7,61355.0,61227.0,61276.0,51888.4
1723170600000,61276.6,61350.0,61162.7,61295.0,62294.1
1723171500000,61295.1,61438.0,61230.1,61230.1,67653.0
1723172400000,61230.2,61380.0,61230.1,61322.5,58560.8
1723173300000,61323.0,61574.7,61307.2,61370.5,94283.2
1723174200000,61370.6,61504.0,61170.0,61208.2,87167.0
1723175100000,61208.3,61394.8,61208.2,61360.0,61520.7
1723176000000,61360.0,61396.3,61210.0,61230.0,44617.2
1723176900000,61230.0,61355.0,61004.2,61027.8,97505.7
1723177800000,61027.8,61161.9,60888.6,61000.0,114079.3
1723178700000,61000.1,61023.3,60716.0,60720.0,143069.4
1723179600000,60720.0,60958.0,60580.0,60915.1,178868.9
1723180500000,60914.6,61039.5,60825.0,60865.2,91266.6
1723181400000,60865.1,60988.0,60850.7,60952.7,40240.7
1723182300000,60952.7,60989.9,60873.4,60984.1,35660.0
1723183200000,60984.1,61030.1,60856.1,60879.2,62417.4
1723184100000,60879.3,60932.0,60778.5,60809.6,58216.5
1723185000000,60810.0,61119.0,60735.8,61093.3,113586.4
1723185900000,61093.4,61098.0,60864.1,60888.0,52543.5
1723186800000,60888.0,61400.0,60855.0,61083.0,153243.4
1723187700000,61082.9,61250.5,61020.0,61115.2,150662.5
1723188600000,61115.3,61119.7,60850.0,60891.4,83247.9
1723189500000,60891.4,60922.0,60761.0,60874.8,79230.0
1723190400000,60874.8,60920.0,60590.2,60665.8,198979.4
1723191300000,60664.0,60998.2,60625.0,60951.3,131427.1
1723192200000,60951.4,61088.4,60951.3,60996.1,75399.5
1723193100000,60996.1,61118.1,60990.5,61093.6,49658.4
1723194000000,61093.6,61214.5,60962.0,60997.1,89775.7
1723194900000,60997.1,61089.8,60890.0,60948.0,64577.4
1723195800000,60948.0,60974.8,60754.3,60816.0,67291.4
1723196700000,60816.1,60927.6,60720.0,60764.5,96904.1
1723197600000,60764.5,60785.0,60615.0,60782.5,120608.2
1723198500000,60782.5,60853.3,60160.4,60660.0,456182.7
1723199400000,60660.0,60749.8,60239.0,60370.6,207349.9
1723200300000,60370.6,60645.0,60360.1,60604.9,118412.6
1723201200000,60605.0,60763.2,60564.3,60572.9,92471.8
1723202100000,60572.9,60798.9,60451.8,60480.0,120695.3
1723203000000,60480.0,60649.9,60352.8,60596.2,75112.1
1723203900000,60598.0,60744.5,60598.0,60659.2,48843.1
1723204800000,60659.2,60700.0,60538.9,60650.0,47998.1
1723205700000,60650.0,60799.3,60388.0,60404.0,119347.3
1723206600000,60404.0,60520.0,60224.0,60500.1,162829.8
1723207500000,60500.1,60584.8,60329.3,60560.1,60200.2
1723208400000,60560.0,60750.3,60344.6,60369.3,109465.1
1723209300000,60368.9,60382.7,60190.0,60382.7,188581.7
1723210200000,60383.2,60439.6,59802.1,59941.8,528664.3
1723211100000,59941.9,60535.0,59925.2,60450.7,333714.8
1723212000000,60450.8,61133.3,60417.5,60804.9,596540.9
1723212900000,60804.9,60818.9,60305.0,60329.9,279027.5
1723213800000,60330.0,60391.0,59522.1,59822.1,629484.4
1723214700000,59822.0,60555.0,59802.1,60340.5,329742.2
1723215600000,60340.6,60587.0,60089.0,60208.6,206710.0
1723216500000,60210.0,60420.0,60172.0,60252.2,106458.0
1723217400000,60251.4,60360.0,59911.1,59959.4,165960.7
1723218300000,59959.4,60068.7,59800.0,59820.6,132647.2
1723219200000,59820.6,60011.3,59728.0,59925.9,158151.0
1723220100000,59925.8,60295.7,59773.3,60058.0,217341.3
1723221000000,60057.8,60259.3,60005.6,60148.6,93160.2
1723221900000,60148.6,60452.0,60022.5,60432.0,118585.0
1723222800000,60432.0,60553.2,60328.0,60543.6,74462.9
1723223700000,60543.6,60741.5,60323.2,60426.7,130029.0
1723224600000,60426.7,60694.9,60418.0,60490.3,81898.9
1723225500000,60490.3,60490.3,60158.0,60204.5,94321.2
1723226400000,60204.6,60334.0,60000.0,60083.1,83836.1
1723227300000,60083.1,60159.3,59833.6,60062.0,116605.6
1723228200000,60062.0,60270.0,60040.0,60219.9,68663.0
1723229100000,60220.0,60376.5,60203.1,60315.8,48533.4
1723230000000,60315.8,60477.5,60115.5,60424.0,57338.5
1723230900000,60424.0,60578.3,60405.7,60535.8,66879.8
1723231800000,60535.7,60706.0,60450.0,60492.0,94473.6
1723232700000,60492.0,60773.2,60479.5,60682.2,74320.7
1723233600000,60682.2,60876.0,60620.0,60802.4,82477.4
1723234500000,60802.5,60994.7,60630.0,60750.2,101824.9
1723235400000,60750.2,60899.3,60571.8,60595.9,94368.4
1723236300000,60595.9,60803.1,60516.7,60739.2,52281.6
1723237200000,60739.1,60742.0,60080.5,60161.2,232365.9
1723238100000,60161.4,60300.0,59916.3,60198.0,133703.0
1723239000000,60197.9,60278.8,60101.2,60193.7,52943.5
1723239900000,60193.7,60873.5,60137.7,60734.9,180707.8
1723240800000,60734.9,60850.0,60275.7,60381.1,459477.4
1723241700000,60382.5,60892.7,60348.2,60862.3,262327.4
1723242600000,60866.0,60989.0,60561.7,60627.7,104667.3
1723243500000,60627.6,60799.1,60568.2,60765.0,38291.0
1723244400000,60765.0,60788.8,60517.0,60519.8,41558.3
1723245300000,60519.7,60659.1,60352.0,60622.0,61721.0
1723246200000,60623.4,60876.5,60564.1,60695.1,97825.1
1723247100000,60695.1,60925.0,60655.3,60842.0,52276.0
1723248000000,60842.0,60900.0,60701.0,60898.0,58336.9
1723248900000,60897.9,61492.8,60868.3,60976.0,349891.8
1723249800000,60976.0,61022.0,60495.8,60633.9,168179.5
1723250700000,60633.9,60765.0,60508.3,60550.2,79318.8
1723251600000,60550.2,60972.0,60500.0,60929.7,86516.9
1723252500000,60929.7,60940.1,60613.3,60643.8,55579.5
1723253400000,60638.1,60724.5,60500.6,60632.3,43871.2
1723254300000,60632.3,60638.0,60454.0,60470.1,39339.9
1723255200000,60470.0,60619.0,60305.3,60562.6,84761.1
1723256100000,60562.5,60739.9,60562.5,60596.0,42916.4
1723257000000,60596.1,60677.9,60530.1,60600.1,21493.6
1723257900000,60600.2,60675.2,60534.7,60542.1,30563.0
1723258800000,60542.1,60543.9,60349.6,60417.9,58633.0
1723259700000,60418.0,60442.7,60341.5,60378.3,35036.2
1723260600000,60378.3,60485.8,60279.6,60470.0,55592.1
1723261500000,60470.0,60517.8,60416.0,60447.4,24310.4
1723262400000,60447.3,60450.0,60241.2,60256.7,52628.7
1723263300000,60256.7,60389.3,60244.0,60360.0,27345.1
1723264200000,60359.9,60398.4,60300.1,60352.6,19699.1
1723265100000,60352.5,60427.1,60260.0,60427.1,26138.1
1723266000000,60427.1,60486.7,60335.2,60433.5,32975.5
1723266900000,60433.5,60458.8,60375.1,60429.7,22618.7
1723267800000,60429.6,60447.0,60358.0,60398.4,18563.3
1723268700000,60396.1,60452.8,60360.1,60370.9,14713.7
1723269600000,60370.9,60455.0,60333.0,60431.2,19944.3
1723270500000,60432.1,60450.0,60370.5,60405.8,15730.4
1723271400000,60405.8,60525.0,60372.0,60479.9,29499.9
1723272300000,60480.0,60523.8,60420.0,60456.8,22127.5
1723273200000,60456.9,60623.7,60456.9,60622.6,39791.1
1723274100000,60622.5,60721.5,60539.6,60634.2,47809.5
1723275000000,60634.1,60737.2,60608.6,60721.8,41476.8
1723275900000,60721.7,60852.4,60683.6,60842.0,58264.7
1723276800000,60842.0,60893.0,60713.0,60777.9,63474.8
1723277700000,60778.0,60778.0,60650.0,60760.6,47500.5
1723278600000,60760.6,60766.8,60622.3,60715.3,55326.0
1723279500000,60715.3,60803.5,60674.4,60735.7,28915.4
1723280400000,60735.7,60886.8,60730.8,60861.7,48190.5
1723281300000,60861.9,60886.3,60780.0,60870.0,38222.7
1723282200000,60870.1,61116.0,60870.0,60963.9,128239.2
1723283100000,60964.0,61115.2,60891.0,60895.8,63933.9
1723284000000,60895.9,61000.0,60837.9,60954.0,41521.3
1723284900000,60954.0,61019.9,60627.5,60759.0,112266.6
1723285800000,60756.0,60849.2,60754.0,60820.1,31300.7
1723286700000,60820.1,60867.0,60777.6,60785.6,20179.8
1723287600000,60785.6,60911.7,60755.4,60865.6,20635.8
1723288500000,60865.5,60956.0,60852.9,60893.8,27305.6
1723289400000,60893.9,61016.0,60880.1,60880.1,39788.5
1723290300000,60880.0,60926.2,60845.0,60925.6,16555.8
1723291200000,60925.7,60950.0,60827.1,60827.1,25854.4
1723292100000,60827.2,60873.8,60819.3,60847.6,14282.3
1723293000000,60847.6,60916.0,60740.0,60773.1,35420.4
1723293900000,60773.1,60783.4,60715.3,60720.0,27616.5
1723294800000,60720.0,60749.0,60563.0,60567.1,76249.2
1723295700000,60567.1,60710.0,60487.2,60658.8,96921.9
1723296600000,60658.8,60715.6,60562.2,60629.8,37350.5
1723297500000,60627.4,60631.3,60414.1,60444.8,80729.8
1723298400000,60444.8,60568.0,60406.5,60546.3,60905.5
1723299300000,60546.3,60630.0,60466.6,60609.9,46955.6
1723300200000,60609.8,60683.5,60576.1,60665.5,35964.9
1723301100000,60665.6,60687.0,60555.0,60587.8,30957.0
1723302000000,60587.8,60774.3,60523.9,60710.3,58044.1
1723302900000,60710.2,60750.0,60590.0,60681.9,35848.0
1723303800000,60681.8,60757.8,60655.2,60676.1,32956.0
1723304700000,60676.0,60686.0,60504.1,60517.2,37715.9
1723305600000,60517.2,60633.0,60410.2,60622.3,83748.1
1723306500000,60622.2,60730.0,60572.0,60703.3,34417.6
1723307400000,60703.4,60725.1,60645.4,60680.2,23250.3
1723308300000,60680.3,60714.2,60609.3,60682.0,18756.5
1723309200000,60682.0,60699.7,60560.0,60687.6,21114.7
1723310100000,60687.6,60714.0,60626.3,60660.8,16922.1
1723311000000,60660.7,60687.4,60615.1,60660.6,16599.8
1723311900000,60660.5,60896.9,60630.7,60780.1,65617.0
1723312800000,60780.2,61250.0,60738.0,61130.0,169521.1
1723313700000,61130.0,61164.6,60939.5,60998.1,75880.1
1723314600000,60998.2,61160.0,60890.9,61120.0,44149.6
1723315500000,61120.0,61177.0,60880.0,60959.7,55891.6
1723316400000,60959.7,60963.0,60835.4,60904.5,27561.7
1723317300000,60904.4,61100.0,60860.0,61053.6,35219.6
1723318200000,61053.5,61148.0,61050.1,61090.7,23906.2
1723319100000,61090.7,61090.8,60966.8,61018.2,16030.1
1723320000000,61018.3,61114.5,60955.6,61016.8,33770.3
1723320900000,61016.8,61033.9,60914.9,60924.5,19007.9
1723321800000,60924.4,61006.9,60903.6,60997.5,12112.8
1723322700000,60997.5,61055.4,60934.2,60992.7,13288.7
1723323600000,60992.7,61156.6,60977.6,61148.4,27483.5
1723324500000,61148.5,61175.6,61104.4,61117.1,19508.3
1723325400000,61117.1,61125.0,60949.9,60980.5,39695.9
1723326300000,60980.5,61130.4,60980.5,61079.3,18536.4
1723327200000,61079.3,61083.9,60955.5,60962.5,18692.8
1723328100000,60962.4,61033.2,60913.3,60934.2,34568.7
1723329000000,60934.1,60991.5,60914.5,60946.0,10987.8
1723329900000,60946.1,60996.0,60884.5,60935.0,11933.2
1723330800000,60934.9,60942.0,60835.0,60870.2,27621.6
1723331700000,60870.2,60872.3,60750.2,60817.8,38373.1
1723332600000,60817.8,60864.3,60801.9,60852.8,9622.0
1723333500000,60852.8,60937.8,60838.9,60919.5,17367.3
1723334400000,60919.5,61198.4,60889.4,61198.4,88703.2
1723335300000,61198.5,61249.9,61001.2,61034.0,57542.2
1723336200000,61034.1,61168.0,61001.3,61077.2,34812.1
1723337100000,61077.2,61139.9,61050.0,61089.7,22494.1
1723338000000,61089.7,61123.3,61025.8,61115.1,22927.5
1723338900000,61115.2,61123.6,60945.0,61008.8,41482.2
1723339800000,61006.1,61125.0,60980.0,61123.8,20411.7
1723340700000,61123.8,61166.0,61076.9,61108.8,25161.3
1723341600000,61108.8,61125.0,61043.1,61050.6,19214.8
1723342500000,61050.7,61073.9,61010.0,61039.9,14882.5
1723343400000,61039.9,61067.7,60969.2,60999.3,23226.3
1723344300000,60999.3,61059.3,60993.0,61028.2,12542.1
1723345200000,61028.1,61186.0,61021.3,61145.0,35566.2
1723346100000,61144.9,61413.4,61144.9,61318.0,151482.9
1723347000000,61318.0,61370.0,61189.4,61239.3,66748.4
1723347900000,61239.3,61239.3,61079.0,61085.4,81442.6
1723348800000,61085.4,61141.0,60923.5,60942.0,73041.1
1723349700000,60942.0,61061.8,60906.5,61059.9,74264.2
1723350600000,61059.9,61098.2,60912.0,60921.0,35747.6
1723351500000,60921.0,60971.3,60873.2,60900.2,32913.1
1723352400000,60900.1,61017.0,60885.3,60967.9,22175.1
1723353300000,60967.9,61038.0,60930.2,61032.0,19133.9
1723354200000,61032.0,61044.4,60962.6,61036.5,14510.2
1723355100000,61036.5,61151.8,61036.5,61109.9,45839.2
1723356000000,61109.9,61151.8,61010.0,61119.7,40908.5
1723356900000,61119.8,61121.9,61043.1,61057.7,12331.8
1723357800000,61057.8,61171.8,61012.1,61156.9,25384.7
1723358700000,61156.9,61158.0,61093.7,61115.5,15848.7
1723359600000,61115.6,61220.0,61115.6,61197.1,31533.0
1723360500000,61197.1,61217.7,61085.1,61101.8,20591.2
1723361400000,61101.9,61239.9,61093.9,61211.9,41778.0
1723362300000,61212.0,61276.5,61173.3,61259.1,51797.4
1723363200000,61260.0,61339.4,61173.0,61230.0,62944.6
1723364100000,61229.9,61308.0,61192.0,61192.0,29403.8
1723365000000,61192.1,61264.5,61162.0,61254.9,29913.5
1723365900000,61255.0,61445.9,61252.7,61256.9,169982.1
1723366800000,61256.9,61354.5,61213.3,61293.9,44085.0
1723367700000,61293.9,61951.3,61274.8,61426.2,369056.4
1723368600000,61426.2,61523.2,61060.7,61145.1,192392.4
1723369500000,61145.0,61173.1,61011.0,61115.9,88907.8
1723370400000,61116.0,61275.0,60934.5,61211.2,117640.7
1723371300000,61211.2,61260.0,61048.1,61120.5,44894.0
1723372200000,61120.1,61175.0,61050.0,61064.6,30391.1
1723373100000,61064.5,61150.0,61014.0,61036.1,35640.3
1723374000000,61036.0,61070.0,60512.8,60731.8,301420.6
1723374900000,60731.9,60780.5,60447.2,60674.0,148238.8
1723375800000,60674.0,60795.3,60410.9,60521.7,109451.0
1723376700000,60521.7,60688.0,60425.0,60676.2,75385.6
1723377600000,60676.2,60710.2,60272.2,60300.2,157202.1
1723378500000,60298.0,60550.0,60222.0,60538.0,112032.7
1723379400000,60537.9,60550.0,60400.0,60480.0,47749.6
1723380300000,60480.1,60534.0,60307.7,60508.0,71259.8
1723381200000,60508.0,60508.0,60161.5,60290.1,151481.5
1723382100000,60290.0,60399.8,60215.0,60321.5,78651.3
1723383000000,60321.4,60494.1,60263.1,60430.1,97788.1
1723383900000,60430.0,60637.6,60417.3,60464.0,116383.7
1723384800000,60464.1,60515.2,60262.2,60466.8,93652.0
1723385700000,60466.9,60607.9,60431.0,60528.9,63549.3
1723386600000,60529.0,60767.5,60379.1,60498.0,114790.7
1723387500000,60498.0,60523.6,60188.0,60338.8,107685.2
1723388400000,60338.8,60366.0,59900.1,60191.2,271989.2
1723389300000,60191.2,60434.4,60158.9,60390.4,113222.5
1723390200000,60390.5,60413.0,60168.1,60274.4,65428.7
1723391100000,60274.4,60277.9,60019.3,60134.5,69598.1
1723392000000,60135.1,60271.3,59974.7,60025.2,128541.6
1723392900000,60025.1,60210.6,60017.5,60210.0,81424.9
1723393800000,60210.0,60300.0,60177.9,60186.0,60919.5
1723394700000,60186.0,60294.0,60146.7,60187.6,33705.8
1723395600000,60187.6,60288.0,60119.9,60157.4,30263.7
1723396500000,60157.3,60200.0,60000.0,60047.8,56150.7
1723397400000,60047.8,60209.3,60022.4,60190.0,37355.1
1723398300000,60189.9,60369.8,60123.0,60276.4,61811.8
1723399200000,60275.0,60306.4,60184.2,60301.0,27140.6
1723400100000,60300.9,60358.0,60121.8,60178.9,33439.7
1723401000000,60178.9,60230.0,60141.2,60173.3,15386.4
1723401900000,60176.0,60269.4,60136.9,60269.4,21147.0
1723402800000,60269.6,60285.0,60051.0,60080.0,36036.4
1723403700000,60080.1,60080.1,59645.0,59665.8,222766.7
1723404600000,59667.0,59850.0,59533.6,59831.5,155812.4
1723405500000,59831.8,59865.2,59623.6,59635.2,46463.5
1723406400000,59635.3,59683.7,58760.0,59024.2,624614.6
1723407300000,59024.1,59183.7,58550.6,58626.2,302799.8
1723408200000,58626.2,58872.2,58272.4,58719.0,290273.8
1723409100000,58718.9,58786.4,58470.3,58503.9,98656.5
1723410000000,58503.9,58648.6,58310.0,58578.0,215094.9
1723410900000,58578.0,58789.9,58528.8,58599.9,130424.9
1723411800000,58599.9,58983.2,58505.4,58968.7,104818.1
1723412700000,58968.6,59087.8,58759.4,59005.7,76240.5
1723413600000,59005.6,59363.7,58605.0,58618.0,272935.2
1723414500000,58620.0,58833.3,58525.7,58686.5,128123.2
1723415400000,58686.5,58969.0,58530.1,58866.8,134273.8
1723416300000,58871.4,59168.0,58854.9,59000.0,84172.8
1723417200000,59000.0,59000.0,58722.0,58757.7,87705.5
1723418100000,58757.7,58999.7,58726.5,58954.0,55905.3
1723419000000,58954.0,59036.5,58818.8,58828.2,40997.8
1723419900000,58828.3,58883.8,58701.0,58727.7,59414.9
1723420800000,58727.8,58898.0,58640.1,58882.7,95808.5
1723421700000,58882.7,59088.0,58645.2,58654.1,115655.6
1723422600000,58654.1,58662.0,58091.4,58352.0,359762.4
1723423500000,58352.0,58731.9,58341.9,58458.2,134312.8
1723424400000,58458.1,58673.0,58277.0,58610.1,120437.6
1723425300000,58610.0,58800.0,58502.6,58502.7,97164.1
1723426200000,58502.6,58664.9,58286.8,58600.0,101923.6
1723427100000,58600.0,58708.0,58492.1,58589.0,41437.1
1723428000000,58589.1,58647.6,58360.0,58618.1,74485.3
1723428900000,58618.1,58657.4,58410.3,58471.5,38455.2
1723429800000,58471.5,58500.0,58320.7,58411.8,68364.7
1723430700000,58411.7,58760.0,58350.0,58719.5,101483.6
1723431600000,58719.5,58825.0,58500.0,58513.3,74424.0
1723432500000,58513.3,58665.7,58444.0,58627.7,38266.3
1723433400000,58627.7,58718.3,58500.0,58530.0,52567.9
1723434300000,58530.0,58611.9,58499.1,58520.1,21314.5
1723435200000,58520.1,58637.6,58418.7,58444.1,53585.1
1723436100000,58438.4,58543.3,58367.9,58521.9,55406.6
1723437000000,58522.0,58648.0,58466.0,58626.4,38529.2
1723437900000,58626.5,58680.0,58515.0,58519.3,42469.7
1723438800000,58519.3,58619.4,58519.3,58592.7,43146.0
1723439700000,58592.8,58650.0,58490.1,58620.0,44291.9
1723440600000,58620.0,58698.7,58460.4,58468.9,79494.3
1723441500000,58468.9,58634.7,58404.9,58576.0,72664.2
1723442400000,58576.1,58640.3,58430.0,58481.2,38237.9
1723443300000,58481.2,58508.0,58352.4,58508.0,58888.5
1723444200000,58507.9,58573.2,58260.0,58340.0,105222.3
1723445100000,58340.1,58480.0,58135.7,58413.9,155893.0
