ts,open,high,low,close,volume
1653462000000,29817.0,29847.7,29737.3,29843.5,68598.0
1653462900000,29845.0,29855.0,29780.0,29781.1,46884.0
1653463800000,29781.0,29781.0,29720.0,29750.1,70398.0
1653464700000,29751.4,29790.0,29692.6,29709.0,54207.0
1653465600000,29709.6,29808.0,29555.0,29804.7,201103.0
1653466500000,29804.8,29819.9,29758.0,29796.9,58876.0
1653467400000,29796.9,29810.2,29721.6,29800.0,71093.0
1653468300000,29798.6,29948.7,29779.6,29820.4,165426.0
1653469200000,29819.5,29882.9,29730.0,29741.3,77907.0
1653470100000,29738.8,29793.5,29682.2,29732.1,121791.0
1653471000000,29732.1,29790.0,29702.4,29756.4,54626.0
1653471900000,29757.0,29851.9,29757.0,29816.9,63511.0
1653472800000,29819.4,29860.0,29753.2,29774.0,64040.0
1653473700000,29776.4,29805.8,29720.0,29798.3,74362.0
1653474600000,29802.8,29802.8,29724.9,29772.6,42714.0
1653475500000,29772.6,29777.8,29690.0,29724.0,48178.0
1653476400000,29729.1,29770.0,29600.0,29606.0,77544.0
1653477300000,29606.0,29690.5,29525.0,29539.1,190245.0
1653478200000,29539.1,29554.7,29211.3,29448.3,521581.0
1653479100000,29448.3,29461.0,29348.2,29411.7,177218.0
1653480000000,29411.6,29500.0,29366.3,29490.1,121689.0
1653480900000,29490.1,29522.8,29372.1,29375.9,93745.0
1653481800000,29375.8,29540.1,29335.0,29503.7,111880.0
1653482700000,29503.1,29665.2,29482.5,29570.8,160027.0
1653483600000,29567.9,29606.6,29533.0,29547.5,67124.0
1653484500000,29548.3,29590.0,29485.5,29507.5,46467.0
1653485400000,29507.5,29866.7,29487.1,29748.0,438789.0
1653486300000,29748.0,29824.9,29556.7,29706.8,215487.0
1653487200000,29710.0,29880.0,29655.4,29856.6,191606.0
1653488100000,29860.9,29908.2,29792.9,29857.4,252296.0
1653489000000,29857.5,29890.9,29740.2,29772.1,117254.0
1653489900000,29772.2,29799.1,29668.6,29777.0,108536.0
1653490800000,29774.2,29832.0,29680.0,29795.3,115608.0
1653491700000,29795.4,29818.8,29710.0,29710.1,72139.0
1653492600000,29710.0,29734.5,29580.0,29639.4,127990.0
1653493500000,29639.3,29660.8,29594.4,29622.2,71322.0
1653494400000,29622.2,29688.0,29506.0,29675.1,109698.0
1653495300000,29675.0,29708.5,29470.4,29528.7,144597.0
1653496200000,29528.2,29540.0,29417.3,29522.1,102092.0
1653497100000,29523.9,29584.7,29500.7,29568.0,50435.0
1653498000000,29564.4,29610.6,29539.5,29578.6,55913.0
1653498900000,29578.5,29666.0,29564.7,29652.6,62250.0
1653499800000,29652.6,29764.6,29632.1,29747.4,84891.0
1653500700000,29747.4,29793.2,29688.6,29712.3,79713.0
1653501600000,29712.0,30001.7,29526.2,29839.0,599525.0
1653502500000,29839.1,29945.9,29781.7,29936.1,204299.0
1653503400000,29934.7,30063.0,29783.5,29796.3,427120.0
1653504300000,29797.7,29932.5,29762.9,29884.2,97795.0
1653505200000,29884.4,29979.4,29856.1,29863.2,92962.0
1653506100000,29863.4,29867.0,29694.7,29701.5,122832.0
1653507000000,29704.3,29766.8,29682.5,29740.1,47464.0
1653507900000,29740.0,29759.8,29554.7,29593.1,122432.0
1653508800000,29593.5,29650.3,29550.6,29636.6,61722.0
1653509700000,29637.3,29691.5,29591.3,29634.5,74371.0
1653510600000,29634.4,29736.9,29622.4,29708.0,36170.0
1653511500000,29708.0,29808.3,29703.1,29788.1,55057.0
1653512400000,29788.2,29817.9,29736.1,29765.9,35932.0
1653513300000,29765.1,29839.9,29744.1,29839.9,21709.0
1653514200000,29840.0,29850.0,29770.1,29792.3,20660.0
1653515100000,29792.2,29847.1,29776.4,29825.0,26592.0
1653516000000,29825.1,29883.8,29780.4,29807.0,43283.0
1653516900000,29807.1,29832.6,29756.3,29789.1,21234.0
1653517800000,29789.1,29844.6,29766.8,29810.8,17717.0
1653518700000,29809.2,29809.2,29745.0,29785.2,23476.0
1653519600000,29785.2,29791.0,29690.1,29738.4,48302.0
1653520500000,29738.5,29758.0,29643.1,29723.5,53484.0
1653521400000,29723.4,29723.5,29575.0,29575.2,79122.0
1653522300000,29577.2,29614.0,29539.8,29545.0,75658.0
1653523200000,29543.6,29715.5,29496.8,29685.2,133453.0
1653524100000,29686.0,29822.7,29655.7,29819.8,96205.0
1653525000000,29817.0,29877.0,29781.1,29809.7,109441.0
1653525900000,29814.4,29834.9,29750.0,29788.6,62784.0
1653526800000,29788.5,29813.7,29736.8,29746.0,39061.0
1653527700000,29746.0,29819.0,29721.0,29791.4,61694.0
1653528600000,29791.3,29809.7,29670.2,29711.6,67745.0
1653529500000,29711.5,29711.5,29656.3,29671.5,62551.0
1653530400000,29671.5,29761.6,29671.4,29708.6,47427.0
1653531300000,29708.7,29764.1,29700.6,29732.6,32356.0
1653532200000,29732.7,29820.0,29726.8,29775.8,42313.0
1653533100000,29775.7,29888.8,29770.6,29807.5,106823.0
1653534000000,29807.5,29820.6,29702.0,29708.3,67079.0
1653534900000,29708.3,29752.7,29673.1,29740.7,78589.0
1653535800000,29740.6,29860.0,29723.8,29821.0,116943.0
1653536700000,29821.1,29843.9,29778.6,29831.5,66768.0
1653537600000,29831.4,29875.0,29808.5,29853.6,76368.0
1653538500000,29853.6,29862.7,29788.9,29812.9,49091.0
1653539400000,29813.5,29844.0,29783.8,29823.0,39816.0
1653540300000,29823.0,29841.7,29750.0,29774.4,74632.0
1653541200000,29774.5,29853.1,29754.0,29814.5,83420.0
1653542100000,29815.0,29817.6,29692.7,29743.5,92761.0
1653543000000,29744.6,29756.0,29660.0,29715.9,125024.0
1653543900000,29715.8,29761.6,29668.6,29716.1,78934.0
1653544800000,29716.1,29750.0,29586.4,29602.5,182860.0
1653545700000,29602.8,29679.4,29500.0,29604.2,228169.0
1653546600000,29604.2,29666.5,29537.9,29635.1,119427.0
1653547500000,29635.0,29699.2,29583.1,29683.6,67818.0
1653548400000,29683.6,29691.9,29615.0,29621.1,56391.0
1653549300000,29621.0,29675.6,29570.0,29671.2,80439.0
1653550200000,29671.2,29744.0,29650.5,29694.8,72778.0
1653551100000,29694.7,29750.0,29680.0,29725.0,45527.0
1653552000000,29726.7,29740.4,29616.8,29620.2,68056.0
1653552900000,29620.3,29634.7,29188.0,29199.5,606422.0
1653553800000,29199.5,29250.0,29120.0,29163.1,409106.0
1653554700000,29164.5,29164.6,28877.8,29011.5,515972.0
1653555600000,29011.4,29017.0,28872.9,29005.0,195292.0
1653556500000,29005.0,29005.0,29005.0,29005.0,0.0
1653557400000,29003.7,29254.5,29003.7,29242.8,136192.0
1653558300000,29242.9,29272.0,29118.6,29192.2,120693.0
1653559200000,29193.9,29257.8,29169.4,29231.3,81646.0
1653560100000,29232.3,29234.8,29170.9,29200.6,62433.0
1653561000000,29201.7,29260.0,29145.7,29159.8,87747.0
1653561900000,29159.9,29222.9,29121.2,29152.6,49136.0
1653562800000,29152.6,29195.3,28916.3,29113.6,269073.0
1653563700000,29113.6,29155.8,28936.5,29154.9,240967.0
1653564600000,29155.0,29167.4,29017.6,29082.2,139330.0
1653565500000,29082.2,29128.9,28973.1,29011.6,156967.0
1653566400000,29011.5,29155.0,28928.8,29134.5,219558.0
1653567300000,29134.4,29134.4,28993.0,29005.6,109240.0
1653568200000,29002.0,29015.4,28783.8,28907.4,444396.0
1653569100000,28907.2,29008.0,28842.5,28955.1,133829.0
1653570000000,28955.0,28991.0,28692.1,28820.5,324474.0
1653570900000,28820.1,28823.9,27959.9,28247.1,1338800.0
1653571800000,28245.2,28501.0,28220.4,28500.1,541858.0
1653572700000,28500.1,28967.3,28440.0,28807.9,753796.0
1653573600000,28807.9,29317.0,28794.1,29200.4,806380.0
1653574500000,29200.5,29287.0,29060.0,29092.8,429741.0
1653575400000,29092.7,29376.0,29065.2,29250.6,279998.0
1653576300000,29250.5,29339.3,29181.0,29256.1,149988.0
1653577200000,29255.3,29500.0,29224.0,29423.5,360267.0
1653578100000,29423.6,29498.9,29321.0,29333.0,155100.0
1653579000000,29334.4,29431.6,29260.5,29401.3,171691.0
1653579900000,29401.6,29462.0,29356.1,29393.6,104520.0
1653580800000,29393.3,29599.0,29365.5,29544.3,233399.0
1653581700000,29544.3,29800.0,29501.7,29711.1,447741.0
1653582600000,29711.0,29771.9,29534.0,29565.2,249571.0
1653583500000,29565.2,29615.9,29510.0,29596.4,103990.0
1653584400000,29596.4,29666.9,29475.0,29515.5,103403.0
1653585300000,29515.6,29566.4,29462.9,29546.0,112122.0
1653586200000,29543.0,29660.0,29505.4,29640.0,68811.0
1653587100000,29640.0,29693.9,29568.0,29648.6,70708.0
1653588000000,29648.6,29650.9,29520.2,29586.2,61184.0
1653588900000,29586.1,29643.1,29525.2,29532.5,49797.0
1653589800000,29533.8,29606.7,29482.1,29598.0,81343.0
1653590700000,29597.9,29645.0,29584.3,29610.2,65141.0
1653591600000,29609.3,29624.3,29424.0,29480.5,97546.0
1653592500000,29480.5,29513.8,29371.6,29488.2,170992.0
1653593400000,29479.3,29511.6,29405.6,29492.4,44304.0
1653594300000,29492.5,29568.1,29380.0,29386.3,83376.0
1653595200000,29388.4,29415.8,29289.1,29320.2,113217.0
1653596100000,29320.3,29555.5,29306.6,29551.1,102044.0
1653597000000,29551.2,29610.0,29461.2,29505.9,73374.0
1653597900000,29505.9,29539.6,29432.0,29460.3,43282.0
1653598800000,29460.4,29697.5,29460.4,29600.4,126867.0
1653599700000,29602.8,29626.1,29550.0,29559.1,24677.0
1653600600000,29565.3,29620.8,29537.8,29541.6,15686.0
1653601500000,29540.7,29592.7,29518.2,29582.7,20260.0
1653602400000,29582.7,29674.6,29518.1,29671.1,42568.0
1653603300000,29672.2,29675.0,29580.0,29590.6,38697.0
1653604200000,29590.5,29620.0,29504.3,29534.9,33361.0
1653605100000,29535.0,29561.8,29486.0,29509.7,31425.0
1653606000000,29509.7,29562.0,29362.9,29404.6,113362.0
1653606900000,29409.8,29474.8,29354.4,29389.5,68808.0
1653607800000,29389.4,29471.3,29382.5,29438.1,41901.0
1653608700000,29438.7,29438.7,29180.0,29197.8,201918.0
1653609600000,29197.8,29323.3,29138.0,29254.4,173121.0
1653610500000,29254.5,29397.0,29224.9,29347.4,75587.0
1653611400000,29347.4,29390.0,29113.4,29124.5,110280.0
1653612300000,29124.5,29179.2,29038.0,29075.9,192265.0
1653613200000,29076.9,29135.5,28910.4,28955.5,258552.0
1653614100000,28955.0,29061.8,28901.6,28928.8,126138.0
1653615000000,28928.8,29119.1,28917.9,29051.5,112980.0
1653615900000,29051.2,29108.6,28872.0,28963.4,135957.0
1653616800000,28962.7,28964.6,28830.0,28858.3,203372.0
1653617700000,28858.4,29088.0,28836.1,29049.9,163702.0
1653618600000,29047.6,29061.4,28940.0,28991.7,99688.0
1653619500000,28991.7,29009.1,28870.0,28985.9,106579.0
1653620400000,28986.5,29066.5,28968.3,29023.9,104372.0
1653621300000,29023.5,29107.0,29000.3,29078.0,86494.0
1653622200000,29079.5,29149.3,29020.0,29026.0,111574.0
1653623100000,29030.4,29081.1,29016.4,29016.5,59998.0
1653624000000,29016.5,29051.3,28939.2,29040.4,100261.0
1653624900000,29040.3,29117.9,28990.9,28992.0,67140.0
1653625800000,28993.9,29017.6,28863.6,28904.5,131074.0
1653626700000,28908.0,28980.8,28873.0,28924.8,87939.0
1653627600000,28924.9,29044.8,28870.8,29017.4,119403.0
1653628500000,29014.2,29041.4,28940.6,29006.1,68244.0
1653629400000,29009.9,29016.1,28624.2,28756.8,374872.0
1653630300000,28756.9,28850.0,28706.5,28801.2,299556.0
1653631200000,28801.2,28884.0,28608.3,28758.6,296627.0
1653632100000,28766.2,28795.7,28629.3,28720.1,216544.0
1653633000000,28720.2,28921.6,28666.0,28864.7,246962.0
1653633900000,28860.3,29067.4,28844.7,28975.1,195947.0
1653634800000,28975.1,29032.0,28897.4,28928.4,128214.0
1653635700000,28928.4,29224.9,28897.2,29162.7,267720.0
1653636600000,29163.4,29178.3,29047.7,29081.1,124639.0
1653637500000,29078.6,29078.6,28961.2,28980.3,89136.0
1653638400000,28981.6,29142.4,28778.7,29090.2,275635.0
1653639300000,29093.4,29145.0,29000.0,29050.2,130026.0
1653640200000,29053.0,29100.6,28988.0,29071.6,88477.0
1653641100000,29071.6,29092.4,28922.4,28944.0,105439.0
1653642000000,28944.0,28968.3,28881.7,28926.3,77542.0
1653642900000,28925.8,29047.0,28904.4,29010.1,82981.0
1653643800000,29010.1,29088.0,28979.2,29021.9,92718.0
1653644700000,29017.7,29086.7,28970.7,29035.1,68028.0
1653645600000,29041.4,29050.9,28948.9,29008.9,71674.0
1653646500000,29009.4,29062.5,28925.0,28950.0,78016.0
1653647400000,28950.1,28953.2,28846.3,28886.5,146696.0
1653648300000,28885.3,28916.4,28777.2,28840.0,131424.0
1653649200000,28839.9,28980.2,28807.4,28970.3,140577.0
1653650100000,28970.6,29039.6,28880.0,29035.2,80385.0
1653651000000,29035.3,29058.0,28969.5,28980.0,80148.0
1653651900000,28979.9,29000.0,28888.0,28911.7,72780.0
1653652800000,28911.7,28944.2,28861.5,28919.3,75653.0
1653653700000,28919.4,29050.0,28874.9,29004.7,115321.0
1653654600000,29004.6,29300.0,28955.0,29250.9,352705.0
1653655500000,29251.0,29328.8,29180.2,29260.3,204709.0
1653656400000,29256.3,29272.0,29186.0,29255.5,81662.0
1653657300000,29252.8,29294.9,29132.7,29161.5,113003.0
1653658200000,29161.5,29304.0,29131.0,29180.9,187714.0
1653659100000,29179.6,29385.8,29160.1,29320.2,182160.0
1653660000000,29320.3,29341.6,29200.0,29207.3,125886.0
1653660900000,29207.3,29260.0,29139.0,29177.0,145777.0
1653661800000,29177.1,29183.9,28913.7,28927.8,239918.0
1653662700000,28929.0,28972.8,28733.0,28793.9,420577.0
1653663600000,28794.0,28842.9,28645.9,28736.9,325450.0
1653664500000,28734.9,28966.6,28717.1,28820.6,276105.0
1653665400000,28821.6,28939.6,28813.6,28886.9,128517.0
1653666300000,28887.0,28946.0,28801.8,28855.0,104583.0
1653667200000,28855.0,28947.2,28744.8,28879.6,186502.0
1653668100000,28879.5,28879.5,28711.5,28725.2,121507.0
1653669000000,28725.2,28805.9,28682.8,28780.9,160771.0
1653669900000,28780.9,28845.8,28650.0,28734.1,142621.0
1653670800000,28734.1,28866.2,28692.0,28792.9,106014.0
1653671700000,28790.1,28800.0,28350.0,28566.7,556580.0
1653672600000,28567.6,28624.4,28374.0,28429.6,179194.0
1653673500000,28430.1,28503.9,28323.0,28386.7,183970.0
1653674400000,28387.7,28488.0,28293.3,28383.6,120878.0
1653675300000,28383.6,28442.4,28268.1,28321.6,126631.0
1653676200000,28321.5,28449.6,28280.0,28320.0,109232.0
1653677100000,28320.0,28475.0,28289.2,28459.4,100338.0
1653678000000,28461.4,28546.3,28410.3,28458.9,83720.0
1653678900000,28458.7,28531.0,28415.4,28507.7,43164.0
1653679800000,28505.8,28597.7,28496.6,28595.7,80613.0
1653680700000,28595.2,29067.4,28531.0,28878.4,622923.0
1653681600000,28883.2,29021.2,28742.4,28858.7,241880.0
1653682500000,28860.0,28961.4,28845.2,28921.8,77632.0
1653683400000,28921.6,28928.7,28829.9,28857.5,58031.0
1653684300000,28857.5,28866.0,28744.6,28751.0,64531.0
1653685200000,28751.1,28844.4,28751.1,28782.6,51993.0
1653686100000,28782.6,28826.0,28768.8,28786.5,19936.0
1653687000000,28786.4,28821.4,28754.5,28813.4,12322.0
1653687900000,28813.4,28819.2,28673.8,28712.4,38609.0
1653688800000,28711.7,28868.0,28635.0,28855.0,58685.0
1653689700000,28855.0,28912.9,28810.8,28897.4,43109.0
1653690600000,28896.5,28914.7,28835.5,28863.2,32832.0
1653691500000,28863.2,28875.7,28791.2,28820.5,21133.0
1653692400000,28820.5,28856.1,28726.6,28737.3,62922.0
1653693300000,28737.3,28750.0,28633.9,28716.8,84880.0
1653694200000,28716.8,28749.5,28516.2,28600.1,146995.0
1653695100000,28600.1,28637.9,28576.1,28633.5,46814.0
1653696000000,28633.0,28733.8,28547.5,28733.1,94961.0
1653696900000,28734.6,28803.6,28680.0,28700.0,69938.0
1653697800000,28700.0,28780.0,28699.4,28771.9,61789.0
1653698700000,28773.6,28824.0,28743.9,28801.7,56893.0
1653699600000,28801.7,28845.4,28740.2,28756.3,63446.0
1653700500000,28756.3,28798.0,28531.7,28574.3,153354.0
1653701400000,28580.5,28672.5,28530.4,28548.2,199503.0
1653702300000,28548.2,28650.0,28541.6,28617.9,57663.0
1653703200000,28617.9,28698.1,28595.6,28667.5,46231.0
1653704100000,28667.5,28748.0,28662.6,28704.4,76563.0
1653705000000,28704.5,28733.1,28601.0,28641.4,74610.0
1653705900000,28641.4,28710.0,28633.1,28682.5,42017.0
1653706800000,28682.6,28735.6,28624.8,28722.0,52590.0
1653707700000,28722.0,28750.0,28683.3,28690.0,67791.0
1653708600000,28690.0,28792.0,28690.0,28784.9,61772.0
1653709500000,28787.3,28848.0,28777.0,28817.6,121382.0
1653710400000,28817.7,28827.7,28766.3,28776.2,48348.0
1653711300000,28776.3,28873.5,28741.4,28850.0,71623.0
1653712200000,28850.0,28877.5,28800.5,28819.3,38585.0
1653713100000,28819.2,28888.8,28783.0,28824.5,47725.0
1653714000000,28825.5,28848.8,28767.0,28835.4,56333.0
1653714900000,28835.4,28865.0,28800.0,28846.2,38097.0
1653715800000,28846.1,28943.3,28810.0,28912.3,137974.0
1653716700000,28912.3,28950.1,28854.7,28871.3,56850.0
1653717600000,28871.3,28893.9,28821.5,28870.1,66879.0
1653718500000,28870.0,28873.8,28824.0,28861.0,56184.0
1653719400000,28861.0,28922.0,28845.4,28886.0,49652.0
1653720300000,28886.1,28899.0,28850.6,28861.0,28807.0
1653721200000,28860.9,28887.0,28831.0,28853.3,47711.0
1653722100000,28850.7,28869.0,28813.7,28835.2,35970.0
1653723000000,28835.3,28858.5,28809.4,28819.7,34222.0
1653723900000,28818.8,28922.3,28815.6,28877.6,50070.0
1653724800000,28877.7,28936.3,28870.9,28876.5,53640.0
1653725700000,28876.4,28898.0,28825.7,28839.5,55311.0
1653726600000,28839.4,28897.8,28776.0,28895.1,83899.0
1653727500000,28894.5,28914.9,28827.3,28834.9,39873.0
1653728400000,28835.0,28877.4,28814.7,28865.2,29021.0
1653729300000,28864.4,28890.0,28844.3,28846.5,30930.0
1653730200000,28846.6,28852.5,28782.0,28786.4,50685.0
1653731100000,28786.5,28831.6,28761.8,28807.2,30994.0
1653732000000,28808.6,28825.4,28774.4,28784.9,34711.0
1653732900000,28785.0,28864.9,28769.9,28847.0,56999.0
1653733800000,28846.9,28854.1,28790.0,28793.4,21807.0
1653734700000,28793.5,28842.3,28790.0,28812.1,30570.0
1653735600000,28812.0,28896.8,28781.9,28895.0,80985.0
1653736500000,28894.8,28934.4,28858.0,28911.7,98753.0
1653737400000,28911.8,28913.0,28845.8,28868.2,49442.0
1653738300000,28868.2,28883.0,28823.8,28830.0,33487.0
1653739200000,28830.0,28868.2,28792.0,28794.1,38135.0
1653740100000,28794.2,28932.9,28794.2,28907.2,95477.0
1653741000000,28907.2,28939.8,28891.2,28923.6,46067.0
1653741900000,28923.5,29040.0,28915.2,28983.3,136540.0
1653742800000,28983.3,29066.0,28941.4,29032.8,90569.0
1653743700000,29034.8,29277.3,29033.1,29102.1,292506.0
1653744600000,29102.1,29125.0,29000.0,29048.0,100594.0
1653745500000,29047.0,29087.0,29047.0,29075.6,29941.0
1653746400000,29075.6,29105.3,28985.3,29000.1,70732.0
1653747300000,29000.0,29029.3,28968.3,29006.0,62427.0
1653748200000,29005.9,29039.0,28982.4,29006.0,38465.0
1653749100000,29006.0,29007.5,28933.0,28960.0,66893.0
1653750000000,28960.0,28980.0,28877.2,28954.4,83901.0
1653750900000,28954.4,29006.8,28945.0,28995.1,49669.0
1653751800000,28995.2,29085.0,28991.6,29014.0,92249.0
1653752700000,29013.9,29048.2,28977.9,28989.0,40773.0
1653753600000,28988.9,29011.5,28954.4,28976.8,57373.0
1653754500000,28976.8,29048.2,28940.0,29030.4,44680.0
1653755400000,29033.6,29045.3,28971.9,28980.5,34786.0
1653756300000,28984.2,29012.0,28894.4,28909.2,44587.0
1653757200000,28909.3,28921.1,28828.4,28849.9,77179.0
1653758100000,28849.9,29035.4,28773.8,28895.3,248710.0
1653759000000,28893.1,28916.6,28855.0,28890.0,49492.0
1653759900000,28890.0,28906.8,28860.9,28890.0,18203.0
1653760800000,28890.0,28926.2,28890.0,28924.9,26686.0
1653761700000,28924.9,28961.9,28909.0,28944.1,28652.0
1653762600000,28944.1,28988.6,28939.2,28952.5,28425.0
1653763500000,28952.7,29024.7,28952.5,29003.0,24613.0
1653764400000,29003.1,29017.5,28960.8,28963.8,31655.0
1653765300000,28964.3,28969.9,28941.0,28949.0,24690.0
1653766200000,28949.0,28991.7,28943.1,28980.2,20698.0
1653767100000,28980.3,29065.2,28980.3,29018.8,38111.0
1653768000000,29018.7,29027.7,28993.7,29000.0,15533.0
1653768900000,29000.0,29031.0,28990.1,29010.0,12636.0
1653769800000,29011.5,29018.6,28982.2,28996.3,11442.0
1653770700000,28996.7,29025.6,28988.8,29025.0,10641.0
1653771600000,29025.0,29058.5,29004.8,29011.5,34144.0
1653772500000,29011.6,29025.8,28980.3,29008.3,17065.0
1653773400000,29008.4,29027.9,29002.3,29019.2,4967.0
1653774300000,29019.2,29034.0,29002.2,29009.4,9117.0
1653775200000,29009.4,29026.7,28950.2,29001.0,37815.0
1653776100000,29000.6,29003.5,28960.5,28987.2,20415.0
1653777000000,28987.2,29027.2,28967.8,29027.2,25635.0
1653777900000,29027.1,29037.0,28982.3,28989.8,22275.0
1653778800000,28989.7,29127.6,28985.8,29107.0,75065.0
1653779700000,29107.0,29118.3,29063.0,29097.6,35576.0
1653780600000,29098.2,29122.8,29072.0,29101.5,32030.0
1653781500000,29101.5,29159.7,29024.8,29031.5,48676.0
1653782400000,29031.6,29050.0,28994.1,29019.0,39111.0
1653783300000,29019.0,29034.8,28988.5,29014.2,28032.0
1653784200000,29014.2,29022.9,28970.0,28997.0,43640.0
1653785100000,28997.0,29039.7,28979.0,29002.5,25350.0
1653786000000,29002.5,29004.3,28961.6,28970.0,40355.0
1653786900000,28970.6,29028.0,28970.6,28988.9,33251.0
1653787800000,28988.9,28991.2,28906.9,28931.3,86993.0
1653788700000,28931.3,28947.7,28900.0,28928.0,56968.0
1653789600000,28928.0,28930.9,28831.1,28877.0,94919.0
1653790500000,28877.0,28925.9,28843.5,28886.2,77450.0
1653791400000,28886.2,28914.0,28870.3,28897.7,31280.0
1653792300000,28897.7,28917.5,28876.6,28908.6,19819.0
1653793200000,28908.7,28963.6,28878.1,28952.0,42222.0
1653794100000,28954.2,28954.3,28916.9,28941.1,35700.0
1653795000000,28941.2,28968.3,28932.4,28959.5,49098.0
1653795900000,28959.5,29007.8,28940.4,28986.3,38650.0
1653796800000,28986.3,28988.1,28958.5,28973.9,21305.0
1653797700000,28973.9,28973.9,28910.2,28948.1,30653.0
1653798600000,28948.1,28978.8,28931.8,28976.6,27352.0
1653799500000,28976.6,28989.5,28937.4,28942.7,16731.0
1653800400000,28942.7,28965.4,28930.1,28951.1,18980.0
1653801300000,28951.0,29014.4,28951.0,29007.7,44050.0
1653802200000,29007.7,29028.0,28986.4,29012.8,32275.0
1653803100000,29012.8,29050.0,28989.4,29044.3,52157.0
1653804000000,29044.4,29074.7,29001.2,29010.5,45454.0
1653804900000,29010.5,29022.7,28980.5,29011.0,25129.0
1653805800000,29011.9,29047.1,28998.6,29030.5,32265.0
1653806700000,29030.4,29042.4,29012.7,29036.8,23998.0
1653807600000,29036.1,29045.0,28997.2,29017.3,28172.0
1653808500000,29017.3,29036.4,28992.1,29026.6,23733.0
1653809400000,29026.7,29045.9,28990.0,29002.5,51541.0
1653810300000,29002.5,29017.9,28988.5,29007.5,15603.0
1653811200000,29008.1,29022.1,28987.0,29017.9,27142.0
1653812100000,29017.8,29189.0,29016.1,29148.4,179164.0
1653813000000,29148.6,29191.5,29078.0,29099.6,104151.0
1653813900000,29099.7,29100.0,29041.1,29059.3,69746.0
1653814800000,29059.2,29080.8,28987.0,29032.8,97963.0
1653815700000,29032.8,29046.0,28943.8,28984.0,87733.0
1653816600000,28984.0,29016.9,28950.0,28990.6,37510.0
1653817500000,28990.6,29019.0,28965.3,28990.2,39649.0
1653818400000,28990.3,29144.4,28990.3,29107.2,153042.0
1653819300000,29107.1,29227.8,29100.0,29106.4,154841.0
1653820200000,29107.8,29155.2,29107.8,29133.5,45382.0
1653821100000,29133.5,29165.6,29092.4,29151.0,46793.0
1653822000000,29151.8,29213.1,29105.2,29117.5,79254.0
1653822900000,29117.9,29236.5,29117.9,29170.5,73475.0
1653823800000,29170.0,29199.9,29163.1,29169.0,33934.0
1653824700000,29169.1,29233.0,29163.6,29208.3,68537.0
1653825600000,29208.6,29511.0,29189.9,29427.0,424717.0
1653826500000,29426.9,29448.2,29329.2,29363.5,98599.0
1653827400000,29363.4,29385.2,29330.0,29341.7,49837.0
1653828300000,29341.6,29458.5,29329.2,29375.2,84589.0
1653829200000,29375.2,29480.4,29314.4,29322.2,106440.0
1653830100000,29319.8,29382.0,29300.6,29369.4,58876.0
1653831000000,29369.5,29385.5,29350.0,29378.0,36414.0
1653831900000,29377.9,29386.9,29306.3,29329.9,53855.0
1653832800000,29330.0,29346.2,29302.8,29330.0,65669.0
1653833700000,29329.9,29382.8,29319.7,29344.9,42359.0
1653834600000,29344.9,29370.0,29314.4,29326.0,29537.0
1653835500000,29326.0,29342.3,29284.9,29295.1,30107.0
1653836400000,29296.1,29298.7,29160.3,29243.0,172725.0
1653837300000,29242.9,29242.9,29180.0,29213.3,45467.0
1653838200000,29213.3,29228.3,29160.0,29211.9,96499.0
1653839100000,29212.0,29238.0,29187.3,29214.0,28483.0
1653840000000,29214.0,29272.8,29214.0,29246.5,55631.0
1653840900000,29247.8,29346.2,29234.7,29310.0,98419.0
1653841800000,29310.1,29354.8,29292.5,29310.8,66960.0
1653842700000,29310.9,29320.0,29266.0,29288.5,30562.0
1653843600000,29288.6,29301.9,29269.1,29291.3,17008.0
1653844500000,29291.4,29331.9,29243.3,29327.1,35601.0
1653845400000,29327.0,29363.8,29312.0,29322.4,33221.0
1653846300000,29321.8,29321.8,29179.0,29231.0,71661.0
1653847200000,29230.9,29255.8,29212.2,29220.9,18274.0
1653848100000,29222.0,29252.0,29211.6,29235.5,18166.0
1653849000000,29235.5,29245.2,29191.2,29200.1,19424.0
1653849900000,29200.7,29226.0,29162.4,29175.5,30296.0
1653850800000,29175.5,29202.9,29072.9,29129.7,86999.0
1653851700000,29129.7,29142.9,29080.0,29106.8,36326.0
1653852600000,29106.8,29140.6,29106.8,29115.4,17060.0
1653853500000,29115.9,29135.5,29102.5,29133.8,20210.0
1653854400000,29133.8,29184.3,29115.8,29152.4,39509.0
1653855300000,29152.5,29177.5,29132.8,29161.1,14870.0
1653856200000,29161.1,29188.8,29093.6,29176.5,47865.0
1653857100000,29180.5,29197.6,29154.9,29194.2,14135.0
1653858000000,29194.3,29211.8,29175.3,29204.8,23331.0
1653858900000,29204.7,29209.0,29179.0,29202.3,13109.0
1653859800000,29202.4,29254.7,29202.3,29212.1,15291.0
1653860700000,29211.6,29251.2,29172.8,29237.5,19362.0
1653861600000,29237.5,29330.3,29170.0,29256.4,71876.0
1653862500000,29264.3,29438.1,29247.5,29430.5,147305.0
1653863400000,29430.5,29604.4,29408.6,29461.1,285215.0
1653864300000,29460.8,29467.9,29410.0,29428.8,71827.0
1653865200000,29428.9,29511.9,29402.2,29497.5,50213.0
1653866100000,29498.6,29500.3,29437.0,29482.9,44885.0
1653867000000,29482.9,29493.5,29430.1,29454.8,48214.0
1653867900000,29454.2,29489.3,29430.1,29467.0,29650.0
1653868800000,29467.0,29474.1,29333.0,29350.0,102023.0
1653869700000,29350.0,29407.8,29345.1,29354.7,55354.0
1653870600000,29356.0,29373.5,29314.0,29328.0,57719.0
1653871500000,29327.9,29345.3,29310.3,29324.8,30921.0
1653872400000,29324.8,29389.0,29321.0,29380.0,35131.0
1653873300000,29379.9,29465.3,29379.9,29450.0,51784.0
1653874200000,29450.2,29688.6,29450.2,29675.1,272049.0
1653875100000,29675.1,29777.0,29621.9,29770.7,226356.0
1653876000000,29770.7,30271.3,29757.6,30084.5,916154.0
1653876900000,30084.6,30240.0,30084.6,30169.9,204158.0
1653877800000,30168.8,30285.9,30085.0,30232.8,177469.0
1653878700000,30232.9,30258.9,30158.0,30209.6,109386.0
1653879600000,30209.7,30432.1,30200.0,30219.1,287012.0
1653880500000,30219.0,30281.9,30188.3,30274.5,78642.0
1653881400000,30274.4,30363.3,30253.1,30336.1,76791.0
1653882300000,30333.6,30397.2,30276.9,30350.4,111891.0
1653883200000,30352.8,30442.0,30266.0,30321.0,163491.0
1653884100000,30321.0,30365.7,30292.8,30345.7,64759.0
1653885000000,30346.6,30346.7,30231.3,30328.4,112922.0
1653885900000,30328.4,30348.0,30289.4,30330.3,60063.0
1653886800000,30330.2,30380.0,30309.3,30375.1,79289.0
1653887700000,30375.0,30385.0,30334.6,30340.9,54307.0
1653888600000,30341.0,30417.4,30316.2,30327.3,106118.0
1653889500000,30327.3,30486.0,30290.5,30459.9,178003.0
1653890400000,30460.0,30588.0,30414.0,30568.4,277294.0
1653891300000,30567.6,30986.1,30538.3,30589.4,708865.0
1653892200000,30589.4,30822.9,30580.3,30678.5,217837.0
1653893100000,30678.6,30788.5,30651.7,30695.7,138417.0
1653894000000,30695.8,30740.6,30584.9,30613.7,153053.0
1653894900000,30613.8,30645.1,30581.3,30581.6,73362.0
1653895800000,30581.6,30644.3,30542.1,30629.4,85206.0
1653896700000,30629.5,30674.0,30619.1,30629.7,59011.0
1653897600000,30631.3,30677.0,30570.2,30598.5,64499.0
1653898500000,30598.4,30734.2,30596.9,30706.2,101040.0
1653899400000,30706.2,30724.4,30660.7,30683.6,54253.0
1653900300000,30683.6,30743.1,30670.9,30727.3,65866.0
1653901200000,30727.3,30772.6,30589.0,30617.2,154546.0
1653902100000,30617.3,30703.2,30596.4,30693.0,115563.0
1653903000000,30692.9,30752.9,30645.5,30667.0,134396.0
1653903900000,30667.0,30745.0,30667.0,30715.1,89918.0
1653904800000,30713.8,30763.3,30581.2,30636.4,188070.0
1653905700000,30636.4,30661.0,30605.0,30634.3,53372.0
1653906600000,30634.4,30687.9,30560.0,30651.4,163696.0
1653907500000,30651.4,30661.3,30590.8,30599.8,36530.0
1653908400000,30600.5,30659.1,30587.4,30640.0,56992.0
1653909300000,30640.0,30713.0,30626.8,30693.4,78894.0
1653910200000,30693.3,30717.0,30656.9,30674.3,51245.0
1653911100000,30674.3,30674.3,30620.3,30673.2,40098.0
1653912000000,30673.1,30781.0,30650.5,30748.8,119667.0
1653912900000,30748.9,30950.5,30466.0,30481.3,452605.0
1653913800000,30481.4,30549.8,30366.0,30441.5,366301.0
1653914700000,30438.9,30583.7,30409.4,30533.2,143131.0
1653915600000,30533.2,30569.2,30339.2,30351.0,164940.0
1653916500000,30351.0,30408.9,30270.0,30358.9,219812.0
1653917400000,30358.9,30456.0,30329.4,30405.3,88283.0
1653918300000,30404.9,30523.2,30401.7,30518.4,132860.0
1653919200000,30519.8,30753.7,30493.7,30603.1,311154.0
1653920100000,30604.3,30717.0,30590.3,30674.0,117986.0
1653921000000,30673.9,30709.8,30438.1,30464.2,199439.0
1653921900000,30464.2,30525.7,30437.4,30475.0,98171.0
1653922800000,30475.1,30600.0,30451.3,30584.8,80634.0
1653923700000,30584.9,30599.0,30506.7,30588.6,50422.0
1653924600000,30587.8,30626.8,30520.4,30624.1,89674.0
1653925500000,30624.2,30677.9,30594.9,30637.5,74564.0
1653926400000,30637.6,30675.0,30593.8,30609.3,63204.0
1653927300000,30609.3,30699.8,30566.2,30653.7,80319.0
1653928200000,30653.7,30696.0,30577.4,30640.1,73029.0
1653929100000,30641.0,30722.3,30575.1,30627.1,137729.0
1653930000000,30627.1,30654.5,30583.5,30645.6,47465.0
1653930900000,30645.5,30771.8,30645.5,30749.4,93808.0
1653931800000,30748.9,30794.7,30685.6,30752.2,55493.0
1653932700000,30751.5,30784.8,30700.0,30711.5,45949.0
1653933600000,30711.2,30734.6,30688.7,30710.4,33303.0
1653934500000,30710.4,30714.7,30660.3,30687.0,50758.0
1653935400000,30690.9,30724.3,30651.0,30724.3,17710.0
1653936300000,30724.7,30725.6,30678.0,30678.8,17481.0
1653937200000,30678.1,30777.0,30666.0,30761.0,37016.0
1653938100000,30761.4,30761.4,30723.6,30744.8,29898.0
1653939000000,30747.2,30885.8,30690.0,30690.1,111762.0
1653939900000,30692.2,30707.7,30578.1,30639.5,121269.0
1653940800000,30639.5,30780.8,30550.0,30762.6,165730.0
1653941700000,30762.7,31495.0,30762.7,31310.8,641299.0
1653942600000,31310.8,31357.5,31089.4,31239.7,231722.0
1653943500000,31239.8,31311.0,31137.0,31280.4,77854.0
1653944400000,31277.9,31408.7,31217.3,31338.0,151160.0
1653945300000,31337.9,32385.6,31330.1,31693.7,916389.0
1653946200000,31693.7,31850.0,31588.0,31598.3,176425.0
1653947100000,31598.3,31891.7,31582.4,31806.3,219907.0
1653948000000,31806.3,31918.2,31616.6,31643.1,190213.0
1653948900000,31643.7,31708.9,31500.0,31668.9,235732.0
1653949800000,31669.6,31742.9,31592.5,31705.2,89312.0
1653950700000,31705.1,31781.5,31672.1,31778.6,55206.0
1653951600000,31783.5,31910.8,31622.1,31868.2,201326.0
1653952500000,31868.3,31881.2,31741.8,31809.1,107201.0
1653953400000,31809.0,31809.0,31722.6,31773.6,112303.0
1653954300000,31773.6,31789.9,31699.2,31742.3,135079.0
1653955200000,31743.6,31868.0,31650.1,31650.1,124133.0
1653956100000,31650.0,31690.5,31617.5,31676.9,112629.0
1653957000000,31676.5,31680.9,31577.0,31598.5,75482.0
1653957900000,31598.6,31611.2,31451.0,31586.3,156123.0
1653958800000,31586.3,31606.7,31520.8,31566.5,54626.0
1653959700000,31566.5,31603.7,31491.5,31578.9,54269.0
1653960600000,31579.0,31631.9,31448.6,31529.0,74555.0
1653961500000,31529.1,31577.0,31529.1,31568.3,45480.0
1653962400000,31568.1,31633.3,31530.3,31632.7,52363.0
1653963300000,31632.7,31677.0,31606.5,31677.0,51428.0
1653964200000,31677.0,31677.0,31598.6,31628.6,45471.0
1653965100000,31629.7,31733.6,31629.7,31699.9,71068.0
1653966000000,31699.9,31830.0,31692.9,31822.3,135403.0
1653966900000,31820.8,31824.5,31666.7,31679.0,118274.0
1653967800000,31679.1,31710.1,31633.8,31706.2,85179.0
1653968700000,31703.3,31841.0,31692.8,31772.1,162250.0
1653969600000,31772.1,31807.9,31728.3,31797.1,79560.0
1653970500000,31797.1,31802.9,31733.0,31744.6,34186.0
1653971400000,31744.5,31786.2,31645.0,31667.8,56513.0
1653972300000,31667.8,31713.6,31667.8,31689.6,28820.0
1653973200000,31689.6,31707.1,31620.4,31668.8,45877.0
1653974100000,31668.7,31742.5,31662.0,31722.8,80178.0
1653975000000,31722.7,31741.5,31658.0,31667.9,103373.0
1653975900000,31667.8,31707.3,31638.2,31650.0,68574.0
1653976800000,31650.0,31665.4,31600.6,31632.1,44927.0
1653977700000,31629.8,31642.1,31535.0,31571.3,183224.0
1653978600000,31571.3,31597.6,31473.1,31574.0,163246.0
1653979500000,31574.1,31592.0,31440.0,31513.4,114034.0
1653980400000,31519.9,31576.3,31492.6,31551.0,54908.0
1653981300000,31550.9,31595.7,31510.1,31585.3,41039.0
1653982200000,31585.3,31596.9,31544.5,31575.5,29637.0
1653983100000,31575.4,31597.2,31509.0,31582.5,36123.0
1653984000000,31582.5,31687.0,31579.4,31618.0,105373.0
1653984900000,31618.0,31690.0,31614.8,31681.0,64313.0
1653985800000,31681.1,31683.3,31626.0,31654.1,44363.0
1653986700000,31654.0,31729.7,31613.2,31626.7,61229.0
1653987600000,31626.8,31642.5,31532.0,31611.0,52097.0
1653988500000,31610.9,31611.2,31522.1,31599.1,56410.0
1653989400000,31599.0,31619.3,31518.8,31520.5,106903.0
1653990300000,31520.4,31584.2,31502.0,31550.1,66509.0
1653991200000,31548.5,31627.4,31520.4,31617.4,51428.0
1653992100000,31617.5,31666.0,31591.6,31625.7,90806.0
1653993000000,31625.7,31683.3,31610.3,31668.7,69271.0
1653993900000,31668.6,31695.2,31644.0,31664.7,54789.0
1653994800000,31666.2,31797.2,31654.8,31736.4,144570.0
1653995700000,31736.4,31819.0,31697.0,31798.0,88080.0
1653996600000,31797.9,31833.6,31756.6,31808.6,90378.0
1653997500000,31808.7,31829.1,31710.6,31759.4,62431.0
1653998400000,31759.4,31769.0,31729.6,31767.3,42999.0
1653999300000,31767.2,31805.9,31656.6,31704.1,101959.0
1654000200000,31704.1,31716.4,31572.4,31585.8,132917.0
1654001100000,31585.8,31634.2,31541.0,31615.2,121048.0
1654002000000,31615.3,31733.4,31608.9,31724.8,77459.0
1654002900000,31724.7,31955.0,31687.2,31839.6,194403.0
1654003800000,31839.4,31847.3,31244.8,31367.9,787615.0
1654004700000,31368.4,31475.2,31311.0,31392.5,377335.0
1654005600000,31390.3,31437.0,31234.8,31437.0,402076.0
1654006500000,31436.9,31648.9,31407.7,31498.7,305566.0
1654007400000,31498.7,31690.2,31488.0,31659.4,206314.0
1654008300000,31659.4,31741.1,31619.7,31680.0,137627.0
1654009200000,31680.1,31720.0,31550.0,31603.1,104657.0
1654010100000,31603.0,31708.2,31548.4,31650.0,79834.0
1654011000000,31650.0,31780.0,31581.8,31770.2,154452.0
1654011900000,31770.2,32178.0,31770.2,32052.6,555575.0
1654012800000,32052.7,32236.8,31826.1,31826.1,479736.0
1654013700000,31834.6,32132.8,31826.8,32102.1,307093.0
1654014600000,32102.2,32450.0,31985.7,32301.4,458686.0
1654015500000,32298.4,32359.0,32144.0,32159.8,197060.0
1654016400000,32158.1,32203.2,32072.0,32132.4,136281.0
1654017300000,32132.5,32134.5,31888.0,31982.1,235176.0
1654018200000,31976.3,32055.2,31935.4,31973.6,83786.0
1654019100000,31973.6,32155.4,31964.3,32124.0,108635.0
1654020000000,32122.4,32166.0,32063.2,32111.4,87237.0
1654020900000,32109.7,32146.1,32026.0,32071.0,66289.0
1654021800000,32071.1,32077.9,31758.0,31822.5,172868.0
1654022700000,31822.4,31827.2,31567.2,31682.9,276774.0
1654023600000,31682.9,31737.0,31600.0,31713.0,116059.0
1654024500000,31712.9,31793.0,31676.3,31711.3,84514.0
1654025400000,31711.2,31788.6,31628.5,31628.5,54812.0
1654026300000,31626.6,31716.1,31574.3,31631.5,146381.0
1654027200000,31631.6,31761.5,31600.0,31739.0,69177.0
1654028100000,31739.1,31750.0,31687.0,31732.5,34170.0
1654029000000,31730.6,31765.1,31695.3,31707.8,19537.0
1654029900000,31708.0,31829.3,31676.4,31825.0,52093.0
1654030800000,31821.5,31837.6,31751.4,31786.3,28171.0
1654031700000,31786.3,31810.3,31740.7,31768.8,21793.0
1654032600000,31771.8,31812.8,31724.5,31752.0,16820.0
1654033500000,31752.3,31780.6,31658.0,31729.7,32381.0
1654034400000,31729.6,31774.6,31692.5,31696.7,44296.0
1654035300000,31700.3,31857.9,31680.5,31795.8,59078.0
1654036200000,31795.8,31848.0,31790.4,31836.7,42462.0
1654037100000,31834.0,31898.0,31811.4,31865.0,47863.0
1654038000000,31865.0,31890.8,31825.8,31838.8,45965.0
1654038900000,31838.8,31898.0,31829.2,31874.1,26690.0
1654039800000,31874.1,31930.0,31823.9,31829.0,70195.0
1654040700000,31829.0,31926.0,31766.9,31804.9,68923.0
1654041600000,31804.8,31894.2,31705.5,31759.5,102435.0
1654042500000,31759.5,31878.3,31682.7,31819.8,129415.0
1654043400000,31820.8,31988.5,31791.0,31937.5,133172.0
1654044300000,31937.4,31970.0,31878.6,31924.8,100322.0
1654045200000,31924.8,31935.5,31865.0,31910.5,41744.0
1654046100000,31910.6,31926.0,31836.0,31901.5,39206.0
1654047000000,31899.8,31930.0,31830.3,31835.6,53849.0
1654047900000,31835.7,31925.4,31819.9,31922.5,56730.0
1654048800000,31921.1,31923.5,31860.2,31875.6,44477.0
1654049700000,31875.7,31877.0,31750.3,31779.2,127745.0
1654050600000,31779.1,31848.0,31770.0,31833.0,52165.0
1654051500000,31833.0,31841.2,31730.0,31810.0,109568.0
1654052400000,31807.0,31808.3,31730.0,31732.8,37028.0
1654053300000,31732.8,31768.3,31673.0,31724.6,73104.0
1654054200000,31724.5,31724.5,31650.0,31656.3,92004.0
1654055100000,31656.3,31677.0,31618.7,31634.7,60972.0
1654056000000,31634.7,31679.4,31380.0,31490.4,351525.0
1654056900000,31490.3,31584.3,31490.3,31519.6,207385.0
1654057800000,31519.6,31616.4,31519.6,31564.8,76493.0
1654058700000,31564.8,31630.0,31563.0,31574.1,59109.0
1654059600000,31574.1,31622.2,31530.7,31586.6,41118.0
1654060500000,31586.6,31595.1,31512.4,31545.2,51362.0
1654061400000,31545.1,31630.0,31450.0,31592.5,108412.0
1654062300000,31592.5,31635.5,31578.3,31624.7,67178.0
1654063200000,31624.7,31680.0,31601.6,31632.3,49149.0
1654064100000,31632.2,31668.0,31589.8,31661.4,50865.0
1654065000000,31661.4,31669.1,31573.1,31600.0,51444.0
1654065900000,31605.0,31609.8,31567.7,31588.9,29778.0
1654066800000,31589.0,31650.0,31530.3,31585.6,68585.0
1654067700000,31585.8,31599.0,31520.0,31562.0,40692.0
1654068600000,31561.9,31630.0,31474.7,31502.8,81347.0
1654069500000,31503.0,31559.8,31479.0,31495.8,47732.0
1654070400000,31496.2,31544.7,31452.4,31525.8,67697.0
1654071300000,31524.9,31587.4,31524.5,31581.9,50877.0
1654072200000,31581.8,31645.2,31564.1,31598.5,67811.0
1654073100000,31598.5,31637.1,31583.8,31620.0,34158.0
1654074000000,31619.9,31642.0,31606.4,31621.6,27632.0
1654074900000,31621.5,31695.7,31610.0,31684.9,64806.0
1654075800000,31685.0,31700.0,31654.5,31683.9,59237.0
1654076700000,31683.8,31693.1,31662.4,31692.4,28015.0
1654077600000,31692.3,31705.8,31591.9,31630.5,94932.0
1654078500000,31630.5,31637.1,31572.5,31590.1,30324.0
1654079400000,31590.2,31606.6,31540.6,31567.0,48096.0
1654080300000,31567.0,31573.0,31550.0,31554.7,30380.0
1654081200000,31554.6,31669.1,31538.0,31660.6,58287.0
1654082100000,31658.2,31668.9,31450.0,31516.7,143118.0
1654083000000,31516.6,31591.8,31450.0,31466.0,85850.0
1654083900000,31466.1,31628.0,31450.0,31604.6,115182.0
1654084800000,31604.6,31649.1,31539.3,31559.8,58744.0
1654085700000,31559.8,31662.1,31529.3,31659.9,52974.0
1654086600000,31660.0,31830.3,31600.0,31784.0,207188.0
1654087500000,31784.1,31838.0,31692.0,31726.5,87700.0
1654088400000,31726.6,31847.2,31673.5,31826.1,105425.0
1654089300000,31826.0,31874.0,31742.8,31835.0,124879.0
1654090200000,31835.0,31907.2,31707.6,31747.4,222949.0
1654091100000,31747.5,31759.5,31639.4,31731.5,143652.0
1654092000000,31731.9,31844.5,31538.4,31538.4,284092.0
1654092900000,31538.4,31549.0,31334.0,31368.4,371905.0
1654093800000,31365.2,31420.3,30939.7,31175.7,672578.0
1654094700000,31175.7,31323.2,31025.8,31182.0,163294.0
1654095600000,31182.1,31240.7,31068.2,31197.5,132502.0
1654096500000,31197.5,31197.5,30788.0,30944.1,368089.0
1654097400000,30944.1,30982.1,30758.1,30802.1,336996.0
1654098300000,30802.2,30899.0,30728.1,30757.1,192941.0
1654099200000,30753.7,30760.0,30568.3,30651.7,384236.0
1654100100000,30651.7,30686.9,30410.0,30421.4,254041.0
1654101000000,30421.4,30530.0,30384.0,30470.2,111566.0
1654101900000,30470.2,30470.2,30470.2,30470.2,0.0
1654102800000,30471.7,30550.0,30347.1,30499.0,23813.0
1654103700000,30554.6,30555.0,30552.3,30552.3,32.0
1654104600000,30552.3,30552.3,30552.3,30552.3,0.0
1654105500000,30550.8,30550.8,30347.9,30364.9,818.0
1654106400000,30393.4,30428.3,30323.0,30323.0,24503.0
1654107300000,30323.0,30323.0,30323.0,30323.0,0.0
1654108200000,30427.9,30447.0,30088.0,30430.9,395903.0
1654109100000,30430.9,30447.0,30113.9,30169.4,232425.0
1654110000000,30169.2,30240.7,30001.4,30219.0,204357.0
1654110900000,30217.3,30316.3,30130.1,30173.5,98794.0
1654111800000,30175.9,30359.4,30150.0,30316.6,100436.0
1654112700000,30316.4,30338.4,30099.2,30127.4,219551.0
1654113600000,30126.9,30167.8,29975.6,30036.6,191306.0
1654114500000,30036.6,30065.6,29500.0,29616.4,367778.0
1654115400000,29616.4,29632.5,29302.0,29515.0,369655.0
1654116300000,29515.0,29735.6,29491.7,29640.6,278708.0
1654117200000,29636.1,29770.0,29594.3,29733.9,91581.0
1654118100000,29733.9,29744.3,29651.8,29702.0,53539.0
1654119000000,29701.9,29721.9,29620.0,29706.7,44722.0
1654119900000,29716.1,29716.1,29570.0,29591.0,39113.0
1654120800000,29591.0,29622.9,29508.9,29542.9,62192.0
1654121700000,29542.9,29690.0,29531.0,29690.0,44336.0
1654122600000,29690.0,29745.0,29644.4,29720.6,68337.0
1654123500000,29720.7,29764.1,29710.5,29744.9,48009.0
1654124400000,29744.9,30079.3,29725.1,29912.1,249428.0
1654125300000,29910.5,29960.0,29800.0,29913.3,112886.0
1654126200000,29913.4,29924.2,29805.2,29823.9,56702.0
1654127100000,29824.5,29865.1,29770.5,29803.2,73694.0
1654128000000,29805.0,29822.9,29684.7,29704.9,98077.0
1654128900000,29709.0,29779.7,29618.0,29774.8,110212.0
1654129800000,29774.4,29795.9,29584.5,29679.9,129221.0
1654130700000,29679.8,29821.9,29633.3,29686.0,104347.0
1654131600000,29686.0,29810.0,29644.3,29798.9,80502.0
1654132500000,29799.0,29828.0,29751.7,29775.0,50998.0
1654133400000,29775.0,29895.5,29750.7,29833.7,74309.0
1654134300000,29833.1,29888.0,29806.5,29812.8,70612.0
1654135200000,29813.0,29859.0,29770.3,29859.0,45830.0
1654136100000,29858.2,29866.9,29813.5,29840.5,51983.0
1654137000000,29835.3,29911.6,29786.0,29850.0,66488.0
1654137900000,29849.9,29869.6,29793.0,29829.0,46820.0
1654138800000,29830.3,29862.0,29761.5,29779.9,51098.0
1654139700000,29780.0,29849.8,29727.0,29790.2,66055.0
1654140600000,29790.2,29818.9,29726.6,29778.2,39446.0
1654141500000,29777.1,29785.9,29700.0,29732.1,61076.0
1654142400000,29734.0,29785.9,29680.0,29690.0,77189.0
1654143300000,29689.0,29758.1,29651.6,29753.0,53493.0
1654144200000,29753.0,29830.0,29753.0,29811.5,45620.0
1654145100000,29811.5,29822.2,29791.1,29812.9,28139.0
1654146000000,29812.9,29816.9,29705.4,29711.0,39869.0
1654146900000,29710.4,29755.0,29685.0,29745.3,38977.0
1654147800000,29745.2,29874.6,29745.0,29865.9,61901.0
1654148700000,29865.9,29888.0,29828.8,29872.0,72807.0
1654149600000,29872.1,29880.8,29861.0,29866.2,29373.0
1654150500000,29866.1,29866.1,29816.5,29832.1,28252.0
1654151400000,29832.1,29866.6,29802.0,29863.6,44692.0
1654152300000,29863.7,29948.9,29863.7,29915.1,79033.0
1654153200000,29915.2,29990.0,29907.1,29913.5,91384.0
1654154100000,29913.5,30128.0,29892.7,30065.4,224883.0
1654155000000,30065.1,30081.9,29958.0,30002.2,112498.0
1654155900000,30002.2,30005.1,29950.5,29959.9,51683.0
1654156800000,29961.3,29986.3,29910.0,29952.4,59664.0
1654157700000,29952.3,30020.0,29936.2,29968.1,77830.0
1654158600000,29968.0,30007.0,29938.6,29947.0,32563.0
1654159500000,29946.9,29973.7,29929.5,29933.2,27487.0
1654160400000,29933.2,29963.0,29912.1,29955.3,36293.0
1654161300000,29952.0,29992.0,29943.6,29991.9,24437.0
1654162200000,29992.0,30018.9,29863.1,29909.2,78368.0
1654163100000,29908.8,29958.4,29892.7,29930.6,26887.0
1654164000000,29930.7,29975.9,29930.7,29972.2,19557.0
1654164900000,29972.2,29974.1,29906.2,29912.1,26393.0
1654165800000,29910.4,30070.0,29906.8,30063.8,74919.0
1654166700000,30063.9,30177.1,29855.2,30034.8,242103.0
1654167600000,30034.8,30034.9,29957.1,30025.1,71783.0
1654168500000,30027.8,30114.3,29981.3,30095.7,77491.0
1654169400000,30100.0,30119.3,30036.0,30084.6,48650.0
1654170300000,30084.6,30224.3,30062.9,30165.3,138500.0
1654171200000,30165.3,30184.9,30091.4,30107.1,94901.0
1654172100000,30107.2,30158.7,30071.4,30111.7,65515.0
1654173000000,30109.6,30142.8,30036.2,30064.4,50925.0
1654173900000,30060.9,30133.2,30045.2,30085.1,39018.0
1654174800000,30088.4,30096.0,29704.5,29753.9,253319.0
1654175700000,29754.0,29927.1,29588.0,29846.0,362182.0
1654176600000,29847.0,30265.0,29715.7,30220.0,562411.0
1654177500000,30217.8,30227.1,29750.0,29893.4,374667.0
1654178400000,29893.3,30150.0,29853.8,30072.7,239840.0
1654179300000,30072.6,30121.5,29766.6,29867.4,258465.0
1654180200000,29866.7,30004.9,29823.9,29981.5,119105.0
1654181100000,29981.4,30080.0,29912.5,30047.9,161922.0
1654182000000,30055.6,30225.0,30037.4,30197.4,302008.0
1654182900000,30197.4,30373.4,30124.2,30293.8,263722.0
1654183800000,30293.9,30389.1,30187.8,30301.6,164330.0
1654184700000,30301.0,30350.0,30170.7,30206.3,107439.0
1654185600000,30206.4,30360.0,30184.9,30340.4,93195.0
1654186500000,30340.3,30418.4,30182.0,30255.1,144142.0
1654187400000,30260.4,30358.0,30215.1,30303.3,92677.0
1654188300000,30302.7,30333.0,30222.0,30292.1,88391.0
1654189200000,30290.5,30349.5,30230.0,30265.5,94657.0
1654190100000,30264.9,30292.6,30220.0,30240.8,89653.0
1654191000000,30240.1,30289.8,30171.7,30227.5,84550.0
1654191900000,30227.4,30259.8,30165.0,30193.7,55958.0
1654192800000,30193.7,30284.8,30165.0,30278.9,60296.0
1654193700000,30277.5,30331.4,30212.7,30233.9,67825.0
1654194600000,30234.0,30256.4,30175.3,30212.6,41243.0
1654195500000,30213.6,30228.0,29967.7,30146.8,221808.0
1654196400000,30143.7,30169.1,30086.0,30137.9,47737.0
1654197300000,30137.2,30207.5,30070.4,30147.2,54516.0
1654198200000,30147.2,30236.0,30130.6,30233.4,44053.0
1654199100000,30233.3,30307.6,30194.7,30284.9,48039.0
1654200000000,30289.0,30396.0,30253.1,30312.6,62763.0
1654200900000,30317.2,30338.0,30306.0,30312.8,20621.0
1654201800000,30308.9,30336.8,30264.1,30323.2,21672.0
1654202700000,30323.1,30323.1,30242.6,30246.0,30374.0
1654203600000,30246.1,30304.9,30230.1,30294.1,27385.0
1654204500000,30294.1,30325.2,30285.0,30321.3,19312.0
1654205400000,30321.3,30380.1,30284.6,30301.6,25192.0
1654206300000,30301.6,30385.1,30271.7,30369.3,28059.0
1654207200000,30369.4,30750.0,30327.0,30482.2,312403.0
1654208100000,30484.4,30579.0,30412.2,30440.0,99439.0
1654209000000,30440.0,30600.0,30400.0,30561.5,92254.0
1654209900000,30560.1,30578.0,30480.3,30487.9,49899.0
1654210800000,30487.9,30587.9,30477.9,30570.5,51797.0
1654211700000,30573.9,30648.0,30534.4,30647.2,73548.0
1654212600000,30643.9,30646.4,30514.4,30529.2,49399.0
1654213500000,30527.1,30532.0,30430.0,30450.6,67736.0
1654214400000,30452.3,30477.8,30375.8,30396.5,87054.0
1654215300000,30398.1,30528.7,30350.0,30475.1,136481.0
1654216200000,30475.0,30504.0,30381.7,30393.8,44913.0
1654217100000,30392.3,30438.2,30370.1,30401.3,60219.0
1654218000000,30401.3,30517.6,30387.2,30475.4,61185.0
1654218900000,30475.5,30495.0,30456.6,30491.6,30088.0
1654219800000,30491.5,30700.0,30424.5,30609.7,188565.0
1654220700000,30609.7,30646.3,30531.2,30625.3,82432.0
1654221600000,30629.8,30675.0,30573.6,30581.1,83997.0
1654222500000,30581.0,30597.0,30559.1,30577.5,38052.0
1654223400000,30579.0,30603.7,30533.0,30570.5,49232.0
1654224300000,30570.5,30572.8,30531.0,30548.9,28667.0
1654225200000,30547.2,30560.0,30512.0,30520.0,29216.0
1654226100000,30520.0,30533.5,30464.5,30486.1,59965.0
1654227000000,30486.0,30551.4,30462.4,30494.7,46095.0
1654227900000,30494.7,30546.3,30484.5,30526.5,24418.0
1654228800000,30526.5,30546.7,30426.5,30474.6,48551.0
1654229700000,30476.8,30489.7,30445.2,30480.7,40687.0
1654230600000,30483.2,30518.2,30460.0,30492.5,25986.0
1654231500000,30494.5,30507.5,30411.4,30425.8,35771.0
1654232400000,30426.6,30476.5,30407.2,30471.0,38005.0
1654233300000,30471.0,30554.9,30454.5,30532.0,43965.0
1654234200000,30531.9,30557.3,30512.4,30538.0,38389.0
1654235100000,30538.5,30569.4,30500.2,30540.0,34520.0
1654236000000,30540.0,30543.1,30501.8,30510.1,22741.0
1654236900000,30510.0,30510.1,30437.6,30473.5,55438.0
1654237800000,30473.3,30494.8,30451.6,30472.4,20355.0
1654238700000,30472.4,30503.0,30366.0,30369.3,72430.0
1654239600000,30369.3,30426.3,30282.5,30421.5,147285.0
1654240500000,30421.2,30439.9,30349.5,30405.8,61422.0
1654241400000,30405.8,30468.9,30365.0,30448.1,49853.0
1654242300000,30448.2,30486.1,30428.1,30436.0,47370.0
1654243200000,30433.0,30528.7,30383.7,30502.1,97462.0
1654244100000,30502.0,30527.6,30458.6,30467.6,42609.0
1654245000000,30467.5,30523.2,30414.0,30414.5,40539.0
1654245900000,30414.5,30443.4,30407.6,30442.3,26893.0
1654246800000,30442.2,30482.9,30338.0,30342.3,81367.0
1654247700000,30342.4,30379.0,30170.9,30232.3,239588.0
1654248600000,30234.2,30262.7,30161.8,30202.2,96045.0
1654249500000,30202.2,30298.9,30162.8,30257.9,77889.0
1654250400000,30257.9,30273.1,30123.5,30130.1,97395.0
1654251300000,30131.6,30169.8,29930.3,30012.0,329101.0
1654252200000,30011.9,30011.9,29791.0,29809.4,298357.0
1654253100000,29809.4,29884.3,29735.8,29824.8,218406.0
1654254000000,29825.0,29884.7,29683.3,29766.0,173864.0
1654254900000,29765.9,29809.6,29690.0,29767.2,107101.0
1654255800000,29767.1,29958.4,29732.2,29756.8,182494.0
1654256700000,29756.8,29817.9,29662.3,29765.4,179809.0
1654257600000,29765.5,29848.5,29730.0,29838.8,106883.0
1654258500000,29838.7,29847.9,29687.9,29759.8,130768.0
1654259400000,29760.0,29892.6,29520.9,29592.5,555035.0
1654260300000,29592.4,29679.1,29471.9,29538.1,269081.0
1654261200000,29541.7,29663.4,29416.4,29595.2,241291.0
1654262100000,29595.1,29696.8,29579.5,29579.6,153781.0
1654263000000,29579.5,29780.0,29548.2,29607.5,300083.0
1654263900000,29607.5,29729.0,29566.0,29726.3,150208.0
1654264800000,29725.1,29770.9,29590.1,29668.0,141735.0
1654265700000,29670.0,29674.0,29568.0,29606.7,82091.0
1654266600000,29606.6,29657.3,29326.0,29417.2,250096.0
1654267500000,29417.5,29534.3,29253.5,29481.8,263414.0
1654268400000,29481.8,29485.1,29343.9,29375.7,126268.0
1654269300000,29375.6,29487.9,29369.1,29483.0,95740.0
1654270200000,29483.1,29586.1,29460.0,29477.4,137957.0
1654271100000,29477.4,29535.0,29435.5,29505.0,59406.0
1654272000000,29505.3,29544.0,29445.6,29497.3,76190.0
1654272900000,29497.4,29526.9,29401.0,29476.8,54872.0
1654273800000,29476.7,29558.0,29454.1,29509.1,64047.0
1654274700000,29509.1,29571.7,29475.8,29543.8,54541.0
1654275600000,29541.6,29679.7,29480.7,29498.1,137429.0
1654276500000,29498.0,29541.4,29461.5,29520.7,46888.0
1654277400000,29520.6,29573.9,29444.1,29457.9,67625.0
1654278300000,29457.3,29532.9,29438.8,29508.7,32546.0
1654279200000,29504.4,29539.2,29467.8,29488.7,32267.0
1654280100000,29488.7,29560.0,29462.9,29558.1,47304.0
1654281000000,29557.8,29560.0,29516.1,29547.2,27920.0
1654281900000,29547.2,29557.8,29502.7,29551.8,21921.0
1654282800000,29551.7,29610.7,29521.7,29550.6,105331.0
1654283700000,29550.7,29572.4,29488.7,29572.4,42657.0
1654284600000,29573.1,29593.2,29510.1,29586.1,39846.0
1654285500000,29586.3,29627.0,29559.3,29577.0,48221.0
1654286400000,29577.1,29660.0,29560.0,29619.1,41235.0
1654287300000,29619.1,29659.1,29600.0,29631.5,17956.0
1654288200000,29631.6,29679.0,29615.6,29666.1,27240.0
1654289100000,29666.0,29750.0,29644.0,29660.5,54184.0
1654290000000,29662.8,29734.8,29645.4,29712.7,25167.0
1654290900000,29712.7,29750.0,29706.4,29737.7,20453.0
1654291800000,29737.8,29789.9,29705.2,29775.9,27363.0
1654292700000,29771.6,29865.4,29723.3,29804.5,62834.0
1654293600000,29805.5,29882.2,29764.0,29845.7,77418.0
1654294500000,29845.6,29854.8,29792.6,29816.2,35283.0
1654295400000,29816.7,29818.1,29699.1,29729.3,49168.0
1654296300000,29729.4,29765.5,29703.6,29734.1,57496.0
1654297200000,29734.1,29746.6,29681.4,29703.6,32996.0
1654298100000,29703.6,29712.6,29666.7,29676.1,32755.0
1654299000000,29676.1,29708.1,29642.4,29692.0,33644.0
1654299900000,29692.1,29739.0,29660.7,29698.0,27213.0
1654300800000,29698.1,29765.6,29680.0,29746.5,28483.0
1654301700000,29746.5,29760.0,29716.5,29749.2,16220.0
1654302600000,29749.1,29764.9,29712.9,29728.5,16124.0
1654303500000,29726.4,29726.4,29676.9,29714.8,23826.0
1654304400000,29714.9,29747.9,29532.1,29590.0,93359.0
1654305300000,29590.0,29646.6,29570.0,29570.1,31198.0
1654306200000,29570.0,29621.5,29564.0,29603.8,35792.0
1654307100000,29603.8,29629.9,29561.2,29587.9,27286.0
1654308000000,29587.8,29630.1,29541.4,29550.1,48263.0
1654308900000,29550.0,29563.9,29480.0,29494.4,97710.0
1654309800000,29494.4,29529.1,29478.8,29502.7,36963.0
1654310700000,29503.8,29579.2,29503.8,29565.0,43645.0
1654311600000,29565.0,29644.0,29551.0,29591.5,66078.0
1654312500000,29591.5,29609.3,29575.4,29600.8,20657.0
1654313400000,29600.8,29606.9,29586.5,29594.6,16455.0
1654314300000,29594.6,29594.6,29543.2,29561.9,21153.0
1654315200000,29561.9,29741.0,29545.2,29710.2,105321.0
1654316100000,29710.1,29726.0,29643.6,29656.5,49964.0
1654317000000,29656.6,29715.0,29641.6,29672.0,28952.0
1654317900000,29672.0,29730.0,29667.0,29712.0,37611.0
1654318800000,29712.0,29719.3,29678.3,29682.7,24717.0
1654319700000,29682.8,29697.8,29679.0,29685.2,13682.0
1654320600000,29685.2,29690.7,29650.0,29672.6,30626.0
1654321500000,29672.5,29698.9,29672.5,29686.4,14180.0
1654322400000,29686.5,29722.5,29662.3,29680.0,27910.0
1654323300000,29680.0,29711.1,29650.0,29690.7,18115.0
1654324200000,29690.7,29709.9,29670.0,29705.8,19882.0
1654325100000,29706.4,29714.0,29677.8,29693.3,16074.0
1654326000000,29693.3,29694.9,29645.2,29655.5,48145.0
1654326900000,29655.5,29680.7,29655.5,29667.4,13322.0
1654327800000,29667.4,29710.1,29667.4,29685.7,26979.0
1654328700000,29685.6,29709.1,29685.0,29699.5,26989.0
1654329600000,29701.7,29724.2,29680.5,29697.8,24603.0
1654330500000,29697.7,29781.0,29697.7,29729.7,59172.0
1654331400000,29728.1,29802.4,29728.1,29772.9,72882.0
1654332300000,29772.8,29772.9,29733.0,29745.4,40425.0
1654333200000,29750.2,29770.0,29726.8,29764.5,30241.0
1654334100000,29764.2,29773.2,29726.8,29734.4,21565.0
1654335000000,29734.3,29738.7,29668.0,29685.4,42695.0
1654335900000,29685.5,29731.3,29677.9,29726.9,17067.0
1654336800000,29726.8,29762.9,29726.8,29749.7,37250.0
1654337700000,29748.9,29784.8,29729.9,29740.0,45424.0
1654338600000,29740.0,29740.1,29700.0,29707.4,27511.0
1654339500000,29706.4,29730.1,29705.1,29727.8,20173.0
1654340400000,29727.8,29743.1,29723.8,29736.3,17621.0
1654341300000,29736.1,29736.1,29688.7,29697.0,26673.0
1654342200000,29697.1,29741.6,29688.0,29717.1,15748.0
1654343100000,29717.0,29724.7,29575.8,29683.3,112420.0
1654344000000,29683.3,29708.4,29606.7,29642.5,51399.0
1654344900000,29643.1,29650.3,29581.6,29604.6,59413.0
1654345800000,29604.9,29632.2,29527.2,29558.5,62714.0
1654346700000,29558.6,29586.2,29513.4,29535.1,44849.0
1654347600000,29535.1,29661.0,29520.4,29603.9,68453.0
1654348500000,29604.0,29650.0,29557.7,29646.6,40128.0
1654349400000,29646.0,29649.6,29601.8,29613.9,19962.0
1654350300000,29612.2,29616.1,29581.0,29606.7,15489.0
1654351200000,29606.6,29615.0,29477.4,29541.2,107793.0
1654352100000,29541.1,29788.0,29534.1,29740.0,185295.0
1654353000000,29740.1,29995.0,29684.9,29778.2,325213.0
1654353900000,29778.7,29833.5,29747.6,29784.5,73196.0
1654354800000,29784.4,29851.0,29760.3,29805.7,52600.0
1654355700000,29805.7,29888.0,29751.1,29866.8,130549.0
1654356600000,29862.0,29888.0,29800.0,29808.9,109310.0
1654357500000,29809.0,29857.9,29793.5,29852.0,88960.0
1654358400000,29850.7,29855.0,29788.1,29807.3,63154.0
1654359300000,29807.3,29826.9,29772.0,29782.9,69221.0
1654360200000,29782.8,29789.5,29759.1,29780.1,36078.0
1654361100000,29780.1,29786.0,29741.2,29750.2,38882.0
1654362000000,29749.4,29755.5,29667.0,29676.0,79398.0
1654362900000,29676.0,29685.0,29613.0,29657.6,68643.0
1654363800000,29657.5,29730.0,29611.7,29692.1,62630.0
1654364700000,29692.1,29746.5,29692.1,29714.9,32729.0
1654365600000,29714.9,29813.2,29714.9,29776.0,44806.0
1654366500000,29776.1,29797.5,29742.1,29745.6,71709.0
1654367400000,29747.0,29800.0,29747.0,29786.0,29645.0
1654368300000,29786.0,29794.9,29763.4,29773.7,48603.0
1654369200000,29775.4,29783.4,29714.0,29724.8,38724.0
1654370100000,29724.9,29730.2,29705.1,29710.7,14268.0
1654371000000,29710.7,29714.2,29611.8,29647.2,68547.0
1654371900000,29647.2,29676.1,29640.0,29651.3,57763.0
1654372800000,29651.2,29698.3,29619.4,29626.8,35038.0
1654373700000,29627.0,29730.9,29627.0,29710.6,29773.0
1654374600000,29709.9,29740.9,29709.9,29734.6,30901.0
1654375500000,29734.5,29755.0,29705.0,29751.6,14909.0
1654376400000,29751.5,29779.3,29751.5,29762.3,18185.0
1654377300000,29762.4,29787.0,29759.4,29760.6,9994.0
1654378200000,29760.6,29850.0,29748.2,29823.8,29013.0
1654379100000,29821.5,29865.2,29758.8,29839.9,43209.0
1654380000000,29840.0,29973.3,29820.4,29920.4,122894.0
1654380900000,29919.3,29961.2,29840.6,29848.0,67053.0
1654381800000,29852.2,29872.6,29785.0,29786.5,44963.0
1654382700000,29789.2,29831.8,29789.2,29804.9,22929.0
1654383600000,29802.7,29826.2,29774.8,29815.6,25446.0
1654384500000,29815.6,29821.8,29770.8,29777.5,23257.0
1654385400000,29777.5,29807.2,29777.5,29800.5,18433.0
1654386300000,29800.5,29866.4,29785.4,29858.3,37402.0
1654387200000,29858.4,29869.6,29807.2,29865.6,51984.0
1654388100000,29865.6,29898.0,29859.8,29859.8,39434.0
1654389000000,29859.4,29861.6,29784.3,29793.3,24011.0
1654389900000,29793.3,29807.8,29726.0,29744.7,58899.0
1654390800000,29744.7,29759.1,29699.9,29708.3,56362.0
1654391700000,29705.2,29743.3,29680.0,29735.5,59195.0
1654392600000,29735.4,29759.9,29704.7,29726.3,30252.0
1654393500000,29728.1,29740.0,29691.7,29695.4,20694.0
1654394400000,29695.4,29806.4,29682.2,29789.0,50644.0
1654395300000,29788.6,29810.9,29776.8,29796.1,21969.0
1654396200000,29796.2,29798.0,29769.2,29788.0,19765.0
1654397100000,29787.6,29802.1,29778.7,29798.4,17259.0
1654398000000,29798.5,29799.9,29744.1,29785.9,34684.0
1654398900000,29786.4,29827.0,29782.0,29791.7,20582.0
1654399800000,29791.7,29810.9,29752.6,29771.0,20715.0
1654400700000,29771.0,29772.6,29750.0,29772.6,15476.0
1654401600000,29775.1,29786.1,29686.8,29695.1,74484.0
1654402500000,29698.4,29722.3,29681.7,29722.0,26827.0
1654403400000,29722.0,29747.3,29704.7,29732.5,27816.0
1654404300000,29732.5,29762.2,29718.1,29718.5,21630.0
1654405200000,29718.6,29763.6,29718.6,29762.6,14760.0
1654406100000,29762.9,29808.4,29749.4,29800.7,19536.0
1654407000000,29802.1,29817.8,29779.9,29794.2,42019.0
1654407900000,29794.3,29823.2,29785.0,29790.1,22751.0
1654408800000,29790.2,29794.0,29780.2,29787.9,10373.0
1654409700000,29788.3,29788.9,29756.2,29764.5,17789.0
1654410600000,29764.5,29782.5,29758.2,29776.6,6998.0
1654411500000,29776.6,29776.6,29727.0,29729.8,34744.0
1654412400000,29729.8,29751.8,29711.0,29740.9,33552.0
1654413300000,29740.9,29817.1,29737.0,29812.6,27630.0
1654414200000,29812.5,29812.6,29782.3,29790.0,30302.0
1654415100000,29789.9,29790.0,29640.5,29645.5,99400.0
1654416000000,29645.6,29711.0,29645.5,29689.4,50895.0
1654416900000,29689.4,29743.9,29688.0,29696.6,30182.0
1654417800000,29696.5,29739.1,29691.2,29721.7,21865.0
1654418700000,29721.8,29742.6,29685.0,29691.5,34654.0
1654419600000,29691.6,29691.6,29530.6,29600.7,134923.0
1654420500000,29600.7,29651.6,29573.2,29628.2,55793.0
1654421400000,29628.2,29674.5,29505.3,29655.1,77784.0
1654422300000,29655.1,29667.4,29624.8,29636.9,24559.0
1654423200000,29636.8,29665.0,29598.3,29658.0,41857.0
1654424100000,29659.5,29708.8,29652.2,29680.1,44133.0
1654425000000,29681.8,29690.8,29651.0,29665.2,13395.0
1654425900000,29665.1,29689.3,29633.0,29639.7,22949.0
1654426800000,29639.8,29652.5,29595.1,29602.2,43121.0
1654427700000,29602.5,29660.0,29588.6,29660.0,29770.0
1654428600000,29660.3,29700.0,29646.3,29681.0,47374.0
1654429500000,29681.0,29747.0,29675.8,29718.0,42067.0
1654430400000,29718.0,29725.9,29689.9,29696.2,25770.0
1654431300000,29696.3,29788.0,29669.8,29758.5,59538.0
1654432200000,29758.5,29777.0,29700.0,29712.2,34436.0
1654433100000,29712.2,29730.0,29693.3,29714.9,12209.0
1654434000000,29715.4,29755.0,29715.4,29740.1,17805.0
1654434900000,29740.0,29740.1,29699.4,29699.4,23260.0
1654435800000,29699.4,29718.8,29671.5,29701.8,22547.0
1654436700000,29701.8,29743.9,29638.0,29656.6,48603.0
1654437600000,29656.6,29689.0,29619.9,29675.4,50040.0
1654438500000,29675.4,29798.5,29668.3,29752.8,98032.0
1654439400000,29751.7,29813.0,29745.1,29772.9,41264.0
1654440300000,29772.8,29849.9,29745.6,29789.0,54597.0
1654441200000,29789.1,29828.9,29776.0,29801.4,41145.0
1654442100000,29798.6,29878.0,29780.8,29825.0,71496.0
1654443000000,29825.1,29960.0,29776.2,29881.5,150593.0
1654443900000,29881.5,29984.1,29870.0,29966.6,117737.0
1654444800000,29966.6,30200.0,29930.5,30050.1,348209.0
1654445700000,30050.1,30093.6,29822.0,29860.0,229273.0
1654446600000,29859.9,29895.6,29755.4,29866.4,151504.0
1654447500000,29866.5,29884.4,29812.1,29868.0,44230.0
1654448400000,29869.0,29971.0,29841.7,29949.8,72683.0
1654449300000,29949.8,30142.2,29932.4,30049.8,146356.0
1654450200000,30049.9,30137.7,30007.4,30064.0,80929.0
1654451100000,30064.1,30119.9,29983.9,30030.0,68455.0
1654452000000,30026.6,30092.5,29992.7,30016.3,66690.0
1654452900000,30017.1,30070.1,30000.0,30059.3,35639.0
1654453800000,30059.2,30059.8,29983.0,29992.5,28841.0
1654454700000,29992.5,30049.9,29987.4,29995.4,25724.0
1654455600000,29995.5,30022.1,29981.0,29992.2,18472.0
1654456500000,29993.0,29999.9,29949.2,29985.3,23563.0
1654457400000,29985.2,29990.6,29960.4,29977.0,12682.0
1654458300000,29977.1,30103.1,29977.1,30054.8,47070.0
1654459200000,30053.4,30142.4,30053.4,30104.2,37775.0
1654460100000,30104.2,30109.1,30065.9,30069.8,22062.0
1654461000000,30069.8,30091.5,29984.5,29993.5,43816.0
1654461900000,29992.7,30000.5,29938.0,29944.7,28314.0
1654462800000,29944.6,29944.6,29824.2,29891.1,66935.0
1654463700000,29891.1,29894.0,29813.7,29860.0,42897.0
1654464600000,29859.5,29996.9,29856.7,29925.2,43826.0
1654465500000,29926.8,29984.2,29914.5,29966.4,18295.0
1654466400000,29966.4,30076.8,29944.2,29992.1,130210.0
1654467300000,29992.1,30038.3,29942.5,29945.8,39295.0
1654468200000,29945.8,29959.9,29873.3,29948.0,75716.0
1654469100000,29949.6,30068.5,29949.6,30024.4,73757.0
1654470000000,30021.7,30056.2,30004.0,30035.3,23995.0
1654470900000,30035.3,30038.1,29925.0,29932.6,48186.0
1654471800000,29932.6,29959.1,29895.4,29928.7,37638.0
1654472700000,29928.6,29963.6,29903.0,29923.9,36881.0
1654473600000,29923.8,30004.5,29889.5,29933.0,65340.0
1654474500000,29933.1,30023.6,29921.3,29987.6,56033.0
1654475400000,29985.0,30089.8,29984.9,30089.2,82625.0
1654476300000,30088.4,30409.2,30049.7,30299.6,308396.0
1654477200000,30299.6,30439.0,30299.6,30413.2,209406.0
1654478100000,30411.8,30647.0,30404.2,30579.6,305900.0
1654479000000,30580.0,30659.9,30550.0,30587.1,160637.0
1654479900000,30587.0,30939.2,30561.3,30841.3,397383.0
1654480800000,30844.3,31060.0,30844.3,30977.7,282792.0
1654481700000,30977.8,31007.2,30870.6,30976.1,125692.0
1654482600000,30976.0,31159.0,30941.8,30953.1,281549.0
1654483500000,30953.0,30999.8,30926.6,30927.0,85170.0
1654484400000,30927.1,31157.8,30915.7,31102.5,147657.0
1654485300000,31102.5,31154.8,31050.0,31071.7,163057.0
1654486200000,31074.0,31120.0,31030.4,31056.9,110066.0
1654487100000,31056.9,31293.2,31049.2,31251.2,280768.0
1654488000000,31251.3,31388.1,31189.5,31233.3,213729.0
1654488900000,31233.3,31284.8,31138.2,31269.1,110777.0
1654489800000,31269.0,31288.0,31203.6,31226.3,79202.0
1654490700000,31226.3,31297.7,31206.9,31219.2,63664.0
1654491600000,31219.2,31297.8,31200.9,31207.3,83719.0
1654492500000,31207.2,31260.5,31148.9,31223.4,117483.0
1654493400000,31226.6,31280.0,31218.5,31218.5,56168.0
1654494300000,31218.6,31244.3,31151.5,31167.1,77370.0
1654495200000,31167.0,31205.0,31163.3,31171.7,45305.0
1654496100000,31171.6,31259.7,31156.3,31221.3,68019.0
1654497000000,31221.4,31320.5,31217.6,31247.4,78579.0
1654497900000,31247.4,31450.0,31247.4,31268.8,241440.0
1654498800000,31268.8,31394.2,31253.0,31311.1,106744.0
1654499700000,31311.1,31351.0,31283.8,31322.8,50984.0
1654500600000,31322.8,31328.5,31193.0,31199.9,87994.0
1654501500000,31200.0,31299.0,31199.9,31297.5,82172.0
1654502400000,31297.5,31394.0,31274.1,31348.0,143679.0
1654503300000,31348.0,31442.0,31327.3,31441.9,94261.0
1654504200000,31442.0,31488.0,31373.8,31403.6,129203.0
1654505100000,31403.6,31470.0,31366.3,31463.8,64614.0
1654506000000,31463.9,31589.0,31407.6,31436.2,184389.0
1654506900000,31436.3,31513.7,31392.0,31395.0,70599.0
1654507800000,31395.0,31420.0,31373.8,31412.2,70881.0
1654508700000,31412.1,31474.9,31405.7,31474.9,37378.0
1654509600000,31474.9,31492.0,31390.0,31417.0,52636.0
1654510500000,31417.0,31449.4,31389.1,31422.7,47692.0
1654511400000,31421.7,31476.0,31385.2,31468.1,62824.0
1654512300000,31468.1,31537.8,31460.7,31481.7,97834.0
1654513200000,31481.6,31660.2,31382.3,31417.3,185319.0
1654514100000,31415.0,31477.5,31342.7,31394.4,104124.0
1654515000000,31394.4,31444.8,31341.0,31395.7,71870.0
1654515900000,31395.6,31427.6,31353.2,31399.7,56990.0
1654516800000,31399.8,31472.0,31399.8,31414.3,56805.0
1654517700000,31414.7,31423.5,31344.0,31414.6,85962.0
1654518600000,31414.5,31485.4,31397.3,31432.1,62570.0
1654519500000,31432.1,31469.8,31361.6,31410.1,62352.0
1654520400000,31410.1,31440.9,31380.2,31425.0,35438.0
1654521300000,31425.0,31471.0,31381.2,31469.3,77416.0
1654522200000,31469.4,31535.1,31253.3,31451.5,363750.0
1654523100000,31449.9,31470.0,31344.0,31444.2,180489.0
1654524000000,31447.0,31720.1,31416.0,31604.1,407488.0
1654524900000,31604.1,31761.7,31533.0,31693.8,294332.0
1654525800000,31693.9,31759.9,31588.0,31640.3,198515.0
1654526700000,31640.4,31666.9,31444.0,31502.2,213525.0
1654527600000,31501.3,31536.5,31328.0,31368.0,205805.0
1654528500000,31367.7,31394.8,31160.0,31263.4,394795.0
1654529400000,31263.4,31485.2,31255.5,31465.0,192469.0
1654530300000,31465.0,31567.0,31394.3,31541.9,201734.0
1654531200000,31542.0,31560.0,31385.4,31404.1,182714.0
1654532100000,31404.9,31414.3,31271.4,31292.5,160243.0
1654533000000,31292.5,31363.9,31222.3,31277.0,147682.0
1654533900000,31277.5,31332.7,31225.3,31314.8,107287.0
1654534800000,31314.9,31372.0,31201.0,31230.1,132609.0
1654535700000,31230.0,31284.9,31054.0,31245.7,309843.0
1654536600000,31245.0,31311.1,31202.5,31308.4,148677.0
1654537500000,31308.4,31371.8,31263.9,31347.0,92257.0
1654538400000,31344.7,31395.8,31293.3,31353.1,100059.0
1654539300000,31353.1,31358.9,31273.1,31323.3,79777.0
1654540200000,31322.1,31378.8,31224.7,31378.8,70514.0
1654541100000,31380.0,31440.0,31240.5,31346.7,154345.0
1654542000000,31346.6,31368.1,31270.0,31281.9,87985.0
1654542900000,31281.9,31339.9,31240.8,31282.9,62925.0
1654543800000,31280.8,31470.7,31255.7,31430.5,82573.0
1654544700000,31433.5,31494.7,31375.8,31475.6,104959.0
1654545600000,31475.6,31483.9,31274.0,31337.3,53596.0
1654546500000,31339.2,31548.6,31324.6,31415.6,104426.0
1654547400000,31414.3,31469.6,31355.0,31369.4,52258.0
1654548300000,31369.5,31489.5,31358.4,31468.5,45266.0
1654549200000,31463.4,31520.1,31440.1,31520.1,34401.0
1654550100000,31520.1,31609.0,31500.6,31529.3,55842.0
1654551000000,31526.6,31599.9,31412.4,31514.3,49482.0
1654551900000,31518.1,31554.3,31481.1,31489.0,19000.0
1654552800000,31489.0,31548.6,31459.8,31484.9,34195.0
1654553700000,31486.5,31486.5,31406.1,31441.3,37471.0
1654554600000,31441.4,31469.8,31397.1,31434.0,23879.0
1654555500000,31434.1,31457.8,31385.0,31399.0,25875.0
1654556400000,31401.3,31437.2,31321.8,31357.0,62212.0
1654557300000,31357.0,31383.0,31326.3,31364.6,37397.0
1654558200000,31362.5,31362.5,31321.6,31345.9,23185.0
1654559100000,31345.8,31400.0,31328.9,31371.1,34911.0
1654560000000,31370.1,31384.5,31234.1,31244.6,101871.0
1654560900000,31244.0,31291.8,30636.0,30754.7,770296.0
1654561800000,30754.5,30788.8,30290.0,30319.5,768023.0
1654562700000,30319.4,30428.9,30141.2,30207.7,344786.0
1654563600000,30207.8,30271.6,29950.0,30194.8,502206.0
1654564500000,30195.9,30204.5,29820.0,29937.8,376285.0
1654565400000,29937.8,29937.8,29751.0,29791.2,294062.0
1654566300000,29791.3,29794.7,29363.6,29569.9,672935.0
1654567200000,29570.9,29571.7,29334.0,29428.7,316483.0
1654568100000,29428.7,29470.0,29210.0,29292.0,324575.0
1654569000000,29293.4,29410.8,29206.5,29298.9,214476.0
1654569900000,29299.5,29477.0,29289.3,29393.1,241186.0
1654570800000,29394.8,29461.8,29330.0,29442.0,125540.0
1654571700000,29441.9,29672.8,29431.3,29564.2,264549.0
1654572600000,29564.1,29639.7,29555.1,29603.4,143815.0
1654573500000,29603.5,29639.6,29536.5,29561.1,83666.0
1654574400000,29561.1,29584.8,29455.2,29496.0,156991.0
1654575300000,29496.1,29590.0,29468.8,29587.9,79005.0
1654576200000,29588.0,29612.0,29475.4,29518.4,66496.0
1654577100000,29518.5,29564.6,29498.8,29523.2,38958.0
1654578000000,29523.2,29540.0,29482.8,29500.4,52762.0
1654578900000,29500.4,29528.0,29379.4,29446.1,113782.0
1654579800000,29446.0,29530.0,29445.2,29496.2,46157.0
1654580700000,29496.7,29633.2,29473.0,29475.1,89573.0
1654581600000,29475.0,29559.2,29465.7,29512.7,69852.0
1654582500000,29513.4,29532.0,29443.4,29490.4,69008.0
1654583400000,29490.3,29520.7,29450.0,29496.6,32472.0
1654584300000,29496.5,29545.0,29476.3,29519.2,36677.0
1654585200000,29518.1,29556.8,29488.1,29556.8,37912.0
1654586100000,29556.8,29579.3,29496.3,29551.8,48633.0
1654587000000,29552.5,29570.0,29516.4,29523.6,38287.0
1654587900000,29523.7,29591.5,29523.7,29575.0,56971.0
1654588800000,29575.1,29626.4,29553.8,29610.0,67901.0
1654589700000,29610.0,29645.5,29592.1,29626.8,71931.0
1654590600000,29626.7,29737.0,29600.4,29713.2,150916.0
1654591500000,29714.0,29722.5,29610.0,29648.3,111963.0
1654592400000,29648.3,29664.0,29580.4,29597.5,74639.0
1654593300000,29597.6,29614.6,29539.7,29566.9,69203.0
1654594200000,29565.0,29589.9,29550.3,29579.3,38244.0
1654595100000,29579.3,29611.6,29558.1,29562.6,44940.0
1654596000000,29562.8,29622.6,29562.8,29619.7,34507.0
1654596900000,29619.7,29631.0,29523.4,29580.2,66676.0
1654597800000,29580.2,29639.0,29580.2,29600.1,45819.0
1654598700000,29600.0,29656.8,29576.8,29598.5,49987.0
1654599600000,29593.9,29615.9,29337.9,29456.6,309430.0
1654600500000,29456.6,29549.2,29420.0,29535.5,105195.0
1654601400000,29535.5,29555.9,29485.0,29500.3,43634.0
1654602300000,29495.2,29532.7,29471.5,29520.5,34612.0
1654603200000,29520.4,29546.8,29495.6,29506.4,50520.0
1654604100000,29506.4,29524.7,29393.0,29438.8,95564.0
1654605000000,29438.8,29565.9,29427.6,29552.8,86944.0
1654605900000,29552.7,29574.3,29450.0,29501.4,68769.0
1654606800000,29501.5,29537.5,29470.0,29474.4,29795.0
1654607700000,29474.5,29570.5,29474.5,29548.2,41116.0
1654608600000,29547.1,29655.1,29429.8,29619.6,235235.0
1654609500000,29620.4,29713.9,29545.9,29568.6,155032.0
1654610400000,29568.8,29655.3,29505.7,29574.5,104202.0
1654611300000,29574.9,29694.8,29543.0,29690.1,87633.0
1654612200000,29688.3,29917.3,29659.6,29886.4,426261.0
1654613100000,29886.5,30045.3,29870.0,29907.6,262730.0
1654614000000,29907.7,29966.0,29831.6,29946.6,144817.0
1654614900000,29946.6,30027.1,29791.5,29813.0,180511.0
1654615800000,29805.4,29859.9,29767.5,29835.8,151247.0
1654616700000,29835.9,29906.2,29795.9,29888.1,101323.0
1654617600000,29890.3,29895.8,29792.7,29839.0,55677.0
1654618500000,29839.6,29848.3,29743.0,29821.3,77447.0
1654619400000,29821.4,29955.0,29795.1,29911.5,106500.0
1654620300000,29911.5,29940.6,29866.1,29917.8,45748.0
1654621200000,29914.1,29973.0,29859.4,29932.6,60109.0
1654622100000,29936.8,29987.1,29887.5,29945.3,63675.0
1654623000000,29945.3,29955.9,29890.0,29913.0,34054.0
1654623900000,29913.0,29959.9,29901.6,29941.8,34371.0
1654624800000,29947.0,30171.7,29923.4,30147.2,212076.0
1654625700000,30150.0,30220.0,30080.1,30196.8,144423.0
1654626600000,30196.8,30265.4,30154.8,30170.3,152134.0
1654627500000,30169.3,30209.3,30133.4,30192.0,51143.0
1654628400000,30191.9,30476.0,30185.7,30426.3,279929.0
1654629300000,30429.3,30446.8,30360.0,30408.9,73784.0
1654630200000,30408.9,30939.6,30401.1,30919.6,502427.0
1654631100000,30919.7,31438.0,30908.5,31064.9,708214.0
1654632000000,31065.0,31548.9,31057.7,31268.1,537103.0
1654632900000,31271.2,31596.7,31271.2,31356.4,387601.0
1654633800000,31354.8,31489.0,31279.6,31387.5,204684.0
1654634700000,31387.4,31444.1,31291.4,31358.9,100389.0
1654635600000,31358.1,31510.0,31358.1,31445.1,99372.0
1654636500000,31445.1,31560.5,31310.7,31317.6,121899.0
1654637400000,31317.7,31469.5,31280.0,31434.2,118920.0
1654638300000,31434.2,31493.8,31372.0,31411.6,45634.0
1654639200000,31409.3,31501.9,31400.0,31432.5,93278.0
1654640100000,31432.6,31473.9,31321.0,31390.0,92214.0
1654641000000,31390.1,31401.9,31111.0,31144.2,194593.0
1654641900000,31144.2,31551.0,30303.0,31271.1,1118030.0
1654642800000,31265.5,31339.7,30907.9,31189.0,424496.0
1654643700000,31183.0,31367.0,30935.2,31136.3,233145.0
1654644600000,31134.5,31399.0,31134.5,31310.6,116203.0
1654645500000,31312.7,31368.9,31100.0,31130.6,110151.0
1654646400000,31130.6,31271.2,31050.0,31261.2,167087.0
1654647300000,31263.3,31303.3,31138.5,31277.2,101022.0
1654648200000,31277.1,31323.5,31153.9,31160.5,95543.0
1654649100000,31161.1,31207.0,31062.0,31081.1,73356.0
1654650000000,31080.5,31102.9,30738.0,30992.4,401618.0
1654650900000,30992.4,31138.2,30930.1,31086.0,191091.0
1654651800000,31087.6,31233.0,31018.9,31108.9,130163.0
1654652700000,31108.9,31144.3,31024.1,31116.7,71820.0
1654653600000,31115.3,31252.3,31103.2,31135.6,94296.0
1654654500000,31135.6,31183.9,31061.7,31096.1,45048.0
1654655400000,31096.2,31200.0,31046.7,31073.7,62775.0
1654656300000,31076.6,31093.1,30954.4,30969.2,119036.0
1654657200000,30969.4,31037.1,30845.5,30907.8,113995.0
1654658100000,30905.0,30905.0,30193.1,30242.0,795283.0
1654659000000,30242.0,30245.7,29824.8,29880.6,695034.0
1654659900000,29880.5,30222.7,29853.9,30018.1,437332.0
1654660800000,30018.0,30333.0,29868.6,30261.7,467509.0
1654661700000,30261.7,30398.8,30201.9,30286.1,214347.0
1654662600000,30288.2,30320.0,30162.5,30289.6,124336.0
1654663500000,30289.6,30355.5,30210.0,30243.7,108565.0
1654664400000,30243.7,30340.0,30210.7,30288.4,61831.0
1654665300000,30290.1,30324.9,30202.4,30257.6,65988.0
1654666200000,30260.4,30650.0,30250.3,30535.8,298110.0
1654667100000,30534.8,30646.2,30472.2,30541.1,148507.0
1654668000000,30541.1,30686.0,30487.8,30491.2,180552.0
1654668900000,30491.2,30560.0,30351.0,30437.6,113674.0
1654669800000,30436.1,30485.7,30386.6,30450.3,70603.0
1654670700000,30451.1,30531.4,30408.7,30529.1,70043.0
1654671600000,30529.2,30545.7,30314.2,30446.6,108552.0
1654672500000,30446.5,30456.4,30304.9,30379.7,78517.0
1654673400000,30380.7,30493.3,30344.9,30487.7,62084.0
1654674300000,30487.8,30638.4,30470.0,30552.7,153305.0
1654675200000,30552.8,30613.7,30477.1,30512.2,77313.0
1654676100000,30514.1,30567.0,30427.2,30515.3,95071.0
1654677000000,30515.9,30565.8,30438.3,30526.5,59477.0
1654677900000,30524.9,30560.0,30461.0,30509.9,50680.0
1654678800000,30509.8,30521.9,30388.2,30454.6,86658.0
1654679700000,30455.7,30473.2,30374.4,30446.6,55171.0
1654680600000,30446.3,30583.9,30415.0,30533.5,91716.0
1654681500000,30530.3,30531.7,30431.2,30530.0,41070.0
1654682400000,30533.0,30538.0,30402.0,30422.0,51071.0
1654683300000,30420.3,30464.4,30400.0,30422.3,28987.0
1654684200000,30422.3,30453.4,30400.0,30429.3,23004.0
1654685100000,30430.7,30438.9,30332.9,30384.2,64060.0
1654686000000,30384.2,30449.0,30340.0,30432.5,51505.0
1654686900000,30432.5,30479.4,30381.6,30412.5,42641.0
1654687800000,30413.7,30514.5,30402.7,30485.0,44386.0
1654688700000,30485.0,30485.0,30413.9,30413.9,30075.0
1654689600000,30413.4,30455.5,30374.3,30435.5,38108.0
1654690500000,30435.0,30447.1,30107.0,30218.2,195917.0
1654691400000,30218.2,30298.6,30158.6,30214.6,116618.0
1654692300000,30215.3,30248.0,30140.0,30143.0,95968.0
1654693200000,30143.0,30336.3,30052.2,30309.9,185197.0
1654694100000,30309.9,30398.0,30254.4,30373.1,100443.0
1654695000000,30369.3,30698.7,30218.3,30500.0,466678.0
1654695900000,30500.0,30900.0,30481.9,30765.7,439835.0
1654696800000,30765.6,30798.5,30523.3,30528.1,278056.0
1654697700000,30528.1,30658.4,30472.0,30504.5,168058.0
1654698600000,30506.1,30582.1,30332.8,30345.5,174943.0
1654699500000,30345.6,30458.0,30332.0,30431.1,120441.0
1654700400000,30431.0,30569.0,30377.6,30560.2,119489.0
1654701300000,30560.2,30569.6,30471.9,30480.9,81270.0
1654702200000,30480.9,30563.8,30391.4,30410.3,73388.0
1654703100000,30411.6,30496.6,30395.9,30478.7,60476.0
1654704000000,30476.1,30549.6,30439.4,30534.1,64615.0
1654704900000,30534.2,30552.5,30382.1,30445.6,85545.0
1654705800000,30445.6,30446.5,30237.9,30237.9,171682.0
1654706700000,30238.5,30349.9,30213.2,30339.9,66505.0
1654707600000,30337.0,30397.9,30291.5,30361.9,71597.0
1654708500000,30361.6,30461.9,30352.7,30383.3,104052.0
1654709400000,30383.4,30393.1,30300.0,30379.5,82641.0
1654710300000,30381.0,30420.0,30360.6,30389.1,29789.0
1654711200000,30388.3,30426.0,30314.2,30339.6,34396.0
1654712100000,30339.7,30354.3,30147.6,30215.0,129328.0
1654713000000,30214.8,30232.0,29908.8,30198.0,317997.0
1654713900000,30198.0,30333.0,30187.7,30242.4,114917.0
1654714800000,30236.4,30236.4,30074.4,30155.5,102534.0
1654715700000,30156.8,30293.0,30083.3,30232.3,77181.0
1654716600000,30233.7,30312.0,30221.5,30243.9,53467.0
1654717500000,30244.0,30274.6,30104.4,30141.0,67279.0
1654718400000,30135.4,30195.3,30092.4,30182.0,44862.0
1654719300000,30181.7,30219.4,30154.6,30199.9,21803.0
1654720200000,30199.9,30321.0,30168.9,30256.9,41917.0
1654721100000,30257.0,30259.4,30199.0,30204.2,20050.0
1654722000000,30204.2,30375.8,30198.9,30268.9,44145.0
1654722900000,30268.9,30344.1,30268.9,30302.6,22238.0
1654723800000,30302.6,30347.5,30300.0,30346.7,9374.0
1654724700000,30344.1,30516.6,30295.5,30422.5,96235.0
1654725600000,30422.5,30462.0,30334.8,30343.6,54845.0
1654726500000,30343.5,30356.5,30298.6,30328.0,39622.0
1654727400000,30325.5,30376.5,30281.1,30352.8,30216.0
1654728300000,30352.8,30397.4,30296.7,30311.8,24894.0
1654729200000,30309.2,30335.7,30283.5,30312.5,19854.0
1654730100000,30310.5,30372.4,30226.8,30294.3,50181.0
1654731000000,30290.5,30353.2,30209.1,30210.6,51029.0
1654731900000,30210.3,30263.4,30184.7,30202.5,56895.0
1654732800000,30202.6,30243.3,30110.0,30195.6,93836.0
1654733700000,30195.6,30197.3,30097.9,30137.1,68555.0
1654734600000,30137.4,30164.9,30070.0,30161.7,109491.0
1654735500000,30159.7,30275.0,30158.7,30221.3,106203.0
1654736400000,30221.3,30325.3,30210.1,30255.7,74552.0
1654737300000,30255.8,30309.4,30255.8,30279.9,41799.0
1654738200000,30279.9,30316.9,30235.4,30244.0,30018.0
1654739100000,30243.9,30243.9,30085.9,30087.9,134588.0
1654740000000,30087.8,30174.5,30068.0,30164.6,77742.0
1654740900000,30160.8,30200.0,30143.2,30187.1,60104.0
1654741800000,30186.0,30214.9,30153.8,30182.2,39741.0
1654742700000,30182.2,30210.0,30152.0,30201.9,27982.0
1654743600000,30201.9,30272.5,30185.9,30217.6,50935.0
1654744500000,30219.1,30273.0,30185.2,30257.3,41873.0
1654745400000,30258.2,30278.4,30223.2,30265.7,34195.0
1654746300000,30268.3,30298.5,30245.8,30287.0,38051.0
1654747200000,30287.0,30295.9,30256.5,30260.5,39979.0
1654748100000,30262.6,30291.5,30227.2,30275.3,45543.0
1654749000000,30275.3,30281.0,30238.3,30268.8,20340.0
1654749900000,30266.9,30270.0,30234.0,30261.6,23838.0
1654750800000,30261.6,30473.3,30245.3,30318.1,158008.0
1654751700000,30317.8,30400.0,30317.0,30378.3,60699.0
1654752600000,30378.3,30392.9,30340.1,30355.5,44570.0
1654753500000,30355.4,30370.9,30313.5,30317.0,36481.0
1654754400000,30317.0,30347.1,30300.0,30343.5,40941.0
1654755300000,30343.4,30343.4,30301.0,30314.6,20744.0
1654756200000,30314.6,30325.1,30285.5,30296.6,36532.0
1654757100000,30296.6,30365.5,30295.1,30340.0,35807.0
1654758000000,30340.1,30388.0,30320.3,30356.5,47834.0
1654758900000,30356.5,30432.0,30330.9,30416.3,63039.0
1654759800000,30415.7,30420.0,30340.0,30378.8,50100.0
1654760700000,30379.5,30500.0,30366.5,30491.5,127124.0
1654761600000,30491.4,30590.0,30389.0,30393.0,186618.0
1654762500000,30393.1,30456.7,30357.0,30436.7,70171.0
1654763400000,30436.7,30500.0,30400.0,30413.4,59572.0
1654764300000,30413.4,30560.1,30409.0,30509.7,109068.0
1654765200000,30509.7,30532.9,30473.6,30508.1,48259.0
1654766100000,30508.0,30630.0,30503.3,30587.9,69481.0
1654767000000,30587.8,30727.5,30559.0,30597.2,127381.0
1654767900000,30595.6,30647.6,30479.5,30550.0,85158.0
1654768800000,30550.0,30575.5,30500.7,30542.7,46250.0
1654769700000,30542.8,30588.0,30535.9,30585.8,39089.0
1654770600000,30585.9,30599.9,30514.1,30547.5,33633.0
1654771500000,30546.5,30555.0,30380.3,30434.5,123973.0
1654772400000,30435.1,30458.4,30368.5,30438.6,103488.0
1654773300000,30438.1,30450.9,30385.0,30426.8,49465.0
1654774200000,30427.2,30434.0,30326.8,30391.2,74958.0
1654775100000,30391.1,30442.5,30271.0,30306.0,137545.0
1654776000000,30304.4,30375.1,30266.1,30306.1,102418.0
1654776900000,30306.0,30306.0,30034.8,30230.1,512357.0
1654777800000,30230.0,30230.1,30062.0,30097.6,212340.0
1654778700000,30097.6,30176.0,30072.1,30123.2,103333.0
1654779600000,30123.1,30207.2,30069.9,30160.0,133425.0
1654780500000,30160.0,30241.5,30141.0,30142.0,103346.0
1654781400000,30144.0,30267.8,29938.0,30006.7,391207.0
1654782300000,30004.8,30244.0,30004.8,30173.5,259122.0
1654783200000,30174.1,30240.0,30064.8,30182.2,158947.0
1654784100000,30182.2,30277.6,30152.8,30257.2,127444.0
1654785000000,30257.2,30290.0,30189.8,30208.2,117198.0
1654785900000,30208.1,30211.7,30077.0,30122.5,125721.0
1654786800000,30120.5,30148.5,30038.0,30105.2,100129.0
1654787700000,30105.9,30195.0,30095.0,30135.8,68688.0
1654788600000,30134.7,30396.8,30124.1,30323.3,205586.0
1654789500000,30323.4,30348.4,30193.0,30306.6,123600.0
1654790400000,30306.7,30337.4,30177.8,30210.0,110447.0
1654791300000,30210.0,30230.0,30181.6,30217.4,49469.0
1654792200000,30217.5,30389.2,30190.0,30354.7,127336.0
1654793100000,30354.7,30375.3,30301.1,30357.0,70121.0
1654794000000,30356.9,30463.6,30305.2,30323.5,152239.0
1654794900000,30323.4,30355.0,30247.1,30261.9,56121.0
1654795800000,30261.9,30285.5,30206.3,30216.5,60583.0
1654796700000,30217.0,30327.1,30209.0,30327.1,30980.0
1654797600000,30327.3,30355.6,30250.4,30321.5,40445.0
1654798500000,30321.5,30336.8,30169.6,30242.6,66908.0
1654799400000,30238.1,30238.1,30142.8,30169.0,57543.0
1654800300000,30169.0,30205.9,30140.0,30154.7,36688.0
1654801200000,30154.7,30162.2,30100.5,30121.9,48327.0
1654802100000,30121.0,30178.0,30089.1,30093.3,47288.0
1654803000000,30094.2,30139.0,30089.0,30133.7,29642.0
1654803900000,30133.6,30143.3,29966.2,30018.5,85433.0
1654804800000,30019.9,30162.1,29968.2,30130.2,138061.0
1654805700000,30130.2,30157.3,30080.7,30127.6,47779.0
1654806600000,30127.6,30140.0,30100.2,30100.2,18388.0
1654807500000,30100.1,30208.8,30100.1,30188.0,35354.0
1654808400000,30187.9,30257.8,30160.5,30250.3,36759.0
1654809300000,30250.5,30256.7,30167.8,30179.9,25588.0
1654810200000,30179.9,30223.9,30138.9,30222.2,23729.0
1654811100000,30220.4,30220.5,30135.7,30141.0,12524.0
1654812000000,30141.0,30160.7,30093.3,30098.0,36623.0
1654812900000,30098.0,30121.5,30036.5,30096.6,54856.0
1654813800000,30095.9,30127.7,30011.3,30056.7,43227.0
1654814700000,30052.5,30091.6,30021.0,30071.4,32634.0
1654815600000,30071.4,30071.4,30002.3,30032.5,58879.0
1654816500000,30028.0,30121.9,29989.1,30094.2,62101.0
1654817400000,30094.2,30128.0,30071.9,30110.0,26660.0
1654818300000,30110.0,30127.4,30091.2,30109.0,19709.0
1654819200000,30109.1,30154.9,29980.0,29998.3,113630.0
1654820100000,29998.3,30004.9,29502.0,29804.4,561769.0
1654821000000,29804.1,29859.4,29682.3,29825.6,141889.0
1654821900000,29825.5,29883.4,29750.1,29752.2,116602.0
1654822800000,29753.0,29828.6,29734.0,29790.1,76354.0
1654823700000,29790.1,30052.0,29762.6,29962.6,203564.0
1654824600000,29962.5,29975.0,29900.3,29915.0,51036.0
1654825500000,29915.0,29945.0,29860.8,29886.2,48584.0
1654826400000,29886.1,30037.0,29867.2,29970.4,83885.0
1654827300000,29969.2,30028.7,29962.5,30008.9,45771.0
1654828200000,30009.9,30030.3,29972.5,29988.9,33023.0
1654829100000,29992.8,30028.8,29983.4,30024.4,30115.0
1654830000000,30024.4,30380.9,30022.0,30188.6,544333.0
1654830900000,30192.1,30273.9,30152.2,30209.1,65492.0
1654831800000,30209.1,30233.0,30157.0,30167.8,46595.0
1654832700000,30167.7,30177.9,30077.7,30112.0,56763.0
1654833600000,30112.0,30146.8,30047.9,30084.4,76218.0
1654834500000,30084.5,30130.0,30055.5,30077.5,62703.0
1654835400000,30077.6,30113.4,30065.5,30085.7,44441.0
1654836300000,30085.7,30120.9,30063.5,30098.3,35658.0
1654837200000,30098.4,30170.7,30092.4,30132.3,39757.0
1654838100000,30132.5,30165.1,30132.5,30160.7,20354.0
1654839000000,30162.2,30186.0,30156.0,30159.8,30298.0
1654839900000,30159.8,30189.0,30100.0,30103.6,39246.0
1654840800000,30103.6,30178.5,30087.4,30164.9,63651.0
1654841700000,30164.9,30229.6,30067.0,30150.0,143355.0
1654842600000,30147.9,30165.9,30099.0,30105.7,45581.0
1654843500000,30105.7,30129.9,30094.6,30102.4,23032.0
1654844400000,30101.8,30144.8,30085.4,30088.9,38090.0
1654845300000,30088.9,30116.5,30077.0,30100.0,31330.0
1654846200000,30100.0,30144.9,30088.7,30121.5,24740.0
1654847100000,30120.0,30135.4,30060.0,30060.1,40047.0
1654848000000,30060.0,30126.1,30050.0,30076.4,53661.0
1654848900000,30076.4,30096.7,30003.0,30033.2,66704.0
1654849800000,30033.2,30069.9,29976.5,30028.5,88481.0
1654850700000,30028.0,30082.3,30015.9,30027.9,37515.0
1654851600000,30027.8,30051.0,29987.0,30000.5,55322.0
1654852500000,30000.4,30068.2,29888.0,30041.3,170349.0
1654853400000,30041.3,30058.0,29966.6,29994.1,47419.0
1654854300000,29994.1,30012.9,29860.2,29897.6,104208.0
1654855200000,29897.6,29939.6,29869.1,29916.8,78570.0
1654856100000,29916.9,29986.9,29912.3,29974.9,62985.0
1654857000000,29975.6,30004.0,29953.0,29970.3,48540.0
1654857900000,29970.2,30013.2,29966.5,30002.8,35926.0
1654858800000,30002.9,30049.8,29980.6,30010.2,43935.0
1654859700000,30009.1,30016.5,29967.6,29978.2,30033.0
1654860600000,29976.3,30088.0,29975.7,30038.0,66594.0
1654861500000,30038.5,30043.8,30015.1,30018.9,42165.0
1654862400000,30018.9,30158.0,29987.6,30118.5,102282.0
1654863300000,30118.5,30195.7,30067.0,30106.8,93811.0
1654864200000,30106.1,30106.1,29475.1,29693.5,1138264.0
1654865100000,29693.5,29798.8,29574.8,29642.5,245340.0
1654866000000,29640.8,29719.1,29587.0,29649.2,153726.0
1654866900000,29648.6,29657.5,29269.9,29452.9,471641.0
1654867800000,29453.8,29551.1,29272.5,29523.3,453440.0
1654868700000,29523.9,29587.0,29360.0,29401.1,243083.0
1654869600000,29401.8,29437.4,29222.0,29356.3,317755.0
1654870500000,29356.3,29482.4,29335.8,29450.1,145966.0
1654871400000,29450.6,29644.8,29444.4,29630.8,204217.0
1654872300000,29628.9,29698.6,29534.9,29561.1,174735.0
1654873200000,29561.2,29622.0,29526.7,29532.9,100452.0
1654874100000,29533.5,29540.0,29363.1,29404.9,167598.0
1654875000000,29404.8,29465.0,29377.0,29458.0,104993.0
1654875900000,29457.9,29503.2,29410.0,29452.2,100294.0
1654876800000,29452.5,29487.7,29350.0,29360.5,128920.0
1654877700000,29360.1,29415.8,28850.6,28968.0,661465.0
1654878600000,28968.1,29174.4,28851.5,29005.6,445243.0
1654879500000,29006.3,29111.7,28926.0,29053.8,166018.0
1654880400000,29053.7,29073.0,28924.1,28961.5,140644.0
1654881300000,28959.3,29203.0,28936.3,29158.1,182381.0
1654882200000,29158.1,29162.5,29064.3,29125.5,108163.0
1654883100000,29125.2,29204.0,29085.4,29117.5,83120.0
1654884000000,29117.5,29147.1,29035.5,29107.9,70237.0
1654884900000,29108.7,29140.0,29050.0,29066.3,65867.0
1654885800000,29066.3,29091.7,28975.2,28998.6,58310.0
1654886700000,28998.6,29107.1,28990.2,29067.6,70901.0
1654887600000,29067.6,29080.9,28961.6,29048.9,97501.0
1654888500000,29048.7,29191.0,28953.2,29054.2,102798.0
1654889400000,29054.1,29153.7,29019.0,29043.5,83587.0
1654890300000,29041.8,29056.4,28967.4,28982.6,76658.0
1654891200000,28988.0,29189.8,28972.6,29123.5,99989.0
1654892100000,29120.1,29269.4,29119.2,29206.0,90195.0
1654893000000,29206.1,29223.1,29177.2,29179.5,26592.0
1654893900000,29179.6,29232.8,29152.1,29207.7,52057.0
1654894800000,29207.7,29232.6,29175.4,29186.7,25378.0
1654895700000,29186.7,29193.5,29170.0,29173.6,18133.0
1654896600000,29173.6,29247.3,29155.1,29228.9,12104.0
1654897500000,29229.0,29436.8,29189.9,29196.9,90588.0
1654898400000,29196.9,29309.4,29193.2,29245.3,46688.0
1654899300000,29245.3,29281.9,29144.9,29169.6,68049.0
1654900200000,29169.5,29184.0,29104.9,29133.2,54982.0
1654901100000,29133.1,29242.3,29133.1,29175.0,50627.0
1654902000000,29174.9,29215.5,29146.0,29185.5,23625.0
1654902900000,29185.5,29189.4,29024.7,29110.6,74978.0
1654903800000,29110.7,29150.8,29062.2,29086.9,60586.0
1654904700000,29086.9,29112.9,29046.9,29095.4,42807.0
1654905600000,29095.4,29202.0,29046.9,29177.5,78930.0
1654906500000,29180.5,29250.1,29145.9,29193.2,55814.0
1654907400000,29193.1,29244.9,29175.3,29223.2,49021.0
1654908300000,29223.9,29248.3,29208.4,29230.7,57342.0
1654909200000,29230.0,29256.2,29180.1,29208.8,48387.0
1654910100000,29212.9,29219.0,29175.0,29219.0,54155.0
1654911000000,29219.0,29263.7,29182.0,29253.1,46311.0
1654911900000,29253.0,29254.5,29185.0,29204.9,26837.0
1654912800000,29205.0,29229.4,29182.0,29205.4,31714.0
1654913700000,29205.5,29248.8,29174.8,29240.7,26731.0
1654914600000,29243.3,29249.9,29208.9,29239.5,14023.0
1654915500000,29239.4,29296.0,29206.6,29261.4,39299.0
1654916400000,29261.4,29320.0,29240.1,29265.7,36940.0
1654917300000,29265.7,29272.5,29231.0,29267.4,27988.0
1654918200000,29267.4,29286.5,29247.0,29252.8,22748.0
1654919100000,29252.8,29283.6,29248.1,29268.3,15585.0
1654920000000,29268.3,29321.0,29246.2,29299.2,46968.0
1654920900000,29299.1,29342.0,29283.2,29318.0,43337.0
1654921800000,29317.6,29350.0,29309.9,29337.5,25175.0
1654922700000,29338.9,29384.7,29336.0,29379.6,62277.0
1654923600000,29379.6,29447.8,29372.9,29372.9,113584.0
1654924500000,29372.9,29373.0,29304.2,29329.6,74270.0
1654925400000,29329.6,29339.4,29299.3,29309.5,22031.0
1654926300000,29309.9,29325.0,29251.0,29282.0,59290.0
1654927200000,29282.0,29308.8,29263.1,29277.0,36357.0
1654928100000,29276.3,29302.1,29274.1,29298.5,18951.0
1654929000000,29295.0,29313.3,29269.9,29304.6,36673.0
1654929900000,29304.6,29310.0,29289.8,29308.9,15946.0
1654930800000,29308.9,29337.0,29294.5,29295.9,31316.0
1654931700000,29295.8,29350.3,29285.7,29317.6,36559.0
1654932600000,29317.7,29358.0,29317.6,29336.6,23700.0
1654933500000,29336.6,29344.4,29313.1,29315.3,16805.0
1654934400000,29315.4,29341.2,29253.1,29261.8,53692.0
1654935300000,29261.7,29291.1,29251.0,29257.9,47184.0
1654936200000,29257.9,29279.9,29076.8,29146.4,259971.0
1654937100000,29146.5,29177.0,28977.9,28991.8,301657.0
1654938000000,28988.3,29043.9,28726.5,28980.8,782966.0
1654938900000,28980.8,29124.1,28930.7,29062.7,212787.0
1654939800000,29063.0,29194.9,29062.5,29132.9,136042.0
1654940700000,29132.8,29180.4,29072.1,29078.1,83412.0
1654941600000,29078.1,29136.9,29062.6,29075.4,86458.0
1654942500000,29075.5,29096.9,29056.0,29065.4,34462.0
1654943400000,29065.4,29065.4,28934.5,28959.9,107989.0
1654944300000,28959.8,29000.0,28856.8,28926.7,157212.0
1654945200000,28926.7,28980.0,28849.8,28941.9,102030.0
1654946100000,28941.8,28944.1,28758.7,28794.3,236813.0
1654947000000,28798.4,28885.0,28580.0,28769.2,402011.0
1654947900000,28769.3,28794.1,28660.0,28740.0,142178.0
1654948800000,28737.4,28852.5,28732.8,28777.8,185376.0
1654949700000,28777.9,28811.9,28704.3,28790.6,79378.0
1654950600000,28787.8,28789.7,28666.0,28736.9,97150.0
1654951500000,28737.0,28741.8,28448.0,28484.4,319234.0
1654952400000,28484.1,28594.9,28330.0,28563.0,393622.0
1654953300000,28559.9,28712.7,28520.0,28672.7,246279.0
1654954200000,28672.6,28877.9,28655.1,28715.3,290169.0
1654955100000,28715.4,28809.2,28700.0,28770.4,71503.0
1654956000000,28770.5,28776.7,28661.5,28700.0,68384.0
1654956900000,28700.0,28700.0,28574.0,28629.0,162166.0
1654957800000,28628.9,28670.0,28467.6,28520.2,159030.0
1654958700000,28520.1,28640.0,28388.0,28435.0,229475.0
1654959600000,28431.0,28620.0,28341.0,28544.5,271490.0
1654960500000,28544.9,28595.5,28250.2,28510.0,395999.0
1654961400000,28510.0,28536.2,28240.7,28303.4,306004.0
1654962300000,28303.4,28460.0,28267.5,28411.6,162433.0
1654963200000,28415.6,28510.0,28350.0,28395.0,170523.0
1654964100000,28399.6,28422.7,28095.0,28315.8,480377.0
1654965000000,28315.8,28419.9,28215.2,28400.0,206397.0
1654965900000,28401.1,28506.4,28390.0,28471.4,169133.0
1654966800000,28473.1,28586.0,28392.1,28491.7,137887.0
1654967700000,28491.6,28543.1,28430.3,28506.0,67992.0
1654968600000,28506.0,28580.0,28428.0,28500.7,127304.0
1654969500000,28500.6,28555.0,28471.9,28501.0,62145.0
1654970400000,28500.0,28555.0,28450.8,28504.6,62171.0
1654971300000,28504.5,28577.7,28456.7,28527.7,57504.0
1654972200000,28527.7,28798.0,28514.1,28598.2,228697.0
1654973100000,28599.8,28685.5,28571.3,28614.6,80603.0
1654974000000,28614.6,28754.4,28600.4,28741.4,75937.0
1654974900000,28741.4,28760.6,28667.5,28675.2,44929.0
1654975800000,28674.5,28725.1,28641.1,28650.9,49714.0
1654976700000,28650.9,28664.1,28600.0,28600.0,31754.0
1654977600000,28600.1,28619.1,28541.2,28564.9,35721.0
1654978500000,28565.0,28629.8,28524.6,28534.6,46048.0
1654979400000,28534.6,28537.7,28452.5,28500.9,64514.0
1654980300000,28497.6,28520.2,28372.4,28404.2,61106.0
1654981200000,28407.4,28537.0,28389.5,28528.0,37651.0
1654982100000,28528.0,28597.3,28519.4,28569.0,39243.0
1654983000000,28569.0,28622.0,28530.0,28599.9,36065.0
1654983900000,28600.0,28600.0,28550.0,28566.1,14962.0
1654984800000,28566.0,28623.4,28545.3,28593.7,26603.0
1654985700000,28593.7,28622.3,28570.6,28603.7,18439.0
1654986600000,28603.7,28691.2,28603.7,28638.1,59838.0
1654987500000,28638.0,28676.7,28638.0,28640.0,19091.0
1654988400000,28640.1,28648.6,28461.0,28470.4,91877.0
1654989300000,28470.4,28517.6,28440.9,28482.6,38158.0
1654990200000,28482.6,28485.9,28246.0,28343.6,253964.0
1654991100000,28343.1,28428.9,28301.4,28427.8,66704.0
1654992000000,28429.8,28537.0,28377.9,28511.7,77477.0
1654992900000,28514.9,28525.0,28450.1,28480.1,42393.0
1654993800000,28480.1,28531.6,28432.2,28520.0,36008.0
1654994700000,28520.0,28548.6,28455.0,28510.1,36487.0
1654995600000,28510.0,28524.1,28326.2,28396.1,81339.0
1654996500000,28396.1,28404.2,28270.3,28331.8,80784.0
1654997400000,28326.5,28420.3,28273.0,28347.3,90432.0
1654998300000,28347.4,28379.9,28165.0,28250.4,118983.0
1654999200000,28250.4,28349.5,28207.7,28336.3,98800.0
1655000100000,28336.3,28342.9,27800.0,27888.0,486329.0
1655001000000,27888.0,27949.2,27300.0,27507.2,744846.0
1655001900000,27507.1,27634.4,27278.9,27421.0,339206.0
1655002800000,27417.9,27539.9,27260.0,27526.1,284852.0
1655003700000,27526.1,27574.6,27445.2,27528.6,99946.0
1655004600000,27528.4,27750.0,27517.8,27643.1,191510.0
1655005500000,27643.0,27643.0,27546.9,27550.5,55977.0
1655006400000,27550.0,27650.0,27459.9,27493.8,94590.0
1655007300000,27493.7,27556.1,27492.5,27518.1,49768.0
1655008200000,27518.0,27580.0,27486.3,27505.4,47020.0
1655009100000,27505.5,27535.0,27423.5,27433.0,70767.0
1655010000000,27433.0,27472.7,27325.0,27388.0,172059.0
1655010900000,27388.1,27432.9,27214.7,27277.7,230541.0
1655011800000,27273.9,27388.0,27180.0,27355.7,189204.0
1655012700000,27355.7,27437.9,27234.8,27271.1,135395.0
1655013600000,27268.0,27437.4,27240.0,27410.5,110699.0
1655014500000,27412.1,27504.7,27376.2,27472.0,115196.0
1655015400000,27471.6,27548.2,27446.9,27499.9,125687.0
1655016300000,27500.0,27542.0,27470.1,27478.6,49511.0
1655017200000,27478.6,27511.8,27432.4,27461.9,51908.0
1655018100000,27461.9,27469.1,27406.8,27407.4,40406.0
1655019000000,27407.5,27490.0,27386.2,27463.2,49071.0
1655019900000,27459.6,27676.2,27425.6,27639.9,164395.0
1655020800000,27639.9,27645.4,27533.3,27533.3,65087.0
1655021700000,27533.3,27665.0,27533.3,27637.6,66558.0
1655022600000,27637.6,27716.0,27588.3,27609.6,122436.0
1655023500000,27609.6,27626.5,27550.0,27570.1,49334.0
1655024400000,27570.1,27612.0,27534.1,27538.1,52704.0
1655025300000,27538.1,27600.0,27469.9,27554.4,80043.0
1655026200000,27555.0,27563.6,27480.0,27514.5,57883.0
1655027100000,27514.9,27528.5,27447.1,27473.5,45398.0
1655028000000,27470.1,27501.7,27353.0,27436.2,146627.0
1655028900000,27436.2,27569.7,27419.1,27520.5,91353.0
1655029800000,27520.1,27584.8,27480.6,27488.0,42186.0
1655030700000,27489.0,27501.0,27425.1,27444.9,46037.0
1655031600000,27445.0,27479.3,27403.0,27450.2,51447.0
1655032500000,27450.2,27459.2,27356.0,27389.7,55407.0
1655033400000,27389.6,27508.9,27368.7,27453.1,69016.0
1655034300000,27457.8,27533.9,27450.5,27462.9,41778.0
1655035200000,27463.0,27528.0,27451.3,27508.7,39807.0
1655036100000,27508.7,27572.4,27480.2,27519.1,47844.0
1655037000000,27518.6,27591.6,27418.1,27441.4,74922.0
1655037900000,27441.4,27489.6,27431.0,27435.6,26873.0
1655038800000,27435.5,27479.9,27390.8,27450.6,77563.0
1655039700000,27450.7,27467.0,27285.0,27357.8,104553.0
1655040600000,27357.8,27400.1,27326.4,27352.7,78067.0
1655041500000,27352.5,27352.5,27229.9,27315.7,145164.0
1655042400000,27315.8,27368.8,27240.0,27240.7,142367.0
1655043300000,27240.0,27600.0,26874.1,27461.2,954179.0
1655044200000,27462.2,27713.7,27461.2,27525.0,528577.0
1655045100000,27525.0,27964.9,27491.0,27813.3,621527.0
1655046000000,27817.8,27947.9,27773.1,27878.9,248674.0
1655046900000,27878.9,28265.7,27871.3,28138.9,540168.0
1655047800000,28136.9,28348.0,28081.7,28150.7,297185.0
1655048700000,28152.6,28169.9,27963.0,28089.4,159791.0
1655049600000,28087.8,28153.2,28022.0,28145.9,108604.0
1655050500000,28143.1,28182.8,27985.4,27994.4,87844.0
1655051400000,27996.5,28043.6,27854.3,27962.8,198382.0
1655052300000,27962.4,27985.0,27811.2,27930.9,114019.0
1655053200000,27933.5,28099.0,27918.6,28033.5,145935.0
1655054100000,28033.5,28140.0,28033.5,28117.8,100244.0
1655055000000,28117.7,28185.0,28080.0,28142.5,98211.0
1655055900000,28142.4,28241.9,28102.6,28127.6,89958.0
1655056800000,28128.6,28146.2,27967.2,28012.9,136949.0
1655057700000,28013.1,28046.2,27951.6,27979.3,42488.0
1655058600000,27979.2,27999.6,27911.0,27913.8,61317.0
1655059500000,27913.8,27995.2,27876.2,27907.5,92267.0
1655060400000,27907.4,27938.7,27830.9,27844.2,68562.0
1655061300000,27841.4,27844.9,27511.3,27529.3,348182.0
1655062200000,27529.5,27653.7,27486.0,27543.1,119673.0
1655063100000,27543.2,27573.1,27420.3,27422.0,97057.0
1655064000000,27421.9,27534.1,27382.1,27478.9,131614.0
1655064900000,27473.8,27560.2,27428.7,27452.2,61423.0
1655065800000,27450.1,27465.4,27360.1,27426.5,77863.0
1655066700000,27426.5,27440.5,27360.1,27382.8,37044.0
1655067600000,27384.3,27506.7,27336.0,27501.9,65118.0
1655068500000,27502.0,27532.7,27451.6,27484.4,57313.0
1655069400000,27484.5,27494.1,27390.3,27474.5,16687.0
1655070300000,27474.6,27484.8,27360.6,27375.1,29159.0
1655071200000,27375.1,27457.0,27125.3,27374.7,259397.0
1655072100000,27374.8,27444.5,27187.4,27235.4,123782.0
1655073000000,27235.5,27252.1,26950.0,27090.0,221683.0
1655073900000,27087.2,27191.9,26919.2,26997.4,394571.0
1655074800000,26997.4,27180.0,26956.8,27154.4,174933.0
1655075700000,27154.4,27172.9,26971.5,27104.8,104660.0
1655076600000,27104.6,27127.5,26611.0,26844.5,484849.0
1655077500000,26844.5,26910.5,26550.0,26580.8,377304.0
1655078400000,26582.3,26800.0,26423.2,26627.0,657987.0
1655079300000,26627.1,26886.3,26488.0,26811.7,412732.0
1655080200000,26811.6,26895.9,26588.0,26591.6,253325.0
1655081100000,26591.6,26668.4,26282.8,26310.4,568758.0
1655082000000,26310.3,26473.2,26062.5,26074.4,615077.0
1655082900000,26076.4,26251.2,25931.8,26032.6,585122.0
1655083800000,26024.5,26181.6,25944.9,26054.1,315786.0
1655084700000,26048.6,26048.6,25590.0,25776.6,678063.0
1655085600000,25776.9,25863.0,25591.6,25647.7,356671.0
1655086500000,25650.6,25799.9,25480.0,25783.8,489678.0
1655087400000,25781.7,25825.0,25643.6,25724.7,251338.0
1655088300000,25724.7,25729.9,25333.0,25342.3,393943.0
1655089200000,25343.9,25481.2,24972.9,25216.6,989030.0
1655090100000,25216.7,25367.4,24877.1,25276.5,766508.0
1655091000000,25276.3,25677.0,25243.2,25478.9,572169.0
1655091900000,25478.9,25658.1,25462.6,25512.5,280503.0
1655092800000,25510.1,26021.3,25390.0,25822.2,571091.0
1655093700000,25822.3,26257.3,25752.5,26090.0,627429.0
1655094600000,26089.9,26149.5,25700.0,25804.5,440289.0
1655095500000,25805.5,25810.4,25380.4,25393.7,423634.0
1655096400000,25390.7,25733.4,25347.6,25715.2,350786.0
1655097300000,25712.4,25856.3,25618.1,25655.9,268763.0
1655098200000,25655.9,25689.4,25455.1,25474.2,207264.0
1655099100000,25476.0,25543.0,25188.4,25233.3,480042.0
1655100000000,25233.3,25499.7,25050.0,25418.8,618186.0
1655100900000,25418.7,25600.0,25227.3,25331.8,374020.0
1655101800000,25331.8,25548.9,25190.0,25196.0,257071.0
1655102700000,25198.5,25362.1,25162.7,25355.7,322655.0
1655103600000,25355.7,25469.7,25281.9,25366.7,220093.0
1655104500000,25366.6,25460.9,25160.9,25176.6,205063.0
1655105400000,25175.6,25220.4,24674.1,24902.6,758709.0
1655106300000,24904.2,25115.0,24550.0,24808.4,775003.0
1655107200000,24805.7,24933.9,24566.1,24821.7,673061.0
1655108100000,24821.5,24865.0,24541.4,24743.5,493896.0
1655109000000,24744.5,24930.4,24401.0,24568.6,866083.0
1655109900000,24568.7,24586.2,24118.3,24174.4,768973.0
1655110800000,24177.4,24514.5,24015.3,24514.5,898594.0
1655111700000,24509.1,24602.5,24205.8,24299.7,624784.0
1655112600000,24302.8,24314.9,23779.3,23922.3,1055874.0
1655113500000,23921.9,24180.0,23766.0,24045.2,719761.0
1655114400000,24044.8,24262.9,23935.3,23997.3,553627.0
1655115300000,23997.2,24296.1,23830.3,24208.4,558806.0
1655116200000,24208.6,24325.6,24079.2,24184.4,330394.0
1655117100000,24184.4,24184.5,23895.8,23995.9,392809.0
1655118000000,23995.0,24106.0,23777.8,23864.4,399083.0
1655118900000,23864.4,23885.1,23565.4,23617.8,667066.0
1655119800000,23617.8,23788.6,23543.9,23689.7,360004.0
1655120700000,23690.7,23750.0,23476.4,23724.4,377137.0
1655121600000,23722.3,24380.0,23650.0,24350.7,718342.0
1655122500000,24352.2,24370.3,23987.1,24169.5,602487.0
1655123400000,24171.4,24277.7,24011.8,24031.0,265276.0
1655124300000,24029.5,24134.4,23629.6,23675.7,444840.0
1655125200000,23675.7,23791.7,23600.0,23626.5,328048.0
1655126100000,23626.5,23675.4,23371.6,23417.4,516311.0
1655127000000,23416.7,23971.0,23345.4,23623.7,1109287.0
1655127900000,23623.6,23784.6,23574.5,23657.9,485627.0
1655128800000,23652.2,23746.8,23350.0,23425.5,497871.0
1655129700000,23423.6,23481.3,23246.9,23437.0,527898.0
1655130600000,23436.2,23507.9,23020.0,23057.6,513030.0
1655131500000,23056.7,23192.4,22578.5,22802.2,1256748.0
1655132400000,22805.1,22939.3,22611.6,22838.8,770937.0
1655133300000,22838.7,23299.0,22820.8,22939.0,939014.0
1655134200000,22939.1,23478.7,22921.2,23459.9,611272.0
1655135100000,23461.5,23499.0,23129.1,23270.8,359165.0
1655136000000,23275.0,24148.0,23116.8,23846.9,1016954.0
1655136900000,23844.8,24030.8,23652.2,23897.1,614421.0
1655137800000,23896.0,24244.8,23633.9,23638.7,605982.0
1655138700000,23638.3,23943.7,23638.3,23729.2,345019.0
1655139600000,23730.1,23761.0,23431.0,23492.0,270871.0
1655140500000,23492.4,23535.1,23234.6,23277.3,248219.0
1655141400000,23275.0,23580.8,23101.7,23555.3,452898.0
1655142300000,23559.9,23622.1,23417.2,23548.2,293094.0
1655143200000,23544.2,23706.7,23438.6,23692.9,152706.0
1655144100000,23692.8,23817.7,23561.4,23642.3,248748.0
1655145000000,23642.9,23711.2,23487.0,23646.2,174550.0
1655145900000,23644.0,23700.0,23354.3,23377.9,185684.0
1655146800000,23375.1,23413.8,23210.0,23264.6,169775.0
1655147700000,23263.8,23394.9,23136.9,23160.1,304577.0
1655148600000,23160.1,23351.6,23106.2,23217.0,232294.0
1655149500000,23215.3,23332.9,23170.1,23214.5,145666.0
1655150400000,23220.5,23518.0,23209.4,23398.6,157086.0
1655151300000,23400.2,23640.5,23378.6,23608.9,182666.0
1655152200000,23605.8,23791.6,23435.2,23470.8,212019.0
1655153100000,23466.8,23498.9,23243.1,23246.4,147733.0
1655154000000,23246.8,23386.2,23165.8,23254.3,121302.0
1655154900000,23254.0,23349.0,23214.3,23220.1,65022.0
1655155800000,23220.1,23259.8,22855.7,22918.5,177759.0
1655156700000,22918.1,23102.8,22910.5,23065.0,138840.0
1655157600000,23062.5,23140.7,22888.1,22992.1,103826.0
1655158500000,22992.0,23004.1,22881.1,22915.9,83275.0
1655159400000,22918.5,23062.9,22735.4,22781.1,208758.0
1655160300000,22781.0,22835.0,22557.5,22587.9,324296.0
1655161200000,22587.8,22652.8,22202.0,22216.5,652964.0
1655162100000,22215.5,22481.7,22035.6,22155.0,718139.0
1655163000000,22152.7,22360.0,21910.1,22297.4,772467.0
1655163900000,22297.5,22545.0,22258.6,22478.0,392230.0
1655164800000,22479.4,22799.5,22312.2,22699.9,604693.0
1655165700000,22700.4,22701.5,22251.1,22312.3,370039.0
1655166600000,22312.3,22467.3,22232.4,22366.4,321954.0
1655167500000,22366.4,22366.4,21726.1,21746.9,506560.0
1655168400000,21751.7,21884.8,21474.1,21621.0,875433.0
1655169300000,21618.9,21669.3,21133.0,21169.0,807993.0
1655170200000,21167.8,21381.4,20980.0,21001.7,878417.0
1655171100000,21000.3,21347.8,20827.4,20839.6,884119.0
1655172000000,20842.1,21529.6,20828.9,21298.0,939781.0
1655172900000,21300.8,21642.0,20924.2,21106.8,732412.0
1655173800000,21106.7,21485.0,21045.3,21478.2,671215.0
1655174700000,21478.2,21773.0,21380.0,21540.4,718425.0
1655175600000,21539.6,21719.9,21305.6,21671.8,408652.0
1655176500000,21671.3,21974.7,21648.5,21904.2,621185.0
1655177400000,21904.3,22280.7,21824.2,21935.9,705478.0
1655178300000,21935.9,22196.4,21851.5,22114.6,288699.0
1655179200000,22114.4,22488.0,22057.5,22086.4,774585.0
1655180100000,22087.0,22135.6,21763.5,21899.4,543616.0
1655181000000,21899.3,22097.5,21803.0,21929.9,371807.0
1655181900000,21929.9,22084.0,21766.7,21967.8,369136.0
1655182800000,21968.8,22448.0,21915.3,22320.0,682925.0
1655183700000,22320.5,23374.3,22318.1,22868.8,1745622.0
1655184600000,22868.4,23045.2,22680.0,22914.9,667594.0
1655185500000,22914.8,22985.9,22705.0,22751.1,369320.0
1655186400000,22751.1,22915.1,22483.7,22553.4,566514.0
1655187300000,22556.4,22629.9,22319.6,22512.3,544422.0
1655188200000,22516.7,22658.3,22361.5,22390.9,327029.0
1655189100000,22390.3,22685.0,22320.0,22634.0,353877.0
1655190000000,22633.6,22718.9,22200.0,22258.4,591420.0
1655190900000,22256.1,22560.0,22149.9,22557.8,390321.0
1655191800000,22554.8,22949.7,22406.9,22843.3,657840.0
1655192700000,22841.4,23055.6,22780.0,22874.1,411935.0
1655193600000,22877.5,22906.5,22669.9,22720.6,287737.0
1655194500000,22718.4,22855.2,22682.5,22804.4,146295.0
1655195400000,22804.3,23003.2,22700.0,22716.6,338007.0
1655196300000,22712.8,22756.0,22570.7,22610.0,179642.0
1655197200000,22611.1,22660.0,22528.4,22600.7,132432.0
1655198100000,22597.3,22710.7,22455.0,22468.0,224047.0
1655199000000,22466.8,22533.1,22369.2,22421.1,213444.0
1655199900000,22421.5,22474.4,22286.7,22304.2,296285.0
1655200800000,22302.9,22405.6,22250.0,22342.4,211653.0
1655201700000,22342.2,22565.9,22267.4,22510.1,265713.0
1655202600000,22510.1,22649.2,22424.0,22493.9,244072.0
1655203500000,22492.3,22560.2,22315.5,22382.9,164275.0
1655204400000,22387.1,22429.1,22166.0,22192.2,352460.0
1655205300000,22191.8,22197.8,21959.2,21976.7,444975.0
1655206200000,21974.9,22059.0,21760.0,21771.5,357352.0
1655207100000,21772.9,22032.0,21722.0,21995.8,408215.0
1655208000000,21995.9,22166.0,21900.7,21950.1,261194.0
1655208900000,21950.1,21979.9,21808.4,21814.9,175233.0
1655209800000,21814.8,22456.0,21812.9,22258.0,692658.0
1655210700000,22255.1,22367.3,22123.1,22153.2,230916.0
1655211600000,22149.1,22346.5,22130.0,22265.5,157383.0
1655212500000,22265.6,22578.0,22265.6,22534.2,415927.0
1655213400000,22533.1,22591.2,21985.0,22056.8,543676.0
1655214300000,22056.8,22455.4,22001.0,22416.3,435057.0
1655215200000,22416.3,22490.2,22122.7,22211.9,397118.0
1655216100000,22211.8,22230.7,22065.9,22129.3,276264.0
1655217000000,22127.7,22296.6,22010.0,22182.7,402291.0
1655217900000,22184.8,22560.0,22140.5,22512.2,481568.0
1655218800000,22512.2,22788.8,22464.8,22536.8,372216.0
1655219700000,22535.0,22559.8,22352.9,22478.2,254190.0
1655220600000,22478.0,22692.5,22265.1,22667.9,352394.0
1655221500000,22665.9,22848.6,22607.4,22691.7,378578.0
1655222400000,22689.4,22782.4,22496.7,22534.0,298441.0
1655223300000,22538.1,22732.0,22490.0,22679.3,189833.0
1655224200000,22682.2,22748.3,22462.6,22495.6,226796.0
1655225100000,22498.3,22539.8,22421.9,22485.1,134966.0
1655226000000,22485.0,22641.0,22431.6,22569.6,189800.0
1655226900000,22569.6,22736.7,22561.4,22639.9,141915.0
1655227800000,22639.1,22692.0,22351.1,22410.0,271549.0
1655228700000,22414.4,22449.8,22331.2,22354.5,182416.0
1655229600000,22354.0,22478.9,22340.3,22435.0,104054.0
1655230500000,22439.0,22531.5,22412.4,22444.3,86886.0
1655231400000,22441.1,22585.0,22366.7,22494.9,195798.0
1655232300000,22494.6,22540.4,22226.3,22293.3,203319.0
1655233200000,22293.4,22327.5,22117.9,22121.9,134003.0
1655234100000,22122.9,22209.6,22122.9,22152.1,67021.0
1655235000000,22152.2,22317.6,22135.5,22240.1,158499.0
1655235900000,22240.1,22277.4,22134.2,22187.4,114731.0
1655236800000,22192.9,22249.5,22161.2,22179.1,43877.0
1655237700000,22179.2,22239.4,21910.3,21932.8,239619.0
1655238600000,21929.3,22084.3,21848.0,21862.0,306012.0
1655239500000,21866.9,22055.0,21839.2,21991.5,192013.0
1655240400000,21991.5,22094.8,21968.0,22001.2,150683.0
1655241300000,22001.2,22025.3,21489.5,21553.4,319685.0
1655242200000,21553.8,21648.4,21424.3,21484.1,133747.0
1655243100000,21484.0,21563.2,21345.4,21479.9,157004.0
1655244000000,21479.6,21651.9,21467.6,21579.1,208941.0
1655244900000,21577.3,21614.5,21519.5,21604.2,94367.0
1655245800000,21604.2,21626.0,21470.7,21578.5,140552.0
1655246700000,21582.5,21664.4,21561.9,21596.6,82227.0
1655247600000,21596.0,21887.1,21574.1,21710.9,303845.0
1655248500000,21714.5,22144.9,21674.8,21996.1,472182.0
1655249400000,21994.1,22343.5,21975.9,22164.0,356882.0
1655250300000,22159.1,22263.0,22116.0,22139.1,128998.0
1655251200000,22139.1,22153.9,21882.0,21942.6,296804.0
1655252100000,21942.5,22106.7,21912.0,21987.0,173598.0
1655253000000,21984.9,22148.9,21947.5,22052.6,119587.0
1655253900000,22052.7,22097.2,21741.3,21813.1,215031.0
1655254800000,21812.5,21975.9,21772.5,21950.5,139218.0
1655255700000,21950.6,22027.6,21914.2,21994.7,131596.0
1655256600000,21994.8,22277.0,21981.0,22264.0,230685.0
1655257500000,22264.4,22308.5,22116.6,22165.8,170684.0
1655258400000,22165.8,22175.0,21989.7,22060.7,183306.0
1655259300000,22058.3,22090.6,21907.3,21960.6,144057.0
1655260200000,21960.7,21973.9,21853.5,21882.9,118865.0
1655261100000,21882.9,22007.1,21871.2,21989.1,88457.0
1655262000000,21987.9,22049.7,21764.2,21849.1,169936.0
1655262900000,21850.2,21860.3,21651.9,21729.5,186620.0
1655263800000,21727.7,21727.7,21543.9,21548.1,184095.0
1655264700000,21548.1,21682.7,21400.0,21456.6,312984.0
1655265600000,21454.6,21495.4,20965.0,21249.0,879393.0
1655266500000,21248.9,21293.4,20934.3,21005.0,703556.0
1655267400000,21004.5,21168.0,20911.0,21106.6,495345.0
1655268300000,21106.1,21388.0,21102.5,21147.5,527289.0
1655269200000,21149.9,21278.3,21082.6,21182.3,239824.0
1655270100000,21182.2,21207.0,20849.7,20894.9,530759.0
1655271000000,20896.9,21269.0,20711.0,21104.4,846053.0
1655271900000,21101.2,21358.0,21045.7,21228.0,315659.0
1655272800000,21226.3,21420.0,21167.1,21172.4,342237.0
1655273700000,21170.1,21224.2,20948.4,21103.2,342775.0
1655274600000,21102.7,21318.2,21000.9,21285.1,282535.0
1655275500000,21283.5,21411.0,21200.0,21342.7,258821.0
1655276400000,21340.3,21448.9,21258.5,21276.5,233719.0
1655277300000,21275.7,21350.0,21091.5,21101.1,346586.0
1655278200000,21100.9,21145.2,20975.5,21112.4,369349.0
1655279100000,21112.4,21157.5,20628.9,20722.9,878433.0
1655280000000,20722.9,20757.3,20319.6,20340.5,1193794.0
1655280900000,20340.5,20573.9,20313.6,20470.5,532800.0
1655281800000,20471.4,20679.0,20325.0,20365.7,448233.0
1655282700000,20365.6,20428.7,20161.3,20262.5,680164.0
1655283600000,20260.1,20434.4,20149.5,20171.3,572300.0
1655284500000,20172.1,20281.4,20111.0,20208.1,369540.0
1655285400000,20206.0,20315.9,20080.0,20213.6,363650.0
1655286300000,20213.6,20300.0,20126.9,20237.0,268245.0
1655287200000,20237.1,20327.3,20187.0,20271.4,228331.0
1655288100000,20274.5,20817.3,20244.9,20512.7,1296340.0
1655289000000,20512.7,20676.0,20474.3,20645.5,309665.0
1655289900000,20645.5,20677.0,20503.0,20567.4,248032.0
1655290800000,20567.4,20620.0,20375.3,20617.8,243241.0
1655291700000,20619.9,20999.0,20563.3,20967.9,590258.0
1655292600000,20967.9,21298.0,20950.7,21185.9,799802.0
1655293500000,21181.3,21201.7,20939.7,21172.0,358841.0
1655294400000,21177.8,21374.0,21041.2,21371.0,404674.0
1655295300000,21371.0,21637.0,21174.7,21216.4,630980.0
1655296200000,21214.4,21269.9,21095.9,21259.0,242358.0
1655297100000,21261.7,21423.4,21190.6,21194.3,306495.0
1655298000000,21194.1,21492.0,21151.1,21395.9,270493.0
1655298900000,21394.1,21713.9,21329.2,21436.9,532501.0
1655299800000,21434.3,21556.0,21337.4,21507.4,381630.0
1655300700000,21508.3,21800.0,21477.9,21559.9,673006.0
1655301600000,21560.0,21774.8,21540.0,21604.5,362581.0
1655302500000,21604.4,21625.0,21207.2,21378.3,542177.0
1655303400000,21376.3,21387.1,21200.0,21254.9,258321.0
1655304300000,21254.5,21365.3,21079.7,21214.3,326119.0
1655305200000,21212.4,21415.9,21205.3,21306.8,227053.0
1655306100000,21305.5,21348.7,21116.7,21234.5,192597.0
1655307000000,21234.0,21346.2,21142.3,21321.1,154265.0
1655307900000,21321.1,21511.7,21300.3,21421.7,225042.0
1655308800000,21421.8,21547.4,21322.0,21354.1,206610.0
1655309700000,21354.1,21393.1,21180.2,21208.3,229182.0
1655310600000,21209.0,21220.0,20758.0,20819.1,830384.0
1655311500000,20821.1,20880.0,20641.1,20726.4,397151.0
1655312400000,20727.4,20787.0,20558.8,20742.1,336240.0
1655313300000,20739.8,20997.9,20643.8,20645.2,523645.0
1655314200000,20648.2,20783.7,20457.4,20732.9,384838.0
1655315100000,20731.1,21526.2,20683.4,21115.4,857173.0
1655316000000,21119.3,21599.8,20231.6,20494.7,3072574.0
1655316900000,20498.1,20880.5,20395.4,20748.4,979063.0
1655317800000,20752.7,22134.0,20441.9,21959.7,1888583.0
1655318700000,21959.6,22475.4,21320.1,21544.9,2222471.0
1655319600000,21545.8,21770.0,21430.0,21626.3,746227.0
1655320500000,21629.1,22014.8,21534.1,21897.6,546621.0
1655321400000,21901.0,22284.0,21762.0,21807.3,602018.0
1655322300000,21813.6,21914.0,21561.0,21636.7,368408.0
1655323200000,21636.7,21799.2,21526.1,21613.7,198838.0
1655324100000,21612.6,21660.4,21447.5,21640.0,202972.0
1655325000000,21640.2,21900.0,21565.9,21875.2,194475.0
1655325900000,21872.2,21938.2,21680.8,21686.9,169859.0
1655326800000,21687.0,21826.2,21635.1,21806.5,85138.0
1655327700000,21808.6,21981.6,21804.5,21898.9,84890.0
1655328600000,21899.0,22180.3,21833.0,22022.5,164264.0
1655329500000,22022.6,22446.7,22022.6,22219.4,289637.0
1655330400000,22219.5,22598.8,22209.0,22479.8,482195.0
1655331300000,22476.6,22810.0,22321.6,22650.1,560266.0
1655332200000,22653.3,22757.0,22466.3,22516.5,341753.0
1655333100000,22513.1,22572.6,22419.2,22472.2,145358.0
1655334000000,22470.8,22620.9,22419.5,22610.1,134437.0
1655334900000,22610.2,22687.0,22538.3,22620.9,150745.0
1655335800000,22620.4,22639.5,22470.0,22502.8,147352.0
1655336700000,22502.3,22612.0,22466.9,22586.4,115734.0
1655337600000,22583.6,22799.0,22555.1,22646.9,261029.0
1655338500000,22647.0,22652.9,22478.0,22554.3,230967.0
1655339400000,22554.3,22744.4,22526.4,22561.7,190041.0
1655340300000,22561.7,22689.0,22495.5,22669.7,126730.0
1655341200000,22671.4,22960.9,22648.0,22942.9,288645.0
1655342100000,22943.0,23000.0,22650.0,22687.2,398530.0
1655343000000,22687.1,22699.0,22516.2,22533.9,166766.0
1655343900000,22536.1,22578.1,22350.0,22365.1,212169.0
1655344800000,22365.1,22546.3,22356.7,22504.0,129095.0
1655345700000,22503.9,22518.7,22369.7,22423.3,118306.0
1655346600000,22423.2,22472.6,22325.2,22390.1,87237.0
1655347500000,22390.2,22513.0,22356.2,22450.4,85075.0
1655348400000,22451.2,22536.2,22379.0,22386.1,78570.0
1655349300000,22389.2,22451.5,22228.2,22316.7,157282.0
1655350200000,22316.7,22376.7,22177.0,22217.6,170788.0
1655351100000,22217.6,22272.4,22165.0,22210.1,111287.0
1655352000000,22205.5,22319.5,22184.2,22297.7,94527.0
1655352900000,22297.7,22360.6,22287.2,22324.3,74331.0
1655353800000,22322.7,22349.6,22138.8,22143.9,97001.0
1655354700000,22141.4,22184.4,22039.0,22096.5,252183.0
1655355600000,22098.4,22144.5,22013.6,22081.9,150421.0
1655356500000,22081.8,22177.1,22064.4,22164.3,94038.0
1655357400000,22164.5,22197.6,22058.0,22089.1,77239.0
1655358300000,22090.1,22091.9,21915.6,21943.3,189418.0
1655359200000,21943.2,21997.1,21922.0,21978.8,87893.0
1655360100000,21982.0,22010.7,21858.8,21866.0,140663.0
1655361000000,21866.0,21891.9,21727.0,21766.1,243689.0
1655361900000,21766.0,21827.8,21714.7,21800.0,185398.0
1655362800000,21799.9,21938.6,21792.5,21897.3,228048.0
1655363700000,21895.8,21923.9,21737.0,21821.7,222411.0
1655364600000,21821.8,21836.7,21641.4,21699.6,304415.0
1655365500000,21699.6,21784.9,21684.5,21763.7,162013.0
1655366400000,21758.3,21805.6,21634.9,21657.3,148393.0
1655367300000,21657.3,21762.6,21594.9,21736.8,162167.0
1655368200000,21738.9,21888.8,21726.6,21790.0,309923.0
1655369100000,21789.9,21836.8,21733.2,21784.5,250283.0
1655370000000,21784.4,21793.8,21410.6,21503.1,496097.0
1655370900000,21503.9,21518.3,21225.0,21322.8,517941.0
1655371800000,21322.2,21340.0,21120.0,21206.3,337552.0
1655372700000,21204.6,21322.0,21143.3,21271.4,277789.0
1655373600000,21272.3,21327.8,21179.6,21207.6,181362.0
1655374500000,21207.1,21261.0,21038.1,21065.4,229031.0
1655375400000,21065.3,21100.0,20854.1,20952.6,429619.0
1655376300000,20952.7,21369.0,20871.3,21242.6,582667.0
1655377200000,21240.0,21297.3,21150.3,21295.1,321884.0
1655378100000,21295.0,21295.0,21004.0,21133.3,231250.0
1655379000000,21134.0,21253.2,21097.6,21148.9,123267.0
1655379900000,21148.9,21155.6,20888.6,21040.2,287124.0
1655380800000,21040.1,21192.7,21015.5,21068.1,212245.0
1655381700000,21066.3,21322.0,20920.0,21247.3,397897.0
1655382600000,21247.3,21508.0,21191.9,21276.6,534194.0
1655383500000,21274.7,21317.9,21140.0,21141.7,219566.0
1655384400000,21141.8,21337.5,21138.0,21248.3,153855.0
1655385300000,21248.2,21280.0,21158.0,21253.6,122514.0
1655386200000,21255.7,21367.1,20967.8,21068.3,588607.0
1655387100000,21067.6,21191.4,20906.4,21023.3,375030.0
1655388000000,21021.8,21044.4,20750.0,20868.8,501406.0
1655388900000,20863.6,21102.4,20844.3,21052.2,359132.0
1655389800000,21047.7,21150.0,20911.1,20916.8,239070.0
1655390700000,20917.9,21063.9,20828.0,20925.5,241447.0
1655391600000,20925.5,21175.3,20917.2,21110.0,242050.0
1655392500000,21109.9,21250.0,21040.6,21205.4,210970.0
1655393400000,21203.4,21279.0,21127.6,21175.0,188991.0
1655394300000,21175.1,21200.0,20984.9,21080.2,184488.0
1655395200000,21080.1,21089.9,20921.7,20922.3,207581.0
1655396100000,20921.1,21102.3,20813.2,21094.0,257400.0
1655397000000,21094.0,21198.0,21011.7,21160.3,212546.0
1655397900000,21162.7,21250.0,21118.8,21185.0,212957.0
1655398800000,21186.4,21300.0,21111.0,21206.4,191796.0
1655399700000,21205.8,21477.3,21200.0,21349.5,340484.0
1655400600000,21349.1,21430.0,21240.5,21259.9,152080.0
1655401500000,21259.9,21280.2,21060.0,21071.4,179729.0
1655402400000,21068.0,21120.0,20900.0,20994.8,204168.0
1655403300000,20986.8,21048.2,20945.2,21000.0,146826.0
1655404200000,21000.1,21112.9,20912.7,21075.6,151928.0
1655405100000,21075.5,21098.9,20940.0,21032.5,93106.0
1655406000000,21031.0,21131.9,20956.0,20984.4,154403.0
1655406900000,20979.8,21092.2,20947.8,21071.0,120623.0
1655407800000,21072.8,21098.0,20870.0,20927.7,188422.0
1655408700000,20925.0,20970.7,20862.0,20883.4,91286.0
1655409600000,20878.8,21029.5,20860.0,21015.8,94983.0
1655410500000,21015.1,21050.0,20934.1,20971.6,41438.0
1655411400000,20970.8,20975.8,20506.5,20554.0,422823.0
1655412300000,20554.6,20744.2,20500.0,20716.3,240192.0
1655413200000,20716.5,20809.9,20683.3,20758.4,106023.0
1655414100000,20758.4,20932.2,20758.4,20859.8,107889.0
1655415000000,20859.8,20936.5,20785.6,20802.8,99752.0
1655415900000,20801.0,20833.4,20604.5,20684.9,120779.0
1655416800000,20684.2,20703.9,20491.9,20526.5,164861.0
1655417700000,20526.6,20642.5,20516.8,20596.5,111919.0
1655418600000,20596.6,20676.6,20526.7,20540.9,114823.0
1655419500000,20540.8,20597.8,20338.3,20365.5,281169.0
1655420400000,20368.3,20438.9,20245.1,20272.6,196536.0
1655421300000,20272.5,20407.4,20210.0,20404.3,214681.0
1655422200000,20403.9,20476.8,20268.1,20284.5,213020.0
1655423100000,20284.5,20410.7,20257.3,20397.2,101122.0
1655424000000,20398.5,20540.0,20270.6,20460.6,251714.0
1655424900000,20460.6,20634.2,20443.7,20453.2,263414.0
1655425800000,20451.0,20451.0,20233.2,20275.8,251540.0
1655426700000,20277.4,20386.0,20277.4,20365.0,121428.0
1655427600000,20365.6,20555.0,20344.0,20541.5,225146.0
1655428500000,20541.0,20554.8,20425.1,20472.0,157187.0
1655429400000,20473.2,20800.0,20395.2,20776.7,498410.0
1655430300000,20776.8,20937.0,20619.5,20879.6,439212.0
1655431200000,20879.7,21059.9,20837.0,20890.4,359575.0
1655432100000,20889.1,20906.9,20716.3,20745.9,166936.0
1655433000000,20746.2,20831.9,20586.6,20695.9,242731.0
1655433900000,20695.9,20735.2,20540.0,20580.0,205757.0
1655434800000,20580.0,20650.0,20515.2,20630.8,158503.0
1655435700000,20630.8,20677.8,20551.3,20589.4,95011.0
1655436600000,20589.5,20655.9,20495.3,20513.9,137426.0
1655437500000,20513.3,20513.3,20342.1,20380.1,187525.0
1655438400000,20380.0,20464.0,20320.0,20455.4,177193.0
1655439300000,20455.4,20552.4,20439.5,20510.0,141265.0
1655440200000,20510.0,20581.5,20476.1,20562.1,90193.0
1655441100000,20562.1,20638.1,20524.2,20531.5,154575.0
1655442000000,20531.5,20694.8,20520.0,20655.0,110306.0
1655442900000,20654.2,20756.6,20612.2,20743.6,146232.0
1655443800000,20744.4,20980.0,20711.0,20863.5,405168.0
1655444700000,20864.6,20880.0,20760.5,20798.6,149157.0
1655445600000,20799.7,20821.4,20651.8,20711.6,216186.0
1655446500000,20712.0,20740.9,20603.5,20724.9,126579.0
1655447400000,20725.0,20930.0,20717.1,20863.3,245133.0
1655448300000,20862.8,20987.0,20797.4,20890.0,298590.0
1655449200000,20890.1,20997.6,20818.7,20861.8,240038.0
1655450100000,20862.9,21210.1,20820.6,21114.3,476357.0
1655451000000,21117.7,21162.9,21031.0,21160.4,190956.0
1655451900000,21160.4,21300.0,21074.0,21099.4,391738.0
1655452800000,21099.5,21195.9,21011.8,21187.1,220613.0
1655453700000,21186.4,21260.6,21110.8,21225.2,181301.0
1655454600000,21225.2,21368.8,21121.9,21180.7,325499.0
1655455500000,21180.8,21180.8,21057.5,21064.8,171105.0
1655456400000,21068.3,21137.2,20973.2,21094.0,246020.0
1655457300000,21094.0,21135.0,21005.7,21092.2,135948.0
1655458200000,21092.1,21140.7,20884.6,20940.2,231743.0
1655459100000,20938.6,20999.0,20880.0,20974.9,156579.0
1655460000000,20974.4,21004.5,20902.3,20965.1,105809.0
1655460900000,20965.1,20966.9,20892.1,20952.1,108787.0
1655461800000,20952.1,20993.8,20850.0,20967.3,134822.0
1655462700000,20962.7,21158.0,20932.6,21123.7,232000.0
1655463600000,21123.8,21217.6,21070.4,21170.2,159608.0
1655464500000,21173.2,21175.8,21061.4,21122.4,86179.0
1655465400000,21119.9,21220.9,21095.5,21161.1,109766.0
1655466300000,21161.7,21203.3,20940.0,20979.2,243393.0
1655467200000,20979.2,21050.4,20945.9,21004.0,113834.0
1655468100000,21005.1,21055.0,20905.0,20911.0,113847.0
1655469000000,20910.8,20962.1,20724.0,20786.9,264086.0
1655469900000,20785.6,20811.1,20581.1,20663.2,552080.0
1655470800000,20663.4,20691.2,20577.1,20601.5,269498.0
1655471700000,20605.5,20698.7,20573.3,20633.2,165272.0
1655472600000,20634.7,20876.8,20621.4,20851.8,490547.0
1655473500000,20856.0,20929.7,20783.2,20807.5,304367.0
1655474400000,20805.1,20816.0,20634.1,20659.8,332934.0
1655475300000,20658.3,20678.0,20414.4,20491.1,417151.0
1655476200000,20492.7,20540.0,20388.8,20501.4,249186.0
1655477100000,20501.4,20593.2,20435.0,20552.3,215080.0
1655478000000,20551.7,20766.2,20524.8,20601.4,305047.0
1655478900000,20601.3,20707.0,20552.5,20648.1,202317.0
1655479800000,20648.2,20729.8,20576.2,20605.2,139892.0
1655480700000,20605.4,20694.1,20544.0,20667.9,163798.0
1655481600000,20667.9,20799.3,20603.0,20769.4,241865.0
1655482500000,20769.4,20785.0,20674.0,20682.7,164319.0
1655483400000,20682.7,20714.4,20623.0,20695.0,114575.0
1655484300000,20698.0,20728.9,20525.5,20574.1,191431.0
1655485200000,20574.4,20673.7,20548.1,20660.0,126449.0
1655486100000,20664.6,20715.6,20561.6,20592.2,139630.0
1655487000000,20594.0,20623.1,20531.0,20566.1,132760.0
1655487900000,20566.0,20629.9,20501.5,20594.8,107568.0
1655488800000,20594.8,20643.1,20569.4,20637.1,74863.0
1655489700000,20639.4,20656.8,20594.0,20595.1,69075.0
1655490600000,20595.1,20595.1,20477.9,20489.5,134015.0
1655491500000,20489.0,20530.7,20464.1,20523.6,74405.0
1655492400000,20523.5,20539.4,20439.1,20494.7,71279.0
1655493300000,20494.0,20543.1,20480.8,20487.6,50484.0
1655494200000,20487.6,20536.7,20440.7,20523.6,59974.0
1655495100000,20523.6,20552.6,20489.3,20520.5,99964.0
1655496000000,20517.3,20608.7,20517.3,20586.5,56362.0
1655496900000,20586.4,20710.7,20580.8,20685.0,76733.0
1655497800000,20685.0,20729.7,20605.8,20617.7,82120.0
1655498700000,20619.4,20682.1,20612.9,20658.2,60788.0
1655499600000,20658.2,20685.1,20627.6,20641.4,22407.0
1655500500000,20641.4,20641.5,20579.5,20583.7,39901.0
1655501400000,20583.8,20592.3,20538.2,20553.4,18655.0
1655502300000,20553.4,20637.0,20517.5,20560.1,53036.0
1655503200000,20560.0,20619.9,20520.0,20537.6,73659.0
1655504100000,20539.9,20590.8,20382.9,20413.2,188181.0
1655505000000,20414.9,20453.0,20365.0,20433.6,68479.0
1655505900000,20431.0,20491.6,20390.1,20456.5,70066.0
1655506800000,20456.5,20484.1,20426.4,20476.1,34860.0
1655507700000,20476.1,20556.3,20460.2,20544.3,64555.0
1655508600000,20544.3,20553.2,20491.3,20521.0,63431.0
1655509500000,20521.0,20530.8,20441.5,20469.8,60816.0
1655510400000,20468.7,20680.0,20440.7,20624.3,164779.0
1655511300000,20624.3,20730.7,20569.2,20698.4,153147.0
1655512200000,20698.5,20778.0,20612.2,20644.6,158018.0
1655513100000,20647.5,20651.1,20548.8,20571.8,71810.0
1655514000000,20570.9,20608.9,20546.5,20551.0,95661.0
1655514900000,20551.5,20563.4,20460.4,20500.6,128028.0
1655515800000,20500.6,20511.5,20374.8,20398.5,276790.0
1655516700000,20400.0,20486.5,20394.5,20394.5,138759.0
1655517600000,20394.6,20516.7,20310.0,20498.4,327784.0
1655518500000,20502.5,20528.1,20450.6,20482.0,110792.0
1655519400000,20481.9,20481.9,20380.0,20385.1,124138.0
1655520300000,20385.1,20480.0,20369.3,20473.0,80551.0
1655521200000,20472.0,20500.0,20412.9,20420.9,75490.0
1655522100000,20420.8,20454.9,20383.8,20420.9,68552.0
1655523000000,20422.5,20450.0,20389.7,20415.1,78395.0
1655523900000,20415.7,20468.6,20374.7,20459.8,85777.0
1655524800000,20459.7,20482.0,20432.3,20440.7,39440.0
1655525700000,20440.7,20471.6,20394.1,20450.3,65848.0
1655526600000,20450.0,20487.9,20413.2,20474.6,89860.0
1655527500000,20474.7,20499.5,20437.6,20489.2,47540.0
1655528400000,20490.0,20540.7,20407.7,20441.4,121698.0
1655529300000,20441.5,20467.1,20418.0,20438.2,34152.0
1655530200000,20437.0,20447.1,20410.0,20423.6,35864.0
1655531100000,20423.5,20443.3,20390.0,20422.3,57736.0
1655532000000,20422.3,20450.0,20399.8,20449.0,61169.0
1655532900000,20449.0,20449.0,20391.0,20403.3,53740.0
1655533800000,20403.9,20432.6,20385.7,20403.3,53443.0
1655534700000,20403.5,20412.9,19026.2,19429.2,2713578.0
1655535600000,19429.2,19598.0,19253.3,19491.9,856207.0
1655536500000,19491.6,19497.3,19050.0,19241.6,966775.0
1655537400000,19241.7,19323.8,19080.7,19176.7,422417.0
1655538300000,19176.7,19420.0,19150.9,19262.8,426644.0
1655539200000,19261.6,19275.5,19086.0,19147.0,267052.0
1655540100000,19150.4,19210.2,18704.1,19141.2,1521262.0
1655541000000,19134.7,19380.0,19044.4,19145.9,588831.0
1655541900000,19146.7,19228.5,18960.2,19012.0,324636.0
1655542800000,19008.4,19055.9,18889.7,19013.2,326952.0
1655543700000,19013.0,19221.5,18996.2,19192.9,253321.0
1655544600000,19187.7,19210.0,19022.0,19050.5,157024.0
1655545500000,19051.8,19179.9,19047.6,19164.3,136085.0
1655546400000,19163.6,19300.0,19141.2,19221.8,262572.0
1655547300000,19225.1,19544.3,19211.2,19442.5,650880.0
1655548200000,19443.1,19514.4,19357.5,19377.1,225216.0
1655549100000,19375.7,19448.0,19331.8,19392.2,117344.0
1655550000000,19392.2,19414.1,19222.2,19314.1,178359.0
1655550900000,19313.7,19470.8,19303.2,19440.2,160198.0
1655551800000,19440.6,19442.3,19360.8,19402.1,81329.0
1655552700000,19405.7,19420.8,19236.0,19252.0,211141.0
1655553600000,19248.3,19285.9,19166.1,19212.5,180991.0
1655554500000,19212.5,19275.1,19135.0,19245.9,143632.0
1655555400000,19245.8,19290.0,19147.9,19177.7,134967.0
1655556300000,19178.2,19217.9,19125.0,19157.5,105929.0
1655557200000,19157.5,19209.6,19092.0,19193.4,121034.0
1655558100000,19192.6,19237.5,19135.0,19178.5,126837.0
1655559000000,19179.6,19206.7,19093.7,19120.9,113832.0
1655559900000,19120.9,19222.0,19114.1,19202.0,113593.0
1655560800000,19202.1,19268.2,19179.6,19210.1,152904.0
1655561700000,19212.6,19239.8,19152.8,19198.9,59098.0
1655562600000,19197.9,19236.7,19169.1,19184.4,54561.0
1655563500000,19184.2,19220.1,19064.3,19082.9,169504.0
1655564400000,19082.9,19094.6,18924.6,18985.6,236058.0
1655565300000,18985.6,19130.0,18950.8,19102.0,156895.0
1655566200000,19102.1,19124.8,19020.0,19035.2,103926.0
1655567100000,19035.1,19068.8,18934.8,18958.5,114345.0
1655568000000,18956.4,19046.4,18888.0,18981.6,188964.0
1655568900000,18981.5,19099.0,18980.2,19072.0,117869.0
1655569800000,19073.0,19084.4,18925.0,18953.9,144798.0
1655570700000,18958.4,18958.4,18775.9,18874.6,408636.0
1655571600000,18874.6,18967.6,18828.8,18838.9,126205.0
1655572500000,18839.0,18920.3,18781.7,18892.6,193309.0
1655573400000,18892.6,18914.5,18444.2,18683.1,884478.0
1655574300000,18685.9,18708.7,18545.9,18623.6,282187.0
1655575200000,18620.4,18657.1,18409.5,18564.9,386749.0
1655576100000,18566.4,18573.4,18245.0,18261.6,533936.0
1655577000000,18264.8,18417.6,18145.0,18383.2,513439.0
1655577900000,18383.3,18429.2,18201.9,18219.9,238548.0
1655578800000,18219.9,18277.0,18073.2,18221.3,443632.0
1655579700000,18222.1,18371.8,18200.0,18242.8,227695.0
1655580600000,18242.9,18300.2,18058.3,18108.5,243696.0
1655581500000,18109.8,18160.0,18031.7,18071.2,289543.0
1655582400000,18069.9,18136.7,17619.0,17908.3,1138645.0
1655583300000,17910.0,18154.5,17653.3,17715.8,785144.0
1655584200000,17715.9,17950.0,17580.0,17761.3,522671.0
1655585100000,17763.5,17847.1,17618.7,17806.6,380615.0
1655586000000,17811.9,18045.5,17756.7,17994.5,451172.0
1655586900000,17994.5,18851.5,17897.9,18680.4,945217.0
1655587800000,18678.5,18925.2,18336.9,18766.3,495885.0
1655588700000,18764.3,18800.0,18500.0,18523.7,250935.0
1655589600000,18520.1,18721.4,18431.5,18634.0,227246.0
1655590500000,18636.4,19442.0,18614.8,19323.1,775536.0
1655591400000,19322.8,19500.0,19132.0,19231.3,700795.0
1655592300000,19231.2,19249.9,18972.3,19192.8,269993.0
1655593200000,19187.0,19286.9,19053.4,19068.6,243503.0
1655594100000,19070.0,19150.9,18909.5,19131.9,245692.0
1655595000000,19131.8,19211.7,18961.2,18987.7,170835.0
1655595900000,18987.8,19062.2,18970.0,18972.5,128928.0
1655596800000,18971.8,19114.0,18857.8,18923.5,258759.0
1655597700000,18922.7,19208.6,18919.1,19110.5,201021.0
1655598600000,19108.9,19185.0,19012.0,19109.9,137438.0
1655599500000,19109.9,19122.1,18915.9,18975.5,192218.0
1655600400000,18978.2,19044.3,18881.5,18924.7,150578.0
1655601300000,18926.0,18956.5,18750.0,18854.4,196789.0
1655602200000,18854.4,18855.4,18586.4,18617.6,327408.0
1655603100000,18615.4,18695.3,18403.0,18486.3,318462.0
1655604000000,18486.3,18537.0,18420.0,18510.7,187380.0
1655604900000,18513.4,18517.5,18322.0,18360.2,220538.0
1655605800000,18363.1,18504.7,18222.2,18427.4,383876.0
1655606700000,18429.4,18521.1,18382.5,18382.5,164387.0
1655607600000,18382.4,18749.7,18377.3,18724.2,364942.0
1655608500000,18729.4,18748.5,18549.5,18551.9,186330.0
1655609400000,18551.9,18619.6,18452.9,18477.2,137950.0
1655610300000,18478.5,18517.8,18264.1,18313.0,206668.0
1655611200000,18311.3,18484.8,18260.0,18453.1,232264.0
1655612100000,18452.0,18478.6,18397.1,18428.9,91702.0
1655613000000,18428.9,18627.5,18365.3,18531.3,214321.0
1655613900000,18533.4,18571.9,18430.0,18505.2,98053.0
1655614800000,18505.1,18549.6,18274.1,18282.7,319164.0
1655615700000,18280.6,18381.6,17954.1,18116.4,718435.0
1655616600000,18117.9,18118.0,17984.9,18062.5,236821.0
1655617500000,18060.3,18185.9,18028.0,18126.2,164209.0
1655618400000,18126.1,18379.4,18050.0,18247.2,368967.0
1655619300000,18250.5,18487.5,18234.7,18375.5,293619.0
1655620200000,18375.4,18430.0,18270.4,18335.9,184926.0
1655621100000,18335.7,18347.5,18250.0,18255.2,103007.0
1655622000000,18256.1,18424.0,18245.1,18409.7,154628.0
1655622900000,18408.9,18546.0,18408.9,18469.4,229894.0
1655623800000,18469.4,18502.5,18341.2,18375.6,152400.0
1655624700000,18377.5,18402.2,18281.7,18307.2,157477.0
1655625600000,18308.4,18382.6,18264.5,18308.0,141744.0
1655626500000,18305.4,18482.1,18302.4,18471.0,175984.0
1655627400000,18470.8,18665.0,18465.5,18591.4,302702.0
1655628300000,18591.4,18710.7,18527.3,18664.4,195407.0
1655629200000,18664.9,18761.4,18565.9,18731.0,222321.0
1655630100000,18730.8,19049.4,18667.6,18918.0,660495.0
1655631000000,18918.0,19211.0,18887.4,19132.8,517701.0
1655631900000,19134.4,19307.1,18963.5,18998.8,448338.0
1655632800000,18999.1,19179.1,18882.0,19159.8,409175.0
1655633700000,19159.8,19995.0,19120.0,19706.9,1697688.0
1655634600000,19704.8,19870.0,19590.0,19666.7,566841.0
1655635500000,19664.8,20100.0,19539.1,19892.8,702233.0
1655636400000,19894.1,20000.0,19679.4,19739.5,394294.0
1655637300000,19739.5,19846.2,19637.1,19755.0,246624.0
1655638200000,19755.0,19811.7,19570.0,19644.6,214650.0
1655639100000,19644.5,19732.2,19592.0,19690.0,109669.0
1655640000000,19690.0,19789.0,19637.0,19762.9,146827.0
1655640900000,19763.0,19940.8,19327.9,19423.8,618861.0
1655641800000,19423.8,19545.2,19310.5,19383.0,472740.0
1655642700000,19381.1,19474.5,19286.1,19345.0,360776.0
1655643600000,19345.1,19443.9,19333.4,19361.4,139951.0
1655644500000,19361.3,19561.0,19353.0,19522.2,203535.0
1655645400000,19521.2,19598.0,19426.9,19436.9,163918.0
1655646300000,19437.8,19470.9,19117.0,19185.4,305883.0
1655647200000,19185.4,19350.2,19169.6,19211.7,298809.0
1655648100000,19212.4,19401.2,19156.4,19368.9,162857.0
1655649000000,19366.9,19462.7,19361.7,19415.7,138581.0
1655649900000,19415.8,19519.2,19400.7,19475.6,142561.0
1655650800000,19475.5,19540.0,19354.7,19376.6,198514.0
1655651700000,19376.5,19452.2,19326.5,19422.3,119409.0
1655652600000,19422.3,19921.3,19422.2,19711.1,761719.0
1655653500000,19711.2,19950.0,19649.9,19823.6,422673.0
1655654400000,19823.6,19876.0,19627.8,19651.5,266559.0
1655655300000,19651.3,19694.6,19555.0,19628.2,191761.0
1655656200000,19628.2,19657.8,19537.1,19617.1,112450.0
1655657100000,19617.2,19723.4,19368.8,19520.9,310923.0
1655658000000,19518.0,19599.0,19451.5,19483.0,116034.0
1655658900000,19483.0,19554.6,19403.9,19518.9,118222.0
1655659800000,19518.9,19579.5,19413.4,19513.2,97693.0
1655660700000,19513.2,19530.2,19382.4,19447.4,100833.0
1655661600000,19447.3,19640.0,19414.1,19594.2,154054.0
1655662500000,19594.2,19768.6,19565.1,19626.5,184208.0
1655663400000,19630.1,19662.9,19563.1,19592.7,63117.0
1655664300000,19593.3,20288.0,19560.0,20263.3,564253.0
1655665200000,20264.1,20351.9,19882.7,19955.9,575039.0
1655666100000,19953.3,20083.7,19835.4,20030.9,166880.0
1655667000000,20033.9,20269.3,19991.9,20196.0,275262.0
1655667900000,20196.2,20300.0,20111.0,20126.9,209877.0
1655668800000,20128.3,20402.5,20055.0,20189.1,381335.0
1655669700000,20190.1,20349.6,20149.0,20346.6,165256.0
1655670600000,20345.2,20798.4,20323.1,20491.5,712763.0
1655671500000,20497.5,20689.9,20462.2,20647.8,260215.0
1655672400000,20645.8,20680.4,20386.5,20423.5,218976.0
1655673300000,20421.7,20448.1,20283.9,20295.0,163433.0
1655674200000,20296.1,20486.9,20292.5,20402.5,63161.0
1655675100000,20404.6,20476.9,20330.5,20397.4,74438.0
1655676000000,20397.5,20548.2,20313.0,20548.2,184828.0
1655676900000,20548.1,20850.0,20506.2,20680.3,406629.0
1655677800000,20680.2,20729.8,20508.2,20572.3,207845.0
1655678700000,20572.9,20757.0,20544.3,20697.6,208494.0
1655679600000,20697.6,20719.2,20521.9,20537.9,112254.0
1655680500000,20538.0,20590.1,20450.0,20468.0,111939.0
1655681400000,20465.6,20534.9,20412.6,20431.8,93647.0
1655682300000,20428.4,20619.8,20428.4,20571.1,123796.0
1655683200000,20570.9,20664.5,20301.0,20326.1,231792.0
1655684100000,20332.3,20415.3,20272.0,20330.9,152581.0
1655685000000,20330.8,20368.3,20179.5,20205.8,164962.0
1655685900000,20205.8,20259.8,20057.1,20065.8,213617.0
1655686800000,20065.9,20164.9,19870.0,19885.6,289888.0
1655687700000,19885.6,19923.8,19750.4,19840.5,284225.0
1655688600000,19840.4,19858.7,19680.9,19720.0,189274.0
1655689500000,19719.9,19830.0,19635.0,19797.5,264148.0
1655690400000,19796.3,20128.0,19787.3,19977.9,403728.0
1655691300000,19976.5,20006.4,19700.0,19721.1,257915.0
1655692200000,19721.8,19899.4,19666.3,19885.9,195700.0
1655693100000,19885.6,19961.8,19852.9,19944.7,109417.0
1655694000000,19946.8,20048.3,19847.6,19958.8,175478.0
1655694900000,19960.0,20089.3,19894.6,20066.0,124063.0
1655695800000,20067.5,20177.4,20022.1,20139.6,145531.0
1655696700000,20139.6,20203.6,19973.3,19974.9,187077.0
1655697600000,19974.4,20035.6,19930.7,20003.8,84609.0
1655698500000,20003.8,20174.9,19998.0,20160.8,131459.0
1655699400000,20160.5,20170.0,20043.1,20046.9,108177.0
1655700300000,20046.4,20081.0,19803.6,19854.3,192273.0
1655701200000,19854.9,19968.2,19826.3,19905.5,113293.0
1655702100000,19905.5,19933.1,19768.0,19847.5,143317.0
1655703000000,19847.6,19956.7,19773.4,19910.8,151335.0
1655703900000,19908.4,20116.9,19866.8,20101.4,229008.0
1655704800000,20100.1,20167.8,20035.0,20161.0,130555.0
1655705700000,20160.8,20272.4,19946.9,19969.8,285512.0
1655706600000,19969.8,20091.6,19915.9,20062.7,120713.0
1655707500000,20062.7,20146.5,20052.9,20133.8,110823.0
1655708400000,20131.2,20156.0,19980.0,20020.3,144304.0
1655709300000,20020.3,20030.4,19908.0,19947.9,124858.0
1655710200000,19946.7,20011.0,19877.1,19890.1,130551.0
1655711100000,19893.4,20085.1,19883.5,20076.2,114744.0
1655712000000,20080.3,20408.3,20020.0,20289.5,532228.0
1655712900000,20288.1,20484.4,20256.3,20447.0,371995.0
1655713800000,20445.7,20660.0,20375.4,20574.3,494081.0
1655714700000,20576.9,20622.3,20440.0,20565.5,257912.0
1655715600000,20564.5,20744.0,20475.3,20672.4,330140.0
1655716500000,20672.4,20831.0,20578.5,20752.0,300207.0
1655717400000,20751.9,21043.9,20660.0,20671.2,746732.0
1655718300000,20672.3,20730.4,20578.5,20647.2,261772.0
1655719200000,20648.8,20669.3,20491.0,20491.5,276407.0
1655720100000,20491.5,20565.8,20464.8,20536.5,274772.0
1655721000000,20536.6,20913.2,20503.5,20777.0,426039.0
1655721900000,20777.8,20994.9,20677.5,20879.7,495623.0
1655722800000,20880.3,20906.0,20739.0,20775.4,215588.0
1655723700000,20775.5,20798.0,20673.1,20759.2,189116.0
1655724600000,20759.2,20901.3,20691.9,20883.0,194359.0
1655725500000,20883.0,20968.0,20767.1,20799.4,260786.0
1655726400000,20799.3,20822.1,20562.3,20641.4,318996.0
1655727300000,20640.0,20708.8,20477.0,20501.1,268073.0
1655728200000,20501.2,20558.2,20360.0,20445.4,395835.0
1655729100000,20445.4,20588.9,20433.2,20554.0,230286.0
1655730000000,20554.0,20568.5,20416.7,20450.0,181973.0
1655730900000,20449.9,20699.1,20439.5,20615.2,244768.0
1655731800000,20616.9,20687.8,20465.6,20560.2,223047.0
1655732700000,20563.4,20578.5,20380.5,20522.6,244860.0
1655733600000,20524.8,20629.5,20505.1,20537.4,145059.0
1655734500000,20538.6,20660.0,20512.3,20632.9,145821.0
1655735400000,20631.8,20840.1,20610.1,20746.2,310616.0
1655736300000,20746.2,20937.0,20736.6,20851.5,306588.0
1655737200000,20846.8,21112.6,20681.0,20704.7,584624.0
1655738100000,20702.2,20748.4,20546.4,20682.1,322610.0
1655739000000,20682.1,20797.1,20625.3,20722.7,196805.0
1655739900000,20723.8,20855.0,20706.5,20825.0,136429.0
1655740800000,20825.0,20831.5,20553.8,20607.3,269450.0
1655741700000,20607.8,20645.9,20452.1,20529.5,246433.0
1655742600000,20529.5,20582.5,20389.7,20393.9,242241.0
1655743500000,20394.0,20454.8,20210.2,20282.4,402743.0
1655744400000,20282.3,20388.0,20135.0,20318.6,265410.0
1655745300000,20319.9,20460.9,20280.4,20295.9,207587.0
1655746200000,20297.8,20365.1,20265.2,20360.1,120154.0
1655747100000,20360.0,20423.8,19961.6,19980.1,455253.0
1655748000000,19978.6,20025.2,19835.2,19901.4,438880.0
1655748900000,19903.0,20117.3,19866.1,20028.2,261258.0
1655749800000,20027.7,20094.2,19950.2,20025.9,115904.0
1655750700000,20025.9,20070.9,19978.0,20049.5,71291.0
1655751600000,20048.2,20058.6,19889.5,20050.4,115881.0
1655752500000,20049.3,20165.7,19989.8,20024.5,174234.0
1655753400000,20027.5,20135.3,19945.2,20135.3,151150.0
1655754300000,20135.3,20192.0,20079.5,20082.4,119291.0
1655755200000,20082.7,20205.8,20004.8,20177.6,109675.0
1655756100000,20178.6,20270.0,20147.3,20244.5,122808.0
1655757000000,20244.3,20379.1,20218.4,20353.4,137959.0
1655757900000,20354.9,20536.0,20261.7,20462.6,216099.0
1655758800000,20460.0,20549.9,20437.0,20503.4,114001.0
1655759700000,20504.0,20648.4,20477.3,20605.8,124851.0
1655760600000,20605.8,20606.0,20449.0,20483.9,95338.0
1655761500000,20483.9,20505.6,20324.0,20416.0,127415.0
1655762400000,20417.8,20438.0,20321.0,20328.8,104796.0
1655763300000,20324.1,20378.9,20267.0,20378.9,112416.0
1655764200000,20379.0,20492.0,20363.2,20482.9,149670.0
1655765100000,20479.7,20588.0,20441.1,20493.8,145176.0
1655766000000,20497.0,20538.0,20394.0,20447.5,97245.0
1655766900000,20446.2,20510.5,20379.0,20505.9,99865.0
1655767800000,20505.8,20795.6,20503.8,20706.1,314380.0
1655768700000,20704.0,20732.1,20573.2,20580.8,144541.0
1655769600000,20579.1,20652.1,20531.7,20604.4,149893.0
1655770500000,20604.4,20660.0,20462.1,20536.4,122847.0
1655771400000,20534.5,20546.3,20394.2,20453.7,155452.0
1655772300000,20456.0,20711.7,20453.8,20676.6,187317.0
1655773200000,20676.7,20796.6,20611.0,20727.9,190801.0
1655774100000,20728.1,20782.6,20559.9,20570.5,132533.0
1655775000000,20570.1,20593.9,20503.0,20525.6,99844.0
1655775900000,20528.6,20708.0,20503.1,20664.7,142064.0
1655776800000,20667.9,20696.3,20472.2,20500.2,147508.0
1655777700000,20500.2,20582.0,20450.3,20494.5,110921.0
1655778600000,20494.6,20574.0,20350.8,20406.2,314848.0
1655779500000,20406.2,20465.5,20388.1,20430.0,104955.0
1655780400000,20433.4,20549.3,20362.0,20520.4,186825.0
1655781300000,20520.4,20559.2,20420.0,20437.2,96396.0
1655782200000,20437.2,20556.0,20390.1,20547.2,153466.0
1655783100000,20547.0,20665.0,20519.4,20610.5,191678.0
1655784000000,20610.6,20749.1,20517.0,20546.6,208857.0
1655784900000,20546.6,20592.9,20492.7,20544.8,104999.0
1655785800000,20543.8,20562.7,20470.0,20528.4,100892.0
1655786700000,20528.3,20689.0,20500.1,20652.5,172490.0
1655787600000,20654.6,20763.2,20615.7,20704.6,176117.0
1655788500000,20704.6,20888.0,20664.0,20762.7,356581.0
1655789400000,20762.1,21000.0,20736.2,20891.5,488398.0
1655790300000,20891.5,21038.0,20828.0,20887.9,366911.0
1655791200000,20887.1,21222.0,20887.1,21141.5,634017.0
1655792100000,21141.5,21184.9,21025.4,21088.3,291462.0
1655793000000,21085.6,21170.0,21040.0,21141.3,145871.0
1655793900000,21141.2,21190.0,21071.0,21181.7,137826.0
1655794800000,21181.3,21320.0,21030.4,21094.4,364496.0
1655795700000,21094.4,21139.2,20951.2,21108.9,289476.0
1655796600000,21108.9,21231.3,21071.2,21178.3,227287.0
1655797500000,21178.3,21192.8,21034.0,21109.7,180797.0
1655798400000,21109.8,21286.8,21045.5,21183.0,333166.0
1655799300000,21183.0,21245.5,21109.1,21176.0,161467.0
1655800200000,21176.9,21439.0,21156.5,21313.5,561579.0
1655801100000,21313.6,21480.0,21238.7,21351.4,346206.0
1655802000000,21355.7,21463.7,21292.9,21323.1,297735.0
1655802900000,21322.9,21348.0,21188.0,21208.5,281300.0
1655803800000,21206.5,21263.0,21166.3,21171.0,127234.0
1655804700000,21168.9,21241.0,21166.8,21195.4,132282.0
1655805600000,21194.6,21228.5,21120.5,21167.7,167913.0
1655806500000,21167.5,21218.4,21062.3,21207.0,190913.0
1655807400000,21208.0,21315.4,21167.3,21258.1,220485.0
1655808300000,21258.1,21306.5,21221.0,21297.4,113730.0
1655809200000,21297.9,21365.8,21190.7,21284.0,256474.0
1655810100000,21283.3,21298.8,21122.2,21134.9,172382.0
1655811000000,21134.0,21162.4,21022.0,21026.0,328953.0
1655811900000,21026.5,21068.5,20913.8,20963.5,279548.0
1655812800000,20961.7,20995.9,20851.0,20988.8,278835.0
1655813700000,20988.8,21087.9,20888.1,20949.1,319409.0
1655814600000,20951.1,21098.0,20940.1,21029.6,171510.0
1655815500000,21032.8,21166.0,21004.2,21101.8,141164.0
1655816400000,21100.6,21130.9,20991.3,21095.1,139430.0
1655817300000,21095.0,21186.0,21013.4,21148.7,142076.0
1655818200000,21145.2,21610.0,21116.7,21534.4,872090.0
1655819100000,21534.5,21656.1,21400.0,21613.7,662306.0
1655820000000,21613.6,21677.0,21427.2,21499.3,443020.0
1655820900000,21499.3,21555.0,21437.4,21515.9,152162.0
1655821800000,21515.9,21646.0,21510.0,21562.1,229510.0
1655822700000,21562.2,21749.2,21533.0,21588.7,438908.0
1655823600000,21591.3,21604.1,21477.9,21512.2,238249.0
1655824500000,21512.2,21590.0,21459.3,21530.2,150379.0
1655825400000,21530.1,21587.0,21330.0,21402.8,255150.0
1655826300000,21399.6,21475.0,21370.1,21396.5,128748.0
1655827200000,21396.5,21443.7,21356.6,21415.0,121069.0
1655828100000,21415.0,21515.8,21415.0,21491.0,145734.0
1655829000000,21491.1,21558.0,21445.0,21486.5,136713.0
1655829900000,21486.5,21510.5,21369.2,21401.0,117688.0
1655830800000,21401.1,21429.0,21325.4,21393.8,142206.0
1655831700000,21396.6,21437.0,21360.4,21411.1,67890.0
1655832600000,21413.6,21460.0,21199.1,21271.8,232912.0
1655833500000,21270.9,21341.4,21200.3,21244.6,210047.0
1655834400000,21243.9,21257.8,21167.4,21177.6,119151.0
1655835300000,21179.0,21229.6,21133.1,21227.0,101570.0
1655836200000,21227.0,21254.3,21124.0,21171.9,91918.0
1655837100000,21171.9,21200.3,21083.1,21108.6,145396.0
1655838000000,21106.6,21178.5,21088.0,21157.7,70291.0
1655838900000,21157.7,21226.2,21136.1,21175.3,86283.0
1655839800000,21175.3,21312.5,21150.8,21206.9,160063.0
1655840700000,21208.3,21212.4,20875.0,20893.5,368468.0
1655841600000,20891.2,21000.0,20700.0,20715.7,302787.0
1655842500000,20716.4,20872.7,20676.3,20833.3,201924.0
1655843400000,20831.3,20977.0,20797.2,20944.1,136825.0
1655844300000,20945.9,20945.9,20828.2,20861.9,97199.0
1655845200000,20862.7,20955.9,20853.0,20955.2,79436.0
1655846100000,20955.2,20961.5,20880.0,20917.3,58260.0
1655847000000,20922.3,20951.0,20817.0,20818.1,41426.0
1655847900000,20818.2,21083.7,20818.2,20976.4,113456.0
1655848800000,20976.3,21003.8,20784.2,20794.0,105660.0
1655849700000,20799.4,20834.5,20740.4,20772.4,157549.0
1655850600000,20775.5,20864.5,20756.0,20850.1,114233.0
1655851500000,20850.2,20938.4,20770.9,20896.4,170078.0
1655852400000,20896.5,20930.1,20876.9,20898.5,74460.0
1655853300000,20901.4,20943.6,20553.0,20589.7,328409.0
1655854200000,20589.7,20686.0,20560.0,20671.8,124220.0
1655855100000,20672.5,20765.8,20638.9,20723.4,119933.0
1655856000000,20727.1,20741.1,20458.0,20544.1,298965.0
1655856900000,20543.2,20663.2,20465.0,20652.1,213459.0
1655857800000,20651.6,20740.0,20640.6,20696.7,155072.0
1655858700000,20697.4,20697.5,20530.0,20590.3,150908.0
1655859600000,20590.3,20685.0,20501.6,20641.5,141260.0
1655860500000,20641.5,20700.0,20580.0,20611.6,89112.0
1655861400000,20611.7,20720.0,20565.1,20571.1,125990.0
1655862300000,20573.1,20585.9,20384.9,20413.2,256925.0
1655863200000,20413.2,20472.2,20320.5,20373.3,315087.0
1655864100000,20372.8,20479.9,20351.8,20461.4,129120.0
1655865000000,20461.3,20511.9,20440.0,20479.0,147953.0
1655865900000,20476.8,20526.0,20424.8,20468.3,157495.0
1655866800000,20468.3,20570.0,20447.7,20506.3,124662.0
1655867700000,20506.3,20535.7,20452.5,20465.4,95816.0
1655868600000,20465.4,20489.0,20339.0,20393.1,122175.0
1655869500000,20393.1,20399.0,20253.5,20316.0,217814.0
1655870400000,20317.4,20419.1,20285.4,20403.9,143718.0
1655871300000,20404.0,20420.0,20343.0,20367.0,167418.0
1655872200000,20367.1,20421.9,20269.9,20379.6,174661.0
1655873100000,20379.0,20468.8,20359.1,20436.7,154475.0
1655874000000,20433.9,20555.0,20429.3,20461.6,160845.0
1655874900000,20460.0,20565.0,20453.0,20525.7,97242.0
1655875800000,20525.7,20596.9,20461.0,20475.1,144950.0
1655876700000,20476.5,20498.4,20372.3,20373.7,135436.0
1655877600000,20373.6,20449.0,20323.4,20364.5,129847.0
1655878500000,20360.7,20373.7,20005.0,20024.0,599254.0
1655879400000,20021.9,20128.0,19958.0,20082.1,328157.0
1655880300000,20080.3,20186.4,20073.4,20110.7,159032.0
1655881200000,20112.1,20196.4,19963.7,20175.7,276459.0
1655882100000,20176.4,20250.0,20116.3,20202.8,204879.0
1655883000000,20201.1,20241.4,20133.0,20137.1,113269.0
1655883900000,20137.6,20200.0,20056.0,20100.3,171326.0
1655884800000,20099.1,20245.1,20038.4,20210.4,169091.0
1655885700000,20212.8,20239.0,20169.2,20207.3,97662.0
1655886600000,20207.2,20223.2,20114.8,20129.9,130342.0
1655887500000,20130.0,20262.1,20090.0,20232.5,150434.0
1655888400000,20233.1,20366.0,20231.2,20275.6,270506.0
1655889300000,20279.3,20326.3,20241.1,20263.0,99498.0
1655890200000,20264.5,20497.7,20254.5,20381.0,302400.0
1655891100000,20380.9,20470.0,20375.1,20425.4,120223.0
1655892000000,20423.1,20550.0,20396.3,20406.7,196875.0
1655892900000,20405.7,20429.1,20350.3,20410.2,107130.0
1655893800000,20415.0,20495.0,20375.7,20400.8,107730.0
1655894700000,20398.8,20470.0,20362.0,20415.6,82958.0
1655895600000,20415.7,20495.0,20392.4,20477.9,88530.0
1655896500000,20477.8,20673.6,20455.2,20596.7,260018.0
1655897400000,20596.5,20639.6,20548.7,20623.0,140590.0
1655898300000,20623.5,20632.1,20479.1,20502.1,140425.0
1655899200000,20502.2,20508.8,20428.0,20456.3,112428.0
1655900100000,20452.8,20485.0,20382.3,20480.5,123032.0
1655901000000,20480.5,20577.7,20237.4,20287.1,417664.0
1655901900000,20287.0,20396.5,20108.1,20362.9,485533.0
1655902800000,20363.0,20457.0,20229.2,20345.1,280107.0
1655903700000,20345.0,20550.0,20271.3,20545.0,270662.0
1655904600000,20542.0,20558.4,20420.2,20536.3,292188.0
1655905500000,20541.8,20780.0,20462.3,20723.0,572142.0
1655906400000,20722.0,20789.0,20640.3,20748.0,312293.0
1655907300000,20747.0,20888.0,20695.0,20797.5,361595.0
1655908200000,20795.8,20897.5,20735.4,20765.1,347129.0
1655909100000,20765.0,20774.8,20623.5,20693.5,301385.0
1655910000000,20692.7,20700.0,20493.6,20507.4,302365.0
1655910900000,20506.3,20574.3,20435.4,20468.1,197766.0
1655911800000,20466.2,20565.9,20261.0,20313.0,349365.0
1655912700000,20312.8,20355.0,20028.0,20088.1,730372.0
1655913600000,20088.8,20187.9,19835.8,20033.1,872277.0
1655914500000,20033.1,20256.6,20000.0,20136.8,422528.0
1655915400000,20136.3,20227.2,20114.9,20180.9,163462.0
1655916300000,20180.8,20347.3,20136.1,20320.9,227827.0
1655917200000,20320.9,20325.5,20201.0,20268.4,232422.0
1655918100000,20271.8,20380.0,20246.7,20317.0,196450.0
1655919000000,20315.5,20327.5,20150.0,20213.8,185893.0
1655919900000,20213.8,20369.6,20191.8,20263.7,219136.0
1655920800000,20264.5,20350.0,20222.7,20339.5,105211.0
1655921700000,20344.7,20378.4,20232.4,20241.3,143086.0
1655922600000,20243.1,20319.8,20225.9,20292.0,89838.0
1655923500000,20292.0,20309.7,20195.7,20219.4,89750.0
1655924400000,20219.5,20265.0,20130.9,20187.9,167308.0
1655925300000,20187.9,20196.3,20079.1,20111.3,95215.0
1655926200000,20107.6,20141.8,19934.4,20025.4,280274.0
1655927100000,20025.3,20152.2,19913.2,20117.9,218201.0
1655928000000,20115.2,20256.4,19994.1,20203.0,311018.0
1655928900000,20203.1,20246.2,20134.7,20134.7,159824.0
1655929800000,20133.9,20133.9,19755.4,19848.8,463281.0
1655930700000,19848.9,20050.0,19780.5,19881.6,270997.0
1655931600000,19883.3,19995.1,19868.4,19945.3,98294.0
1655932500000,19945.4,20028.0,19870.0,19952.4,115610.0
1655933400000,19949.3,19974.2,19823.1,19896.8,45970.0
1655934300000,19899.9,20074.2,19899.9,20012.1,132212.0
1655935200000,20012.2,20063.9,19956.3,19980.8,122468.0
1655936100000,19982.5,19982.5,19921.0,19958.6,57078.0
1655937000000,19958.6,20070.0,19954.8,20055.5,68478.0
1655937900000,20055.5,20176.9,20020.1,20103.9,124203.0
1655938800000,20104.2,20145.1,20093.8,20117.6,88180.0
1655939700000,20117.6,20140.0,20079.0,20086.1,53712.0
1655940600000,20086.1,20124.9,19980.3,20010.9,103286.0
1655941500000,20011.0,20030.0,19962.4,19993.4,76082.0
1655942400000,19993.4,20140.0,19887.1,20117.8,235897.0
1655943300000,20117.9,20463.5,20092.2,20346.1,454743.0
1655944200000,20345.2,20412.0,20235.2,20334.2,246731.0
1655945100000,20334.1,20513.0,20294.6,20419.8,325432.0
1655946000000,20419.9,20460.0,20355.9,20360.4,141220.0
1655946900000,20360.6,20580.0,20336.5,20519.5,319134.0
1655947800000,20522.0,20614.3,20450.2,20452.4,198155.0
1655948700000,20452.4,20469.1,20353.0,20378.0,144528.0
1655949600000,20382.2,20465.7,20357.8,20373.3,119243.0
1655950500000,20371.9,20424.9,20343.7,20370.5,96833.0
1655951400000,20370.8,20495.0,20361.0,20423.2,146770.0
1655952300000,20424.1,20467.3,20342.1,20356.3,110532.0
1655953200000,20356.6,20375.1,20268.7,20309.4,204550.0
1655954100000,20303.0,20332.1,20284.1,20320.0,92488.0
1655955000000,20320.0,20320.0,20221.6,20250.5,95325.0
1655955900000,20250.5,20272.5,20208.0,20213.4,109966.0
1655956800000,20213.4,20237.3,20160.0,20200.0,117135.0
1655957700000,20197.5,20289.9,20166.8,20249.8,134232.0
1655958600000,20249.9,20383.2,20230.5,20363.0,201071.0
1655959500000,20363.0,20395.0,20315.0,20357.9,86772.0
1655960400000,20358.9,20390.0,20270.9,20322.1,104996.0
1655961300000,20322.0,20394.0,20294.0,20382.6,77269.0
1655962200000,20380.9,20480.0,20378.0,20390.8,193007.0
1655963100000,20390.8,20428.3,20328.6,20351.0,83576.0
1655964000000,20351.1,20358.9,20292.9,20329.0,124865.0
1655964900000,20329.2,20458.4,20314.1,20421.0,135961.0
1655965800000,20423.2,20652.3,20394.4,20587.3,470982.0
1655966700000,20587.2,20615.4,20536.5,20542.8,145322.0
1655967600000,20542.9,20624.1,20524.7,20587.6,142446.0
1655968500000,20588.4,20588.5,20483.0,20489.0,145865.0
1655969400000,20490.0,20498.0,20435.6,20469.4,94677.0
1655970300000,20469.9,20502.7,20420.9,20454.8,108614.0
1655971200000,20454.8,20636.0,20448.7,20601.4,215456.0
1655972100000,20599.4,20650.0,20536.3,20566.2,167875.0
1655973000000,20565.0,20609.2,20483.0,20504.6,149433.0
1655973900000,20504.6,20574.0,20470.9,20570.3,99892.0
1655974800000,20568.4,20600.0,20566.8,20597.8,74123.0
1655975700000,20597.8,20750.0,20500.0,20547.5,173605.0
1655976600000,20547.5,20626.5,20481.0,20517.7,236525.0
1655977500000,20517.6,20790.0,20500.0,20742.9,387500.0
1655978400000,20745.6,20799.9,20683.9,20789.0,349502.0
1655979300000,20789.0,20810.0,20701.0,20725.5,203019.0
1655980200000,20724.5,20759.0,20671.0,20739.5,149079.0
1655981100000,20739.6,20775.4,20670.2,20695.3,119149.0
1655982000000,20692.9,20716.6,20673.1,20690.7,75459.0
1655982900000,20689.3,20718.3,20638.0,20696.4,77714.0
1655983800000,20694.1,20707.2,20595.0,20627.6,105863.0
1655984700000,20627.6,20667.5,20613.3,20640.6,62338.0
1655985600000,20640.5,20721.8,20570.0,20662.5,190094.0
1655986500000,20664.9,20777.0,20630.2,20766.8,215691.0
1655987400000,20767.6,20837.1,20560.0,20583.5,351068.0
1655988300000,20582.8,20632.4,20486.0,20561.7,321648.0
1655989200000,20561.7,20634.0,20531.9,20597.9,148997.0
1655990100000,20597.8,20646.1,20565.2,20575.0,100878.0
1655991000000,20576.0,20655.8,20486.0,20503.8,296260.0
1655991900000,20503.9,20539.9,20382.6,20459.5,423543.0
1655992800000,20456.8,20505.0,20390.8,20427.9,238907.0
1655993700000,20428.0,20495.3,20412.6,20465.3,114377.0
1655994600000,20465.7,20550.0,20445.4,20540.1,171583.0
1655995500000,20540.1,20615.0,20507.5,20607.2,201214.0
1655996400000,20608.4,20619.7,20547.1,20595.1,116457.0
1655997300000,20593.2,20593.2,20418.4,20423.9,167991.0
1655998200000,20424.5,20442.0,20282.7,20350.1,341814.0
1655999100000,20350.9,20400.0,20299.8,20354.3,193352.0
1656000000000,20354.3,20372.3,20275.0,20307.6,142265.0
1656000900000,20307.6,20354.7,20207.7,20312.0,177218.0
1656001800000,20312.0,20340.5,20270.4,20319.1,104798.0
1656002700000,20318.5,20368.7,20285.5,20287.2,96217.0
1656003600000,20288.3,20347.5,20164.8,20318.1,244013.0
1656004500000,20318.1,20347.4,20250.0,20272.2,81541.0
1656005400000,20272.2,20322.6,20251.0,20306.0,73241.0
1656006300000,20305.9,20391.8,20295.5,20324.0,92933.0
1656007200000,20321.7,20372.0,20287.4,20357.8,70935.0
1656008100000,20359.1,20438.4,20357.7,20411.9,103977.0
1656009000000,20412.0,20466.4,20375.4,20440.1,118258.0
1656009900000,20440.6,20450.0,20396.1,20433.5,66850.0
1656010800000,20433.5,20615.9,20395.9,20518.5,265828.0
1656011700000,20518.5,20799.0,20488.7,20720.5,326284.0
1656012600000,20720.6,20866.7,20696.3,20836.0,258082.0
1656013500000,20834.1,20951.7,20795.3,20914.2,294568.0
1656014400000,20912.4,21171.8,20750.1,21081.4,572986.0
1656015300000,21081.5,21089.4,20916.4,20922.7,284142.0
1656016200000,20922.7,20937.9,20854.6,20883.0,123921.0
1656017100000,20882.7,20949.9,20789.6,20820.2,174208.0
1656018000000,20818.7,20855.0,20767.8,20791.0,101845.0
1656018900000,20791.0,20827.9,20770.0,20817.0,61650.0
1656019800000,20816.9,20816.9,20670.0,20736.8,124602.0
1656020700000,20736.8,20758.0,20681.6,20688.3,53217.0
1656021600000,20688.2,20816.9,20683.0,20792.1,236006.0
1656022500000,20792.2,21033.0,20771.3,20995.8,304597.0
1656023400000,20996.8,21246.5,20990.7,21082.3,564785.0
1656024300000,21082.3,21161.5,20965.4,20992.1,190278.0
1656025200000,20992.0,21115.9,20976.1,21075.5,158100.0
1656026100000,21074.9,21189.9,21039.8,21152.5,133691.0
1656027000000,21154.2,21211.6,21074.4,21090.6,157076.0
1656027900000,21092.6,21134.8,21055.1,21106.9,78154.0
1656028800000,21107.0,21170.0,21045.0,21114.2,195884.0
1656029700000,21114.2,21200.1,20990.1,21030.2,192482.0
1656030600000,21030.6,21055.0,20974.2,21048.9,153661.0
1656031500000,21049.0,21059.9,20966.8,21007.0,62487.0
1656032400000,21007.2,21097.1,20983.6,21059.0,82170.0
1656033300000,21059.0,21183.9,21035.0,21098.2,134942.0
1656034200000,21097.8,21169.0,21090.1,21106.6,97055.0
1656035100000,21108.1,21128.9,21035.5,21049.0,100083.0
1656036000000,21049.1,21094.8,21015.6,21094.8,80745.0
1656036900000,21095.5,21155.0,21042.8,21130.1,94292.0
1656037800000,21132.8,21367.1,21124.2,21260.6,400388.0
1656038700000,21260.2,21298.0,21166.0,21175.9,147767.0
1656039600000,21175.4,21260.0,21138.5,21238.3,186656.0
1656040500000,21237.9,21268.8,21157.0,21170.1,112244.0
1656041400000,21170.0,21174.7,21085.0,21098.0,156570.0
1656042300000,21098.0,21107.9,21033.0,21074.0,107925.0
1656043200000,21074.0,21140.5,21062.4,21113.0,91387.0
1656044100000,21114.9,21150.0,21082.2,21094.3,84951.0
1656045000000,21093.5,21094.2,20977.0,21012.1,146812.0
1656045900000,21014.7,21078.1,21009.8,21049.5,64361.0
1656046800000,21049.5,21088.6,21030.0,21043.6,43834.0
1656047700000,21043.6,21126.3,20998.1,21093.7,77977.0
1656048600000,21093.6,21161.5,21085.9,21138.4,104367.0
1656049500000,21138.5,21170.0,20850.0,20919.9,275166.0
1656050400000,20916.4,20941.2,20835.6,20906.2,237770.0
1656051300000,20906.6,20950.1,20881.9,20934.6,88652.0
1656052200000,20934.6,20962.9,20857.8,20861.2,100359.0
1656053100000,20861.2,20872.0,20777.0,20840.4,222937.0
1656054000000,20841.5,20854.3,20760.0,20762.3,90351.0
1656054900000,20761.9,20898.1,20728.0,20869.5,201542.0
1656055800000,20869.4,20982.6,20864.9,20928.4,213291.0
1656056700000,20931.6,20973.3,20860.0,20909.7,167672.0
1656057600000,20909.8,20991.1,20897.0,20939.2,111006.0
1656058500000,20939.1,21015.2,20900.0,20941.2,141495.0
1656059400000,20941.1,21083.0,20916.0,21009.9,171705.0
1656060300000,21009.9,21100.0,20997.0,21051.2,142552.0
1656061200000,21050.0,21075.0,21020.5,21034.3,87044.0
1656062100000,21034.3,21040.1,20921.0,20928.0,111623.0
1656063000000,20925.8,20950.0,20872.9,20886.9,136703.0
1656063900000,20886.9,20902.0,20738.0,20827.0,237415.0
1656064800000,20827.0,20863.1,20791.8,20838.0,99703.0
1656065700000,20838.1,20936.8,20833.0,20918.7,133255.0
1656066600000,20918.8,20967.3,20890.3,20908.5,84510.0
1656067500000,20908.5,21010.7,20893.0,20995.0,145808.0
1656068400000,20994.8,21125.4,20978.9,21056.8,247844.0
1656069300000,21056.8,21240.5,21019.5,21152.1,304536.0
1656070200000,21153.6,21333.0,21146.5,21255.7,575585.0
1656071100000,21255.8,21264.6,21150.8,21171.0,256285.0
1656072000000,21171.0,21315.0,21074.8,21261.8,410842.0
1656072900000,21261.8,21468.1,21223.5,21389.9,486149.0
1656073800000,21389.9,21415.9,21279.3,21294.5,206049.0
1656074700000,21290.4,21304.9,21143.0,21215.6,280874.0
1656075600000,21215.6,21326.9,21180.0,21219.9,177955.0
1656076500000,21219.8,21276.2,21135.2,21257.8,201514.0
1656077400000,21256.2,21329.0,21200.0,21271.3,191356.0
1656078300000,21271.4,21382.0,21184.4,21195.4,220761.0
1656079200000,21197.4,21343.9,21197.4,21331.0,230323.0
1656080100000,21330.9,21384.0,21250.8,21253.3,114563.0
1656081000000,21253.4,21266.1,21113.2,21115.6,190950.0
1656081900000,21116.5,21159.5,21059.7,21126.3,269708.0
1656082800000,21125.8,21130.0,20973.6,21023.3,191619.0
1656083700000,21020.8,21027.9,20868.0,20990.4,347811.0
1656084600000,20990.5,21003.9,20824.2,20874.6,311849.0
1656085500000,20874.5,20937.6,20828.1,20892.8,241175.0
1656086400000,20888.2,20952.0,20856.6,20867.1,179499.0
1656087300000,20867.2,20935.4,20862.4,20884.8,115272.0
1656088200000,20883.6,20969.3,20790.0,20950.0,241008.0
1656089100000,20950.5,21075.0,20946.9,21044.9,247248.0
1656090000000,21043.5,21220.0,21023.7,21207.3,402268.0
1656090900000,21204.3,21234.0,21137.0,21157.1,119659.0
1656091800000,21157.1,21201.1,21031.9,21062.7,167239.0
1656092700000,21060.1,21088.1,20921.3,20972.0,183036.0
1656093600000,20972.0,21013.7,20900.6,20989.1,95109.0
1656094500000,20988.1,21042.6,20932.9,20972.7,96218.0
1656095400000,20976.0,21075.0,20961.5,21058.0,84018.0
1656096300000,21057.5,21145.1,21035.4,21129.8,99407.0
1656097200000,21129.8,21155.5,21034.0,21051.5,90723.0
1656098100000,21051.5,21195.4,21020.9,21175.2,102949.0
1656099000000,21175.1,21266.5,21126.3,21173.6,135601.0
1656099900000,21172.4,21250.8,21133.7,21250.8,107838.0
1656100800000,21253.0,21345.0,21214.3,21257.8,199055.0
1656101700000,21257.7,21271.7,21187.0,21191.9,69367.0
1656102600000,21191.9,21238.0,21150.9,21196.8,91341.0
1656103500000,21193.1,21320.0,21141.3,21199.9,142476.0
1656104400000,21199.9,21330.0,21183.3,21298.1,89187.0
1656105300000,21297.4,21370.0,21269.4,21352.7,74755.0
1656106200000,21350.9,21360.0,21275.8,21336.1,53463.0
1656107100000,21336.0,21359.4,21301.0,21312.8,44571.0
1656108000000,21314.1,21512.5,21292.4,21391.1,225714.0
1656108900000,21391.1,21562.9,21314.0,21351.5,212698.0
1656109800000,21350.3,21451.7,21292.7,21327.3,147439.0
1656110700000,21327.4,21367.7,21305.5,21307.6,79597.0
1656111600000,21310.3,21347.7,21251.9,21304.9,134881.0
1656112500000,21304.9,21370.0,21260.0,21343.5,83423.0
1656113400000,21339.9,21390.0,21300.4,21354.6,65674.0
1656114300000,21354.5,21393.0,21190.1,21237.8,161057.0
1656115200000,21237.2,21264.8,21133.0,21207.5,194810.0
1656116100000,21207.6,21307.0,21184.4,21251.6,147165.0
1656117000000,21251.7,21282.6,21130.0,21264.3,185585.0
1656117900000,21264.3,21318.8,21155.3,21191.6,150014.0
1656118800000,21191.4,21270.4,21146.2,21252.3,104034.0
1656119700000,21248.1,21332.4,21242.2,21286.9,93184.0
1656120600000,21286.6,21338.0,21282.0,21316.2,60238.0
1656121500000,21319.6,21345.0,21271.4,21326.2,58664.0
1656122400000,21326.2,21382.2,21300.0,21310.7,96127.0
1656123300000,21310.5,21343.8,21230.0,21243.1,98947.0
1656124200000,21241.8,21263.0,21207.6,21219.9,78411.0
1656125100000,21220.6,21245.6,21155.1,21176.1,146666.0
1656126000000,21176.1,21279.3,21151.5,21276.7,86545.0
1656126900000,21276.7,21320.0,21244.7,21258.5,102766.0
1656127800000,21258.5,21321.3,21190.7,21303.7,107742.0
1656128700000,21303.7,21350.0,21261.5,21302.8,92183.0
1656129600000,21302.9,21310.0,21240.3,21279.4,74912.0
1656130500000,21277.4,21280.3,21209.1,21223.5,66442.0
1656131400000,21223.5,21266.0,21204.2,21265.1,48388.0
1656132300000,21265.1,21314.8,21222.5,21234.9,74471.0
1656133200000,21234.9,21292.7,21217.9,21279.6,51841.0
1656134100000,21279.6,21329.1,21266.5,21291.4,73634.0
1656135000000,21291.4,21320.0,21258.1,21267.1,62939.0
1656135900000,21269.0,21314.0,21210.0,21217.7,59730.0
1656136800000,21217.7,21246.0,21179.9,21245.9,119501.0
1656137700000,21245.9,21264.0,21200.0,21204.0,96086.0
1656138600000,21203.5,21295.2,21201.1,21282.8,105359.0
1656139500000,21284.9,21310.0,21255.1,21301.1,83768.0
1656140400000,21304.3,21520.0,21297.4,21458.5,390869.0
1656141300000,21460.5,21529.9,21453.1,21494.0,209767.0
1656142200000,21494.5,21632.0,21438.0,21461.4,356573.0
1656143100000,21461.4,21522.3,21408.1,21503.7,155619.0
1656144000000,21503.8,21555.5,21446.1,21446.2,139266.0
1656144900000,21446.1,21488.0,21415.7,21461.6,119782.0
1656145800000,21461.6,21464.2,21370.0,21398.7,165693.0
1656146700000,21398.7,21446.4,21392.7,21393.3,76690.0
1656147600000,21392.5,21434.9,21355.1,21413.5,107087.0
1656148500000,21418.4,21483.6,21402.2,21450.0,79524.0
1656149400000,21450.0,21500.0,21450.0,21494.6,110397.0
1656150300000,21493.2,21497.4,21402.9,21432.6,71376.0
1656151200000,21432.6,21482.3,21417.3,21479.3,51986.0
1656152100000,21479.4,21488.0,21388.0,21413.9,118508.0
1656153000000,21413.9,21441.3,21395.4,21431.4,52795.0
1656153900000,21432.0,21465.3,21407.8,21434.5,32312.0
1656154800000,21434.5,21474.9,21413.4,21469.0,57365.0
1656155700000,21468.6,21479.0,21420.0,21463.1,41700.0
1656156600000,21463.0,21464.6,21360.1,21380.5,115243.0
1656157500000,21380.6,21389.0,21318.0,21340.3,109345.0
1656158400000,21339.9,21380.2,21258.0,21287.0,168895.0
1656159300000,21286.9,21297.5,21073.2,21128.8,380981.0
1656160200000,21126.3,21172.7,21031.6,21159.6,260881.0
1656161100000,21159.7,21220.7,21101.1,21151.8,137188.0
1656162000000,21151.8,21198.0,21070.7,21166.6,134578.0
1656162900000,21166.6,21210.8,21145.0,21205.5,84322.0
1656163800000,21205.5,21249.8,21165.0,21230.4,143735.0
1656164700000,21230.3,21233.2,21125.0,21174.4,99651.0
1656165600000,21171.0,21226.0,21125.1,21206.9,81786.0
1656166500000,21206.9,21229.3,21081.2,21095.5,176300.0
1656167400000,21095.4,21156.3,21079.5,21120.4,97604.0
1656168300000,21119.5,21175.0,21116.1,21131.8,49661.0
1656169200000,21129.8,21147.5,21087.7,21133.0,101896.0
1656170100000,21133.5,21169.7,21087.0,21163.8,72630.0
1656171000000,21161.0,21188.0,21136.8,21139.2,90452.0
1656171900000,21139.3,21142.0,20888.0,20963.1,426706.0
1656172800000,20963.1,21039.0,20920.0,21023.6,144183.0
1656173700000,21023.5,21068.5,20980.0,20996.0,101659.0
1656174600000,20996.0,21075.4,20996.0,21045.9,70741.0
1656175500000,21045.9,21063.6,21030.0,21055.0,51539.0
1656176400000,21055.0,21088.0,21011.0,21064.2,55964.0
1656177300000,21063.0,21148.5,21046.4,21119.4,94646.0
1656178200000,21119.4,21166.1,21102.6,21111.1,82184.0
1656179100000,21111.1,21140.0,21077.8,21096.5,46388.0
1656180000000,21096.5,21110.0,21064.7,21075.8,64259.0
1656180900000,21075.9,21115.9,21044.9,21091.5,50904.0
1656181800000,21090.5,21155.0,21070.0,21125.1,85486.0
1656182700000,21129.0,21298.8,21107.2,21239.3,212584.0
1656183600000,21237.9,21262.1,21192.5,21235.5,93457.0
1656184500000,21235.4,21239.2,21165.0,21182.8,36807.0
1656185400000,21182.8,21197.5,21160.0,21193.3,29695.0
1656186300000,21193.3,21222.0,21167.5,21205.9,32900.0
1656187200000,21205.8,21226.4,21131.7,21194.3,86169.0
1656188100000,21193.2,21205.9,21152.6,21200.9,59362.0
1656189000000,21200.8,21210.6,21170.1,21203.5,26941.0
1656189900000,21203.4,21256.9,21196.2,21227.1,40924.0
1656190800000,21226.5,21388.0,21208.7,21351.0,172170.0
1656191700000,21352.3,21455.0,21345.1,21380.0,173731.0
1656192600000,21380.0,21523.4,21370.4,21460.0,137387.0
1656193500000,21460.0,21533.0,21434.6,21516.2,99668.0
1656194400000,21516.3,21529.0,21426.3,21437.4,112478.0
1656195300000,21437.5,21474.1,21392.8,21437.9,109496.0
1656196200000,21437.8,21490.0,21425.0,21455.5,57298.0
1656197100000,21455.5,21457.8,21415.4,21435.3,51982.0
1656198000000,21435.3,21499.7,21430.0,21471.8,63862.0
1656198900000,21472.1,21498.4,21441.5,21479.9,53019.0
1656199800000,21479.1,21480.4,21443.0,21471.6,36780.0
1656200700000,21471.6,21599.0,21438.6,21489.6,169761.0
1656201600000,21489.7,21548.9,21384.5,21393.4,176755.0
1656202500000,21393.3,21458.0,21390.0,21437.0,93518.0
1656203400000,21437.0,21480.0,21403.5,21451.5,55029.0
1656204300000,21451.4,21507.3,21440.6,21469.6,54365.0
1656205200000,21469.6,21540.8,21469.6,21540.8,91809.0
1656206100000,21540.0,21550.0,21458.0,21465.8,93241.0
1656207000000,21465.8,21465.8,21300.0,21372.9,221190.0
1656207900000,21372.9,21409.7,21350.0,21395.5,66530.0
1656208800000,21395.6,21418.8,21370.1,21372.0,55701.0
1656209700000,21370.9,21389.6,21356.5,21364.4,45611.0
1656210600000,21361.0,21399.7,21355.2,21382.5,39600.0
1656211500000,21382.5,21394.8,21270.0,21357.5,106459.0
1656212400000,21357.6,21377.5,21333.0,21368.1,35888.0
1656213300000,21368.0,21412.9,21356.1,21391.4,38103.0
1656214200000,21391.4,21451.6,21375.6,21416.0,54318.0
1656215100000,21416.1,21454.2,21405.6,21422.0,52290.0
1656216000000,21424.3,21450.0,21390.0,21392.1,52385.0
1656216900000,21392.2,21422.2,21360.0,21385.5,40323.0
1656217800000,21387.0,21456.8,21371.2,21440.3,81418.0
1656218700000,21440.3,21486.0,21422.0,21426.6,76109.0
1656219600000,21426.6,21467.8,21421.0,21461.1,26292.0
1656220500000,21461.2,21486.1,21440.2,21440.2,36451.0
1656221400000,21440.0,21452.1,21386.4,21389.3,27222.0
1656222300000,21389.4,21455.9,21370.0,21443.6,77470.0
1656223200000,21444.6,21451.0,21397.4,21398.0,31641.0
1656224100000,21398.0,21426.0,21335.9,21425.9,117333.0
1656225000000,21425.7,21526.2,21412.6,21493.1,187292.0
1656225900000,21493.2,21501.2,21459.3,21475.0,57300.0
1656226800000,21475.5,21487.4,21410.1,21422.5,126330.0
1656227700000,21422.5,21453.3,21412.0,21429.6,50407.0
1656228600000,21430.0,21460.0,21380.0,21409.3,114932.0
1656229500000,21409.5,21411.8,21364.5,21399.9,51511.0
1656230400000,21397.8,21425.0,21384.9,21424.1,42708.0
1656231300000,21424.1,21450.0,21415.7,21421.2,54143.0
1656232200000,21421.1,21474.0,21372.3,21386.4,86501.0
1656233100000,21386.4,21472.5,21386.4,21452.5,101672.0
1656234000000,21454.4,21484.0,21382.7,21393.3,81615.0
1656234900000,21392.2,21440.1,21359.0,21403.2,121375.0
1656235800000,21401.0,21447.1,21387.7,21413.9,71643.0
1656236700000,21413.8,21425.0,21372.2,21417.2,55938.0
1656237600000,21417.1,21449.9,21392.1,21414.4,42166.0
1656238500000,21410.9,21447.8,21392.0,21410.2,50985.0
1656239400000,21408.3,21423.0,21380.0,21390.9,71457.0
1656240300000,21390.9,21436.3,21377.5,21418.3,52484.0
1656241200000,21418.4,21440.0,21400.8,21428.4,41886.0
1656242100000,21428.4,21448.6,21416.6,21416.9,41722.0
1656243000000,21416.0,21572.8,21398.5,21530.1,238828.0
1656243900000,21530.1,21825.8,21499.7,21707.8,672571.0
1656244800000,21707.9,21890.0,21650.0,21794.2,464309.0
1656245700000,21794.2,21832.9,21581.4,21584.6,422881.0
1656246600000,21584.1,21700.0,21584.1,21628.0,223569.0
1656247500000,21628.0,21668.8,21423.5,21461.5,412970.0
1656248400000,21458.5,21487.9,21278.8,21385.4,449760.0
1656249300000,21385.3,21439.9,21340.0,21380.0,158882.0
1656250200000,21382.5,21424.6,21321.0,21360.9,128056.0
1656251100000,21360.9,21426.4,21340.4,21408.1,126955.0
1656252000000,21408.1,21457.3,21396.3,21406.2,115622.0
1656252900000,21406.2,21499.0,21392.7,21472.3,93619.0
1656253800000,21469.9,21491.0,21413.0,21434.3,87928.0
1656254700000,21434.4,21451.8,21405.0,21414.9,36623.0
1656255600000,21415.0,21418.8,21210.0,21281.7,353015.0
1656256500000,21282.1,21283.8,21191.7,21275.4,137519.0
1656257400000,21277.9,21345.0,21232.4,21314.1,121031.0
1656258300000,21314.1,21347.8,21303.0,21327.2,56942.0
1656259200000,21326.2,21351.6,21276.0,21294.6,71983.0
1656260100000,21294.5,21390.7,21267.6,21360.6,96977.0
1656261000000,21360.7,21449.4,21352.1,21396.4,126890.0
1656261900000,21394.4,21417.1,21327.3,21355.9,61975.0
1656262800000,21356.0,21365.9,21285.9,21320.2,96311.0
1656263700000,21320.2,21337.7,21130.5,21203.0,172365.0
1656264600000,21201.9,21246.7,21159.6,21233.7,83783.0
1656265500000,21234.0,21283.9,21220.6,21263.5,77394.0
1656266400000,21263.5,21269.5,21168.0,21174.8,113597.0
1656267300000,21172.7,21217.2,21122.0,21195.0,117433.0
1656268200000,21194.9,21226.5,21160.0,21216.2,50519.0
1656269100000,21216.2,21235.6,21180.1,21191.4,49642.0
1656270000000,21189.6,21279.8,21183.1,21258.2,95199.0
1656270900000,21258.2,21304.0,21255.5,21269.2,26341.0
1656271800000,21270.4,21287.4,21234.4,21234.4,59455.0
1656272700000,21234.4,21317.9,21233.4,21282.4,40943.0
1656273600000,21282.4,21307.1,21274.0,21290.4,33355.0
1656274500000,21290.4,21293.7,21232.2,21253.1,23899.0
1656275400000,21255.4,21327.2,21250.5,21303.0,44564.0
1656276300000,21304.7,21428.5,21297.6,21399.3,106651.0
1656277200000,21400.5,21423.3,21338.4,21375.4,82383.0
1656278100000,21375.5,21379.9,21330.4,21354.6,34122.0
1656279000000,21355.1,21409.0,21339.6,21385.4,48372.0
1656279900000,21385.3,21418.7,21361.9,21386.6,27436.0
1656280800000,21386.5,21408.7,21276.0,21307.5,116697.0
1656281700000,21307.8,21307.9,21063.3,21094.7,414378.0
1656282600000,21097.6,21110.1,20950.0,21024.7,241368.0
1656283500000,21023.1,21164.3,21003.6,21144.5,149535.0
1656284400000,21144.5,21246.0,21105.2,21160.8,209388.0
1656285300000,21160.7,21166.6,21100.0,21156.5,59759.0
1656286200000,21156.5,21169.4,20977.8,20995.7,135051.0
1656287100000,20995.8,21076.9,20988.2,21038.1,113024.0
1656288000000,21038.1,21099.6,20971.4,21014.7,137737.0
1656288900000,21013.6,21124.8,20988.4,21069.6,91506.0
1656289800000,21074.3,21123.5,21033.2,21080.1,61470.0
1656290700000,21080.1,21098.7,20986.0,21050.6,122442.0
1656291600000,21050.5,21063.9,20925.1,20959.7,153929.0
1656292500000,20959.1,21150.0,20942.9,21109.9,190304.0
1656293400000,21110.0,21128.1,21053.1,21062.7,82056.0
1656294300000,21062.8,21120.0,21050.0,21090.9,54202.0
1656295200000,21093.7,21115.0,21043.8,21055.2,46745.0
1656296100000,21054.2,21100.0,21054.2,21069.0,43353.0
1656297000000,21069.1,21199.5,21068.6,21143.4,152984.0
1656297900000,21145.2,21170.2,21113.2,21132.6,36883.0
1656298800000,21133.0,21189.0,21113.0,21162.3,46346.0
1656299700000,21162.3,21185.7,21130.0,21136.4,63398.0
1656300600000,21136.5,21157.2,21127.0,21135.1,36043.0
1656301500000,21135.0,21181.4,21120.5,21167.6,48023.0
1656302400000,21167.6,21179.1,21153.0,21173.9,34228.0
1656303300000,21173.9,21357.5,21143.6,21214.1,263366.0
1656304200000,21214.7,21264.3,21206.3,21255.6,102439.0
1656305100000,21253.9,21258.7,21221.0,21245.4,44605.0
1656306000000,21247.0,21270.0,21225.2,21231.4,51371.0
1656306900000,21231.6,21236.2,21143.0,21160.1,97432.0
1656307800000,21162.5,21211.9,21150.6,21192.1,60424.0
1656308700000,21190.5,21216.8,21172.9,21179.9,30743.0
1656309600000,21180.0,21206.7,21164.5,21195.2,35178.0
1656310500000,21195.2,21235.7,21180.1,21186.4,36969.0
1656311400000,21186.4,21233.6,21183.4,21219.6,37095.0
1656312300000,21219.6,21279.1,21200.0,21266.1,104137.0
1656313200000,21266.1,21360.4,21257.9,21320.6,196002.0
1656314100000,21320.7,21397.7,21319.0,21382.9,160247.0
1656315000000,21382.9,21396.7,21333.1,21340.5,77061.0
1656315900000,21340.5,21361.7,21313.0,21358.0,96946.0
1656316800000,21357.9,21409.7,21357.9,21388.1,121206.0
1656317700000,21388.9,21400.0,21367.5,21376.0,71892.0
1656318600000,21376.5,21505.8,21334.3,21409.4,304239.0
1656319500000,21409.4,21550.0,21389.0,21486.9,217828.0
1656320400000,21486.6,21499.2,21420.0,21472.8,100821.0
1656321300000,21471.5,21476.6,21422.0,21434.8,56844.0
1656322200000,21434.8,21490.0,21420.5,21446.5,58916.0
1656323100000,21446.5,21498.1,21444.6,21453.8,57144.0
1656324000000,21453.9,21471.8,21394.1,21415.4,93791.0
1656324900000,21415.5,21498.0,21413.9,21451.2,81833.0
1656325800000,21450.6,21480.0,21427.6,21452.5,52461.0
1656326700000,21452.5,21460.7,21417.2,21438.7,49770.0
1656327600000,21436.5,21446.4,21380.7,21432.2,78586.0
1656328500000,21432.2,21455.5,21344.3,21379.8,96336.0
1656329400000,21379.8,21396.4,21320.5,21369.8,94146.0
1656330300000,21369.8,21380.0,21286.5,21304.7,126100.0
1656331200000,21306.4,21348.3,21267.6,21309.1,136568.0
1656332100000,21309.1,21319.3,21235.0,21237.8,156014.0
1656333000000,21238.6,21256.0,21200.0,21209.6,173545.0
1656333900000,21209.7,21244.0,21172.0,21237.9,153621.0
1656334800000,21238.0,21287.3,21194.1,21242.7,138265.0
1656335700000,21242.6,21276.8,21218.1,21254.5,109209.0
1656336600000,21254.5,21276.6,20803.0,20866.0,1028698.0
1656337500000,20865.1,20878.0,20723.6,20743.6,588485.0
1656338400000,20740.8,20769.8,20588.0,20717.0,766615.0
1656339300000,20714.7,20766.7,20663.4,20681.5,211824.0
1656340200000,20680.4,20739.1,20641.6,20686.1,145677.0
1656341100000,20685.6,20841.5,20670.2,20818.0,231101.0
1656342000000,20818.0,20844.0,20710.2,20722.7,159730.0
1656342900000,20722.8,20784.3,20680.0,20756.5,140892.0
1656343800000,20757.4,20822.9,20746.8,20803.5,109692.0
1656344700000,20804.9,20849.0,20746.7,20759.0,118524.0
1656345600000,20757.1,20766.9,20708.0,20711.5,95158.0
1656346500000,20710.0,20737.8,20670.9,20727.5,138869.0
1656347400000,20728.0,20779.3,20705.0,20773.3,125203.0
1656348300000,20773.3,20816.5,20710.0,20760.7,98690.0
1656349200000,20760.7,20776.8,20726.7,20772.5,42620.0
1656350100000,20772.6,20786.0,20720.5,20736.1,61754.0
1656351000000,20736.1,20752.6,20702.0,20724.0,56284.0
1656351900000,20723.9,20761.2,20702.1,20725.8,34080.0
1656352800000,20725.8,20840.0,20419.7,20741.6,498616.0
1656353700000,20743.0,20964.0,20742.9,20882.5,373154.0
1656354600000,20881.9,20931.3,20873.9,20886.2,107117.0
1656355500000,20886.2,20886.7,20772.2,20822.6,147491.0
1656356400000,20822.7,20825.4,20720.1,20782.1,99268.0
1656357300000,20783.6,20874.0,20770.1,20858.8,59922.0
1656358200000,20858.8,20896.8,20805.7,20869.6,68721.0
1656359100000,20870.3,20893.1,20844.6,20856.5,79218.0
1656360000000,20856.4,20965.2,20852.9,20924.8,88250.0
1656360900000,20924.9,20957.9,20920.8,20935.6,47638.0
1656361800000,20933.5,20948.8,20862.1,20909.1,60441.0
1656362700000,20908.8,20927.1,20881.3,20915.1,30023.0
1656363600000,20915.1,20917.1,20866.9,20899.0,49628.0
1656364500000,20898.8,20898.8,20850.5,20863.1,29861.0
1656365400000,20863.0,20893.6,20823.4,20828.1,39551.0
1656366300000,20828.0,20860.6,20786.2,20805.0,28475.0
1656367200000,20807.5,20948.5,20762.4,20880.0,112931.0
1656368100000,20880.0,20949.6,20791.5,20800.0,142873.0
1656369000000,20799.9,20847.1,20780.0,20840.1,54486.0
1656369900000,20843.2,20864.5,20802.1,20807.2,102657.0
1656370800000,20807.4,20857.4,20801.0,20851.6,39965.0
1656371700000,20851.6,20890.0,20822.4,20851.1,55083.0
1656372600000,20851.1,20855.3,20710.3,20732.3,161208.0
1656373500000,20730.6,20776.2,20676.9,20740.4,152639.0
1656374400000,20740.6,20834.2,20723.3,20827.8,182024.0
1656375300000,20827.9,20875.3,20796.5,20842.6,124283.0
1656376200000,20842.5,20853.1,20680.5,20710.7,238700.0
1656377100000,20710.7,20775.2,20701.0,20772.7,86943.0
1656378000000,20772.8,20813.1,20750.0,20798.0,97104.0
1656378900000,20797.9,20797.9,20625.9,20662.1,145208.0
1656379800000,20662.5,20709.3,20639.7,20683.0,167523.0
1656380700000,20681.7,20693.4,20547.0,20617.9,160155.0
1656381600000,20619.7,20684.0,20481.8,20578.8,184089.0
1656382500000,20577.6,20645.0,20559.9,20595.6,132737.0
1656383400000,20594.1,20625.0,20542.3,20579.1,129957.0
1656384300000,20579.1,20648.5,20548.6,20640.1,109471.0
1656385200000,20640.1,20705.9,20629.2,20670.6,122977.0
1656386100000,20672.3,20699.0,20643.7,20686.6,69453.0
1656387000000,20686.7,20743.8,20671.0,20725.8,111516.0
1656387900000,20725.0,20760.0,20707.1,20733.9,55905.0
1656388800000,20732.4,20772.7,20697.0,20714.6,86027.0
1656389700000,20714.7,20786.6,20709.4,20733.0,81743.0
1656390600000,20733.1,20795.0,20731.5,20759.6,89763.0
1656391500000,20759.5,20788.7,20755.0,20767.1,47800.0
1656392400000,20767.0,20788.0,20742.6,20749.8,52556.0
1656393300000,20749.7,20828.4,20749.6,20797.4,202203.0
1656394200000,20797.9,20804.8,20764.1,20786.8,48885.0
1656395100000,20786.7,20794.7,20731.0,20743.0,72527.0
1656396000000,20743.1,20860.0,20742.9,20825.2,127532.0
1656396900000,20825.2,20888.0,20812.2,20872.9,181238.0
1656397800000,20872.9,20873.0,20817.8,20836.6,52076.0
1656398700000,20835.3,20898.0,20835.3,20858.9,115300.0
1656399600000,20859.5,20935.0,20859.5,20915.9,283201.0
1656400500000,20914.1,20921.0,20860.0,20874.4,98626.0
1656401400000,20874.4,20909.0,20852.5,20868.5,66007.0
1656402300000,20868.5,20888.0,20828.7,20878.7,97538.0
1656403200000,20880.2,20950.0,20866.0,20905.2,103450.0
1656404100000,20905.2,20914.5,20871.5,20888.2,80802.0
1656405000000,20888.1,20950.0,20870.0,20936.0,104033.0
1656405900000,20936.1,21158.0,20927.2,21112.0,717336.0
1656406800000,21115.8,21222.0,21111.9,21164.9,402367.0
1656407700000,21165.0,21188.2,21124.3,21144.9,143609.0
1656408600000,21143.9,21159.5,21055.5,21060.4,165024.0
1656409500000,21061.2,21115.7,21050.0,21063.0,95346.0
1656410400000,21062.9,21070.0,21036.7,21048.0,76956.0
1656411300000,21047.9,21084.9,21011.0,21061.5,98871.0
1656412200000,21063.1,21094.5,20991.7,20998.7,77292.0
1656413100000,20999.0,21044.4,20993.5,21025.6,76990.0
1656414000000,21025.8,21040.0,20905.9,21001.9,237623.0
1656414900000,20999.3,21050.0,20958.3,21034.5,108010.0
1656415800000,21034.5,21091.1,21017.0,21050.0,94375.0
1656416700000,21050.0,21072.0,20997.3,21000.0,80477.0
1656417600000,21000.0,21069.0,20997.1,21060.0,86893.0
1656418500000,21060.1,21137.2,20964.4,20985.5,236349.0
1656419400000,20984.3,21041.3,20943.7,21028.9,133575.0
1656420300000,21028.9,21039.2,20956.8,20956.8,67270.0
1656421200000,20955.6,20988.0,20868.0,20972.5,219940.0
1656422100000,20972.5,21035.0,20972.1,21005.0,104140.0
1656423000000,21005.0,21128.4,20990.0,21097.2,322784.0
1656423900000,21097.2,21114.0,21023.6,21061.0,132353.0
1656424800000,21061.0,21094.0,20942.8,20977.1,192587.0
1656425700000,20971.0,20971.0,20835.5,20844.3,284668.0
1656426600000,20841.2,20850.6,20721.3,20788.0,395873.0
1656427500000,20787.9,20855.1,20742.3,20847.3,201520.0
1656428400000,20847.3,20848.1,20767.1,20808.6,119829.0
1656429300000,20808.7,20810.8,20643.3,20687.6,252245.0
1656430200000,20687.5,20716.8,20623.4,20637.1,194660.0
1656431100000,20637.1,20681.4,20590.0,20611.8,159736.0
1656432000000,20611.7,20741.0,20550.0,20656.4,323117.0
1656432900000,20653.4,20717.9,20621.5,20698.5,117668.0
1656433800000,20700.5,20760.9,20673.7,20743.5,113664.0
1656434700000,20743.1,20769.9,20692.4,20714.7,82205.0
1656435600000,20715.1,20724.4,20589.2,20604.5,124672.0
1656436500000,20605.2,20665.6,20598.4,20655.7,125902.0
1656437400000,20655.4,20696.1,20588.5,20644.5,125736.0
1656438300000,20644.5,20662.8,20600.0,20635.3,80816.0
1656439200000,20633.9,20644.3,20333.0,20373.2,480177.0
1656440100000,20373.1,20382.2,20250.0,20320.1,438076.0
1656441000000,20323.9,20374.9,20253.2,20361.7,162189.0
1656441900000,20360.4,20438.0,20337.7,20354.0,130504.0
1656442800000,20354.0,20355.7,20302.7,20318.3,64123.0
1656443700000,20318.2,20336.2,20288.0,20311.1,61133.0
1656444600000,20310.8,20368.5,20294.0,20301.1,60274.0
1656445500000,20301.1,20324.1,20196.7,20255.2,161439.0
1656446400000,20255.5,20290.0,20225.1,20268.2,78499.0
1656447300000,20268.2,20321.8,20230.8,20299.6,95824.0
1656448200000,20299.5,20315.6,20198.5,20285.9,117637.0
1656449100000,20287.1,20324.6,20266.6,20278.8,61243.0
1656450000000,20277.1,20355.0,20273.1,20331.0,63212.0
1656450900000,20332.9,20362.4,20288.8,20355.0,65274.0
1656451800000,20355.0,20390.0,20329.1,20370.9,44850.0
1656452700000,20370.8,20395.0,20356.0,20393.7,27254.0
1656453600000,20394.6,20426.5,20335.2,20410.9,110407.0
1656454500000,20411.9,20457.6,20388.3,20403.3,79144.0
1656455400000,20403.3,20409.4,20267.5,20313.5,99358.0
1656456300000,20313.5,20350.8,20288.0,20309.6,55761.0
1656457200000,20309.6,20347.2,20268.0,20331.0,92989.0
1656458100000,20331.0,20375.1,20292.4,20345.5,77505.0
1656459000000,20345.4,20361.3,20233.0,20256.5,141854.0
1656459900000,20256.7,20298.4,20209.0,20280.9,126890.0
1656460800000,20280.9,20328.3,20145.2,20286.6,271003.0
1656461700000,20286.7,20361.1,20260.9,20361.1,175851.0
1656462600000,20361.7,20390.0,20270.0,20304.9,106719.0
1656463500000,20304.9,20336.6,20234.0,20294.5,146459.0
1656464400000,20294.4,20335.0,20237.9,20316.0,108396.0
1656465300000,20315.0,20366.0,20304.4,20350.2,102779.0
1656466200000,20350.9,20377.4,20326.7,20356.6,61832.0
1656467100000,20356.6,20388.0,20325.4,20358.0,54780.0
1656468000000,20358.0,20400.0,20330.0,20364.7,65351.0
1656468900000,20364.8,20382.5,20293.8,20311.3,90057.0
1656469800000,20311.3,20364.9,20291.3,20359.4,58259.0
1656470700000,20359.3,20388.0,20335.3,20343.7,54276.0
1656471600000,20343.6,20373.2,20320.6,20361.4,55920.0
1656472500000,20359.5,20389.6,20304.2,20384.2,96624.0
1656473400000,20384.2,20393.1,20322.5,20353.4,48947.0
1656474300000,20353.3,20378.8,20244.4,20284.1,136461.0
1656475200000,20284.1,20350.0,20272.7,20339.0,102796.0
1656476100000,20341.8,20342.0,20252.4,20320.7,95264.0
1656477000000,20320.3,20364.9,20287.5,20341.9,84602.0
1656477900000,20340.8,20380.0,20255.0,20307.9,205720.0
1656478800000,20307.9,20323.6,20267.2,20277.8,84393.0
1656479700000,20277.9,20364.5,20205.7,20269.8,199779.0
1656480600000,20267.9,20271.7,20180.8,20211.0,189617.0
1656481500000,20210.4,20246.8,20042.7,20180.6,459761.0
1656482400000,20183.6,20190.7,20053.9,20120.4,197217.0
1656483300000,20120.3,20180.0,20025.1,20170.7,238609.0
1656484200000,20170.0,20220.0,20094.0,20133.0,172705.0
1656485100000,20133.0,20160.0,19900.0,19947.4,704125.0
1656486000000,19947.5,20011.9,19901.0,19972.9,265265.0
1656486900000,19973.0,20074.6,19966.8,20068.6,191563.0
1656487800000,20068.9,20110.9,20037.4,20078.8,141841.0
1656488700000,20078.7,20135.0,20063.3,20094.5,143313.0
1656489600000,20094.5,20155.0,20070.4,20110.7,127528.0
1656490500000,20109.1,20138.8,20045.3,20077.6,103641.0
1656491400000,20078.8,20104.4,20007.5,20038.1,111377.0
1656492300000,20040.6,20057.2,19960.3,19996.4,128543.0
1656493200000,19996.4,20129.3,19970.0,20094.9,167560.0
1656494100000,20095.0,20246.0,20090.0,20183.1,265063.0
1656495000000,20183.1,20237.3,20100.1,20114.6,221852.0
1656495900000,20115.2,20120.4,20038.7,20069.4,134097.0
1656496800000,20069.4,20126.9,20054.0,20114.1,107502.0
1656497700000,20110.5,20136.5,20078.3,20095.2,69387.0
1656498600000,20092.5,20112.1,20050.5,20075.1,104905.0
1656499500000,20077.5,20165.0,20031.5,20101.9,153413.0
1656500400000,20101.8,20119.6,19952.0,19968.5,192978.0
1656501300000,19968.5,20037.5,19850.0,20004.2,434927.0
1656502200000,20004.2,20123.0,19998.1,20056.1,215332.0
1656503100000,20056.2,20126.4,19995.0,20107.2,173420.0
1656504000000,20107.2,20160.0,20095.6,20108.7,147188.0
1656504900000,20107.1,20188.5,20037.3,20082.0,182896.0
1656505800000,20079.4,20109.4,19972.2,20041.4,303007.0
1656506700000,20041.3,20104.9,20000.8,20013.7,117924.0
1656507600000,20013.9,20123.4,20013.9,20102.0,131396.0
1656508500000,20102.1,20140.1,20067.3,20120.0,163155.0
1656509400000,20120.0,20143.0,19902.4,19936.8,443420.0
1656510300000,19938.4,20131.0,19886.0,20083.5,420121.0
1656511200000,20083.2,20179.0,20059.7,20117.3,256589.0
1656512100000,20117.9,20139.9,20031.9,20118.0,174785.0
1656513000000,20118.1,20149.0,20045.8,20120.8,110299.0
1656513900000,20120.8,20180.0,20110.0,20122.5,156725.0
1656514800000,20122.5,20139.4,20052.0,20068.6,94724.0
1656515700000,20069.0,20087.5,19988.0,20064.6,152254.0
1656516600000,20064.6,20082.8,20027.0,20059.8,67511.0
1656517500000,20059.3,20128.0,20047.6,20086.2,118239.0
1656518400000,20086.9,20099.2,20030.2,20065.2,80242.0
1656519300000,20065.2,20104.6,19980.8,20024.2,152109.0
1656520200000,20024.1,20042.2,19975.1,20034.9,135355.0
1656521100000,20034.9,20050.6,19980.3,20022.1,136982.0
1656522000000,20022.2,20046.2,19941.9,19964.5,140115.0
1656522900000,19964.4,20018.3,19928.8,20014.2,156806.0
1656523800000,20015.5,20039.8,19958.1,20039.1,95816.0
1656524700000,20039.1,20089.4,20012.1,20089.4,123756.0
1656525600000,20089.5,20127.2,20078.7,20100.5,106857.0
1656526500000,20100.6,20119.0,20054.0,20108.3,68756.0
1656527400000,20109.4,20109.9,20057.8,20067.2,47021.0
1656528300000,20065.3,20091.9,20035.8,20050.1,39723.0
1656529200000,20052.2,20108.5,20034.5,20095.6,54816.0
1656530100000,20093.8,20153.0,20091.8,20141.8,65124.0
1656531000000,20141.8,20151.8,20100.0,20129.9,53145.0
1656531900000,20130.0,20280.0,20092.5,20226.3,273428.0
1656532800000,20223.3,20444.0,20217.7,20314.0,400875.0
1656533700000,20311.1,20375.9,20262.2,20266.4,124239.0
1656534600000,20264.8,20271.9,20123.3,20144.8,193168.0
1656535500000,20144.9,20226.2,20137.7,20226.2,67594.0
1656536400000,20226.1,20302.5,20192.9,20297.0,95659.0
1656537300000,20297.0,20354.8,20253.5,20313.5,89590.0
1656538200000,20313.3,20334.3,20286.8,20329.7,66880.0
1656539100000,20329.6,20331.9,20266.0,20290.5,74902.0
1656540000000,20290.4,20319.0,20271.7,20309.5,51312.0
1656540900000,20309.5,20322.7,20203.3,20203.3,100926.0
1656541800000,20203.2,20217.5,20153.0,20192.0,107348.0
1656542700000,20191.9,20236.4,20160.0,20210.4,68218.0
1656543600000,20210.5,20212.9,20075.1,20129.9,115362.0
1656544500000,20129.9,20143.0,20075.6,20090.0,117589.0
1656545400000,20088.0,20140.0,20077.7,20082.9,66524.0
1656546300000,20082.9,20123.2,20044.8,20117.0,62326.0
1656547200000,20118.8,20167.0,20068.2,20139.1,119532.0
1656548100000,20139.0,20144.3,20042.6,20071.2,114219.0
1656549000000,20071.1,20120.0,20000.1,20049.7,134256.0
1656549900000,20049.6,20080.5,20030.2,20039.0,67985.0
1656550800000,20039.0,20088.0,20017.0,20072.1,70135.0
1656551700000,20072.0,20079.1,19945.0,20023.0,189571.0
1656552600000,20022.0,20056.8,19956.5,20048.1,87379.0
1656553500000,20049.3,20070.0,20008.6,20018.6,69718.0
1656554400000,20018.6,20068.0,20003.8,20050.0,46109.0
1656555300000,20050.0,20085.8,20049.9,20073.5,58432.0
1656556200000,20078.9,20120.0,20069.3,20093.5,96393.0
1656557100000,20094.2,20098.4,20063.4,20082.4,67327.0
1656558000000,20083.2,20094.3,20052.0,20081.8,72077.0
1656558900000,20081.8,20098.1,20046.3,20095.3,52168.0
1656559800000,20091.5,20098.5,20051.5,20083.2,49796.0
1656560700000,20083.1,20087.7,20048.0,20076.6,39764.0
1656561600000,20076.5,20094.0,20046.8,20054.9,62310.0
1656562500000,20054.5,20086.8,20048.0,20063.3,42491.0
1656563400000,20063.3,20078.9,20048.0,20074.0,46218.0
1656564300000,20073.9,20086.0,20005.8,20053.4,97183.0
1656565200000,20053.4,20070.2,19985.6,19988.8,118573.0
1656566100000,19988.0,20040.0,19962.8,20033.8,102550.0
1656567000000,20033.8,20069.9,19995.9,19999.7,74781.0
1656567900000,20000.0,20030.0,19981.0,20003.4,54869.0
1656568800000,20003.4,20032.7,19968.1,19989.5,63241.0
1656569700000,19989.6,19996.1,19766.0,19772.3,338301.0
1656570600000,19772.3,19797.4,19356.2,19508.9,1199630.0
1656571500000,19507.1,19526.6,19336.5,19412.9,342287.0
1656572400000,19415.2,19451.0,19346.7,19382.9,273493.0
1656573300000,19383.0,19470.4,19308.0,19436.2,304552.0
1656574200000,19436.1,19439.6,19384.9,19413.7,149570.0
1656575100000,19413.7,19444.4,19374.2,19431.2,149088.0
1656576000000,19430.6,19437.5,19345.0,19387.9,154413.0
1656576900000,19388.0,19392.0,19186.8,19326.0,401141.0
1656577800000,19326.4,19343.9,19262.1,19304.5,169853.0
1656578700000,19304.5,19307.0,19117.0,19235.3,305811.0
1656579600000,19234.3,19256.0,18976.0,19086.6,729761.0
1656580500000,19086.6,19120.0,18938.0,18953.1,495381.0
1656581400000,18953.2,19059.8,18909.0,19006.2,324528.0
1656582300000,19006.2,19201.6,19003.2,19149.9,345278.0
1656583200000,19150.0,19169.5,19100.0,19149.9,145638.0
1656584100000,19150.0,19168.0,19076.7,19085.1,134275.0
1656585000000,19085.1,19102.6,19048.5,19081.7,128264.0
1656585900000,19081.7,19120.0,18978.0,19103.5,235320.0
1656586800000,19103.5,19109.2,19025.7,19080.0,103952.0
1656587700000,19080.0,19098.0,19033.6,19092.5,69856.0
1656588600000,19093.2,19170.5,19036.0,19036.0,189377.0
1656589500000,19036.0,19110.2,19011.4,19097.8,203839.0
1656590400000,19096.0,19123.6,19061.1,19083.4,100326.0
1656591300000,19083.3,19147.1,19054.0,19139.0,126272.0
1656592200000,19139.1,19299.0,19137.1,19252.7,522158.0
1656593100000,19252.5,19333.0,19166.4,19201.2,256177.0
1656594000000,19201.2,19264.9,19153.2,19187.4,131964.0
1656594900000,19187.5,19232.0,19162.4,19221.9,95355.0
1656595800000,19221.0,19250.0,18725.9,18798.7,893209.0
1656596700000,18798.7,18950.6,18783.6,18864.9,599644.0
1656597600000,18865.0,18990.0,18850.8,18968.2,245411.0
1656598500000,18967.9,18981.5,18910.0,18934.9,126451.0
1656599400000,18934.9,19100.0,18921.6,19014.6,359792.0
1656600300000,19015.1,19152.0,19012.0,19116.1,214569.0
1656601200000,19115.3,19170.0,19096.5,19153.4,156253.0
1656602100000,19153.4,19253.0,19114.6,19192.9,249584.0
1656603000000,19192.9,19220.9,19146.8,19178.7,122214.0
1656603900000,19177.4,19244.7,19085.3,19142.6,174705.0
1656604800000,19142.7,19159.9,19064.3,19112.6,138807.0
1656605700000,19114.6,19231.2,19087.5,19195.4,136460.0
1656606600000,19195.5,19288.0,19135.7,19152.9,282799.0
1656607500000,19152.7,19190.0,19123.0,19141.5,135814.0
1656608400000,19142.5,19154.4,19070.2,19089.0,78752.0
1656609300000,19087.7,19127.3,19070.0,19099.7,51167.0
1656610200000,19102.4,19217.1,19100.9,19124.9,95757.0
1656611100000,19125.0,19172.7,19096.4,19099.7,45534.0
1656612000000,19102.4,19125.0,19076.5,19078.1,42308.0
1656612900000,19078.1,19100.0,19022.2,19050.8,85329.0
1656613800000,19050.9,19077.4,18964.3,18985.2,98473.0
1656614700000,18985.1,19032.6,18961.4,18972.3,66737.0
1656615600000,18972.3,18992.9,18932.6,18954.8,94006.0
1656616500000,18954.7,19033.2,18885.7,18980.3,159926.0
1656617400000,18980.3,19048.8,18880.1,18900.2,90783.0
1656618300000,18902.3,18974.5,18851.0,18930.3,118101.0
1656619200000,18930.0,19018.0,18884.6,19004.6,87148.0
1656620100000,19003.1,19075.9,18978.5,19030.5,113210.0
1656621000000,19030.5,19043.5,18818.0,18841.4,172560.0
1656621900000,18841.5,18865.1,18598.9,18753.6,444133.0
1656622800000,18751.9,18935.6,18718.5,18894.3,240937.0
1656623700000,18894.4,18937.7,18858.8,18861.6,101645.0
1656624600000,18861.5,18966.9,18850.0,18869.5,108651.0
1656625500000,18869.2,18919.9,18805.4,18821.7,52339.0
1656626400000,18821.7,18851.9,18737.5,18780.6,107315.0
1656627300000,18780.6,18902.0,18765.9,18850.0,164573.0
1656628200000,18850.1,18929.0,18850.0,18904.5,87039.0
1656629100000,18903.3,18956.5,18880.8,18893.5,113967.0
1656630000000,18893.5,18999.0,18880.5,18976.4,111591.0
1656630900000,18976.5,19028.0,18947.4,19020.8,117157.0
1656631800000,19020.7,19155.7,19010.1,19066.4,280045.0
1656632700000,19067.6,19980.0,19057.0,19941.6,1704342.0
1656633600000,19940.9,19966.1,19659.6,19719.0,548583.0
1656634500000,19718.0,20719.5,19692.4,20488.0,1318287.0
1656635400000,20488.1,20979.0,20368.2,20409.8,1360162.0
1656636300000,20407.3,20507.0,20255.0,20295.8,387536.0
1656637200000,20295.8,20447.0,20253.7,20295.7,375388.0
1656638100000,20297.4,20391.3,20260.0,20388.0,256382.0
1656639000000,20388.7,20480.0,20281.5,20420.1,252065.0
1656639900000,20420.1,20438.0,20372.5,20413.4,130241.0
1656640800000,20414.3,20560.0,20346.1,20492.6,246638.0
1656641700000,20492.6,20496.9,20380.0,20390.5,156592.0
1656642600000,20389.7,20396.9,20310.6,20335.6,121450.0
1656643500000,20335.0,20356.0,20265.0,20300.5,181544.0
1656644400000,20300.5,20309.5,20127.6,20201.7,315789.0
1656645300000,20201.6,20218.0,20082.9,20134.7,252987.0
1656646200000,20135.1,20187.9,20058.5,20103.8,210742.0
1656647100000,20103.9,20145.5,19688.0,19731.6,836582.0
1656648000000,19733.2,19752.1,19521.1,19590.1,549014.0
1656648900000,19590.0,19612.5,19544.5,19564.2,250640.0
1656649800000,19564.1,19777.0,19556.8,19607.8,399642.0
1656650700000,19607.9,19620.1,19368.0,19407.9,460856.0
1656651600000,19408.1,19441.5,19330.0,19426.3,227777.0
1656652500000,19424.2,19604.1,19309.0,19467.8,427982.0
1656653400000,19468.0,19500.3,19372.8,19475.6,193884.0
1656654300000,19477.0,19529.7,19435.9,19467.9,139662.0
1656655200000,19466.2,19493.9,19409.3,19426.6,107424.0
1656656100000,19429.7,19440.5,19362.0,19436.1,131908.0
1656657000000,19433.9,19461.6,19393.8,19450.5,97907.0
1656657900000,19450.5,19493.7,19363.1,19401.9,124654.0
1656658800000,19401.8,19426.9,19334.0,19403.7,149408.0
1656659700000,19404.1,19557.0,19384.9,19508.3,203045.0
1656660600000,19508.2,19669.9,19505.2,19545.7,359909.0
1656661500000,19542.6,19644.9,19536.9,19578.3,180812.0
1656662400000,19576.6,19826.4,19469.2,19753.9,389151.0
1656663300000,19754.2,19767.9,19628.1,19657.3,351526.0
1656664200000,19655.1,19689.3,19567.7,19570.2,181910.0
1656665100000,19571.0,19643.2,19496.0,19522.5,164801.0
1656666000000,19522.5,19560.2,19422.0,19474.9,172036.0
1656666900000,19474.9,19562.8,19460.0,19485.3,156330.0
1656667800000,19486.4,19500.5,19387.0,19446.4,190823.0
1656668700000,19445.9,19500.0,19366.0,19425.0,174957.0
1656669600000,19426.3,19476.9,19344.3,19453.7,154111.0
1656670500000,19453.7,19507.7,19407.7,19428.8,96606.0
1656671400000,19428.8,19449.9,19100.0,19149.1,592131.0
1656672300000,19149.9,19180.0,18952.0,19070.8,468235.0
1656673200000,19070.0,19193.1,18971.5,19139.4,354051.0
1656674100000,19139.5,19208.0,19091.0,19179.1,165936.0
1656675000000,19179.2,19224.9,19138.1,19164.4,123680.0
1656675900000,19164.4,19210.0,19135.0,19190.2,123391.0
1656676800000,19190.1,19226.5,19177.3,19212.1,105776.0
1656677700000,19210.9,19296.0,19124.3,19226.9,224575.0
1656678600000,19227.0,19335.0,19219.7,19314.9,177784.0
1656679500000,19314.8,19348.7,19259.7,19286.6,114528.0
1656680400000,19285.4,19379.2,19258.8,19318.5,141405.0
1656681300000,19319.5,19392.4,19300.8,19302.3,147929.0
1656682200000,19302.4,19499.0,19200.5,19471.4,511350.0
1656683100000,19470.2,19676.7,19435.0,19450.0,681348.0
1656684000000,19450.0,19536.3,19325.0,19355.0,432402.0
1656684900000,19355.0,19435.3,19314.3,19338.8,164818.0
1656685800000,19338.8,19412.2,19286.6,19384.6,213161.0
1656686700000,19384.6,19460.0,19367.3,19409.3,193189.0
1656687600000,19409.4,19471.0,19318.4,19419.0,208070.0
1656688500000,19418.9,19483.5,19380.0,19399.7,135044.0
1656689400000,19399.7,19438.8,19355.4,19384.0,119183.0
1656690300000,19383.3,19395.7,19207.0,19289.0,312237.0
1656691200000,19290.3,19358.1,19251.5,19327.1,154817.0
1656692100000,19327.1,19440.0,19315.1,19406.8,148167.0
1656693000000,19404.7,19431.8,19351.0,19373.6,91352.0
1656693900000,19372.4,19472.1,19337.4,19347.3,120491.0
1656694800000,19346.7,19412.5,19324.2,19412.4,55567.0
1656695700000,19409.1,19442.9,19361.6,19391.6,69442.0
1656696600000,19392.1,19530.4,19351.3,19463.9,178089.0
1656697500000,19463.9,19507.5,19446.2,19485.1,71564.0
1656698400000,19486.2,19509.0,19450.0,19478.4,58704.0
1656699300000,19479.8,19544.3,19454.9,19485.3,65346.0
1656700200000,19485.4,19537.1,19456.0,19471.3,54586.0
1656701100000,19473.9,19494.8,19385.4,19437.3,86269.0
1656702000000,19438.5,19442.7,19387.4,19404.9,44445.0
1656702900000,19404.5,19415.0,19273.1,19312.5,132455.0
1656703800000,19312.5,19374.3,19278.8,19326.0,81092.0
1656704700000,19323.4,19393.3,19321.8,19390.1,70319.0
1656705600000,19388.4,19486.1,19348.5,19446.9,91171.0
1656706500000,19444.2,19700.0,19422.9,19600.8,313126.0
1656707400000,19599.0,19605.3,19468.0,19480.0,90452.0
1656708300000,19479.5,19578.2,19411.2,19432.1,112768.0
1656709200000,19433.5,19521.4,19432.2,19513.1,40563.0
1656710100000,19513.0,19517.5,19430.6,19446.5,36580.0
1656711000000,19446.5,19497.9,19433.5,19481.7,21747.0
1656711900000,19481.6,19481.6,19336.3,19396.4,74300.0
1656712800000,19396.4,19416.4,19343.2,19358.6,54945.0
1656713700000,19359.5,19390.0,19341.1,19374.1,49341.0
1656714600000,19374.2,19419.4,19342.3,19414.6,62472.0
1656715500000,19414.5,19419.2,19285.5,19297.1,95584.0
1656716400000,19296.2,19363.0,19286.4,19356.7,85799.0
1656717300000,19356.7,19480.5,19342.4,19417.6,113790.0
1656718200000,19416.7,19439.0,19409.0,19422.3,33553.0
1656719100000,19422.3,19449.1,19215.5,19281.3,203428.0
1656720000000,19282.0,19363.8,19209.0,19344.7,176407.0
1656720900000,19346.5,19392.2,19266.7,19312.7,115752.0
1656721800000,19312.8,19339.9,19239.3,19327.2,87995.0
1656722700000,19327.6,19340.0,19160.0,19177.5,148880.0
1656723600000,19177.6,19237.0,19136.8,19189.0,159579.0
1656724500000,19189.0,19277.0,19180.0,19262.8,96026.0
1656725400000,19267.3,19298.5,19230.3,19254.1,71824.0
1656726300000,19256.1,19287.9,19219.8,19235.1,40298.0
1656727200000,19231.6,19284.7,19200.7,19270.6,87303.0
1656728100000,19270.5,19294.4,19213.4,19222.1,71116.0
1656729000000,19222.7,19230.8,19137.0,19149.1,221486.0
1656729900000,19145.3,19214.5,19105.0,19198.1,147420.0
1656730800000,19197.2,19228.8,19168.3,19185.8,70224.0
1656731700000,19185.8,19218.4,19146.5,19152.9,89038.0
1656732600000,19152.8,19158.9,19066.0,19107.0,199673.0
1656733500000,19106.6,19145.0,19080.3,19132.5,99132.0
1656734400000,19132.5,19168.3,19110.3,19143.2,91939.0
1656735300000,19143.2,19211.2,19143.2,19189.1,86005.0
1656736200000,19189.0,19244.4,19184.1,19199.9,97998.0
1656737100000,19199.8,19220.5,19190.3,19198.5,49825.0
1656738000000,19198.5,19237.2,19180.7,19234.3,70114.0
1656738900000,19234.4,19311.9,19219.1,19252.9,128925.0
1656739800000,19252.9,19277.9,19204.4,19238.5,60995.0
1656740700000,19238.5,19268.0,19218.5,19239.3,41638.0
1656741600000,19239.2,19283.8,19232.9,19257.9,43873.0
1656742500000,19257.9,19282.9,19237.0,19237.0,35809.0
1656743400000,19237.0,19238.9,19192.1,19195.1,58553.0
1656744300000,19195.0,19265.8,19186.0,19217.9,60011.0
1656745200000,19217.9,19244.1,19214.8,19220.0,27744.0
1656746100000,19220.1,19277.4,19211.8,19226.9,51652.0
1656747000000,19227.0,19242.6,19188.1,19195.1,68925.0
1656747900000,19195.1,19208.0,19112.1,19127.8,184336.0
1656748800000,19129.7,19187.2,19124.2,19179.5,78258.0
1656749700000,19179.5,19197.6,19151.7,19188.6,56979.0
1656750600000,19188.6,19191.4,19112.0,19119.1,73708.0
1656751500000,19119.2,19155.8,19084.9,19117.0,105982.0
1656752400000,19117.0,19168.8,19100.2,19159.0,74252.0
1656753300000,19159.0,19162.3,18976.6,19039.4,296455.0
1656754200000,19039.4,19098.7,19031.1,19068.7,110598.0
1656755100000,19068.8,19192.8,19068.8,19174.0,167336.0
1656756000000,19175.0,19205.3,19151.8,19185.0,130966.0
1656756900000,19185.0,19202.5,19134.2,19157.2,112951.0
1656757800000,19157.0,19284.5,19135.7,19228.0,236859.0
1656758700000,19228.0,19288.0,19213.0,19244.7,105870.0
1656759600000,19244.6,19251.8,19216.3,19231.1,65619.0
1656760500000,19231.0,19276.6,19211.1,19241.9,107031.0
1656761400000,19241.7,19266.0,19196.0,19212.8,77665.0
1656762300000,19212.7,19222.4,19161.2,19196.5,115428.0
1656763200000,19196.5,19273.8,19150.0,19255.9,294210.0
1656764100000,19255.9,19286.9,19207.6,19230.6,161096.0
1656765000000,19229.1,19456.4,19190.6,19392.2,441224.0
1656765900000,19390.8,19411.7,19305.0,19343.7,211894.0
1656766800000,19342.9,19346.6,19238.0,19246.8,182355.0
1656767700000,19246.8,19270.4,19223.6,19249.8,92207.0
1656768600000,19250.9,19269.5,19222.2,19249.8,79181.0
1656769500000,19249.7,19272.9,19235.7,19268.0,36700.0
1656770400000,19269.2,19287.8,19255.9,19276.1,49002.0
1656771300000,19276.2,19336.9,19272.3,19313.0,103191.0
1656772200000,19312.8,19363.1,19305.0,19336.4,115229.0
1656773100000,19336.4,19347.4,19269.8,19281.7,76302.0
1656774000000,19281.6,19300.0,19260.6,19279.9,54801.0
1656774900000,19279.9,19280.0,19183.1,19194.4,156422.0
1656775800000,19194.5,19226.0,19168.1,19203.0,108940.0
1656776700000,19203.0,19250.6,19189.5,19231.7,87812.0
1656777600000,19231.7,19266.5,19211.6,19216.5,73885.0
1656778500000,19216.5,19329.0,19187.0,19306.7,107398.0
1656779400000,19305.5,19325.7,19259.8,19294.4,86070.0
1656780300000,19294.3,19337.0,19269.7,19293.8,90580.0
1656781200000,19294.4,19329.7,19286.1,19296.0,91887.0
1656782100000,19296.1,19330.1,19283.2,19330.1,51585.0
1656783000000,19331.3,19350.0,19298.4,19302.6,33780.0
1656783900000,19302.7,19321.8,19286.2,19300.9,31291.0
1656784800000,19301.0,19315.0,19280.0,19294.3,49909.0
1656785700000,19294.3,19300.5,19268.4,19279.6,22703.0
1656786600000,19279.2,19287.6,19263.7,19273.8,18696.0
1656787500000,19273.3,19409.9,19260.0,19319.2,188241.0
1656788400000,19319.3,19422.8,19318.5,19343.6,89523.0
1656789300000,19343.5,19377.1,19237.5,19246.8,154923.0
1656790200000,19246.8,19267.0,19196.3,19240.9,123649.0
1656791100000,19241.0,19287.7,19231.5,19272.2,39764.0
1656792000000,19272.1,19289.6,19237.0,19249.1,32156.0
1656792900000,19249.1,19266.5,19200.0,19251.6,69484.0
1656793800000,19251.7,19272.6,19251.7,19255.0,21015.0
1656794700000,19255.0,19279.3,19239.4,19261.0,38865.0
1656795600000,19260.9,19328.1,19248.8,19315.1,98639.0
1656796500000,19315.1,19335.5,19292.7,19296.6,57639.0
1656797400000,19296.6,19324.6,19292.7,19306.2,16499.0
1656798300000,19305.6,19383.3,19305.5,19353.7,39364.0
1656799200000,19355.3,19369.2,19329.0,19348.7,59868.0
1656800100000,19348.8,19364.7,19327.3,19351.7,22217.0
1656801000000,19351.6,19377.8,19322.0,19349.9,35543.0
1656801900000,19347.7,19351.6,19310.9,19329.7,24991.0
1656802800000,19329.7,19343.0,19307.0,19317.5,21202.0
1656803700000,19317.5,19319.0,19220.0,19250.0,110887.0
1656804600000,19250.9,19269.8,19200.0,19261.6,84590.0
1656805500000,19260.2,19263.6,19232.9,19248.5,33966.0
1656806400000,19248.5,19278.6,19236.8,19263.0,33607.0
1656807300000,19263.0,19290.6,19201.9,19216.2,84695.0
1656808200000,19216.1,19246.0,19160.0,19220.7,92185.0
1656809100000,19221.0,19250.0,19218.5,19245.0,42385.0
1656810000000,19245.0,19258.0,19211.4,19216.7,47414.0
1656810900000,19216.2,19238.2,19201.7,19225.6,30757.0
1656811800000,19225.5,19230.0,19174.0,19199.9,53437.0
1656812700000,19199.9,19209.8,19175.1,19190.1,75642.0
1656813600000,19190.0,19224.0,19181.7,19215.2,31147.0
1656814500000,19216.0,19250.0,19209.8,19242.8,48580.0
1656815400000,19240.7,19288.5,19238.2,19258.9,95568.0
1656816300000,19258.9,19284.0,19250.9,19260.6,57196.0
1656817200000,19260.6,19280.0,19236.4,19245.8,44401.0
1656818100000,19245.7,19272.9,19235.3,19261.2,41794.0
1656819000000,19263.6,19306.4,19249.2,19300.0,64069.0
1656819900000,19300.0,19302.4,19260.3,19262.7,47511.0
1656820800000,19262.7,19320.0,19262.7,19298.6,60354.0
1656821700000,19299.4,19306.0,19268.0,19282.1,38261.0
1656822600000,19280.9,19281.0,19255.0,19262.0,37390.0
1656823500000,19262.0,19300.0,18777.0,19265.0,1368894.0
1656824400000,19265.4,19399.0,19155.0,19194.9,673513.0
1656825300000,19193.8,19220.0,19060.0,19091.1,418727.0
1656826200000,19091.5,19118.6,19041.0,19097.0,242226.0
1656827100000,19096.9,19164.7,19026.4,19044.2,173989.0
1656828000000,19044.2,19090.4,19031.0,19088.1,85717.0
1656828900000,19088.1,19189.0,19078.3,19138.1,156471.0
1656829800000,19138.0,19169.9,19127.2,19129.5,57138.0
1656830700000,19129.4,19177.9,19083.2,19152.0,105340.0
1656831600000,19152.1,19161.8,19114.0,19118.4,36391.0
1656832500000,19118.4,19162.8,19089.0,19116.9,87484.0
1656833400000,19116.9,19142.8,19091.6,19134.0,47524.0
1656834300000,19134.1,19152.0,19100.0,19137.6,46238.0
1656835200000,19137.6,19154.6,19066.5,19080.5,64167.0
1656836100000,19080.5,19100.3,19040.1,19060.4,126600.0
1656837000000,19060.3,19078.9,19042.3,19061.0,62632.0
1656837900000,19061.1,19076.0,18923.0,19021.5,247177.0
1656838800000,19021.4,19024.6,18953.1,18981.7,114833.0
1656839700000,18981.5,19036.1,18962.0,18995.5,83359.0
1656840600000,18995.4,19013.6,18967.3,18993.9,72343.0
1656841500000,18995.1,19088.0,18984.3,19041.1,89177.0
1656842400000,19043.3,19081.6,19028.0,19060.7,79286.0
1656843300000,19062.0,19107.2,19056.3,19078.6,85768.0
1656844200000,19078.6,19119.3,19060.0,19082.4,79857.0
1656845100000,19082.5,19098.0,19065.7,19073.2,35077.0
1656846000000,19073.9,19118.2,19065.4,19109.2,60798.0
1656846900000,19109.3,19149.5,19107.2,19132.5,75940.0
1656847800000,19132.5,19132.6,19097.0,19105.6,39247.0
1656848700000,19104.0,19116.9,19088.0,19090.1,28711.0
1656849600000,19090.1,19130.0,19083.4,19104.8,35936.0
1656850500000,19104.8,19112.2,19081.0,19106.0,38254.0
1656851400000,19106.0,19108.2,19035.0,19041.7,80373.0
1656852300000,19040.9,19074.0,18984.0,19068.8,180112.0
1656853200000,19068.9,19087.6,19022.0,19047.6,74033.0
1656854100000,19047.6,19058.8,19029.1,19051.9,52128.0
1656855000000,19051.9,19064.1,18970.0,19006.5,168163.0
1656855900000,19006.6,19020.2,18977.2,18981.5,72396.0
1656856800000,18981.5,19043.2,18968.3,19023.3,84592.0
1656857700000,19023.4,19071.2,19012.2,19053.4,66494.0
1656858600000,19053.4,19089.4,19050.0,19071.5,51868.0
1656859500000,19071.5,19105.0,19052.0,19083.5,51883.0
1656860400000,19083.0,19122.0,19066.6,19086.3,86323.0
1656861300000,19086.3,19095.9,19054.3,19078.4,56107.0
1656862200000,19078.5,19093.3,19043.1,19078.0,69469.0
1656863100000,19078.1,19081.9,19033.0,19046.3,54809.0
1656864000000,19046.4,19057.4,19014.1,19051.5,59535.0
1656864900000,19052.3,19100.0,19050.0,19093.1,81734.0
1656865800000,19093.3,19232.2,19083.3,19140.9,273842.0
1656866700000,19141.0,19178.8,19138.5,19157.9,82401.0
1656867600000,19158.0,19170.3,19141.3,19145.9,51990.0
1656868500000,19145.9,19158.4,19125.0,19138.2,45376.0
1656869400000,19138.2,19150.4,19114.7,19123.0,40650.0
1656870300000,19123.1,19258.1,19112.8,19220.2,88621.0
1656871200000,19221.2,19254.6,19180.0,19247.3,123136.0
1656872100000,19244.3,19325.9,19195.2,19201.0,172354.0
1656873000000,19201.1,19243.0,19195.8,19224.4,45376.0
1656873900000,19222.2,19242.5,19204.3,19235.6,26145.0
1656874800000,19235.6,19256.7,19222.2,19223.4,33392.0
1656875700000,19223.5,19280.9,19223.4,19256.9,36504.0
1656876600000,19256.8,19386.0,19256.8,19365.4,163373.0
1656877500000,19365.4,19577.0,19360.7,19489.8,422482.0
1656878400000,19492.4,19659.3,19492.4,19531.5,391961.0
1656879300000,19531.6,19560.2,19442.2,19543.8,171117.0
1656880200000,19543.8,19557.0,19429.8,19442.6,135872.0
1656881100000,19442.6,19465.8,19405.8,19439.1,69542.0
1656882000000,19439.0,19469.1,19336.4,19346.6,103460.0
1656882900000,19348.5,19378.1,19280.8,19305.6,157685.0
1656883800000,19305.6,19325.0,19288.7,19304.4,29506.0
1656884700000,19304.5,19328.2,19263.2,19300.6,52722.0
1656885600000,19300.6,19394.9,19276.1,19333.0,110012.0
1656886500000,19331.6,19367.3,19308.7,19319.1,44298.0
1656887400000,19319.9,19322.5,19228.0,19284.9,79614.0
1656888300000,19285.0,19319.8,19266.7,19302.5,38475.0
1656889200000,19302.6,19331.5,19289.1,19310.2,47638.0
1656890100000,19310.7,19324.3,19205.3,19249.9,78928.0
1656891000000,19249.8,19318.9,19230.7,19307.7,69984.0
1656891900000,19307.7,19339.9,19290.9,19315.7,47361.0
1656892800000,19315.6,19344.0,19214.6,19324.1,165251.0
1656893700000,19324.4,19330.0,19254.2,19307.4,97206.0
1656894600000,19307.5,19327.6,19240.0,19259.9,70316.0
1656895500000,19260.0,19289.2,19235.2,19267.6,58686.0
1656896400000,19265.1,19273.2,19135.3,19190.1,206788.0
1656897300000,19190.1,19210.0,19158.4,19181.8,85837.0
1656898200000,19181.8,19201.2,19148.3,19187.0,52785.0
1656899100000,19188.7,19231.0,19178.3,19227.3,61825.0
1656900000000,19227.4,19236.9,19212.4,19228.7,54008.0
1656900900000,19229.7,19235.1,19164.3,19205.1,64538.0
1656901800000,19205.1,19224.4,19123.5,19141.5,87008.0
1656902700000,19141.5,19141.5,19060.3,19075.0,232606.0
1656903600000,19075.1,19116.1,19051.1,19113.7,108750.0
1656904500000,19113.6,19120.0,19083.7,19111.7,51210.0
1656905400000,19111.6,19128.7,19095.8,19121.1,45935.0
1656906300000,19121.2,19132.9,19103.0,19106.0,40413.0
1656907200000,19106.1,19124.1,19083.1,19091.2,54732.0
1656908100000,19091.2,19147.0,19083.1,19105.6,53666.0
1656909000000,19105.5,19135.7,19102.1,19127.9,30865.0
1656909900000,19127.9,19137.8,19120.0,19126.2,21805.0
1656910800000,19127.0,19144.5,19114.0,19135.9,34132.0
1656911700000,19134.9,19151.8,19119.4,19121.5,22040.0
1656912600000,19121.4,19140.0,19120.9,19129.5,20793.0
1656913500000,19128.1,19147.5,19124.0,19137.4,34926.0
1656914400000,19137.4,19180.4,19127.4,19160.9,56812.0
1656915300000,19160.9,19181.1,19151.5,19166.6,60968.0
1656916200000,19166.6,19192.2,19162.0,19171.2,48200.0
1656917100000,19172.2,19174.5,19080.8,19103.1,111427.0
1656918000000,19101.9,19140.0,19085.0,19104.1,102667.0
1656918900000,19104.0,19126.4,19085.1,19115.0,50940.0
1656919800000,19117.5,19131.8,19102.3,19131.8,39213.0
1656920700000,19131.9,19147.4,19103.6,19123.1,37198.0
1656921600000,19122.8,19152.0,19109.6,19132.5,49531.0
1656922500000,19135.1,19170.9,19128.4,19151.7,39969.0
1656923400000,19151.7,19174.4,19143.5,19160.0,49359.0
1656924300000,19160.0,19175.0,19144.2,19145.2,36938.0
1656925200000,19145.2,19157.4,19137.1,19155.0,32548.0
1656926100000,19155.1,19272.0,19152.5,19232.9,244808.0
1656927000000,19233.0,19280.0,19205.1,19253.5,167783.0
1656927900000,19253.4,19444.0,19253.4,19367.6,678782.0
1656928800000,19367.7,19485.0,19367.7,19425.4,306943.0
1656929700000,19425.5,19518.9,19425.5,19475.0,253018.0
1656930600000,19475.1,19558.0,19425.9,19491.4,231005.0
1656931500000,19491.5,19510.0,19455.0,19468.5,126649.0
1656932400000,19468.9,19547.0,19468.9,19515.1,159565.0
1656933300000,19515.0,19580.0,19460.0,19526.6,256380.0
1656934200000,19527.4,19640.4,19524.2,19636.0,369769.0
1656935100000,19636.1,19848.0,19580.0,19803.9,775000.0
1656936000000,19804.0,19884.0,19688.5,19717.0,441106.0
1656936900000,19716.6,19803.4,19690.1,19708.5,253893.0
1656937800000,19708.5,19736.9,19633.8,19679.5,249767.0
1656938700000,19679.8,19733.3,19647.5,19707.7,165996.0
1656939600000,19707.6,19750.0,19695.0,19734.5,92556.0
1656940500000,19734.4,19739.7,19672.9,19694.8,78554.0
1656941400000,19694.8,19694.8,19531.0,19539.3,371135.0
1656942300000,19541.6,19588.2,19523.5,19527.0,170147.0
1656943200000,19529.1,19568.9,19497.3,19547.4,171771.0
1656944100000,19547.4,19620.0,19521.8,19585.8,152263.0
1656945000000,19585.8,19597.2,19531.8,19562.1,92052.0
1656945900000,19562.0,19640.9,19535.9,19607.6,103991.0
1656946800000,19607.5,20138.0,19606.8,19880.1,1133815.0
1656947700000,19880.1,19960.0,19746.5,19777.4,390980.0
1656948600000,19778.3,19872.3,19721.5,19793.0,257032.0
1656949500000,19795.3,19840.0,19781.1,19800.1,127759.0
1656950400000,19800.2,19830.0,19734.3,19814.0,164249.0
1656951300000,19812.6,19829.0,19670.0,19728.3,204400.0
1656952200000,19728.2,19728.3,19678.5,19698.7,67668.0
1656953100000,19698.8,19772.0,19698.8,19740.4,89840.0
1656954000000,19740.4,19834.5,19713.7,19791.8,122202.0
1656954900000,19791.7,20070.0,19790.5,19981.7,368049.0
1656955800000,19982.1,20018.0,19890.7,20007.1,237764.0
1656956700000,20007.2,20024.4,19883.1,19900.7,130619.0
1656957600000,19900.0,19920.1,19862.2,19886.7,153524.0
1656958500000,19886.6,19942.1,19829.0,19871.1,92003.0
1656959400000,19871.1,19891.9,19825.3,19851.1,85713.0
1656960300000,19851.1,19979.0,19851.0,19929.1,155176.0
1656961200000,19929.1,19966.4,19833.3,19835.9,110787.0
1656962100000,19835.8,19844.4,19763.7,19776.1,175162.0
1656963000000,19776.4,19799.9,19769.5,19780.0,37806.0
1656963900000,19780.8,19858.8,19780.8,19829.5,70077.0
1656964800000,19829.5,19875.8,19792.7,19857.2,51524.0
1656965700000,19857.5,19863.1,19734.4,19782.8,84048.0
1656966600000,19782.7,19782.7,19745.1,19766.4,45407.0
1656967500000,19766.4,19815.2,19755.7,19781.5,47033.0
1656968400000,19780.3,19803.3,19746.9,19801.4,55946.0
1656969300000,19801.9,19825.0,19777.7,19777.7,29486.0
1656970200000,19779.0,19977.7,19774.4,19879.8,101512.0
1656971100000,19879.9,20052.1,19879.9,19958.3,98020.0
1656972000000,19958.4,19972.5,19876.0,19885.0,122116.0
1656972900000,19885.0,19984.6,19875.1,19953.6,85266.0
1656973800000,19953.7,20108.0,19939.0,20026.0,224054.0
1656974700000,20025.9,20272.2,19992.5,20165.8,453444.0
1656975600000,20165.9,20232.4,20115.8,20144.7,199354.0
1656976500000,20145.6,20321.0,20140.1,20279.7,352690.0
1656977400000,20279.6,20363.0,20217.3,20265.6,234185.0
1656978300000,20265.6,20302.9,20214.0,20235.2,121485.0
1656979200000,20235.2,20400.0,20180.8,20348.7,378686.0
1656980100000,20348.7,20380.7,20251.1,20324.6,315385.0
1656981000000,20324.6,20451.5,20294.9,20358.0,263170.0
1656981900000,20358.0,20488.3,20352.9,20390.0,259889.0
1656982800000,20390.1,20425.4,20326.1,20331.9,125425.0
1656983700000,20332.0,20371.7,20247.9,20280.7,183303.0
1656984600000,20280.8,20316.8,20253.4,20264.1,94988.0
1656985500000,20264.0,20311.1,20253.3,20292.8,82222.0
1656986400000,20293.4,20298.9,20226.0,20265.5,89757.0
1656987300000,20265.4,20265.5,20189.1,20227.4,108630.0
1656988200000,20227.5,20235.1,20170.4,20191.9,120869.0
1656989100000,20191.9,20217.2,20152.8,20169.5,91476.0
1656990000000,20172.0,20262.8,20172.0,20229.0,95473.0
1656990900000,20229.0,20238.4,20200.0,20207.0,44257.0
1656991800000,20207.1,20296.2,20207.1,20268.5,94112.0
1656992700000,20268.6,20321.7,20249.0,20307.9,84230.0
1656993600000,20307.8,20314.1,20223.3,20243.1,111788.0
1656994500000,20243.0,20243.1,20178.8,20234.0,91310.0
1656995400000,20232.8,20241.4,20206.5,20235.0,44857.0
1656996300000,20236.1,20280.0,20230.5,20271.0,42597.0
1656997200000,20272.4,20336.6,20231.9,20239.0,93808.0
1656998100000,20241.0,20467.0,20228.9,20360.0,321433.0
1656999000000,20359.9,20408.7,20328.5,20366.5,108038.0
1656999900000,20366.4,20385.8,20264.2,20292.2,132086.0
1657000800000,20292.1,20412.0,20285.7,20388.6,99569.0
1657001700000,20388.6,20430.5,20350.1,20380.5,132368.0
1657002600000,20380.5,20391.7,20338.2,20343.3,58379.0
1657003500000,20342.8,20413.6,20329.7,20384.0,95910.0
1657004400000,20383.1,20397.1,20235.1,20283.9,191100.0
1657005300000,20284.0,20311.9,20188.0,20234.0,176955.0
1657006200000,20234.0,20240.8,20169.0,20226.1,120571.0
1657007100000,20226.1,20268.3,20192.7,20217.7,99516.0
1657008000000,20217.5,20217.5,20060.0,20111.3,326650.0
1657008900000,20111.3,20123.4,19950.1,20017.4,358289.0
1657009800000,20017.3,20017.3,19850.8,19864.6,437010.0
1657010700000,19864.6,19919.8,19811.0,19893.2,356028.0
1657011600000,19893.2,19938.8,19829.2,19895.5,179451.0
1657012500000,19895.5,19929.3,19842.1,19858.2,137000.0
1657013400000,19858.3,19872.3,19707.0,19739.4,387752.0
1657014300000,19737.4,19788.0,19627.1,19765.5,432864.0
1657015200000,19765.5,19792.8,19722.3,19771.4,149004.0
1657016100000,19771.4,19781.8,19700.2,19766.5,120494.0
1657017000000,19766.5,19825.0,19704.6,19734.0,165536.0
1657017900000,19735.2,19774.9,19713.0,19740.7,67412.0
1657018800000,19740.7,19794.6,19724.9,19773.2,72442.0
1657019700000,19772.3,19809.9,19750.0,19769.7,85204.0
1657020600000,19769.7,19776.9,19665.4,19696.6,167203.0
1657021500000,19696.5,19702.4,19462.8,19524.9,626435.0
1657022400000,19525.3,19552.7,19413.0,19483.5,355684.0
1657023300000,19483.7,19521.4,19420.0,19498.7,226334.0
1657024200000,19498.7,19509.2,19375.1,19464.5,319593.0
1657025100000,19464.4,19480.0,19360.0,19377.5,187917.0
1657026000000,19374.9,19421.8,19285.0,19400.1,271916.0
1657026900000,19400.0,19446.0,19347.0,19381.6,169240.0
1657027800000,19381.7,19481.0,19305.0,19453.7,370214.0
1657028700000,19453.7,19537.4,19376.8,19406.0,309801.0
1657029600000,19405.6,19510.0,19376.4,19504.7,235366.0
1657030500000,19504.6,19539.3,19440.0,19507.7,144428.0
1657031400000,19509.8,19597.4,19484.6,19524.0,286542.0
1657032300000,19523.5,19523.5,19415.4,19467.2,207109.0
1657033200000,19467.1,19484.9,19328.9,19378.5,296572.0
1657034100000,19378.5,19453.8,19368.7,19439.3,128665.0
1657035000000,19439.9,19481.4,19402.9,19473.0,156943.0
1657035900000,19473.0,19543.7,19453.7,19523.4,159361.0
1657036800000,19522.6,19598.2,19484.6,19553.0,206831.0
1657037700000,19553.5,19700.2,19528.5,19622.5,454005.0
1657038600000,19622.4,19641.2,19545.9,19568.3,143674.0
1657039500000,19568.3,19589.8,19535.4,19553.0,97641.0
1657040400000,19553.0,19627.0,19543.1,19621.8,108029.0
1657041300000,19621.9,19748.0,19618.4,19681.9,240542.0
1657042200000,19681.8,19764.2,19679.5,19701.7,158108.0
1657043100000,19701.9,19800.0,19666.6,19704.4,180776.0
1657044000000,19705.0,19775.4,19670.0,19726.2,170783.0
1657044900000,19726.1,19795.0,19703.6,19762.5,118552.0
1657045800000,19763.5,19950.0,19763.5,19919.8,408697.0
1657046700000,19920.0,20136.6,19914.7,20119.7,546026.0
1657047600000,20119.6,20287.8,20060.9,20260.1,521781.0
1657048500000,20260.1,20268.9,20170.8,20239.6,180931.0
1657049400000,20235.1,20450.0,20235.1,20406.6,463292.0
1657050300000,20406.6,20534.4,20355.0,20401.9,453673.0
1657051200000,20400.9,20755.0,20360.7,20689.9,706053.0
1657052100000,20689.9,20709.3,20549.9,20597.2,369771.0
1657053000000,20597.1,20672.5,20480.0,20518.0,205685.0
1657053900000,20518.0,20535.9,20445.9,20457.6,179641.0
1657054800000,20457.6,20497.2,20243.3,20285.2,260326.0
1657055700000,20284.8,20340.0,20172.6,20297.0,206176.0
1657056600000,20297.0,20406.2,20233.0,20387.5,141377.0
1657057500000,20387.6,20482.5,20314.6,20372.5,97246.0
1657058400000,20372.6,20418.6,20300.0,20365.4,134572.0
1657059300000,20365.9,20373.4,20255.3,20275.9,127728.0
1657060200000,20273.7,20363.8,20270.1,20342.7,86104.0
1657061100000,20342.8,20436.9,20339.7,20433.5,118383.0
1657062000000,20435.7,20436.1,20270.0,20282.8,133887.0
1657062900000,20282.8,20333.2,20174.4,20177.8,149123.0
1657063800000,20177.8,20224.8,20099.0,20184.2,211909.0
1657064700000,20184.7,20226.0,20169.2,20178.5,68831.0
1657065600000,20178.5,20264.1,20175.3,20180.0,127310.0
1657066500000,20179.9,20230.1,20103.1,20157.4,142439.0
1657067400000,20158.6,20368.7,20158.6,20336.8,266180.0
1657068300000,20336.7,20393.7,20247.7,20261.2,226921.0
1657069200000,20261.3,20317.8,20188.0,20201.7,159689.0
1657070100000,20203.5,20248.8,20164.3,20218.5,99167.0
1657071000000,20218.6,20220.0,19911.0,19956.0,397750.0
1657071900000,19956.2,19989.2,19822.0,19876.4,507534.0
1657072800000,19876.4,19907.7,19786.8,19855.0,231543.0
1657073700000,19856.6,19987.4,19854.1,19919.2,155535.0
1657074600000,19919.1,19945.6,19830.8,19849.9,119208.0
1657075500000,19849.9,19891.4,19844.0,19864.9,104229.0
1657076400000,19864.8,19915.0,19765.1,19842.7,173937.0
1657077300000,19842.6,19888.0,19806.4,19861.5,100145.0
1657078200000,19861.6,19938.7,19861.5,19899.6,108701.0
1657079100000,19900.0,19984.9,19869.8,19951.8,140780.0
1657080000000,19951.5,20300.0,19902.8,20255.7,643403.0
1657080900000,20255.7,20326.4,20131.0,20205.5,361983.0
1657081800000,20204.7,20210.0,20080.0,20096.2,196378.0
1657082700000,20098.2,20161.0,20057.4,20100.7,118078.0
1657083600000,20100.6,20184.9,20066.4,20171.0,113935.0
1657084500000,20169.9,20205.0,19966.0,19987.1,263289.0
1657085400000,19987.1,20072.3,19895.0,20063.6,283204.0
1657086300000,20063.6,20138.2,19999.8,20046.6,177786.0
1657087200000,20046.8,20053.0,19963.6,20050.9,120500.0
1657088100000,20050.9,20062.9,19850.0,19910.2,189618.0
1657089000000,19910.3,19975.8,19887.7,19973.7,128095.0
1657089900000,19973.9,20100.2,19938.4,20091.0,180796.0
1657090800000,20092.7,20192.2,20079.5,20139.9,242855.0
1657091700000,20139.9,20241.9,20125.0,20187.2,181867.0
1657092600000,20187.5,20229.8,20141.0,20203.8,133643.0
1657093500000,20203.8,20217.8,20133.8,20160.8,101090.0
1657094400000,20160.8,20295.0,20082.2,20230.2,295721.0
1657095300000,20230.2,20277.9,20185.2,20212.5,132439.0
1657096200000,20212.0,20272.9,20160.1,20220.3,188179.0
1657097100000,20220.4,20232.2,20132.3,20185.1,122975.0
1657098000000,20185.1,20217.8,20120.0,20161.9,130683.0
1657098900000,20161.9,20290.0,20126.7,20240.0,186180.0
1657099800000,20240.6,20248.3,20183.6,20215.6,72777.0
1657100700000,20215.6,20217.6,20160.0,20204.5,55278.0
1657101600000,20204.5,20218.9,20140.0,20151.5,113945.0
1657102500000,20153.0,20182.4,20042.2,20180.8,188795.0
1657103400000,20180.7,20230.7,20064.6,20133.4,183445.0
1657104300000,20133.2,20145.8,20081.0,20136.6,61682.0
1657105200000,20136.6,20174.7,20076.8,20094.9,114117.0
1657106100000,20094.4,20098.3,20038.2,20085.0,164937.0
1657107000000,20085.0,20148.5,20054.0,20136.5,87318.0
1657107900000,20136.4,20136.4,20078.0,20107.6,60961.0
1657108800000,20109.0,20118.0,19957.6,20000.0,237236.0
1657109700000,20001.2,20193.8,19977.0,20069.4,275228.0
1657110600000,20069.5,20175.0,20069.5,20162.6,107157.0
1657111500000,20163.4,20169.4,20117.0,20156.3,58519.0
1657112400000,20156.4,20250.0,20112.0,20245.5,154233.0
1657113300000,20243.5,20256.0,20180.6,20202.4,152938.0
1657114200000,20202.1,20385.0,20058.2,20140.1,612515.0
1657115100000,20140.1,20233.7,20040.5,20224.6,269572.0
1657116000000,20228.1,20300.0,20120.0,20164.0,290044.0
1657116900000,20164.0,20210.4,20101.3,20187.0,193757.0
1657117800000,20187.5,20240.8,20143.4,20227.2,114463.0
1657118700000,20227.2,20237.8,20165.0,20197.4,91968.0
1657119600000,20198.3,20200.4,20103.1,20126.4,96888.0
1657120500000,20126.4,20168.9,20079.6,20106.0,99555.0
1657121400000,20106.1,20127.7,20060.4,20095.2,102402.0
1657122300000,20095.0,20171.4,20086.5,20147.8,86401.0
1657123200000,20147.3,20180.0,20128.3,20175.9,85857.0
1657124100000,20176.5,20211.0,20143.6,20186.1,104895.0
1657125000000,20186.2,20244.5,20170.7,20220.8,108750.0
1657125900000,20220.9,20340.0,20220.9,20299.7,280510.0
1657126800000,20300.0,20400.0,20286.9,20297.6,230036.0
1657127700000,20295.8,20315.2,20260.0,20273.1,138753.0
1657128600000,20273.0,20295.0,20235.0,20259.0,96911.0
1657129500000,20259.0,20307.2,20244.5,20266.7,59788.0
1657130400000,20265.9,20362.4,20182.7,20253.6,493456.0
1657131300000,20253.7,20345.1,20185.0,20341.3,238853.0
1657132200000,20342.4,20448.8,20316.7,20420.5,333926.0
1657133100000,20419.2,20450.0,20346.0,20383.0,180074.0
1657134000000,20383.1,20484.9,20338.0,20447.3,184809.0
1657134900000,20447.2,20473.0,20407.0,20414.8,73352.0
1657135800000,20415.8,20435.8,20318.6,20337.0,86799.0
1657136700000,20337.1,20344.3,20273.6,20327.5,153911.0
1657137600000,20329.5,20350.6,20285.7,20294.3,75848.0
1657138500000,20295.0,20328.8,20273.9,20299.3,44654.0
1657139400000,20299.3,20341.8,20284.1,20301.5,52543.0
1657140300000,20301.5,20440.4,20289.8,20397.1,146820.0
1657141200000,20397.0,20430.0,20355.7,20405.5,55871.0
1657142100000,20405.4,20417.6,20370.0,20380.7,47293.0
1657143000000,20380.6,20423.1,20307.6,20331.7,51675.0
1657143900000,20331.7,20369.5,20311.7,20356.0,29143.0
1657144800000,20354.3,20620.0,20343.6,20492.3,453001.0
1657145700000,20493.3,20547.2,20460.0,20466.0,111331.0
1657146600000,20466.1,20543.1,20444.5,20516.5,113962.0
1657147500000,20516.6,20533.9,20456.2,20513.0,124238.0
1657148400000,20513.1,20675.0,20489.3,20596.4,353208.0
1657149300000,20596.3,20642.1,20550.2,20592.0,91568.0
1657150200000,20592.0,20644.9,20541.1,20546.1,71862.0
1657151100000,20544.3,20600.0,20540.0,20567.4,88741.0
1657152000000,20560.8,20594.3,20471.0,20541.1,159830.0
1657152900000,20541.2,20578.4,20507.4,20508.3,126167.0
1657153800000,20513.8,20570.4,20507.1,20555.6,72151.0
1657154700000,20555.5,20589.7,20519.4,20530.0,61666.0
1657155600000,20529.9,20533.0,20467.0,20496.3,119673.0
1657156500000,20496.3,20528.8,20483.3,20518.7,75064.0
1657157400000,20518.7,20535.9,20476.9,20502.6,54641.0
1657158300000,20502.6,20564.9,20494.7,20510.2,88490.0
1657159200000,20510.2,20544.0,20480.0,20503.1,75253.0
1657160100000,20502.8,20521.6,20380.0,20440.5,217756.0
1657161000000,20440.9,20450.0,20382.0,20410.0,113148.0
1657161900000,20410.1,20435.5,20392.4,20421.2,61061.0
1657162800000,20421.4,20435.5,20389.9,20430.4,104741.0
1657163700000,20430.4,20434.2,20400.0,20427.2,58309.0
1657164600000,20427.2,20485.1,20393.6,20465.7,78205.0
1657165500000,20466.5,20499.0,20443.4,20483.8,74906.0
1657166400000,20483.9,20495.0,20449.3,20457.7,75495.0
1657167300000,20457.8,20469.2,20397.0,20404.0,96160.0
1657168200000,20403.1,20404.7,20358.0,20394.9,157256.0
1657169100000,20395.0,20421.9,20370.1,20417.2,75730.0
1657170000000,20417.6,20444.6,20405.2,20441.3,45896.0
1657170900000,20441.2,20446.0,20380.7,20388.9,55672.0
1657171800000,20390.2,20420.6,20364.0,20377.5,66699.0
1657172700000,20377.6,20398.3,20255.7,20309.9,301469.0
1657173600000,20310.0,20320.8,20285.3,20308.2,87939.0
1657174500000,20308.3,20350.0,20304.4,20348.4,61395.0
1657175400000,20349.3,20375.1,20320.7,20331.4,74405.0
1657176300000,20331.4,20348.0,20301.0,20341.0,49914.0
1657177200000,20341.0,20383.0,20333.0,20350.2,63322.0
1657178100000,20350.2,20372.4,20328.0,20358.8,56054.0
1657179000000,20360.0,20440.0,20360.0,20413.7,139493.0
1657179900000,20413.7,20471.9,20412.8,20444.3,95292.0
1657180800000,20444.5,20463.7,20430.9,20447.7,68881.0
1657181700000,20448.0,20458.3,20394.4,20423.3,96570.0
1657182600000,20423.2,20449.0,20395.0,20430.4,51855.0
1657183500000,20430.3,20583.8,20428.9,20527.3,380684.0
1657184400000,20526.9,20579.7,20463.6,20543.9,153197.0
1657185300000,20543.9,20543.9,20543.9,20543.9,0.0
1657186200000,20543.9,20543.9,20543.9,20543.9,0.0
1657187100000,20544.0,20613.4,20542.1,20547.0,138443.0
1657188000000,20547.0,20547.0,20547.0,20547.0,0.0
1657188900000,20547.0,20547.0,20547.0,20547.0,0.0
1657189800000,20547.0,20547.0,20547.0,20547.0,0.0
1657190700000,20547.1,20547.1,20450.0,20502.6,180996.0
1657191600000,20502.7,20509.6,20465.0,20508.4,71025.0
1657192500000,20508.5,20508.5,20445.1,20450.1,66126.0
1657193400000,20450.1,20464.2,20430.0,20463.1,77680.0
1657194300000,20463.2,20512.2,20449.3,20510.4,90596.0
1657195200000,20510.3,20510.5,20458.0,20488.5,69981.0
1657196100000,20486.4,20515.0,20402.0,20429.8,216292.0
1657197000000,20429.9,20460.0,20383.4,20448.1,126912.0
1657197900000,20448.0,20460.3,20411.2,20429.5,44513.0
1657198800000,20429.6,20448.1,20392.5,20444.0,73756.0
1657199700000,20444.9,20448.2,20380.0,20397.8,66968.0
1657200600000,20398.0,20501.9,20380.0,20498.5,231110.0
1657201500000,20498.5,20549.6,20486.7,20538.0,263586.0
1657202400000,20538.1,20641.1,20498.4,20597.2,476160.0
1657203300000,20597.3,20739.0,20597.3,20720.9,499227.0
1657204200000,20720.0,20956.0,20711.8,20895.3,830843.0
1657205100000,20895.3,20966.0,20828.6,20914.8,331515.0
1657206000000,20914.8,21033.0,20855.0,20878.9,519756.0
1657206900000,20879.0,20931.9,20844.0,20894.7,191632.0
1657207800000,20894.6,20916.9,20830.5,20868.3,131329.0
1657208700000,20868.3,20894.4,20853.2,20888.0,60090.0
1657209600000,20887.9,20959.8,20863.6,20864.6,195726.0
1657210500000,20864.5,20932.1,20861.4,20925.8,82012.0
1657211400000,20925.9,21188.0,20919.0,21151.2,556011.0
1657212300000,21149.7,21200.0,21036.4,21089.8,297575.0
1657213200000,21090.0,21105.0,20925.3,20947.0,264189.0
1657214100000,20947.0,20948.5,20847.0,20856.4,191632.0
1657215000000,20855.0,20889.0,20836.0,20875.5,137027.0
1657215900000,20875.6,20934.9,20875.0,20907.5,130974.0
1657216800000,20908.6,20968.2,20889.1,20958.0,74947.0
1657217700000,20958.0,21107.3,20958.0,21097.4,181361.0
1657218600000,21097.4,21333.0,21088.0,21256.5,579236.0
1657219500000,21256.6,21408.0,21232.2,21352.4,489012.0
1657220400000,21352.2,21459.9,21319.7,21382.4,358234.0
1657221300000,21382.3,21496.3,21326.9,21487.1,343268.0
1657222200000,21487.2,21734.0,21425.7,21649.8,920206.0
1657223100000,21649.7,21839.1,21642.9,21807.3,574701.0
1657224000000,21807.3,21834.7,21556.3,21687.4,565418.0
1657224900000,21687.5,21720.0,21522.0,21638.2,290380.0
1657225800000,21638.2,21654.0,21552.3,21619.0,166296.0
1657226700000,21618.8,21623.1,21538.0,21614.9,136029.0
1657227600000,21614.8,21718.0,21557.0,21702.3,182708.0
1657228500000,21701.9,21704.2,21594.9,21611.8,104742.0
1657229400000,21611.8,21654.5,21561.1,21600.6,55609.0
1657230300000,21600.5,21692.0,21600.0,21661.0,48110.0
1657231200000,21661.0,21714.3,21607.0,21696.7,99078.0
1657232100000,21696.6,21756.0,21599.9,21621.5,158337.0
1657233000000,21621.5,21665.4,21588.8,21589.2,120138.0
1657233900000,21590.8,21634.6,21585.0,21622.5,83415.0
1657234800000,21622.5,21650.9,21560.0,21576.5,118989.0
1657235700000,21576.5,21688.0,21565.2,21668.3,125979.0
1657236600000,21668.3,21716.9,21645.0,21673.8,121448.0
1657237500000,21673.9,21700.0,21607.0,21614.8,80564.0
1657238400000,21615.7,21660.0,21574.9,21611.2,157895.0
1657239300000,21610.9,21645.5,21580.4,21618.6,85051.0
1657240200000,21618.6,21676.7,21578.0,21657.9,114805.0
1657241100000,21657.9,21733.6,21629.6,21715.9,156094.0
1657242000000,21715.9,21730.0,21666.0,21696.3,116078.0
1657242900000,21695.7,22549.8,21637.0,22433.0,1667988.0
1657243800000,22432.9,22447.3,22091.8,22145.6,616996.0
1657244700000,22145.0,22150.0,22053.4,22140.5,198859.0
1657245600000,22140.5,22166.2,22061.6,22133.8,192513.0
1657246500000,22133.9,22146.2,21878.0,21922.1,356521.0
1657247400000,21922.1,22026.4,21907.4,21994.8,240337.0
1657248300000,21994.8,22022.7,21934.7,21993.0,123820.0
1657249200000,21992.9,22009.7,21939.0,21982.3,80291.0
1657250100000,21982.3,22073.0,21956.9,22027.0,154728.0
1657251000000,22026.4,22134.1,22026.4,22098.9,188732.0
1657251900000,22098.9,22131.3,22076.0,22126.9,84542.0
1657252800000,22126.9,22188.0,22067.6,22172.0,186004.0
1657253700000,22170.4,22250.0,22090.0,22094.3,269605.0
1657254600000,22094.3,22109.9,21988.0,22046.2,187655.0
1657255500000,22046.1,22056.4,21965.0,21985.0,113506.0
1657256400000,21985.0,21999.8,21950.0,21986.2,113508.0
1657257300000,21988.7,22037.3,21985.1,22007.1,142404.0
1657258200000,22007.1,22075.4,21963.4,22050.6,130367.0
1657259100000,22050.6,22056.7,21750.0,21841.9,555095.0
1657260000000,21841.9,21875.4,21782.7,21828.6,162850.0
1657260900000,21828.6,21878.0,21777.0,21787.7,117240.0
1657261800000,21787.8,21833.0,21781.7,21815.2,88073.0
1657262700000,21815.1,21861.9,21768.6,21828.7,140782.0
1657263600000,21829.2,21835.7,21760.0,21789.8,102554.0
1657264500000,21789.7,21836.0,21716.6,21820.0,197071.0
1657265400000,21820.9,21860.4,21800.0,21817.9,106759.0
1657266300000,21817.8,21826.1,21782.1,21801.7,83890.0
1657267200000,21801.6,21829.4,21773.5,21813.0,77368.0
1657268100000,21813.0,21820.0,21729.9,21781.0,117432.0
1657269000000,21781.0,21781.5,21555.0,21662.6,371568.0
1657269900000,21662.6,21698.5,21420.2,21432.9,476252.0
1657270800000,21432.8,21494.3,21315.0,21337.1,598126.0
1657271700000,21336.9,21550.0,21330.9,21545.4,376666.0
1657272600000,21545.0,21545.9,21425.1,21494.2,234383.0
1657273500000,21494.2,21579.9,21453.5,21566.2,220552.0
1657274400000,21566.5,21598.0,21489.0,21528.5,178543.0
1657275300000,21528.6,21747.7,21506.1,21687.8,417100.0
1657276200000,21691.8,21691.8,21632.4,21643.4,113755.0
1657277100000,21643.4,21643.5,21507.0,21537.1,189788.0
1657278000000,21537.1,21560.8,21460.0,21521.7,187045.0
1657278900000,21521.6,21640.3,21489.7,21608.8,213432.0
1657279800000,21608.9,21665.7,21583.5,21611.3,98628.0
1657280700000,21611.4,21645.0,21555.8,21583.4,75776.0
1657281600000,21583.4,21699.5,21514.1,21649.4,196257.0
1657282500000,21648.6,21715.4,21588.0,21614.4,196079.0
1657283400000,21617.3,21617.3,21250.0,21283.9,836527.0
1657284300000,21282.2,21430.6,21183.7,21378.6,504655.0
1657285200000,21376.3,21423.9,21345.0,21366.9,179534.0
1657286100000,21367.2,21440.0,21295.0,21381.7,184972.0
1657287000000,21380.6,21485.0,21263.9,21432.2,361659.0
1657287900000,21429.2,21451.4,21208.3,21273.6,349727.0
1657288800000,21271.2,21380.0,21195.6,21330.9,256238.0
1657289700000,21330.9,21470.9,21318.8,21464.1,197839.0
1657290600000,21463.3,21693.1,21450.8,21649.7,664427.0
1657291500000,21651.9,21850.0,21614.5,21764.8,764775.0
1657292400000,21760.0,21995.0,21700.0,21930.5,766465.0
1657293300000,21932.8,22028.7,21821.3,21921.7,543041.0
1657294200000,21924.3,22132.1,21875.3,21985.9,580608.0
1657295100000,21990.1,22020.0,21852.6,21957.6,364652.0
1657296000000,21955.4,21969.8,21745.0,21794.3,361064.0
1657296900000,21794.3,21854.3,21627.4,21687.0,345242.0
1657297800000,21683.7,21727.0,21527.0,21634.7,321323.0
1657298700000,21634.0,21745.0,21608.0,21694.3,225848.0
1657299600000,21692.5,21839.0,21631.4,21817.5,257520.0
1657300500000,21818.0,21821.9,21649.1,21804.4,234283.0
1657301400000,21802.5,21808.7,21694.1,21765.6,132714.0
1657302300000,21766.7,21840.0,21737.3,21753.3,135144.0
1657303200000,21753.1,21801.6,21660.0,21728.7,143572.0
1657304100000,21730.1,21869.9,21701.8,21822.7,196261.0
1657305000000,21823.6,21888.8,21800.0,21837.5,116124.0
1657305900000,21832.9,21848.4,21662.1,21739.9,199132.0
1657306800000,21737.1,21788.8,21662.0,21765.8,154934.0
1657307700000,21765.8,21827.8,21723.1,21770.8,114221.0
1657308600000,21770.7,21879.2,21722.4,21867.4,124684.0
1657309500000,21869.4,21880.0,21788.5,21814.9,94351.0
1657310400000,21815.4,21841.9,21769.8,21792.1,73531.0
1657311300000,21792.1,21954.5,21772.9,21954.5,140140.0
1657312200000,21950.2,22046.8,21815.8,21895.1,269605.0
1657313100000,21896.9,21896.9,21824.6,21859.7,99618.0
1657314000000,21860.7,21940.6,21840.8,21927.2,97153.0
1657314900000,21927.5,22000.0,21920.3,21982.7,112356.0
1657315800000,21982.7,22020.1,21817.8,21823.0,140787.0
1657316700000,21823.1,21855.8,21683.4,21704.0,147658.0
1657317600000,21704.0,21800.0,21687.4,21770.4,137506.0
1657318500000,21769.3,21811.9,21745.3,21795.8,58789.0
1657319400000,21795.5,21836.4,21777.4,21829.5,63742.0
1657320300000,21827.0,21847.1,21750.2,21774.5,71601.0
1657321200000,21774.6,21842.5,21739.2,21817.5,81570.0
1657322100000,21814.9,21962.6,21814.3,21898.1,197538.0
1657323000000,21898.1,21913.8,21871.0,21884.8,80254.0
1657323900000,21889.2,21893.5,21581.0,21595.7,366348.0
1657324800000,21595.7,21669.6,21431.4,21493.0,453709.0
1657325700000,21492.1,21690.0,21458.1,21654.1,210870.0
1657326600000,21654.1,21685.0,21633.0,21668.4,69324.0
1657327500000,21668.4,21699.1,21477.2,21548.1,174842.0
1657328400000,21548.0,21576.7,21499.2,21520.0,143702.0
1657329300000,21519.9,21593.0,21455.0,21468.9,142540.0
1657330200000,21468.9,21518.0,21405.0,21483.2,162993.0
1657331100000,21483.3,21530.4,21477.0,21507.4,75752.0
1657332000000,21507.4,21568.9,21497.8,21525.1,74518.0
1657332900000,21528.4,21602.1,21515.1,21591.3,104875.0
1657333800000,21591.3,21642.2,21549.0,21563.6,92648.0
1657334700000,21563.6,21605.3,21530.0,21579.8,72516.0
1657335600000,21579.9,21596.6,21507.1,21519.3,60580.0
1657336500000,21520.0,21568.0,21467.0,21493.1,94854.0
1657337400000,21492.8,21606.6,21480.0,21580.9,105401.0
1657338300000,21580.9,21628.2,21566.5,21608.6,121693.0
1657339200000,21608.3,21630.0,21580.0,21591.7,78015.0
1657340100000,21591.7,21606.7,21543.2,21556.5,135497.0
1657341000000,21556.5,21574.6,21508.1,21536.6,90962.0
1657341900000,21537.3,21570.6,21521.2,21553.6,30870.0
1657342800000,21553.5,21608.7,21519.0,21527.0,97126.0
1657343700000,21527.1,21553.0,21504.2,21539.3,62196.0
1657344600000,21539.3,21556.9,21503.0,21520.5,63160.0
1657345500000,21520.4,21542.6,21482.2,21517.4,69213.0
1657346400000,21517.4,21532.2,21490.6,21517.3,59731.0
1657347300000,21517.3,21541.8,21495.0,21514.8,44084.0
1657348200000,21514.0,21562.5,21511.7,21550.7,45652.0
1657349100000,21550.8,21575.6,21543.9,21558.4,56682.0
1657350000000,21558.5,21728.0,21553.1,21648.0,280738.0
1657350900000,21648.8,21693.1,21646.8,21658.0,121341.0
1657351800000,21658.4,21698.2,21590.4,21611.0,136400.0
1657352700000,21612.4,21698.3,21584.0,21650.5,125035.0
1657353600000,21650.5,21664.5,21630.7,21661.7,55247.0
1657354500000,21663.4,21683.3,21600.0,21672.8,77388.0
1657355400000,21672.9,21689.6,21621.1,21682.0,94873.0
1657356300000,21681.9,21730.0,21665.0,21720.8,142568.0
1657357200000,21720.8,21720.9,21670.4,21682.4,103326.0
1657358100000,21682.3,21682.4,21601.0,21620.9,115966.0
1657359000000,21620.9,21656.3,21620.5,21646.3,44710.0
1657359900000,21646.4,21658.5,21605.0,21649.9,51589.0
1657360800000,21649.9,21697.0,21621.7,21671.8,59597.0
1657361700000,21671.8,21700.0,21646.5,21669.8,60686.0
1657362600000,21669.7,21719.7,21664.9,21715.0,87503.0
1657363500000,21714.9,21748.0,21680.5,21732.9,111113.0
1657364400000,21733.0,21777.0,21704.3,21706.6,109144.0
1657365300000,21706.6,21758.1,21677.7,21735.3,144194.0
1657366200000,21734.2,21736.6,21681.8,21699.9,82033.0
1657367100000,21699.3,21700.9,21320.2,21446.1,518077.0
1657368000000,21448.8,21518.4,21386.0,21497.0,316310.0
1657368900000,21498.7,21555.0,21484.2,21489.1,162836.0
1657369800000,21489.2,21554.4,21485.2,21530.2,92250.0
1657370700000,21530.3,21551.7,21472.5,21514.5,92770.0
1657371600000,21514.6,21617.9,21500.7,21574.8,125424.0
1657372500000,21574.9,21630.0,21563.0,21599.3,153217.0
1657373400000,21599.4,21610.9,21555.0,21577.5,105404.0
1657374300000,21577.6,21587.2,21515.2,21559.4,110249.0
1657375200000,21555.9,21718.8,21534.2,21704.7,221411.0
1657376100000,21706.0,21717.6,21621.5,21645.2,142609.0
1657377000000,21650.0,21654.6,21585.0,21606.7,97866.0
1657377900000,21606.7,21670.0,21564.3,21594.4,107849.0
1657378800000,21594.4,21625.0,21566.2,21623.7,57536.0
1657379700000,21623.7,21646.3,21595.9,21640.6,43850.0
1657380600000,21640.5,21646.4,21580.1,21587.0,35673.0
1657381500000,21586.2,21602.2,21537.5,21549.7,108030.0
1657382400000,21548.8,21579.7,21530.9,21566.8,71048.0
1657383300000,21566.8,21611.9,21560.0,21578.6,54809.0
1657384200000,21578.6,21648.2,21573.9,21625.3,47484.0
1657385100000,21625.3,21714.6,21608.5,21691.3,117821.0
1657386000000,21691.4,21743.4,21664.8,21717.1,101988.0
1657386900000,21717.0,21724.3,21679.0,21697.6,83945.0
1657387800000,21697.7,21977.0,21694.9,21869.9,558597.0
1657388700000,21869.9,21890.0,21822.2,21877.0,127126.0
1657389600000,21876.1,21889.1,21755.8,21802.4,239941.0
1657390500000,21802.5,21829.5,21782.1,21823.1,61273.0
1657391400000,21823.0,21921.2,21807.3,21848.0,106721.0
1657392300000,21848.0,21862.2,21723.8,21751.5,143551.0
1657393200000,21751.4,21769.0,21520.2,21548.5,249732.0
1657394100000,21547.2,21619.6,21523.6,21598.2,154456.0
1657395000000,21599.0,21626.5,21566.0,21596.0,95534.0
1657395900000,21596.6,21625.0,21577.1,21619.9,41319.0
1657396800000,21618.5,21633.9,21603.9,21615.5,25786.0
1657397700000,21615.7,21636.1,21584.6,21629.5,52068.0
1657398600000,21629.6,21675.0,21629.6,21655.2,68766.0
1657399500000,21655.6,21699.3,21640.5,21679.0,51512.0
1657400400000,21678.2,21726.9,21663.7,21697.8,86420.0
1657401300000,21696.5,21723.9,21639.7,21706.3,107505.0
1657402200000,21706.3,21717.4,21696.5,21706.5,18277.0
1657403100000,21706.5,21767.1,21705.0,21711.0,45198.0
1657404000000,21711.0,21753.6,21682.3,21724.3,77707.0
1657404900000,21721.9,21740.1,21674.4,21706.9,77129.0
1657405800000,21707.7,21729.8,21684.9,21689.1,49214.0
1657406700000,21688.9,21728.6,21588.2,21628.4,129623.0
1657407600000,21629.4,21629.4,21567.0,21623.1,91845.0
1657408500000,21623.1,21648.5,21590.4,21595.1,43260.0
1657409400000,21594.0,21629.7,21550.0,21565.1,73278.0
1657410300000,21565.1,21605.5,21561.0,21589.6,42003.0
1657411200000,21588.5,21605.7,21443.4,21494.3,172885.0
1657412100000,21495.9,21565.0,21472.5,21545.6,85065.0
1657413000000,21545.5,21545.5,21478.2,21492.4,68812.0
1657413900000,21492.5,21512.1,21360.0,21375.9,239547.0
1657414800000,21375.8,21465.0,21339.4,21443.9,177349.0
1657415700000,21443.8,21496.5,21416.0,21434.7,125327.0
1657416600000,21434.7,21464.3,21420.6,21454.7,75740.0
1657417500000,21454.7,21476.0,21400.9,21415.4,63441.0
1657418400000,21415.3,21491.1,21370.0,21458.6,191543.0
1657419300000,21458.6,21489.3,21200.0,21218.0,430720.0
1657420200000,21218.0,21328.6,21125.0,21286.9,392075.0
1657421100000,21287.0,21335.7,21274.5,21312.8,109679.0
1657422000000,21315.3,21343.9,21281.3,21342.9,104785.0
1657422900000,21342.5,21347.0,21261.8,21285.2,88030.0
1657423800000,21285.3,21299.0,21228.9,21289.1,87873.0
1657424700000,21289.1,21318.7,21283.1,21295.7,62844.0
1657425600000,21295.0,21309.2,21175.3,21203.0,198692.0
1657426500000,21203.0,21251.0,21165.0,21241.8,119109.0
1657427400000,21241.7,21272.5,21184.4,21254.7,111501.0
1657428300000,21254.8,21308.5,21238.9,21279.0,79466.0
1657429200000,21277.6,21329.6,21270.0,21316.0,112217.0
1657430100000,21316.0,21328.3,21296.2,21315.0,63617.0
1657431000000,21314.9,21370.0,21300.6,21354.7,100364.0
1657431900000,21355.8,21368.8,21327.6,21356.3,76208.0
1657432800000,21356.2,21357.8,21275.5,21306.2,71341.0
1657433700000,21306.2,21326.3,21280.0,21311.2,75841.0
1657434600000,21311.1,21331.1,21271.2,21308.6,57171.0
1657435500000,21308.7,21327.9,21225.6,21295.6,105312.0
1657436400000,21295.6,21304.2,21245.2,21298.9,56992.0
1657437300000,21299.0,21300.8,21265.9,21297.7,32155.0
1657438200000,21299.0,21343.4,21279.4,21325.9,73329.0
1657439100000,21325.9,21361.7,21311.8,21336.4,66624.0
1657440000000,21336.3,21365.7,21311.2,21328.8,59896.0
1657440900000,21328.8,21430.0,21317.7,21349.0,104631.0
1657441800000,21349.0,21395.6,21290.0,21314.6,135562.0
1657442700000,21314.6,21339.6,21255.4,21322.6,90220.0
1657443600000,21322.6,21343.2,21312.0,21329.1,41821.0
1657444500000,21329.1,21354.8,21300.1,21307.2,50630.0
1657445400000,21307.1,21366.7,21285.4,21333.7,66285.0
1657446300000,21333.8,21353.5,21308.6,21322.4,43505.0
1657447200000,21321.4,21349.9,21313.0,21337.6,33911.0
1657448100000,21337.7,21350.0,21290.0,21303.7,61874.0
1657449000000,21303.7,21328.7,21282.0,21287.9,52532.0
1657449900000,21290.3,21294.5,21222.2,21274.8,172345.0
1657450800000,21274.4,21293.5,21222.2,21245.9,72353.0
1657451700000,21243.8,21260.0,21171.2,21212.4,194420.0
1657452600000,21212.4,21253.6,21195.6,21233.1,70613.0
1657453500000,21233.2,21308.4,21232.8,21301.1,107050.0
1657454400000,21301.8,21335.9,21284.3,21307.6,89528.0
1657455300000,21309.0,21346.8,21288.5,21299.4,52548.0
1657456200000,21299.4,21323.3,21288.1,21291.3,38626.0
1657457100000,21291.3,21307.4,21267.8,21306.1,51784.0
1657458000000,21306.1,21312.0,21236.0,21251.0,76347.0
1657458900000,21251.1,21253.4,21200.8,21216.8,119198.0
1657459800000,21216.7,21216.9,20951.6,21073.4,699607.0
1657460700000,21073.3,21083.4,21038.2,21080.1,99195.0
1657461600000,21080.1,21080.8,20953.6,20990.0,261772.0
1657462500000,20990.0,21058.4,20868.0,20950.0,317905.0
1657463400000,20950.0,20952.0,20836.6,20903.3,290063.0
1657464300000,20903.4,20919.9,20834.2,20866.2,179585.0
1657465200000,20866.2,20959.4,20840.0,20928.3,190327.0
1657466100000,20928.2,20980.0,20924.0,20939.0,117795.0
1657467000000,20940.8,20967.7,20880.1,20907.3,110964.0
1657467900000,20907.6,20936.2,20880.6,20903.5,55639.0
1657468800000,20903.5,20928.2,20650.0,20717.4,648318.0
1657469700000,20717.9,20804.9,20692.0,20777.1,199630.0
1657470600000,20777.1,20938.3,20776.5,20932.0,187027.0
1657471500000,20932.0,21037.0,20895.9,20929.8,289971.0
1657472400000,20932.5,20939.8,20878.0,20906.0,99875.0
1657473300000,20906.0,20931.2,20881.5,20906.5,53350.0
1657474200000,20908.3,20956.4,20893.6,20934.1,50977.0
1657475100000,20934.0,20943.8,20886.0,20902.0,43285.0
1657476000000,20903.9,20916.0,20837.8,20850.5,73796.0
1657476900000,20850.5,20866.2,20820.1,20824.8,52954.0
1657477800000,20824.8,20839.8,20762.4,20802.2,107539.0
1657478700000,20802.7,20867.4,20772.3,20844.5,69836.0
1657479600000,20844.5,20844.5,20732.6,20778.0,86299.0
1657480500000,20780.6,20809.9,20758.0,20790.1,42163.0
1657481400000,20788.4,20844.1,20778.9,20830.9,37987.0
1657482300000,20831.0,20933.0,20818.1,20919.5,59558.0
1657483200000,20919.5,20919.5,20836.0,20876.9,66150.0
1657484100000,20877.0,21016.2,20850.0,20970.9,100719.0
1657485000000,20970.4,20978.9,20920.0,20945.1,46562.0
1657485900000,20945.0,21000.0,20931.6,20984.9,54352.0
1657486800000,20985.0,21180.0,20963.8,21119.9,252637.0
1657487700000,21120.9,21169.7,21090.4,21139.1,82143.0
1657488600000,21137.9,21138.0,21037.0,21092.5,48648.0
1657489500000,21092.5,21092.5,21026.9,21036.9,38367.0
1657490400000,21037.0,21038.7,20771.3,20831.4,283587.0
1657491300000,20831.3,20834.9,20691.9,20740.3,205494.0
1657492200000,20740.3,20864.0,20738.4,20830.6,134182.0
1657493100000,20826.2,20865.0,20815.9,20840.9,49489.0
1657494000000,20841.0,20846.6,20767.1,20785.4,77336.0
1657494900000,20781.7,20879.8,20776.6,20871.0,56117.0
1657495800000,20871.1,20877.2,20820.1,20864.3,47428.0
1657496700000,20864.4,20879.4,20843.2,20861.6,47945.0
1657497600000,20863.6,20863.9,20756.0,20777.4,113758.0
1657498500000,20777.9,20788.0,20681.0,20718.6,171200.0
1657499400000,20717.5,20807.2,20701.2,20781.9,102947.0
1657500300000,20781.6,20835.8,20760.2,20817.6,120181.0
1657501200000,20817.5,20821.6,20752.0,20790.2,87053.0
1657502100000,20790.1,20790.1,20518.8,20587.6,451667.0
1657503000000,20587.6,20604.8,20544.0,20599.4,135624.0
1657503900000,20599.3,20621.4,20530.0,20554.7,123361.0
1657504800000,20554.6,20554.6,20458.0,20489.0,261816.0
1657505700000,20489.4,20588.0,20470.9,20568.1,167274.0
1657506600000,20568.1,20597.7,20550.0,20578.6,71447.0
1657507500000,20578.6,20590.4,20533.6,20554.5,78386.0
1657508400000,20554.5,20653.8,20490.1,20621.2,200212.0
1657509300000,20621.3,20665.2,20595.0,20618.2,114632.0
1657510200000,20618.2,20644.8,20614.3,20626.5,54077.0
1657511100000,20626.6,20633.6,20483.6,20546.7,176608.0
1657512000000,20546.8,20567.4,20500.4,20552.7,171062.0
1657512900000,20552.7,20603.0,20466.3,20480.5,170834.0
1657513800000,20480.6,20528.6,20421.2,20497.3,150880.0
1657514700000,20497.4,20554.8,20495.0,20530.3,103319.0
1657515600000,20528.7,20555.0,20461.7,20490.5,84237.0
1657516500000,20490.5,20536.9,20482.8,20528.7,59622.0
1657517400000,20529.9,20576.6,20521.6,20555.9,61170.0
1657518300000,20556.0,20560.0,20472.4,20507.2,88055.0
1657519200000,20507.2,20525.6,20367.4,20383.9,300908.0
1657520100000,20385.5,20442.0,20361.1,20424.7,156239.0
1657521000000,20426.7,20450.0,20394.1,20423.5,81993.0
1657521900000,20423.5,20445.9,20372.8,20399.7,87603.0
1657522800000,20398.5,20460.0,20382.0,20440.0,96008.0
1657523700000,20440.1,20479.0,20425.1,20441.9,78331.0
1657524600000,20442.0,20469.6,20425.1,20466.8,51358.0
1657525500000,20466.8,20477.1,20429.9,20439.0,72750.0
1657526400000,20437.8,20474.0,20411.1,20470.2,79502.0
1657527300000,20467.9,20536.7,20466.9,20496.7,140025.0
1657528200000,20495.6,20545.0,20465.7,20509.5,120613.0
1657529100000,20507.8,20555.0,20494.5,20530.9,81089.0
1657530000000,20530.9,20596.0,20513.8,20590.4,128675.0
1657530900000,20590.5,20629.5,20544.8,20562.1,148666.0
1657531800000,20561.1,20584.2,20535.0,20541.6,84101.0
1657532700000,20541.6,20562.0,20504.8,20554.1,101754.0
1657533600000,20554.0,20577.7,20524.3,20556.1,74288.0
1657534500000,20557.7,20611.2,20544.4,20584.0,80062.0
1657535400000,20584.0,20590.4,20567.0,20588.4,49543.0
1657536300000,20588.5,20627.0,20513.1,20533.5,104917.0
1657537200000,20532.7,20565.8,20523.6,20560.2,65533.0
1657538100000,20560.2,20585.2,20525.3,20525.8,39432.0
1657539000000,20525.9,20557.8,20434.6,20482.4,157301.0
1657539900000,20483.2,20489.8,20426.5,20473.5,88056.0
1657540800000,20473.6,20478.5,20416.3,20452.9,80570.0
1657541700000,20453.0,20525.0,20446.1,20508.6,106647.0
1657542600000,20508.4,20585.0,20508.3,20568.9,129782.0
1657543500000,20568.8,20616.0,20535.1,20586.9,107073.0
1657544400000,20586.9,20609.2,20543.7,20547.0,94579.0
1657545300000,20547.1,20602.9,20542.8,20551.9,88174.0
1657546200000,20552.0,20760.7,20466.6,20524.0,706074.0
1657547100000,20523.9,20523.9,20276.3,20374.6,780547.0
1657548000000,20374.6,20489.0,20287.7,20423.7,338588.0
1657548900000,20423.8,20447.7,20350.0,20389.6,168302.0
1657549800000,20389.5,20469.7,20384.8,20453.3,132036.0
1657550700000,20453.1,20485.0,20388.7,20388.7,115503.0
1657551600000,20388.3,20418.4,20363.9,20375.2,96314.0
1657552500000,20375.3,20410.0,20364.6,20392.1,57584.0
1657553400000,20395.0,20464.5,20388.0,20434.8,87168.0
1657554300000,20435.0,20449.7,20382.1,20439.5,64691.0
1657555200000,20439.4,20458.3,20413.9,20438.5,73198.0
1657556100000,20440.0,20490.6,20415.3,20463.8,75401.0
1657557000000,20462.6,20519.4,20442.1,20479.1,159889.0
1657557900000,20479.2,20480.0,20400.9,20422.7,111198.0
1657558800000,20422.5,20568.0,20416.1,20542.4,155420.0
1657559700000,20542.5,20645.0,20527.9,20591.9,234400.0
1657560600000,20591.4,20655.6,20585.0,20601.3,127772.0
1657561500000,20601.4,20645.5,20593.6,20615.8,103000.0
1657562400000,20615.8,20620.6,20563.4,20590.5,146551.0
1657563300000,20589.8,20597.5,20558.4,20571.6,42369.0
1657564200000,20571.6,20709.2,20571.6,20661.2,144826.0
1657565100000,20661.1,20691.3,20570.0,20570.0,84893.0
1657566000000,20570.9,20590.6,20485.2,20503.1,127482.0
1657566900000,20503.1,20520.8,20420.0,20469.8,182649.0
1657567800000,20469.7,20538.1,20451.7,20505.3,87569.0
1657568700000,20505.4,20521.0,20469.3,20508.3,56332.0
1657569600000,20508.3,20560.4,20500.3,20548.6,51846.0
1657570500000,20547.7,20550.0,20438.3,20484.1,70068.0
1657571400000,20484.2,20493.0,20440.3,20478.3,33922.0
1657572300000,20476.9,20479.5,20389.3,20429.6,74317.0
1657573200000,20430.3,20439.7,20365.0,20399.1,70614.0
1657574100000,20399.1,20421.6,20325.1,20354.4,90875.0
1657575000000,20354.5,20381.8,20294.1,20328.5,68399.0
1657575900000,20328.6,20350.0,20168.0,20235.8,208797.0
1657576800000,20235.9,20238.3,20077.0,20110.0,308917.0
1657577700000,20109.9,20173.6,20063.7,20113.3,210446.0
1657578600000,20113.4,20128.9,20039.4,20050.0,161020.0
1657579500000,20050.7,20084.2,19960.8,20008.4,367363.0
1657580400000,20008.3,20035.3,19876.6,20013.1,379113.0
1657581300000,20011.9,20024.0,19944.1,19995.8,132443.0
1657582200000,19996.3,20043.8,19950.5,20011.0,113761.0
1657583100000,20011.0,20056.4,19935.2,19970.4,122718.0
1657584000000,19967.3,20007.7,19932.9,19987.3,148494.0
1657584900000,19987.3,20003.7,19830.0,19883.7,293167.0
1657585800000,19883.6,19886.3,19816.1,19839.2,219995.0
1657586700000,19842.2,19916.7,19791.2,19817.6,259909.0
1657587600000,19817.6,19892.2,19806.6,19890.1,152838.0
1657588500000,19890.1,19908.5,19856.0,19881.0,100264.0
1657589400000,19881.0,19960.9,19881.0,19940.3,170805.0
1657590300000,19940.3,19950.0,19863.4,19893.2,114027.0
1657591200000,19893.0,19943.7,19887.7,19930.0,71414.0
1657592100000,19930.0,19987.9,19920.7,19946.8,87990.0
1657593000000,19946.8,19979.4,19925.2,19943.3,76712.0
1657593900000,19943.4,19985.1,19942.1,19969.4,74424.0
1657594800000,19969.4,19970.1,19890.6,19927.8,115141.0
1657595700000,19927.9,19939.7,19880.2,19913.7,67209.0
1657596600000,19913.7,19940.0,19893.8,19940.0,58024.0
1657597500000,19940.0,19949.1,19922.0,19943.0,47832.0
1657598400000,19943.0,19970.0,19929.0,19969.0,65925.0
1657599300000,19968.9,20020.5,19963.3,20001.1,129792.0
1657600200000,20001.1,20036.2,19972.5,20008.8,114300.0
1657601100000,20008.8,20020.0,19992.9,20004.5,54028.0
1657602000000,20004.6,20017.0,19978.5,20009.1,69004.0
1657602900000,20009.1,20055.0,19993.1,20042.5,79824.0
1657603800000,20042.5,20045.8,20021.1,20041.4,58410.0
1657604700000,20041.4,20053.9,19951.4,19956.2,111419.0
1657605600000,19956.5,19957.4,19841.1,19895.0,324146.0
1657606500000,19895.0,19940.0,19880.0,19885.3,99186.0
1657607400000,19885.4,19927.1,19851.5,19897.5,92800.0
1657608300000,19896.7,19899.0,19803.0,19847.4,175215.0
1657609200000,19847.5,19872.3,19655.7,19694.1,673024.0
1657610100000,19694.1,19714.2,19621.5,19667.0,321811.0
1657611000000,19667.0,19744.8,19640.0,19729.0,192912.0
1657611900000,19728.9,19769.5,19710.0,19734.0,140577.0
1657612800000,19733.9,19818.0,19710.0,19744.8,216069.0
1657613700000,19744.9,19744.9,19672.7,19721.6,162646.0
1657614600000,19722.7,19785.6,19715.2,19784.7,104568.0
1657615500000,19784.7,19794.5,19756.1,19773.0,72588.0
1657616400000,19772.9,19805.9,19758.1,19776.3,85111.0
1657617300000,19776.4,19797.1,19720.4,19754.9,87624.0
1657618200000,19754.9,19754.9,19560.0,19638.8,501068.0
1657619100000,19638.1,19664.4,19573.8,19608.7,211227.0
1657620000000,19608.8,19720.0,19608.8,19687.0,155473.0
1657620900000,19687.0,19718.0,19670.5,19685.3,86227.0
1657621800000,19685.2,19709.4,19635.4,19670.0,88165.0
1657622700000,19670.0,19718.8,19589.1,19621.5,178540.0
1657623600000,19620.4,19707.0,19600.4,19699.0,143364.0
1657624500000,19699.0,19793.2,19698.7,19771.6,269965.0
1657625400000,19771.7,19840.0,19754.3,19794.6,228187.0
1657626300000,19794.6,19812.0,19764.6,19775.6,78704.0
1657627200000,19775.5,19858.5,19772.6,19807.0,145892.0
1657628100000,19807.1,19962.0,19800.0,19904.1,369509.0
1657629000000,19904.1,19931.0,19861.0,19911.6,131678.0
1657629900000,19911.6,19919.4,19854.7,19873.9,105069.0
1657630800000,19874.7,19942.9,19850.0,19907.4,129614.0
1657631700000,19906.7,19932.2,19842.3,19870.5,112406.0
1657632600000,19870.6,20010.7,19818.4,19898.6,494452.0
1657633500000,19898.6,19914.0,19770.0,19788.5,289324.0
1657634400000,19788.4,19825.0,19700.0,19815.3,315865.0
1657635300000,19812.4,19879.7,19775.7,19789.6,177741.0
1657636200000,19790.4,19880.8,19787.3,19876.9,120941.0
1657637100000,19877.0,19937.7,19844.7,19916.2,154867.0
1657638000000,19915.8,19995.0,19903.9,19955.2,219369.0
1657638900000,19953.4,19955.1,19889.6,19941.9,140514.0
1657639800000,19942.0,19969.1,19867.3,19884.0,119385.0
1657640700000,19884.0,19936.1,19857.0,19884.9,94891.0
1657641600000,19885.0,19953.7,19877.8,19923.6,138716.0
1657642500000,19924.4,19978.0,19920.2,19944.1,90792.0
1657643400000,19944.0,20008.5,19918.0,19956.7,129618.0
1657644300000,19956.6,19964.1,19891.2,19902.2,118238.0
1657645200000,19901.5,19924.0,19837.4,19873.2,129468.0
1657646100000,19873.3,19891.1,19820.0,19846.5,129380.0
1657647000000,19849.0,19888.0,19835.0,19871.5,61409.0
1657647900000,19871.4,19897.9,19850.0,19872.6,44086.0
1657648800000,19874.0,19883.9,19757.5,19837.8,120082.0
1657649700000,19837.8,19857.7,19794.0,19811.2,60194.0
1657650600000,19811.2,19821.3,19773.2,19797.6,60993.0
1657651500000,19797.6,19815.6,19700.5,19729.2,108733.0
1657652400000,19729.1,19729.1,19585.0,19632.8,304857.0
1657653300000,19633.4,19633.4,19340.4,19382.2,744494.0
1657654200000,19382.1,19443.1,19255.0,19420.1,396788.0
1657655100000,19420.2,19557.2,19382.0,19396.8,314732.0
1657656000000,19394.2,19495.0,19378.0,19478.6,170185.0
1657656900000,19478.4,19511.4,19434.1,19500.1,120456.0
1657657800000,19500.1,19557.2,19465.1,19470.2,112121.0
1657658700000,19470.8,19470.8,19372.7,19460.4,142086.0
1657659600000,19458.9,19514.0,19413.8,19487.4,67259.0
1657660500000,19487.4,19526.4,19456.9,19502.2,45660.0
1657661400000,19502.1,19502.5,19420.7,19426.7,58001.0
1657662300000,19426.7,19464.9,19350.0,19350.5,76937.0
1657663200000,19350.4,19416.2,19236.0,19369.5,237158.0
1657664100000,19369.4,19459.1,19325.3,19457.4,128077.0
1657665000000,19457.3,19477.0,19418.1,19420.8,59889.0
1657665900000,19420.8,19436.7,19346.0,19378.6,92997.0
1657666800000,19380.2,19448.9,19342.0,19413.6,108332.0
1657667700000,19413.6,19447.8,19354.9,19369.4,79810.0
1657668600000,19369.4,19424.0,19357.5,19383.7,68629.0
1657669500000,19383.7,19412.7,19252.4,19333.4,191036.0
1657670400000,19331.3,19350.0,19268.1,19336.1,161431.0
1657671300000,19337.7,19376.5,19282.4,19344.6,157548.0
1657672200000,19346.1,19450.0,19334.4,19434.0,167157.0
1657673100000,19434.1,19434.9,19400.0,19429.0,80314.0
1657674000000,19428.9,19476.4,19406.8,19447.8,96903.0
1657674900000,19448.8,19450.5,19381.0,19397.4,92281.0
1657675800000,19397.5,19436.4,19391.5,19396.5,61734.0
1657676700000,19396.5,19464.8,19393.9,19429.2,60479.0
1657677600000,19429.2,19545.0,19428.7,19498.0,213860.0
1657678500000,19498.1,19525.0,19483.7,19485.9,96954.0
1657679400000,19484.9,19519.4,19483.3,19499.6,50379.0
1657680300000,19499.6,19525.9,19481.5,19507.7,47982.0
1657681200000,19507.7,19578.0,19502.9,19537.3,102896.0
1657682100000,19536.7,19540.0,19492.0,19512.1,75230.0
1657683000000,19513.3,19533.6,19461.2,19478.1,89468.0
1657683900000,19478.1,19488.9,19467.3,19473.1,46265.0
1657684800000,19473.0,19512.0,19471.3,19498.0,49498.0
1657685700000,19498.0,19523.5,19495.9,19503.3,34187.0
1657686600000,19499.8,19505.0,19444.0,19450.0,71127.0
1657687500000,19450.1,19496.6,19420.0,19480.8,105672.0
1657688400000,19480.8,19493.8,19460.1,19473.0,38713.0
1657689300000,19473.8,19525.0,19446.5,19505.1,89136.0
1657690200000,19505.0,19568.0,19487.8,19534.5,111677.0
1657691100000,19534.5,19578.0,19508.7,19517.5,115032.0
1657692000000,19517.5,19529.2,19492.1,19497.3,63919.0
1657692900000,19497.1,19497.1,19470.7,19480.6,72353.0
1657693800000,19480.6,19547.7,19472.4,19525.0,69595.0
1657694700000,19525.0,19557.3,19510.0,19543.2,61408.0
1657695600000,19545.7,19562.1,19516.1,19520.6,93650.0
1657696500000,19519.6,19537.9,19495.6,19512.2,94266.0
1657697400000,19512.8,19865.5,19494.2,19692.0,662411.0
1657698300000,19692.0,19779.5,19650.0,19709.1,362176.0
1657699200000,19709.3,19777.0,19671.3,19695.3,177408.0
1657700100000,19693.3,19820.0,19673.2,19791.2,203344.0
1657701000000,19793.2,19928.8,19776.6,19875.0,466412.0
1657701900000,19877.4,19908.3,19821.1,19854.1,175542.0
1657702800000,19853.5,19885.6,19794.2,19876.1,166861.0
1657703700000,19877.3,19898.6,19849.6,19889.9,76741.0
1657704600000,19889.8,19895.4,19772.0,19792.5,163874.0
1657705500000,19793.3,19816.8,19762.9,19803.4,93475.0
1657706400000,19803.3,19813.3,19750.0,19785.0,119217.0
1657707300000,19785.1,19792.1,19732.4,19743.2,103510.0
1657708200000,19743.0,19800.0,19706.0,19781.9,193603.0
1657709100000,19781.6,19795.0,19754.2,19782.0,72988.0
1657710000000,19782.1,19840.0,19752.3,19802.9,106315.0
1657710900000,19802.8,19810.0,19759.1,19801.9,67109.0
1657711800000,19801.9,19860.0,19787.3,19826.9,96756.0
1657712700000,19826.9,19880.0,19794.4,19844.5,110042.0
1657713600000,19844.5,19871.1,19728.7,19750.8,141083.0
1657714500000,19750.7,20138.0,19688.0,20057.9,888461.0
1657715400000,20057.9,20060.1,18910.0,19155.6,3408138.0
1657716300000,19155.6,19250.0,19045.9,19165.0,834705.0
1657717200000,19162.7,19235.7,19121.0,19174.6,345375.0
1657718100000,19175.2,19200.0,18978.9,19039.1,381219.0
1657719000000,19040.5,19344.9,18937.0,19204.0,962613.0
1657719900000,19204.7,19338.6,19154.8,19291.1,507329.0
1657720800000,19291.1,19398.3,19240.3,19303.6,388734.0
1657721700000,19305.0,19322.7,19197.2,19250.0,207479.0
1657722600000,19249.9,19569.8,19231.1,19544.1,604813.0
1657723500000,19544.0,19680.0,19498.7,19575.5,764818.0
1657724400000,19575.6,19698.4,19543.0,19646.0,300682.0
1657725300000,19645.4,19653.7,19485.7,19499.5,235375.0
1657726200000,19499.6,19536.0,19405.2,19417.0,227425.0
1657727100000,19417.0,19512.0,19385.0,19455.8,163998.0
1657728000000,19456.1,19480.6,19365.0,19374.7,189289.0
1657728900000,19374.7,19384.2,19240.0,19375.1,440195.0
1657729800000,19375.0,19477.0,19365.6,19476.9,228477.0
1657730700000,19476.9,19638.7,19432.1,19634.8,267445.0
1657731600000,19634.7,20062.0,19620.9,19884.2,1169886.0
1657732500000,19883.2,19883.9,19759.5,19844.6,253125.0
1657733400000,19844.6,19965.1,19759.2,19946.0,222247.0
1657734300000,19946.2,19956.6,19832.7,19880.3,190087.0
1657735200000,19882.0,19889.3,19703.3,19755.7,241084.0
1657736100000,19755.7,19792.4,19681.0,19781.3,148396.0
1657737000000,19781.3,19839.5,19742.4,19807.9,108969.0
1657737900000,19814.3,19876.0,19765.3,19847.2,118740.0
1657738800000,19847.7,19864.1,19751.6,19815.0,100428.0
1657739700000,19813.7,19813.8,19734.1,19748.3,73972.0
1657740600000,19748.3,19753.8,19628.8,19640.6,131409.0
1657741500000,19640.6,19693.8,19639.4,19657.5,65154.0
1657742400000,19654.2,19751.0,19650.0,19705.8,98286.0
1657743300000,19705.9,19706.0,19587.1,19618.8,107678.0
1657744200000,19619.9,19681.7,19610.6,19669.5,47647.0
1657745100000,19669.5,19692.5,19640.6,19673.5,38760.0
1657746000000,19673.4,19810.8,19651.7,19726.0,84432.0
1657746900000,19726.1,19808.3,19710.0,19807.9,32744.0
1657747800000,19807.9,19941.4,19775.0,19899.3,60554.0
1657748700000,19895.9,19963.1,19846.7,19924.1,69411.0
1657749600000,19925.2,20026.2,19852.4,19907.2,182761.0
1657750500000,19905.7,19962.4,19881.0,19887.8,78653.0
1657751400000,19887.7,19941.2,19828.4,19836.1,97236.0
1657752300000,19838.7,19875.7,19828.9,19844.9,63197.0
1657753200000,19843.6,19974.0,19836.1,19965.1,109169.0
1657754100000,19965.1,20350.0,19962.2,20080.0,1087654.0
1657755000000,20080.9,20204.1,20079.6,20186.6,248149.0
1657755900000,20186.6,20288.0,20139.0,20231.7,235177.0
1657756800000,20231.6,20412.0,20201.7,20299.0,409451.0
1657757700000,20299.0,20343.2,20164.4,20178.2,203736.0
1657758600000,20175.3,20290.7,20175.3,20253.7,181180.0
1657759500000,20253.7,20378.0,20249.6,20301.8,236362.0
1657760400000,20301.8,20344.0,20243.6,20340.5,152660.0
1657761300000,20340.4,20428.0,20266.1,20279.6,322911.0
1657762200000,20279.6,20285.6,20232.4,20257.4,105207.0
1657763100000,20257.3,20295.1,20225.0,20276.2,122656.0
1657764000000,20276.3,20291.0,20210.0,20222.1,120646.0
1657764900000,20222.6,20254.5,20218.0,20242.1,67180.0
1657765800000,20241.7,20307.6,20230.9,20238.1,140665.0
1657766700000,20238.0,20262.9,20184.5,20260.1,169193.0
1657767600000,20260.1,20345.4,20249.1,20301.0,223718.0
1657768500000,20300.8,20367.3,20267.0,20293.8,159531.0
1657769400000,20292.9,20307.3,20229.1,20266.8,111802.0
1657770300000,20266.7,20266.8,20210.0,20220.6,87300.0
1657771200000,20222.4,20252.0,20202.0,20250.0,82582.0
1657772100000,20250.0,20271.6,20113.9,20154.8,262407.0
1657773000000,20154.7,20187.1,20111.7,20129.4,138331.0
1657773900000,20129.4,20166.5,20060.4,20086.6,264993.0
1657774800000,20085.2,20142.3,20069.5,20112.5,104691.0
1657775700000,20112.6,20183.0,20112.5,20169.1,110943.0
1657776600000,20169.0,20216.2,20146.1,20150.5,99119.0
1657777500000,20150.3,20152.4,20050.0,20113.3,168026.0
1657778400000,20113.4,20142.0,20075.7,20100.7,93420.0
1657779300000,20100.8,20127.6,20000.0,20007.1,198191.0
1657780200000,20006.8,20046.8,19890.2,20000.5,475854.0
1657781100000,20000.6,20066.4,20000.5,20025.0,188173.0
1657782000000,20024.9,20049.2,19919.5,19971.5,175904.0
1657782900000,19971.4,20022.5,19961.2,19984.4,94234.0
1657783800000,19985.5,20022.0,19930.4,19972.4,121432.0
1657784700000,19972.5,20010.4,19951.2,19988.4,87872.0
1657785600000,19988.5,20059.8,19945.8,20010.1,168435.0
1657786500000,20011.1,20024.9,19962.4,19971.5,115974.0
1657787400000,19971.5,19987.4,19837.0,19848.9,325661.0
1657788300000,19848.9,19879.8,19741.0,19767.4,415222.0
1657789200000,19767.9,19793.4,19720.1,19750.0,123214.0
1657790100000,19750.0,19750.0,19750.0,19750.0,0.0
1657791000000,19750.0,19799.0,19675.3,19798.6,106692.0
1657791900000,19798.8,19843.4,19761.8,19830.0,216628.0
1657792800000,19830.1,19851.0,19785.1,19808.0,169387.0
1657793700000,19808.0,19832.5,19758.6,19798.9,118773.0
1657794600000,19798.9,19850.0,19773.9,19824.8,124825.0
1657795500000,19824.8,19849.8,19735.1,19782.5,157331.0
1657796400000,19781.3,19808.1,19706.9,19732.2,115088.0
1657797300000,19732.9,19796.3,19688.0,19706.6,192188.0
1657798200000,19706.8,19769.5,19637.8,19737.5,259201.0
1657799100000,19737.4,19781.5,19714.3,19737.0,88445.0
1657800000000,19736.9,19793.3,19694.1,19778.5,172542.0
1657800900000,19778.6,19816.2,19702.0,19728.8,191178.0
1657801800000,19728.8,19879.8,19620.0,19797.1,571995.0
1657802700000,19797.1,19826.4,19752.2,19791.0,106297.0
1657803600000,19784.8,19825.3,19708.3,19742.4,176541.0
1657804500000,19742.1,19779.5,19715.0,19717.5,117726.0
1657805400000,19717.1,19808.7,19650.2,19694.0,405247.0
1657806300000,19693.9,19820.8,19693.0,19766.5,223603.0
1657807200000,19766.5,19776.4,19674.0,19753.2,221450.0
1657808100000,19750.5,19767.2,19693.1,19747.2,143604.0
1657809000000,19744.5,19813.9,19694.8,19782.1,172732.0
1657809900000,19782.4,19975.5,19775.1,19893.8,405204.0
1657810800000,19895.2,20104.8,19895.2,20043.0,632982.0
1657811700000,20038.9,20196.9,20033.1,20144.0,478959.0
1657812600000,20143.0,20385.0,20063.5,20320.1,746275.0
1657813500000,20319.8,20468.0,20288.0,20392.6,806841.0
1657814400000,20392.6,20477.8,20264.6,20324.9,536789.0
1657815300000,20324.9,20365.5,20246.9,20257.9,297955.0
1657816200000,20256.3,20354.3,20235.0,20289.3,175689.0
1657817100000,20289.8,20319.4,20120.4,20223.2,343323.0
1657818000000,20224.3,20299.0,20193.1,20274.6,180914.0
1657818900000,20274.5,20620.0,20271.6,20597.9,769599.0
1657819800000,20598.0,20666.0,20500.3,20529.2,366427.0
1657820700000,20529.2,20788.0,20508.0,20736.7,575223.0
1657821600000,20736.8,20787.9,20638.0,20692.6,366096.0
1657822500000,20692.6,20735.4,20625.8,20700.6,199207.0
1657823400000,20699.9,20724.6,20650.6,20677.0,109968.0
1657824300000,20677.1,20731.6,20676.9,20701.1,90819.0
1657825200000,20701.0,20774.5,20636.9,20701.8,169491.0
1657826100000,20702.3,20788.0,20656.5,20784.4,95994.0
1657827000000,20783.9,20911.0,20673.0,20679.0,358572.0
1657827900000,20675.0,20696.5,20590.5,20609.4,97408.0
1657828800000,20612.1,20666.5,20521.8,20569.5,156607.0
1657829700000,20568.2,20678.4,20553.8,20650.9,99047.0
1657830600000,20650.8,20684.0,20591.2,20667.8,56366.0
1657831500000,20667.8,20703.4,20592.4,20679.6,68408.0
1657832400000,20677.4,20717.9,20644.0,20665.9,57296.0
1657833300000,20666.0,20666.0,20570.1,20570.1,67373.0
1657834200000,20570.1,20586.8,20536.0,20555.0,50006.0
1657835100000,20555.0,20556.2,20444.5,20479.2,72836.0
1657836000000,20479.2,20538.0,20468.6,20498.5,65884.0
1657836900000,20498.5,20504.6,20449.4,20486.4,83145.0
1657837800000,20486.1,20563.3,20481.2,20502.8,98236.0
1657838700000,20502.8,20526.0,20495.6,20501.1,48227.0
1657839600000,20501.1,20510.0,20466.9,20504.3,37721.0
1657840500000,20504.9,20560.0,20492.4,20547.0,63716.0
1657841400000,20547.9,20607.7,20534.0,20580.1,132405.0
1657842300000,20581.3,20606.3,20565.0,20594.1,65674.0
1657843200000,20593.0,20604.9,20500.2,20509.0,95108.0
1657844100000,20509.1,20520.4,20443.0,20455.7,139227.0
1657845000000,20455.7,20483.8,20374.5,20428.6,170600.0
1657845900000,20428.5,20484.8,20394.0,20397.9,105003.0
1657846800000,20397.9,20431.2,20392.5,20406.3,62061.0
1657847700000,20406.3,20434.5,20381.6,20420.0,87595.0
1657848600000,20420.1,20477.0,20418.1,20468.1,66714.0
1657849500000,20468.0,20651.7,20459.6,20629.1,217463.0
1657850400000,20627.1,20799.0,20611.6,20744.8,447657.0
1657851300000,20744.8,20830.0,20661.3,20678.8,253672.0
1657852200000,20678.4,20711.7,20570.6,20601.4,189052.0
1657853100000,20601.4,20614.0,20433.4,20489.4,373404.0
1657854000000,20489.4,20564.8,20466.9,20536.8,149181.0
1657854900000,20536.8,20546.0,20443.0,20505.0,117358.0
1657855800000,20505.0,20556.3,20490.5,20537.9,59812.0
1657856700000,20538.0,20631.2,20520.1,20608.7,153508.0
1657857600000,20608.8,20688.0,20577.7,20682.8,259994.0
1657858500000,20682.9,20688.0,20631.8,20687.5,87361.0
1657859400000,20687.5,20702.3,20532.4,20539.4,178847.0
1657860300000,20540.0,20587.0,20493.0,20542.0,133201.0
1657861200000,20542.0,20564.8,20519.1,20537.3,50018.0
1657862100000,20539.7,20609.6,20538.1,20593.7,67690.0
1657863000000,20593.6,20661.6,20516.1,20580.5,138562.0
1657863900000,20580.4,20680.0,20576.8,20665.0,109148.0
1657864800000,20665.0,20670.0,20595.5,20655.5,96571.0
1657865700000,20655.5,20699.4,20615.6,20680.2,111140.0
1657866600000,20681.0,20687.7,20621.5,20633.2,86171.0
1657867500000,20633.1,20633.1,20590.0,20600.2,91285.0
1657868400000,20600.0,20750.0,20560.0,20684.6,271403.0
1657869300000,20684.1,20899.0,20628.9,20859.9,519041.0
1657870200000,20859.1,20942.0,20761.8,20781.3,349473.0
1657871100000,20781.3,20865.7,20781.0,20829.9,101945.0
1657872000000,20829.9,20877.7,20786.9,20800.1,117122.0
1657872900000,20800.0,20868.5,20722.1,20862.5,213298.0
1657873800000,20862.4,20920.0,20831.3,20901.0,154137.0
1657874700000,20902.0,21033.0,20855.8,20861.1,555531.0
1657875600000,20861.1,20947.6,20834.0,20887.3,211277.0
1657876500000,20887.3,21043.6,20887.3,20985.0,351075.0
1657877400000,20985.0,21023.9,20877.5,20890.0,282120.0
1657878300000,20889.7,20927.4,20842.3,20894.7,168965.0
1657879200000,20894.7,20920.0,20853.4,20878.4,106028.0
1657880100000,20878.3,20889.5,20822.1,20850.0,110010.0
1657881000000,20849.9,20865.1,20805.2,20830.5,81656.0
1657881900000,20830.6,20900.0,20829.4,20868.9,82119.0
1657882800000,20868.5,20946.4,20818.8,20935.2,128366.0
1657883700000,20935.1,20956.8,20831.0,20862.2,131444.0
1657884600000,20862.0,20872.9,20760.0,20780.2,132913.0
1657885500000,20780.8,20823.9,20762.2,20774.2,104822.0
1657886400000,20774.1,20811.0,20760.3,20800.8,103557.0
1657887300000,20801.0,20900.0,20797.0,20845.0,139942.0
1657888200000,20844.8,20950.0,20770.1,20929.4,400867.0
1657889100000,20929.4,21037.0,20917.0,20983.0,318850.0
1657890000000,20983.1,21087.7,20956.3,20958.3,303575.0
1657890900000,20958.7,20993.7,20904.6,20964.3,171426.0
1657891800000,20964.4,21039.8,20839.5,20882.6,338667.0
1657892700000,20882.7,20893.5,20793.6,20860.6,217569.0
1657893600000,20860.7,20995.0,20860.7,20927.3,363284.0
1657894500000,20927.3,20995.0,20856.4,20976.7,153997.0
1657895400000,20976.8,21000.0,20894.1,20896.4,152983.0
1657896300000,20895.8,20914.3,20866.5,20888.0,90778.0
1657897200000,20888.0,20961.1,20879.5,20902.6,108206.0
1657898100000,20902.6,20956.0,20860.2,20863.6,105120.0
1657899000000,20863.7,20894.9,20808.0,20861.2,132520.0
1657899900000,20860.9,20892.1,20782.0,20796.8,129215.0
1657900800000,20796.8,20820.0,20722.2,20768.5,248728.0
1657901700000,20768.5,20784.6,20625.6,20709.0,368471.0
1657902600000,20709.0,20755.6,20693.2,20725.2,195384.0
1657903500000,20725.3,20780.0,20685.3,20752.6,119702.0
1657904400000,20752.6,20906.0,20741.5,20888.0,225484.0
1657905300000,20888.0,20926.9,20812.1,20847.1,142773.0
1657906200000,20847.0,20847.5,20790.8,20819.6,83549.0
1657907100000,20818.1,20900.0,20760.0,20789.5,106389.0
1657908000000,20789.0,20808.1,20775.4,20803.3,41532.0
1657908900000,20803.3,20865.5,20798.0,20858.4,65987.0
1657909800000,20858.4,20986.8,20832.0,20979.0,145086.0
1657910700000,20979.1,21054.9,20960.0,21038.2,252667.0
1657911600000,21038.1,21044.5,20960.1,20994.4,115672.0
1657912500000,20996.9,21003.8,20939.2,20959.9,69547.0
1657913400000,20958.0,21180.0,20942.8,21132.0,302286.0
1657914300000,21132.1,21199.0,21081.7,21170.8,205962.0
1657915200000,21170.8,21179.3,21076.0,21086.5,117932.0
1657916100000,21084.6,21219.3,21060.0,21112.8,198674.0
1657917000000,21115.0,21135.6,20905.1,20928.8,265209.0
1657917900000,20926.4,20959.4,20900.1,20930.6,102369.0
1657918800000,20930.7,21014.0,20913.6,20923.1,92229.0
1657919700000,20923.1,20930.4,20826.1,20927.1,108166.0
1657920600000,20928.0,20967.0,20916.2,20949.1,33838.0
1657921500000,20951.6,20984.5,20934.9,20969.5,31684.0
1657922400000,20969.5,20992.7,20915.1,20930.4,38121.0
1657923300000,20930.1,20932.2,20829.6,20862.8,81381.0
1657924200000,20862.9,20902.4,20820.0,20885.4,53720.0
1657925100000,20883.7,20907.5,20872.0,20892.1,30811.0
1657926000000,20891.8,20948.0,20853.8,20943.0,42585.0
1657926900000,20942.9,20943.0,20760.0,20799.5,141985.0
1657927800000,20799.5,20856.0,20765.2,20842.6,115988.0
1657928700000,20841.3,20854.1,20815.0,20831.4,56026.0
1657929600000,20830.0,20859.2,20770.6,20831.1,57072.0
1657930500000,20831.2,20849.5,20750.0,20793.1,71739.0
1657931400000,20793.1,20797.9,20670.0,20699.9,229236.0
1657932300000,20699.9,20731.2,20680.0,20682.2,84041.0
1657933200000,20682.3,20717.6,20633.0,20704.0,123031.0
1657934100000,20703.9,20751.8,20690.0,20748.3,69382.0
1657935000000,20748.3,20753.7,20701.5,20732.5,55582.0
1657935900000,20732.5,20732.5,20684.7,20716.8,42039.0
1657936800000,20716.9,20745.0,20673.9,20687.5,58405.0
1657937700000,20690.2,20697.5,20601.1,20660.0,135222.0
1657938600000,20660.0,20685.7,20655.0,20668.8,38213.0
1657939500000,20668.9,20708.5,20668.8,20703.3,45383.0
1657940400000,20703.3,20724.5,20688.7,20703.8,39565.0
1657941300000,20703.0,20742.1,20698.4,20731.7,44989.0
1657942200000,20732.7,20770.2,20694.4,20749.2,57221.0
1657943100000,20749.1,20759.4,20730.0,20732.9,36049.0
1657944000000,20732.9,20746.5,20648.1,20703.8,108069.0
1657944900000,20703.8,20721.9,20672.1,20686.5,48400.0
1657945800000,20686.4,20718.0,20680.6,20695.8,68731.0
1657946700000,20694.9,20754.0,20690.0,20741.5,68401.0
1657947600000,20741.5,20745.7,20716.0,20743.6,26995.0
1657948500000,20744.0,20744.1,20702.0,20710.9,28387.0
1657949400000,20710.9,20723.3,20635.0,20658.6,105004.0
1657950300000,20658.6,20688.9,20567.3,20598.0,193665.0
1657951200000,20597.6,20622.4,20558.5,20580.6,122228.0
1657952100000,20580.5,20593.7,20520.0,20553.8,191235.0
1657953000000,20553.9,20565.0,20480.1,20528.9,261389.0
1657953900000,20528.9,20566.5,20492.8,20548.8,125723.0
1657954800000,20548.9,20586.1,20529.9,20586.1,79828.0
1657955700000,20586.0,20614.9,20580.4,20604.2,66849.0
1657956600000,20604.9,20617.5,20560.0,20566.2,54031.0
1657957500000,20566.1,20574.2,20500.0,20551.2,98043.0
1657958400000,20551.2,20640.0,20544.2,20610.0,119108.0
1657959300000,20609.9,20638.8,20602.9,20613.3,55943.0
1657960200000,20613.3,20657.9,20602.3,20624.5,69245.0
1657961100000,20624.6,20629.6,20574.3,20606.1,61748.0
1657962000000,20606.1,20608.9,20575.4,20583.6,32192.0
1657962900000,20583.5,20633.8,20580.0,20609.2,45903.0
1657963800000,20609.2,20642.4,20606.6,20616.2,56854.0
1657964700000,20617.4,20639.4,20590.0,20618.4,34018.0
1657965600000,20618.5,20643.0,20610.4,20638.0,28276.0
1657966500000,20637.9,20682.7,20619.8,20669.5,61801.0
1657967400000,20669.6,20687.4,20590.1,20636.0,89452.0
1657968300000,20636.1,20650.0,20614.7,20637.8,27868.0
1657969200000,20637.8,20647.7,20611.4,20640.4,35042.0
1657970100000,20642.3,20664.7,20621.8,20662.8,23392.0
1657971000000,20662.7,20674.4,20636.5,20644.2,40454.0
1657971900000,20645.2,20658.4,20607.8,20617.0,40833.0
1657972800000,20617.0,20626.9,20592.5,20613.5,57354.0
1657973700000,20613.8,20640.0,20611.8,20619.6,31601.0
1657974600000,20617.9,20647.5,20613.5,20629.4,23413.0
1657975500000,20627.3,20749.9,20603.3,20695.5,211257.0
1657976400000,20698.1,20748.1,20682.4,20728.7,95652.0
1657977300000,20729.0,20847.6,20724.5,20780.0,225870.0
1657978200000,20780.0,20814.3,20761.0,20808.1,135048.0
1657979100000,20808.1,20880.0,20762.4,20843.2,209098.0
1657980000000,20842.7,20877.4,20804.2,20837.1,118994.0
1657980900000,20836.5,20843.1,20771.3,20800.0,113670.0
1657981800000,20800.0,20820.0,20733.0,20752.6,100245.0
1657982700000,20752.4,20837.8,20750.9,20815.6,92498.0
1657983600000,20815.6,20939.0,20815.6,20914.9,216581.0
1657984500000,20915.0,20922.9,20871.9,20905.0,119010.0
1657985400000,20905.1,20922.6,20876.8,20903.5,71920.0
1657986300000,20903.5,20958.0,20888.0,20946.0,110403.0
1657987200000,20944.1,21410.9,20922.7,21325.3,1082310.0
1657988100000,21326.7,21431.7,21097.4,21168.7,761901.0
1657989000000,21168.7,21280.0,21115.8,21265.8,371621.0
1657989900000,21265.9,21496.0,21265.9,21468.5,564288.0
1657990800000,21467.7,21536.7,21370.6,21440.3,407233.0
1657991700000,21441.0,21588.0,21413.8,21469.0,422844.0
1657992600000,21469.0,21484.4,21395.7,21444.6,139216.0
1657993500000,21444.5,21500.0,21225.9,21248.3,369390.0
1657994400000,21248.3,21353.0,21243.6,21302.2,198562.0
1657995300000,21302.2,21343.9,21272.1,21288.3,84925.0
1657996200000,21288.3,21292.8,21187.0,21246.6,138127.0
1657997100000,21246.5,21313.4,21201.0,21290.6,69956.0
1657998000000,21289.6,21370.0,21279.8,21344.6,124549.0
1657998900000,21341.5,21395.0,21290.6,21314.5,74787.0
1657999800000,21315.0,21341.4,21244.0,21251.4,73364.0
1658000700000,21251.5,21261.4,21151.6,21189.1,147259.0
1658001600000,21188.1,21223.4,21037.2,21080.0,205813.0
1658002500000,21080.0,21082.3,20910.0,20979.6,317693.0
1658003400000,20978.1,21152.1,20975.4,21126.4,207245.0
1658004300000,21122.9,21221.0,21093.4,21215.5,134749.0
1658005200000,21215.5,21220.7,21111.4,21148.5,96765.0
1658006100000,21148.4,21349.8,21084.1,21335.7,122488.0
1658007000000,21335.7,21342.0,21234.8,21296.4,53098.0
1658007900000,21296.4,21315.1,21175.9,21199.7,79709.0
1658008800000,21199.8,21236.9,21136.7,21197.4,78073.0
1658009700000,21195.7,21243.4,21171.8,21234.2,88413.0
1658010600000,21233.8,21254.1,21202.6,21231.8,44971.0
1658011500000,21231.7,21313.5,21206.7,21292.7,65459.0
1658012400000,21292.7,21299.9,21222.6,21227.9,56334.0
1658013300000,21227.8,21249.0,21182.6,21185.4,55837.0
1658014200000,21185.4,21212.7,21161.4,21183.2,66189.0
1658015100000,21184.8,21229.9,21173.3,21192.6,45225.0
1658016000000,21192.6,21346.6,21187.5,21326.2,246686.0
1658016900000,21326.2,21336.8,21200.0,21251.5,99381.0
1658017800000,21249.6,21315.4,21201.9,21301.6,85846.0
1658018700000,21301.1,21327.7,21262.3,21297.9,50749.0
1658019600000,21298.0,21337.7,21228.3,21233.6,96007.0
1658020500000,21234.4,21250.0,21112.7,21169.7,181233.0
1658021400000,21169.7,21176.4,21082.7,21131.8,118869.0
1658022300000,21131.9,21170.0,21105.1,21162.2,56799.0
1658023200000,21162.2,21197.2,21131.6,21193.2,76139.0
1658024100000,21193.2,21220.0,21165.5,21205.8,66117.0
1658025000000,21205.8,21240.6,21188.3,21197.2,73815.0
1658025900000,21197.2,21197.7,21143.0,21167.7,56375.0
1658026800000,21167.6,21272.2,21164.7,21255.9,75569.0
1658027700000,21256.0,21444.0,21250.5,21414.3,334597.0
1658028600000,21414.4,21468.3,21342.4,21342.4,224525.0
1658029500000,21342.4,21384.3,21318.1,21324.2,82531.0
1658030400000,21324.3,21418.5,21312.0,21408.1,76425.0
1658031300000,21408.1,21480.0,21346.3,21358.6,154727.0
1658032200000,21358.7,21370.5,21258.4,21278.8,137651.0
1658033100000,21278.9,21295.9,21240.3,21265.2,70552.0
1658034000000,21265.2,21368.5,21259.4,21351.2,115774.0
1658034900000,21351.2,21371.1,21292.7,21361.7,85827.0
1658035800000,21361.6,21368.0,21298.6,21340.1,76649.0
1658036700000,21338.4,21399.9,21327.9,21360.4,97075.0
1658037600000,21360.6,21425.0,21349.1,21402.1,92224.0
1658038500000,21402.1,21439.8,21370.0,21411.2,89531.0
1658039400000,21411.2,21520.0,21375.4,21495.0,250170.0
1658040300000,21495.0,21598.8,21441.2,21578.5,282514.0
1658041200000,21578.6,21674.0,21523.1,21603.7,323557.0
1658042100000,21603.7,21640.2,21508.0,21533.1,146643.0
1658043000000,21533.1,21594.0,21461.5,21485.7,151099.0
1658043900000,21485.8,21539.2,21470.0,21470.1,73156.0
1658044800000,21470.0,21521.1,21406.6,21465.9,154843.0
1658045700000,21467.9,21486.7,21382.9,21409.0,141989.0
1658046600000,21410.0,21419.0,21378.0,21416.7,85747.0
1658047500000,21416.6,21475.3,21395.1,21456.0,85256.0
1658048400000,21456.0,21553.0,21442.7,21500.5,147705.0
1658049300000,21500.4,21507.2,21275.0,21300.0,314776.0
1658050200000,21300.5,21363.4,21296.2,21335.6,110488.0
1658051100000,21335.5,21412.2,21317.0,21366.2,90364.0
1658052000000,21366.2,21388.0,21271.1,21292.1,138351.0
1658052900000,21292.1,21321.1,21221.9,21315.2,283766.0
1658053800000,21315.2,21368.7,21294.1,21353.5,87388.0
1658054700000,21353.5,21396.8,21337.3,21388.0,55430.0
1658055600000,21388.0,21444.9,21361.7,21406.0,84903.0
1658056500000,21410.9,21450.0,21388.0,21401.8,139975.0
1658057400000,21398.7,21410.0,21289.0,21344.6,156357.0
1658058300000,21344.7,21482.9,21322.0,21458.3,137117.0
1658059200000,21457.5,21512.9,21420.0,21485.1,119460.0
1658060100000,21485.1,21491.8,21412.6,21446.8,46184.0
1658061000000,21446.8,21476.4,21377.0,21393.8,86439.0
1658061900000,21393.8,21419.7,21337.0,21382.0,85740.0
1658062800000,21382.0,21388.5,21162.7,21228.9,446977.0
1658063700000,21229.1,21329.9,21139.6,21268.2,379234.0
1658064600000,21268.5,21297.4,21200.0,21231.2,139855.0
1658065500000,21230.1,21247.7,21116.7,21119.7,127761.0
1658066400000,21119.6,21195.0,21085.0,21170.1,186251.0
1658067300000,21173.1,21231.0,21153.9,21187.4,94409.0
1658068200000,21186.2,21237.6,21170.7,21218.0,80199.0
1658069100000,21217.9,21262.5,21178.5,21206.6,88275.0
1658070000000,21206.4,21282.6,21170.0,21243.7,101842.0
1658070900000,21243.8,21265.8,21220.9,21252.8,46463.0
1658071800000,21252.9,21255.3,21150.0,21186.2,113989.0
1658072700000,21185.4,21198.0,21125.0,21175.0,75412.0
1658073600000,21175.1,21225.1,21125.2,21175.9,126806.0
1658074500000,21175.9,21198.5,20990.5,21069.6,322174.0
1658075400000,21069.5,21182.5,21062.0,21147.4,89617.0
1658076300000,21149.0,21170.3,21114.2,21157.0,52733.0
1658077200000,21156.9,21240.4,21141.4,21231.4,86217.0
1658078100000,21231.3,21363.3,21224.4,21267.3,264245.0
1658079000000,21267.3,21292.4,21156.9,21199.1,151308.0
1658079900000,21199.1,21204.2,20820.0,20923.1,553339.0
1658080800000,20923.1,21016.5,20868.8,20948.9,235276.0
1658081700000,20949.0,21036.2,20947.8,20985.9,116515.0
1658082600000,20985.9,21063.6,20967.1,21045.5,46722.0
1658083500000,21045.6,21056.2,20961.2,20976.0,50638.0
1658084400000,20975.0,21046.0,20935.5,20941.1,68700.0
1658085300000,20941.1,21044.8,20937.9,21021.3,40769.0
1658086200000,21021.4,21077.9,21020.9,21058.2,62234.0
1658087100000,21058.2,21081.9,21021.8,21031.4,24569.0
1658088000000,21031.5,21046.8,20980.0,20984.6,46821.0
1658088900000,20985.5,21002.7,20960.1,20992.7,35832.0
1658089800000,20992.6,20996.9,20912.3,20933.2,45024.0
1658090700000,20933.8,20973.4,20924.0,20938.0,29478.0
1658091600000,20938.0,21008.1,20880.0,20974.5,85045.0
1658092500000,20974.5,21047.9,20950.0,21027.5,81334.0
1658093400000,21026.5,21060.0,20984.3,20999.5,39585.0
1658094300000,20999.6,21036.6,20970.6,21024.9,31975.0
1658095200000,21021.5,21083.4,20986.0,21015.5,57465.0
1658096100000,21015.1,21016.8,20925.0,20986.3,77913.0
1658097000000,20985.1,21043.9,20977.2,21019.8,50355.0
1658097900000,21019.9,21021.8,20982.2,21006.6,26264.0
1658098800000,21006.5,21010.6,20948.5,20955.3,35079.0
1658099700000,20955.2,20976.2,20825.4,20855.5,112896.0
1658100600000,20855.4,20876.3,20750.0,20823.3,251951.0
1658101500000,20823.3,20860.0,20754.2,20800.5,117163.0
1658102400000,20800.5,20903.4,20769.6,20886.8,169644.0
1658103300000,20886.7,20927.1,20850.0,20885.6,92549.0
1658104200000,20885.6,20920.0,20820.0,20830.7,131860.0
1658105100000,20830.7,20838.9,20785.0,20827.9,92758.0
1658106000000,20828.0,20930.5,20824.3,20923.4,120341.0
1658106900000,20923.4,20957.5,20907.7,20937.3,104925.0
1658107800000,20939.0,21003.8,20923.0,20964.5,163095.0
1658108700000,20964.6,21021.0,20963.3,20980.1,71799.0
1658109600000,20980.1,21017.4,20964.6,20972.9,82148.0
1658110500000,20972.9,21025.5,20972.9,21024.2,76417.0
1658111400000,21024.3,21213.0,21002.9,21202.9,264194.0
1658112300000,21202.8,21375.0,21159.0,21335.0,530745.0
1658113200000,21334.9,21359.8,21200.7,21204.5,242773.0
1658114100000,21204.5,21384.0,21204.5,21348.3,195774.0
1658115000000,21348.3,21354.8,21278.1,21311.3,111595.0
1658115900000,21309.7,21330.0,21252.4,21284.7,82115.0
1658116800000,21284.6,21298.6,21212.0,21250.3,131024.0
1658117700000,21250.2,21325.0,21164.2,21306.9,254249.0
1658118600000,21306.9,21316.2,21253.0,21299.0,100495.0
1658119500000,21299.0,21300.0,21253.3,21300.0,80952.0
1658120400000,21300.0,21454.5,21296.7,21377.0,344304.0
1658121300000,21379.2,21599.9,21372.0,21597.3,506307.0
1658122200000,21597.3,21820.0,21557.8,21766.8,719196.0
1658123100000,21766.7,21880.0,21689.7,21864.0,477014.0
1658124000000,21863.9,21888.0,21773.3,21785.0,258671.0
1658124900000,21784.9,22025.2,21775.4,21954.8,473997.0
1658125800000,21954.8,22378.5,21951.6,22174.6,1088647.0
1658126700000,22174.6,22290.9,22172.0,22200.8,270309.0
1658127600000,22200.6,22412.8,22191.3,22277.7,346613.0
1658128500000,22277.6,22284.9,22108.0,22252.4,303166.0
1658129400000,22252.5,22270.0,22163.0,22218.9,157007.0
1658130300000,22219.0,22347.0,22218.7,22248.9,254718.0
1658131200000,22249.0,22488.0,22218.5,22407.3,499418.0
1658132100000,22407.2,22524.0,22239.0,22255.0,549318.0
1658133000000,22255.1,22311.0,22153.4,22247.7,293940.0
1658133900000,22247.7,22297.9,22215.8,22292.9,113576.0
1658134800000,22292.9,22331.4,22238.6,22300.0,165997.0
1658135700000,22300.0,22375.0,22231.3,22358.0,168801.0
1658136600000,22358.1,22399.0,22250.0,22252.7,134573.0
1658137500000,22252.7,22282.6,22222.8,22244.7,96980.0
1658138400000,22244.7,22267.9,22148.0,22249.5,208000.0
1658139300000,22249.5,22359.0,22220.7,22310.0,157887.0
1658140200000,22309.9,22369.0,22187.2,22203.7,265693.0
1658141100000,22204.9,22224.9,22164.8,22206.6,107780.0
1658142000000,22206.6,22260.0,22182.8,22245.1,71941.0
1658142900000,22245.1,22333.0,22207.3,22273.5,246147.0
1658143800000,22273.6,22295.8,22114.0,22160.8,193371.0
1658144700000,22160.8,22200.1,21971.4,22136.5,479524.0
1658145600000,22136.5,22161.6,21999.6,22063.9,221285.0
1658146500000,22063.3,22070.0,21897.7,21988.7,285095.0
1658147400000,21988.7,22160.0,21947.9,22120.8,241180.0
1658148300000,22120.9,22328.2,22082.6,22287.6,322246.0
1658149200000,22287.5,22310.0,22179.1,22240.0,223688.0
1658150100000,22243.1,22262.1,22182.7,22250.6,80708.0
1658151000000,22251.2,22324.9,22069.7,22152.0,384113.0
1658151900000,22151.9,22226.0,22139.2,22139.7,157719.0
1658152800000,22137.9,22200.0,21988.0,22040.2,259968.0
1658153700000,22040.1,22096.0,21994.9,22045.5,151266.0
1658154600000,22045.5,22158.4,22037.0,22116.9,149278.0
1658155500000,22116.9,22243.0,22084.0,22213.6,160292.0
1658156400000,22213.7,22230.0,22172.8,22215.2,110107.0
1658157300000,22215.2,22266.0,22160.1,22195.9,110625.0
1658158200000,22195.9,22428.1,22175.4,22346.7,265385.0
1658159100000,22346.6,22779.8,22263.8,22681.2,954039.0
1658160000000,22680.9,22719.8,22303.2,22416.2,820540.0
1658160900000,22416.1,22444.9,22263.0,22298.4,301893.0
1658161800000,22298.5,22384.7,22114.3,22165.9,342484.0
1658162700000,22164.5,22232.6,22149.8,22204.6,181877.0
1658163600000,22204.7,22230.0,22065.5,22132.5,199806.0
1658164500000,22132.6,22178.3,22023.6,22141.5,220478.0
1658165400000,22141.5,22178.0,21961.7,21991.6,221133.0
1658166300000,21991.6,22068.0,21846.0,21877.7,328212.0
1658167200000,21880.1,21963.0,21786.0,21928.0,272260.0
1658168100000,21927.9,22015.2,21902.3,21938.6,162189.0
1658169000000,21939.5,21981.9,21888.4,21902.5,130044.0
1658169900000,21902.5,21914.4,21827.6,21841.2,124046.0
1658170800000,21841.1,21882.4,21504.5,21562.2,577076.0
1658171700000,21562.3,21766.6,21554.2,21696.5,296956.0
1658172600000,21696.0,21733.0,21555.0,21612.0,199395.0
1658173500000,21608.4,21640.0,21400.0,21620.3,439920.0
1658174400000,21620.4,21642.5,21512.0,21577.9,127927.0
1658175300000,21577.2,21666.0,21545.0,21609.1,98208.0
1658176200000,21609.1,21674.3,21439.7,21514.4,203718.0
1658177100000,21514.3,21578.7,21476.8,21497.5,114582.0
1658178000000,21498.1,21638.7,21450.7,21602.2,111381.0
1658178900000,21601.3,21741.4,21585.0,21691.6,97501.0
1658179800000,21691.7,21757.7,21633.1,21739.5,89754.0
1658180700000,21738.2,21743.4,21638.8,21663.4,59081.0
1658181600000,21663.5,21800.0,21585.1,21785.6,163541.0
1658182500000,21785.5,21797.0,21580.3,21598.3,223450.0
1658183400000,21599.5,21734.5,21563.6,21717.6,158305.0
1658184300000,21717.6,21859.8,21696.8,21795.0,193440.0
1658185200000,21794.9,22184.8,21772.2,22107.9,530493.0
1658186100000,22108.0,22285.2,22100.0,22169.0,300605.0
1658187000000,22164.7,22328.7,22135.6,22323.9,216989.0
1658187900000,22325.2,22685.0,22271.8,22437.3,572107.0
1658188800000,22437.4,22971.6,22230.0,22834.9,1257241.0
1658189700000,22834.9,22914.4,22508.0,22590.8,677662.0
1658190600000,22589.5,22674.7,22166.7,22281.3,852822.0
1658191500000,22281.3,22458.3,22263.1,22347.8,305986.0
1658192400000,22347.9,22397.5,22100.0,22207.1,302899.0
1658193300000,22204.8,22334.7,22135.3,22300.2,303743.0
1658194200000,22300.3,22329.9,22087.1,22126.1,203212.0
1658195100000,22125.7,22197.7,22026.8,22060.5,281976.0
1658196000000,22060.4,22099.3,21935.5,21986.7,297147.0
1658196900000,21987.2,22177.8,21969.8,22162.5,207877.0
1658197800000,22162.4,22166.4,22092.3,22109.1,125636.0
1658198700000,22109.0,22141.8,22030.9,22104.8,76913.0
1658199600000,22105.4,22189.6,22032.0,22178.9,115944.0
1658200500000,22180.3,22278.2,22138.7,22212.7,227477.0
1658201400000,22212.7,22253.1,22067.5,22072.9,150907.0
1658202300000,22072.8,22100.0,21810.7,21900.2,383421.0
1658203200000,21904.4,21918.6,21705.7,21788.2,423177.0
1658204100000,21789.6,21937.0,21760.0,21900.5,174694.0
1658205000000,21900.4,21955.5,21828.4,21918.8,122452.0
1658205900000,21918.9,21940.2,21852.8,21894.9,75689.0
1658206800000,21895.0,21992.7,21830.0,21983.7,118224.0
1658207700000,21983.7,22118.0,21965.7,22014.4,285974.0
1658208600000,22014.3,22113.3,21994.4,22092.0,127910.0
1658209500000,22093.6,22100.0,21984.0,21996.3,112492.0
1658210400000,21996.3,22038.2,21879.9,21924.9,174850.0
1658211300000,21925.0,22126.9,21921.5,22087.4,142554.0
1658212200000,22085.2,22129.7,21774.0,21796.0,367441.0
1658213100000,21796.0,21863.3,21582.6,21764.3,831320.0
1658214000000,21764.4,21873.7,21738.0,21844.0,192472.0
1658214900000,21846.6,21878.9,21762.5,21771.3,121946.0
1658215800000,21770.8,21843.4,21693.1,21696.7,201441.0
1658216700000,21696.7,21809.5,21692.0,21766.6,89203.0
1658217600000,21766.6,21850.0,21696.8,21836.7,180441.0
1658218500000,21836.8,21885.4,21795.3,21802.5,185872.0
1658219400000,21802.5,21896.9,21797.9,21868.5,167768.0
1658220300000,21867.3,21938.0,21818.0,21927.8,166750.0
1658221200000,21927.8,21947.1,21841.0,21845.7,106911.0
1658222100000,21848.3,21967.8,21811.2,21922.2,133622.0
1658223000000,21921.6,21980.0,21888.1,21906.4,101229.0
1658223900000,21906.4,21950.0,21846.5,21905.8,96119.0
1658224800000,21905.8,21942.2,21883.4,21935.1,77981.0
1658225700000,21935.0,21955.1,21813.7,21864.5,148513.0
1658226600000,21864.4,22064.6,21832.5,22051.1,244853.0
1658227500000,22051.1,22115.0,21943.9,22004.5,282039.0
1658228400000,22005.5,22093.9,21972.4,22082.8,96478.0
1658229300000,22082.1,22240.0,22048.4,22221.4,359741.0
1658230200000,22220.4,22229.5,21968.0,22013.0,233696.0
1658231100000,22006.1,22174.1,21912.0,21980.1,417263.0
1658232000000,21980.1,22146.1,21978.0,22000.0,229101.0
1658232900000,22000.0,22075.5,21974.9,22010.5,132497.0
1658233800000,22010.5,22140.9,21986.0,22093.4,183188.0
1658234700000,22093.4,22201.7,22070.7,22179.7,163334.0
1658235600000,22179.6,22211.4,22110.0,22124.3,139434.0
1658236500000,22124.2,22386.5,22066.0,22302.8,446339.0
1658237400000,22303.0,22436.3,22167.6,22203.0,432382.0
1658238300000,22203.1,22357.9,22038.7,22326.1,370493.0
1658239200000,22326.1,22329.0,22107.8,22194.0,287476.0
1658240100000,22194.0,22294.7,22101.7,22283.2,181448.0
1658241000000,22284.4,22343.0,22170.0,22340.9,193723.0
1658241900000,22340.9,22642.0,22303.6,22627.8,685464.0
1658242800000,22627.8,22869.2,22606.3,22763.2,934151.0
1658243700000,22758.8,22894.0,22466.4,22804.8,1080330.0
1658244600000,22804.9,23150.0,22687.4,22835.2,1643036.0
1658245500000,22835.2,23205.8,22777.0,23128.1,935911.0
1658246400000,23128.2,23293.1,23050.0,23070.0,935333.0
1658247300000,23070.1,23348.0,22955.6,23284.9,696626.0
1658248200000,23285.0,23448.9,23227.2,23272.5,678765.0
1658249100000,23273.3,23294.5,23161.7,23234.2,370069.0
1658250000000,23233.7,23249.0,23115.7,23175.7,207378.0
1658250900000,23175.9,23227.0,23071.0,23200.0,214708.0
1658251800000,23200.0,23350.9,23196.9,23302.0,365282.0
1658252700000,23302.0,23541.0,23263.7,23463.2,609538.0
1658253600000,23462.7,23486.5,23284.2,23294.2,281810.0
1658254500000,23292.1,23530.0,23251.0,23373.0,361641.0
1658255400000,23371.5,23516.4,23331.1,23346.1,275429.0
1658256300000,23345.2,23448.0,23290.0,23414.2,169362.0
1658257200000,23410.1,23697.0,23360.0,23685.1,423871.0
1658258100000,23686.1,23719.2,23505.0,23603.1,335108.0
1658259000000,23600.8,23609.3,23464.6,23580.6,185421.0
1658259900000,23580.5,23587.9,23349.9,23401.2,233821.0
1658260800000,23399.8,23441.9,23163.2,23280.8,420670.0
1658261700000,23280.7,23375.1,23236.1,23302.4,125269.0
1658262600000,23300.6,23345.8,23188.2,23235.0,94166.0
1658263500000,23235.1,23329.5,23193.3,23303.9,102539.0
1658264400000,23304.0,23363.3,23255.6,23312.5,64425.0
1658265300000,23312.5,23546.0,23312.5,23440.2,211383.0
1658266200000,23443.8,23713.9,23443.8,23593.9,140138.0
1658267100000,23594.0,23822.3,23524.8,23651.8,198217.0
1658268000000,23651.4,23661.3,23500.2,23534.0,139532.0
1658268900000,23534.1,23555.7,23391.2,23451.6,118167.0
1658269800000,23458.1,23526.0,23333.3,23417.7,102298.0
1658270700000,23416.9,23527.0,23372.4,23496.5,81452.0
1658271600000,23496.6,23633.3,23484.8,23589.5,152757.0
1658272500000,23589.6,23596.3,23307.0,23347.4,256726.0
1658273400000,23347.5,23391.9,23230.8,23296.8,248139.0
1658274300000,23297.1,23421.3,23295.7,23391.1,184571.0
1658275200000,23391.1,23440.0,23202.3,23224.1,300506.0
1658276100000,23222.0,23368.0,23205.3,23329.9,193456.0
1658277000000,23329.9,23354.1,22977.9,23033.3,445396.0
1658277900000,23036.8,23143.9,22933.0,23034.2,355452.0
1658278800000,23036.2,23113.5,22954.7,23106.2,261359.0
1658279700000,23106.3,23187.0,23078.0,23169.0,181852.0
1658280600000,23169.0,23290.0,23136.2,23254.1,197641.0
1658281500000,23253.2,23335.0,23211.8,23261.7,273405.0
1658282400000,23261.6,23360.0,23209.5,23320.1,148981.0
1658283300000,23316.7,23434.0,23246.9,23368.1,219845.0
1658284200000,23368.0,23500.8,23360.0,23410.4,236690.0
1658285100000,23418.0,23449.9,23339.1,23377.5,113558.0
1658286000000,23377.5,23442.1,23278.0,23298.6,192416.0
1658286900000,23298.6,23488.0,23286.0,23472.1,156161.0
1658287800000,23473.0,23529.0,23425.1,23478.1,190904.0
1658288700000,23476.5,23482.9,23380.5,23444.9,116471.0
1658289600000,23444.9,23498.8,23395.8,23477.0,93600.0
1658290500000,23477.1,23524.1,23330.0,23333.4,198424.0
1658291400000,23333.5,23395.7,23310.0,23356.7,112400.0
1658292300000,23357.7,23425.2,23315.7,23394.8,111365.0
1658293200000,23394.9,23436.2,23330.0,23338.5,114682.0
1658294100000,23338.6,23400.0,23311.0,23397.4,152475.0
1658295000000,23399.7,23532.7,23353.5,23487.3,188114.0
1658295900000,23488.1,23566.0,23461.3,23501.8,148109.0
1658296800000,23501.6,23617.0,23490.0,23534.9,192831.0
1658297700000,23534.8,23733.0,23533.9,23683.7,282117.0
1658298600000,23682.1,23745.0,23609.2,23665.4,203386.0
1658299500000,23665.4,23819.0,23636.7,23781.9,374363.0
1658300400000,23781.2,23866.2,23686.2,23692.1,377621.0
1658301300000,23692.0,23728.9,23628.3,23688.5,249126.0
1658302200000,23688.6,23715.3,23475.0,23484.9,331743.0
1658303100000,23485.0,23558.2,23364.2,23380.0,295752.0
1658304000000,23379.9,23466.6,23326.7,23461.9,316328.0
1658304900000,23464.9,23518.4,23412.3,23460.1,163649.0
1658305800000,23460.6,23479.6,23382.0,23459.8,143836.0
1658306700000,23462.0,23478.6,23310.1,23369.7,217660.0
1658307600000,23369.7,23483.8,23309.9,23460.1,189266.0
1658308500000,23460.2,23574.7,23449.1,23534.1,184995.0
1658309400000,23534.1,23580.5,23505.6,23544.9,100970.0
1658310300000,23544.9,23572.7,23488.7,23522.7,92460.0
1658311200000,23525.3,23665.5,23500.0,23603.5,214746.0
1658312100000,23599.9,23898.0,23573.0,23717.9,579611.0
1658313000000,23718.0,23777.7,23588.4,23666.0,331676.0
1658313900000,23665.1,23737.9,23550.0,23710.6,291084.0
1658314800000,23710.5,23840.0,23660.4,23693.7,289181.0
1658315700000,23693.7,23718.8,23613.2,23630.4,176973.0
1658316600000,23628.3,23710.1,23580.0,23612.8,120153.0
1658317500000,23612.7,23766.8,23585.6,23731.8,177188.0
1658318400000,23729.5,23827.9,23701.0,23773.4,255701.0
1658319300000,23773.4,23946.9,23700.0,23704.4,484596.0
1658320200000,23704.4,23812.7,23568.0,23636.4,339030.0
1658321100000,23636.4,23870.5,23634.6,23806.6,343133.0
1658322000000,23806.5,23866.7,23781.7,23820.5,133011.0
1658322900000,23820.4,23979.3,23814.5,23877.6,244110.0
1658323800000,23879.7,24087.8,23751.7,23920.1,879963.0
1658324700000,23918.7,23999.1,23767.1,23780.5,344878.0
1658325600000,23781.2,23867.1,23676.0,23840.6,357716.0
1658326500000,23840.6,23993.9,23814.0,23993.8,196737.0
1658327400000,23993.8,24048.9,23915.6,23992.3,330819.0
1658328300000,23991.7,24196.4,23972.5,24187.8,574212.0
1658329200000,24188.0,24198.0,24085.0,24125.8,296202.0
1658330100000,24125.0,24260.0,24037.6,24189.4,372358.0
1658331000000,24189.5,24278.0,24099.0,24161.1,291031.0
1658331900000,24160.6,24200.0,24096.0,24166.2,159653.0
1658332800000,24166.4,24201.7,24050.0,24056.0,205902.0
1658333700000,24056.0,24103.5,23788.6,23854.5,528457.0
1658334600000,23854.4,23915.1,23550.0,23629.9,704653.0
1658335500000,23630.0,23789.0,23590.7,23694.6,393213.0
1658336400000,23693.3,23743.6,23424.0,23511.3,515914.0
1658337300000,23511.2,23650.0,23493.1,23636.0,203908.0
1658338200000,23635.9,23728.4,23616.0,23628.2,208399.0
1658339100000,23627.7,23665.5,23506.8,23521.1,139971.0
1658340000000,23521.1,23666.9,23520.0,23660.0,143806.0
1658340900000,23659.3,23868.4,23649.3,23788.7,452740.0
1658341800000,23792.7,23850.0,23665.7,23744.6,135770.0
1658342700000,23742.4,23816.2,23675.2,23767.7,104764.0
1658343600000,23767.7,23951.0,23746.8,23798.9,207851.0
1658344500000,23798.8,23803.6,23681.8,23727.0,141771.0
1658345400000,23727.3,23732.8,23598.6,23623.2,145353.0
1658346300000,23623.1,23681.9,23570.0,23659.0,112117.0
1658347200000,23660.3,23760.0,23082.0,23086.4,912797.0
1658348100000,23089.9,23274.7,22913.8,23033.2,751865.0
1658349000000,23033.3,23205.3,22978.9,23188.2,298280.0
1658349900000,23188.2,23372.5,23120.0,23259.9,296193.0
1658350800000,23264.2,23408.6,23242.4,23383.0,124048.0
1658351700000,23382.7,23425.1,23286.4,23344.1,113363.0
1658352600000,23344.1,23724.2,23272.8,23669.4,159697.0
1658353500000,23669.8,23802.1,23572.3,23613.5,248575.0
1658354400000,23613.6,23641.0,23484.6,23493.7,120025.0
1658355300000,23494.9,23585.1,23460.0,23539.1,69229.0
1658356200000,23539.2,23578.6,23360.6,23435.8,148926.0
1658357100000,23436.9,23436.9,23305.1,23309.9,124700.0
1658358000000,23310.0,23336.2,23191.4,23235.3,193651.0
1658358900000,23235.4,23276.7,23121.0,23230.8,151681.0
1658359800000,23227.6,23397.5,23220.8,23372.8,179298.0
1658360700000,23372.9,23407.1,23183.5,23228.8,185287.0
1658361600000,23229.3,23349.2,23203.3,23322.5,127683.0
1658362500000,23322.6,23388.0,23270.4,23280.0,100510.0
1658363400000,23280.1,23288.2,23133.4,23161.4,159211.0
1658364300000,23161.5,23267.9,23128.1,23254.0,107136.0
1658365200000,23252.0,23438.7,23233.9,23390.1,209926.0
1658366100000,23389.9,23416.7,23266.0,23272.5,107958.0
1658367000000,23272.5,23373.8,23262.0,23307.3,106675.0
1658367900000,23307.3,23329.9,23170.1,23241.6,138304.0
1658368800000,23241.6,23322.5,23220.4,23308.3,85295.0
1658369700000,23308.3,23339.0,23065.0,23094.5,256607.0
1658370600000,23094.5,23160.3,23005.0,23009.0,274183.0
1658371500000,23008.2,23048.8,22700.0,22703.5,901037.0
1658372400000,22703.4,22842.4,22670.0,22808.4,414941.0
1658373300000,22808.4,22869.8,22740.8,22752.1,181862.0
1658374200000,22750.6,22863.3,22720.0,22805.4,145826.0
1658375100000,22805.4,22853.4,22755.0,22781.0,120523.0
1658376000000,22781.0,22859.0,22623.4,22758.6,428725.0
1658376900000,22759.9,22800.0,22709.6,22737.5,151462.0
1658377800000,22737.4,22888.6,22722.4,22859.4,227208.0
1658378700000,22859.3,22935.0,22856.3,22885.5,160040.0
1658379600000,22885.6,22937.8,22870.5,22905.9,79363.0
1658380500000,22906.0,22967.1,22881.9,22885.9,80995.0
1658381400000,22885.9,22988.0,22818.0,22916.0,204127.0
1658382300000,22915.9,22970.0,22870.1,22937.7,156329.0
1658383200000,22941.9,22960.0,22903.4,22950.8,82924.0
1658384100000,22950.8,22952.8,22875.8,22882.4,102457.0
1658385000000,22882.3,22890.1,22808.0,22859.1,128322.0
1658385900000,22859.1,22860.6,22760.3,22791.1,154493.0
1658386800000,22791.0,22942.2,22776.1,22909.4,150481.0
1658387700000,22909.4,23094.0,22867.8,22992.1,393654.0
1658388600000,22992.1,23036.3,22928.3,22987.0,112310.0
1658389500000,22987.0,22996.0,22919.2,22932.3,72636.0
1658390400000,22931.9,22968.4,22873.1,22884.1,147913.0
1658391300000,22884.0,22935.8,22822.0,22838.4,135362.0
1658392200000,22838.4,22916.2,22829.4,22833.4,134448.0
1658393100000,22836.6,22896.6,22803.9,22880.7,96425.0
1658394000000,22880.6,22972.0,22856.8,22949.7,124648.0
1658394900000,22949.7,23010.0,22919.5,22953.5,157613.0
1658395800000,22953.5,23025.1,22930.0,22955.9,94253.0
1658396700000,22956.0,23007.1,22931.8,23007.1,78467.0
1658397600000,23007.2,23079.6,22988.1,23051.2,124968.0
1658398500000,23049.5,23069.9,22962.9,22970.0,86251.0
1658399400000,22971.0,23001.9,22931.7,22951.2,84622.0
1658400300000,22951.2,22980.2,22842.7,22871.0,158577.0
1658401200000,22869.4,22912.0,22666.0,22700.2,329105.0
1658402100000,22700.1,22789.0,22450.2,22570.0,576632.0
1658403000000,22570.1,22656.0,22542.3,22615.0,267215.0
1658403900000,22615.0,22671.2,22590.5,22613.8,141336.0
1658404800000,22613.9,22707.0,22562.2,22669.7,197010.0
1658405700000,22669.6,22785.1,22596.8,22743.7,294256.0
1658406600000,22738.8,22849.0,22720.1,22838.8,196205.0
1658407500000,22838.8,22838.8,22717.0,22802.5,165436.0
1658408400000,22802.6,22809.7,22666.0,22677.0,198812.0
1658409300000,22676.9,22730.0,22619.0,22704.9,162320.0
1658410200000,22703.4,22809.3,22568.3,22640.1,327098.0
1658411100000,22640.1,22750.0,22620.0,22709.1,184308.0
1658412000000,22709.2,22764.0,22475.0,22526.5,349181.0
1658412900000,22526.4,22649.1,22387.5,22461.4,385557.0
1658413800000,22461.8,22518.7,22345.0,22498.8,429904.0
1658414700000,22499.0,22575.1,22460.0,22561.7,195344.0
1658415600000,22561.6,22635.0,22525.0,22575.1,194939.0
1658416500000,22575.4,22620.0,22536.1,22594.6,142811.0
1658417400000,22594.7,22677.7,22570.0,22619.4,151582.0
1658418300000,22619.4,22668.5,22602.1,22642.0,111741.0
1658419200000,22640.1,22973.3,22632.0,22906.5,532073.0
1658420100000,22909.7,23096.6,22907.1,23072.2,438115.0
1658421000000,23067.8,23199.0,22941.5,22964.0,476129.0
1658421900000,22963.9,23075.5,22935.5,23031.2,183405.0
1658422800000,23031.3,23220.0,22989.1,23003.0,290183.0
1658423700000,23003.1,23103.2,22913.0,22929.6,226268.0
1658424600000,22930.7,22970.9,22820.0,22907.8,241916.0
1658425500000,22908.9,22918.5,22774.0,22857.5,149767.0
1658426400000,22855.1,23012.0,22832.6,22921.3,144663.0
1658427300000,22921.4,22966.5,22864.6,22922.1,85456.0
1658428200000,22922.1,22955.9,22821.5,22833.9,81982.0
1658429100000,22836.6,22942.5,22835.0,22928.8,58720.0
1658430000000,22932.6,23167.8,22917.2,23162.7,206809.0
1658430900000,23161.8,23175.2,23020.4,23059.5,105787.0
1658431800000,23059.5,23097.4,22955.7,23034.4,103462.0
1658432700000,23035.0,23205.1,23024.0,23194.8,162894.0
1658433600000,23195.9,23307.6,23154.1,23190.4,270280.0
1658434500000,23190.3,23217.6,23090.0,23129.4,144510.0
1658435400000,23132.1,23286.0,23094.8,23259.2,99152.0
1658436300000,23257.6,23283.4,23101.6,23120.0,145346.0
1658437200000,23121.4,23145.0,23080.0,23091.9,75836.0
1658438100000,23092.0,23197.9,23091.9,23197.2,69013.0
1658439000000,23195.2,23215.8,23084.5,23161.0,45478.0
1658439900000,23155.9,23249.6,23141.3,23210.0,52562.0
1658440800000,23210.0,23226.7,23001.0,23055.5,166444.0
1658441700000,23055.5,23097.6,22935.0,23007.3,190986.0
1658442600000,23006.8,23042.7,22970.4,22994.5,92862.0
1658443500000,22994.5,23049.1,22959.2,23014.2,57490.0
1658444400000,23014.2,23142.3,22999.9,23085.0,93850.0
1658445300000,23084.4,23209.6,23081.5,23182.5,108113.0
1658446200000,23182.5,23227.8,23095.2,23126.7,116486.0
1658447100000,23126.6,23203.9,23088.0,23147.1,100312.0
1658448000000,23147.0,23190.2,23090.0,23187.2,137502.0
1658448900000,23185.6,23255.0,23157.9,23229.9,128660.0
1658449800000,23226.9,23360.1,23223.9,23284.8,197487.0
1658450700000,23284.9,23339.9,23215.8,23270.0,103662.0
1658451600000,23269.9,23312.5,23208.1,23225.3,151518.0
1658452500000,23225.2,23226.3,23160.1,23207.4,86751.0
1658453400000,23207.4,23231.3,23105.0,23127.3,113086.0
1658454300000,23127.3,23135.0,23062.5,23104.9,103919.0
1658455200000,23105.0,23139.2,23000.0,23010.4,146031.0
1658456100000,23008.1,23073.4,23006.8,23041.8,91390.0
1658457000000,23042.1,23095.0,23038.0,23060.9,57329.0
1658457900000,23061.0,23089.5,22960.4,22992.1,119619.0
1658458800000,22992.2,23043.6,22978.5,23030.1,63596.0
1658459700000,23030.1,23049.2,22869.2,22900.0,224314.0
1658460600000,22900.1,22954.0,22866.0,22935.0,101539.0
1658461500000,22935.0,22956.8,22888.0,22916.6,80959.0
1658462400000,22916.7,22956.0,22880.2,22890.1,69754.0
1658463300000,22890.0,22953.5,22886.1,22900.0,68742.0
1658464200000,22900.0,22921.1,22810.0,22915.0,122529.0
1658465100000,22915.0,22994.9,22914.9,22974.4,133895.0
1658466000000,22974.5,23005.7,22888.5,22954.5,116953.0
1658466900000,22954.4,23087.8,22940.2,23048.3,231954.0
1658467800000,23048.3,23142.8,23032.4,23091.1,145632.0
1658468700000,23091.1,23172.4,23045.0,23146.7,131693.0
1658469600000,23148.3,23188.4,23130.0,23139.4,117974.0
1658470500000,23139.4,23161.1,23085.5,23106.1,101007.0
1658471400000,23106.1,23222.0,23100.1,23163.2,155940.0
1658472300000,23163.1,23197.3,23121.5,23167.4,83025.0
1658473200000,23167.5,23188.1,23119.9,23168.3,104348.0
1658474100000,23169.1,23300.7,23100.2,23263.3,270315.0
1658475000000,23263.3,23322.0,23058.4,23084.9,270117.0
1658475900000,23085.0,23148.0,23020.1,23113.3,169089.0
1658476800000,23118.2,23220.0,23071.3,23197.4,150876.0
1658477700000,23197.4,23290.9,23149.9,23278.3,172893.0
1658478600000,23278.3,23307.2,23177.6,23202.9,286699.0
1658479500000,23203.0,23322.0,23170.0,23301.6,220353.0
1658480400000,23301.6,23487.5,23263.6,23433.4,689678.0
1658481300000,23433.5,23496.9,23414.7,23495.2,220064.0
1658482200000,23494.7,23496.5,23400.2,23430.8,122352.0
1658483100000,23430.7,23522.0,23419.7,23451.1,158973.0
1658484000000,23451.1,23483.4,23422.6,23480.2,124210.0
1658484900000,23480.3,23520.0,23413.3,23460.0,112760.0
1658485800000,23460.0,23578.0,23452.2,23534.5,177627.0
1658486700000,23533.6,23556.5,23428.0,23437.0,148291.0
1658487600000,23437.0,23465.0,23407.1,23446.8,134623.0
1658488500000,23446.9,23530.0,23422.0,23513.0,129414.0
1658489400000,23513.1,23567.5,23478.9,23554.6,101737.0
1658490300000,23554.6,23637.1,23497.7,23608.5,228657.0
1658491200000,23608.4,23647.0,23571.9,23599.5,130974.0
1658492100000,23599.5,23685.2,23592.1,23636.3,191220.0
1658493000000,23637.8,23698.0,23620.0,23665.9,93499.0
1658493900000,23667.8,23675.0,23558.5,23583.6,181303.0
1658494800000,23583.5,23668.1,23573.9,23648.4,123376.0
1658495700000,23648.4,23694.0,23485.9,23554.0,236119.0
1658496600000,23554.1,23598.4,23420.4,23565.2,420659.0
1658497500000,23565.3,23761.0,23440.0,23460.3,675685.0
1658498400000,23457.6,23516.0,23333.0,23495.3,642966.0
1658499300000,23495.2,23537.6,23428.9,23490.0,267884.0
1658500200000,23490.0,23554.6,23450.5,23502.9,163137.0
1658501100000,23501.9,23679.2,23501.9,23665.5,255288.0
1658502000000,23662.6,23666.6,23512.6,23599.3,170519.0
1658502900000,23599.3,23599.3,23366.1,23385.7,279934.0
1658503800000,23385.6,23388.0,23230.4,23260.8,449629.0
1658504700000,23260.8,23323.9,23235.6,23290.3,178512.0
1658505600000,23291.7,23345.0,23160.8,23191.3,297115.0
1658506500000,23191.3,23195.0,23077.0,23168.9,327506.0
1658507400000,23170.0,23223.0,23055.9,23117.9,191350.0
1658508300000,23113.7,23159.5,23064.2,23109.1,103602.0
1658509200000,23109.1,23198.0,23076.3,23097.3,174160.0
1658510100000,23098.2,23110.8,22959.2,23020.0,242708.0
1658511000000,23019.9,23027.1,22889.1,22969.8,253755.0
1658511900000,22969.8,23028.1,22913.5,23018.3,183825.0
1658512800000,23016.3,23021.9,22922.0,22965.5,94990.0
1658513700000,22967.9,23035.5,22966.7,23010.9,91852.0
1658514600000,23010.9,23057.0,22969.1,22994.6,98721.0
1658515500000,22994.5,23063.6,22987.5,23028.4,66305.0
1658516400000,23028.3,23116.0,23010.1,23102.5,144465.0
1658517300000,23103.4,23135.0,23085.1,23119.1,86212.0
1658518200000,23119.1,23123.7,22624.0,22667.8,820085.0
1658519100000,22667.8,22726.0,22551.8,22590.6,377168.0
1658520000000,22590.6,22691.7,22566.6,22677.1,150903.0
1658520900000,22678.0,22720.1,22633.8,22690.5,95005.0
1658521800000,22690.5,22736.8,22510.0,22562.2,151488.0
1658522700000,22562.1,22612.4,22504.0,22605.0,111491.0
1658523600000,22603.5,22738.0,22572.9,22700.0,101795.0
1658524500000,22700.0,22714.0,22674.9,22711.5,52389.0
1658525400000,22712.6,22783.6,22690.0,22737.9,39658.0
1658526300000,22737.9,22759.1,22705.5,22733.0,25602.0
1658527200000,22733.0,22778.0,22635.3,22702.9,69888.0
1658528100000,22703.0,22724.8,22654.1,22655.5,31109.0
1658529000000,22653.8,22718.4,22653.7,22681.4,22378.0
1658529900000,22681.0,22747.0,22675.0,22722.3,28704.0
1658530800000,22725.6,22757.8,22658.3,22692.0,49068.0
1658531700000,22691.0,22729.8,22666.1,22716.5,32778.0
1658532600000,22716.5,22769.5,22682.0,22682.0,58133.0
1658533500000,22682.0,22721.4,22667.9,22685.3,49830.0
1658534400000,22685.3,22737.8,22550.0,22713.2,153736.0
1658535300000,22713.3,22748.5,22682.0,22744.4,64709.0
1658536200000,22744.5,22819.9,22731.3,22743.5,129082.0
1658537100000,22743.4,22775.5,22720.0,22768.7,39187.0
1658538000000,22767.6,22798.8,22741.0,22743.1,38651.0
1658538900000,22744.0,22816.0,22744.0,22806.5,73903.0
1658539800000,22806.4,22862.0,22771.7,22855.0,72056.0
1658540700000,22853.2,22854.4,22772.4,22786.8,71359.0
1658541600000,22787.0,22869.2,22780.0,22849.2,87169.0
1658542500000,22849.0,22886.5,22802.9,22881.0,73262.0
1658543400000,22881.1,22899.9,22853.8,22879.9,83705.0
1658544300000,22879.9,22879.9,22805.9,22830.6,48544.0
1658545200000,22830.5,22869.3,22809.0,22858.4,41900.0
1658546100000,22857.0,22865.9,22815.0,22863.1,37461.0
1658547000000,22863.0,22898.6,22838.1,22879.1,66601.0
1658547900000,22877.8,22892.4,22788.0,22803.8,57238.0
1658548800000,22807.2,22816.4,22732.7,22734.1,112754.0
1658549700000,22734.2,22768.6,22723.3,22752.4,55397.0
1658550600000,22752.4,22972.1,22749.2,22950.2,250841.0
1658551500000,22947.9,22986.0,22890.0,22901.2,177222.0
1658552400000,22898.3,22999.1,22866.4,22972.5,173650.0
1658553300000,22972.4,22992.5,22925.7,22934.1,50992.0
1658554200000,22934.1,22936.4,22872.0,22877.1,67523.0
1658555100000,22878.6,22950.4,22840.0,22904.9,106268.0
1658556000000,22902.5,22922.0,22875.5,22892.2,31299.0
1658556900000,22892.2,22897.0,22858.1,22869.6,40006.0
1658557800000,22869.5,22909.8,22811.5,22858.1,58417.0
1658558700000,22859.6,22934.7,22815.0,22827.0,80175.0
1658559600000,22827.0,22843.5,22671.1,22750.3,197354.0
1658560500000,22750.4,22850.0,22688.1,22796.4,286387.0
1658561400000,22796.9,22807.6,22750.0,22752.1,58959.0
1658562300000,22752.1,22782.2,22708.5,22767.7,75108.0
1658563200000,22767.8,22860.1,22766.0,22850.1,104809.0
1658564100000,22850.0,22877.0,22759.6,22854.8,101708.0
1658565000000,22854.8,22876.0,22829.0,22849.2,56449.0
1658565900000,22849.2,22855.7,22585.0,22613.3,339477.0
1658566800000,22613.3,22660.3,22520.0,22660.3,394319.0
1658567700000,22661.3,22699.5,22570.1,22671.0,173935.0
1658568600000,22671.0,22699.9,22625.0,22693.3,92611.0
1658569500000,22694.3,22704.3,22624.1,22666.9,67259.0
1658570400000,22666.9,22707.3,22633.8,22698.0,59604.0
1658571300000,22698.1,22715.9,22659.6,22678.8,43321.0
1658572200000,22676.7,22682.6,22400.0,22467.1,399591.0
1658573100000,22467.1,22561.7,22414.4,22519.7,228271.0
1658574000000,22521.7,22545.3,22373.3,22418.3,192483.0
1658574900000,22418.4,22505.5,22361.0,22497.7,171658.0
1658575800000,22497.6,22502.9,22241.0,22260.1,313409.0
1658576700000,22260.0,22306.0,22213.9,22232.5,332675.0
1658577600000,22232.6,22287.0,22101.2,22273.6,447573.0
1658578500000,22273.6,22312.3,22231.9,22289.8,152025.0
1658579400000,22289.8,22366.4,22268.5,22300.0,122725.0
1658580300000,22300.1,22340.5,22258.3,22290.6,104961.0
1658581200000,22290.6,22339.8,22275.0,22337.8,50142.0
1658582100000,22338.3,22364.9,22294.0,22314.9,90061.0
1658583000000,22315.0,22344.1,22290.0,22317.1,47989.0
1658583900000,22317.0,22390.0,22312.9,22341.8,80288.0
1658584800000,22342.0,22348.7,22290.0,22302.8,63037.0
1658585700000,22307.4,22366.0,22231.3,22245.7,120900.0
1658586600000,22245.7,22289.2,22223.0,22263.9,120089.0
1658587500000,22263.5,22269.5,22050.0,22156.0,299164.0
1658588400000,22154.9,22316.4,22145.5,22285.3,210800.0
1658589300000,22287.0,22300.0,22138.0,22174.6,129974.0
1658590200000,22174.6,22245.7,22119.0,22181.2,100027.0
1658591100000,22181.2,22228.0,22133.9,22221.0,92241.0
1658592000000,22221.0,22270.0,22188.2,22260.1,89838.0
1658592900000,22260.0,22292.6,22247.4,22271.5,99350.0
1658593800000,22271.6,22292.7,22176.8,22266.3,109728.0
1658594700000,22264.2,22275.1,22177.1,22188.4,66717.0
1658595600000,22188.3,22254.3,22089.0,22102.4,179974.0
1658596500000,22102.4,22175.0,22020.2,22143.2,237824.0
1658597400000,22144.9,22146.0,22025.0,22030.0,129887.0
1658598300000,22029.9,22072.3,21941.7,22036.0,298006.0
1658599200000,22036.1,22158.9,21930.0,22158.4,273201.0
1658600100000,22158.4,22239.3,22141.5,22231.2,154177.0
1658601000000,22230.1,22232.1,22152.1,22186.5,54471.0
1658601900000,22186.5,22189.2,22059.6,22078.0,138950.0
1658602800000,22078.0,22196.7,22039.1,22088.5,179374.0
1658603700000,22088.5,22170.0,22052.2,22170.0,79062.0
1658604600000,22170.0,22263.4,22155.8,22234.0,92072.0
1658605500000,22237.2,22328.1,22231.3,22276.1,197388.0
1658606400000,22276.1,22375.9,22249.6,22322.2,154617.0
1658607300000,22322.1,22340.1,22263.9,22282.3,50120.0
1658608200000,22282.4,22319.9,22277.1,22296.2,29290.0
1658609100000,22296.1,22343.3,22273.1,22323.6,42507.0
1658610000000,22322.5,22352.3,22260.0,22292.4,77690.0
1658610900000,22292.4,22329.5,22268.9,22298.8,29109.0
1658611800000,22298.8,22299.0,22216.5,22260.1,24413.0
1658612700000,22260.2,22261.0,22228.5,22245.4,31165.0
1658613600000,22245.4,22306.7,22238.0,22265.1,36604.0
1658614500000,22265.1,22488.0,22262.1,22406.1,276145.0
1658615400000,22408.4,22530.0,22408.4,22435.2,135572.0
1658616300000,22435.2,22500.0,22426.3,22466.2,54368.0
1658617200000,22466.2,22545.0,22445.6,22507.9,95455.0
1658618100000,22507.9,22528.0,22454.6,22505.6,100239.0
1658619000000,22503.2,22558.7,22455.2,22458.5,102463.0
1658619900000,22458.4,22503.9,22426.3,22450.0,66575.0
1658620800000,22448.8,22666.0,22448.8,22620.6,311906.0
1658621700000,22620.7,22635.1,22552.0,22591.3,71989.0
1658622600000,22591.5,22618.0,22554.8,22554.8,68657.0
1658623500000,22554.8,22571.3,22541.1,22544.4,46858.0
1658624400000,22544.5,22584.9,22510.7,22522.4,60845.0
1658625300000,22522.3,22573.7,22519.1,22523.1,53022.0
1658626200000,22524.2,22543.7,22411.0,22424.8,128082.0
1658627100000,22424.8,22447.2,22367.5,22430.6,110725.0
1658628000000,22428.9,22436.5,22359.9,22390.1,116552.0
1658628900000,22390.1,22417.6,22342.1,22409.9,84511.0
1658629800000,22409.9,22459.6,22409.8,22420.5,61480.0
1658630700000,22420.6,22490.5,22381.2,22468.7,71159.0
1658631600000,22468.7,22475.3,22394.8,22402.0,58108.0
1658632500000,22401.9,22404.0,22317.4,22352.3,96695.0
1658633400000,22352.4,22375.8,22283.2,22344.2,76331.0
1658634300000,22344.1,22357.2,22319.5,22334.1,25653.0
1658635200000,22334.1,22386.8,22250.0,22327.4,103721.0
1658636100000,22329.4,22357.9,22320.0,22352.3,38592.0
1658637000000,22352.2,22407.5,22352.2,22393.2,54369.0
1658637900000,22393.2,22411.0,22362.8,22397.7,39450.0
1658638800000,22397.0,22580.1,22390.5,22571.7,169718.0
1658639700000,22572.2,22690.1,22557.6,22638.9,409884.0
1658640600000,22638.9,22781.3,22585.0,22765.7,303735.0
1658641500000,22766.5,22782.9,22724.8,22743.0,153436.0
1658642400000,22743.0,22764.2,22680.0,22703.3,111012.0
1658643300000,22700.0,22761.3,22666.0,22739.4,150599.0
1658644200000,22739.4,22743.9,22641.9,22653.9,98010.0
1658645100000,22653.9,22680.0,22630.2,22678.0,69677.0
1658646000000,22678.0,22840.5,22665.8,22739.7,242226.0
1658646900000,22739.5,22790.1,22713.5,22736.3,84937.0
1658647800000,22736.3,22762.4,22684.2,22759.8,113554.0
1658648700000,22759.8,22769.8,22689.1,22699.9,70525.0
1658649600000,22699.9,22738.0,22622.0,22667.5,103442.0
1658650500000,22667.5,22668.7,22580.8,22627.7,110133.0
1658651400000,22627.2,22648.6,22567.4,22635.5,137614.0
1658652300000,22635.5,22698.4,22610.1,22681.6,112691.0
1658653200000,22681.7,22702.9,22651.7,22666.0,77449.0
1658654100000,22666.1,22762.3,22665.9,22710.4,79744.0
1658655000000,22710.4,22739.8,22654.1,22675.1,68672.0
1658655900000,22675.1,22677.1,22600.0,22617.0,61965.0
1658656800000,22617.0,22636.4,22608.3,22622.2,41866.0
1658657700000,22622.3,22678.5,22591.3,22657.4,71427.0
1658658600000,22657.4,22672.5,22491.7,22497.9,199066.0
1658659500000,22497.9,22542.0,22471.2,22517.5,127648.0
1658660400000,22517.5,22800.0,22508.1,22783.6,273288.0
1658661300000,22783.6,22823.0,22714.9,22744.9,230794.0
1658662200000,22744.9,22764.1,22663.2,22710.0,87267.0
1658663100000,22710.1,22714.2,22641.4,22658.8,76827.0
1658664000000,22658.9,22745.0,22594.9,22740.0,151731.0
1658664900000,22740.0,22777.6,22700.0,22717.9,118317.0
1658665800000,22717.9,22726.9,22567.1,22582.0,120813.0
1658666700000,22581.8,22630.4,22435.8,22491.5,222255.0
1658667600000,22491.5,22550.0,22443.6,22543.0,136991.0
1658668500000,22543.0,22589.0,22483.5,22586.3,73227.0
1658669400000,22586.3,22594.0,22483.6,22519.1,85115.0
1658670300000,22516.1,22589.0,22502.7,22568.0,58296.0
1658671200000,22568.0,22671.6,22532.7,22595.9,171384.0
1658672100000,22598.2,22783.4,22593.6,22759.2,310581.0
1658673000000,22758.3,22796.0,22714.3,22736.9,146899.0
1658673900000,22737.0,22797.0,22686.0,22775.2,121871.0
1658674800000,22775.1,22975.8,22743.4,22860.2,267428.0
1658675700000,22860.2,22880.2,22796.6,22846.5,113906.0
1658676600000,22846.6,22846.6,22770.0,22824.5,90091.0
1658677500000,22824.4,22880.0,22821.2,22850.2,63919.0
1658678400000,22848.0,22878.3,22689.3,22711.7,236461.0
1658679300000,22711.7,22732.8,22630.0,22664.1,118994.0
1658680200000,22664.6,22731.5,22636.3,22721.4,86117.0
1658681100000,22721.3,22728.4,22675.0,22713.4,36339.0
1658682000000,22713.4,22820.0,22700.0,22786.4,120498.0
1658682900000,22786.4,22866.0,22786.4,22821.8,140614.0
1658683800000,22821.8,22821.8,22642.0,22795.6,150750.0
1658684700000,22795.5,22795.5,22735.0,22774.8,44165.0
1658685600000,22774.8,22789.9,22720.2,22752.7,40389.0
1658686500000,22750.9,22797.8,22731.4,22739.0,31921.0
1658687400000,22742.1,22753.8,22680.2,22708.3,54602.0
1658688300000,22708.7,22742.0,22692.1,22714.5,26175.0
1658689200000,22714.4,22792.1,22678.8,22751.5,54654.0
1658690100000,22751.6,22773.1,22662.7,22752.4,60428.0
1658691000000,22757.0,22800.0,22750.3,22771.8,54693.0
1658691900000,22769.7,22787.5,22683.9,22703.3,49465.0
1658692800000,22700.5,22734.4,22680.2,22683.1,42731.0
1658693700000,22683.1,22724.6,22671.5,22708.5,36165.0
1658694600000,22708.5,22804.4,22695.0,22800.6,59588.0
1658695500000,22800.6,22800.7,22718.0,22718.0,18846.0
1658696400000,22718.1,22786.0,22671.3,22740.9,46295.0
1658697300000,22740.3,22807.3,22720.4,22753.2,37995.0
1658698200000,22753.2,22829.9,22746.9,22788.0,30930.0
1658699100000,22788.0,22828.5,22780.5,22810.3,29559.0
1658700000000,22810.1,22891.6,22750.0,22853.8,131601.0
1658700900000,22853.7,22872.9,22810.9,22827.5,46474.0
1658701800000,22824.6,23010.0,22815.7,22992.5,229155.0
1658702700000,22993.0,23004.0,22555.7,22659.2,428090.0
1658703600000,22656.1,22698.5,22516.8,22690.9,164677.0
1658704500000,22693.8,22760.7,22624.3,22747.7,117896.0
1658705400000,22748.5,22760.7,22641.3,22658.8,89083.0
1658706300000,22658.9,22680.7,22560.3,22585.1,95943.0
1658707200000,22585.1,22632.7,22541.9,22623.4,102506.0
1658708100000,22623.4,22666.0,22346.5,22380.5,308109.0
1658709000000,22380.4,22433.7,22340.0,22370.1,171330.0
1658709900000,22370.2,22399.9,22266.2,22327.6,224161.0
1658710800000,22327.6,22327.6,22236.3,22300.3,107014.0
1658711700000,22300.4,22335.8,22222.0,22243.4,100526.0
1658712600000,22243.3,22282.0,22128.1,22211.1,258323.0
1658713500000,22211.2,22226.7,22120.0,22214.7,147368.0
1658714400000,22214.7,22214.8,22113.7,22209.9,110432.0
1658715300000,22207.5,22215.0,21987.2,22053.1,460841.0
1658716200000,22053.0,22056.9,21859.0,21962.7,422712.0
1658717100000,21962.8,22028.4,21909.1,21957.6,174227.0
1658718000000,21955.8,21961.6,21901.2,21939.1,96945.0
1658718900000,21939.0,21939.1,21802.1,21867.7,282377.0
1658719800000,21867.9,21908.0,21823.7,21834.5,94632.0
1658720700000,21834.5,21875.5,21771.4,21871.4,197321.0
1658721600000,21868.2,21880.0,21741.9,21822.0,269140.0
1658722500000,21822.1,21860.1,21795.3,21837.7,109613.0
1658723400000,21837.7,21847.3,21796.7,21811.9,70961.0
1658724300000,21811.8,21918.6,21800.3,21896.1,128114.0
1658725200000,21896.1,21939.0,21857.0,21909.6,120057.0
1658726100000,21909.6,21946.7,21803.0,21814.5,152486.0
1658727000000,21815.0,21905.0,21807.6,21904.8,82297.0
1658727900000,21901.9,21924.1,21870.3,21912.7,47852.0
1658728800000,21911.5,21928.6,21892.3,21928.6,76152.0
1658729700000,21928.5,21944.5,21866.9,21903.2,115399.0
1658730600000,21903.3,21921.9,21818.0,21827.1,95541.0
1658731500000,21829.1,21919.1,21822.6,21904.9,86092.0
1658732400000,21905.0,21990.0,21881.8,21990.0,94232.0
1658733300000,21989.9,21990.0,21893.6,21922.7,93478.0
1658734200000,21922.6,21970.3,21910.0,21954.0,43726.0
1658735100000,21952.0,21977.6,21948.1,21956.7,39989.0
1658736000000,21957.5,21987.1,21896.7,21906.0,80180.0
1658736900000,21905.9,21933.0,21875.3,21890.4,52355.0
1658737800000,21890.4,22039.3,21870.6,22018.0,169065.0
1658738700000,22017.5,22094.6,22000.0,22046.9,244638.0
1658739600000,22047.0,22110.0,22030.5,22050.7,126491.0
1658740500000,22050.7,22062.7,22002.0,22010.4,62032.0
1658741400000,22010.4,22070.2,22005.0,22042.0,82650.0
1658742300000,22041.0,22050.0,21983.5,22003.6,97262.0
1658743200000,22003.6,22014.9,21967.8,21982.8,79073.0
1658744100000,21982.8,22058.0,21973.5,22045.2,78248.0
1658745000000,22040.2,22055.6,21996.6,22052.5,44946.0
1658745900000,22052.4,22080.0,22040.1,22045.8,60095.0
1658746800000,22045.9,22100.0,21989.3,21992.5,131765.0
1658747700000,21992.5,22020.5,21932.3,21983.6,106805.0
1658748600000,21983.5,22015.9,21963.3,21997.4,47352.0
1658749500000,21996.3,22017.8,21920.0,21940.1,97737.0
1658750400000,21940.3,21946.2,21815.0,21888.8,223182.0
1658751300000,21886.9,21947.9,21866.1,21908.0,97791.0
1658752200000,21912.1,21948.0,21894.4,21910.8,60116.0
1658753100000,21911.7,21995.0,21879.3,21972.9,83601.0
1658754000000,21973.0,21999.0,21859.1,21882.7,123398.0
1658754900000,21882.6,21999.8,21832.3,21928.5,182409.0
1658755800000,21928.6,21980.0,21771.3,21905.7,358705.0
1658756700000,21904.8,21945.1,21844.6,21899.5,140480.0
1658757600000,21898.0,21931.6,21800.0,21803.4,148619.0
1658758500000,21803.4,21866.0,21681.8,21770.8,380217.0
1658759400000,21770.7,21858.6,21720.0,21849.9,173812.0
1658760300000,21849.9,21900.0,21811.6,21891.5,128071.0
1658761200000,21888.1,21930.0,21777.9,21781.7,158780.0
1658762100000,21781.7,21827.0,21750.0,21820.1,185911.0
1658763000000,21820.2,21900.0,21819.0,21896.1,102236.0
1658763900000,21896.0,21912.7,21860.3,21896.3,80342.0
1658764800000,21897.8,21982.5,21884.4,21926.5,180898.0
1658765700000,21928.0,21954.3,21866.0,21882.6,103672.0
1658766600000,21882.6,21927.4,21838.9,21925.9,78145.0
1658767500000,21925.8,21970.5,21919.4,21947.7,115832.0
1658768400000,21947.7,22015.8,21947.7,21971.9,70182.0
1658769300000,21971.9,21994.4,21937.7,21982.8,58670.0
1658770200000,21982.8,22008.4,21900.0,21929.4,70583.0
1658771100000,21929.3,21936.0,21843.1,21868.9,94685.0
1658772000000,21865.1,21889.7,21772.7,21864.4,138370.0
1658772900000,21864.3,21892.3,21828.0,21873.5,50179.0
1658773800000,21873.4,21940.0,21858.4,21897.0,76948.0
1658774700000,21897.0,21903.2,21810.1,21825.5,61172.0
1658775600000,21825.7,21828.2,21620.1,21659.2,382805.0
1658776500000,21659.3,21710.8,21630.7,21634.8,122125.0
1658777400000,21635.1,21697.0,21555.0,21679.0,282876.0
1658778300000,21679.1,21905.8,21663.5,21896.2,356428.0
1658779200000,21895.2,22188.2,21890.2,22168.1,556128.0
1658780100000,22168.1,22221.1,22057.6,22114.2,218001.0
1658781000000,22114.4,22268.0,22072.4,22242.5,243586.0
1658781900000,22242.5,22248.0,22076.6,22173.0,214824.0
1658782800000,22168.3,22186.6,22076.2,22155.4,137410.0
1658783700000,22155.4,22160.8,22080.5,22095.1,59315.0
1658784600000,22095.1,22131.0,22035.4,22052.4,63556.0
1658785500000,22052.5,22059.1,21979.0,22029.6,57130.0
1658786400000,22030.8,22030.8,21851.7,21866.1,196396.0
1658787300000,21866.1,21892.3,21600.0,21625.8,489664.0
1658788200000,21625.8,21699.0,21511.1,21681.1,412894.0
1658789100000,21681.1,21746.9,21614.3,21657.0,195254.0
1658790000000,21659.4,21688.0,21584.7,21660.4,110008.0
1658790900000,21660.4,21757.6,21635.0,21636.7,110089.0
1658791800000,21638.1,21668.5,21557.2,21616.0,108131.0
1658792700000,21613.6,21625.9,21250.0,21313.6,680374.0
1658793600000,21315.5,21349.8,21177.1,21223.3,339326.0
1658794500000,21223.4,21227.4,21077.0,21089.0,489727.0
1658795400000,21089.1,21129.9,20974.4,21059.3,393019.0
1658796300000,21059.2,21061.6,20965.9,20997.1,183715.0
1658797200000,20997.0,21121.0,20971.7,21059.0,201941.0
1658798100000,21059.0,21104.0,21026.7,21089.3,99804.0
1658799000000,21089.3,21098.9,21028.2,21090.1,107059.0
1658799900000,21090.1,21117.8,21068.0,21078.1,87310.0
1658800800000,21078.1,21129.9,21076.0,21106.5,69705.0
1658801700000,21106.6,21123.8,21032.4,21064.9,87162.0
1658802600000,21064.9,21100.7,21055.0,21067.1,48169.0
1658803500000,21067.0,21097.2,21052.2,21067.8,44561.0
1658804400000,21070.0,21084.7,20826.5,21037.2,357158.0
1658805300000,21037.2,21213.0,21030.0,21160.2,267700.0
1658806200000,21160.2,21230.0,21070.3,21084.9,253820.0
1658807100000,21084.9,21155.9,21055.0,21140.7,76289.0
1658808000000,21141.4,21160.4,21115.6,21142.8,84996.0
1658808900000,21142.8,21257.0,21100.0,21155.0,198924.0
1658809800000,21154.9,21186.4,21145.0,21152.6,54418.0
1658810700000,21153.6,21170.4,21110.4,21128.2,72363.0
1658811600000,21127.1,21133.5,21083.0,21094.6,63536.0
1658812500000,21094.5,21111.4,21062.4,21108.3,59265.0
1658813400000,21108.3,21174.3,21072.2,21142.2,94973.0
1658814300000,21143.6,21171.8,21109.3,21146.8,61131.0
1658815200000,21146.7,21160.2,21111.0,21114.9,64282.0
1658816100000,21114.0,21164.2,21105.2,21139.1,56180.0
1658817000000,21136.5,21140.7,21063.0,21095.1,69777.0
1658817900000,21095.1,21136.3,21065.3,21076.2,93188.0
1658818800000,21076.1,21129.3,21066.0,21114.1,72461.0
1658819700000,21114.0,21147.7,21013.2,21138.5,130149.0
1658820600000,21136.2,21142.0,21052.4,21058.9,52068.0
1658821500000,21058.9,21105.0,21034.0,21065.8,66066.0
1658822400000,21065.8,21093.0,21007.0,21023.5,100132.0
1658823300000,21023.5,21085.9,20984.1,21071.0,117818.0
1658824200000,21071.0,21118.6,21062.2,21091.4,79825.0
1658825100000,21091.5,21098.9,21055.1,21068.9,57493.0
1658826000000,21068.9,21109.5,21062.4,21086.1,53038.0
1658826900000,21086.1,21110.0,21077.8,21110.0,39821.0
1658827800000,21110.0,21144.6,21107.9,21137.3,62280.0
1658828700000,21137.3,21156.8,21118.2,21119.4,51388.0
1658829600000,21119.4,21153.0,21081.0,21088.6,56390.0
1658830500000,21088.6,21098.4,21055.6,21078.0,78594.0
1658831400000,21078.0,21112.6,21040.0,21079.3,81755.0
1658832300000,21078.3,21092.3,21055.8,21072.8,27806.0
1658833200000,21072.7,21101.0,21053.2,21081.7,45850.0
1658834100000,21083.9,21132.4,21078.8,21102.0,41084.0
1658835000000,21101.9,21123.5,21070.6,21072.6,31555.0
1658835900000,21072.7,21158.0,20935.2,21089.1,242622.0
1658836800000,21089.1,21193.3,21031.3,21158.8,209137.0
1658837700000,21157.1,21160.2,21076.4,21101.7,118466.0
1658838600000,21101.6,21140.6,21040.0,21050.6,110831.0
1658839500000,21050.5,21064.0,20961.1,21034.9,191803.0
1658840400000,21034.8,21055.4,20864.5,20896.6,243953.0
1658841300000,20896.6,20956.8,20777.6,20949.7,358967.0
1658842200000,20949.4,21012.9,20903.2,20977.2,159793.0
1658843100000,20975.1,20983.1,20880.8,20950.7,134221.0
1658844000000,20949.9,21039.0,20890.0,20933.5,150017.0
1658844900000,20933.4,20938.5,20860.0,20882.1,118357.0
1658845800000,20882.6,20920.0,20835.6,20901.6,138288.0
1658846700000,20901.6,20960.6,20896.1,20951.3,78570.0
1658847600000,20950.4,20964.1,20842.2,20888.1,123562.0
1658848500000,20888.1,20890.0,20750.0,20802.5,226092.0
1658849400000,20802.4,20836.2,20710.7,20815.9,185613.0
1658850300000,20815.9,20825.3,20726.9,20749.7,133452.0
1658851200000,20748.3,20820.0,20740.2,20808.6,126310.0
1658852100000,20808.8,20844.5,20790.9,20831.1,81361.0
1658853000000,20830.8,20895.0,20830.2,20886.9,99932.0
1658853900000,20886.9,20957.6,20874.4,20934.4,123713.0
1658854800000,20934.9,21084.1,20912.4,21005.6,257286.0
1658855700000,21004.2,21066.0,20924.5,21002.7,181329.0
1658856600000,21002.6,21024.0,20897.3,20940.1,98766.0
1658857500000,20942.0,20957.2,20910.4,20923.1,41204.0
1658858400000,20923.2,20999.8,20908.0,20941.4,87784.0
1658859300000,20941.5,20965.0,20907.3,20932.9,39623.0
1658860200000,20933.0,20935.2,20820.3,20840.9,110151.0
1658861100000,20836.0,20919.2,20827.7,20908.0,41650.0
1658862000000,20908.0,20947.9,20806.5,20910.5,89849.0
1658862900000,20913.5,20917.0,20868.5,20883.1,57685.0
1658863800000,20883.1,20924.1,20842.8,20878.1,85332.0
1658864700000,20877.8,20933.3,20872.3,20915.0,59846.0
1658865600000,20914.2,20994.9,20813.5,20924.8,233447.0
1658866500000,20926.0,20966.9,20860.6,20906.0,63996.0
1658867400000,20903.7,20926.4,20875.2,20904.6,38994.0
1658868300000,20904.6,20989.5,20891.1,20984.5,42526.0
1658869200000,20988.8,21115.0,20973.9,21111.4,120505.0
1658870100000,21111.5,21122.5,20925.6,20925.6,116422.0
1658871000000,20925.1,20961.2,20825.0,20929.9,98130.0
1658871900000,20927.9,20971.8,20887.0,20943.1,44497.0
1658872800000,20943.1,21066.9,20920.6,21059.4,89426.0
1658873700000,21059.3,21156.4,21028.9,21097.7,163443.0
1658874600000,21097.6,21158.0,21073.1,21116.2,97284.0
1658875500000,21118.6,21138.1,21064.5,21114.5,60896.0
1658876400000,21114.4,21166.0,21066.6,21154.8,89955.0
1658877300000,21157.5,21166.0,21084.2,21104.5,103320.0
1658878200000,21105.3,21215.0,21083.1,21159.4,156730.0
1658879100000,21159.5,21298.0,21140.8,21254.0,295376.0
1658880000000,21253.6,21283.9,21197.6,21255.1,139178.0
1658880900000,21255.0,21264.9,21190.2,21206.8,85266.0
1658881800000,21205.9,21205.9,21128.7,21176.3,102067.0
1658882700000,21179.2,21214.3,21140.0,21203.0,57847.0
1658883600000,21202.9,21235.2,21192.2,21200.3,55378.0
1658884500000,21200.3,21211.1,21140.1,21209.3,71165.0
1658885400000,21209.4,21229.7,21178.1,21211.9,59565.0
1658886300000,21210.5,21224.6,21154.5,21161.2,67890.0
1658887200000,21161.2,21175.8,21090.3,21124.9,106398.0
1658888100000,21124.8,21158.5,21100.9,21142.5,68774.0
1658889000000,21142.4,21171.3,21110.0,21151.5,62305.0
1658889900000,21151.4,21206.2,21146.1,21187.1,77966.0
1658890800000,21187.1,21201.8,21107.1,21157.0,58048.0
1658891700000,21156.9,21166.3,21102.0,21112.9,65659.0
1658892600000,21113.0,21123.8,21044.3,21052.9,133069.0
1658893500000,21052.9,21081.1,21050.0,21078.0,48406.0
1658894400000,21078.0,21113.4,21063.3,21113.2,70981.0
1658895300000,21113.1,21125.2,21086.2,21117.8,47904.0
1658896200000,21117.8,21139.6,21083.2,21114.7,84136.0
1658897100000,21114.6,21131.0,21088.0,21112.8,56235.0
1658898000000,21113.0,21178.6,21092.7,21165.5,98779.0
1658898900000,21165.0,21216.2,21161.6,21197.6,137872.0
1658899800000,21197.4,21244.2,21192.1,21230.0,104943.0
1658900700000,21230.1,21273.7,21208.8,21240.1,104625.0
1658901600000,21240.1,21263.4,21193.7,21206.1,75850.0
1658902500000,21206.0,21227.9,21191.2,21200.0,66464.0
1658903400000,21201.2,21213.7,21161.9,21204.0,81439.0
1658904300000,21202.5,21265.0,21184.6,21257.2,84317.0
1658905200000,21255.7,21450.3,21241.1,21368.4,453754.0
1658906100000,21368.5,21448.1,21346.3,21365.4,122431.0
1658907000000,21365.4,21383.0,21346.0,21353.7,99614.0
1658907900000,21353.8,21385.0,21313.9,21344.7,102371.0
1658908800000,21344.7,21419.9,21342.7,21370.6,74693.0
1658909700000,21370.7,21420.0,21360.0,21390.0,107051.0
1658910600000,21390.0,21434.7,21361.9,21374.1,69100.0
1658911500000,21374.1,21377.1,21334.1,21352.4,59250.0
1658912400000,21352.4,21361.8,21279.9,21299.7,99932.0
1658913300000,21300.0,21338.0,21291.0,21312.6,76603.0
1658914200000,21312.6,21335.3,21301.6,21319.1,70881.0
1658915100000,21319.0,21324.0,21264.0,21295.9,64855.0
1658916000000,21295.9,21314.5,21282.6,21282.8,46003.0
1658916900000,21282.8,21333.3,21255.0,21324.5,66780.0
1658917800000,21324.4,21336.0,21284.2,21315.1,39168.0
1658918700000,21315.1,21315.6,21264.8,21287.4,47908.0
1658919600000,21287.4,21288.7,21255.4,21276.9,65209.0
1658920500000,21276.8,21308.0,21267.9,21307.9,45751.0
1658921400000,21307.9,21325.8,21303.2,21312.1,45321.0
1658922300000,21312.1,21371.0,21128.7,21206.4,284139.0
1658923200000,21206.5,21315.0,21162.2,21269.0,183061.0
1658924100000,21269.1,21280.6,21243.0,21271.0,59944.0
1658925000000,21271.0,21404.6,21253.6,21383.1,155156.0
1658925900000,21383.2,21420.0,21346.7,21372.3,126367.0
1658926800000,21370.6,21375.0,21325.8,21344.8,70911.0
1658927700000,21344.9,21363.2,21279.1,21306.4,103717.0
1658928600000,21306.5,21416.8,21288.0,21388.4,201600.0
1658929500000,21388.2,21484.0,21356.3,21461.0,199062.0
1658930400000,21461.0,21472.0,21408.2,21436.3,148138.0
1658931300000,21436.4,21466.9,21403.2,21452.2,81817.0
1658932200000,21452.2,21458.0,21395.9,21408.7,63910.0
1658933100000,21408.7,21490.0,21407.2,21459.8,59427.0
1658934000000,21458.5,21505.9,21430.0,21483.1,99114.0
1658934900000,21485.9,21498.9,21426.2,21453.5,75642.0
1658935800000,21453.5,21485.0,21432.1,21470.6,46773.0
1658936700000,21470.6,21545.1,21468.6,21530.0,168248.0
1658937600000,21526.9,21595.0,21492.3,21586.3,123602.0
1658938500000,21586.4,21712.0,21567.2,21677.7,279902.0
1658939400000,21677.8,21712.0,21632.0,21643.8,123204.0
1658940300000,21643.9,21666.1,21457.7,21526.3,241971.0
1658941200000,21526.3,21527.5,21453.0,21500.6,137726.0
1658942100000,21500.6,21682.9,21498.0,21682.9,167393.0
1658943000000,21683.0,21739.0,21625.0,21705.9,157243.0
1658943900000,21706.0,21720.4,21596.6,21625.8,144652.0
1658944800000,21625.8,22224.4,21625.7,21952.6,1818848.0
1658945700000,21953.1,22129.1,21931.0,22089.4,230416.0
1658946600000,22089.5,22550.1,21952.3,22464.6,1242171.0
1658947500000,22463.8,22715.0,22383.1,22555.4,757060.0
1658948400000,22555.5,22808.9,22555.5,22773.4,472508.0
1658949300000,22773.5,23115.8,22739.8,22907.4,804761.0
1658950200000,22907.4,22910.9,22748.2,22807.5,273355.0
1658951100000,22808.1,22870.1,22672.5,22774.2,241073.0
1658952000000,22775.2,22912.0,22672.0,22741.3,298534.0
1658952900000,22741.3,22810.9,22689.1,22752.9,119443.0
1658953800000,22752.9,22811.1,22716.9,22759.9,88658.0
1658954700000,22759.9,22860.0,22759.9,22777.6,110486.0
1658955600000,22777.5,22790.7,22688.0,22725.5,76385.0
1658956500000,22725.5,22729.9,22690.0,22705.2,39586.0
1658957400000,22702.2,22728.0,22585.1,22689.9,81823.0
1658958300000,22689.8,22761.0,22612.1,22681.2,78136.0
1658959200000,22679.6,22794.4,22654.6,22771.3,208310.0
1658960100000,22772.4,22858.0,22764.6,22845.4,122614.0
1658961000000,22842.7,22882.5,22756.0,22818.7,225063.0
1658961900000,22818.7,22959.9,22800.0,22876.5,164331.0
1658962800000,22876.6,22922.8,22836.8,22916.2,77093.0
1658963700000,22916.3,22938.6,22821.8,22878.3,79587.0
1658964600000,22878.3,22886.5,22812.6,22847.4,56324.0
1658965500000,22847.4,22998.8,22847.4,22951.0,132881.0
1658966400000,22950.0,23070.7,22849.5,22871.5,302987.0
1658967300000,22871.5,22894.2,22805.4,22806.9,115343.0
1658968200000,22808.2,22860.0,22760.0,22763.9,122544.0
1658969100000,22764.0,22849.5,22762.6,22787.3,99181.0
1658970000000,22787.2,22802.3,22722.5,22728.5,80224.0
1658970900000,22728.5,22784.0,22721.8,22753.0,59883.0
1658971800000,22754.4,22787.7,22745.1,22768.4,62273.0
1658972700000,22767.5,22785.0,22743.7,22772.2,59007.0
1658973600000,22772.3,22778.2,22703.3,22747.5,48035.0
1658974500000,22747.4,22760.8,22728.0,22738.6,25220.0
1658975400000,22738.7,22960.0,22738.7,22939.3,209724.0
1658976300000,22939.3,23456.7,22937.3,23290.5,1032723.0
1658977200000,23288.5,23331.2,23216.9,23241.6,210214.0
1658978100000,23241.6,23302.4,23186.3,23191.4,119475.0
1658979000000,23191.5,23194.4,23099.5,23128.2,177737.0
1658979900000,23128.1,23166.4,23117.0,23140.3,63151.0
1658980800000,23140.4,23195.7,23071.8,23124.8,138148.0
1658981700000,23124.8,23172.9,23119.8,23172.9,46703.0
1658982600000,23173.0,23179.0,23107.5,23120.6,52420.0
1658983500000,23120.6,23142.0,23060.9,23073.2,81552.0
1658984400000,23073.1,23095.3,23042.4,23044.7,112643.0
1658985300000,23044.7,23119.9,23042.6,23102.4,90348.0
1658986200000,23102.5,23207.8,23102.5,23198.2,117039.0
1658987100000,23198.1,23258.0,23157.4,23241.6,121183.0
1658988000000,23240.5,23271.6,23152.7,23167.4,103154.0
1658988900000,23167.4,23193.1,23140.7,23162.2,59437.0
1658989800000,23162.1,23175.5,23143.5,23166.1,34618.0
1658990700000,23166.1,23228.4,23050.0,23126.9,152193.0
1658991600000,23126.8,23129.7,22974.7,23041.0,164732.0
1658992500000,23040.9,23041.3,22951.3,22962.0,133496.0
1658993400000,22960.2,22978.7,22890.0,22944.9,188075.0
1658994300000,22943.2,22955.6,22905.6,22929.7,88643.0
1658995200000,22929.7,22942.4,22883.0,22892.2,88408.0
1658996100000,22892.3,22983.5,22887.9,22953.0,97778.0
1658997000000,22950.9,22990.5,22901.0,22953.5,86115.0
1658997900000,22953.6,23034.3,22945.0,22971.8,103592.0
1658998800000,22971.8,23010.1,22921.3,22937.9,55417.0
1658999700000,22934.6,22934.6,22830.0,22879.9,88413.0
1659000600000,22880.0,22970.0,22854.3,22969.7,71508.0
1659001500000,22969.6,23000.0,22936.3,22980.2,66709.0
1659002400000,22980.2,22995.6,22959.7,22977.9,36414.0
1659003300000,22977.9,23061.8,22917.5,23003.3,138319.0
1659004200000,23003.2,23107.4,22965.1,23039.9,108770.0
1659005100000,23040.0,23040.0,22956.1,22980.7,70984.0
1659006000000,22984.2,23035.1,22968.1,23004.8,50471.0
1659006900000,23004.8,23051.6,23000.0,23046.6,37735.0
1659007800000,23047.3,23095.9,22968.4,23090.8,134421.0
1659008700000,23091.6,23143.4,23070.7,23117.8,166182.0
1659009600000,23117.9,23140.2,23035.0,23049.5,98779.0
1659010500000,23049.5,23049.6,22875.1,23036.0,205547.0
1659011400000,23037.9,23081.2,22590.0,22930.1,1266280.0
1659012300000,22929.9,23198.0,22920.4,23036.6,653108.0
1659013200000,23036.5,23061.0,22928.2,23056.2,242439.0
1659014100000,23056.2,23173.8,23022.6,23146.9,201532.0
1659015000000,23146.9,23267.4,22965.0,23008.6,476120.0
1659015900000,23008.6,23020.2,22767.1,22852.0,456932.0
1659016800000,22849.9,22906.5,22743.6,22902.1,231865.0
1659017700000,22902.1,22957.0,22835.0,22898.2,166251.0
1659018600000,22896.5,23006.7,22850.0,22980.7,208923.0
1659019500000,22982.9,23136.1,22962.2,23127.0,284347.0
1659020400000,23127.0,23248.4,23111.0,23239.4,252923.0
1659021300000,23239.1,23510.5,23197.7,23501.0,653448.0
1659022200000,23501.0,23794.4,23425.0,23680.2,651569.0
1659023100000,23680.3,24000.0,23603.1,23742.9,717109.0
1659024000000,23742.9,23872.4,23672.8,23781.4,324402.0
1659024900000,23782.2,23953.8,23782.2,23901.8,205121.0
1659025800000,23901.8,23946.4,23709.2,23808.7,330273.0
1659026700000,23808.6,23854.1,23756.5,23770.1,106471.0
1659027600000,23767.6,23935.3,23755.0,23922.9,174308.0
1659028500000,23922.9,24038.2,23855.0,23889.3,293923.0
1659029400000,23893.4,24117.7,23871.8,24004.1,295780.0
1659030300000,24004.1,24027.0,23901.0,24001.5,179558.0
1659031200000,24001.4,24010.4,23790.9,23810.5,233531.0
1659032100000,23810.5,23846.2,23743.9,23771.1,147706.0
1659033000000,23771.1,23834.7,23766.4,23810.8,59183.0
1659033900000,23809.0,23824.1,23731.3,23811.8,59460.0
1659034800000,23808.4,23878.3,23783.0,23821.7,88758.0
1659035700000,23821.6,23873.8,23782.3,23843.4,61991.0
1659036600000,23843.3,23854.0,23765.3,23800.2,52374.0
1659037500000,23802.1,23829.9,23673.2,23798.2,132552.0
1659038400000,23798.3,23885.9,23789.0,23848.9,141860.0
1659039300000,23848.9,23888.0,23828.8,23880.2,47153.0
1659040200000,23880.1,24200.0,23835.3,23914.7,396232.0
1659041100000,23915.1,24149.1,23777.6,24026.9,263600.0
1659042000000,24027.0,24161.6,24026.4,24088.3,106218.0
1659042900000,24088.4,24118.0,23899.2,23951.5,144833.0
1659043800000,23952.0,23952.1,23860.0,23931.9,47029.0
1659044700000,23930.1,24007.0,23838.6,23929.6,58669.0
1659045600000,23929.6,23935.0,23808.5,23882.4,125140.0
1659046500000,23881.8,23985.6,23867.2,23936.5,100373.0
1659047400000,23936.7,23975.0,23870.1,23964.4,67825.0
1659048300000,23964.3,23988.6,23898.7,23960.3,60689.0
1659049200000,23963.7,23977.9,23869.4,23895.3,63873.0
1659050100000,23895.3,23895.4,23776.3,23823.5,79421.0
1659051000000,23823.4,23847.6,23739.0,23784.9,106732.0
1659051900000,23785.9,23860.7,23758.9,23843.6,82714.0
1659052800000,23843.6,23896.3,23818.1,23846.4,105072.0
1659053700000,23846.3,23853.6,23705.5,23712.5,163358.0
1659054600000,23712.6,23879.8,23712.3,23869.5,147297.0
1659055500000,23871.8,23947.0,23833.7,23882.2,151458.0
1659056400000,23882.2,23900.0,23820.0,23836.5,48852.0
1659057300000,23837.2,23872.2,23765.7,23799.1,78640.0
1659058200000,23799.0,23815.3,23743.4,23762.4,79053.0
1659059100000,23762.4,23885.0,23762.4,23850.2,91399.0
1659060000000,23850.3,23895.0,23807.6,23892.9,80510.0
1659060900000,23892.9,23919.9,23730.0,23816.1,137347.0
1659061800000,23816.1,23844.9,23770.8,23833.4,62581.0
1659062700000,23834.5,23836.9,23757.2,23785.7,55971.0
1659063600000,23785.6,23838.1,23761.2,23809.1,60197.0
1659064500000,23809.0,23849.5,23795.1,23814.6,55808.0
1659065400000,23818.8,23885.4,23816.6,23861.7,56144.0
1659066300000,23861.7,23933.8,23860.0,23912.2,102589.0
1659067200000,23912.3,23940.8,23884.3,23896.4,69887.0
1659068100000,23896.4,23981.0,23881.4,23958.5,129023.0
1659069000000,23958.6,24038.1,23913.2,23955.5,182030.0
1659069900000,23953.1,24033.9,23934.7,24012.4,100601.0
1659070800000,24012.4,24021.8,23866.7,23911.4,128107.0
1659071700000,23911.4,23929.7,23879.1,23926.1,87215.0
1659072600000,23926.1,24123.5,23906.1,24036.6,190929.0
1659073500000,24044.0,24082.0,23936.0,23986.8,138266.0
1659074400000,23989.2,24000.0,23948.1,23954.1,53673.0
1659075300000,23954.1,24060.0,23921.0,24027.6,123183.0
1659076200000,24027.9,24468.8,24019.6,24243.3,730410.0
1659077100000,24243.4,24255.9,23900.0,23946.5,282048.0
1659078000000,23946.4,24000.0,23846.3,23904.0,191464.0
1659078900000,23900.7,23942.8,23822.5,23857.1,139662.0
1659079800000,23857.0,23980.9,23840.0,23894.2,122212.0
1659080700000,23897.2,23950.0,23892.1,23941.9,74855.0
1659081600000,23942.0,23951.3,23781.7,23922.6,187949.0
1659082500000,23925.6,23986.6,23886.6,23935.2,139139.0
1659083400000,23938.7,23974.2,23877.6,23955.0,96300.0
1659084300000,23954.9,23970.0,23893.3,23927.5,76683.0
1659085200000,23927.5,23957.5,23857.3,23951.4,149331.0
1659086100000,23953.2,23975.8,23916.0,23973.5,80002.0
1659087000000,23973.4,24055.6,23946.3,24021.7,153998.0
1659087900000,24022.0,24097.8,24006.2,24069.2,107151.0
1659088800000,24069.2,24099.0,24037.6,24077.6,89553.0
1659089700000,24079.1,24130.0,23982.7,23999.8,210114.0
1659090600000,23999.7,24052.1,23983.3,24001.5,74509.0
1659091500000,24001.9,24063.0,23995.2,24008.4,75493.0
1659092400000,24008.4,24026.9,23905.1,23913.9,112224.0
1659093300000,23914.0,23929.8,23801.3,23814.7,224933.0
1659094200000,23814.6,23853.7,23553.2,23614.1,468209.0
1659095100000,23613.2,23758.0,23578.4,23721.1,243988.0
1659096000000,23722.2,23750.0,23668.9,23677.5,163993.0
1659096900000,23677.5,23725.0,23619.5,23667.5,134904.0
1659097800000,23667.6,23703.2,23451.9,23465.6,533638.0
1659098700000,23465.5,23576.0,23453.6,23522.6,240597.0
1659099600000,23520.0,23544.9,23432.9,23495.7,144130.0
1659100500000,23495.8,23645.0,23450.0,23595.9,212335.0
1659101400000,23595.5,23726.5,23441.5,23658.5,369223.0
1659102300000,23660.8,23765.9,23657.1,23699.3,275629.0
1659103200000,23699.4,24120.0,23673.6,24034.1,693108.0
1659104100000,24034.3,24233.4,23973.0,24135.6,537259.0
1659105000000,24136.2,24225.0,24037.5,24094.3,361220.0
1659105900000,24094.4,24164.3,24027.6,24037.8,186590.0
1659106800000,24037.8,24072.7,23933.5,23999.9,327561.0
1659107700000,23999.9,24005.6,23872.1,23886.6,210623.0
1659108600000,23886.5,24038.5,23884.7,24010.5,156158.0
1659109500000,24010.4,24037.3,23976.5,24006.7,81849.0
1659110400000,24011.2,24022.7,23651.0,23665.9,444945.0
1659111300000,23665.9,23772.7,23608.2,23661.8,241698.0
1659112200000,23661.7,23743.7,23656.1,23715.0,125600.0
1659113100000,23718.0,23887.6,23691.5,23847.7,190073.0
1659114000000,23847.8,23850.6,23726.1,23755.1,106504.0
1659114900000,23754.4,23799.1,23624.3,23684.0,126440.0
1659115800000,23683.9,23793.4,23649.2,23791.2,112373.0
1659116700000,23792.0,23865.0,23775.9,23783.6,79309.0
1659117600000,23783.7,24050.0,23744.3,24028.5,355629.0
1659118500000,24028.5,24030.7,23837.8,23889.7,178856.0
1659119400000,23888.5,23965.1,23853.0,23891.5,138813.0
1659120300000,23887.1,23957.2,23885.5,23925.7,91816.0
1659121200000,23930.3,23966.5,23849.7,23883.0,89680.0
1659122100000,23883.5,23888.6,23820.7,23857.2,48940.0
1659123000000,23857.1,23906.3,23809.4,23886.6,65244.0
1659123900000,23879.1,23945.9,23750.0,23903.2,151970.0
1659124800000,23902.7,23977.4,23797.8,23807.8,114388.0
1659125700000,23807.7,23915.2,23797.9,23865.0,80788.0
1659126600000,23864.9,23959.8,23862.2,23900.0,46850.0
1659127500000,23900.0,23977.0,23882.2,23940.2,39523.0
1659128400000,23940.3,23995.0,23894.4,23894.4,44547.0
1659129300000,23894.5,23957.1,23876.9,23904.1,33886.0
1659130200000,23905.5,23905.7,23729.8,23765.6,105770.0
1659131100000,23765.5,23860.6,23702.8,23820.3,60104.0
1659132000000,23820.3,23832.9,23760.1,23810.2,35771.0
1659132900000,23813.1,23895.9,23749.6,23883.5,100896.0
1659133800000,23883.5,23973.5,23846.6,23936.5,81780.0
1659134700000,23932.9,23955.0,23882.2,23945.0,54112.0
1659135600000,23943.5,24099.0,23894.9,24097.3,159222.0
1659136500000,24096.5,24145.0,24047.4,24104.4,129589.0
1659137400000,24100.4,24138.9,23936.2,23948.8,178727.0
1659138300000,23950.9,23968.3,23693.0,23770.9,265249.0
1659139200000,23770.9,23872.3,23748.5,23826.2,131081.0
1659140100000,23826.2,23911.0,23826.0,23869.1,72685.0
1659141000000,23869.0,23873.1,23760.1,23837.1,72621.0
1659141900000,23837.1,23944.0,23835.8,23916.1,105461.0
1659142800000,23916.1,23966.6,23827.0,23839.9,84305.0
1659143700000,23839.9,23917.7,23813.1,23905.7,43719.0
1659144600000,23905.6,23937.9,23877.6,23926.1,44959.0
1659145500000,23926.1,23974.2,23667.8,23916.0,398517.0
1659146400000,23915.9,23929.0,23780.0,23834.2,129071.0
1659147300000,23833.6,23868.7,23783.3,23806.9,74488.0
1659148200000,23806.9,23866.5,23750.0,23851.0,116336.0
1659149100000,23851.0,23867.0,23778.7,23837.4,66996.0
1659150000000,23839.1,23854.1,23753.8,23783.6,84842.0
1659150900000,23784.0,23844.5,23762.7,23831.0,67945.0
1659151800000,23831.1,23848.6,23760.2,23765.0,65938.0
1659152700000,23765.0,23826.2,23760.5,23807.1,60426.0
1659153600000,23807.4,23827.3,23757.7,23819.1,88601.0
1659154500000,23819.2,23819.2,23620.0,23713.7,154209.0
1659155400000,23713.7,23740.3,23689.3,23739.8,76722.0
1659156300000,23739.9,23768.9,23721.5,23742.2,56994.0
1659157200000,23743.1,23768.1,23718.4,23757.6,33084.0
1659158100000,23758.4,23800.0,23753.6,23774.8,40235.0
1659159000000,23774.8,23801.0,23766.6,23789.5,26027.0
1659159900000,23790.1,23800.0,23760.0,23799.4,26088.0
1659160800000,23799.4,23810.0,23762.9,23782.3,39447.0
1659161700000,23780.1,23857.4,23763.1,23830.0,80110.0
1659162600000,23830.0,23842.9,23768.1,23771.0,58242.0
1659163500000,23770.9,23826.9,23766.6,23818.1,41239.0
1659164400000,23818.2,23874.8,23813.0,23853.4,53687.0
1659165300000,23853.3,23908.5,23842.4,23883.9,83543.0
1659166200000,23884.0,23891.5,23864.5,23878.9,34634.0
1659167100000,23878.9,23913.9,23864.2,23879.0,45098.0
1659168000000,23881.6,23889.0,23843.5,23857.7,29697.0
1659168900000,23857.8,23925.0,23835.0,23880.9,92691.0
1659169800000,23881.0,23915.1,23833.0,23909.8,82510.0
1659170700000,23909.9,23956.0,23870.1,23894.3,95495.0
1659171600000,23894.3,23925.0,23875.7,23921.8,38890.0
1659172500000,23921.8,23933.5,23891.6,23900.7,41333.0
1659173400000,23900.7,23958.4,23889.9,23927.1,33548.0
1659174300000,23927.1,23934.9,23832.5,23910.0,108080.0
1659175200000,23911.9,23930.1,23759.6,23771.7,170654.0
1659176100000,23771.8,23834.4,23730.0,23819.9,138641.0
1659177000000,23819.9,23858.0,23790.0,23790.0,49733.0
1659177900000,23790.1,23846.4,23790.1,23812.5,34913.0
1659178800000,23812.4,23851.2,23808.8,23840.0,28831.0
1659179700000,23840.1,23939.7,23815.7,23917.6,165237.0
1659180600000,23917.6,24060.0,23913.6,24027.4,240727.0
1659181500000,24030.2,24049.9,23950.4,23957.6,85411.0
1659182400000,23959.4,24010.1,23951.0,23997.6,64967.0
1659183300000,23997.6,24186.0,23914.8,24173.1,299969.0
1659184200000,24173.0,24299.2,24110.9,24212.0,404277.0
1659185100000,24212.4,24388.0,24187.0,24380.1,341689.0
1659186000000,24380.0,24695.5,24329.9,24497.4,924706.0
1659186900000,24497.4,24613.6,24472.6,24524.2,249532.0
1659187800000,24524.2,24554.0,24400.0,24524.0,199771.0
1659188700000,24524.0,24544.0,24462.6,24495.3,92274.0
1659189600000,24495.2,24585.0,24435.6,24520.1,185606.0
1659190500000,24524.2,24567.0,24497.7,24552.7,92671.0
1659191400000,24552.6,24554.5,24440.0,24466.9,100157.0
1659192300000,24466.4,24512.7,24335.0,24349.6,207265.0
1659193200000,24349.9,24428.6,24343.3,24418.4,100875.0
1659194100000,24418.4,24547.0,24405.1,24508.4,154681.0
1659195000000,24508.4,24585.0,24497.5,24552.0,103049.0
1659195900000,24552.0,24610.0,24510.5,24528.6,123055.0
1659196800000,24530.0,24547.1,24452.3,24473.2,122825.0
1659197700000,24473.2,24548.6,24458.0,24526.0,71502.0
1659198600000,24526.0,24562.6,24461.8,24503.8,81258.0
1659199500000,24505.4,24598.2,24500.3,24579.8,56036.0
1659200400000,24579.9,24598.1,24540.0,24579.2,66383.0
1659201300000,24581.0,24585.4,24480.0,24502.5,76851.0
1659202200000,24502.4,24509.7,24456.0,24474.0,54668.0
1659203100000,24474.1,24522.6,24451.9,24495.1,39523.0
1659204000000,24495.1,24534.8,24477.4,24501.4,28045.0
1659204900000,24501.5,24544.4,24468.8,24541.5,37431.0
1659205800000,24541.6,24569.8,24510.1,24550.4,71541.0
1659206700000,24550.3,24551.7,24504.0,24512.6,41116.0
1659207600000,24512.6,24517.0,24409.2,24439.5,69703.0
1659208500000,24439.6,24479.9,24357.0,24427.9,71545.0
1659209400000,24426.5,24438.4,24059.5,24087.6,312713.0
1659210300000,24087.6,24118.5,23863.1,23918.4,473221.0
1659211200000,23918.3,23950.8,23814.0,23838.7,229245.0
1659212100000,23838.6,23987.0,23808.0,23964.3,155756.0
1659213000000,23964.2,24081.3,23900.0,24043.0,167956.0
1659213900000,24043.0,24043.0,23919.3,23957.8,136935.0
1659214800000,23957.8,23999.5,23876.7,23908.1,95111.0
1659215700000,23908.5,23935.1,23860.3,23900.9,63924.0
1659216600000,23900.9,23956.4,23878.2,23946.7,28406.0
1659217500000,23946.6,23946.6,23840.0,23855.5,63744.0
1659218400000,23855.4,23855.4,23499.6,23592.4,481093.0
1659219300000,23592.4,23685.0,23510.0,23650.4,180864.0
1659220200000,23650.4,23727.6,23633.5,23715.7,110821.0
1659221100000,23715.7,23743.6,23684.9,23701.9,80223.0
1659222000000,23701.8,23735.0,23612.5,23644.4,111353.0
1659222900000,23646.0,23646.0,23544.2,23558.5,88872.0
1659223800000,23560.7,23638.7,23553.0,23600.0,77188.0
1659224700000,23600.2,23660.8,23583.6,23642.6,87641.0
1659225600000,23642.6,23690.0,23520.0,23644.5,143351.0
1659226500000,23644.3,23699.8,23636.2,23660.8,54230.0
1659227400000,23660.8,23780.0,23647.0,23723.4,106604.0
1659228300000,23723.4,23776.2,23665.9,23744.0,103945.0
1659229200000,23744.0,23749.1,23688.1,23713.4,56174.0
1659230100000,23713.4,23786.0,23708.2,23752.1,55490.0
1659231000000,23752.0,23812.7,23678.3,23730.0,114028.0
1659231900000,23730.0,23760.3,23705.2,23723.1,45225.0
1659232800000,23722.3,23905.0,23719.9,23818.3,167038.0
1659233700000,23817.4,23846.2,23765.9,23770.0,57859.0
1659234600000,23770.1,23793.9,23730.1,23771.1,48849.0
1659235500000,23773.4,23798.7,23763.6,23796.0,22456.0
1659236400000,23796.0,23813.1,23733.1,23786.1,43557.0
1659237300000,23787.1,23800.0,23730.0,23745.9,43733.0
1659238200000,23745.8,23755.8,23686.5,23724.2,75612.0
1659239100000,23727.2,23767.5,23701.1,23741.5,28774.0
1659240000000,23741.5,23798.1,23736.0,23741.0,42061.0
1659240900000,23741.0,23822.8,23736.7,23811.7,36662.0
1659241800000,23811.7,23825.7,23778.6,23781.9,42266.0
1659242700000,23781.9,23824.2,23781.9,23797.6,23096.0
1659243600000,23797.7,23840.0,23773.0,23789.9,43007.0
1659244500000,23789.9,23815.6,23725.5,23725.5,65165.0
1659245400000,23725.4,23779.7,23722.4,23774.1,26350.0
1659246300000,23774.0,23774.0,23703.0,23710.9,47376.0
1659247200000,23711.0,23739.7,23707.4,23720.0,35633.0
1659248100000,23721.6,23765.0,23706.3,23746.1,40210.0
1659249000000,23743.7,23775.1,23733.3,23741.3,32444.0
1659249900000,23741.3,23792.9,23741.3,23773.1,49882.0
1659250800000,23773.9,23807.5,23735.0,23804.1,39621.0
1659251700000,23804.3,23810.7,23760.9,23770.0,28838.0
1659252600000,23769.9,23771.4,23711.6,23719.8,50717.0
1659253500000,23719.7,23739.8,23666.2,23713.9,73118.0
1659254400000,23714.0,23748.0,23624.0,23656.9,85598.0
1659255300000,23656.9,23709.1,23627.9,23703.3,58844.0
1659256200000,23703.5,23704.8,23628.4,23666.0,79552.0
1659257100000,23666.0,23666.1,23580.0,23602.1,112161.0
1659258000000,23602.1,23646.8,23564.0,23630.0,69600.0
1659258900000,23630.0,23705.0,23626.0,23683.7,73913.0
1659259800000,23683.7,23726.0,23655.1,23714.0,56264.0
1659260700000,23713.9,23761.4,23700.0,23758.0,54507.0
1659261600000,23758.1,23760.0,23708.5,23758.7,47518.0
1659262500000,23758.6,23807.8,23745.1,23780.5,61633.0
1659263400000,23780.4,23790.0,23745.3,23775.2,30789.0
1659264300000,23775.0,23860.0,23732.0,23830.9,89354.0
1659265200000,23830.8,23855.9,23745.8,23806.1,148246.0
1659266100000,23806.0,23815.4,23752.2,23765.6,66955.0
1659267000000,23767.7,23793.1,23750.0,23792.0,33963.0
1659267900000,23792.1,23845.0,23763.4,23797.3,82524.0
1659268800000,23797.3,23806.3,23775.1,23803.3,44382.0
1659269700000,23803.4,23808.7,23761.3,23777.1,46131.0
1659270600000,23777.1,23792.2,23742.4,23762.8,47732.0
1659271500000,23762.8,23874.8,23762.7,23815.0,125373.0
1659272400000,23815.0,23826.5,23751.8,23752.1,56664.0
1659273300000,23752.0,23767.2,23681.4,23716.5,149370.0
1659274200000,23716.5,23754.6,23670.0,23752.5,83416.0
1659275100000,23752.6,23754.2,23707.3,23712.9,36894.0
1659276000000,23712.9,23727.0,23680.0,23691.2,40711.0
1659276900000,23691.1,23797.6,23684.3,23792.8,79715.0
1659277800000,23792.6,23838.0,23603.1,23645.6,173033.0
1659278700000,23645.5,23738.5,23625.6,23726.6,102936.0
1659279600000,23726.5,23775.1,23658.6,23666.0,67120.0
1659280500000,23666.0,23775.9,23650.7,23731.0,87307.0
1659281400000,23730.9,23774.5,23730.9,23760.2,31616.0
1659282300000,23762.9,23787.6,23739.7,23776.4,34699.0
1659283200000,23776.3,23805.0,23746.6,23780.4,55326.0
1659284100000,23780.5,23789.6,23702.2,23762.3,60008.0
1659285000000,23762.4,23819.1,23762.4,23808.2,42098.0
1659285900000,23807.8,23821.9,23745.0,23769.0,51495.0
1659286800000,23769.0,23780.9,23730.0,23753.9,39140.0
1659287700000,23754.0,23763.5,23712.7,23728.9,26601.0
1659288600000,23729.0,23750.0,23692.6,23734.8,32537.0
1659289500000,23734.7,23745.7,23707.3,23735.7,22319.0
1659290400000,23735.8,24200.0,23734.4,24126.4,498494.0
1659291300000,24126.5,24177.2,23600.5,23659.8,591659.0
1659292200000,23659.9,23828.8,23359.6,23688.1,1021626.0
1659293100000,23689.2,23782.8,23632.4,23750.1,123166.0
1659294000000,23750.0,23991.4,23704.1,23895.4,210131.0
1659294900000,23895.4,23931.3,23852.8,23854.5,72766.0
1659295800000,23854.5,23949.9,23837.5,23892.4,61177.0
1659296700000,23889.8,23892.0,23817.0,23840.9,38927.0
1659297600000,23842.3,23889.4,23833.5,23879.0,46234.0
1659298500000,23879.0,23879.1,23778.8,23811.5,55709.0
1659299400000,23808.9,23814.6,23775.4,23799.0,38313.0
1659300300000,23798.9,23831.1,23770.3,23793.7,55037.0
1659301200000,23795.5,23819.3,23730.0,23794.9,71056.0
1659302100000,23793.8,23821.4,23764.8,23764.9,23448.0
1659303000000,23764.8,23768.6,23560.7,23646.2,125073.0
1659303900000,23646.2,23646.2,23532.5,23585.7,63124.0
1659304800000,23588.0,23590.4,23425.0,23442.0,169216.0
1659305700000,23442.0,23497.1,23253.8,23328.2,264201.0
1659306600000,23328.3,23328.3,23228.0,23291.6,201925.0
1659307500000,23291.7,23395.5,23233.1,23378.7,132746.0
1659308400000,23377.6,23377.7,23288.3,23308.3,135329.0
1659309300000,23308.4,23365.0,23301.8,23341.4,55286.0
1659310200000,23341.3,23469.3,23326.1,23400.0,108984.0
1659311100000,23399.9,23404.8,23276.6,23299.9,157110.0
1659312000000,23300.0,23317.8,23260.1,23278.5,98498.0
1659312900000,23278.5,23363.7,23271.2,23350.1,87023.0
1659313800000,23350.1,23388.0,23322.2,23355.1,73448.0
1659314700000,23357.8,23393.0,23345.0,23374.5,53915.0
1659315600000,23374.4,23388.0,23325.0,23380.1,41233.0
1659316500000,23380.0,23443.4,23360.5,23428.3,64028.0
1659317400000,23428.3,23435.2,23390.1,23424.5,87862.0
1659318300000,23427.2,23429.9,23387.9,23419.4,37874.0
1659319200000,23419.3,23473.6,23407.3,23430.9,63820.0
1659320100000,23430.9,23437.4,23404.2,23425.8,29843.0
1659321000000,23425.9,23433.5,23385.3,23395.0,43588.0
1659321900000,23395.0,23429.3,23371.4,23421.6,39983.0
1659322800000,23421.6,23435.0,23380.0,23393.4,36057.0
1659323700000,23393.5,23393.6,23321.4,23325.6,72077.0
1659324600000,23325.5,23349.9,23321.4,23335.8,40273.0
1659325500000,23335.8,23392.4,23322.2,23376.2,47968.0
1659326400000,23377.3,23396.2,23347.4,23372.9,55176.0
1659327300000,23372.9,23413.3,23353.3,23387.9,29898.0
1659328200000,23388.1,23414.0,23377.5,23401.0,27234.0
1659329100000,23398.6,23414.8,23371.0,23388.9,25997.0
1659330000000,23389.0,23416.9,23342.8,23349.2,38417.0
1659330900000,23349.0,23381.8,23334.0,23362.9,38734.0
1659331800000,23360.4,23379.9,23275.0,23302.1,80138.0
1659332700000,23302.2,23350.0,23290.8,23328.7,61257.0
1659333600000,23328.6,23350.1,23292.2,23306.8,63598.0
1659334500000,23306.9,23308.7,23141.6,23170.0,227815.0
1659335400000,23170.0,23228.0,23156.8,23196.3,113326.0
1659336300000,23196.3,23239.8,23188.6,23221.0,77705.0
1659337200000,23221.1,23247.5,23204.8,23206.5,68308.0
1659338100000,23206.4,23206.5,23116.6,23140.0,157860.0
1659339000000,23140.1,23277.0,23136.7,23271.4,102786.0
1659339900000,23271.4,23344.7,23269.9,23322.6,179242.0
1659340800000,23320.9,23369.9,23313.1,23326.1,101624.0
1659341700000,23326.0,23380.0,23300.0,23331.8,94728.0
1659342600000,23331.8,23360.2,23280.0,23290.1,59702.0
1659343500000,23291.7,23310.5,23270.2,23289.1,64801.0
1659344400000,23289.1,23346.2,23264.1,23338.0,58355.0
1659345300000,23338.0,23355.9,23309.7,23329.0,38879.0
1659346200000,23329.1,23380.0,23325.5,23352.3,74348.0
1659347100000,23352.3,23366.4,23289.0,23311.0,89885.0
1659348000000,23312.9,23319.9,23253.1,23269.9,45510.0
1659348900000,23269.8,23291.0,23241.3,23260.2,63151.0
1659349800000,23262.5,23264.1,23053.0,23054.3,466515.0
1659350700000,23054.3,23092.5,22978.5,23040.7,369473.0
1659351600000,23040.7,23058.8,22933.0,23005.7,187623.0
1659352500000,23005.7,23158.0,22992.4,23129.9,216464.0
1659353400000,23130.0,23243.2,23104.9,23207.0,139123.0
1659354300000,23206.9,23272.0,23193.3,23229.9,148868.0
1659355200000,23229.9,23262.1,23165.4,23191.5,114112.0
1659356100000,23191.5,23210.0,23153.5,23203.2,56284.0
1659357000000,23203.1,23313.9,23156.1,23178.3,121177.0
1659357900000,23178.4,23183.8,23122.7,23141.1,95124.0
1659358800000,23141.0,23153.5,23034.7,23049.9,190044.0
1659359700000,23050.0,23166.3,23005.5,23084.1,150519.0
1659360600000,23084.1,23214.0,22968.0,23172.9,391406.0
1659361500000,23173.0,23330.0,23124.0,23246.8,267062.0
1659362400000,23246.7,23513.0,23217.3,23437.4,473686.0
1659363300000,23437.4,23496.1,23272.0,23320.6,337556.0
1659364200000,23320.5,23400.0,23281.3,23384.2,134590.0
1659365100000,23384.2,23485.0,23383.7,23435.0,320360.0
1659366000000,23435.6,23457.0,23343.5,23429.0,164109.0
1659366900000,23430.2,23431.1,23306.5,23365.4,154938.0
1659367800000,23368.0,23368.0,23282.5,23308.0,82939.0
1659368700000,23308.0,23359.8,23297.4,23329.4,56936.0
1659369600000,23325.1,23355.5,23163.4,23213.6,167227.0
1659370500000,23213.6,23256.8,23178.0,23240.0,124304.0
1659371400000,23239.9,23289.0,23136.2,23207.1,178127.0
1659372300000,23207.1,23257.1,23173.2,23195.2,65074.0
1659373200000,23198.5,23210.0,23133.0,23174.3,126213.0
1659374100000,23175.1,23187.4,22955.0,22974.0,267956.0
1659375000000,22974.0,23025.3,22871.9,22923.4,312394.0
1659375900000,22923.3,22965.9,22881.9,22964.0,155008.0
1659376800000,22963.9,22995.0,22913.6,22994.7,62610.0
1659377700000,22994.6,22994.8,22895.4,22908.3,97631.0
1659378600000,22908.3,22953.3,22834.0,22876.4,112544.0
1659379500000,22874.7,22981.3,22851.4,22953.5,77832.0
1659380400000,22953.6,22992.4,22897.5,22983.7,64909.0
1659381300000,22983.7,23038.1,22913.7,22946.1,141416.0
1659382200000,22943.9,22999.7,22904.0,22917.4,55726.0
1659383100000,22917.4,22960.2,22873.5,22956.2,96592.0
1659384000000,22955.1,23011.7,22919.7,23000.7,52894.0
1659384900000,22999.2,23092.0,22970.3,23016.6,75052.0
1659385800000,23017.7,23041.4,22978.9,23017.4,38878.0
1659386700000,23017.4,23130.0,22964.5,23121.0,77223.0
1659387600000,23120.9,23136.5,23053.1,23089.4,47310.0
1659388500000,23089.5,23091.2,23010.3,23050.5,24242.0
1659389400000,23050.6,23063.2,22982.9,23010.2,31239.0
1659390300000,23010.2,23033.6,22982.5,23024.1,20852.0
1659391200000,23024.2,23068.2,22904.1,22977.9,79129.0
1659392100000,22973.7,23031.5,22958.7,22987.7,59357.0
1659393000000,22985.3,23099.5,22978.9,23079.0,62867.0
1659393900000,23079.1,23197.5,23060.9,23167.1,161900.0
1659394800000,23167.1,23395.6,23163.9,23376.0,426908.0
1659395700000,23375.0,23392.5,23282.1,23357.8,121481.0
1659396600000,23357.9,23414.8,23327.0,23327.5,94372.0
1659397500000,23329.5,23338.0,23252.9,23266.1,107622.0
1659398400000,23266.0,23399.8,23210.8,23383.5,154978.0
1659399300000,23381.2,23441.2,23283.4,23306.4,198380.0
1659400200000,23306.4,23312.4,23181.0,23213.0,168688.0
1659401100000,23213.0,23232.5,23159.6,23183.4,84662.0
1659402000000,23183.4,23249.7,23173.6,23226.3,63459.0
1659402900000,23226.3,23232.9,23129.8,23163.5,97585.0
1659403800000,23161.7,23161.7,22990.0,23023.6,207442.0
1659404700000,23023.6,23054.1,22950.0,23000.0,134680.0
1659405600000,22999.9,23078.0,22965.8,23011.7,95718.0
1659406500000,23011.7,23053.4,22969.2,22997.1,72258.0
1659407400000,22997.0,23002.9,22816.0,22927.2,461406.0
1659408300000,22927.2,22949.0,22852.2,22915.4,122300.0
1659409200000,22915.3,22924.8,22801.0,22817.0,186791.0
1659410100000,22816.9,22872.7,22788.0,22829.7,192082.0
1659411000000,22829.8,22886.3,22815.9,22876.5,78993.0
1659411900000,22876.5,22919.6,22830.0,22853.6,130031.0
1659412800000,22853.7,22903.0,22840.0,22869.9,62979.0
1659413700000,22870.1,22881.1,22807.0,22810.1,69760.0
1659414600000,22809.3,22842.4,22739.9,22758.6,172002.0
1659415500000,22758.7,22874.9,22758.7,22865.5,96777.0
1659416400000,22865.6,22910.0,22850.1,22880.0,79701.0
1659417300000,22879.9,22901.7,22840.9,22881.6,51031.0
1659418200000,22881.7,22899.1,22861.7,22893.7,37690.0
1659419100000,22893.5,22900.0,22839.3,22854.2,50258.0
1659420000000,22854.2,22937.2,22852.4,22887.6,66443.0
1659420900000,22887.6,22923.7,22868.3,22893.3,39655.0
1659421800000,22894.2,22931.5,22887.7,22905.3,53474.0
1659422700000,22905.4,22909.0,22856.0,22876.6,38681.0
1659423600000,22875.4,22887.3,22777.1,22827.6,101133.0
1659424500000,22827.6,22828.6,22721.1,22775.5,136769.0
1659425400000,22776.1,22838.0,22701.0,22816.1,175337.0
1659426300000,22818.2,22919.7,22815.0,22889.7,154754.0
1659427200000,22888.6,22909.3,22802.4,22820.0,83400.0
1659428100000,22821.5,22866.5,22793.3,22836.8,85951.0
1659429000000,22836.8,22876.4,22811.9,22860.4,57379.0
1659429900000,22858.4,22867.3,22780.0,22817.9,72863.0
1659430800000,22813.1,22834.6,22772.4,22832.8,49418.0
1659431700000,22832.9,22843.8,22665.8,22744.8,227284.0
1659432600000,22744.8,22750.0,22650.2,22685.2,150372.0
1659433500000,22685.2,22749.2,22654.0,22714.5,82582.0
1659434400000,22715.8,22822.0,22670.0,22810.8,121624.0
1659435300000,22810.9,22815.3,22753.6,22773.6,74528.0
1659436200000,22773.5,22808.8,22761.9,22807.7,43467.0
1659437100000,22807.8,22868.0,22804.2,22860.1,123729.0
1659438000000,22860.0,22917.0,22840.0,22877.2,134814.0
1659438900000,22877.6,22948.0,22855.3,22898.5,115505.0
1659439800000,22898.6,22975.9,22880.5,22916.4,130602.0
1659440700000,22916.3,22956.0,22873.2,22887.5,126644.0
1659441600000,22884.9,22910.9,22851.0,22865.2,60600.0
1659442500000,22865.2,22890.0,22792.5,22870.3,116704.0
1659443400000,22867.8,22884.1,22750.0,22795.7,97240.0
1659444300000,22795.6,22795.7,22668.8,22736.0,180897.0
1659445200000,22736.0,22873.9,22720.3,22836.4,138454.0
1659446100000,22836.5,22836.5,22765.0,22798.3,76306.0
1659447000000,22798.2,22891.7,22729.5,22785.0,200991.0
1659447900000,22785.3,22866.0,22703.0,22800.4,127949.0
1659448800000,22799.1,22808.4,22670.5,22768.8,143014.0
1659449700000,22772.3,23101.2,22740.1,23094.4,370983.0
1659450600000,23088.8,23146.9,22700.9,22950.4,756402.0
1659451500000,22952.1,23166.7,22915.3,23028.1,481079.0
1659452400000,23028.0,23107.2,22875.5,22879.7,260446.0
1659453300000,22879.7,22930.0,22801.8,22883.9,221356.0
1659454200000,22883.9,22984.9,22817.0,22969.0,158640.0
1659455100000,22969.1,23040.0,22940.0,22981.3,140440.0
1659456000000,22981.4,23111.0,22954.6,23093.9,157895.0
1659456900000,23094.2,23357.0,23050.1,23346.2,411279.0
1659457800000,23346.1,23485.2,23286.2,23367.7,394988.0
1659458700000,23368.4,23403.5,23305.6,23380.0,141407.0
1659459600000,23381.6,23440.9,23300.0,23360.0,158533.0
1659460500000,23360.1,23431.9,23274.3,23306.7,136197.0
1659461400000,23301.6,23303.0,23178.5,23185.5,194481.0
1659462300000,23188.2,23213.6,23146.0,23192.2,102444.0
1659463200000,23192.1,23283.4,23150.0,23270.5,96278.0
1659464100000,23269.0,23270.0,23164.5,23175.0,75747.0
1659465000000,23175.0,23224.9,23080.0,23137.6,100817.0
1659465900000,23141.5,23151.9,22965.1,22978.1,162106.0
1659466800000,22978.0,22991.1,22870.0,22905.9,187487.0
1659467700000,22905.9,23104.0,22879.9,23083.3,156962.0
1659468600000,23077.3,23079.4,22983.2,23060.7,69729.0
1659469500000,23061.2,23068.3,22935.3,22944.7,49909.0
1659470400000,22944.6,23024.0,22909.9,23002.6,71307.0
1659471300000,23002.7,23062.8,22967.5,23039.8,40380.0
1659472200000,23039.7,23054.0,22971.6,23040.3,32931.0
1659473100000,23038.9,23038.9,22955.1,23030.0,52305.0
1659474000000,23030.0,23030.0,22951.5,23016.8,35913.0
1659474900000,23016.8,23016.8,22944.0,22991.1,37777.0
1659475800000,22991.0,23039.8,22991.0,23037.0,15119.0
1659476700000,23037.9,23140.0,23037.0,23089.3,81229.0
1659477600000,23089.4,23138.0,23066.6,23097.9,67593.0
1659478500000,23097.8,23110.4,23040.9,23046.5,35834.0
1659479400000,23046.5,23138.0,23030.1,23115.1,58852.0
1659480300000,23119.1,23147.5,23073.3,23100.7,45472.0
1659481200000,23100.7,23132.8,23051.1,23073.6,51758.0
1659482100000,23073.7,23081.1,22988.0,23023.0,58371.0
1659483000000,23024.5,23082.4,23020.2,23069.1,33837.0
1659483900000,23069.0,23078.3,22927.3,22982.0,87790.0
1659484800000,22983.0,23068.3,22946.2,22950.1,94948.0
1659485700000,22955.1,22961.3,22778.4,22814.4,231430.0
1659486600000,22814.5,22879.0,22773.0,22781.8,107221.0
1659487500000,22780.7,22814.4,22735.4,22796.1,131465.0
1659488400000,22795.9,22795.9,22690.0,22738.3,160826.0
1659489300000,22738.3,22788.3,22707.7,22760.3,87832.0
1659490200000,22760.3,22825.1,22741.4,22799.6,87086.0
1659491100000,22799.6,22835.0,22772.8,22801.5,63763.0
1659492000000,22801.4,22840.3,22761.1,22829.7,92068.0
1659492900000,22829.7,22856.0,22726.3,22741.0,86456.0
1659493800000,22741.0,22820.0,22736.9,22793.8,63285.0
1659494700000,22793.9,22805.6,22747.0,22772.8,49397.0
1659495600000,22772.8,22871.9,22761.9,22856.8,90308.0
1659496500000,22856.8,22883.0,22820.0,22823.4,105750.0
1659497400000,22824.7,22853.6,22800.0,22826.3,46559.0
1659498300000,22829.1,22863.5,22810.0,22862.8,41445.0
1659499200000,22862.9,22881.6,22837.9,22853.9,56725.0
1659500100000,22853.9,22895.9,22840.0,22863.0,61642.0
1659501000000,22862.9,22887.5,22837.0,22838.1,35735.0
1659501900000,22838.1,22875.4,22823.3,22830.6,75984.0
1659502800000,22830.5,22841.2,22804.0,22822.2,54216.0
1659503700000,22823.4,22907.8,22817.0,22878.3,57959.0
1659504600000,22878.3,22961.7,22871.9,22935.5,132825.0
1659505500000,22935.1,22958.7,22913.7,22915.6,63275.0
1659506400000,22916.6,23032.0,22916.4,23016.9,152578.0
1659507300000,23016.8,23060.0,23000.0,23032.2,116956.0
1659508200000,23034.0,23045.0,23006.1,23014.4,55803.0
1659509100000,23014.4,23076.5,22976.5,23041.1,85889.0
1659510000000,23040.6,23050.0,22991.7,23000.4,68479.0
1659510900000,23000.4,23053.5,22988.0,23034.4,48773.0
1659511800000,23034.4,23050.0,23001.0,23011.8,43591.0
1659512700000,23011.8,23022.2,22960.4,22985.9,70173.0
1659513600000,22987.6,23194.0,22987.6,23142.6,251173.0
1659514500000,23142.6,23229.1,23107.0,23190.4,186174.0
1659515400000,23190.4,23239.5,23174.2,23227.2,121445.0
1659516300000,23226.0,23305.8,23181.8,23298.4,220521.0
1659517200000,23298.5,23375.4,23291.1,23356.8,172398.0
1659518100000,23356.8,23393.0,23303.0,23331.7,159641.0
1659519000000,23331.7,23388.7,23322.5,23365.3,93076.0
1659519900000,23365.3,23399.0,23343.8,23389.1,84669.0
1659520800000,23389.2,23440.0,23351.6,23429.3,192803.0
1659521700000,23429.4,23434.0,23390.0,23400.0,93409.0
1659522600000,23400.0,23435.4,23336.0,23425.0,136203.0
1659523500000,23425.0,23436.8,23373.9,23410.3,63361.0
1659524400000,23410.3,23473.8,23350.0,23376.7,218323.0
1659525300000,23379.0,23424.0,23300.2,23416.6,152595.0
1659526200000,23416.7,23416.7,23370.0,23395.7,84827.0
1659527100000,23395.8,23415.0,23355.8,23406.0,56646.0
1659528000000,23405.9,23474.4,23375.8,23468.7,131564.0
1659528900000,23468.6,23650.0,23425.0,23434.5,625835.0
1659529800000,23434.4,23442.4,23315.8,23357.0,389564.0
1659530700000,23357.1,23360.0,23245.7,23270.0,336299.0
1659531600000,23270.1,23339.4,23257.0,23328.2,115187.0
1659532500000,23328.1,23358.0,23222.9,23283.1,160342.0
1659533400000,23283.1,23399.0,23261.8,23309.5,192191.0
1659534300000,23309.5,23359.2,23250.0,23340.2,149714.0
1659535200000,23341.8,23437.0,23281.3,23403.1,235413.0
1659536100000,23403.1,23429.1,23282.6,23355.4,147336.0
1659537000000,23355.3,23364.9,23202.8,23264.1,224278.0
1659537900000,23263.0,23329.0,23240.1,23300.0,109089.0
1659538800000,23300.0,23380.0,23238.0,23343.0,167743.0
1659539700000,23343.1,23377.0,23302.9,23352.5,64243.0
1659540600000,23352.5,23410.0,23337.9,23375.3,82195.0
1659541500000,23375.4,23402.3,23305.1,23364.5,106889.0
1659542400000,23358.4,23361.2,23261.4,23306.0,110025.0
1659543300000,23306.0,23396.0,23278.0,23373.7,81625.0
1659544200000,23373.8,23455.0,23371.0,23443.7,131364.0
1659545100000,23443.7,23526.8,23420.6,23440.8,208522.0
1659546000000,23440.9,23496.0,23401.5,23437.4,97988.0
1659546900000,23437.6,23580.0,23429.8,23526.1,248412.0
1659547800000,23526.0,23548.9,23449.5,23483.8,74142.0
1659548700000,23480.0,23509.2,23426.5,23451.9,51176.0
1659549600000,23452.0,23458.1,23351.3,23400.0,107438.0
1659550500000,23400.0,23506.0,23397.4,23494.5,66722.0
1659551400000,23493.7,23520.5,23480.6,23503.1,55179.0
1659552300000,23503.1,23530.0,23480.0,23487.4,36341.0
1659553200000,23487.4,23540.0,23451.6,23455.0,72274.0
1659554100000,23457.3,23482.3,23424.1,23451.8,39649.0
1659555000000,23451.8,23527.2,23417.4,23516.6,66907.0
1659555900000,23516.6,23527.9,23442.9,23458.2,51647.0
1659556800000,23458.2,23483.6,23362.5,23382.7,72545.0
1659557700000,23385.0,23390.3,23289.9,23320.7,89115.0
1659558600000,23320.7,23344.6,23240.5,23311.9,114954.0
1659559500000,23311.9,23344.4,23306.6,23314.9,38390.0
1659560400000,23316.5,23364.7,23246.2,23275.0,64830.0
1659561300000,23274.9,23324.1,23260.3,23301.2,39854.0
1659562200000,23300.1,23332.3,23297.5,23314.0,16242.0
1659563100000,23314.0,23314.6,23251.8,23268.0,25066.0
1659564000000,23268.3,23273.3,23210.0,23268.0,84452.0
1659564900000,23267.9,23267.9,23072.0,23089.0,249906.0
1659565800000,23088.9,23111.5,22966.5,23005.3,228303.0
1659566700000,23003.0,23048.5,22852.2,22928.0,253702.0
1659567600000,22926.4,22926.4,22746.8,22754.8,325571.0
1659568500000,22755.4,22823.9,22701.0,22774.3,214950.0
1659569400000,22774.3,22810.3,22713.3,22785.7,138127.0
1659570300000,22785.6,22855.1,22781.3,22815.0,110165.0
1659571200000,22815.0,22845.0,22790.1,22835.0,77839.0
1659572100000,22835.0,23007.3,22815.8,22995.5,238321.0
1659573000000,22995.4,23020.6,22912.0,22986.4,143531.0
1659573900000,22986.4,23025.0,22964.1,23005.6,62247.0
1659574800000,23005.5,23133.4,23000.7,23070.9,201063.0
1659575700000,23069.3,23161.0,23042.3,23120.1,111528.0
1659576600000,23120.1,23220.0,23120.0,23207.6,192941.0
1659577500000,23207.6,23220.0,23120.9,23140.4,91413.0
1659578400000,23140.5,23182.3,23106.0,23111.4,82585.0
1659579300000,23113.1,23194.2,23081.0,23184.7,108775.0
1659580200000,23184.8,23188.2,23112.5,23129.5,48001.0
1659581100000,23129.4,23150.0,23110.0,23135.0,44653.0
1659582000000,23136.5,23155.0,23075.0,23083.5,85197.0
1659582900000,23083.5,23109.5,23030.7,23033.0,69967.0
1659583800000,23033.0,23129.1,23029.0,23075.0,109898.0
1659584700000,23072.7,23104.6,23050.7,23093.5,47229.0
1659585600000,23093.6,23174.0,23071.1,23148.3,87918.0
1659586500000,23150.0,23159.8,23088.4,23136.9,54970.0
1659587400000,23137.0,23155.8,23110.6,23125.0,33938.0
1659588300000,23125.1,23127.0,23066.2,23084.0,61671.0
1659589200000,23084.0,23150.8,23061.0,23078.9,76350.0
1659590100000,23078.8,23087.4,23050.1,23060.8,62502.0
1659591000000,23060.8,23117.0,23060.2,23091.7,54497.0
1659591900000,23091.7,23138.8,23088.6,23121.1,40360.0
1659592800000,23122.0,23188.4,23108.2,23130.3,88193.0
1659593700000,23130.0,23130.0,22815.0,22858.5,502606.0
1659594600000,22858.5,22987.6,22815.1,22932.9,204678.0
1659595500000,22932.9,22967.4,22864.5,22940.9,103443.0
1659596400000,22940.9,23010.8,22910.1,22987.6,110532.0
1659597300000,22987.6,23030.0,22962.0,23008.8,74542.0
1659598200000,23008.9,23019.2,22956.6,22989.1,43699.0
1659599100000,22986.1,22998.8,22923.0,22948.4,62822.0
1659600000000,22948.4,22948.4,22851.8,22869.9,109115.0
1659600900000,22866.9,22928.7,22855.6,22928.2,108625.0
1659601800000,22927.6,22954.6,22833.2,22849.5,107696.0
1659602700000,22849.6,22876.2,22764.1,22805.4,272306.0
1659603600000,22805.3,22854.1,22793.1,22846.7,70019.0
1659604500000,22847.1,22896.5,22833.2,22890.6,48031.0
1659605400000,22890.6,22910.1,22800.0,22843.0,176600.0
1659606300000,22844.0,22895.8,22837.9,22873.2,48616.0
1659607200000,22871.8,22946.0,22868.1,22922.8,92014.0
1659608100000,22923.3,22942.5,22905.6,22922.2,48928.0
1659609000000,22922.3,22957.8,22842.0,22858.3,95765.0
1659609900000,22858.3,22876.9,22828.0,22865.1,55484.0
1659610800000,22865.0,22887.7,22822.6,22837.6,51133.0
1659611700000,22837.6,22903.4,22801.0,22887.1,109763.0
1659612600000,22887.1,22920.0,22870.4,22908.9,63829.0
1659613500000,22906.3,22924.6,22880.5,22882.8,38564.0
1659614400000,22882.7,22986.0,22822.2,22833.8,200599.0
1659615300000,22831.8,22866.1,22752.9,22855.4,199554.0
1659616200000,22853.2,22905.0,22846.1,22877.5,86055.0
1659617100000,22876.9,22930.0,22856.0,22897.7,95411.0
1659618000000,22896.6,22954.4,22843.0,22941.1,122827.0
1659618900000,22941.0,22945.4,22882.0,22937.1,59673.0
1659619800000,22938.8,23102.5,22888.0,23093.8,350666.0
1659620700000,23090.9,23137.0,23027.1,23027.5,273361.0
1659621600000,23029.5,23137.0,22930.0,22954.2,217363.0
1659622500000,22954.6,22988.2,22858.0,22878.3,265511.0
1659623400000,22878.2,22882.7,22790.0,22847.5,220192.0
1659624300000,22847.4,22930.0,22826.9,22922.5,131932.0
1659625200000,22923.0,22954.3,22858.3,22883.9,107719.0
1659626100000,22883.8,22931.9,22840.0,22858.6,78783.0
1659627000000,22856.4,22883.2,22770.0,22813.9,155350.0
1659627900000,22814.0,22950.0,22809.4,22925.4,106460.0
1659628800000,22928.0,22978.3,22876.6,22949.4,105158.0
1659629700000,22946.4,22958.5,22894.5,22924.8,42932.0
1659630600000,22924.9,22927.4,22827.8,22847.1,67737.0
1659631500000,22847.0,22848.4,22520.0,22586.9,801578.0
1659632400000,22586.8,22645.7,22550.0,22596.2,162378.0
1659633300000,22596.3,22641.7,22577.0,22636.6,88866.0
1659634200000,22636.5,22636.5,22563.0,22591.9,72427.0
1659635100000,22592.0,22653.1,22589.6,22632.1,51569.0
1659636000000,22632.1,22647.1,22365.8,22462.6,392270.0
1659636900000,22462.6,22607.7,22461.4,22586.5,160014.0
1659637800000,22586.5,22718.6,22526.7,22532.7,229742.0
1659638700000,22533.4,22581.7,22485.1,22542.9,63721.0
1659639600000,22538.9,22629.7,22501.2,22608.1,69014.0
1659640500000,22606.1,22633.9,22570.1,22586.7,43737.0
1659641400000,22586.6,22593.3,22447.9,22479.4,98615.0
1659642300000,22474.1,22497.2,22424.7,22449.4,72980.0
1659643200000,22449.4,22526.0,22449.0,22488.1,68803.0
1659644100000,22492.4,22527.0,22459.4,22512.7,38105.0
1659645000000,22515.2,22554.6,22495.2,22527.8,45504.0
1659645900000,22527.9,22549.8,22485.8,22512.2,61361.0
1659646800000,22512.2,22568.0,22496.2,22508.9,46228.0
1659647700000,22508.9,22539.1,22490.1,22528.9,25850.0
1659648600000,22528.8,22537.1,22492.1,22532.9,21547.0
1659649500000,22532.8,22542.0,22483.4,22491.8,26490.0
1659650400000,22491.8,22535.3,22450.8,22484.8,63798.0
1659651300000,22484.9,22582.0,22481.4,22553.1,79647.0
1659652200000,22553.1,22612.8,22553.1,22592.5,56541.0
1659653100000,22592.5,22630.0,22585.0,22615.5,60605.0
1659654000000,22617.3,22666.0,22596.1,22631.6,63347.0
1659654900000,22631.6,22650.1,22596.8,22615.0,71280.0
1659655800000,22615.1,22660.8,22569.8,22635.8,49585.0
1659656700000,22635.7,22662.2,22597.1,22619.6,45238.0
1659657600000,22619.6,22680.0,22583.1,22643.6,92060.0
1659658500000,22643.5,22668.5,22620.4,22631.5,40341.0
1659659400000,22631.4,22674.0,22628.7,22646.4,31815.0
1659660300000,22646.3,22679.9,22611.9,22632.7,41303.0
1659661200000,22632.4,22709.0,22631.3,22660.0,50242.0
1659662100000,22659.1,22681.1,22640.0,22660.6,40433.0
1659663000000,22660.6,22777.0,22653.3,22754.4,136606.0
1659663900000,22754.3,22913.9,22739.0,22889.5,338550.0
1659664800000,22889.4,22957.9,22859.4,22885.3,219951.0
1659665700000,22885.3,22973.6,22885.3,22973.1,142626.0
1659666600000,22973.2,23098.1,22973.2,23061.4,354153.0
1659667500000,23061.5,23116.9,23031.0,23045.8,178717.0
1659668400000,23043.1,23100.0,23042.9,23050.5,123657.0
1659669300000,23052.1,23213.0,23044.0,23173.3,248475.0
1659670200000,23173.7,23190.1,23112.7,23150.4,123785.0
1659671100000,23150.3,23195.0,23133.0,23170.5,68569.0
1659672000000,23173.7,23265.4,23136.3,23207.1,286676.0
1659672900000,23207.2,23210.6,23145.5,23179.7,92572.0
1659673800000,23181.3,23181.4,23125.6,23130.9,66807.0
1659674700000,23131.0,23168.0,23093.1,23157.9,69186.0
1659675600000,23156.8,23167.9,23067.4,23091.8,84147.0
1659676500000,23091.8,23109.6,23071.8,23079.4,53243.0
1659677400000,23079.4,23096.4,23067.7,23093.6,51572.0
1659678300000,23093.5,23231.2,23093.5,23193.0,138814.0
1659679200000,23192.6,23434.3,23192.5,23281.4,471579.0
1659680100000,23281.4,23322.0,23246.0,23246.0,104880.0
1659681000000,23246.0,23269.1,23240.1,23245.7,58044.0
1659681900000,23245.7,23285.9,23240.2,23281.4,42218.0
1659682800000,23281.5,23292.6,23186.3,23216.1,103792.0
1659683700000,23216.0,23228.5,23170.0,23198.0,94192.0
1659684600000,23197.9,23213.5,23185.0,23203.0,62772.0
1659685500000,23203.1,23208.8,23164.6,23187.9,54765.0
1659686400000,23188.2,23250.0,23182.0,23242.6,60706.0
1659687300000,23242.5,23256.4,23125.4,23137.9,120567.0
1659688200000,23137.8,23152.4,23117.4,23129.6,79115.0
1659689100000,23129.6,23147.0,23102.0,23147.0,67261.0
1659690000000,23146.9,23163.9,23124.3,23147.8,42871.0
1659690900000,23147.7,23188.7,23137.3,23155.0,53380.0
1659691800000,23155.0,23176.0,23141.0,23170.0,33825.0
1659692700000,23169.9,23169.9,23131.6,23133.0,37890.0
1659693600000,23134.6,23166.7,23107.1,23134.8,47624.0
1659694500000,23134.8,23220.8,23129.5,23185.0,73017.0
1659695400000,23185.3,23235.0,23175.2,23217.9,60439.0
1659696300000,23218.0,23255.0,23151.4,23196.7,61638.0
1659697200000,23198.0,23221.8,23154.0,23199.8,64870.0
1659698100000,23199.8,23308.0,23156.0,23286.1,264976.0
1659699000000,23286.0,23421.8,23256.3,23375.7,262359.0
1659699900000,23375.6,23448.5,23340.1,23406.5,195814.0
1659700800000,23404.4,23480.1,23366.0,23395.2,223124.0
1659701700000,23389.4,23418.5,23348.8,23405.0,104866.0
1659702600000,23402.2,23403.4,23066.1,23083.3,509177.0
1659703500000,23083.3,23083.3,22899.9,23019.9,480320.0
1659704400000,23019.9,23090.0,22859.0,22943.0,344242.0
1659705300000,22943.0,23011.0,22937.1,23003.5,127820.0
1659706200000,23003.6,23098.0,22986.6,23046.9,257519.0
1659707100000,23048.0,23062.2,22991.3,23052.2,96438.0
1659708000000,23050.9,23308.0,23024.1,23281.5,373425.0
1659708900000,23281.5,23359.3,23183.6,23239.2,351345.0
1659709800000,23237.7,23251.2,23172.2,23206.7,109975.0
1659710700000,23206.7,23320.1,23163.9,23173.3,200021.0
1659711600000,23173.2,23199.6,23075.2,23076.6,137845.0
1659712500000,23076.7,23141.3,22945.7,22970.8,208210.0
1659713400000,22970.8,23063.3,22955.3,23008.8,129512.0
1659714300000,23010.0,23054.8,22991.5,22991.6,89499.0
1659715200000,22991.6,23045.3,22933.2,22992.7,120152.0
1659716100000,22992.8,23066.0,22970.3,22990.8,118904.0
1659717000000,22989.3,23016.1,22908.0,23002.0,166198.0
1659717900000,23001.9,23035.9,22975.4,23033.7,87996.0
1659718800000,23034.4,23104.1,22988.9,23047.9,147551.0
1659719700000,23048.6,23066.6,22968.0,22973.5,107568.0
1659720600000,22973.5,23034.6,22950.4,22965.7,58000.0
1659721500000,22965.2,22986.0,22804.0,22826.4,300092.0
1659722400000,22826.3,22888.6,22805.7,22832.8,111328.0
1659723300000,22833.0,22882.0,22780.4,22790.3,96430.0
1659724200000,22790.3,22852.6,22786.4,22842.1,41940.0
1659725100000,22842.1,22842.1,22754.1,22803.7,54354.0
1659726000000,22805.7,22888.0,22774.6,22874.3,59227.0
1659726900000,22876.6,22923.9,22845.4,22873.0,86890.0
1659727800000,22873.0,22935.0,22864.1,22906.8,31924.0
1659728700000,22906.9,22955.0,22903.2,22932.1,53992.0
1659729600000,22932.2,22932.5,22844.3,22900.2,58888.0
1659730500000,22900.4,22966.5,22900.0,22926.1,34131.0
1659731400000,22927.4,22951.8,22905.6,22949.6,25960.0
1659732300000,22949.6,23001.5,22941.0,22978.2,40602.0
1659733200000,22980.0,23173.0,22980.0,23162.4,157548.0
1659734100000,23160.0,23233.9,23064.8,23177.4,176649.0
1659735000000,23177.5,23180.7,23092.1,23100.6,38556.0
1659735900000,23101.1,23158.1,23099.6,23108.1,39144.0
1659736800000,23109.0,23190.0,23109.0,23168.8,57013.0
1659737700000,23168.9,23205.9,23141.5,23150.8,47820.0
1659738600000,23150.7,23227.5,23150.7,23210.6,49719.0
1659739500000,23210.5,23280.9,23161.4,23242.2,135504.0
1659740400000,23242.3,23281.7,23185.6,23253.4,111124.0
1659741300000,23253.4,23255.3,23209.3,23233.9,56212.0
1659742200000,23233.9,23282.0,23215.0,23248.2,54354.0
1659743100000,23248.1,23320.0,23151.0,23306.3,167806.0
1659744000000,23306.3,23332.6,23202.7,23229.6,107654.0
1659744900000,23229.6,23285.0,23198.0,23242.4,74501.0
1659745800000,23242.4,23314.3,23242.4,23301.1,67697.0
1659746700000,23301.0,23350.0,23233.0,23261.7,118229.0
1659747600000,23260.8,23294.0,23238.2,23266.3,46874.0
1659748500000,23265.9,23284.0,23208.5,23240.8,49306.0
1659749400000,23240.0,23244.0,23206.0,23221.7,33178.0
1659750300000,23221.7,23283.4,23186.4,23222.1,88409.0
1659751200000,23222.0,23243.9,23191.4,23240.1,37522.0
1659752100000,23241.7,23254.1,23196.7,23228.0,45383.0
1659753000000,23224.0,23230.0,23191.2,23221.5,35506.0
1659753900000,23221.5,23287.8,23221.5,23267.9,36818.0
1659754800000,23268.0,23281.5,23205.0,23213.9,44639.0
1659755700000,23213.9,23213.9,23151.1,23184.0,56919.0
1659756600000,23184.0,23218.5,23170.1,23201.6,42113.0
1659757500000,23200.9,23203.4,23161.7,23172.6,42753.0
1659758400000,23172.6,23187.7,23163.1,23184.7,28757.0
1659759300000,23184.7,23225.1,23170.0,23200.0,53044.0
1659760200000,23201.0,23210.0,23181.6,23199.9,17463.0
1659761100000,23197.0,23223.0,23186.1,23207.2,32012.0
1659762000000,23207.2,23232.0,23177.5,23188.9,42119.0
1659762900000,23187.3,23201.1,23133.3,23147.8,94045.0
1659763800000,23145.4,23178.1,23142.4,23175.9,38446.0
1659764700000,23175.9,23203.7,23161.0,23196.7,35559.0
1659765600000,23196.7,23207.9,23180.0,23191.6,23298.0
1659766500000,23191.5,23203.0,23155.0,23171.1,34432.0
1659767400000,23171.0,23198.0,23133.0,23145.0,48363.0
1659768300000,23145.0,23197.9,23145.0,23189.4,39612.0
1659769200000,23189.4,23200.1,23164.7,23170.6,37024.0
1659770100000,23170.6,23200.0,23170.2,23182.1,29584.0
1659771000000,23182.0,23198.7,23177.6,23183.6,15018.0
1659771900000,23183.5,23232.0,23178.0,23199.0,44590.0
1659772800000,23198.6,23228.0,23181.3,23227.0,67997.0
1659773700000,23227.1,23256.9,23195.4,23206.9,70624.0
1659774600000,23207.0,23207.6,23101.2,23163.4,213063.0
1659775500000,23163.4,23193.0,23129.0,23152.1,66598.0
1659776400000,23152.0,23170.2,23136.4,23154.8,34013.0
1659777300000,23154.8,23185.1,23146.6,23161.4,50139.0
1659778200000,23158.5,23194.9,23145.4,23187.3,27226.0
1659779100000,23187.4,23187.4,23160.0,23169.5,17421.0
1659780000000,23169.4,23191.9,23166.2,23185.0,21882.0
1659780900000,23185.0,23203.7,23171.2,23200.6,36240.0
1659781800000,23201.0,23210.5,23184.6,23204.5,34927.0
1659782700000,23204.5,23204.8,23172.5,23178.0,40349.0
1659783600000,23178.6,23196.5,23170.0,23187.9,23533.0
1659784500000,23188.0,23199.7,23161.2,23170.2,33953.0
1659785400000,23170.1,23184.5,23153.9,23179.0,23807.0
1659786300000,23179.0,23183.3,23150.0,23156.7,28273.0
1659787200000,23156.8,23184.6,23156.8,23178.5,17087.0
1659788100000,23178.4,23195.0,23155.9,23195.0,30734.0
1659789000000,23194.9,23204.1,23165.9,23167.6,32590.0
1659789900000,23167.5,23188.2,23161.7,23171.5,18759.0
1659790800000,23171.6,23230.0,23164.7,23219.0,59265.0
1659791700000,23219.0,23224.9,23193.4,23194.0,27337.0
1659792600000,23193.9,23208.2,23180.0,23205.1,22898.0
1659793500000,23205.1,23208.0,23180.0,23187.8,24659.0
1659794400000,23187.8,23210.0,23167.9,23210.0,28851.0
1659795300000,23210.6,23222.0,23188.0,23192.6,35433.0
1659796200000,23192.6,23204.6,23187.0,23204.6,9667.0
1659797100000,23204.6,23230.0,23192.6,23217.4,39017.0
1659798000000,23218.8,23228.0,23192.9,23214.2,35594.0
1659798900000,23214.1,23214.9,23184.3,23187.7,19721.0
1659799800000,23187.8,23205.0,23164.0,23194.8,38194.0
1659800700000,23194.9,23206.5,23180.6,23197.1,17350.0
1659801600000,23196.5,23224.9,23186.9,23192.3,28162.0
1659802500000,23192.2,23219.4,23188.0,23208.7,19883.0
1659803400000,23208.6,23218.4,23194.3,23201.6,20817.0
1659804300000,23201.6,23210.1,23138.5,23157.0,53806.0
1659805200000,23156.9,23156.9,22937.0,23079.8,362123.0
1659806100000,23079.9,23235.7,23051.9,23197.8,202073.0
1659807000000,23197.7,23263.1,23144.1,23165.1,123952.0
1659807900000,23165.1,23198.0,23100.5,23130.1,50319.0
1659808800000,23130.0,23135.0,23083.6,23126.9,66989.0
1659809700000,23127.0,23158.9,23101.0,23138.2,34790.0
1659810600000,23138.3,23208.1,23138.2,23190.4,42457.0
1659811500000,23193.6,23216.7,23171.7,23186.9,39901.0
1659812400000,23186.9,23207.9,23172.6,23192.9,14598.0
1659813300000,23195.8,23209.2,23146.3,23178.2,27212.0
1659814200000,23178.2,23202.0,23162.3,23191.6,18122.0
1659815100000,23191.6,23206.6,23176.1,23186.7,12981.0
1659816000000,23186.8,23203.3,23151.7,23157.0,15545.0
1659816900000,23160.1,23160.2,23107.3,23130.1,40649.0
1659817800000,23130.0,23171.2,23115.1,23142.6,23037.0
1659818700000,23142.6,23176.8,23126.8,23176.2,21670.0
1659819600000,23176.2,23212.2,23170.6,23197.5,34964.0
1659820500000,23197.5,23208.9,23171.0,23186.3,32564.0
1659821400000,23186.3,23186.6,23180.8,23183.9,2420.0
1659822300000,23183.9,23206.9,23180.7,23183.9,10271.0
1659823200000,23183.8,23222.0,23156.9,23174.1,25508.0
1659824100000,23175.7,23179.6,23151.1,23166.1,18146.0
1659825000000,23166.4,23185.0,23152.6,23176.9,16576.0
1659825900000,23177.0,23190.5,23163.8,23176.1,15143.0
1659826800000,23176.8,23176.8,23142.3,23154.2,19610.0
1659827700000,23154.2,23154.2,22975.2,22999.9,179487.0
1659828600000,22999.9,23015.9,22886.1,22975.1,171014.0
1659829500000,22975.0,22984.1,22913.4,22953.5,71718.0
1659830400000,22952.2,22991.5,22918.0,22962.6,97984.0
1659831300000,22962.6,22999.0,22956.6,22998.0,42663.0
1659832200000,22998.0,23046.8,22990.1,23043.2,53060.0
1659833100000,23043.2,23043.2,22848.0,22887.1,173699.0
1659834000000,22887.1,22933.2,22848.4,22897.4,107465.0
1659834900000,22897.4,22900.2,22876.9,22895.7,44473.0
1659835800000,22897.0,22928.7,22878.8,22904.9,83221.0
1659836700000,22904.6,22920.5,22899.1,22907.7,24568.0
1659837600000,22907.3,22952.6,22902.3,22944.1,33034.0
1659838500000,22944.2,22950.0,22930.8,22942.6,18576.0
1659839400000,22943.7,22956.6,22932.6,22947.1,25169.0
1659840300000,22947.1,23001.5,22947.1,22993.3,43677.0
1659841200000,22993.2,23037.1,22975.9,23003.1,64596.0
1659842100000,23003.0,23015.5,22967.8,22984.2,37009.0
1659843000000,22984.2,23000.0,22963.7,22988.2,31782.0
1659843900000,22990.7,22995.6,22975.0,22985.1,16649.0
1659844800000,22985.1,23008.5,22974.0,22992.8,28231.0
1659845700000,22992.9,23010.0,22982.5,22994.4,21140.0
1659846600000,22994.4,23020.0,22950.7,22969.0,44627.0
1659847500000,22969.1,22970.0,22936.5,22940.9,70689.0
1659848400000,22941.0,22976.7,22941.0,22966.2,58925.0
1659849300000,22966.0,22988.0,22951.9,22985.2,20058.0
1659850200000,22985.2,22991.9,22957.3,22958.9,32414.0
1659851100000,22958.8,22973.1,22950.4,22960.8,17131.0
1659852000000,22961.4,22991.1,22958.9,22991.1,16108.0
1659852900000,22991.1,23000.5,22977.0,22981.2,28514.0
1659853800000,22981.1,23012.0,22979.1,22996.6,28078.0
1659854700000,22996.6,23019.9,22989.8,22999.8,18482.0
1659855600000,22999.8,23012.9,22984.6,23008.8,21517.0
1659856500000,23008.3,23008.3,22990.2,22995.7,15231.0
1659857400000,22995.7,23014.7,22995.7,23005.4,19847.0
1659858300000,23006.7,23023.4,22986.0,23009.1,33646.0
1659859200000,23007.8,23016.3,22962.0,22962.1,81306.0
1659860100000,22962.1,22985.2,22962.0,22978.4,18991.0
1659861000000,22978.3,22988.5,22949.0,22964.8,36317.0
1659861900000,22964.8,22974.3,22900.0,22920.9,74192.0
1659862800000,22920.9,22944.4,22900.0,22905.4,66212.0
1659863700000,22905.4,22946.2,22889.7,22945.5,72215.0
1659864600000,22945.5,22978.5,22938.0,22938.1,76928.0
1659865500000,22938.1,22975.0,22938.1,22974.0,18598.0
1659866400000,22972.9,22978.0,22956.5,22966.5,15490.0
1659867300000,22966.5,23005.7,22966.5,22992.9,45879.0
1659868200000,22993.0,22999.8,22977.0,22979.4,17645.0
1659869100000,22979.4,23000.0,22979.4,22994.2,19579.0
1659870000000,22994.3,23004.0,22985.4,22991.6,17109.0
1659870900000,22991.7,22994.2,22958.0,22966.6,27999.0
1659871800000,22966.6,22979.0,22960.9,22977.3,11371.0
1659872700000,22977.3,23047.0,22976.9,23039.4,102951.0
1659873600000,23036.3,23148.4,23036.3,23097.3,222258.0
1659874500000,23097.2,23121.1,23038.2,23062.9,77824.0
1659875400000,23067.9,23087.2,23050.0,23082.0,29578.0
1659876300000,23082.0,23140.0,23063.5,23113.7,78472.0
1659877200000,23112.3,23175.7,23112.3,23147.6,147520.0
1659878100000,23147.5,23183.5,23124.9,23141.6,58840.0
1659879000000,23141.6,23157.5,23130.6,23139.4,29969.0
1659879900000,23139.4,23154.9,23127.8,23150.7,29001.0
1659880800000,23150.7,23168.0,23130.0,23148.5,47472.0
1659881700000,23147.4,23147.9,23084.2,23094.4,75497.0
1659882600000,23094.4,23124.5,23050.0,23109.1,110271.0
1659883500000,23109.2,23128.0,23098.0,23115.8,31722.0
1659884400000,23115.9,23124.0,23080.1,23100.5,29007.0
1659885300000,23100.6,23100.6,23035.0,23050.9,78245.0
1659886200000,23050.8,23066.2,23012.5,23064.4,62508.0
1659887100000,23064.3,23079.9,23012.6,23021.1,71154.0
1659888000000,23021.1,23092.4,22987.4,23087.6,125429.0
1659888900000,23087.6,23107.9,23077.0,23097.0,59592.0
1659889800000,23097.1,23135.0,23097.1,23112.9,55301.0
1659890700000,23113.0,23113.0,23083.8,23092.4,28980.0
1659891600000,23092.4,23309.3,23090.1,23228.2,228373.0
1659892500000,23228.1,23276.7,23191.9,23222.9,159211.0
1659893400000,23222.9,23266.8,23222.8,23238.5,49213.0
1659894300000,23236.7,23265.5,23206.0,23245.5,41089.0
1659895200000,23245.4,23285.4,23234.1,23256.0,59937.0
1659896100000,23256.0,23279.0,23231.5,23239.9,57055.0
1659897000000,23240.0,23245.0,23211.0,23221.3,26876.0
1659897900000,23221.3,23226.5,23190.0,23217.2,32185.0
1659898800000,23217.2,23225.3,23175.1,23206.4,26252.0
1659899700000,23206.4,23220.0,23183.8,23186.1,13509.0
1659900600000,23186.1,23208.2,23180.2,23192.7,16899.0
1659901500000,23192.8,23196.6,23149.0,23162.6,35729.0
1659902400000,23164.9,23225.0,23155.0,23188.0,30814.0
1659903300000,23187.9,23275.7,23186.3,23224.6,43095.0
1659904200000,23224.5,23274.5,23224.5,23236.2,31177.0
1659905100000,23236.2,23275.2,23230.4,23263.4,25217.0
1659906000000,23263.5,23413.5,23263.5,23369.0,269424.0
1659906900000,23369.4,23381.1,23314.2,23331.5,40498.0
1659907800000,23331.4,23335.8,23281.0,23296.3,30722.0
1659908700000,23296.4,23320.0,23292.6,23311.0,24118.0
1659909600000,23312.2,23332.1,23246.3,23289.8,66282.0
1659910500000,23290.3,23315.5,23252.7,23263.8,36352.0
1659911400000,23262.3,23272.0,23216.4,23222.7,32830.0
1659912300000,23222.7,23250.0,23222.7,23241.2,20627.0
1659913200000,23241.1,23251.8,23104.5,23115.9,112109.0
1659914100000,23115.9,23132.7,23063.0,23104.2,99933.0
1659915000000,23104.2,23195.8,23100.1,23192.9,54445.0
1659915900000,23192.9,23198.9,23158.0,23178.3,29829.0
1659916800000,23178.3,23288.5,23159.1,23288.4,95566.0
1659917700000,23288.4,23352.3,23248.0,23250.2,156276.0
1659918600000,23250.3,23257.8,23191.6,23243.4,85502.0
1659919500000,23243.3,23277.7,23229.3,23259.3,40997.0
1659920400000,23259.4,23269.9,23212.7,23225.4,34839.0
1659921300000,23225.5,23240.8,23184.8,23218.8,53688.0
1659922200000,23218.8,23218.9,23162.0,23186.9,72696.0
1659923100000,23186.9,23224.3,23168.9,23217.9,50541.0
1659924000000,23218.0,23260.0,23197.5,23257.6,56972.0
1659924900000,23257.6,23280.4,23220.6,23239.3,36250.0
1659925800000,23239.5,23310.0,23234.2,23299.4,98365.0
1659926700000,23299.5,23317.4,23265.3,23295.4,72662.0
1659927600000,23295.5,23313.5,23250.9,23271.3,50138.0
1659928500000,23271.2,23306.9,23268.0,23293.2,26684.0
1659929400000,23293.2,23344.7,23278.4,23309.7,60094.0
1659930300000,23309.7,23318.0,23288.1,23298.4,32608.0
1659931200000,23298.4,23319.0,23289.1,23312.1,29236.0
1659932100000,23312.0,23350.0,23270.8,23289.7,80408.0
1659933000000,23289.6,23315.5,23289.6,23310.4,25863.0
1659933900000,23310.5,23347.1,23310.5,23336.0,53981.0
1659934800000,23336.0,23366.2,23327.5,23334.3,49603.0
1659935700000,23334.3,23395.0,23331.1,23377.7,95708.0
1659936600000,23377.7,23447.3,23360.2,23404.1,154566.0
1659937500000,23404.1,23467.7,23404.1,23421.7,113837.0
1659938400000,23423.4,23632.4,23423.4,23573.3,541537.0
1659939300000,23573.4,23648.0,23573.4,23627.3,214018.0
1659940200000,23627.7,23763.0,23626.7,23699.4,399206.0
1659941100000,23699.4,23777.0,23689.1,23725.6,190936.0
1659942000000,23725.6,23793.7,23725.6,23764.4,141709.0
1659942900000,23764.5,23830.0,23676.9,23805.7,281641.0
1659943800000,23805.8,23833.9,23760.0,23775.0,121827.0
1659944700000,23774.4,23844.8,23754.7,23802.7,107135.0
1659945600000,23802.4,23877.0,23775.0,23790.5,181665.0
1659946500000,23788.2,23956.7,23763.5,23914.9,286647.0
1659947400000,23914.9,24060.0,23908.1,23994.2,412557.0
1659948300000,23994.9,24170.0,23990.1,24123.7,582044.0
1659949200000,24123.7,24179.9,24095.0,24102.0,268001.0
1659950100000,24102.0,24157.0,24097.7,24126.0,121395.0
1659951000000,24125.9,24139.4,24077.1,24139.1,98016.0
1659951900000,24139.0,24155.0,24053.5,24091.2,107735.0
1659952800000,24091.1,24115.0,24070.2,24070.2,87603.0
1659953700000,24070.3,24103.5,24003.5,24037.5,138427.0
1659954600000,24037.6,24120.0,24033.9,24094.1,112157.0
1659955500000,24093.6,24108.5,24060.0,24060.2,44686.0
1659956400000,24060.2,24064.9,24022.2,24041.9,85970.0
1659957300000,24041.9,24086.3,24016.5,24057.0,49090.0
1659958200000,24057.1,24138.6,24044.1,24110.0,163767.0
1659959100000,24109.9,24187.1,24100.0,24162.0,159495.0
1659960000000,24162.0,24249.5,24131.4,24200.0,276721.0
1659960900000,24200.0,24216.7,24064.6,24136.1,210389.0
1659961800000,24136.0,24146.3,24072.5,24108.5,81637.0
1659962700000,24108.4,24145.5,24090.6,24122.6,74665.0
1659963600000,24121.0,24122.5,24044.0,24065.3,109651.0
1659964500000,24065.4,24083.4,24005.3,24048.4,135511.0
1659965400000,24048.4,24180.9,24020.7,24180.4,184822.0
1659966300000,24180.3,24206.2,24151.0,24158.1,194779.0
1659967200000,24158.1,24195.0,24061.1,24150.8,180039.0
1659968100000,24149.9,24183.5,24120.0,24146.6,62905.0
1659969000000,24146.6,24215.0,24121.0,24210.0,130216.0
1659969900000,24210.1,24213.9,24121.0,24142.4,98797.0
1659970800000,24142.5,24210.0,24142.5,24194.6,103320.0
1659971700000,24194.6,24194.6,23954.0,23968.0,401342.0
1659972600000,23968.1,24028.2,23890.0,23945.3,265329.0
1659973500000,23945.3,24022.1,23918.0,23989.6,165909.0
1659974400000,23989.5,24006.9,23890.7,23948.7,140032.0
1659975300000,23937.2,23945.8,23826.5,23869.7,235870.0
1659976200000,23869.8,23951.6,23856.5,23940.0,125702.0
1659977100000,23940.0,23962.6,23911.1,23942.1,73771.0
1659978000000,23942.0,23985.0,23905.0,23965.6,55522.0
1659978900000,23965.5,23990.0,23918.0,23921.4,55439.0
1659979800000,23921.9,23965.0,23918.0,23938.3,50879.0
1659980700000,23940.0,23978.0,23925.5,23967.1,40623.0
1659981600000,23967.0,23969.5,23880.0,23909.4,55479.0
1659982500000,23910.9,23952.0,23890.7,23950.7,38430.0
1659983400000,23950.9,23983.5,23937.4,23964.2,70371.0
1659984300000,23965.8,23968.4,23905.1,23919.0,46906.0
1659985200000,23916.9,23936.0,23890.8,23897.9,32678.0
1659986100000,23895.7,23950.0,23790.1,23935.8,181623.0
1659987000000,23935.7,23954.9,23881.7,23950.2,73610.0
1659987900000,23950.1,23951.5,23884.9,23928.0,45901.0
1659988800000,23926.6,23939.6,23910.1,23914.7,19315.0
1659989700000,23914.7,23963.0,23914.7,23959.3,25658.0
1659990600000,23959.4,23974.0,23942.1,23957.0,24988.0
1659991500000,23955.1,24109.8,23944.1,24062.1,205234.0
1659992400000,24062.2,24062.2,23815.9,23853.6,203866.0
1659993300000,23853.5,23859.8,23753.4,23840.5,131934.0
1659994200000,23842.0,23855.1,23781.4,23841.3,36858.0
1659995100000,23841.2,23858.0,23817.4,23849.3,34274.0
1659996000000,23849.3,23852.2,23780.0,23789.8,83205.0
1659996900000,23789.6,23828.0,23781.8,23806.2,33445.0
1659997800000,23806.3,23830.6,23680.0,23713.2,92443.0
1659998700000,23713.2,23821.6,23666.6,23813.7,99518.0
1659999600000,23813.7,23914.5,23810.0,23867.0,95522.0
1660000500000,23867.0,23921.0,23760.6,23782.9,140513.0
1660001400000,23782.9,23827.6,23757.7,23769.6,47814.0
1660002300000,23769.6,23821.0,23767.7,23815.0,52611.0
1660003200000,23814.1,23833.0,23730.0,23790.0,96091.0
1660004100000,23789.9,23854.3,23780.1,23829.0,45231.0
1660005000000,23829.0,23869.6,23816.1,23841.6,60744.0
1660005900000,23842.2,23845.9,23784.8,23795.7,27385.0
1660006800000,23795.8,23814.8,23760.4,23778.6,54036.0
1660007700000,23778.1,23826.0,23778.0,23814.4,43381.0
1660008600000,23813.1,23837.5,23780.1,23797.2,57736.0
1660009500000,23797.1,23797.2,23710.0,23736.4,130069.0
1660010400000,23737.6,23769.4,23671.0,23688.0,115548.0
1660011300000,23688.1,23782.4,23634.9,23771.0,173708.0
1660012200000,23771.1,23788.0,23771.0,23779.2,29791.0
1660013100000,23779.4,23814.9,23779.4,23807.8,35494.0
1660014000000,23807.8,23844.0,23782.1,23824.2,51714.0
1660014900000,23824.1,23850.0,23812.7,23848.2,58089.0
1660015800000,23848.2,23848.3,23817.8,23831.7,41494.0
1660016700000,23831.8,23836.7,23808.1,23830.8,32300.0
1660017600000,23830.8,23878.8,23821.3,23832.5,72564.0
1660018500000,23832.6,23841.6,23791.2,23817.6,60073.0
1660019400000,23817.7,23855.0,23805.0,23853.7,35242.0
1660020300000,23853.8,23897.9,23846.8,23878.6,72445.0
1660021200000,23878.7,23896.7,23851.0,23866.6,52001.0
1660022100000,23866.5,23882.2,23860.3,23863.8,27920.0
1660023000000,23863.8,23923.0,23855.2,23880.8,66812.0
1660023900000,23882.2,23890.9,23863.7,23866.8,27355.0
1660024800000,23866.9,23871.3,23760.5,23800.0,133271.0
1660025700000,23800.1,23819.7,23757.0,23773.1,76062.0
1660026600000,23770.8,23817.9,23765.0,23808.6,39701.0
1660027500000,23808.5,23854.8,23778.2,23850.7,78430.0
1660028400000,23849.1,23900.0,23819.8,23867.1,111758.0
1660029300000,23867.1,23899.0,23811.2,23831.5,64523.0
1660030200000,23830.4,23859.9,23823.6,23846.4,31437.0
1660031100000,23846.3,23872.0,23820.8,23872.0,85500.0
1660032000000,23872.0,23883.0,23790.0,23820.4,117374.0
1660032900000,23820.4,23836.0,23791.3,23828.5,47756.0
1660033800000,23828.5,23847.3,23797.0,23809.4,43601.0
1660034700000,23809.4,23816.6,23763.6,23771.9,76818.0
1660035600000,23774.1,23821.7,23755.6,23809.8,51096.0
1660036500000,23806.5,23825.0,23680.7,23704.7,176882.0
1660037400000,23704.7,23740.7,23561.4,23600.4,381531.0
1660038300000,23600.5,23624.3,23452.6,23472.7,451730.0
1660039200000,23472.7,23530.2,23439.0,23461.2,263240.0
1660040100000,23459.5,23479.3,23363.3,23374.2,352396.0
1660041000000,23376.9,23407.7,23338.6,23363.0,204632.0
1660041900000,23362.9,23414.0,23350.0,23350.1,141278.0
1660042800000,23350.1,23406.0,23334.0,23369.7,159276.0
1660043700000,23369.7,23408.0,23345.0,23362.9,109496.0
1660044600000,23362.9,23390.0,23237.3,23273.8,354514.0
1660045500000,23273.7,23307.0,23172.9,23265.7,339417.0
1660046400000,23265.6,23287.5,23214.2,23253.2,105106.0
1660047300000,23255.0,23307.0,23225.9,23270.0,115251.0
1660048200000,23269.9,23307.4,23242.7,23268.4,98410.0
1660049100000,23268.4,23268.4,23205.0,23242.5,128036.0
1660050000000,23242.5,23270.5,23215.7,23234.1,70070.0
1660050900000,23234.1,23298.0,23195.0,23292.5,106384.0
1660051800000,23292.5,23326.5,23230.9,23297.4,184434.0
1660052700000,23297.5,23320.0,23024.8,23068.8,503412.0
1660053600000,23068.8,23072.6,22851.7,22958.0,607742.0
1660054500000,22956.3,23047.6,22945.3,23037.0,178874.0
1660055400000,23037.0,23090.0,23017.4,23069.8,129414.0
1660056300000,23069.9,23118.0,23051.1,23090.9,102054.0
1660057200000,23090.8,23123.0,23031.0,23123.0,102115.0
1660058100000,23121.1,23160.0,23096.5,23118.4,101817.0
1660059000000,23118.5,23132.7,23071.1,23101.2,62900.0
1660059900000,23102.0,23123.0,23071.0,23071.3,43840.0
1660060800000,23071.3,23093.9,23013.3,23048.4,121812.0
1660061700000,23051.9,23096.4,22982.6,23036.9,120624.0
1660062600000,23037.0,23114.0,23031.9,23099.6,78065.0
1660063500000,23095.4,23117.5,23055.2,23074.0,41530.0
1660064400000,23074.7,23107.7,23043.1,23086.8,43793.0
1660065300000,23086.4,23125.0,23072.7,23120.0,48137.0
1660066200000,23119.9,23133.2,23000.0,23026.7,107540.0
1660067100000,23026.6,23064.9,22975.8,23060.4,70816.0
1660068000000,23057.4,23075.0,23033.6,23062.1,39051.0
1660068900000,23061.5,23065.0,22990.0,23020.1,46786.0
1660069800000,23020.0,23064.9,23000.0,23004.9,24090.0
1660070700000,23004.9,23074.3,23001.7,23058.1,31636.0
1660071600000,23058.1,23067.2,23007.1,23023.3,30745.0
1660072500000,23026.0,23083.0,23022.8,23057.7,26634.0
1660073400000,23057.8,23078.1,23050.1,23050.4,23744.0
1660074300000,23050.4,23098.0,23035.0,23059.0,33316.0
1660075200000,23058.9,23107.1,23054.5,23061.2,35695.0
1660076100000,23061.2,23118.5,23061.2,23115.5,26456.0
1660077000000,23115.5,23147.4,23106.2,23127.6,33843.0
1660077900000,23127.5,23185.9,23121.0,23136.7,60846.0
1660078800000,23139.9,23185.7,23124.6,23175.1,29085.0
1660079700000,23175.0,23211.8,23174.0,23200.9,55282.0
1660080600000,23201.6,23205.6,23161.1,23165.9,24307.0
1660081500000,23165.9,23199.6,23165.9,23188.8,16358.0
1660082400000,23189.0,23220.7,23143.4,23206.7,54007.0
1660083300000,23204.4,23257.3,23196.4,23238.2,71913.0
1660084200000,23238.1,23262.9,23131.3,23148.4,58033.0
1660085100000,23148.4,23179.3,23125.0,23169.9,52975.0
1660086000000,23170.0,23236.6,23162.7,23224.0,55714.0
1660086900000,23223.9,23226.9,23173.1,23198.8,31958.0
1660087800000,23198.7,23222.2,23176.2,23179.0,33446.0
1660088700000,23179.0,23188.4,23134.5,23151.4,41011.0
1660089600000,23149.6,23149.6,23051.2,23089.6,104421.0
1660090500000,23087.6,23098.5,23015.1,23037.4,64969.0
1660091400000,23037.3,23037.3,22650.0,22761.8,751014.0
1660092300000,22761.8,22787.4,22694.2,22772.3,185260.0
1660093200000,22772.2,22875.0,22760.0,22866.5,110691.0
1660094100000,22866.5,22950.0,22850.0,22925.4,106298.0
1660095000000,22925.5,22925.5,22832.6,22832.6,89248.0
1660095900000,22832.5,22896.3,22827.0,22884.6,63994.0
1660096800000,22884.7,22917.8,22853.3,22865.3,61430.0
1660097700000,22867.1,22881.9,22772.0,22838.9,123805.0
1660098600000,22838.8,22854.9,22782.6,22848.1,71203.0
1660099500000,22848.2,22923.0,22848.2,22909.7,60402.0
1660100400000,22909.6,22935.0,22869.0,22881.0,62617.0
1660101300000,22881.0,22916.0,22870.0,22894.9,38306.0
1660102200000,22894.9,22913.0,22861.7,22888.5,44099.0
1660103100000,22888.5,22902.9,22850.0,22861.4,59615.0
1660104000000,22861.9,22901.8,22856.0,22891.4,54573.0
1660104900000,22892.0,22922.3,22885.6,22902.2,58840.0
1660105800000,22902.2,22982.4,22902.2,22972.1,92607.0
1660106700000,22972.0,23008.0,22916.0,22945.1,119434.0
1660107600000,22945.1,22963.6,22939.3,22945.0,37727.0
1660108500000,22945.0,22961.0,22915.8,22926.6,27367.0
1660109400000,22926.6,22941.0,22887.2,22900.0,57388.0
1660110300000,22900.1,22916.0,22887.0,22905.4,37504.0
1660111200000,22904.9,22912.3,22856.1,22868.5,52313.0
1660112100000,22868.5,22906.8,22838.0,22883.3,69803.0
1660113000000,22883.3,22920.0,22858.2,22914.7,67999.0
1660113900000,22914.7,22954.0,22914.7,22940.0,88351.0
1660114800000,22940.1,22973.9,22928.1,22965.3,61078.0
1660115700000,22964.9,22972.6,22945.5,22954.6,30251.0
1660116600000,22954.7,23001.5,22954.7,22994.5,67721.0
1660117500000,22994.1,23006.6,22924.8,22967.6,83393.0
1660118400000,22967.6,23000.0,22965.7,22976.3,54471.0
1660119300000,22976.4,23039.2,22975.8,23021.0,73929.0
1660120200000,23023.4,23065.0,23023.4,23050.6,84468.0
1660121100000,23050.6,23137.0,23050.2,23100.9,137681.0
1660122000000,23101.0,23123.9,23072.4,23080.5,93719.0
1660122900000,23080.6,23121.6,23042.9,23072.0,95955.0
1660123800000,23072.1,23085.0,23025.9,23052.5,69149.0
1660124700000,23052.4,23089.9,23042.2,23078.6,38789.0
1660125600000,23078.2,23087.3,23030.6,23049.2,41707.0
1660126500000,23048.6,23069.0,23033.9,23055.4,48975.0
1660127400000,23055.5,23080.0,22980.4,23067.0,113886.0
1660128300000,23067.0,23088.9,23040.1,23061.9,55379.0
1660129200000,23062.0,23102.4,23046.5,23079.2,52061.0
1660130100000,23079.2,23202.7,23078.5,23188.1,242097.0
1660131000000,23188.0,23191.0,23055.2,23100.2,139337.0
1660131900000,23100.3,23137.9,23060.0,23120.3,90095.0
1660132800000,23120.3,23184.7,23100.7,23180.0,103325.0
1660133700000,23180.0,23198.0,23007.0,23061.7,291587.0
1660134600000,23061.8,23758.1,23061.7,23732.1,2530536.0
1660135500000,23732.1,24072.8,23713.7,23983.9,1011876.0
1660136400000,23983.2,24100.0,23857.8,23952.2,572942.0
1660137300000,23952.2,24179.3,23952.1,24136.9,416578.0
1660138200000,24137.3,24170.0,23963.9,24051.6,398596.0
1660139100000,24051.6,24075.0,23989.3,24020.1,173999.0
1660140000000,24020.7,24072.1,23871.0,23905.0,224820.0
1660140900000,23905.1,23950.0,23844.7,23927.5,235183.0
1660141800000,23927.4,24016.0,23880.7,23990.1,157177.0
1660142700000,23990.0,24090.0,23963.8,24007.1,195848.0
1660143600000,24007.2,24069.8,23925.8,23961.5,145556.0
1660144500000,23961.6,24014.1,23910.0,23999.5,123857.0
1660145400000,23995.4,24077.0,23970.1,24010.7,180247.0
1660146300000,24010.6,24050.0,23984.1,23993.0,84797.0
1660147200000,23993.1,24069.3,23970.4,24052.3,166439.0
1660148100000,24052.3,24095.0,24002.0,24027.9,142424.0
1660149000000,24027.9,24031.1,23923.3,23938.1,182559.0
1660149900000,23938.2,23985.9,23935.1,23957.3,65274.0
1660150800000,23957.2,23965.2,23809.3,23943.4,263538.0
1660151700000,23942.5,23949.7,23887.0,23895.0,87737.0
1660152600000,23895.0,23940.0,23870.4,23935.8,52796.0
1660153500000,23935.9,23943.6,23895.8,23913.6,44544.0
1660154400000,23913.6,23932.9,23885.0,23886.2,36966.0
1660155300000,23886.2,23893.6,23736.0,23762.3,216947.0
1660156200000,23759.1,23788.3,23644.7,23661.0,226337.0
1660157100000,23661.0,23661.0,23473.0,23600.1,458474.0
1660158000000,23600.0,23707.4,23536.4,23593.8,258771.0
1660158900000,23593.7,23660.8,23588.9,23607.2,102170.0
1660159800000,23607.2,23658.3,23601.4,23624.0,41592.0
1660160700000,23623.9,23637.5,23569.8,23635.2,61323.0
1660161600000,23636.6,23698.0,23621.8,23636.7,58623.0
1660162500000,23636.5,23700.0,23636.5,23680.3,39571.0
1660163400000,23680.5,23775.6,23680.5,23726.3,156169.0
1660164300000,23726.3,23934.0,23726.3,23896.6,274328.0
1660165200000,23896.6,23896.7,23773.7,23831.4,151538.0
1660166100000,23831.5,24118.0,23801.4,24076.1,254395.0
1660167000000,24076.1,24228.0,23866.6,23898.5,340217.0
1660167900000,23896.6,24000.0,23886.8,23960.0,77945.0
1660168800000,23959.9,24030.1,23874.5,23950.6,183308.0
1660169700000,23950.5,23954.6,23870.3,23942.2,143898.0
1660170600000,23940.3,23946.0,23860.0,23867.9,126710.0
1660171500000,23868.6,23895.2,23803.5,23842.8,104193.0
1660172400000,23842.8,23929.9,23818.6,23913.5,128980.0
1660173300000,23911.7,23920.4,23863.6,23863.6,51916.0
1660174200000,23863.7,23933.4,23863.7,23904.9,29047.0
1660175100000,23904.9,23966.3,23891.0,23953.2,57123.0
1660176000000,23952.5,24034.0,23945.8,24017.0,120605.0
1660176900000,24017.0,24076.8,23920.1,23940.0,194569.0
1660177800000,23940.0,24006.4,23912.0,23994.3,179545.0
1660178700000,23995.2,24093.4,23960.0,24050.3,168887.0
1660179600000,24050.4,24191.4,24044.0,24169.2,281833.0
1660180500000,24169.3,24460.0,24133.7,24392.5,665233.0
1660181400000,24392.5,24443.6,24282.9,24301.4,349939.0
1660182300000,24301.4,24495.0,24269.6,24437.9,429902.0
1660183200000,24437.9,24464.4,24318.5,24344.8,230458.0
1660184100000,24344.9,24352.5,24268.0,24307.8,149329.0
1660185000000,24305.1,24380.0,24176.2,24207.5,206002.0
1660185900000,24207.4,24280.5,24206.2,24265.6,132715.0
1660186800000,24264.9,24300.0,24212.2,24250.4,94239.0
1660187700000,24250.4,24349.6,24226.4,24319.8,175059.0
1660188600000,24319.7,24363.1,24315.8,24315.9,65400.0
1660189500000,24315.7,24371.7,24295.0,24321.3,124591.0
1660190400000,24321.2,24387.5,24321.2,24358.5,74971.0
1660191300000,24358.5,24365.3,24288.9,24296.9,90693.0
1660192200000,24296.9,24420.0,24283.6,24392.8,144492.0
1660193100000,24392.9,24537.0,24372.9,24518.7,366245.0
1660194000000,24518.6,24605.3,24470.0,24582.4,303055.0
1660194900000,24582.4,24650.0,24519.0,24539.9,285622.0
1660195800000,24539.9,24645.0,24528.2,24595.4,143842.0
1660196700000,24595.4,24664.0,24508.5,24550.0,281957.0
1660197600000,24550.1,24615.1,24540.2,24564.0,126412.0
1660198500000,24563.9,24622.7,24522.7,24573.5,160057.0
1660199400000,24573.5,24577.5,24457.6,24549.6,164012.0
1660200300000,24549.6,24595.4,24522.5,24541.7,62873.0
1660201200000,24541.7,24584.0,24513.7,24573.8,87785.0
1660202100000,24574.4,24622.0,24551.1,24618.9,125046.0
1660203000000,24619.0,24746.9,24450.2,24470.1,519543.0
1660203900000,24470.0,24500.0,24353.4,24432.9,302159.0
1660204800000,24433.0,24435.1,24353.9,24414.6,111936.0
1660205700000,24414.5,24485.0,24409.3,24452.5,79500.0
1660206600000,24452.8,24532.0,24430.1,24496.3,165841.0
1660207500000,24496.3,24555.3,24427.9,24524.1,138821.0
1660208400000,24522.1,24536.0,24466.2,24499.7,39348.0
1660209300000,24499.7,24499.8,24450.0,24467.7,27655.0
1660210200000,24467.8,24537.7,24467.5,24484.8,88735.0
1660211100000,24484.7,24529.0,24437.5,24437.6,89085.0
1660212000000,24437.5,24468.1,24369.9,24422.9,118729.0
1660212900000,24422.9,24469.4,24395.8,24455.1,63537.0
1660213800000,24452.0,24515.5,24447.1,24474.1,88577.0
1660214700000,24474.0,24518.2,24459.7,24481.3,30480.0
1660215600000,24479.5,24526.8,24468.1,24507.1,46511.0
1660216500000,24507.1,24545.4,24500.0,24537.7,42656.0
1660217400000,24537.7,24595.2,24522.2,24583.7,83933.0
1660218300000,24583.6,24680.0,24527.3,24555.3,221497.0
1660219200000,24555.3,24692.4,24544.8,24641.5,157795.0
1660220100000,24640.6,24727.6,24588.0,24607.4,243044.0
1660221000000,24607.3,24925.0,24533.5,24686.6,1075728.0
1660221900000,24686.6,24874.2,24680.7,24857.4,297606.0
1660222800000,24857.3,24875.5,24676.0,24695.1,363487.0
1660223700000,24695.1,24711.2,24582.4,24630.3,347545.0
1660224600000,24630.3,24686.7,24519.4,24655.9,263758.0
1660225500000,24656.0,24739.1,24635.5,24724.8,206124.0
1660226400000,24724.9,24850.0,24699.4,24841.2,280396.0
1660227300000,24841.0,24860.0,24632.8,24633.8,290429.0
1660228200000,24633.8,24698.0,24424.2,24473.8,440989.0
1660229100000,24473.7,24593.8,24450.0,24561.1,208741.0
1660230000000,24561.1,24579.0,24405.3,24409.3,221445.0
1660230900000,24409.3,24494.6,24361.0,24487.7,202174.0
1660231800000,24487.6,24543.3,24390.4,24396.8,188065.0
1660232700000,24396.7,24396.7,24283.7,24343.9,353480.0
1660233600000,24343.9,24400.0,24288.0,24294.4,167868.0
1660234500000,24294.5,24379.1,24265.5,24373.1,190089.0
1660235400000,24375.3,24420.0,24251.0,24320.1,180692.0
1660236300000,24320.2,24349.6,24285.1,24340.2,68673.0
1660237200000,24340.3,24370.0,24301.0,24361.0,82429.0
1660238100000,24361.1,24403.3,24340.5,24357.8,84258.0
1660239000000,24354.9,24415.0,24333.1,24384.8,68824.0
1660239900000,24382.3,24394.1,24280.0,24343.4,115841.0
1660240800000,24343.4,24343.6,24176.9,24201.0,175071.0
1660241700000,24201.0,24220.2,24084.3,24196.6,396272.0
1660242600000,24196.5,24249.0,24157.7,24195.1,86804.0
1660243500000,24195.1,24210.7,24085.6,24150.3,153315.0
1660244400000,24150.3,24163.6,24083.9,24118.4,68710.0
1660245300000,24118.3,24185.7,24107.2,24160.1,51160.0
1660246200000,24161.9,24193.0,24138.1,24191.9,34959.0
1660247100000,24191.8,24225.6,24162.5,24225.5,68019.0
1660248000000,24225.4,24239.5,24087.0,24119.1,86501.0
1660248900000,24119.1,24161.2,24033.0,24161.2,94352.0
1660249800000,24161.2,24200.0,24135.5,24178.7,65458.0
1660250700000,24178.7,24221.1,24166.4,24202.9,66540.0
1660251600000,24202.9,24210.1,24155.0,24166.0,41800.0
1660252500000,24165.1,24207.6,24164.4,24188.3,24015.0
1660253400000,24188.3,24326.0,24100.0,24131.7,124499.0
1660254300000,24131.6,24229.2,24050.0,24185.3,80933.0
1660255200000,24185.8,24211.2,24107.3,24148.9,66228.0
1660256100000,24148.8,24176.5,24070.9,24081.7,43122.0
1660257000000,24081.7,24140.6,24081.7,24126.0,30798.0
1660257900000,24125.7,24154.3,23888.0,23892.8,305568.0
1660258800000,23891.2,23937.2,23853.8,23924.6,174758.0
1660259700000,23926.9,23960.1,23880.1,23915.4,72080.0
1660260600000,23915.4,23954.4,23868.8,23927.8,59272.0
1660261500000,23927.9,23964.4,23915.9,23934.2,55897.0
1660262400000,23934.3,23974.9,23773.0,23775.2,175983.0
1660263300000,23775.1,23910.2,23760.0,23885.6,137563.0
1660264200000,23885.6,23986.9,23885.6,23967.1,121842.0
1660265100000,23967.1,24011.0,23957.4,23964.9,88626.0
1660266000000,23965.0,23996.1,23886.8,23903.4,76997.0
1660266900000,23903.5,23962.8,23903.5,23944.9,46753.0
1660267800000,23944.1,23946.0,23853.5,23902.1,81157.0
1660268700000,23902.4,23925.2,23875.0,23904.5,38295.0
1660269600000,23903.7,23932.1,23801.0,23808.7,152847.0
1660270500000,23807.2,23933.0,23802.6,23928.7,92992.0
1660271400000,23932.1,23990.0,23898.9,23949.4,98410.0
1660272300000,23949.4,24101.3,23947.5,24007.2,186551.0
1660273200000,24007.3,24034.8,23943.1,23984.0,83986.0
1660274100000,23984.1,23990.8,23947.2,23983.4,55623.0
1660275000000,23983.1,24031.4,23958.0,24002.8,57564.0
1660275900000,24002.8,24064.3,23980.7,24012.2,58954.0
1660276800000,24012.2,24046.1,23997.8,24004.3,43084.0
1660277700000,24004.9,24029.2,23944.5,23968.0,72838.0
1660278600000,23968.1,23976.6,23945.1,23962.4,50307.0
1660279500000,23962.5,23965.2,23913.0,23933.5,52783.0
1660280400000,23933.5,23988.0,23926.1,23984.4,31074.0
1660281300000,23984.4,24048.1,23932.2,23999.1,91091.0
1660282200000,23999.1,24016.2,23937.4,23973.5,37575.0
1660283100000,23973.5,23976.1,23931.1,23947.5,31296.0
1660284000000,23947.4,23988.0,23895.4,23917.1,79414.0
1660284900000,23917.1,23970.9,23898.0,23960.6,36141.0
1660285800000,23960.6,23971.9,23872.7,23916.4,65023.0
1660286700000,23917.7,23959.2,23879.3,23954.1,58116.0
1660287600000,23954.2,23983.0,23908.1,23964.1,86828.0
1660288500000,23964.0,23979.4,23929.6,23956.2,45048.0
1660289400000,23956.0,23956.3,23913.8,23923.8,49210.0
1660290300000,23923.6,23963.7,23915.1,23963.7,39904.0
1660291200000,23964.0,23995.0,23922.5,23993.1,86015.0
1660292100000,23993.0,23993.0,23965.0,23975.0,28451.0
1660293000000,23975.0,23987.8,23923.9,23951.3,42423.0
1660293900000,23951.3,23972.2,23906.0,23916.2,47074.0
1660294800000,23916.3,23954.2,23900.0,23951.5,48557.0
1660295700000,23953.5,24063.0,23930.1,24034.8,122302.0
1660296600000,24034.8,24048.8,24003.7,24004.9,63565.0
1660297500000,24004.9,24138.0,23955.0,23979.2,339698.0
1660298400000,23979.3,23994.5,23876.0,23917.4,194901.0
1660299300000,23917.4,23917.4,23839.5,23862.3,155093.0
1660300200000,23862.4,23895.0,23830.0,23845.0,85104.0
1660301100000,23846.0,23866.8,23710.0,23747.6,265798.0
1660302000000,23747.5,23804.6,23733.3,23795.0,141400.0
1660302900000,23795.0,23813.0,23714.3,23734.9,133084.0
1660303800000,23734.3,23734.3,23582.5,23680.1,341868.0
1660304700000,23680.1,23710.7,23657.5,23677.7,110393.0
1660305600000,23677.6,23738.8,23656.0,23715.1,101539.0
1660306500000,23715.0,23787.6,23696.5,23754.1,130187.0
1660307400000,23754.0,23807.8,23740.0,23769.2,81455.0
1660308300000,23769.2,23792.4,23736.9,23783.9,80552.0
1660309200000,23783.9,23850.0,23779.4,23823.8,117605.0
1660310100000,23822.0,23842.0,23790.4,23800.2,46870.0
1660311000000,23800.3,23908.2,23723.6,23849.9,259006.0
1660311900000,23850.0,23863.6,23766.1,23824.5,134196.0
1660312800000,23826.5,23840.0,23703.7,23811.5,193371.0
1660313700000,23811.6,23873.9,23801.7,23828.8,103719.0
1660314600000,23828.8,23859.7,23794.1,23801.0,86140.0
1660315500000,23800.9,23825.7,23766.8,23814.1,59141.0
1660316400000,23814.0,23859.2,23800.5,23847.2,64815.0
1660317300000,23847.2,23968.0,23845.4,23944.9,289586.0
1660318200000,23945.0,23992.0,23920.0,23962.0,126817.0
1660319100000,23961.9,24009.4,23958.0,23980.0,99174.0
1660320000000,23980.0,24077.8,23979.9,24015.1,169670.0
1660320900000,24015.0,24056.9,23975.0,24007.0,108494.0
1660321800000,24007.1,24021.9,23947.4,24006.1,96968.0
1660322700000,24006.1,24024.4,23985.7,23988.9,43787.0
1660323600000,23988.0,24015.4,23977.8,24002.0,39666.0
1660324500000,24002.0,24049.2,23990.0,24022.0,65462.0
1660325400000,24022.1,24037.6,24004.0,24017.2,20896.0
1660326300000,24017.2,24035.9,23980.0,24003.5,37410.0
1660327200000,24003.4,24023.3,23977.2,24001.3,28845.0
1660328100000,24001.3,24038.0,23983.5,24027.2,34406.0
1660329000000,24027.3,24275.7,24020.5,24176.5,320813.0
1660329900000,24176.6,24216.8,24122.5,24128.2,130584.0
1660330800000,24127.1,24202.0,24122.6,24199.0,60835.0
1660331700000,24199.1,24258.1,24184.8,24213.0,68820.0
1660332600000,24213.0,24233.9,24180.0,24204.5,40426.0
1660333500000,24203.7,24218.5,24146.0,24174.8,63789.0
1660334400000,24174.8,24175.9,24115.0,24136.5,59478.0
1660335300000,24136.6,24148.8,24052.5,24072.1,95396.0
1660336200000,24072.0,24116.8,24062.6,24094.7,86200.0
1660337100000,24094.7,24283.3,24094.6,24219.3,217919.0
1660338000000,24219.4,24242.8,24150.0,24152.0,70385.0
1660338900000,24153.8,24174.6,24119.9,24142.0,38096.0
1660339800000,24141.9,24161.8,24093.3,24117.5,26265.0
1660340700000,24117.5,24128.5,24101.1,24114.0,14895.0
1660341600000,24114.0,24135.0,24073.1,24109.8,36494.0
1660342500000,24109.7,24120.0,24086.0,24089.8,22112.0
1660343400000,24089.8,24227.0,24081.0,24219.7,128519.0
1660344300000,24219.6,24249.2,24173.0,24234.5,43240.0
1660345200000,24234.6,24386.0,24201.4,24369.1,203974.0
1660346100000,24369.0,24450.0,24325.9,24405.6,216016.0
1660347000000,24405.6,24434.5,24346.6,24367.4,110947.0
1660347900000,24367.5,24424.4,24332.0,24400.1,159745.0
1660348800000,24401.1,24408.3,24356.9,24369.5,74205.0
1660349700000,24369.4,24415.0,24333.9,24405.1,83040.0
1660350600000,24405.4,24475.8,24346.2,24451.6,124250.0
1660351500000,24451.6,24490.0,24391.2,24482.0,112125.0
1660352400000,24482.0,24519.9,24436.5,24466.4,130261.0
1660353300000,24466.5,24546.0,24466.4,24493.5,130249.0
1660354200000,24493.4,24600.0,24432.7,24571.8,205710.0
1660355100000,24571.8,24593.1,24507.9,24554.2,148906.0
1660356000000,24552.8,24568.0,24514.4,24520.7,73134.0
1660356900000,24520.7,24585.2,24512.0,24571.1,76762.0
1660357800000,24571.0,24620.0,24533.4,24555.3,134288.0
1660358700000,24555.4,24688.0,24554.1,24679.8,186126.0
1660359600000,24679.8,24683.8,24593.1,24645.5,225768.0
1660360500000,24645.5,24775.2,24645.0,24715.1,197781.0
1660361400000,24715.0,24790.4,24690.5,24770.2,291228.0
1660362300000,24770.2,24810.0,24641.9,24796.1,337816.0
1660363200000,24796.1,24810.0,24725.0,24754.8,128019.0
1660364100000,24754.8,24834.9,24721.7,24767.3,133356.0
1660365000000,24767.3,24800.0,24690.1,24752.2,156803.0
1660365900000,24752.2,24756.8,24691.8,24727.1,73423.0
1660366800000,24727.1,24739.9,24682.9,24718.4,82010.0
1660367700000,24718.4,24728.8,24676.5,24699.0,71035.0
1660368600000,24699.5,24713.9,24651.0,24686.0,103825.0
1660369500000,24685.9,24721.4,24679.8,24709.0,37564.0
1660370400000,24709.0,24848.0,24709.0,24831.5,230882.0
1660371300000,24831.5,24883.4,24766.1,24789.9,208437.0
1660372200000,24790.0,24797.7,24740.0,24740.1,83304.0
1660373100000,24743.8,24743.9,24600.0,24648.9,214864.0
1660374000000,24648.8,24698.0,24648.8,24676.5,91107.0
1660374900000,24676.5,24676.5,24622.7,24660.4,61843.0
1660375800000,24657.9,24669.4,24625.0,24628.0,61155.0
1660376700000,24626.3,24654.9,24541.4,24570.0,125240.0
1660377600000,24569.9,24639.0,24567.3,24603.7,57862.0
1660378500000,24603.7,24647.4,24573.0,24601.1,75340.0
1660379400000,24601.1,24603.4,24458.4,24466.7,239359.0
1660380300000,24466.7,24489.7,24362.5,24404.5,230893.0
1660381200000,24404.5,24435.0,24356.0,24431.5,135819.0
1660382100000,24431.5,24505.6,24393.8,24467.2,126406.0
1660383000000,24467.2,24516.7,24463.0,24499.9,102623.0
1660383900000,24500.0,24648.5,24493.1,24580.8,294073.0
1660384800000,24579.3,24591.0,24434.0,24459.9,251858.0
1660385700000,24459.9,24477.8,24411.2,24461.1,107723.0
1660386600000,24461.1,24559.2,24461.0,24524.6,248050.0
1660387500000,24524.6,24524.6,24448.0,24489.8,62898.0
1660388400000,24489.9,24498.5,24415.1,24423.1,65619.0
1660389300000,24423.1,24463.4,24366.0,24391.2,103953.0
1660390200000,24391.1,24414.0,24286.2,24340.0,194189.0
1660391100000,24340.0,24447.9,24340.0,24438.0,94668.0
1660392000000,24438.1,24452.7,24396.1,24404.2,74828.0
1660392900000,24404.2,24431.4,24308.5,24369.7,116715.0
1660393800000,24369.7,24421.8,24291.8,24416.9,133668.0
1660394700000,24416.6,24475.2,24414.9,24443.9,70286.0
1660395600000,24443.8,24454.4,24408.5,24447.4,45073.0
1660396500000,24447.5,24493.7,24416.5,24468.4,65072.0
1660397400000,24468.3,24531.7,24434.0,24514.2,97179.0
1660398300000,24514.2,24514.2,24420.4,24459.9,102264.0
1660399200000,24459.9,24500.0,24440.4,24495.2,51378.0
1660400100000,24493.3,24532.2,24463.5,24478.2,97058.0
1660401000000,24478.1,24517.6,24421.2,24431.6,64865.0
1660401900000,24431.5,24495.0,24427.4,24468.5,46424.0
1660402800000,24468.4,24605.4,24458.3,24486.7,244913.0
1660403700000,24486.7,24535.0,24451.0,24457.7,116690.0
1660404600000,24457.7,24514.5,24434.0,24510.3,48696.0
1660405500000,24510.3,24549.3,24493.6,24510.4,53578.0
1660406400000,24510.5,24564.1,24499.0,24527.2,75414.0
1660407300000,24527.2,24527.2,24459.0,24485.5,46737.0
1660408200000,24485.4,24544.5,24457.4,24485.4,59612.0
1660409100000,24485.3,24488.7,24451.0,24480.6,40876.0
1660410000000,24482.2,24515.0,24456.7,24496.7,45373.0
1660410900000,24496.7,24534.2,24495.0,24518.1,71042.0
1660411800000,24518.0,24577.9,24508.3,24555.8,54156.0
1660412700000,24555.9,24574.5,24519.4,24569.2,53349.0
1660413600000,24569.3,24593.2,24530.5,24576.1,48522.0
1660414500000,24576.1,24576.1,24465.7,24498.3,64811.0
1660415400000,24498.1,24512.9,24407.4,24412.8,117966.0
1660416300000,24412.8,24473.0,24381.7,24452.3,63084.0
1660417200000,24452.3,24472.0,24426.0,24470.0,24252.0
1660418100000,24470.1,24473.3,24330.6,24371.9,65943.0
1660419000000,24372.0,24492.8,24339.2,24463.0,72591.0
1660419900000,24465.0,24494.7,24394.1,24394.9,49803.0
1660420800000,24394.9,24402.1,24320.0,24381.5,68592.0
1660421700000,24381.6,24460.8,24371.2,24442.4,40943.0
1660422600000,24442.4,24487.9,24433.5,24471.0,21940.0
1660423500000,24471.0,24507.3,24442.2,24485.5,30193.0
1660424400000,24485.6,24511.4,24455.8,24503.7,38061.0
1660425300000,24503.6,24508.9,24474.8,24483.3,15522.0
1660426200000,24483.4,24544.4,24460.1,24518.9,19642.0
1660427100000,24517.0,24517.0,24477.0,24494.6,13743.0
1660428000000,24494.6,24524.4,24462.2,24502.4,33743.0
1660428900000,24502.5,24512.3,24443.9,24466.7,19065.0
1660429800000,24466.7,24466.7,24419.0,24432.7,25884.0
1660430700000,24432.2,24440.6,24379.1,24381.8,44220.0
1660431600000,24381.7,24464.9,24370.0,24460.7,62150.0
1660432500000,24463.9,24491.4,24377.7,24426.6,96525.0
1660433400000,24426.6,24426.6,24362.5,24390.3,43303.0
1660434300000,24390.3,24461.3,24376.5,24440.4,61116.0
1660435200000,24440.5,24442.7,24349.3,24356.3,81859.0
1660436100000,24356.4,24413.8,24340.0,24403.9,52879.0
1660437000000,24404.0,24453.4,24400.5,24420.6,57515.0
1660437900000,24420.6,24521.5,24420.6,24511.4,116067.0
1660438800000,24511.4,24645.5,24508.6,24565.6,257681.0
1660439700000,24567.1,24621.9,24461.0,24469.4,148525.0
1660440600000,24469.4,24597.6,24402.0,24577.9,160498.0
1660441500000,24578.0,24612.9,24535.7,24586.9,114674.0
1660442400000,24587.0,24610.0,24525.9,24529.0,54010.0
1660443300000,24529.0,24582.5,24494.9,24557.9,97814.0
1660444200000,24557.7,24606.0,24534.1,24605.9,46980.0
1660445100000,24606.0,24619.5,24591.9,24597.3,55584.0
1660446000000,24596.3,24625.0,24539.6,24573.0,105727.0
1660446900000,24575.5,24598.9,24550.0,24571.3,28317.0
1660447800000,24571.3,24592.0,24542.7,24590.3,30947.0
1660448700000,24590.2,24598.0,24567.1,24567.2,21207.0
1660449600000,24569.8,24600.0,24548.1,24593.9,28851.0
1660450500000,24594.0,24644.3,24515.0,24525.1,132124.0
1660451400000,24525.1,24563.0,24498.0,24530.0,84965.0
1660452300000,24530.0,24573.5,24527.3,24568.8,47738.0
1660453200000,24568.8,24579.9,24539.6,24549.8,46981.0
1660454100000,24549.8,24576.5,24535.0,24539.9,34053.0
1660455000000,24540.0,24610.0,24526.5,24596.8,61351.0
1660455900000,24596.9,24620.0,24585.3,24586.4,48597.0
1660456800000,24586.5,24625.0,24586.5,24617.3,56627.0
1660457700000,24617.3,24621.3,24585.1,24618.4,33564.0
1660458600000,24618.5,24642.0,24604.9,24624.7,52461.0
1660459500000,24624.7,24683.5,24611.3,24681.9,102576.0
1660460400000,24679.0,24828.4,24667.5,24760.8,327076.0
1660461300000,24760.8,24977.0,24760.3,24889.6,548978.0
1660462200000,24889.6,24989.0,24882.3,24978.3,287409.0
1660463100000,24978.4,25038.0,24814.4,24878.5,539484.0
1660464000000,24878.4,24879.2,24706.0,24797.8,347696.0
1660464900000,24797.9,24857.9,24781.1,24841.1,112403.0
1660465800000,24841.1,24873.2,24723.5,24740.0,180092.0
1660466700000,24740.0,24740.0,24590.2,24655.4,390098.0
1660467600000,24655.4,24695.3,24625.0,24669.1,112328.0
1660468500000,24669.1,24726.9,24661.4,24726.3,111212.0
1660469400000,24724.0,24755.6,24691.7,24726.4,83486.0
1660470300000,24726.5,24774.6,24715.7,24740.0,96869.0
1660471200000,24740.0,24743.9,24659.5,24711.1,81677.0
1660472100000,24711.0,24739.8,24644.2,24726.3,95235.0
1660473000000,24726.2,24729.0,24638.0,24643.2,56860.0
1660473900000,24643.2,24651.1,24602.3,24613.7,105557.0
1660474800000,24613.6,24660.0,24612.3,24648.0,67546.0
1660475700000,24647.9,24671.4,24628.7,24658.0,32171.0
1660476600000,24658.0,24658.0,24511.0,24525.4,216759.0
1660477500000,24525.3,24573.1,24510.5,24559.0,90054.0
1660478400000,24558.9,24584.3,24458.0,24497.8,217037.0
1660479300000,24497.9,24527.5,24471.6,24505.5,111414.0
1660480200000,24507.5,24533.0,24476.6,24515.2,76437.0
1660481100000,24515.2,24534.4,24470.7,24527.4,74157.0
1660482000000,24527.3,24531.1,24485.7,24495.0,47263.0
1660482900000,24497.5,24499.7,24399.0,24465.7,230811.0
1660483800000,24465.7,24479.7,24395.2,24479.0,130262.0
1660484700000,24479.0,24525.3,24460.1,24473.0,119576.0
1660485600000,24472.9,24525.0,24458.1,24505.4,61658.0
1660486500000,24505.4,24532.9,24483.8,24496.2,76144.0
1660487400000,24496.2,24517.6,24468.0,24510.5,47378.0
1660488300000,24510.4,24520.0,24480.1,24510.0,38614.0
1660489200000,24510.0,24534.5,24459.1,24471.6,96509.0
1660490100000,24471.5,24512.5,24470.0,24479.8,42739.0
1660491000000,24479.8,24516.7,24476.5,24488.4,33931.0
1660491900000,24488.4,24531.4,24484.3,24519.9,36557.0
1660492800000,24519.9,24521.1,24484.1,24508.4,43834.0
1660493700000,24508.4,24558.5,24480.2,24504.3,66031.0
1660494600000,24504.2,24521.7,24370.6,24406.9,159483.0
1660495500000,24406.9,24438.7,24305.4,24310.4,287714.0
1660496400000,24310.3,24321.4,24170.0,24248.3,456917.0
1660497300000,24248.3,24326.0,24212.0,24270.9,183312.0
1660498200000,24270.9,24314.5,24243.7,24307.3,73547.0
1660499100000,24307.3,24309.0,24212.4,24227.8,83022.0
1660500000000,24225.9,24268.0,24139.0,24229.1,193973.0
1660500900000,24229.0,24292.3,24218.1,24281.9,111938.0
1660501800000,24278.5,24297.9,24255.7,24279.9,50162.0
1660502700000,24279.9,24293.9,24269.3,24279.0,25074.0
1660503600000,24282.8,24319.9,24269.4,24317.5,29486.0
1660504500000,24317.4,24323.2,24242.4,24272.5,46118.0
1660505400000,24275.1,24288.6,24252.9,24273.5,26562.0
1660506300000,24273.5,24304.5,24258.9,24285.3,21676.0
1660507200000,24285.4,24315.0,24250.7,24302.4,51801.0
1660508100000,24303.1,24354.6,24273.1,24304.6,61455.0
1660509000000,24304.6,24316.1,24280.2,24302.6,17905.0
1660509900000,24303.6,24330.9,24300.0,24312.2,16539.0
1660510800000,24312.1,24362.6,24275.3,24356.4,42387.0
1660511700000,24356.5,24393.2,24334.4,24393.2,77935.0
1660512600000,24393.2,24436.0,24314.9,24370.1,59955.0
1660513500000,24370.1,24370.1,24316.6,24345.9,24910.0
1660514400000,24345.8,24355.5,24193.9,24213.4,112590.0
1660515300000,24213.3,24330.9,24175.9,24316.9,120276.0
1660516200000,24316.9,24367.3,24308.6,24333.1,74662.0
1660517100000,24334.9,24346.1,24246.0,24256.7,49857.0
1660518000000,24256.8,24307.0,24236.4,24277.3,55163.0
1660518900000,24277.4,24324.7,24254.6,24267.4,88852.0
1660519800000,24267.5,24336.8,24254.0,24331.1,44327.0
1660520700000,24331.1,24352.4,24285.8,24305.7,48718.0
1660521600000,24305.7,24317.3,24192.6,24209.1,111427.0
1660522500000,24209.0,24300.0,24150.0,24260.1,131952.0
1660523400000,24260.0,24394.2,24257.5,24372.7,137266.0
1660524300000,24372.7,24416.4,24355.0,24402.1,73359.0
1660525200000,24402.2,24413.4,24345.5,24356.4,58896.0
1660526100000,24356.5,24430.0,24332.0,24391.0,80764.0
1660527000000,24391.0,24560.0,24383.4,24537.9,356757.0
1660527900000,24537.9,24649.6,24513.8,24641.6,362152.0
1660528800000,24641.7,24765.1,24640.0,24732.0,316528.0
1660529700000,24732.1,24820.7,24732.0,24815.1,251054.0
1660530600000,24816.0,24883.5,24784.1,24825.1,286964.0
1660531500000,24825.1,24930.5,24765.0,24922.0,260299.0
1660532400000,24922.1,25178.9,24900.0,25145.0,778305.0
1660533300000,25143.6,25212.0,24915.1,25030.1,609612.0
1660534200000,25030.1,25095.9,24772.3,24836.5,404749.0
1660535100000,24835.9,24903.0,24796.5,24872.5,221143.0
1660536000000,24872.5,24887.7,24693.1,24798.2,354321.0
1660536900000,24796.6,24844.7,24750.9,24775.0,121513.0
1660537800000,24771.0,24840.0,24767.9,24805.0,84332.0
1660538700000,24805.1,24882.3,24752.5,24855.8,113805.0
1660539600000,24853.5,24988.0,24788.3,24845.1,247790.0
1660540500000,24845.1,24884.4,24786.7,24837.4,157610.0
1660541400000,24837.4,24837.8,24743.7,24781.9,156423.0
1660542300000,24781.9,24833.0,24760.0,24820.3,87639.0
1660543200000,24820.4,24824.7,24550.0,24575.3,416787.0
1660544100000,24575.2,24616.8,24373.3,24417.2,564855.0
1660545000000,24417.1,24421.1,24256.0,24377.0,448198.0
1660545900000,24379.4,24381.3,24074.8,24127.7,642540.0
1660546800000,24127.7,24210.0,24031.5,24057.9,450495.0
1660547700000,24057.9,24115.2,23972.0,24068.1,344486.0
1660548600000,24068.0,24113.3,23931.1,24025.0,356816.0
1660549500000,24027.5,24060.9,23988.0,24022.3,140087.0
1660550400000,24022.1,24054.4,23944.2,23963.0,220008.0
1660551300000,23963.0,24049.6,23875.0,24024.1,311184.0
1660552200000,24026.3,24074.9,24010.9,24032.3,126202.0
1660553100000,24032.3,24048.0,23979.1,24040.3,98861.0
1660554000000,24040.8,24079.1,24020.0,24043.6,119691.0
1660554900000,24043.5,24052.4,23992.0,24006.5,78854.0
1660555800000,24007.1,24069.8,23993.3,24064.1,83779.0
1660556700000,24064.0,24198.0,24056.8,24173.5,272310.0
1660557600000,24173.6,24186.3,24126.4,24178.9,108885.0
1660558500000,24178.9,24210.0,24151.0,24183.8,114997.0
1660559400000,24183.8,24204.4,24142.5,24149.9,82054.0
1660560300000,24150.0,24300.0,24139.4,24264.1,277364.0
1660561200000,24264.1,24307.6,24219.9,24219.9,165782.0
1660562100000,24220.0,24262.2,24164.8,24183.1,132090.0
1660563000000,24183.2,24201.5,24077.0,24100.0,255912.0
1660563900000,24100.0,24119.0,23992.9,24050.7,202469.0
1660564800000,24050.7,24105.5,24015.9,24050.7,90683.0
1660565700000,24050.8,24163.5,24046.8,24146.8,119378.0
1660566600000,24146.9,24211.8,24050.0,24074.0,172018.0
1660567500000,24074.0,24074.1,23901.0,23947.6,281568.0
1660568400000,23949.6,24105.8,23938.8,24098.1,167685.0
1660569300000,24098.1,24126.0,24071.1,24115.5,87134.0
1660570200000,24115.7,24166.2,23969.9,24020.0,184743.0
1660571100000,24020.1,24193.2,24002.3,24155.1,232874.0
1660572000000,24153.8,24189.0,24091.0,24094.1,246418.0
1660572900000,24093.6,24150.0,24080.1,24120.5,108254.0
1660573800000,24120.4,24180.1,24102.8,24127.0,138842.0
1660574700000,24127.8,24139.1,24080.3,24116.0,47786.0
1660575600000,24112.2,24144.6,24045.1,24069.7,71618.0
1660576500000,24069.7,24146.3,24064.5,24131.8,69338.0
1660577400000,24131.8,24182.8,24120.4,24166.9,65533.0
1660578300000,24166.8,24262.9,24150.1,24221.6,167950.0
1660579200000,24221.6,24279.7,24198.2,24199.7,137006.0
1660580100000,24199.7,24254.3,24169.4,24221.8,75231.0
1660581000000,24221.4,24232.3,24150.4,24183.9,61854.0
1660581900000,24183.9,24280.0,24173.9,24256.6,89125.0
1660582800000,24256.6,24277.8,24211.0,24234.7,79621.0
1660583700000,24233.9,24252.6,24137.5,24192.0,107400.0
1660584600000,24192.0,24195.2,24090.9,24125.9,132041.0
1660585500000,24125.9,24148.9,24078.0,24115.9,61434.0
1660586400000,24115.8,24124.9,24030.0,24075.4,88159.0
1660587300000,24074.3,24139.9,24070.3,24108.5,79758.0
1660588200000,24108.6,24125.6,24068.0,24095.2,36035.0
1660589100000,24095.2,24130.4,24089.3,24100.8,32794.0
1660590000000,24100.1,24124.7,24020.6,24096.0,65498.0
1660590900000,24096.1,24165.1,24057.0,24057.0,142428.0
1660591800000,24057.0,24088.0,23969.0,24018.5,157174.0
1660592700000,24018.7,24066.5,23978.9,23984.3,73830.0
1660593600000,23984.5,24058.3,23976.1,24056.6,75127.0
1660594500000,24056.7,24110.7,24053.7,24085.4,112998.0
1660595400000,24085.4,24096.0,23995.2,24016.5,53322.0
1660596300000,24015.2,24074.4,23988.0,24070.5,43363.0
1660597200000,24070.3,24096.1,24051.0,24073.3,36895.0
1660598100000,24074.2,24143.0,24045.8,24095.1,100407.0
1660599000000,24095.1,24100.0,24070.8,24095.6,17547.0
1660599900000,24095.7,24102.1,23992.0,24026.3,43802.0
1660600800000,24027.0,24120.0,23973.4,24116.5,92529.0
1660601700000,24116.4,24149.9,24060.3,24076.9,48694.0
1660602600000,24077.4,24117.9,24063.1,24063.1,49002.0
1660603500000,24061.1,24065.0,24001.3,24009.4,48527.0
1660604400000,24009.4,24009.4,23777.0,23801.2,434524.0
1660605300000,23801.1,24118.9,23790.1,24054.1,293794.0
1660606200000,24057.0,24165.0,24018.8,24160.0,155298.0
1660607100000,24160.0,24212.9,24064.0,24093.7,173948.0
1660608000000,24094.5,24164.0,24054.0,24113.0,116819.0
1660608900000,24112.8,24112.9,23961.2,23996.7,158652.0
1660609800000,23996.8,24100.0,23980.0,24091.0,115947.0
1660610700000,24091.1,24161.5,24073.8,24127.9,108479.0
1660611600000,24127.9,24219.8,24120.1,24191.0,161186.0
1660612500000,24190.9,24236.8,24176.4,24188.7,108007.0
1660613400000,24188.8,24250.0,24177.8,24196.2,91104.0
1660614300000,24196.2,24200.0,24103.9,24112.3,90207.0
1660615200000,24112.2,24204.2,24100.8,24161.8,60563.0
1660616100000,24161.8,24194.0,24130.0,24183.6,39521.0
1660617000000,24183.6,24199.3,24054.0,24062.5,132011.0
1660617900000,24062.5,24075.8,24024.9,24048.9,86484.0
1660618800000,24048.9,24053.5,23853.2,23872.1,283002.0
1660619700000,23872.0,24187.9,23870.5,24142.1,309199.0
1660620600000,24140.0,24155.9,24080.8,24103.0,124126.0
1660621500000,24100.6,24169.1,24075.8,24084.5,71832.0
1660622400000,24084.4,24146.2,24080.5,24090.0,76297.0
1660623300000,24090.0,24096.5,24009.6,24021.0,174617.0
1660624200000,24020.9,24038.1,23971.9,23999.6,72992.0
1660625100000,23999.6,24034.2,23936.0,23960.0,102940.0
1660626000000,23960.2,23980.3,23904.1,23913.1,114365.0
1660626900000,23913.1,23944.9,23805.0,23929.8,256330.0
1660627800000,23929.8,23949.7,23866.6,23902.1,107179.0
1660628700000,23902.1,24007.2,23867.9,23952.7,134847.0
1660629600000,23949.3,23989.1,23917.8,23960.5,90600.0
1660630500000,23960.5,24023.4,23957.6,24004.7,99900.0
1660631400000,24004.6,24043.5,23971.0,24032.1,84017.0
1660632300000,24035.4,24039.5,24002.0,24004.3,57437.0
1660633200000,24004.1,24030.0,23992.8,24007.1,48478.0
1660634100000,24007.1,24013.2,23970.8,23999.8,43680.0
1660635000000,23999.8,24050.0,23927.0,23951.2,145900.0
1660635900000,23951.2,24072.6,23930.0,24071.1,81732.0
1660636800000,24071.1,24088.5,24005.8,24015.8,93976.0
1660637700000,24015.9,24032.5,23984.9,24014.8,65652.0
1660638600000,24014.9,24034.8,23978.0,23994.2,49092.0
1660639500000,23995.7,24025.0,23972.0,23995.0,67549.0
1660640400000,23994.9,24067.6,23986.0,24027.7,95472.0
1660641300000,24027.8,24120.0,24027.8,24082.8,110072.0
1660642200000,24081.5,24120.4,24071.5,24111.4,61410.0
1660643100000,24111.4,24118.0,24067.4,24078.3,46242.0
1660644000000,24078.4,24099.0,24048.8,24060.3,45130.0
1660644900000,24060.4,24085.1,24041.8,24043.3,28939.0
1660645800000,24043.4,24077.8,24016.7,24036.3,59846.0
1660646700000,24038.3,24047.2,23993.8,24014.4,70428.0
1660647600000,24014.4,24111.2,23995.4,24070.8,127253.0
1660648500000,24070.9,24150.0,24000.0,24023.1,169651.0
1660649400000,24023.1,24050.0,24020.7,24031.8,66083.0
1660650300000,24034.8,24057.3,24019.4,24035.6,31585.0
1660651200000,24035.6,24071.1,24021.7,24048.6,39151.0
1660652100000,24049.9,24095.0,24041.9,24046.8,51424.0
1660653000000,24046.8,24064.1,23965.4,23972.1,152388.0
1660653900000,23972.0,23994.5,23890.9,23935.5,228655.0
1660654800000,23935.4,23977.0,23917.3,23969.4,73349.0
1660655700000,23969.4,23970.1,23913.4,23935.1,43977.0
1660656600000,23935.2,24022.8,23882.3,23947.7,211726.0
1660657500000,23947.7,23955.1,23857.0,23896.8,149496.0
1660658400000,23896.8,23897.9,23810.0,23810.6,197797.0
1660659300000,23811.0,23918.0,23738.0,23836.4,360444.0
1660660200000,23832.2,23835.8,23683.9,23743.0,441719.0
1660661100000,23743.1,23766.0,23717.6,23722.5,107623.0
1660662000000,23722.1,23777.0,23672.0,23771.5,203282.0
1660662900000,23771.6,23831.7,23745.5,23804.3,178224.0
1660663800000,23804.2,23885.2,23788.3,23874.3,161038.0
1660664700000,23874.3,23925.9,23852.0,23901.0,148753.0
1660665600000,23900.4,23924.4,23836.6,23864.6,125359.0
1660666500000,23864.7,23885.8,23817.5,23838.4,79420.0
1660667400000,23838.4,23866.9,23710.2,23727.7,120648.0
1660668300000,23727.6,23830.0,23694.7,23809.9,196332.0
1660669200000,23809.9,23879.7,23785.9,23856.4,82304.0
1660670100000,23856.4,23880.0,23776.3,23801.5,69847.0
1660671000000,23801.5,23899.0,23776.6,23847.2,89162.0
1660671900000,23844.3,23888.0,23835.8,23862.1,28366.0
1660672800000,23863.4,24013.0,23851.1,23967.0,354784.0
1660673700000,23967.0,24066.5,23944.3,23965.9,216415.0
1660674600000,23966.0,23971.8,23734.9,23802.2,309723.0
1660675500000,23802.1,23860.1,23712.7,23835.6,227475.0
1660676400000,23837.5,23920.9,23800.4,23888.4,139257.0
1660677300000,23888.3,23970.0,23867.5,23944.9,152419.0
1660678200000,23948.2,23955.1,23880.7,23902.6,56751.0
1660679100000,23903.2,23980.0,23903.2,23938.8,55153.0
1660680000000,23934.9,23980.0,23903.7,23959.8,59213.0
1660680900000,23959.8,23965.1,23926.4,23935.6,30906.0
1660681800000,23935.5,23963.5,23925.3,23933.5,28755.0
1660682700000,23929.0,23993.5,23904.3,23981.9,51350.0
1660683600000,23981.9,23993.2,23931.8,23939.9,28046.0
1660684500000,23939.9,23959.7,23882.1,23958.0,30260.0
1660685400000,23958.0,23964.1,23932.0,23940.6,19967.0
1660686300000,23945.9,23956.4,23903.4,23946.7,17664.0
1660687200000,23948.5,23948.5,23872.7,23916.7,26911.0
1660688100000,23916.5,23916.5,23860.2,23887.5,37902.0
1660689000000,23887.5,23889.9,23809.1,23868.9,81506.0
1660689900000,23866.9,23896.3,23836.1,23846.4,28327.0
1660690800000,23846.3,23897.3,23826.0,23870.8,43705.0
1660691700000,23869.7,23900.0,23840.0,23856.4,23240.0
1660692600000,23856.4,23893.4,23820.0,23843.6,38348.0
1660693500000,23846.1,23896.5,23840.9,23858.9,33846.0
1660694400000,23858.9,23960.5,23827.5,23940.4,135690.0
1660695300000,23940.5,24037.9,23866.5,23904.5,204251.0
1660696200000,23901.8,24026.7,23896.3,23982.9,102416.0
1660697100000,23983.0,24030.0,23953.4,24009.4,57944.0
1660698000000,24009.4,24024.6,23964.7,23975.7,55162.0
1660698900000,23975.7,24048.3,23957.9,24036.8,92180.0
1660699800000,24036.8,24066.0,23961.1,23978.1,114418.0
1660700700000,23978.2,23990.9,23935.3,23945.0,70165.0
1660701600000,23945.0,23957.4,23909.2,23930.0,53719.0
1660702500000,23929.9,23944.3,23900.9,23940.2,60187.0
1660703400000,23939.8,24059.8,23933.7,24010.0,156363.0
1660704300000,24010.0,24030.6,23961.8,23987.9,73859.0
1660705200000,23988.0,24095.0,23987.7,24069.6,147190.0
1660706100000,24069.5,24080.8,24041.2,24050.0,143357.0
1660707000000,24049.3,24075.6,24028.0,24036.1,54541.0
1660707900000,24038.6,24046.5,24000.0,24010.9,74474.0
1660708800000,24010.7,24042.0,24009.5,24014.9,30933.0
1660709700000,24015.0,24033.3,24011.4,24018.8,19829.0
1660710600000,24018.8,24057.5,24011.0,24030.6,43678.0
1660711500000,24030.0,24089.8,24026.6,24065.4,79266.0
1660712400000,24065.4,24111.0,24060.9,24088.0,80858.0
1660713300000,24088.0,24145.0,24067.2,24126.8,154051.0
1660714200000,24126.9,24159.8,24077.7,24123.7,133655.0
1660715100000,24123.6,24164.0,24123.6,24162.3,91695.0
1660716000000,24162.2,24420.0,24155.4,24336.1,815252.0
1660716900000,24336.0,24408.0,24335.4,24383.1,158104.0
1660717800000,24383.1,24450.0,24336.5,24412.9,192349.0
1660718700000,24412.8,24428.3,24370.4,24408.0,86620.0
1660719600000,24408.1,24426.1,24326.0,24358.1,125944.0
1660720500000,24359.5,24376.7,23965.0,24057.1,824489.0
1660721400000,24057.1,24062.0,23823.0,23860.8,574472.0
1660722300000,23860.9,23939.8,23760.7,23788.1,419571.0
1660723200000,23788.1,23836.7,23733.3,23800.1,251778.0
1660724100000,23800.1,23874.2,23748.7,23757.1,175450.0
1660725000000,23757.0,23830.0,23754.4,23829.5,66464.0
1660725900000,23829.9,23830.0,23770.6,23805.0,52590.0
1660726800000,23805.0,23852.6,23800.2,23845.6,74736.0
1660727700000,23845.5,23880.4,23794.9,23872.9,113061.0
1660728600000,23872.9,23916.9,23846.6,23852.6,154852.0
1660729500000,23852.6,23853.0,23808.0,23836.2,73530.0
1660730400000,23835.3,23837.0,23700.0,23716.1,140537.0
1660731300000,23716.1,23786.5,23700.0,23773.6,130741.0
1660732200000,23773.5,23795.3,23721.9,23763.8,71910.0
1660733100000,23763.8,23799.6,23743.1,23795.3,57119.0
1660734000000,23795.3,23830.1,23784.0,23806.7,51759.0
1660734900000,23805.1,23820.0,23749.5,23762.6,88548.0
1660735800000,23761.8,23769.9,23730.0,23749.0,45856.0
1660736700000,23749.0,23771.7,23692.2,23745.9,98087.0
1660737600000,23746.0,23760.9,23682.0,23716.1,133187.0
1660738500000,23716.1,23716.1,23540.0,23616.0,582514.0
1660739400000,23615.9,23738.0,23542.9,23705.6,305897.0
1660740300000,23705.7,23733.0,23659.2,23675.2,116644.0
1660741200000,23675.1,23685.0,23580.9,23608.1,151214.0
1660742100000,23608.1,23652.0,23574.9,23625.2,99637.0
1660743000000,23629.9,23681.5,23465.0,23488.1,518475.0
1660743900000,23488.0,23488.1,23310.0,23429.1,578322.0
1660744800000,23429.0,23477.0,23371.0,23394.0,174959.0
1660745700000,23394.0,23444.0,23370.0,23416.6,80350.0
1660746600000,23413.9,23448.1,23355.1,23370.0,102024.0
1660747500000,23370.4,23416.4,23330.5,23353.4,129843.0
1660748400000,23353.3,23429.4,23337.9,23418.1,95308.0
1660749300000,23418.2,23469.0,23393.6,23444.5,82947.0
1660750200000,23444.5,23455.0,23350.0,23385.1,58403.0
1660751100000,23385.1,23407.0,23355.1,23397.1,41968.0
1660752000000,23397.2,23419.9,23338.0,23370.0,78972.0
1660752900000,23369.9,23408.8,23341.6,23382.3,82246.0
1660753800000,23381.7,23467.7,23368.0,23422.5,96966.0
1660754700000,23423.3,23446.8,23396.0,23420.5,55073.0
1660755600000,23420.6,23438.8,23372.4,23397.0,61856.0
1660756500000,23397.1,23435.4,23359.1,23411.2,72804.0
1660757400000,23410.7,23430.0,23379.9,23393.3,43839.0
1660758300000,23394.0,23485.7,23388.4,23471.9,65137.0
1660759200000,23472.0,23558.3,23355.6,23535.9,536985.0
1660760100000,23536.7,23547.8,23464.6,23516.9,86683.0
1660761000000,23516.9,23631.1,23500.0,23541.2,271685.0
1660761900000,23541.2,23572.2,23443.8,23449.4,76951.0
1660762800000,23449.5,23494.3,23261.7,23268.1,268509.0
1660763700000,23268.1,23303.4,23237.0,23300.0,165558.0
1660764600000,23300.0,23327.8,23273.1,23314.3,77863.0
1660765500000,23314.7,23314.7,23261.1,23277.8,56598.0
1660766400000,23276.0,23319.6,23177.0,23301.3,219996.0
1660767300000,23301.3,23393.2,23301.3,23378.6,122548.0
1660768200000,23378.4,23424.2,23349.9,23389.1,131646.0
1660769100000,23389.7,23410.6,23376.7,23402.8,29481.0
1660770000000,23402.7,23402.8,23317.4,23327.1,46898.0
1660770900000,23327.1,23346.4,23243.0,23341.7,162236.0
1660771800000,23341.8,23360.0,23279.9,23329.9,38889.0
1660772700000,23329.9,23368.5,23304.4,23337.5,21640.0
1660773600000,23337.4,23342.0,23254.3,23330.0,77018.0
1660774500000,23330.0,23372.4,23297.6,23355.0,49963.0
1660775400000,23355.1,23383.9,23342.0,23361.7,31418.0
1660776300000,23361.7,23383.9,23337.0,23349.5,24699.0
1660777200000,23349.6,23368.5,23290.7,23320.0,34241.0
1660778100000,23320.0,23338.5,23292.2,23317.5,28668.0
1660779000000,23318.4,23379.5,23313.5,23369.4,37670.0
1660779900000,23367.4,23373.3,23301.3,23338.8,59771.0
1660780800000,23338.8,23440.3,23322.6,23405.6,132797.0
1660781700000,23405.7,23450.0,23285.6,23330.7,160801.0
1660782600000,23330.6,23474.5,23315.4,23455.2,149005.0
1660783500000,23455.1,23469.4,23415.7,23453.3,85081.0
1660784400000,23453.4,23456.0,23408.8,23412.9,38384.0
1660785300000,23412.9,23480.0,23411.5,23479.1,61123.0
1660786200000,23479.1,23480.0,23441.0,23459.9,32613.0
1660787100000,23459.9,23495.8,23417.0,23470.5,56141.0
1660788000000,23469.7,23507.6,23441.0,23476.9,66177.0
1660788900000,23476.8,23517.5,23414.8,23418.4,77443.0
1660789800000,23418.4,23448.0,23416.9,23439.1,27318.0
1660790700000,23438.0,23474.7,23431.9,23458.9,33752.0
1660791600000,23458.9,23463.2,23432.2,23449.9,24084.0
1660792500000,23450.0,23490.0,23448.8,23470.7,31836.0
1660793400000,23470.7,23482.3,23442.6,23455.3,29992.0
1660794300000,23455.2,23461.8,23420.5,23431.3,46812.0
1660795200000,23431.3,23450.2,23426.2,23426.2,22597.0
1660796100000,23425.8,23436.8,23380.5,23395.8,80343.0
1660797000000,23395.7,23400.0,23338.1,23351.8,74890.0
1660797900000,23351.7,23410.0,23349.1,23382.0,61670.0
1660798800000,23382.1,23448.9,23374.0,23433.8,49005.0
1660799700000,23433.8,23462.1,23424.5,23451.6,34531.0
1660800600000,23451.6,23466.8,23441.8,23444.7,29437.0
1660801500000,23444.3,23446.1,23385.0,23391.5,43339.0
1660802400000,23389.0,23464.0,23380.0,23444.7,98476.0
1660803300000,23444.8,23455.2,23390.0,23414.1,54691.0
1660804200000,23411.9,23411.9,23361.8,23371.7,51306.0
1660805100000,23371.7,23392.9,23350.0,23360.2,65434.0
1660806000000,23360.1,23413.8,23334.0,23378.8,89248.0
1660806900000,23378.7,23434.0,23355.0,23428.0,44506.0
1660807800000,23428.0,23439.8,23407.0,23419.8,48917.0
1660808700000,23419.7,23430.3,23388.3,23413.8,29762.0
1660809600000,23412.6,23446.9,23403.8,23420.4,36955.0
1660810500000,23417.0,23426.0,23381.0,23395.3,38491.0
1660811400000,23395.3,23405.0,23344.6,23401.3,85891.0
1660812300000,23401.3,23470.0,23399.5,23462.8,114197.0
1660813200000,23462.8,23482.6,23436.1,23446.1,41821.0
1660814100000,23446.3,23481.5,23438.3,23464.2,26369.0
1660815000000,23464.2,23500.0,23456.3,23482.9,49695.0
1660815900000,23482.9,23544.0,23470.0,23531.7,122387.0
1660816800000,23532.4,23576.0,23495.2,23508.1,177055.0
1660817700000,23508.0,23524.7,23477.7,23497.9,61949.0
1660818600000,23497.9,23520.1,23489.3,23493.8,36982.0
1660819500000,23492.4,23492.5,23460.2,23478.8,90882.0
1660820400000,23477.5,23497.1,23469.9,23477.8,48750.0
1660821300000,23477.5,23499.7,23462.0,23476.5,34714.0
1660822200000,23476.5,23519.4,23469.7,23496.0,42839.0
1660823100000,23496.1,23532.0,23496.1,23526.5,58321.0
1660824000000,23526.5,23571.6,23495.8,23498.9,111249.0
1660824900000,23499.0,23597.5,23478.0,23505.3,150303.0
1660825800000,23505.4,23539.9,23465.1,23510.3,158311.0
1660826700000,23510.2,23570.2,23489.2,23567.6,120149.0
1660827600000,23567.8,23569.0,23519.9,23527.7,83161.0
1660828500000,23527.7,23527.9,23488.0,23512.4,99036.0
1660829400000,23512.6,23515.0,23432.4,23505.0,192364.0
1660830300000,23505.0,23509.9,23435.0,23449.9,91435.0
1660831200000,23450.0,23473.9,23408.0,23467.9,142225.0
1660832100000,23467.9,23508.7,23395.0,23396.2,150418.0
1660833000000,23396.3,23468.9,23356.9,23434.4,165290.0
1660833900000,23434.5,23470.7,23409.0,23424.5,95179.0
1660834800000,23424.6,23435.9,23372.8,23405.9,124727.0
1660835700000,23405.9,23452.4,23387.1,23447.0,119696.0
1660836600000,23447.1,23483.5,23445.2,23455.6,82892.0
1660837500000,23455.6,23492.1,23450.1,23455.6,39860.0
1660838400000,23455.5,23470.5,23410.5,23412.0,67588.0
1660839300000,23412.0,23430.0,23329.0,23336.7,156379.0
1660840200000,23336.7,23339.0,23260.0,23267.9,202986.0
1660841100000,23267.9,23370.0,23260.0,23333.0,198874.0
1660842000000,23333.0,23404.0,23328.8,23377.2,108914.0
1660842900000,23377.2,23420.5,23346.9,23386.4,66676.0
1660843800000,23385.7,23416.5,23365.3,23366.1,35117.0
1660844700000,23366.1,23378.0,23258.9,23269.1,95000.0
1660845600000,23269.0,23325.4,23233.2,23313.0,147228.0
1660846500000,23309.2,23321.3,23266.0,23288.0,37217.0
1660847400000,23288.6,23302.6,23262.0,23272.5,51654.0
1660848300000,23272.4,23371.9,23243.9,23317.1,98605.0
1660849200000,23317.1,23391.9,23307.9,23372.4,87450.0
1660850100000,23373.1,23434.2,23350.9,23393.2,79305.0
1660851000000,23393.3,23437.6,23383.7,23406.9,28691.0
1660851900000,23406.9,23409.7,23333.1,23348.4,62843.0
1660852800000,23349.3,23413.6,23321.5,23410.0,71436.0
1660853700000,23410.0,23427.2,23339.9,23389.2,99123.0
1660854600000,23389.4,23453.0,23389.4,23411.2,38850.0
1660855500000,23411.0,23441.3,23405.5,23416.6,20188.0
1660856400000,23416.5,23425.1,23371.2,23373.0,22262.0
1660857300000,23372.9,23413.0,23356.9,23408.4,19413.0
1660858200000,23409.0,23411.2,23382.5,23385.2,6865.0
1660859100000,23379.0,23415.4,23356.4,23360.7,23425.0
1660860000000,23362.1,23381.3,23345.0,23346.0,29091.0
1660860900000,23345.0,23401.3,23325.4,23399.4,81106.0
1660861800000,23398.0,23404.9,23359.8,23378.7,33514.0
1660862700000,23378.5,23392.7,23346.2,23346.4,17967.0
1660863600000,23346.5,23390.8,23288.0,23288.5,131660.0
1660864500000,23288.6,23333.2,23109.5,23193.8,489472.0
1660865400000,23193.7,23270.0,23186.2,23216.2,99157.0
1660866300000,23216.2,23250.0,23192.6,23200.0,55286.0
1660867200000,23195.1,23213.0,23031.0,23069.2,307844.0
1660868100000,23069.1,23096.7,22881.9,22992.4,488830.0
1660869000000,22992.4,22994.8,22890.2,22950.0,147102.0
1660869900000,22950.0,22992.5,22905.0,22931.1,139059.0
1660870800000,22931.1,22963.3,22858.0,22874.5,194548.0
1660871700000,22874.5,22898.2,22742.0,22761.9,322457.0
1660872600000,22764.1,22847.6,22752.7,22812.0,242272.0
1660873500000,22812.0,22830.0,22715.8,22759.6,181891.0
1660874400000,22759.5,22790.0,22710.0,22764.7,148992.0
1660875300000,22764.5,22810.0,22752.2,22795.9,139853.0
1660876200000,22795.8,22795.8,22741.4,22762.3,68431.0
1660877100000,22762.3,22830.0,22760.0,22816.5,119429.0
1660878000000,22815.0,22828.0,22737.6,22753.4,98641.0
1660878900000,22753.4,22804.5,22750.5,22788.2,79363.0
1660879800000,22788.9,22815.5,22780.6,22790.1,36645.0
1660880700000,22790.0,22800.0,22766.0,22766.7,41151.0
1660881600000,22766.7,22795.4,22746.6,22784.4,55869.0
1660882500000,22784.5,22820.0,22764.9,22806.7,61967.0
1660883400000,22806.8,22835.4,22800.3,22803.5,44025.0
1660884300000,22803.5,22813.0,22783.4,22786.4,26898.0
1660885200000,22786.5,22816.7,22782.6,22804.3,31037.0
1660886100000,22804.3,22835.7,22802.6,22814.0,26492.0
1660887000000,22814.0,22818.0,22783.3,22786.7,51110.0
1660887900000,22786.7,22818.9,22767.7,22812.8,55084.0
1660888800000,22812.9,22818.0,22780.6,22787.1,28022.0
1660889700000,22787.1,22790.0,22719.4,22741.9,100692.0
1660890600000,22741.9,22753.7,21175.4,22029.6,3255328.0
1660891500000,22029.6,22029.9,21806.9,21903.6,586320.0
1660892400000,21903.6,22138.3,21882.5,22024.5,380491.0
1660893300000,22024.4,22027.3,21879.1,21941.5,206762.0
1660894200000,21941.5,21961.9,21870.7,21922.0,142357.0
1660895100000,21922.0,21950.0,21850.0,21900.2,134311.0
1660896000000,21903.0,21914.5,21709.4,21836.4,346166.0
1660896900000,21836.5,21853.8,21730.9,21762.2,155808.0
1660897800000,21762.1,21848.8,21676.1,21828.0,217673.0
1660898700000,21828.1,21841.4,21780.0,21780.0,101908.0
1660899600000,21779.9,21793.6,21691.3,21730.8,95498.0
1660900500000,21730.7,21760.7,21660.8,21748.1,134154.0
1660901400000,21748.1,21796.2,21716.5,21727.3,80228.0
1660902300000,21727.2,21832.1,21685.3,21747.6,218251.0
1660903200000,21747.6,21749.4,21670.0,21689.3,114373.0
1660904100000,21689.4,21771.6,21681.6,21744.1,107355.0
1660905000000,21744.0,21757.0,21614.4,21659.8,121460.0
1660905900000,21661.0,21670.0,21577.2,21619.0,179166.0
1660906800000,21618.9,21636.3,21333.0,21495.2,589656.0
1660907700000,21493.9,21528.2,21419.2,21432.6,195223.0
1660908600000,21432.7,21496.0,21262.8,21376.8,454989.0
1660909500000,21376.8,21489.1,21360.8,21469.5,232499.0
1660910400000,21469.4,21476.5,21385.1,21392.1,146682.0
1660911300000,21392.0,21452.0,21327.4,21360.0,215785.0
1660912200000,21360.8,21510.6,21263.0,21477.0,272669.0
1660913100000,21477.1,21591.2,21461.8,21530.5,230421.0
1660914000000,21530.6,21540.8,21482.9,21502.8,78112.0
1660914900000,21502.8,21563.7,21493.4,21502.4,80286.0
1660915800000,21502.4,21551.6,21422.5,21471.6,175547.0
1660916700000,21472.9,21480.0,21385.0,21401.3,117473.0
1660917600000,21401.2,21480.0,21385.4,21393.1,130504.0
1660918500000,21393.7,21449.5,21364.0,21439.8,115343.0
1660919400000,21439.7,21492.5,21360.0,21398.5,102748.0
1660920300000,21398.5,21425.9,21322.1,21334.5,123428.0
1660921200000,21334.5,21358.1,21281.0,21350.0,131633.0
1660922100000,21350.0,21377.8,21326.7,21372.9,72159.0
1660923000000,21372.9,21422.9,21333.1,21402.1,72943.0
1660923900000,21402.1,21473.9,21399.4,21440.0,99028.0
1660924800000,21440.2,21487.4,21414.0,21444.8,101556.0
1660925700000,21444.6,21544.0,21444.6,21494.1,125652.0
1660926600000,21494.0,21660.9,21476.2,21587.1,244510.0
1660927500000,21587.0,21591.4,21502.5,21530.0,92691.0
1660928400000,21530.1,21581.7,21514.9,21555.3,61148.0
1660929300000,21555.3,21557.6,21463.0,21496.8,78883.0
1660930200000,21497.2,21497.3,21402.0,21437.5,109085.0
1660931100000,21432.2,21472.4,21410.1,21461.4,66789.0
1660932000000,21461.4,21463.8,21329.0,21350.3,120026.0
1660932900000,21350.4,21375.2,21324.5,21366.3,69881.0
1660933800000,21366.5,21399.5,21349.6,21395.9,37922.0
1660934700000,21395.9,21414.0,21325.4,21376.0,59521.0
1660935600000,21376.0,21392.3,21134.2,21337.9,495134.0
1660936500000,21337.8,21455.1,21325.0,21415.2,123995.0
1660937400000,21415.2,21458.9,21380.1,21398.0,69872.0
1660938300000,21398.0,21420.2,21325.6,21332.0,83944.0
1660939200000,21332.0,21383.2,21327.6,21359.0,37037.0
1660940100000,21359.0,21383.9,21268.5,21290.0,79812.0
1660941000000,21290.0,21307.5,21166.0,21209.4,154846.0
1660941900000,21209.4,21329.9,21178.7,21277.5,116291.0
1660942800000,21277.5,21314.5,21219.1,21281.1,93771.0
1660943700000,21281.0,21304.0,21235.1,21263.8,61312.0
1660944600000,21263.8,21276.2,21254.7,21259.9,18359.0
1660945500000,21257.6,21257.6,20900.0,21081.0,724620.0
1660946400000,21081.1,21296.9,21038.3,21283.3,274652.0
1660947300000,21287.7,21329.0,21127.8,21137.3,224007.0
1660948200000,21138.1,21149.9,20971.6,21018.4,306542.0
1660949100000,21018.0,21042.6,20921.9,20980.0,181287.0
1660950000000,20980.1,21055.1,20863.3,20926.7,336835.0
1660950900000,20926.6,21007.1,20895.1,20985.8,162814.0
1660951800000,20985.9,21017.9,20864.5,20884.1,231808.0
1660952700000,20882.3,20897.5,20788.0,20835.2,402096.0
1660953600000,20835.2,20972.0,20791.2,20943.8,231367.0
1660954500000,20943.8,21015.7,20933.5,21005.9,152354.0
1660955400000,21006.0,21190.7,20996.8,21163.1,344561.0
1660956300000,21161.3,21166.3,20974.2,20991.5,255889.0
1660957200000,20991.5,21068.0,20983.5,21043.0,95716.0
1660958100000,21043.0,21083.7,21021.8,21049.9,56042.0
1660959000000,21050.0,21100.9,20980.4,20981.7,101855.0
1660959900000,20981.7,21040.0,20981.5,20993.3,58908.0
1660960800000,20993.3,21077.5,20988.2,21075.9,63016.0
1660961700000,21075.9,21126.5,21071.6,21123.0,76938.0
1660962600000,21123.0,21162.0,21072.8,21138.6,139746.0
1660963500000,21138.2,21180.8,21111.3,21128.9,97039.0
1660964400000,21128.8,21162.0,21100.0,21125.0,65154.0
1660965300000,21127.7,21141.8,21091.5,21124.9,49932.0
1660966200000,21124.8,21163.5,21103.3,21110.0,53963.0
1660967100000,21110.1,21179.3,21100.0,21138.5,113083.0
1660968000000,21139.0,21175.9,21119.2,21149.1,69776.0
1660968900000,21149.2,21149.2,21077.3,21088.6,90168.0
1660969800000,21086.9,21120.5,21080.0,21100.8,77933.0
1660970700000,21102.2,21283.3,21102.2,21238.7,230673.0
1660971600000,21238.2,21252.5,21085.0,21105.7,200708.0
1660972500000,21105.7,21247.8,21104.6,21235.7,255141.0
1660973400000,21235.6,21235.7,21167.4,21172.1,52808.0
1660974300000,21172.1,21193.5,21123.9,21129.2,66295.0
1660975200000,21129.1,21175.5,21122.0,21151.6,73925.0
1660976100000,21151.7,21210.0,21132.3,21190.0,87364.0
1660977000000,21190.1,21219.8,21186.2,21216.9,70135.0
1660977900000,21217.0,21336.2,21213.6,21313.4,292271.0
1660978800000,21312.0,21364.4,21300.7,21303.6,133964.0
1660979700000,21303.6,21310.5,21260.1,21296.9,74000.0
1660980600000,21296.9,21366.1,21280.9,21287.5,139975.0
1660981500000,21287.5,21333.0,21272.5,21300.3,109378.0
1660982400000,21300.4,21309.1,21245.5,21260.8,78382.0
1660983300000,21260.8,21266.0,21228.1,21251.0,51258.0
1660984200000,21250.2,21254.9,21183.6,21193.0,118770.0
1660985100000,21193.1,21231.2,21174.8,21197.5,101659.0
1660986000000,21197.4,21215.0,21137.4,21166.7,97446.0
1660986900000,21166.6,21195.3,21131.6,21183.6,98190.0
1660987800000,21181.8,21224.0,21180.9,21218.0,81409.0
1660988700000,21217.9,21232.0,21200.7,21206.2,50599.0
1660989600000,21206.2,21222.5,21105.3,21185.7,111190.0
1660990500000,21185.7,21187.4,21142.7,21169.0,73722.0
1660991400000,21169.1,21182.5,21119.0,21157.5,92476.0
1660992300000,21157.6,21260.7,21153.0,21231.9,207512.0
1660993200000,21230.0,21248.5,21195.6,21221.0,131878.0
1660994100000,21221.1,21254.6,21197.8,21246.5,54779.0
1660995000000,21246.5,21270.5,21214.3,21259.1,68948.0
1660995900000,21259.0,21276.2,21226.6,21231.2,49644.0
1660996800000,21231.3,21264.6,21219.9,21245.1,97801.0
1660997700000,21245.4,21274.3,21201.0,21274.0,108726.0
1660998600000,21273.9,21316.1,21254.1,21276.0,159303.0
1660999500000,21276.0,21293.0,21220.8,21239.3,128144.0
1661000400000,21239.4,21267.7,21231.1,21254.4,67294.0
1661001300000,21254.4,21289.5,21232.4,21271.0,39853.0
1661002200000,21271.1,21288.0,21246.9,21255.1,43799.0
1661003100000,21255.0,21333.0,21247.2,21315.5,105179.0
1661004000000,21315.7,21348.9,21271.8,21306.1,100509.0
1661004900000,21306.2,21321.6,21273.0,21291.5,45111.0
1661005800000,21291.4,21291.4,21224.3,21263.4,63623.0
1661006700000,21263.4,21268.9,21230.2,21252.9,51228.0
1661007600000,21253.0,21280.4,21201.2,21251.3,132541.0
1661008500000,21251.3,21267.0,21221.6,21239.3,97195.0
1661009400000,21239.2,21266.0,21224.5,21256.0,32297.0
1661010300000,21255.9,21318.4,21253.7,21298.6,94730.0
1661011200000,21299.7,21358.7,21290.6,21316.0,110913.0
1661012100000,21316.1,21342.1,21270.5,21334.2,68796.0
1661013000000,21331.3,21335.1,21235.6,21285.4,121583.0
1661013900000,21285.5,21300.0,21223.0,21237.7,61692.0
1661014800000,21237.6,21250.0,21165.0,21189.6,163090.0
1661015700000,21189.5,21285.5,21165.0,21281.5,168611.0
1661016600000,21281.5,21321.2,21240.4,21242.5,121735.0
1661017500000,21242.5,21289.1,21240.4,21252.5,63608.0
1661018400000,21252.6,21318.0,21243.7,21292.5,57749.0
1661019300000,21294.3,21326.5,21255.1,21263.0,84112.0
1661020200000,21260.9,21285.3,21231.1,21238.5,54198.0
1661021100000,21237.5,21272.2,21074.6,21104.3,407452.0
1661022000000,21104.3,21148.0,20984.8,21012.0,247650.0
1661022900000,21012.7,21130.0,20998.8,21071.6,177502.0
1661023800000,21071.5,21089.2,20960.0,20982.1,179201.0
1661024700000,20982.2,21035.0,20940.7,20991.4,126754.0
1661025600000,20993.2,21084.0,20957.0,21077.4,117662.0
1661026500000,21077.5,21158.0,21077.5,21121.2,113320.0
1661027400000,21121.8,21121.8,21041.3,21051.7,52414.0
1661028300000,21051.6,21056.3,20800.0,20820.4,480785.0
1661029200000,20820.4,21067.9,20762.0,20999.2,336615.0
1661030100000,20998.7,21025.0,20892.2,20938.8,120807.0
1661031000000,20938.7,21040.0,20903.8,21035.9,48091.0
1661031900000,21035.9,21148.7,21035.0,21119.7,80576.0
1661032800000,21119.6,21251.7,21102.7,21182.4,151625.0
1661033700000,21182.4,21209.2,21101.7,21124.6,65332.0
1661034600000,21124.6,21132.7,21060.0,21087.1,93585.0
1661035500000,21087.0,21156.0,21078.9,21139.8,69557.0
1661036400000,21139.8,21148.4,21082.0,21121.8,43362.0
1661037300000,21121.8,21225.0,21109.6,21203.5,115104.0
1661038200000,21205.0,21210.0,21104.9,21121.2,100829.0
1661039100000,21121.2,21168.0,21117.9,21141.2,43299.0
1661040000000,21141.3,21203.2,21121.8,21168.9,82257.0
1661040900000,21169.3,21293.0,21145.9,21265.7,170039.0
1661041800000,21265.7,21277.1,21208.4,21224.3,57731.0
1661042700000,21224.3,21225.5,21161.5,21166.9,63355.0
1661043600000,21166.9,21229.6,21161.8,21193.8,55447.0
1661044500000,21193.9,21211.0,21175.3,21188.6,32414.0
1661045400000,21188.7,21257.4,21175.0,21224.6,62789.0
1661046300000,21224.6,21277.6,21220.5,21262.3,53771.0
1661047200000,21262.4,21273.0,21227.4,21259.1,56399.0
1661048100000,21259.2,21273.0,21219.0,21234.8,50456.0
1661049000000,21234.9,21256.2,21217.5,21250.2,45864.0
1661049900000,21252.7,21325.1,21249.9,21262.7,120088.0
1661050800000,21262.7,21267.2,21196.0,21199.5,115666.0
1661051700000,21199.4,21225.1,21181.9,21208.1,44702.0
1661052600000,21207.9,21217.3,21161.1,21192.2,85062.0
1661053500000,21192.2,21211.2,21170.0,21210.0,37131.0
1661054400000,21209.9,21210.5,21191.7,21196.1,33555.0
1661055300000,21194.8,21249.0,21187.0,21242.1,60053.0
1661056200000,21242.1,21283.0,21200.0,21225.7,74549.0
1661057100000,21225.8,21225.8,21181.0,21200.9,49403.0
1661058000000,21200.8,21212.8,21166.7,21184.3,37393.0
1661058900000,21184.4,21208.0,21176.2,21181.5,39073.0
1661059800000,21181.6,21239.7,21180.0,21182.9,99279.0
1661060700000,21183.0,21233.9,21182.9,21229.7,42472.0
1661061600000,21231.6,21242.3,21192.4,21193.1,50193.0
1661062500000,21193.0,21220.0,21181.2,21197.1,48548.0
1661063400000,21197.2,21218.9,21111.0,21128.1,151832.0
1661064300000,21128.0,21144.4,21069.1,21117.3,163771.0
1661065200000,21117.3,21125.5,21072.8,21109.6,59553.0
1661066100000,21109.7,21157.7,21071.5,21157.7,96164.0
1661067000000,21157.7,21190.0,21143.5,21166.8,70724.0
1661067900000,21166.8,21254.0,21166.7,21253.8,141335.0
1661068800000,21253.9,21497.1,21228.4,21413.5,610319.0
1661069700000,21412.7,21474.0,21328.2,21355.0,251745.0
1661070600000,21355.0,21374.8,21271.5,21327.5,164107.0
1661071500000,21327.1,21361.9,21267.6,21361.9,98351.0
1661072400000,21360.7,21446.7,21329.7,21404.7,139443.0
1661073300000,21404.5,21446.8,21364.2,21387.0,79846.0
1661074200000,21387.0,21450.0,21382.2,21449.1,58619.0
1661075100000,21449.0,21500.0,21420.0,21433.0,148694.0
1661076000000,21433.1,21445.2,21382.0,21409.3,67001.0
1661076900000,21407.5,21469.1,21385.7,21428.9,91973.0
1661077800000,21428.9,21448.2,21378.6,21394.8,61762.0
1661078700000,21393.7,21421.0,21368.0,21380.2,62412.0
1661079600000,21378.6,21409.0,21366.7,21380.0,65447.0
1661080500000,21380.0,21404.7,21370.6,21381.4,49232.0
1661081400000,21381.5,21468.9,21381.4,21465.0,84379.0
1661082300000,21464.9,21560.0,21438.0,21520.8,241987.0
1661083200000,21518.8,21579.8,21492.7,21565.7,181106.0
1661084100000,21564.7,21567.5,21506.2,21508.6,87750.0
1661085000000,21508.6,21529.0,21475.6,21491.7,69396.0
1661085900000,21491.6,21513.1,21467.0,21467.9,52928.0
1661086800000,21467.9,21498.8,21453.6,21494.2,46154.0
1661087700000,21494.2,21494.3,21385.0,21411.7,134064.0
1661088600000,21411.7,21434.0,21394.1,21409.3,61073.0
1661089500000,21407.6,21416.7,21388.0,21399.4,49811.0
1661090400000,21397.0,21410.6,21300.0,21375.0,243342.0
1661091300000,21375.0,21417.1,21355.6,21389.5,73924.0
1661092200000,21389.4,21429.0,21372.0,21406.0,73234.0
1661093100000,21405.6,21414.5,21386.0,21410.0,33794.0
1661094000000,21410.0,21430.4,21403.7,21408.5,31774.0
1661094900000,21408.5,21433.7,21363.5,21383.6,41993.0
1661095800000,21383.7,21440.0,21383.2,21432.9,29683.0
1661096700000,21432.9,21433.0,21396.8,21420.1,28706.0
1661097600000,21420.1,21455.1,21340.7,21347.5,89522.0
1661098500000,21347.6,21376.6,21330.0,21362.0,81250.0
1661099400000,21362.0,21484.9,21362.0,21482.3,91664.0
1661100300000,21482.4,21505.0,21392.9,21404.7,104302.0
1661101200000,21404.3,21472.5,21400.0,21464.7,66196.0
1661102100000,21466.7,21481.4,21438.2,21450.5,49922.0
1661103000000,21449.5,21483.7,21449.5,21452.6,26145.0
1661103900000,21452.6,21468.1,21414.8,21458.0,39685.0
1661104800000,21458.0,21473.0,21387.0,21428.9,100931.0
1661105700000,21428.9,21463.8,21414.1,21424.8,35932.0
1661106600000,21425.4,21475.8,21413.1,21467.9,31717.0
1661107500000,21468.0,21502.8,21456.7,21483.5,33291.0
1661108400000,21483.7,21493.8,21460.0,21486.9,19102.0
1661109300000,21486.9,21543.5,21451.0,21524.6,69871.0
1661110200000,21525.0,21557.2,21509.1,21537.8,39211.0
1661111100000,21537.2,21543.9,21491.0,21511.2,34490.0
1661112000000,21511.1,21539.5,21465.6,21470.9,30421.0
1661112900000,21471.0,21504.9,21470.9,21494.2,25318.0
1661113800000,21493.1,21519.7,21469.5,21518.1,29790.0
1661114700000,21518.1,21788.1,21459.2,21468.5,558940.0
1661115600000,21465.9,21617.2,21465.9,21616.0,161343.0
1661116500000,21616.0,21698.0,21582.7,21644.3,113357.0
1661117400000,21644.3,21654.7,21478.7,21490.2,96492.0
1661118300000,21491.5,21569.9,21491.5,21537.1,41481.0
1661119200000,21537.0,21537.0,21265.6,21321.5,351857.0
1661120100000,21321.6,21533.6,21290.0,21495.4,150691.0
1661121000000,21495.4,21630.1,21491.4,21589.4,218441.0
1661121900000,21590.9,21668.7,21551.0,21561.7,137052.0
1661122800000,21561.7,21642.6,21530.0,21579.5,84047.0
1661123700000,21578.2,21595.7,21520.6,21537.3,60275.0
1661124600000,21536.7,21623.7,21524.3,21553.1,50867.0
1661125500000,21553.0,21576.0,21508.0,21515.4,38243.0
1661126400000,21515.5,21525.1,21410.0,21429.1,127027.0
1661127300000,21429.2,21527.3,21396.8,21476.1,111105.0
1661128200000,21476.0,21507.2,21443.1,21498.1,36977.0
1661129100000,21498.0,21506.2,21422.1,21452.0,42208.0
1661130000000,21453.2,21479.8,21359.5,21405.9,74876.0
1661130900000,21405.5,21437.7,21380.0,21433.9,39469.0
1661131800000,21433.9,21470.0,21383.0,21427.0,82460.0
1661132700000,21427.5,21468.0,21427.5,21446.0,44822.0
1661133600000,21446.9,21470.0,21430.0,21430.1,38529.0
1661134500000,21430.0,21432.1,21380.2,21409.0,58241.0
1661135400000,21409.0,21451.7,21404.6,21417.8,31674.0
1661136300000,21417.9,21484.8,21411.3,21471.4,51598.0
1661137200000,21471.4,21486.8,21455.9,21475.1,27918.0
1661138100000,21475.8,21508.0,21446.7,21474.6,49553.0
1661139000000,21474.6,21490.0,21439.1,21448.9,36755.0
1661139900000,21448.9,21455.4,21410.8,21417.0,36284.0
1661140800000,21415.3,21420.0,21345.6,21371.9,96930.0
1661141700000,21371.9,21426.9,21357.4,21416.7,53421.0
1661142600000,21416.7,21449.0,21394.1,21442.4,40230.0
1661143500000,21442.4,21486.4,21431.0,21465.8,61658.0
1661144400000,21465.8,21489.4,21445.6,21480.6,46254.0
1661145300000,21480.6,21480.7,21427.0,21435.6,44087.0
1661146200000,21435.7,21442.9,21408.2,21437.3,47314.0
1661147100000,21437.3,21472.8,21424.6,21426.3,43330.0
1661148000000,21428.8,21434.6,21369.6,21376.9,100505.0
1661148900000,21377.7,21446.2,21370.1,21436.4,61915.0
1661149800000,21436.4,21447.5,21290.9,21308.0,187450.0
1661150700000,21308.0,21368.9,21295.9,21354.1,105672.0
1661151600000,21354.1,21381.5,21291.6,21340.6,120745.0
1661152500000,21340.6,21350.0,21190.0,21203.1,242118.0
1661153400000,21203.6,21255.9,21171.3,21209.6,147725.0
1661154300000,21210.2,21230.0,21060.2,21103.9,339720.0
1661155200000,21102.1,21123.4,20954.7,20972.2,529388.0
1661156100000,20973.6,21013.0,20900.0,20954.0,333884.0
1661157000000,20953.7,21124.8,20908.1,21024.2,437608.0
1661157900000,21024.2,21208.2,21012.6,21191.1,221749.0
1661158800000,21191.1,21261.1,21092.3,21216.6,265552.0
1661159700000,21216.7,21216.8,21138.9,21156.0,89155.0
1661160600000,21156.1,21156.1,21089.5,21120.1,101763.0
1661161500000,21120.1,21198.7,21120.1,21177.0,53907.0
1661162400000,21176.9,21185.4,21105.9,21159.3,54112.0
1661163300000,21159.3,21288.1,21145.2,21268.2,181081.0
1661164200000,21264.4,21341.5,21249.7,21265.7,199959.0
1661165100000,21265.7,21286.1,21225.0,21280.3,72557.0
1661166000000,21280.0,21309.3,21241.4,21287.9,62151.0
1661166900000,21288.0,21326.0,21249.0,21268.1,68550.0
1661167800000,21268.2,21279.5,21187.7,21213.4,153315.0
1661168700000,21213.4,21265.7,21206.9,21247.4,56902.0
1661169600000,21249.9,21300.0,21216.3,21231.4,97817.0
1661170500000,21229.9,21274.2,21203.0,21269.1,50436.0
1661171400000,21269.1,21348.4,21188.1,21238.8,170845.0
1661172300000,21238.7,21249.9,21150.9,21205.0,157729.0
1661173200000,21205.4,21237.9,21178.8,21209.3,66998.0
1661174100000,21209.4,21247.1,21166.0,21177.0,86633.0
1661175000000,21173.4,21298.9,21081.2,21293.6,388455.0
1661175900000,21294.6,21384.3,21190.0,21305.2,379715.0
1661176800000,21305.1,21392.6,21251.0,21260.1,189607.0
1661177700000,21260.1,21298.8,21181.5,21218.0,184222.0
1661178600000,21218.0,21309.1,21175.8,21261.0,157721.0
1661179500000,21260.8,21303.8,21198.0,21198.2,111725.0
1661180400000,21198.2,21279.8,21190.8,21257.8,50112.0
1661181300000,21257.7,21296.0,21251.5,21251.5,76686.0
1661182200000,21251.6,21361.8,21240.1,21330.1,134233.0
1661183100000,21330.1,21436.0,21314.1,21400.7,257993.0
1661184000000,21400.8,21554.0,21339.1,21347.0,325377.0
1661184900000,21347.1,21405.7,21325.2,21344.4,89467.0
1661185800000,21344.5,21372.4,21328.0,21335.4,50552.0
1661186700000,21335.4,21363.7,21316.5,21333.9,54418.0
1661187600000,21333.9,21344.1,21274.1,21302.6,69867.0
1661188500000,21302.1,21308.0,21265.6,21277.5,44917.0
1661189400000,21273.8,21285.9,21208.8,21241.1,92819.0
1661190300000,21241.1,21258.6,21186.7,21232.7,67334.0
1661191200000,21232.6,21243.1,21133.0,21164.8,83079.0
1661192100000,21164.9,21210.6,21132.7,21160.7,93082.0
1661193000000,21158.2,21159.9,20975.9,20996.0,284689.0
1661193900000,20995.9,21037.5,20959.9,21017.9,114314.0
1661194800000,21017.9,21098.8,21006.3,21079.0,91723.0
1661195700000,21081.0,21125.0,21004.2,21020.0,107778.0
1661196600000,21020.0,21060.8,20994.8,21023.9,43188.0
1661197500000,21024.0,21059.1,21015.0,21055.5,55930.0
1661198400000,21058.3,21168.9,21048.9,21081.0,122604.0
1661199300000,21079.9,21166.7,21079.9,21150.6,70077.0
1661200200000,21150.6,21190.6,21116.8,21122.2,44705.0
1661201100000,21128.5,21136.4,21071.0,21128.5,43710.0
1661202000000,21130.4,21139.7,21061.2,21089.0,46884.0
1661202900000,21089.0,21131.4,21085.9,21107.1,22870.0
1661203800000,21107.1,21129.8,21048.2,21084.5,34939.0
1661204700000,21084.5,21115.9,21047.8,21104.0,41307.0
1661205600000,21104.0,21185.0,21091.3,21169.6,64559.0
1661206500000,21169.5,21250.0,21153.2,21182.3,162298.0
1661207400000,21182.3,21242.9,21181.9,21224.9,87309.0
1661208300000,21224.9,21242.9,21170.0,21175.1,45359.0
1661209200000,21176.4,21248.4,21154.4,21220.6,60680.0
1661210100000,21224.4,21242.1,21200.0,21204.6,29642.0
1661211000000,21204.5,21317.8,21180.1,21305.4,123283.0
1661211900000,21305.5,21424.9,21300.2,21399.5,232747.0
1661212800000,21399.5,21445.0,21369.7,21384.3,162401.0
1661213700000,21384.3,21470.4,21344.4,21445.4,169383.0
1661214600000,21445.3,21466.9,21347.1,21355.1,105626.0
1661215500000,21355.1,21357.8,21284.9,21303.1,136501.0
1661216400000,21303.0,21402.6,21300.1,21402.6,99227.0
1661217300000,21402.6,21408.2,21351.3,21364.4,63358.0
1661218200000,21366.5,21400.0,21336.0,21342.9,60240.0
1661219100000,21342.9,21356.6,21293.3,21309.7,64409.0
1661220000000,21309.8,21324.9,21262.6,21277.1,90828.0
1661220900000,21277.0,21299.8,21270.9,21296.9,59329.0
1661221800000,21296.9,21329.7,21279.7,21307.0,53293.0
1661222700000,21306.7,21358.6,21306.7,21345.1,60812.0
1661223600000,21345.1,21375.6,21319.9,21364.4,51070.0
1661224500000,21364.5,21369.3,21319.0,21319.1,47425.0
1661225400000,21319.1,21333.9,21285.0,21293.9,39399.0
1661226300000,21293.8,21300.0,21223.0,21237.2,83798.0
1661227200000,21237.2,21266.9,21225.6,21229.4,61823.0
1661228100000,21229.2,21286.6,21228.9,21269.1,47324.0
1661229000000,21267.6,21317.1,21261.8,21297.9,56683.0
1661229900000,21296.9,21318.3,21265.4,21268.8,45701.0
1661230800000,21267.2,21289.5,21245.7,21268.6,40651.0
1661231700000,21268.5,21273.2,21086.2,21110.7,270156.0
1661232600000,21110.7,21112.8,20955.0,21034.7,418531.0
1661233500000,21033.4,21033.5,20928.5,20967.5,186584.0
1661234400000,20966.5,21028.9,20871.9,20943.1,237075.0
1661235300000,20943.0,20994.5,20935.9,20959.9,104085.0
1661236200000,20959.9,21060.0,20952.8,21023.5,130143.0
1661237100000,21023.4,21087.9,21008.9,21079.1,103785.0
