ts,open,high,low,close,volume
1723446000000,58413.8,58471.7,58023.8,58078.8,166664.9
1723446900000,58078.9,58380.0,57610.0,58342.8,663841.6
1723447800000,58342.7,59046.0,58266.0,58673.0,438033.3
1723448700000,58673.1,58802.8,58564.5,58666.0,174904.7
1723449600000,58666.0,59026.0,58662.3,58808.2,172247.1
1723450500000,58808.2,58917.8,58712.0,58724.4,74295.4
1723451400000,58724.0,58879.1,58611.7,58633.1,72544.7
1723452300000,58632.0,58650.0,58228.9,58314.0,204199.0
1723453200000,58314.0,58519.6,58310.0,58483.2,106600.2
1723454100000,58483.2,58644.9,58155.0,58308.5,160250.9
1723455000000,58308.6,58390.5,58164.4,58372.9,136555.7
1723455900000,58372.9,58386.3,58202.7,58300.1,63514.9
1723456800000,58300.1,58355.0,58116.8,58257.2,105140.3
1723457700000,58257.5,58636.0,58217.4,58631.9,154884.2
1723458600000,58632.0,58825.2,58540.0,58703.0,147649.8
1723459500000,58703.1,58993.7,58700.3,58971.0,127666.9
1723460400000,58971.0,59441.7,58879.1,59318.6,416956.0
1723461300000,59318.6,59620.8,59309.9,59534.2,348289.0
1723462200000,59534.3,59849.7,59440.5,59616.3,319238.3
1723463100000,59616.3,59962.0,59614.2,59842.1,175077.1
1723464000000,59842.0,59867.0,59655.0,59655.3,125635.9
1723464900000,59656.8,59782.7,59528.0,59771.0,183740.9
1723465800000,59770.9,59931.1,59500.2,59529.5,148423.7
1723466700000,59529.4,59728.4,59526.3,59723.1,76120.1
1723467600000,59723.1,59878.7,59613.3,59704.1,88947.5
1723468500000,59704.5,59710.9,59476.1,59530.1,93767.7
1723469400000,59530.1,59674.9,58725.0,58802.3,520876.6
1723470300000,58802.3,58891.0,57978.6,58165.9,668197.5
1723471200000,58166.0,59481.1,57765.4,59327.9,905987.5
1723472100000,59327.9,59836.2,59089.3,59588.0,660964.9
1723473000000,59586.1,60718.8,59396.0,60218.0,800209.2
1723473900000,60217.9,60393.3,60058.0,60296.9,249984.9
1723474800000,60296.8,60520.0,60040.0,60136.5,241245.7
1723475700000,60136.3,60394.2,59230.0,59654.4,575708.2
1723476600000,59654.5,60048.5,59321.1,59944.0,373505.7
1723477500000,59947.5,60213.7,59711.0,60207.4,216328.2
1723478400000,60207.3,60421.1,59946.0,59961.7,229951.4
1723479300000,59961.3,59976.0,59627.5,59807.1,195797.1
1723480200000,59807.1,59999.9,59666.7,59810.0,115792.9
1723481100000,59810.0,59938.7,59517.6,59608.8,125016.2
1723482000000,59608.8,59795.4,59514.1,59739.0,105278.3
1723482900000,59739.1,59928.5,59526.7,59617.3,89409.1
1723483800000,59617.2,59778.5,59588.5,59613.3,36112.8
1723484700000,59613.2,59670.5,59252.8,59302.0,173680.7
1723485600000,59302.0,59491.0,59142.2,59470.9,117760.8
1723486500000,59470.8,59498.9,59160.0,59204.5,77961.3
1723487400000,59204.5,59253.4,58940.5,58999.4,111878.9
1723488300000,59001.4,59022.4,58435.3,58524.2,301644.6
1723489200000,58524.2,59072.0,58524.2,59036.5,165637.4
1723490100000,59036.4,59294.9,59019.0,59155.5,118168.9
1723491000000,59155.6,59259.6,58981.1,59007.8,116931.0
1723491900000,59007.8,59153.9,58844.1,59051.3,99214.6
1723492800000,59052.0,59264.8,58980.3,59195.4,58157.4
1723493700000,59195.4,59326.8,59130.0,59134.2,70858.8
1723494600000,59134.3,59396.6,59061.5,59273.0,74083.4
1723495500000,59272.8,59318.3,58740.0,58855.4,177631.1
1723496400000,58855.4,58878.4,58551.3,58802.8,103650.5
1723497300000,58802.7,58839.6,58661.3,58782.9,52483.4
1723498200000,58783.0,59221.4,58782.9,59024.0,104530.2
1723499100000,59024.0,59230.6,58950.8,58982.8,46945.7
1723500000000,58982.8,59228.8,58982.8,59147.9,49315.4
1723500900000,59149.4,59260.2,59044.6,59168.0,35195.5
1723501800000,59168.0,59183.9,58916.5,58947.7,34851.1
1723502700000,58948.2,59133.3,58860.3,59059.8,38784.1
1723503600000,59059.9,59430.6,59024.2,59352.4,76053.1
1723504500000,59352.5,59755.0,59272.6,59298.6,175529.8
1723505400000,59298.7,59557.3,59282.8,59383.2,64900.0
1723506300000,59387.7,59412.3,59294.0,59348.6,33073.2
1723507200000,59348.6,59626.7,59271.8,59408.3,115514.5
1723508100000,59408.3,59679.9,59326.5,59652.0,74110.1
1723509000000,59652.0,59788.7,59434.3,59529.8,93704.9
1723509900000,59529.7,59888.0,59474.0,59787.0,109525.9
1723510800000,59787.0,59915.7,59452.7,59545.6,114926.8
1723511700000,59547.4,59734.8,59503.2,59556.0,46439.8
1723512600000,59557.4,59750.0,59524.7,59699.2,30526.5
1723513500000,59699.2,59835.0,59672.0,59738.2,62052.8
1723514400000,59738.2,59784.4,59419.0,59474.1,103450.1
1723515300000,59475.2,59609.8,59292.8,59582.8,139593.4
1723516200000,59590.5,59632.2,59399.9,59459.9,47372.1
1723517100000,59459.8,59517.6,59388.0,59486.0,27252.8
1723518000000,59485.5,59524.2,58940.3,59161.8,197460.3
1723518900000,59158.3,59483.6,59094.8,59244.9,150073.4
1723519800000,59244.8,59324.0,58983.2,59040.9,119672.2
1723520700000,59040.1,59055.4,58869.1,59045.1,106584.5
1723521600000,59045.1,59083.5,58833.0,58928.9,100047.8
1723522500000,58928.9,59169.3,58895.4,59120.5,73145.3
1723523400000,59121.8,59237.8,59089.7,59216.0,69435.2
1723524300000,59216.0,59256.0,59150.0,59230.1,48450.1
1723525200000,59230.0,59265.5,59100.0,59186.6,43991.1
1723526100000,59186.7,59292.0,59108.0,59260.2,53244.4
1723527000000,59260.3,59288.0,59184.0,59274.0,24956.5
1723527900000,59274.0,59370.0,59188.0,59219.3,52899.3
1723528800000,59219.4,59335.7,59150.0,59197.9,48371.4
1723529700000,59197.9,59204.3,58982.2,59114.9,62659.4
1723530600000,59114.9,59270.0,59036.6,59228.5,44696.2
1723531500000,59228.5,59480.1,59227.4,59372.5,104646.6
1723532400000,59372.5,59414.0,59266.9,59414.0,54476.7
1723533300000,59414.3,59462.8,59095.0,59100.0,121934.1
1723534200000,59099.9,59280.0,59050.0,59279.0,54990.3
1723535100000,59278.9,59320.0,59169.2,59241.3,49017.0
1723536000000,59241.2,59267.2,59070.0,59267.2,60366.9
1723536900000,59267.8,59323.0,59016.0,59064.5,94070.6
1723537800000,59064.6,59138.4,58930.7,59067.9,71685.3
1723538700000,59068.0,59105.5,58930.0,59094.6,60775.6
1723539600000,59094.6,59100.9,58880.0,59003.0,66637.2
1723540500000,59003.1,59010.9,58700.8,58992.1,180164.1
1723541400000,58992.2,59080.0,58771.1,58801.8,87416.5
1723542300000,58801.9,58988.5,58799.5,58953.2,41335.9
1723543200000,58953.1,58973.7,58802.7,58834.5,44132.1
1723544100000,58834.4,58865.6,58366.0,58719.5,242817.0
1723545000000,58719.5,58773.7,58532.0,58698.5,88009.2
1723545900000,58698.5,58780.0,58625.0,58672.0,47687.1
1723546800000,58671.9,58801.9,58539.1,58721.8,71793.9
1723547700000,58721.8,58800.0,58656.3,58712.1,39725.6
1723548600000,58712.0,58907.4,58700.0,58861.9,59687.1
1723549500000,58861.9,58895.1,58744.3,58832.7,61013.4
1723550400000,58832.8,59007.8,58808.5,58920.1,97467.4
1723551300000,58920.1,58971.3,58758.2,58854.0,64637.2
1723552200000,58854.0,59194.9,58700.1,58880.0,299529.9
1723553100000,58880.0,59188.0,58800.0,59119.7,132823.1
1723554000000,59119.7,59226.9,58943.6,58993.8,168703.9
1723554900000,58993.9,59066.0,58836.8,58938.2,85253.1
1723555800000,58938.2,59274.3,58860.9,59195.7,213593.1
1723556700000,59198.0,59424.5,59169.2,59396.5,174098.9
1723557600000,59396.6,59572.2,59268.3,59561.0,177676.5
1723558500000,59560.9,59689.0,59380.0,59442.8,175172.2
1723559400000,59448.5,59541.5,59004.7,59511.9,236984.5
1723560300000,59511.9,59779.5,59462.0,59643.9,226405.0
1723561200000,59644.0,59727.7,59422.0,59489.3,120320.7
1723562100000,59489.2,59593.9,59380.0,59479.7,77277.4
1723563000000,59479.7,59527.8,59350.0,59455.9,66650.8
1723563900000,59455.3,59535.0,59364.6,59469.2,69860.1
1723564800000,59469.2,59800.0,59442.4,59727.2,131691.9
1723565700000,59727.2,60160.1,59727.2,59884.8,307337.0
1723566600000,59884.9,60668.0,59884.8,60620.0,453595.7
1723567500000,60620.1,61184.0,60588.0,61150.0,491873.5
1723568400000,61150.0,61500.0,60954.4,61374.9,533822.0
1723569300000,61374.9,61500.0,61110.5,61279.9,244444.1
1723570200000,61280.0,61589.4,61270.0,61503.8,178471.7
1723571100000,61503.9,61550.0,60904.9,61166.3,358546.6
1723572000000,61166.3,61220.8,60980.8,61097.0,147366.0
1723572900000,61097.1,61122.1,60862.0,60980.0,116751.2
1723573800000,60980.0,61118.5,60850.0,60969.1,101611.3
1723574700000,60969.0,60978.7,60752.4,60801.7,140556.1
1723575600000,60801.6,60835.7,60576.9,60578.1,127226.9
1723576500000,60578.1,60843.8,60235.9,60794.9,322475.0
1723577400000,60794.9,60936.4,60611.1,60734.7,137989.1
1723578300000,60734.7,60971.6,60700.0,60818.2,109159.2
1723579200000,60818.2,60980.0,60763.9,60816.0,76185.6
1723580100000,60816.1,60821.0,60566.8,60673.9,62786.4
1723581000000,60673.9,60782.2,60608.6,60712.0,28870.2
1723581900000,60712.0,60734.5,60555.5,60566.0,34624.2
1723582800000,60567.9,60660.0,60508.0,60619.7,41884.4
1723583700000,60619.7,60931.9,60619.7,60868.0,53536.8
1723584600000,60868.0,61146.6,60769.2,60983.7,77163.2
1723585500000,60983.8,61076.8,60895.0,61036.9,31476.7
1723586400000,61036.9,61068.5,60578.1,60637.3,174802.6
1723587300000,60634.1,60656.9,60444.0,60585.1,49641.4
1723588200000,60585.2,60727.4,60553.9,60647.9,68433.2
1723589100000,60647.9,60701.4,60523.3,60596.6,46690.8
1723590000000,60596.6,60620.0,60485.7,60524.1,57629.5
1723590900000,60524.0,60599.9,60457.2,60500.0,38592.9
1723591800000,60500.0,60534.5,60415.3,60445.8,35492.8
1723592700000,60445.7,60624.0,60390.9,60591.9,38459.4
1723593600000,60591.9,60666.0,60428.4,60628.2,54180.6
1723594500000,60628.3,60667.6,60505.0,60626.9,39467.0
1723595400000,60626.9,60799.0,60573.0,60700.4,76666.8
1723596300000,60700.3,60858.0,60651.5,60793.6,52123.1
1723597200000,60793.6,60832.8,60615.0,60705.4,38942.8
1723598100000,60701.7,60701.7,60535.5,60580.4,44919.6
1723599000000,60581.0,60790.3,60526.1,60770.0,44905.0
1723599900000,60770.1,60770.1,60521.9,60522.2,47419.1
1723600800000,60522.2,60676.0,60501.0,60659.3,48139.1
1723601700000,60659.2,60749.2,60605.6,60643.9,72389.2
1723602600000,60643.9,60780.0,60600.0,60760.6,33625.2
1723603500000,60760.6,60839.7,60760.6,60800.0,44500.5
1723604400000,60800.1,60955.0,60800.0,60920.1,62605.1
1723605300000,60920.2,61088.0,60883.5,61055.0,70907.9
1723606200000,61054.9,61188.0,61028.0,61101.5,132594.2
1723607100000,61101.4,61300.0,60942.0,60949.8,139548.1
1723608000000,60949.9,61041.8,60889.1,61029.3,61759.5
1723608900000,61029.4,61151.8,60890.0,61134.6,47188.4
1723609800000,61134.7,61161.4,61012.0,61043.8,46165.8
1723610700000,61043.9,61089.3,60901.3,60936.9,44251.9
1723611600000,60936.9,61083.0,60855.0,61083.0,51855.6
1723612500000,61082.9,61082.9,60893.1,60910.1,51893.8
1723613400000,60910.0,60944.0,60870.0,60894.1,26302.0
1723614300000,60894.1,60900.0,60790.1,60829.1,44075.4
1723615200000,60829.0,60840.0,60634.0,60693.7,161670.5
1723616100000,60693.8,60920.0,60688.1,60778.1,86403.9
1723617000000,60778.2,60838.6,60728.1,60784.1,31844.9
1723617900000,60784.1,60872.0,60705.1,60862.1,38298.6
1723618800000,60861.1,60876.7,60693.0,60758.1,49880.2
1723619700000,60758.1,60850.0,60706.2,60743.2,26372.2
1723620600000,60743.2,60890.0,60743.2,60841.5,23962.6
1723621500000,60841.5,60945.0,60835.2,60918.1,42363.9
1723622400000,60918.1,60928.0,60720.0,60765.2,61638.3
1723623300000,60765.2,60896.0,60640.0,60855.0,86251.1
1723624200000,60855.0,60930.0,60801.0,60860.8,56091.5
1723625100000,60860.8,60901.6,60830.2,60895.8,23603.7
1723626000000,60895.9,60978.2,60812.0,60860.0,51025.3
1723626900000,60860.0,60917.6,60810.0,60913.0,35920.6
1723627800000,60913.0,60977.8,60833.2,60850.9,55842.9
1723628700000,60851.0,60898.1,60831.9,60859.1,23525.5
1723629600000,60859.1,61121.1,60834.3,61014.3,109662.5
1723630500000,61014.2,61218.0,61000.0,61191.5,121122.6
1723631400000,61191.4,61325.8,61133.7,61300.0,126932.1
1723632300000,61300.0,61300.1,61085.4,61089.5,91577.6
1723633200000,61089.4,61105.5,60885.2,60970.1,117255.6
1723634100000,60970.0,61116.7,60901.8,61084.8,66816.3
1723635000000,61084.7,61470.6,61044.7,61349.0,208914.4
1723635900000,61350.0,61428.1,61174.2,61292.0,123133.9
1723636800000,61292.0,61393.9,61180.0,61221.8,100830.5
1723637700000,61221.8,61767.0,61142.6,61691.1,233093.8
1723638600000,61701.2,61847.0,60903.4,61231.7,854917.4
1723639500000,61231.8,61300.5,60853.9,61057.6,270314.2
1723640400000,61056.3,61171.7,60661.4,60792.9,209782.4
1723641300000,60792.9,60907.8,60588.0,60801.5,175891.7
1723642200000,60805.1,60966.5,60043.5,60153.8,517302.1
1723643100000,60153.8,60319.4,59466.0,59607.8,794859.8
1723644000000,59607.9,59621.2,58806.1,59097.6,899450.7
1723644900000,59097.6,59530.0,58932.9,59481.9,493047.3
1723645800000,59486.5,59523.3,59114.3,59262.6,295372.9
1723646700000,59265.1,59576.9,59230.6,59499.9,184834.7
1723647600000,59500.0,59633.9,59189.0,59249.9,235828.9
1723648500000,59249.9,59413.5,59000.2,59065.8,168271.3
1723649400000,59065.9,59770.1,58900.0,59676.1,453213.2
1723650300000,59676.0,59833.9,59400.6,59435.5,339640.3
1723651200000,59435.4,59458.4,59225.1,59389.8,175458.9
1723652100000,59389.7,59389.7,58920.0,59026.7,215020.1
1723653000000,59026.7,59108.0,58822.9,58874.1,170408.4
1723653900000,58876.0,59259.6,58528.0,59133.8,399439.6
1723654800000,59128.5,59326.1,59035.0,59213.8,140609.7
1723655700000,59213.8,59378.0,59079.9,59200.0,80841.0
1723656600000,59199.9,59270.0,59036.4,59086.2,65265.5
1723657500000,59086.1,59283.1,59086.1,59160.1,50006.3
1723658400000,59160.1,59286.4,59083.6,59192.0,49029.4
1723659300000,59192.0,59525.0,59156.0,59245.2,102890.5
1723660200000,59245.2,59274.5,58924.4,58930.2,122159.8
1723661100000,58930.3,59065.0,58819.2,58991.2,91400.2
1723662000000,58991.2,59123.9,58711.0,58722.7,100600.4
1723662900000,58723.9,58948.9,58717.2,58909.4,67594.3
1723663800000,58909.5,59016.2,58833.0,58981.7,68829.0
1723664700000,58981.7,59040.9,58857.8,58893.5,59728.5
1723665600000,58892.5,59095.0,58881.3,59075.4,40196.5
1723666500000,59075.4,59158.7,58996.0,58996.1,55069.4
1723667400000,58996.0,59066.0,58976.0,59066.0,32433.5
1723668300000,59065.9,59191.3,59012.4,59156.6,58093.1
1723669200000,59156.7,59167.2,59035.0,59035.0,22626.9
1723670100000,59035.1,59150.1,58951.0,59120.1,57518.3
1723671000000,59120.1,59121.6,58916.7,58964.8,66016.2
1723671900000,58965.5,59020.0,58871.1,58925.5,30469.5
1723672800000,58925.5,58941.2,58428.1,58753.9,251171.6
1723673700000,58753.9,58962.9,58752.1,58914.0,55354.0
1723674600000,58914.1,59013.9,58800.1,58837.1,55805.1
1723675500000,58837.1,58997.8,58826.0,58994.0,26453.8
1723676400000,58993.9,59006.0,58918.2,58933.1,38218.0
1723677300000,58933.1,59033.0,58881.1,58943.7,42964.0
1723678200000,58943.8,58953.4,58783.3,58818.0,36253.8
1723679100000,58817.9,58858.2,58653.2,58685.2,69756.1
1723680000000,58685.2,58873.2,58674.5,58838.6,82677.6
1723680900000,58838.6,58928.4,58734.2,58893.4,43561.2
1723681800000,58893.5,59038.0,58876.9,58981.0,57763.4
1723682700000,58981.0,59036.3,58912.1,58994.0,33325.7
1723683600000,58994.0,59047.4,58800.0,58843.9,63799.5
1723684500000,58844.0,59008.0,58802.0,58842.2,38853.4
1723685400000,58842.2,58883.4,58769.0,58778.1,30739.2
1723686300000,58778.1,58969.5,58140.9,58205.6,327719.5
1723687200000,58205.7,58479.9,58010.0,58421.9,404629.4
1723688100000,58421.9,58547.0,58220.0,58313.7,149439.1
1723689000000,58312.3,58569.3,58237.2,58496.6,95301.1
1723689900000,58496.7,58540.7,58382.0,58421.0,78417.0
1723690800000,58422.0,58469.9,58345.1,58434.1,37091.5
1723691700000,58434.0,58471.6,58378.6,58443.9,27906.3
1723692600000,58443.9,58500.0,58406.3,58415.3,26264.1
1723693500000,58415.3,58486.0,58410.1,58448.7,21285.6
1723694400000,58448.8,58472.0,58290.0,58293.2,55891.7
1723695300000,58292.7,58344.7,58283.4,58321.9,55790.6
1723696200000,58322.0,58337.0,58154.4,58221.8,62070.7
1723697100000,58221.9,58441.5,58200.0,58392.9,70809.2
1723698000000,58393.0,58440.0,58285.0,58339.9,45916.8
1723698900000,58340.0,58648.0,58171.6,58535.7,140781.1
1723699800000,58535.7,58598.0,58475.0,58506.5,47702.0
1723700700000,58506.5,58506.6,58278.7,58326.0,62736.0
1723701600000,58326.0,58403.3,58233.5,58314.7,76191.7
1723702500000,58314.6,58323.8,57834.5,58104.5,312553.8
1723703400000,58104.1,58230.2,58023.0,58159.3,124630.1
1723704300000,58159.3,58160.0,58000.0,58114.9,71816.3
1723705200000,58114.9,58155.0,58062.0,58140.0,47997.8
1723706100000,58139.9,58155.0,57762.0,57819.8,183146.8
1723707000000,57819.9,58060.0,57704.1,58051.9,139495.8
1723707900000,58051.9,58136.0,57970.6,58069.1,65130.8
1723708800000,58069.0,58100.0,57969.9,58082.0,81505.5
1723709700000,58082.0,58266.0,58082.0,58181.0,103533.8
1723710600000,58181.0,58329.7,58144.8,58302.3,84003.2
1723711500000,58302.4,58383.9,58244.5,58376.0,65872.1
1723712400000,58376.0,58487.3,58296.9,58364.6,130988.2
1723713300000,58364.5,58466.0,58355.0,58432.8,46927.0
1723714200000,58432.7,58510.0,58342.7,58488.0,52816.6
1723715100000,58488.0,58558.6,58395.0,58402.5,65579.6
1723716000000,58402.5,58480.0,58326.4,58390.4,47884.1
1723716900000,58390.2,58494.7,58337.3,58466.2,35949.0
1723717800000,58466.1,58543.0,58280.8,58322.1,94796.4
1723718700000,58322.1,58440.0,58288.2,58361.0,34653.5
1723719600000,58361.0,58510.0,58350.0,58500.2,48179.0
1723720500000,58501.9,58828.0,58462.3,58735.3,162035.2
1723721400000,58735.2,58848.0,58622.5,58737.7,162246.2
1723722300000,58737.7,58875.7,58669.1,58742.2,89511.1
1723723200000,58742.2,58783.0,58602.0,58650.0,60797.6
1723724100000,58650.0,58849.9,58640.0,58693.1,87150.9
1723725000000,58693.1,59386.7,58680.1,59170.1,601431.9
1723725900000,59170.0,59349.2,58714.8,58795.1,367261.0
1723726800000,58795.7,59129.2,58524.5,59024.8,231762.6
1723727700000,59024.7,59244.9,58876.0,59160.6,165558.7
1723728600000,59160.5,59483.7,59051.0,59150.8,299674.3
1723729500000,59150.8,59450.0,59019.6,59446.4,185244.1
1723730400000,59446.4,59678.7,59300.9,59369.8,357953.0
1723731300000,59369.7,59477.2,59193.6,59434.8,141785.6
1723732200000,59434.8,59588.0,59409.2,59500.0,125528.5
1723733100000,59499.9,59743.0,59355.2,59417.9,221100.7
1723734000000,59418.0,59526.0,59277.5,59338.2,123103.3
1723734900000,59338.2,59775.2,59305.7,59610.8,226314.3
1723735800000,59610.9,59617.6,59404.0,59604.0,145110.1
1723736700000,59604.1,59748.0,59529.6,59671.5,97138.2
1723737600000,59670.5,59793.9,59575.4,59590.2,129408.3
1723738500000,59590.1,59820.0,59583.5,59815.3,106824.6
1723739400000,59815.4,59861.5,59508.0,59560.2,210987.5
1723740300000,59560.1,59574.9,59427.1,59541.5,106005.0
1723741200000,59541.4,59559.0,59259.5,59349.9,118001.7
1723742100000,59349.9,59377.0,59159.9,59321.9,154488.7
1723743000000,59319.6,59484.0,59232.5,59395.4,91691.6
1723743900000,59395.3,59436.1,58769.4,58880.8,224325.9
1723744800000,58880.9,58880.9,57843.2,57907.8,835817.3
1723745700000,57907.9,58082.5,57529.6,57854.8,550170.2
1723746600000,57854.8,57994.0,57544.5,57979.3,240077.4
1723747500000,57979.4,57979.4,57735.7,57867.7,120218.6
1723748400000,57867.6,57964.0,57054.8,57218.9,727002.3
1723749300000,57219.9,57448.0,56850.0,56977.8,334831.4
1723750200000,56973.1,57172.4,56680.0,56934.0,404902.5
1723751100000,56934.0,57268.0,56816.0,57044.1,342398.0
1723752000000,57044.2,57132.1,56753.4,57076.0,251188.3
1723752900000,57075.9,57079.7,56780.8,56894.7,139523.3
1723753800000,56894.6,56941.2,56745.8,56854.0,88556.1
1723754700000,56853.9,56919.9,56048.3,56674.9,543455.2
1723755600000,56675.0,57033.6,56603.8,56958.4,240666.4
1723756500000,56956.1,57104.1,56750.0,57066.9,142652.5
1723757400000,57067.0,57425.7,56950.5,57147.4,182856.0
1723758300000,57147.4,57648.5,57147.3,57626.0,164251.8
1723759200000,57626.0,57645.2,57379.4,57512.7,144306.5
1723760100000,57513.1,57700.0,57464.0,57681.3,106138.4
1723761000000,57681.2,57874.9,57625.0,57722.5,134405.8
1723761900000,57722.5,57722.6,57522.0,57620.0,68146.6
1723762800000,57620.0,57677.0,57474.1,57656.5,63384.6
1723763700000,57656.6,57746.0,57578.6,57717.4,48129.2
1723764600000,57717.3,57826.2,57619.4,57628.1,68103.1
1723765500000,57628.1,57661.4,57472.3,57528.0,64938.1
1723766400000,57532.9,57574.0,57443.9,57489.9,90542.2
1723767300000,57489.9,57673.9,57367.2,57407.6,97926.1
1723768200000,57407.7,57504.5,57350.1,57415.5,56613.8
1723769100000,57418.4,57561.9,57396.7,57475.4,59988.3
1723770000000,57475.4,57629.5,57368.8,57377.5,68158.2
1723770900000,57377.5,57406.8,57095.7,57177.1,156453.5
1723771800000,57176.6,57397.0,57163.3,57365.7,58500.2
1723772700000,57365.6,57546.0,57216.4,57545.9,83383.3
1723773600000,57546.0,57600.0,57334.8,57412.1,71454.9
1723774500000,57412.1,57820.0,57350.0,57758.5,129229.7
1723775400000,57758.5,58530.0,57741.2,58132.0,495858.7
1723776300000,58131.9,58207.8,57990.0,58197.0,84916.7
1723777200000,58196.9,58209.8,58074.6,58112.0,67468.7
1723778100000,58112.1,58215.5,58005.9,58098.1,96640.1
1723779000000,58098.1,58100.0,57912.9,57929.9,62645.9
1723779900000,57929.8,57929.8,57781.8,57894.2,80968.6
1723780800000,57894.2,57998.0,57808.0,57859.5,69466.6
1723781700000,57859.6,58145.2,57808.0,58114.2,76808.8
1723782600000,58114.3,58176.0,58051.5,58145.8,56576.4
1723783500000,58145.8,58305.3,58073.0,58300.5,78318.2
1723784400000,58300.5,58332.0,58157.7,58209.4,46266.0
1723785300000,58209.6,58294.0,58114.0,58173.0,40450.2
1723786200000,58168.0,58288.9,58159.2,58242.2,38681.9
1723787100000,58242.1,58286.0,58181.8,58188.0,24470.9
1723788000000,58188.0,58320.0,58044.4,58276.1,81158.9
1723788900000,58271.3,58400.0,58210.9,58314.4,69373.8
1723789800000,58314.5,58477.0,58314.5,58400.0,92985.4
1723790700000,58400.1,58637.0,58400.1,58529.7,208541.8
1723791600000,58529.9,58555.0,58390.0,58393.9,74810.5
1723792500000,58393.9,58465.9,58330.0,58399.9,84722.0
1723793400000,58400.0,58518.0,58355.7,58518.0,40325.5
1723794300000,58517.9,58527.5,58410.7,58457.2,49548.8
1723795200000,58457.3,58611.3,58457.3,58519.0,79513.9
1723796100000,58519.1,58553.3,58380.3,58416.1,58407.9
1723797000000,58416.0,58489.4,58333.0,58468.5,56046.3
1723797900000,58467.6,58487.0,58350.0,58361.9,41413.8
1723798800000,58361.8,58424.8,58256.9,58424.8,104190.9
1723799700000,58424.9,58579.6,58424.9,58501.1,84302.8
1723800600000,58501.0,58570.0,58456.9,58553.3,44516.9
1723801500000,58553.2,58699.6,58526.7,58667.9,108709.1
1723802400000,58668.0,58673.7,58333.3,58390.0,113388.3
1723803300000,58390.0,58495.6,58300.0,58367.3,70504.2
1723804200000,58367.2,58449.9,58312.4,58420.1,50803.5
1723805100000,58420.1,58452.6,58374.0,58436.1,31730.6
1723806000000,58436.1,58442.5,58200.0,58339.5,102965.7
1723806900000,58338.9,58640.0,58330.6,58481.4,152235.3
1723807800000,58481.5,58517.1,58338.1,58344.7,54467.4
1723808700000,58345.4,58461.1,58234.5,58400.8,69517.9
1723809600000,58400.8,58517.0,58258.0,58274.1,91034.3
1723810500000,58275.0,58330.4,58033.0,58125.0,232813.5
1723811400000,58125.1,58128.9,57525.0,57728.8,509194.3
1723812300000,57728.9,58017.9,57712.1,57876.0,195689.7
1723813200000,57877.4,58134.1,57788.0,58107.7,191086.3
1723814100000,58107.8,58929.6,58090.0,58551.9,614863.0
1723815000000,58552.0,58817.9,58388.5,58524.9,299162.4
1723815900000,58525.0,58560.9,57752.3,58358.7,495704.2
1723816800000,58358.7,58485.5,57937.0,58118.1,270417.7
1723817700000,58118.1,58380.0,57961.3,58162.1,216785.2
1723818600000,58162.1,58361.8,58034.1,58301.7,127362.4
1723819500000,58301.6,58338.7,57865.3,58018.3,187856.2
1723820400000,58018.2,58230.0,57920.0,58166.5,143727.0
1723821300000,58166.6,58183.8,57750.3,57842.1,167522.8
1723822200000,57842.1,58034.1,57637.5,58005.2,185785.5
1723823100000,58005.7,58125.0,57780.0,58063.9,121734.4
1723824000000,58063.6,58294.5,57991.1,58275.3,114014.1
1723824900000,58275.2,58624.7,58228.6,58550.0,235159.7
1723825800000,58550.0,58740.0,58250.0,58483.5,266694.6
1723826700000,58483.4,58611.0,58328.2,58565.5,104633.2
1723827600000,58565.5,58689.6,58388.1,58549.8,123571.1
1723828500000,58549.8,58666.7,58412.2,58610.1,151192.6
1723829400000,58610.0,59077.0,58610.0,58764.9,366956.0
1723830300000,58763.3,59367.9,58753.2,59218.8,312713.1
1723831200000,59220.0,59467.0,59071.7,59173.3,286643.6
1723832100000,59173.3,59450.0,59158.3,59350.0,157083.3
1723833000000,59350.8,59600.0,59273.5,59430.4,274838.9
1723833900000,59430.5,59500.0,59282.7,59464.5,69000.2
1723834800000,59466.0,59658.1,59401.6,59560.1,181211.7
1723835700000,59560.1,59800.0,59540.4,59778.8,221240.2
1723836600000,59778.8,59824.9,59600.0,59693.9,145271.1
1723837500000,59694.0,59775.4,59600.0,59678.5,110457.0
1723838400000,59678.6,59707.4,59514.2,59527.1,85175.1
1723839300000,59527.2,59549.8,59370.0,59489.9,96269.0
1723840200000,59489.9,59501.8,59222.0,59240.9,102768.2
1723841100000,59240.9,59425.0,59192.5,59262.5,92469.6
1723842000000,59261.8,59314.0,59135.4,59196.6,51401.6
1723842900000,59196.7,59217.0,59008.0,59109.7,80246.6
1723843800000,59109.7,59199.8,59040.0,59091.1,37381.1
1723844700000,59091.1,59100.0,58955.0,59033.2,44769.1
1723845600000,59033.1,59190.0,58987.7,59071.7,101885.7
1723846500000,59071.7,59181.1,59050.0,59120.8,39041.0
1723847400000,59120.8,59185.0,59052.2,59131.1,34533.9
1723848300000,59131.0,59131.0,58973.5,58973.6,37354.7
1723849200000,58973.5,58999.5,58726.0,58753.7,100052.8
1723850100000,58753.6,59023.2,58748.8,59020.4,81230.0
1723851000000,59020.5,59062.5,58902.7,58978.5,46608.7
1723851900000,58979.0,59014.6,58855.8,58892.2,26394.3
1723852800000,58892.2,58935.3,58818.0,58909.4,32218.1
1723853700000,58909.5,58999.0,58807.4,58940.9,36510.6
1723854600000,58940.9,59040.0,58844.4,59000.1,31486.0
1723855500000,59000.0,59278.0,58991.6,59187.1,121405.3
1723856400000,59187.0,59265.9,59120.5,59195.8,51653.4
1723857300000,59195.8,59284.7,59115.0,59246.8,48055.4
1723858200000,59246.8,59388.0,59177.6,59380.5,72754.7
1723859100000,59380.4,59388.0,59170.0,59246.8,44058.5
1723860000000,59246.8,59340.9,59188.5,59195.2,49307.8
1723860900000,59195.3,59257.3,59116.4,59156.9,43768.4
1723861800000,59156.8,59207.9,59133.8,59179.9,23824.9
1723862700000,59180.0,59206.0,59088.4,59149.9,32375.4
1723863600000,59150.0,59182.0,59024.8,59061.5,48127.4
1723864500000,59061.5,59144.9,59021.2,59032.0,34643.0
1723865400000,59032.0,59077.9,59001.7,59021.0,41474.0
1723866300000,59021.1,59166.7,58991.9,59166.0,43094.7
1723867200000,59165.9,59180.0,59080.0,59103.8,26381.4
1723868100000,59103.8,59263.8,59103.5,59182.3,56600.0
1723869000000,59182.3,59272.9,59174.8,59241.5,27623.9
1723869900000,59241.6,59267.8,59186.3,59220.6,26637.0
1723870800000,59220.6,59229.5,59167.5,59200.1,20533.3
1723871700000,59200.0,59219.5,59145.0,59193.6,20006.0
1723872600000,59193.5,59249.9,59160.1,59237.2,20179.7
1723873500000,59237.3,59237.3,59150.0,59158.9,13028.5
1723874400000,59159.0,59205.8,59145.9,59177.7,18030.6
1723875300000,59177.8,59229.9,59158.0,59171.7,15293.9
1723876200000,59175.9,59215.7,59158.2,59184.6,14530.3
1723877100000,59184.7,59190.0,59137.3,59155.9,23927.1
1723878000000,59155.9,59162.0,59050.0,59084.1,37369.1
1723878900000,59084.0,59188.0,59068.2,59187.5,37145.7
1723879800000,59187.4,59248.0,59178.0,59215.0,35044.4
1723880700000,59215.9,59261.1,59207.7,59247.1,24870.9
1723881600000,59247.2,59293.9,59181.1,59188.3,38498.5
1723882500000,59188.3,59233.1,59160.0,59186.3,21559.0
1723883400000,59186.4,59250.0,59185.1,59207.0,17464.8
1723884300000,59207.0,59291.9,59186.0,59287.1,30721.4
1723885200000,59287.9,59299.0,59242.5,59246.3,27095.9
1723886100000,59246.3,59357.0,59239.0,59350.5,46860.8
1723887000000,59350.4,59478.0,59338.6,59339.9,102851.7
1723887900000,59340.0,59351.0,59213.3,59322.1,66676.4
1723888800000,59322.1,59348.7,59188.0,59233.8,52198.4
1723889700000,59233.8,59240.0,59134.0,59167.0,56884.7
1723890600000,59166.9,59258.6,59128.0,59202.5,44734.1
1723891500000,59202.5,59206.3,59080.3,59116.2,68494.3
1723892400000,59116.2,59191.8,59061.3,59159.9,57750.4
1723893300000,59160.0,59185.0,59124.0,59167.0,26069.3
1723894200000,59167.0,59172.5,59084.1,59095.1,21996.2
1723895100000,59095.2,59141.4,59075.0,59140.1,26854.4
1723896000000,59140.0,59204.0,59098.7,59203.9,39141.2
1723896900000,59204.0,59222.0,59141.7,59220.5,21816.2
1723897800000,59220.4,59261.2,59220.4,59240.7,45759.1
1723898700000,59240.7,59278.0,59193.3,59226.7,26234.4
1723899600000,59226.8,59350.0,59183.0,59342.5,77087.7
1723900500000,59342.6,59450.0,59277.2,59400.1,108539.2
1723901400000,59400.1,59438.0,59240.2,59279.9,56366.1
1723902300000,59279.9,59356.4,59269.2,59325.0,25136.0
1723903200000,59325.0,59435.3,59315.5,59382.2,43170.2
1723904100000,59382.1,59420.0,59250.0,59285.7,42900.4
1723905000000,59285.7,59407.0,59262.0,59389.0,33334.8
1723905900000,59389.0,59570.0,59351.2,59533.0,105006.8
1723906800000,59533.1,59657.8,59393.0,59512.1,142777.1
1723907700000,59512.1,59589.1,59420.0,59436.5,58769.3
1723908600000,59436.1,59513.6,59395.0,59446.5,37203.9
1723909500000,59446.5,59472.9,59366.0,59392.9,51573.9
1723910400000,59393.0,59506.0,59392.9,59500.0,47707.2
1723911300000,59500.0,59566.1,59453.3,59525.6,41096.2
1723912200000,59525.6,59590.4,59480.0,59541.1,38759.4
1723913100000,59541.2,59731.0,59524.6,59611.5,95504.3
1723914000000,59611.5,59667.0,59524.6,59524.6,50878.0
1723914900000,59524.7,59574.9,59465.1,59565.9,39306.1
1723915800000,59565.9,59630.0,59515.2,59515.2,39434.7
1723916700000,59515.0,59550.0,59426.3,59431.2,27765.1
1723917600000,59431.1,59471.3,59369.6,59465.2,42244.4
1723918500000,59465.2,59483.3,59371.7,59402.1,23361.8
1723919400000,59402.1,59428.2,59301.0,59319.8,56604.3
1723920300000,59319.8,59428.6,59305.3,59421.7,27526.9
1723921200000,59422.7,59480.0,59386.3,59475.0,28716.6
1723922100000,59475.0,59527.7,59445.2,59490.0,20772.1
1723923000000,59490.0,59512.1,59409.9,59509.8,18490.0
1723923900000,59510.9,59554.1,59459.6,59478.4,16177.7
1723924800000,59478.4,59500.0,59459.1,59487.7,24102.5
1723925700000,59487.7,59500.0,59373.0,59389.9,21648.7
1723926600000,59389.9,59429.2,59333.3,59333.4,21750.4
1723927500000,59333.4,59440.8,59333.4,59399.8,14128.9
1723928400000,59399.8,59446.2,59359.5,59366.0,12408.9
1723929300000,59366.1,59387.7,59179.3,59270.0,68412.3
1723930200000,59270.0,59297.1,59151.0,59289.4,33850.3
1723931100000,59289.5,59332.7,59225.0,59310.0,28989.1
1723932000000,59310.0,59360.0,59264.1,59298.6,24055.0
1723932900000,59298.6,59338.5,59250.0,59287.8,18260.2
1723933800000,59287.8,59327.7,59260.1,59272.0,11921.6
1723934700000,59272.0,59339.4,59272.0,59328.5,11031.4
1723935600000,59328.5,59404.4,59306.6,59389.8,22139.8
1723936500000,59389.9,59426.7,59367.7,59397.6,14839.8
1723937400000,59397.5,59444.9,59354.0,59394.3,18855.7
1723938300000,59394.2,59499.0,59391.3,59499.0,18627.3
1723939200000,59499.0,59556.9,59450.7,59450.8,36251.4
1723940100000,59450.7,59583.5,59421.7,59551.3,32590.7
1723941000000,59551.2,59757.9,59542.1,59690.9,95623.9
1723941900000,59690.8,59730.0,59624.0,59671.0,73220.4
1723942800000,59671.1,59687.7,59566.0,59627.9,43899.6
1723943700000,59627.9,59649.2,59460.5,59485.1,50499.8
1723944600000,59485.2,59526.0,59455.1,59515.4,28173.6
1723945500000,59515.3,59517.6,59410.0,59440.0,28140.8
1723946400000,59439.9,59480.0,59394.7,59462.4,44156.1
1723947300000,59462.4,59490.0,59459.0,59490.0,24588.5
1723948200000,59490.0,59727.8,59478.0,59660.0,86390.5
1723949100000,59660.0,60270.0,59639.4,60141.2,527497.8
1723950000000,60143.2,60297.9,59640.1,59739.0,377430.4
1723950900000,59739.0,59790.0,59534.2,59625.5,133575.5
1723951800000,59625.3,59625.4,59511.0,59539.0,68557.1
1723952700000,59539.1,59566.0,59281.2,59339.3,144627.1
1723953600000,59339.2,59464.7,59252.0,59450.1,124904.3
1723954500000,59450.2,59500.0,59329.6,59359.0,81093.3
1723955400000,59359.0,59418.0,59314.9,59360.0,44409.0
1723956300000,59360.0,59500.0,59339.0,59459.9,68900.6
1723957200000,59459.9,59715.6,59436.0,59633.5,218588.6
1723958100000,59633.6,59668.5,59380.0,59464.3,196580.8
1723959000000,59464.3,59565.6,59431.0,59555.0,36592.8
1723959900000,59555.1,59592.9,59489.7,59489.7,23106.9
1723960800000,59489.7,59573.5,59477.0,59573.5,24663.6
1723961700000,59573.5,59635.0,59550.0,59594.1,40118.9
1723962600000,59594.0,59612.4,59537.5,59596.1,28514.6
1723963500000,59596.1,59629.8,59559.0,59603.3,32338.9
1723964400000,59603.3,59665.9,59565.2,59660.7,31395.6
1723965300000,59660.7,59660.8,59561.9,59604.6,33042.8
1723966200000,59604.6,59652.6,59575.1,59642.9,31833.3
1723967100000,59642.9,59655.0,59496.7,59579.0,85965.9
1723968000000,59579.0,59579.0,59420.0,59546.2,140231.9
1723968900000,59546.1,59555.1,59483.2,59555.1,21547.5
1723969800000,59555.0,59652.7,59538.0,59650.5,65596.4
1723970700000,59650.4,59730.3,59626.3,59707.1,58682.3
1723971600000,59707.2,59797.9,59670.0,59777.7,75392.6
1723972500000,59777.7,59876.0,59633.4,59676.0,141343.5
1723973400000,59676.0,59737.0,59638.0,59723.1,48575.0
1723974300000,59722.0,60123.0,59722.0,59879.8,259049.4
1723975200000,59879.8,60096.0,59879.8,59965.9,113325.4
1723976100000,59965.9,60198.1,59956.8,60099.9,183885.7
1723977000000,60100.0,60135.0,59975.0,60081.3,86119.1
1723977900000,60081.2,60081.2,59823.2,59865.5,146430.4
1723978800000,59865.5,60019.3,59858.0,59963.9,52911.8
1723979700000,59963.9,59987.2,59871.0,59887.7,41805.9
1723980600000,59887.7,59887.7,59751.4,59790.2,90424.7
1723981500000,59790.2,60042.1,59781.3,60020.1,81492.6
1723982400000,60020.0,60076.0,59956.5,59988.3,57493.8
1723983300000,59988.3,60116.9,59884.8,60106.7,51006.6
1723984200000,60106.7,60250.0,60067.8,60197.9,108433.6
1723985100000,60197.8,60287.0,59965.0,59974.6,128366.0
1723986000000,59974.6,60228.0,59940.9,60150.1,115702.4
1723986900000,60150.0,60180.1,60055.9,60067.9,46009.6
1723987800000,60067.9,60154.8,60054.7,60089.7,28451.2
1723988700000,60089.8,60089.8,59823.0,59834.1,108420.0
1723989600000,59834.1,59907.9,59823.0,59848.1,73906.4
1723990500000,59848.1,59986.5,59841.3,59862.6,61493.0
1723991400000,59862.6,59923.9,59668.1,59923.7,149735.6
1723992300000,59923.7,59946.0,59765.0,59814.2,69176.9
1723993200000,59814.3,59826.5,59702.0,59781.9,51258.3
1723994100000,59781.9,59856.6,59781.8,59850.8,36485.9
1723995000000,59850.7,59916.3,59818.4,59890.1,34076.8
1723995900000,59890.0,59938.9,59844.0,59867.0,30974.4
1723996800000,59867.0,59922.8,59774.2,59828.2,44489.2
1723997700000,59828.1,59949.4,59821.2,59920.1,40218.0
1723998600000,59920.1,59959.4,59880.0,59899.1,22755.3
1723999500000,59899.1,59956.1,59813.0,59852.8,35892.6
1724000400000,59852.8,59871.0,59706.3,59722.5,56691.4
1724001300000,59722.6,59776.4,59365.0,59444.0,278476.8
1724002200000,59444.0,59634.8,59410.0,59607.9,77516.2
1724003100000,59608.0,59608.0,59410.9,59536.0,74319.4
1724004000000,59535.9,59580.0,59462.4,59495.0,58424.5
1724004900000,59495.4,59569.9,59488.0,59569.9,22204.4
1724005800000,59569.9,59625.0,59550.5,59587.1,34949.9
1724006700000,59587.0,59613.0,59511.4,59595.1,26424.1
1724007600000,59595.1,59610.6,59524.3,59535.2,13655.0
1724008500000,59535.2,59729.4,59500.0,59680.1,50912.5
1724009400000,59680.1,59765.0,59651.8,59740.1,27407.1
1724010300000,59740.0,59740.0,59670.1,59710.1,13606.4
1724011200000,59710.1,59753.3,59680.1,59724.2,19497.6
1724012100000,59724.2,59799.0,59680.0,59739.3,22616.4
1724013000000,59739.3,59811.7,59715.8,59809.0,20190.8
1724013900000,59809.1,59875.3,59700.0,59824.0,67575.8
1724014800000,59823.9,59824.0,59710.0,59713.9,14809.1
1724015700000,59714.0,59749.6,59600.2,59688.1,30858.2
1724016600000,59688.0,59758.4,59558.6,59655.3,35337.7
1724017500000,59655.3,59655.4,59337.1,59443.0,87301.2
1724018400000,59442.9,59564.5,59412.2,59494.0,34689.1
1724019300000,59493.9,59585.0,59417.1,59475.9,41080.5
1724020200000,59475.9,59481.2,59366.1,59432.3,33076.0
1724021100000,59432.3,59442.7,59350.0,59350.7,26764.0
1724022000000,59350.7,59413.0,59022.5,59220.1,183577.6
1724022900000,59220.2,59273.1,58889.1,59017.5,218851.9
1724023800000,59017.5,59097.1,58779.7,58814.7,217026.6
1724024700000,58814.7,58846.3,58421.0,58435.8,342436.5
1724025600000,58435.8,58663.2,58260.1,58662.7,300882.6
1724026500000,58662.8,58725.6,58210.0,58429.9,288541.2
1724027400000,58429.9,58633.3,58310.0,58587.9,152161.4
1724028300000,58587.2,58688.0,58293.9,58356.2,148210.1
1724029200000,58356.2,58510.0,58222.3,58466.6,161895.2
1724030100000,58466.7,58472.0,58298.0,58446.7,84060.8
1724031000000,58446.7,58623.7,58428.5,58599.1,91067.2
1724031900000,58599.2,58599.2,58409.5,58564.9,63388.2
1724032800000,58565.0,58611.9,58464.9,58490.0,70124.6
1724033700000,58490.0,58633.0,58423.3,58599.1,49174.4
1724034600000,58599.1,58749.4,58548.1,58563.2,91350.2
1724035500000,58563.1,58715.1,58550.0,58663.9,48451.7
1724036400000,58663.9,58734.1,58580.0,58597.4,70861.2
1724037300000,58597.4,58695.8,58560.2,58671.9,54094.6
1724038200000,58671.7,58769.9,58641.0,58749.9,46874.6
1724039100000,58750.0,58761.9,58690.0,58730.3,38971.3
1724040000000,58730.2,58746.6,58639.0,58664.0,57845.8
1724040900000,58664.1,58672.0,58528.0,58552.7,58655.8
1724041800000,58552.7,58655.0,58448.9,58501.3,83253.2
1724042700000,58501.3,58607.7,58499.4,58588.1,31419.5
1724043600000,58588.2,58618.0,58484.1,58490.1,37541.6
1724044500000,58490.0,58531.8,58417.8,58449.8,58796.2
1724045400000,58449.7,58600.0,58379.0,58554.9,75339.7
1724046300000,58554.8,58554.8,58402.7,58488.3,42217.5
1724047200000,58488.4,58515.8,58385.0,58410.9,64696.2
1724048100000,58410.9,58537.6,58405.5,58496.0,48387.2
1724049000000,58496.0,58618.0,58481.0,58603.6,47221.3
1724049900000,58603.7,58666.0,58560.5,58571.0,61222.7
1724050800000,58571.0,58748.5,58553.3,58686.0,101143.9
1724051700000,58685.9,58697.6,58537.5,58550.0,70349.8
1724052600000,58550.0,58653.4,58532.6,58630.1,38829.7
1724053500000,58630.0,58645.0,58486.5,58503.6,80214.2
1724054400000,58505.3,58594.3,58413.0,58543.8,91079.4
1724055300000,58543.9,58625.5,58543.9,58611.1,44020.3
1724056200000,58611.1,58666.7,58570.2,58589.6,65901.2
1724057100000,58589.7,58643.7,58528.0,58612.0,33086.8
1724058000000,58612.1,58672.5,58581.1,58636.2,34320.2
1724058900000,58636.0,58659.5,58580.0,58629.8,20518.1
1724059800000,58629.9,58678.4,58556.6,58565.9,31736.3
1724060700000,58565.9,58565.9,57950.7,58009.7,705419.2
1724061600000,58008.1,58157.0,57800.0,58106.9,419063.4
1724062500000,58107.0,58209.1,58015.3,58160.3,143122.0
1724063400000,58160.3,58167.2,58030.3,58044.4,82345.8
1724064300000,58044.3,58140.9,58018.8,58045.3,55514.3
1724065200000,58045.4,58180.0,58001.0,58133.4,58075.6
1724066100000,58133.4,58147.9,57977.0,57987.8,69963.1
1724067000000,57987.8,58096.0,57980.6,58063.4,33500.4
1724067900000,58063.4,58510.0,58050.1,58389.5,211180.0
1724068800000,58389.6,58506.3,58350.0,58375.1,109986.6
1724069700000,58375.1,58445.8,58256.3,58445.8,67039.9
1724070600000,58445.8,58470.4,58360.0,58414.1,50480.2
1724071500000,58414.1,58478.4,58366.0,58407.8,45144.7
1724072400000,58408.0,58620.6,58402.5,58572.7,143270.7
1724073300000,58572.7,58937.0,58572.7,58757.1,380594.1
1724074200000,58757.0,58966.0,58522.5,58583.5,327328.7
1724075100000,58583.6,58600.0,58024.3,58207.4,455051.0
1724076000000,58207.4,58539.0,58080.0,58307.8,251810.4
1724076900000,58307.7,58429.8,58127.3,58253.4,178850.9
1724077800000,58253.4,58428.0,58202.2,58317.2,85512.1
1724078700000,58317.3,58646.4,58317.3,58620.0,126819.0
1724079600000,58620.0,58748.5,58539.7,58583.7,133822.0
1724080500000,58583.8,58712.7,58502.0,58664.3,73322.8
1724081400000,58664.3,58771.9,58575.0,58678.7,70465.3
1724082300000,58678.7,58773.9,58535.0,58535.1,75819.0
1724083200000,58535.1,58655.0,58461.5,58498.6,114844.8
1724084100000,58498.5,58609.0,58469.0,58590.1,42917.1
1724085000000,58590.0,58610.0,58372.2,58452.0,58586.3
1724085900000,58452.0,58715.0,58429.7,58703.3,66022.5
1724086800000,58703.4,58748.0,58629.9,58638.7,57631.5
1724087700000,58638.7,58880.6,58556.0,58845.6,133299.5
1724088600000,58845.7,59295.0,58815.8,59016.2,370393.1
1724089500000,59016.2,59138.2,58774.1,59024.8,156037.6
1724090400000,59024.9,59044.8,58718.4,58769.6,96698.4
1724091300000,58769.6,58964.2,58726.9,58961.5,48318.3
1724092200000,58961.4,59251.7,58924.7,59131.8,102792.7
1724093100000,59131.9,59147.1,59000.0,59009.9,56609.3
1724094000000,59010.0,59100.0,58950.0,59013.3,47328.1
1724094900000,59013.4,59117.2,58859.8,58989.0,66669.2
1724095800000,58989.0,59027.9,58883.8,59012.0,34737.8
1724096700000,59011.9,59134.7,58870.5,58957.6,60262.7
1724097600000,58957.6,59067.4,58901.4,58979.1,40770.8
1724098500000,58979.2,59166.7,58966.8,59075.1,34029.9
1724099400000,59075.0,59260.0,59075.0,59254.1,59542.8
1724100300000,59254.0,59339.0,59046.0,59074.4,171253.4
1724101200000,59074.3,59139.8,58975.9,58980.2,54777.6
1724102100000,58980.3,59089.3,58973.2,59033.1,27437.4
1724103000000,59033.1,59246.0,59023.5,59209.5,33515.5
1724103900000,59209.5,59225.2,58952.5,58965.6,44249.9
1724104800000,58965.6,59142.8,58965.6,59104.0,33929.1
1724105700000,59103.9,59116.6,58981.4,59075.0,25360.9
1724106600000,59074.9,59216.1,59071.4,59180.3,33205.9
1724107500000,59180.4,59260.0,59089.9,59227.9,54335.4
1724108400000,59227.9,59243.7,59085.5,59112.1,36155.0
1724109300000,59110.9,59505.5,59101.2,59342.2,163578.6
1724110200000,59342.2,59442.4,59298.7,59356.4,56454.3
1724111100000,59356.4,59615.1,59336.0,59433.0,133599.3
1724112000000,59433.2,59477.2,59360.0,59394.9,63977.9
1724112900000,59394.9,60391.8,59351.8,60302.0,585404.3
1724113800000,60302.1,60666.6,60230.0,60253.3,511749.9
1724114700000,60252.5,60480.0,60168.1,60480.0,168162.9
1724115600000,60479.9,60914.0,60460.4,60511.8,400898.6
1724116500000,60511.8,60707.8,60470.1,60555.8,117955.2
1724117400000,60555.8,60628.4,60376.4,60627.0,135018.5
1724118300000,60626.9,60638.4,60404.0,60443.9,102735.6
1724119200000,60443.8,60503.0,60345.0,60439.1,105358.9
1724120100000,60439.1,60560.0,60353.0,60372.7,66026.5
1724121000000,60372.8,60457.7,60367.2,60420.1,45856.3
1724121900000,60420.0,60540.0,60420.0,60526.3,46613.6
1724122800000,60526.4,60608.3,60462.7,60510.0,75715.9
1724123700000,60510.0,60569.6,60429.5,60554.8,51257.5
1724124600000,60554.7,60617.5,60509.5,60580.9,54283.0
1724125500000,60580.9,60628.0,60538.4,60627.9,47599.6
1724126400000,60628.0,61059.7,60590.3,60945.4,394460.6
1724127300000,60945.4,61055.7,60747.5,60810.0,178693.7
1724128200000,60809.9,60886.6,60752.2,60850.0,48962.9
1724129100000,60850.0,60942.7,60801.4,60871.9,83247.8
1724130000000,60872.0,60998.0,60865.0,60925.2,88243.0
1724130900000,60925.3,61434.4,60925.1,61142.1,503776.4
1724131800000,61142.1,61265.9,61012.3,61078.5,126354.7
1724132700000,61078.4,61153.8,61006.1,61121.9,66675.2
1724133600000,61122.0,61161.0,60954.0,61015.9,99354.1
1724134500000,61015.9,61079.9,60931.5,61068.0,81587.4
1724135400000,61068.0,61109.2,60973.0,60992.6,48179.6
1724136300000,60992.6,61047.2,60940.5,60967.2,38303.4
1724137200000,60967.2,61008.5,60813.0,60841.4,110004.1
1724138100000,60841.4,60922.6,60811.0,60904.3,61146.4
1724139000000,60904.3,60975.0,60840.0,60875.1,49563.2
1724139900000,60875.1,60939.5,60835.0,60939.5,51058.3
1724140800000,60939.8,60962.7,60766.0,60805.9,78167.9
1724141700000,60806.0,60849.9,60714.9,60726.9,94235.7
1724142600000,60726.9,60839.6,60688.4,60805.8,87197.6
1724143500000,60805.9,60873.9,60698.0,60769.3,64623.7
1724144400000,60769.3,60960.5,60754.1,60934.2,126121.4
1724145300000,60934.1,60980.0,60888.0,60933.8,65700.6
1724146200000,60933.9,60949.2,60863.8,60863.8,34135.1
1724147100000,60863.8,60903.5,60810.7,60868.1,40889.2
1724148000000,60868.2,60888.0,60760.2,60794.8,35547.2
1724148900000,60794.9,60819.3,60708.0,60780.0,44661.0
1724149800000,60780.1,60783.7,60666.0,60783.7,48416.4
1724150700000,60783.7,60820.0,60725.0,60725.1,33419.8
1724151600000,60725.0,60749.3,60575.1,60618.6,150564.7
1724152500000,60618.6,60659.2,60460.1,60642.7,138507.8
1724153400000,60642.8,60711.0,60440.3,60440.3,120644.2
1724154300000,60440.3,60544.1,60440.0,60528.1,64175.1
1724155200000,60528.1,60699.0,60502.7,60698.9,92488.1
1724156100000,60698.9,60755.5,60586.4,60718.7,97014.6
1724157000000,60718.8,60748.8,60630.0,60693.9,57169.6
1724157900000,60694.0,60734.4,60655.5,60695.7,36310.0
1724158800000,60695.8,60695.8,60440.1,60464.6,121676.5
1724159700000,60464.6,60583.0,60378.1,60557.0,145647.6
1724160600000,60556.9,60886.8,60338.4,60778.3,284023.5
1724161500000,60778.3,60950.0,60672.1,60881.9,226518.8
1724162400000,60881.9,60900.0,60150.0,60387.3,509080.5
1724163300000,60387.3,60387.9,59780.0,60012.2,728113.8
1724164200000,60012.1,60019.9,59567.3,59661.5,530808.1
1724165100000,59661.5,59877.7,59439.9,59462.6,422256.9
1724166000000,59462.6,59488.1,58582.0,58858.9,1276849.2
1724166900000,58858.8,59300.0,58806.0,59049.0,487538.6
1724167800000,59049.1,59161.9,58895.1,58944.8,161404.2
1724168700000,58944.8,58958.0,58703.1,58822.1,283379.5
1724169600000,58822.1,58958.0,58500.0,58925.1,389911.3
1724170500000,58925.1,58982.0,58819.1,58950.0,121291.1
1724171400000,58950.0,59050.1,58801.9,58843.1,122628.8
1724172300000,58843.1,58908.8,58688.0,58793.5,82690.7
1724173200000,58793.4,58869.0,58672.3,58706.8,83690.7
1724174100000,58706.8,58816.0,58667.2,58810.3,48380.1
1724175000000,58810.4,58860.0,58760.8,58850.0,62948.4
1724175900000,58850.0,59056.8,58819.5,59033.8,106750.8
1724176800000,59035.9,59360.0,58979.5,59264.4,255492.7
1724177700000,59263.7,59458.0,59200.1,59325.8,151171.7
1724178600000,59325.7,59481.8,59203.6,59419.5,108954.9
1724179500000,59419.6,59470.0,59123.6,59194.6,93546.4
1724180400000,59194.6,59346.2,59135.3,59318.9,44245.7
1724181300000,59318.9,59428.0,59227.3,59366.4,57577.8
1724182200000,59366.4,59488.8,59337.9,59478.6,48119.3
1724183100000,59478.7,59596.8,59435.0,59509.0,157050.3
1724184000000,59508.9,59719.6,59418.0,59535.0,131311.4
1724184900000,59535.0,59636.6,59503.0,59585.5,44353.3
1724185800000,59585.5,59585.5,59461.3,59504.6,46099.6
1724186700000,59504.7,59504.7,59275.7,59308.3,92505.6
1724187600000,59308.3,59320.0,58755.0,59038.0,205652.3
1724188500000,59038.1,59187.3,58893.0,59073.9,69455.8
1724189400000,59080.6,59283.3,59070.0,59212.1,46749.6
1724190300000,59212.1,59328.0,59143.3,59285.0,31446.3
1724191200000,59285.0,59578.4,59226.6,59423.6,102279.4
1724192100000,59423.7,59472.2,59360.0,59396.9,28873.9
1724193000000,59396.8,59396.9,59274.4,59321.4,51348.3
1724193900000,59321.4,59379.2,59277.8,59359.9,16245.4
1724194800000,59359.9,59394.7,59232.6,59285.0,29863.6
1724195700000,59285.1,59308.9,59104.4,59118.8,49116.6
1724196600000,59118.9,59170.0,59072.3,59105.7,35428.3
1724197500000,59105.7,59143.2,58973.9,59007.9,54570.3
1724198400000,59006.2,59216.6,58981.3,59138.1,93719.8
1724199300000,59138.1,59274.0,59135.2,59178.3,54692.2
1724200200000,59178.3,59200.0,59010.0,59106.0,47677.8
1724201100000,59106.0,59200.0,58951.1,58990.1,60035.8
1724202000000,58990.0,59128.0,58901.0,59056.1,68281.4
1724202900000,59056.0,59090.6,58760.0,59008.5,115915.9
1724203800000,59008.5,59129.0,58900.0,59115.7,55442.0
1724204700000,59115.6,59279.4,59115.6,59275.2,84879.7
1724205600000,59275.2,59377.0,59242.2,59327.8,90567.7
1724206500000,59327.9,59387.8,59270.2,59299.8,44901.2
1724207400000,59299.9,59425.0,59283.7,59390.7,42018.4
1724208300000,59388.9,59521.0,59349.7,59367.7,71160.3
1724209200000,59367.7,59424.1,59311.7,59422.8,37862.5
1724210100000,59422.7,59424.7,59294.0,59311.8,40417.7
1724211000000,59311.7,59319.6,59224.0,59260.2,49119.6
1724211900000,59259.9,59333.3,59207.8,59321.4,44235.6
1724212800000,59321.4,59325.0,59180.2,59227.5,36733.5
1724213700000,59227.6,59388.0,59223.6,59326.5,45826.0
1724214600000,59326.5,59393.0,59325.2,59388.4,18116.2
1724215500000,59388.4,59408.7,59332.3,59361.6,23547.5
1724216400000,59361.6,59409.1,59324.9,59391.9,31530.9
1724217300000,59391.9,59407.9,59350.0,59359.9,22358.6
1724218200000,59359.5,59408.0,59300.9,59300.9,24746.0
1724219100000,59301.0,59397.7,59300.0,59382.0,25205.3
1724220000000,59382.0,59565.6,59362.7,59515.4,80059.0
1724220900000,59515.7,59752.4,59469.5,59669.9,164795.7
1724221800000,59670.0,59688.0,59570.0,59639.9,66693.6
1724222700000,59640.0,59643.9,59553.5,59627.5,44714.6
1724223600000,59627.5,59731.7,59568.0,59577.9,86507.8
1724224500000,59578.0,59686.7,59572.1,59678.1,31782.0
1724225400000,59678.1,59711.3,59603.0,59657.2,42010.0
1724226300000,59656.9,59742.9,59614.0,59712.0,40097.7
1724227200000,59712.0,59962.0,59363.4,59454.0,396830.0
1724228100000,59453.9,59464.8,59220.0,59453.1,161944.7
1724229000000,59453.9,59599.9,59394.8,59570.6,89014.8
1724229900000,59570.5,59588.0,59433.6,59441.3,53203.2
1724230800000,59441.3,59504.5,59257.1,59324.8,116580.5
1724231700000,59324.9,59421.0,59128.0,59169.8,146793.7
1724232600000,59169.8,59260.4,59093.0,59220.8,89606.1
1724233500000,59220.7,59323.2,59166.8,59287.9,61087.6
1724234400000,59287.9,59373.3,59238.1,59359.5,60343.3
1724235300000,59360.3,59380.0,59291.1,59324.9,39771.2
1724236200000,59327.3,59359.0,59197.9,59297.6,46209.9
1724237100000,59297.6,59488.9,59268.7,59467.9,83524.6
1724238000000,59467.9,59520.0,59416.7,59472.7,49902.2
1724238900000,59472.7,59479.2,59325.2,59354.0,41001.2
1724239800000,59354.1,59428.3,59310.0,59325.7,37651.2
1724240700000,59325.7,59412.3,59246.0,59360.4,41209.1
1724241600000,59360.5,59408.5,59300.6,59309.6,46271.1
1724242500000,59309.5,59444.0,59263.7,59444.0,78978.7
1724243400000,59443.9,59599.0,59425.0,59545.8,139558.9
1724244300000,59545.9,59590.1,59432.0,59502.9,81169.2
1724245200000,59503.0,59594.7,59460.5,59468.9,57755.6
1724246100000,59468.9,59554.0,59431.0,59446.8,46124.0
1724247000000,59446.7,59532.1,58829.9,59038.6,507731.5
1724247900000,59038.6,60134.7,58993.3,59930.4,672116.3
1724248800000,59930.5,60222.0,59430.8,59548.1,846321.2
1724249700000,59548.1,59737.8,59200.6,59595.1,521105.2
1724250600000,59593.9,60012.3,59461.2,59843.6,323822.3
1724251500000,59843.6,59897.1,59248.2,59415.9,406674.9
1724252400000,59416.0,59553.0,59300.0,59545.1,163037.4
1724253300000,59545.1,59639.7,59444.9,59537.5,106974.1
1724254200000,59537.6,59757.4,59461.3,59737.6,111757.6
1724255100000,59731.8,59789.0,59506.0,59514.1,109319.9
1724256000000,59514.1,59543.3,59370.6,59439.9,110864.2
1724256900000,59437.1,59600.0,59372.4,59593.5,67515.4
1724257800000,59596.0,59758.0,59568.3,59748.8,81286.0
1724258700000,59748.8,59957.9,59738.2,59888.0,185628.3
1724259600000,59885.2,59896.2,59706.8,59826.4,74617.6
1724260500000,59822.7,59983.0,59757.6,59934.0,75019.1
1724261400000,59934.0,59985.0,59815.2,59928.0,59337.3
1724262300000,59928.0,60060.0,59908.0,59937.8,101906.2
1724263200000,59937.8,60088.0,59848.1,60030.6,114993.4
1724264100000,60030.5,60490.5,60008.6,60446.9,318111.8
1724265000000,60446.8,60749.6,60328.8,60416.0,441752.2
1724265900000,60416.1,60849.8,60404.8,60777.9,275111.3
1724266800000,60777.8,61160.0,60720.0,61051.8,422995.5
1724267700000,61051.8,61300.0,59740.8,61031.2,563813.1
1724268600000,61030.6,61431.7,60988.6,61179.5,371364.4
1724269500000,61179.5,61666.0,61179.5,61569.0,358214.0
1724270400000,61569.5,61828.0,61350.0,61515.8,480360.6
1724271300000,61515.8,61616.3,61267.7,61267.7,166344.1
1724272200000,61267.7,61335.0,61176.6,61182.2,181247.1
1724273100000,61182.2,61260.0,60916.6,61249.9,228424.0
1724274000000,61249.8,61284.9,60950.0,60991.4,96426.6
1724274900000,60991.3,61422.7,60983.0,61245.5,196993.4
1724275800000,61245.5,61516.6,61239.3,61296.3,78714.1
1724276700000,61296.3,61323.7,61160.8,61240.8,32120.2
1724277600000,61240.9,61400.0,61192.7,61347.5,61326.4
1724278500000,61347.5,61427.7,61260.0,61403.5,45084.2
1724279400000,61403.5,61508.9,61280.0,61288.5,71842.2
1724280300000,61288.5,61318.9,61180.9,61183.7,47488.4
1724281200000,61183.7,61297.8,61062.4,61218.6,112190.8
1724282100000,61218.6,61283.0,61086.0,61170.1,60081.0
1724283000000,61170.0,61186.1,61035.0,61131.4,63281.5
1724283900000,61126.3,61199.7,61010.0,61158.7,84329.5
1724284800000,61158.8,61234.3,61060.1,61110.0,63580.4
1724285700000,61110.0,61181.8,61000.0,61056.8,70166.6
1724286600000,61056.8,61103.0,60934.1,60978.1,91074.7
1724287500000,60978.2,61020.0,60820.0,60836.4,89167.9
1724288400000,60836.8,60966.0,60730.0,60963.8,147030.7
1724289300000,60963.9,61015.9,60893.0,60931.4,39588.6
1724290200000,60931.3,60978.1,60824.7,60824.8,45144.9
1724291100000,60824.8,61007.3,60824.8,60975.1,58224.5
1724292000000,60975.1,60977.9,60838.2,60855.4,46398.9
1724292900000,60855.6,60862.4,60653.0,60680.3,148350.8
1724293800000,60680.2,60769.6,60515.0,60557.1,207826.4
1724294700000,60557.2,60567.9,59587.8,60171.7,986258.0
1724295600000,60171.7,60390.4,60066.2,60362.0,221980.6
1724296500000,60362.0,60444.9,60274.6,60370.1,110122.5
1724297400000,60370.0,60439.9,60303.8,60375.1,56118.4
1724298300000,60375.1,60642.1,60332.5,60543.9,142205.5
1724299200000,60543.9,60549.6,60450.0,60501.6,59615.1
1724300100000,60501.6,60649.7,60480.0,60607.7,72415.3
1724301000000,60607.7,60750.0,60574.5,60719.9,102165.5
1724301900000,60720.0,60850.0,60670.3,60824.1,140600.9
1724302800000,60824.1,60824.2,60655.0,60741.9,77733.3
1724303700000,60741.9,60778.9,60697.8,60704.6,34409.4
1724304600000,60704.6,60718.0,60616.0,60665.9,51354.0
1724305500000,60666.0,60722.0,60582.6,60714.5,47609.9
1724306400000,60714.5,60938.0,60675.6,60808.0,158506.4
1724307300000,60808.0,60847.6,60697.1,60775.9,52068.3
1724308200000,60775.9,60804.9,60706.8,60727.8,24024.2
1724309100000,60727.8,60829.9,60723.8,60765.0,27831.8
1724310000000,60765.0,60829.0,60700.3,60739.9,35899.7
1724310900000,60739.9,60836.0,60711.5,60784.3,30667.1
1724311800000,60784.2,60840.0,60727.5,60840.0,30326.5
1724312700000,60840.0,61105.8,60800.5,60974.5,181429.2
1724313600000,60974.5,61020.0,60854.7,60872.1,82685.1
1724314500000,60872.1,61070.0,60850.0,61006.4,68224.9
1724315400000,61006.3,61114.5,60901.2,60945.6,109702.3
1724316300000,60945.6,60997.0,60878.7,60913.9,86802.1
1724317200000,60913.8,60945.5,60835.3,60854.1,56879.1
1724318100000,60854.1,60955.2,60789.7,60940.6,63763.8
1724319000000,60940.5,60974.4,60863.4,60873.9,31586.5
1724319900000,60875.0,60923.6,60817.3,60875.4,65792.5
1724320800000,60875.4,60924.1,60818.0,60917.4,32831.9
1724321700000,60917.5,61095.3,60917.4,61080.1,83305.6
1724322600000,61080.1,61279.6,61040.5,61241.9,177884.5
1724323500000,61241.8,61400.0,61206.2,61340.0,187233.3
1724324400000,61340.0,61370.7,61092.6,61212.4,126499.0
1724325300000,61214.0,61265.3,61145.0,61265.3,55177.1
1724326200000,61265.2,61314.2,61158.1,61210.3,55535.3
1724327100000,61210.3,61380.0,61208.9,61324.1,87031.1
1724328000000,61324.1,61388.0,61175.0,61191.7,72586.3
1724328900000,61191.7,61265.3,61065.0,61263.3,113390.7
1724329800000,61263.2,61323.0,60755.0,60881.2,432533.9
1724330700000,60881.1,60980.4,60781.8,60886.4,147894.3
1724331600000,60886.4,60925.3,60677.1,60780.8,136898.7
1724332500000,60780.9,60887.9,60714.5,60800.1,90291.6
1724333400000,60800.1,60918.3,60600.0,60620.1,272928.3
1724334300000,60620.1,60912.0,60405.0,60807.8,542920.3
1724335200000,60807.8,60850.0,60422.0,60585.0,352866.5
1724336100000,60584.9,60694.0,60510.0,60626.3,116192.4
1724337000000,60626.3,60670.0,60423.5,60511.6,127960.8
1724337900000,60511.6,60618.5,60324.0,60512.1,185290.6
1724338800000,60512.0,60838.2,60506.0,60665.7,185846.1
1724339700000,60665.7,60711.4,60388.0,60468.2,130207.5
1724340600000,60468.2,60488.8,60150.0,60173.2,227877.5
1724341500000,60174.0,60453.9,60100.0,60406.2,168210.4
1724342400000,60406.3,60469.5,60290.5,60324.2,106779.0
1724343300000,60325.9,60526.2,60285.0,60490.1,87519.9
1724344200000,60490.2,60599.3,60466.0,60555.3,96381.4
1724345100000,60555.4,60576.1,60280.5,60329.4,82529.9
1724346000000,60329.4,60468.2,60236.0,60367.1,99790.6
1724346900000,60367.3,60520.9,60353.6,60454.0,63030.9
1724347800000,60454.1,60482.7,60266.0,60373.2,56127.0
1724348700000,60373.2,60400.0,60138.0,60162.2,99437.8
1724349600000,60162.1,60371.3,60130.0,60356.1,94883.9
1724350500000,60356.1,60558.0,60346.1,60509.6,104624.4
1724351400000,60509.7,60553.9,60433.0,60512.2,42092.2
1724352300000,60512.2,60571.4,60285.7,60328.2,70054.1
1724353200000,60326.8,60412.8,60296.1,60350.0,44171.4
1724354100000,60350.0,60363.6,60200.0,60225.3,107504.1
1724355000000,60225.4,60396.4,60161.5,60292.9,50130.9
1724355900000,60293.1,60440.4,60240.3,60307.6,70435.8
1724356800000,60307.6,60550.3,60283.0,60394.1,136472.9
1724357700000,60394.1,60408.8,60301.1,60378.6,35284.5
1724358600000,60378.7,60419.9,60343.9,60370.4,31570.8
1724359500000,60370.4,60699.1,60370.4,60673.2,132731.1
1724360400000,60672.2,60717.0,60510.4,60521.0,63679.1
1724361300000,60521.0,60619.0,60459.5,60568.1,26107.9
1724362200000,60568.2,60637.9,60536.0,60569.1,19630.0
1724363100000,60564.8,60605.1,60516.4,60547.3,19859.0
1724364000000,60547.4,60600.1,60506.6,60521.1,21371.6
1724364900000,60521.2,60542.9,60411.0,60526.3,33311.6
1724365800000,60526.3,60526.3,60440.7,60456.1,19114.2
1724366700000,60456.0,60477.9,60427.8,60437.9,21851.3
1724367600000,60437.9,60437.9,60301.3,60354.0,54699.3
1724368500000,60354.1,60426.6,60354.0,60417.7,20950.1
1724369400000,60417.7,60466.0,60378.5,60382.8,28139.4
1724370300000,60382.9,60427.3,60360.0,60380.0,15211.0
1724371200000,60380.0,60564.0,60334.2,60498.2,58138.9
1724372100000,60498.2,60692.9,60489.0,60677.2,86119.0
1724373000000,60677.2,60954.0,60590.2,60794.0,212430.9
1724373900000,60794.0,60850.0,60710.3,60724.9,58196.6
1724374800000,60724.8,60860.0,60712.9,60791.9,58975.6
1724375700000,60792.0,60855.0,60684.0,60696.0,41192.8
1724376600000,60696.0,60750.0,60595.1,60742.7,59976.5
1724377500000,60742.6,60828.0,60742.6,60760.4,36305.3
1724378400000,60760.3,60814.8,60712.3,60775.7,36144.8
1724379300000,60775.7,60801.4,60682.4,60750.1,44667.7
1724380200000,60750.2,60778.4,60703.0,60724.1,19485.1
1724381100000,60724.0,60748.4,60624.1,60636.2,47402.3
1724382000000,60636.3,60698.3,60612.0,60698.3,34231.5
1724382900000,60698.2,60698.9,60600.0,60602.1,31445.3
1724383800000,60602.1,60627.9,60578.0,60600.5,40030.7
1724384700000,60600.6,60618.0,60575.2,60600.1,19676.4
1724385600000,60600.2,60657.7,60584.1,60657.6,31285.4
1724386500000,60657.6,60735.3,60623.5,60731.0,31059.1
1724387400000,60730.9,60736.4,60640.0,60645.1,18787.3
1724388300000,60645.0,60715.6,60630.5,60709.3,17322.9
1724389200000,60709.3,60995.0,60709.2,60896.2,158260.6
1724390100000,60896.8,61097.0,60874.0,61009.2,191968.2
1724391000000,61009.2,61068.3,60811.0,60853.5,152865.3
1724391900000,60853.6,60922.5,60820.1,60864.1,44226.1
1724392800000,60864.2,61013.1,60832.1,60949.9,110051.3
1724393700000,60949.8,60949.9,60860.0,60871.3,35737.2
1724394600000,60871.4,60940.0,60838.0,60920.0,29897.4
1724395500000,60919.9,61358.0,60919.9,61189.1,325069.5
1724396400000,61189.1,61267.8,61101.0,61130.0,86985.8
1724397300000,61129.9,61160.9,61019.0,61075.3,61157.2
1724398200000,61075.3,61098.8,61028.9,61040.1,39972.5
1724399100000,61040.0,61120.0,60959.0,61075.3,59103.9
1724400000000,61075.3,61149.9,61036.7,61145.2,62553.8
1724400900000,61145.3,61260.0,61133.7,61206.6,107583.0
1724401800000,61211.0,61224.0,61147.1,61183.5,31549.4
1724402700000,61183.4,61320.0,61177.0,61314.3,70437.6
1724403600000,61314.2,61334.0,61239.4,61240.0,69807.0
1724404500000,61240.0,61309.0,61188.0,61283.7,51603.0
1724405400000,61283.7,61300.0,61080.0,61125.4,72322.5
1724406300000,61125.4,61140.0,60954.6,61014.0,164700.9
1724407200000,61014.1,61138.3,61000.0,61041.7,58396.2
1724408100000,61041.6,61090.5,61041.5,61061.2,23303.9
1724409000000,61061.2,61160.0,61061.2,61134.6,25395.1
1724409900000,61134.6,61152.9,61041.3,61041.3,32769.8
1724410800000,61041.4,61073.0,60718.3,60894.1,250410.9
1724411700000,60894.0,60914.4,60710.0,60838.6,110887.6
1724412600000,60838.7,60854.6,60706.5,60798.5,66045.2
1724413500000,60798.5,60828.7,60661.2,60736.1,72024.9
1724414400000,60736.1,60878.0,60736.0,60816.0,68703.1
1724415300000,60815.9,60899.8,60800.0,60850.9,41994.4
1724416200000,60850.9,60976.8,60840.0,60943.1,59257.7
1724417100000,60943.0,61220.4,60920.0,61140.7,244242.8
1724418000000,61140.6,61157.9,60962.8,61003.3,97632.5
1724418900000,61003.3,61145.8,60984.0,61096.9,101141.3
1724419800000,61097.0,61176.0,60882.0,60969.6,182718.5
1724420700000,60969.5,61125.0,60927.6,61121.9,69675.8
1724421600000,61122.0,62159.0,61122.0,62091.0,1311646.3
1724422500000,62091.0,62327.4,61367.8,61814.0,1263632.3
1724423400000,61814.0,61940.8,61509.9,61656.6,337868.3
1724424300000,61656.6,61657.4,60790.0,60983.3,940075.6
1724425200000,60983.2,61400.0,60905.0,61306.9,470349.0
1724426100000,61307.0,61488.0,61253.7,61405.6,237866.3
1724427000000,61405.7,61773.9,61350.0,61642.8,341368.4
1724427900000,61642.8,61648.4,61480.0,61528.0,184829.9
1724428800000,61527.0,61618.0,61317.7,61511.2,234184.1
1724429700000,61511.3,61578.8,61365.6,61477.1,102157.5
1724430600000,61477.0,61850.0,61444.3,61598.8,224804.5
1724431500000,61598.8,61783.3,61488.0,61729.9,116356.9
1724432400000,61729.8,61800.0,61611.0,61703.5,129172.3
1724433300000,61703.5,61920.0,61703.5,61792.8,161881.6
1724434200000,61792.1,62287.0,61741.7,62265.4,348170.4
1724435100000,62265.4,63039.9,62224.8,63005.9,1126675.6
1724436000000,63005.9,63280.0,62555.0,62994.0,732669.4
1724436900000,62994.0,63382.2,62416.0,63108.1,648433.9
1724437800000,63108.2,63429.0,63000.0,63211.0,356304.4
1724438700000,63211.1,63396.6,63119.2,63147.9,149374.3
1724439600000,63148.0,63554.0,62977.1,63497.5,306168.5
1724440500000,63497.9,63816.0,63412.7,63666.0,471281.6
1724441400000,63666.0,63724.0,63480.2,63611.5,174522.1
1724442300000,63611.5,63756.0,63460.0,63604.0,189722.3
1724443200000,63609.7,63740.0,63534.0,63700.0,127207.0
1724444100000,63700.0,63791.0,63580.3,63662.8,81858.5
1724445000000,63662.8,63662.8,63473.1,63622.0,90626.9
1724445900000,63621.9,63684.5,63542.9,63608.3,52264.0
1724446800000,63608.2,63717.0,63583.3,63649.1,56509.2
1724447700000,63649.2,65098.5,63649.2,64261.8,896831.4
1724448600000,64261.9,64496.7,64250.0,64313.9,165224.5
1724449500000,64313.9,64419.5,64186.6,64392.3,92692.5
1724450400000,64392.3,64496.7,64311.8,64367.7,115062.5
1724451300000,64367.6,64785.8,64288.0,64634.6,212225.4
1724452200000,64632.1,65000.0,64532.5,64557.9,356375.7
1724453100000,64557.9,64580.0,63869.1,64115.5,319129.8
1724454000000,64115.6,64284.7,64115.6,64193.0,158591.6
1724454900000,64193.0,64346.4,64051.9,64128.9,146336.1
1724455800000,64129.1,64144.0,64050.0,64105.5,84291.3
1724456700000,64105.5,64132.0,63852.0,64050.0,169181.2
1724457600000,64050.0,64221.6,63930.6,63964.5,111439.0
1724458500000,63964.4,64034.8,63852.0,63910.4,76227.4
1724459400000,63910.3,64075.4,63850.0,63941.4,63649.6
1724460300000,63941.5,64120.0,63935.9,63976.9,65363.5
1724461200000,63977.0,64018.4,63855.0,63900.0,70882.6
1724462100000,63899.9,63924.0,63702.6,63791.1,112879.7
1724463000000,63791.1,63813.9,63629.0,63640.0,83276.4
1724463900000,63640.0,63886.8,63638.0,63840.1,90731.7
1724464800000,63843.9,63933.0,63799.3,63932.9,63395.1
1724465700000,63932.9,64020.9,63850.0,63890.9,110450.3
1724466600000,63890.8,63929.0,63850.6,63909.8,29793.6
1724467500000,63909.9,63974.2,63868.5,63942.1,52517.6
1724468400000,63942.0,63999.0,63917.6,63949.6,37452.3
1724469300000,63945.2,63968.2,63800.0,63877.6,61993.1
1724470200000,63877.6,63954.9,63777.8,63824.0,38940.9
1724471100000,63824.0,63873.4,63782.5,63841.0,41387.1
1724472000000,63841.0,63988.0,63828.0,63974.3,68149.9
1724472900000,63977.0,63987.6,63906.5,63910.0,26727.7
1724473800000,63910.0,63960.0,63869.8,63942.4,25605.8
1724474700000,63942.5,63942.5,63884.6,63890.0,18039.5
1724475600000,63889.9,63950.0,63855.3,63915.9,31732.1
1724476500000,63916.0,64037.5,63896.2,63993.7,56178.6
1724477400000,63993.8,63995.1,63848.6,63960.1,58129.2
1724478300000,63960.1,63998.0,63915.8,63989.9,50076.5
1724479200000,63990.0,63990.0,63927.7,63933.1,31184.0
1724480100000,63933.1,64035.7,63921.2,63956.4,44219.6
1724481000000,63956.4,64300.0,63947.3,64199.9,247469.6
1724481900000,64200.0,64200.0,64050.0,64055.6,72198.4
1724482800000,64055.7,64237.6,64050.4,64190.1,70292.1
1724483700000,64190.1,64220.0,64142.1,64220.0,28764.3
1724484600000,64220.0,64293.6,64175.3,64267.2,59207.5
1724485500000,64267.1,64447.2,64186.6,64309.8,132730.0
1724486400000,64309.8,64316.4,64156.8,64190.0,66706.8
1724487300000,64189.9,64230.0,64165.9,64166.0,25575.2
1724488200000,64166.0,64270.0,64150.1,64241.8,39164.2
1724489100000,64241.7,64494.5,64221.3,64419.7,96137.6
1724490000000,64419.8,64554.9,64240.0,64252.9,135920.4
1724490900000,64252.9,64350.0,64200.0,64316.0,53034.4
1724491800000,64316.0,64347.0,64235.8,64261.3,27699.1
1724492700000,64261.3,64384.9,64210.0,64339.6,47999.9
1724493600000,64339.6,64399.9,64260.3,64264.3,57042.5
1724494500000,64264.2,64349.7,64264.2,64304.0,17795.9
1724495400000,64304.1,64312.5,64212.5,64268.9,39257.0
1724496300000,64269.0,64279.0,64106.0,64136.9,81157.2
1724497200000,64137.0,64201.6,64122.1,64190.9,39931.7
1724498100000,64191.0,64191.5,64090.0,64106.2,27063.5
1724499000000,64106.3,64194.0,63987.2,63992.2,88846.0
1724499900000,63992.3,64089.4,63900.0,63922.0,99829.7
1724500800000,63922.0,64171.1,63918.3,64108.0,103136.3
1724501700000,64108.1,64228.0,64058.7,64205.9,60005.2
1724502600000,64205.9,64206.0,64114.1,64188.7,33446.3
1724503500000,64189.9,64190.0,64033.5,64101.0,44099.0
1724504400000,64100.9,64173.0,63952.2,64146.8,66348.1
1724505300000,64148.6,64227.0,64114.1,64187.2,42714.6
1724506200000,64187.2,64265.9,64135.9,64161.2,53637.6
1724507100000,64161.2,64228.0,64089.4,64228.0,33906.8
1724508000000,64228.0,64229.7,64118.7,64118.8,24979.6
1724508900000,64118.7,64269.9,64035.6,64220.1,70564.6
1724509800000,64220.2,64220.2,64132.0,64142.4,30962.7
1724510700000,64142.9,64188.0,64119.0,64185.0,18142.0
1724511600000,64184.9,64185.0,64035.6,64086.1,107830.2
1724512500000,64086.1,64150.0,63988.4,63995.9,70243.0
1724513400000,63996.0,64079.7,63865.0,63958.4,95882.6
1724514300000,63958.4,64009.3,63914.6,63982.6,45961.0
1724515200000,63982.6,64113.0,63921.4,64010.5,91960.9
1724516100000,64014.9,64364.0,63983.1,64292.8,148844.8
1724517000000,64291.7,64445.9,64164.7,64194.1,176994.7
1724517900000,64194.2,64319.0,64120.0,64297.9,62272.3
1724518800000,64297.9,64306.1,64171.3,64245.7,49021.0
1724519700000,64245.8,64290.0,64055.0,64087.6,71370.7
1724520600000,64087.6,64199.6,64070.1,64118.0,37111.7
1724521500000,64118.0,64176.6,63942.9,64052.7,52951.4
1724522400000,64056.0,64074.0,63945.4,63953.1,50006.5
1724523300000,63953.0,64450.1,63942.0,64406.0,185927.0
1724524200000,64406.0,64464.0,64072.8,64176.1,140567.8
1724525100000,64176.0,64279.1,64163.5,64228.7,30568.4
1724526000000,64228.6,64305.5,64219.5,64267.8,19940.5
1724526900000,64267.8,64357.1,64239.9,64350.0,18857.9
1724527800000,64350.0,64382.6,64280.7,64310.6,15370.9
1724528700000,64310.6,64310.6,64204.9,64204.9,11259.7
1724529600000,64205.0,64248.8,64191.5,64191.5,17280.6
1724530500000,64191.6,64345.2,64165.1,64280.0,29093.3
1724531400000,64280.0,64280.0,64172.5,64180.9,14854.8
1724532300000,64181.1,64200.0,64130.0,64130.1,18328.3
1724533200000,64130.0,64134.1,63922.9,64073.8,83199.0
1724534100000,64073.8,64192.9,63901.6,63960.0,59436.6
1724535000000,63959.5,64056.9,63744.5,63965.5,110459.2
1724535900000,63965.5,63972.0,63500.0,63613.5,158233.4
1724536800000,63611.2,63800.4,63573.2,63676.3,105138.8
1724537700000,63676.2,63965.0,63630.0,63778.0,95047.2
1724538600000,63778.0,64000.0,63757.8,63958.1,63569.5
1724539500000,63958.0,63958.0,63834.3,63841.9,35157.9
1724540400000,63841.9,63963.1,63800.0,63951.5,31223.0
1724541300000,63951.5,63973.3,63900.0,63920.2,18127.6
1724542200000,63920.1,63990.0,63913.9,63938.2,19774.2
1724543100000,63938.3,64173.5,63938.2,64160.9,76214.0
1724544000000,64160.1,65028.4,64130.0,64293.7,500917.8
1724544900000,64293.7,64455.3,64287.2,64361.3,121828.5
1724545800000,64361.3,64420.1,64240.0,64240.0,75514.9
1724546700000,64240.0,64287.9,64120.0,64195.7,88479.0
1724547600000,64195.7,64399.1,64185.4,64267.3,62318.5
1724548500000,64267.3,64380.0,64246.1,64273.1,36873.1
1724549400000,64273.2,64300.0,64050.0,64120.4,92584.2
1724550300000,64120.3,64228.0,64060.0,64160.0,47330.0
1724551200000,64160.1,64238.7,64115.3,64206.2,37619.6
1724552100000,64206.3,64265.9,64152.9,64262.0,30947.2
1724553000000,64262.0,64285.0,64219.7,64224.6,23537.1
1724553900000,64224.6,64225.1,64134.7,64153.9,23114.0
1724554800000,64153.5,64191.6,64110.0,64157.7,17932.1
1724555700000,64152.3,64166.0,64083.0,64105.2,24370.8
1724556600000,64105.2,64105.2,64000.0,64002.0,39204.2
1724557500000,64002.0,64139.0,64000.8,64115.9,62994.6
1724558400000,64115.9,64133.0,64009.9,64027.3,32243.9
1724559300000,64027.4,64096.0,64002.0,64096.0,45301.3
1724560200000,64096.0,64147.3,64050.0,64140.2,22840.5
1724561100000,64140.7,64179.3,64125.9,64167.6,24268.6
1724562000000,64167.6,64205.1,64158.0,64197.7,32727.7
1724562900000,64197.7,64218.0,64144.4,64190.7,25789.8
1724563800000,64190.6,64192.8,64140.8,64140.8,15046.2
1724564700000,64140.8,64160.0,64102.8,64157.0,21444.4
1724565600000,64157.0,64183.4,64040.0,64105.1,26010.0
1724566500000,64105.2,64110.3,64067.0,64067.2,27157.3
1724567400000,64067.1,64108.1,64004.0,64041.1,51727.2
1724568300000,64041.1,64069.6,63980.7,64011.7,51128.2
1724569200000,64011.7,64011.7,63900.0,63918.6,114067.8
1724570100000,63918.6,64059.0,63840.0,63979.4,129462.0
1724571000000,63979.5,64000.0,63825.0,63836.4,105365.3
1724571900000,63836.4,63914.5,63785.0,63877.8,62169.0
1724572800000,63877.7,63978.9,63820.0,63911.9,62729.9
1724573700000,63911.8,64016.3,63911.8,64009.3,51853.1
1724574600000,64009.7,64032.1,63949.0,63978.1,30699.6
1724575500000,63978.1,63978.1,63929.6,63950.0,19634.8
1724576400000,63949.9,64000.0,63878.2,63895.7,33456.0
1724577300000,63895.8,63928.6,63823.0,63827.2,39422.8
1724578200000,63827.3,63914.4,63806.7,63877.4,72860.1
1724579100000,63877.4,63895.9,63830.7,63870.1,35392.3
1724580000000,63870.0,63906.3,63790.0,63892.8,42791.8
1724580900000,63892.8,63943.9,63868.9,63885.9,31688.9
1724581800000,63886.0,63919.9,63807.4,63822.5,29971.8
1724582700000,63822.5,63892.6,63818.0,63891.9,46379.1
1724583600000,63891.9,63985.6,63886.0,63958.9,54908.5
1724584500000,63959.0,63998.0,63918.0,63993.4,23687.1
1724585400000,63993.4,64036.6,63908.0,63910.0,53004.6
1724586300000,63910.0,63959.9,63881.0,63891.4,26071.8
1724587200000,63891.5,63932.9,63875.5,63891.4,17803.1
1724588100000,63891.3,63913.3,63820.0,63831.8,31496.5
1724589000000,63831.8,63936.0,63831.8,63936.0,32645.3
1724589900000,63936.0,63960.0,63906.7,63942.5,16598.1
1724590800000,63942.5,63970.0,63862.7,63912.3,26874.5
1724591700000,63912.3,64149.0,63896.7,64092.8,117535.6
1724592600000,64092.8,64183.8,63989.8,64001.0,93669.5
1724593500000,64001.1,64121.1,63979.6,64085.7,43002.4
1724594400000,64085.7,64182.2,64085.7,64167.8,47681.8
1724595300000,64168.0,64220.9,64100.1,64130.1,65335.3
1724596200000,64130.0,64264.0,64118.7,64230.3,59107.2
1724597100000,64229.3,64260.0,64120.0,64155.0,38249.5
1724598000000,64155.1,64240.0,64120.1,64238.7,37871.7
1724598900000,64238.8,64291.4,64194.0,64239.7,52043.6
1724599800000,64239.6,64239.6,64087.0,64167.8,58304.5
1724600700000,64167.8,64188.0,64080.9,64133.0,41685.2
1724601600000,64133.1,64205.8,64102.2,64122.3,40638.3
1724602500000,64122.4,64180.0,64068.6,64080.1,26361.4
1724603400000,64080.1,64138.5,64008.7,64045.0,56261.8
1724604300000,64045.0,64077.0,64014.9,64047.8,32659.7
1724605200000,64047.7,64145.8,64024.7,64115.8,27132.4
1724606100000,64115.9,64122.1,64050.0,64066.7,15399.3
1724607000000,64066.7,64177.8,64050.6,64163.2,35313.6
1724607900000,64163.1,64163.2,64121.0,64149.9,11375.2
1724608800000,64149.9,64163.6,64080.0,64087.4,21392.3
1724609700000,64087.4,64145.0,64087.4,64115.2,11638.3
1724610600000,64115.1,64275.4,64108.5,64261.1,47168.0
1724611500000,64261.0,64261.1,64122.9,64176.3,28750.1
1724612400000,64176.2,64223.9,64174.9,64223.1,11861.6
1724613300000,64223.0,64223.1,64150.0,64163.7,14857.9
1724614200000,64163.7,64187.0,64151.5,64179.9,12301.7
1724615100000,64179.9,64200.0,64175.3,64192.2,15855.8
1724616000000,64192.2,64284.1,64187.5,64245.3,29520.7
1724616900000,64245.2,64245.3,64129.7,64147.3,39119.1
1724617800000,64147.2,64222.7,64147.2,64209.4,15339.3
1724618700000,64209.5,64280.0,64209.4,64221.2,38914.5
1724619600000,64221.2,64388.0,64209.4,64341.0,73072.4
1724620500000,64340.9,64605.3,64336.0,64475.2,181373.8
1724621400000,64475.2,64570.4,64300.0,64332.9,46238.2
1724622300000,64332.9,64436.8,64302.6,64401.3,35766.3
1724623200000,64401.4,64617.0,64276.6,64590.2,122465.3
1724624100000,64590.2,64631.3,64350.0,64358.0,73900.1
1724625000000,64358.1,64470.0,64347.3,64458.7,56369.3
1724625900000,64458.8,64519.8,64366.6,64486.7,53091.5
1724626800000,64487.1,64878.0,64464.7,64838.4,171237.3
1724627700000,64838.5,65043.6,64495.9,64746.0,351530.0
1724628600000,64746.0,64812.1,64251.2,64394.0,304298.2
1724629500000,64394.1,64466.0,64200.1,64222.0,164771.2
1724630400000,64222.1,64490.0,64080.0,64146.0,146616.2
1724631300000,64150.9,64314.7,64042.0,64286.1,92895.9
1724632200000,64286.1,64377.0,64080.3,64096.6,81964.9
1724633100000,64096.5,64173.7,63875.0,64108.1,194015.2
1724634000000,64108.1,64180.0,63951.0,64176.4,74890.0
1724634900000,64176.4,64200.0,64113.0,64132.6,36198.5
1724635800000,64132.7,64157.9,63962.0,63999.8,61967.7
1724636700000,63999.9,64050.0,63888.0,63934.5,66531.9
1724637600000,63934.5,64010.0,63870.0,63990.8,74291.3
1724638500000,63990.9,64064.0,63785.0,63993.7,132040.7
1724639400000,63993.8,64050.0,63875.3,63974.0,43424.2
1724640300000,63974.0,64080.7,63933.0,64066.7,30908.8
1724641200000,64066.6,64104.0,64035.0,64069.4,33872.5
1724642100000,64069.4,64132.9,64027.1,64100.0,51299.0
1724643000000,64100.0,64130.0,64002.8,64050.0,47849.2
1724643900000,64050.1,64127.4,64050.0,64125.2,17309.2
1724644800000,64125.1,64184.8,64086.0,64095.9,43852.2
1724645700000,64095.9,64221.8,64056.8,64154.0,48188.2
1724646600000,64154.1,64154.1,64036.1,64041.0,34348.2
1724647500000,64041.0,64063.0,63960.0,64036.1,39749.1
1724648400000,64036.1,64067.2,63982.1,63982.1,34527.8
1724649300000,63982.1,64016.9,63890.0,63890.0,47879.5
1724650200000,63890.1,64000.0,63890.1,63978.1,29344.4
1724651100000,63978.1,64019.0,63950.0,63960.3,23986.7
1724652000000,63960.3,63989.2,63853.0,63865.2,52110.5
1724652900000,63868.3,63929.9,63821.1,63836.0,55747.0
1724653800000,63836.0,64200.0,63832.0,63870.2,303087.3
1724654700000,63870.1,63941.1,63615.0,63737.0,230468.9
1724655600000,63737.0,63795.2,63574.7,63780.1,145277.0
1724656500000,63780.0,63880.0,63777.2,63805.0,89726.0
1724657400000,63805.0,63805.1,63682.1,63693.0,50907.7
1724658300000,63693.0,63734.0,63618.0,63634.4,54083.4
1724659200000,63634.4,63809.9,63592.2,63800.0,68441.7
1724660100000,63799.9,63850.0,63765.0,63781.9,37568.5
1724661000000,63782.0,63904.3,63665.0,63675.9,82531.6
1724661900000,63675.9,63794.8,63675.8,63751.4,37104.6
1724662800000,63751.3,63768.1,63685.0,63701.6,35512.6
1724663700000,63701.6,63808.7,63530.0,63608.1,130930.4
1724664600000,63608.0,63759.2,63214.5,63639.3,428556.0
1724665500000,63638.3,63878.7,63610.0,63859.1,104177.4
1724666400000,63859.1,64015.8,63808.0,63951.8,162676.0
1724667300000,63949.9,63987.0,63903.6,63907.8,62476.2
1724668200000,63907.9,64040.0,63818.4,63931.9,140393.3
1724669100000,63931.9,63959.4,63730.3,63777.8,161477.4
1724670000000,63776.1,63935.4,63739.4,63880.1,130637.8
1724670900000,63880.1,63995.3,63840.7,63956.6,44366.1
1724671800000,63956.5,63991.1,63897.2,63906.5,35493.8
1724672700000,63906.5,63927.5,63836.3,63850.4,30824.8
1724673600000,63850.4,63968.5,63832.4,63918.2,48783.4
1724674500000,63918.1,63925.1,63764.0,63787.4,70106.7
1724675400000,63787.4,63828.5,63540.0,63564.0,152654.2
1724676300000,63564.1,63693.1,63466.0,63636.0,131823.1
1724677200000,63636.0,63819.8,63565.0,63767.2,104569.2
1724678100000,63767.2,63864.0,63696.0,63805.1,102298.2
1724679000000,63805.1,63883.5,63505.6,63613.8,257677.5
1724679900000,63613.8,63793.0,63492.0,63764.2,226248.6
1724680800000,63765.0,63873.0,63532.0,63543.1,171735.3
1724681700000,63540.5,63663.2,63237.0,63564.9,383478.3
1724682600000,63564.9,63620.0,63155.1,63288.1,405576.5
1724683500000,63288.1,63508.0,63258.9,63498.6,155480.2
1724684400000,63498.6,63498.7,63212.5,63216.7,100299.7
1724685300000,63216.7,63414.9,63068.0,63386.8,291060.7
1724686200000,63386.9,63521.9,63325.0,63489.3,104779.5
1724687100000,63489.3,63650.0,63362.1,63535.0,127120.0
1724688000000,63535.0,63650.0,63411.0,63540.9,118222.6
1724688900000,63541.0,63649.0,63465.5,63589.1,58685.9
1724689800000,63589.2,63808.0,63536.0,63760.2,130075.8
1724690700000,63760.1,63828.0,63606.4,63708.3,109922.2
1724691600000,63708.2,63777.0,63623.4,63669.6,46850.3
1724692500000,63669.7,63810.0,63618.2,63764.1,67445.1
1724693400000,63765.5,63890.0,63451.2,63529.2,144710.0
1724694300000,63529.1,63544.7,63200.0,63388.9,302936.7
1724695200000,63389.0,63530.0,63189.6,63383.7,233372.2
1724696100000,63383.7,63561.6,63202.0,63547.9,108592.6
1724697000000,63547.9,63708.0,63538.0,63665.8,137581.8
1724697900000,63665.7,63688.0,63557.5,63650.0,45651.9
1724698800000,63650.0,63728.9,63457.5,63600.4,116886.4
1724699700000,63603.3,63650.0,63471.4,63495.1,47285.6
1724700600000,63495.1,63548.0,63350.2,63350.2,48098.4
1724701500000,63350.1,63410.7,63255.0,63331.1,89935.6
1724702400000,63331.0,63368.4,63210.0,63213.6,84062.1
1724703300000,63213.6,63440.5,63200.0,63384.9,159474.4
1724704200000,63384.9,63546.4,63351.0,63536.7,46974.7
1724705100000,63536.7,63567.8,63375.4,63412.4,101413.8
1724706000000,63412.0,63428.8,63242.0,63247.5,33379.6
1724706900000,63247.6,63247.6,62840.2,62976.0,271288.9
1724707800000,62976.0,63126.7,62911.1,63021.7,128240.0
1724708700000,63021.1,63274.9,62981.4,63144.7,102100.3
1724709600000,63144.8,63300.0,63144.8,63202.9,81366.6
1724710500000,63202.9,63220.0,63074.4,63081.9,52196.0
1724711400000,63082.0,63102.2,62888.0,62925.1,80012.3
1724712300000,62925.2,63059.4,62880.0,62965.7,116486.8
1724713200000,62965.7,63080.0,62922.5,63074.1,92525.5
1724714100000,63074.1,63171.9,63025.2,63114.9,60225.7
1724715000000,63114.9,63134.3,62942.6,62989.0,37041.9
1724715900000,62988.9,63019.2,62793.1,62840.1,107307.1
1724716800000,62840.1,62946.9,62756.0,62869.8,189224.7
1724717700000,62869.8,63036.0,62820.0,62956.3,101610.5
1724718600000,62956.3,63050.0,62890.1,63043.6,41108.4
1724719500000,63043.6,63050.0,62650.0,62715.7,223775.2
1724720400000,62715.8,63140.1,62672.2,62968.1,299664.7
1724721300000,62968.0,63168.0,62968.0,63136.1,119448.5
1724722200000,63136.2,63215.0,63041.6,63079.0,66850.5
1724723100000,63079.1,63125.0,62963.2,62992.2,49326.7
1724724000000,62996.7,63175.0,62960.4,63174.1,60972.7
1724724900000,63174.1,63200.0,63058.0,63062.9,52517.8
1724725800000,63062.9,63115.1,62923.0,62935.2,86342.9
1724726700000,62935.3,62979.9,62880.0,62900.0,84209.9
1724727600000,62900.1,62900.1,62727.3,62755.1,151407.0
1724728500000,62755.2,62900.0,62752.6,62886.2,59292.1
1724729400000,62886.3,62966.0,62870.0,62919.1,35171.1
1724730300000,62919.1,63010.9,62919.1,62971.9,44941.5
1724731200000,62972.0,63006.8,62921.2,62924.1,60012.3
1724732100000,62924.1,62983.9,62903.7,62936.4,45580.4
1724733000000,62936.4,63071.5,62920.0,63058.3,62707.6
1724733900000,63059.8,63093.0,63018.0,63034.9,46293.0
1724734800000,63035.0,63149.0,63034.9,63113.6,60201.1
1724735700000,63113.6,63150.0,63085.0,63122.2,44573.8
1724736600000,63122.3,63200.0,63100.8,63148.0,73898.6
1724737500000,63147.9,63190.0,63065.1,63154.0,52135.6
1724738400000,63154.0,63160.9,63025.8,63078.2,38349.8
1724739300000,63078.2,63118.3,62933.2,62940.0,71942.8
1724740200000,62940.0,62971.0,62733.0,62764.9,181360.3
1724741100000,62764.9,62840.9,62730.0,62780.5,73778.7
1724742000000,62780.5,62897.0,62777.4,62896.9,64022.4
1724742900000,62896.9,62956.1,62803.1,62897.0,45599.7
1724743800000,62902.0,62969.8,62797.3,62801.0,57436.9
1724744700000,62801.1,62907.8,62801.0,62907.8,32477.3
1724745600000,62907.9,63012.8,62812.0,62859.9,65029.7
1724746500000,62859.9,62860.0,62700.0,62718.9,104296.0
1724747400000,62718.8,62790.3,62700.3,62746.2,66030.5
1724748300000,62746.2,62830.0,62737.5,62820.4,34564.5
1724749200000,62820.5,62897.6,62771.6,62887.0,45021.5
1724750100000,62887.0,62944.0,62878.0,62908.6,55033.5
1724751000000,62908.6,62950.0,62573.0,62645.5,195521.1
1724751900000,62645.5,62811.9,62605.9,62692.4,180924.3
1724752800000,62692.5,62692.5,62362.4,62482.4,345329.1
1724753700000,62482.5,62484.4,62263.0,62386.7,278791.0
1724754600000,62386.6,62487.1,62250.0,62355.5,200380.3
1724755500000,62355.6,62400.0,62285.7,62340.0,61753.0
1724756400000,62340.1,62463.4,62234.0,62418.9,155927.5
1724757300000,62418.9,62593.0,62418.8,62510.0,113102.5
1724758200000,62510.0,62577.3,62450.0,62514.3,86699.8
1724759100000,62514.3,62514.3,62378.0,62433.6,51061.9
1724760000000,62433.5,62452.0,62258.1,62404.0,106337.2
1724760900000,62404.0,62469.8,62280.6,62333.1,72267.3
1724761800000,62333.0,62439.0,62122.0,62281.9,153692.1
1724762700000,62282.0,62487.9,62236.1,62434.0,110044.5
1724763600000,62434.1,62472.0,62250.0,62336.3,121869.4
1724764500000,62336.3,62465.0,62207.8,62451.7,84931.4
1724765400000,62451.6,62513.5,62126.1,62190.0,313940.8
1724766300000,62189.9,62400.0,62125.0,62230.7,149322.7
1724767200000,62230.7,62298.0,61802.5,61912.9,789439.2
1724768100000,61912.9,62049.0,61786.1,62032.1,390210.9
1724769000000,62032.0,62153.8,61928.7,62111.0,190765.4
1724769900000,62111.1,62134.9,61830.6,61840.2,213999.5
1724770800000,61840.2,61982.0,61651.5,61931.9,371196.3
1724771700000,61931.9,61931.9,61712.2,61765.8,123929.9
1724772600000,61765.0,61798.3,61456.1,61676.2,502236.0
1724773500000,61676.2,61718.6,61531.0,61698.6,199970.9
1724774400000,61698.6,61875.7,61550.9,61849.9,257641.2
1724775300000,61849.9,61991.9,61837.3,61959.0,168746.5
1724776200000,61958.9,61965.7,61570.1,61581.8,148988.3
1724777100000,61581.8,61740.8,61526.5,61554.3,119678.1
1724778000000,61554.4,61660.0,61504.2,61620.5,78766.1
1724778900000,61620.4,61832.0,61585.8,61767.1,62745.5
1724779800000,61767.2,61856.3,61685.1,61721.4,66433.2
1724780700000,61721.4,61938.5,61714.1,61933.9,87949.6
1724781600000,61933.9,61980.0,61892.0,61960.0,64505.4
1724782500000,61959.9,62141.2,61883.0,61884.0,184410.1
1724783400000,61884.0,62136.7,61861.6,62111.2,79572.8
1724784300000,62111.2,62131.0,62043.0,62092.1,35056.0
1724785200000,62092.1,62197.0,61953.3,62175.9,80516.1
1724786100000,62175.9,62189.9,62028.6,62149.0,68689.8
1724787000000,62149.0,62149.1,62013.9,62054.1,35429.4
1724787900000,62054.1,62132.1,61876.2,62101.7,74514.4
1724788800000,62101.6,62103.5,61877.5,61925.4,98461.7
1724789700000,61925.4,61995.0,61851.1,61987.8,39136.0
1724790600000,61987.7,61993.3,61913.3,61954.3,35765.5
1724791500000,61954.3,61980.0,61843.1,61869.3,32180.6
1724792400000,61869.3,61963.2,61559.3,61593.6,169754.4
1724793300000,61593.5,61739.2,61165.0,61432.0,421776.1
1724794200000,61432.0,61432.1,60622.0,61096.0,741354.0
1724795100000,61094.9,61100.0,59640.9,60426.7,938679.7
1724796000000,60426.6,60426.7,58027.2,58381.8,1472805.3
1724796900000,58381.8,59186.5,57910.1,58925.9,1042103.8
1724797800000,58926.0,59369.8,58688.9,59106.0,502360.9
1724798700000,59106.1,59548.9,59040.1,59498.7,332088.5
1724799600000,59498.8,59498.8,59134.8,59235.6,242706.6
1724800500000,59235.5,59778.3,59163.5,59686.0,264342.3
1724801400000,59686.0,59704.0,59543.9,59618.6,136375.3
1724802300000,59618.6,59679.6,59386.0,59405.3,108205.0
1724803200000,59405.4,59454.8,59211.0,59320.1,186612.4
1724804100000,59320.2,59358.8,58954.0,59127.0,231050.0
1724805000000,59127.0,59382.4,59072.1,59177.1,157483.8
1724805900000,59177.0,59290.5,59054.1,59081.3,84877.5
1724806800000,59081.3,59191.7,58917.1,59180.6,125442.0
1724807700000,59180.6,59254.9,58950.8,59029.7,109992.7
1724808600000,59029.8,59188.0,58915.8,59177.0,112193.2
1724809500000,59177.0,59450.0,59096.1,59372.2,155521.7
1724810400000,59372.0,59421.5,59256.0,59328.1,102587.4
1724811300000,59328.1,59415.0,59195.1,59208.4,54248.9
1724812200000,59208.5,59313.7,59200.0,59311.8,36343.7
1724813100000,59311.8,59382.2,59280.0,59343.6,53650.6
1724814000000,59343.7,59456.0,59310.0,59393.9,57267.3
1724814900000,59393.9,59522.6,59391.5,59434.0,75433.1
1724815800000,59433.9,59591.0,59433.9,59580.4,74576.2
1724816700000,59580.4,59656.0,59513.0,59625.2,87268.0
1724817600000,59625.1,59626.2,59469.3,59511.0,70815.3
1724818500000,59511.0,59669.1,59490.0,59594.5,66852.0
1724819400000,59594.4,59594.5,59426.3,59446.0,45216.6
1724820300000,59446.1,59481.1,59289.5,59341.7,83751.8
1724821200000,59341.7,59348.0,59260.0,59317.8,69110.6
1724822100000,59317.8,59461.8,59317.7,59369.1,67519.3
1724823000000,59369.0,59487.8,59360.2,59410.1,35118.0
1724823900000,59410.0,59459.7,59279.9,59296.7,49789.9
1724824800000,59296.6,59363.9,59287.2,59322.9,37473.5
1724825700000,59322.8,59373.2,59197.0,59229.3,77377.1
1724826600000,59229.3,59244.6,59130.0,59142.7,66198.2
1724827500000,59142.7,59240.0,59142.6,59200.1,39530.6
1724828400000,59200.0,59284.6,59100.0,59146.7,85141.4
1724829300000,59147.8,59152.4,58886.2,59015.9,195422.3
1724830200000,59016.0,59073.0,58765.7,58854.1,171916.0
1724831100000,58854.1,58907.2,58515.0,58601.1,292248.5
1724832000000,58601.1,58888.0,58537.5,58814.9,185619.6
1724832900000,58815.0,59168.0,58813.0,59104.7,176517.1
1724833800000,59104.5,59234.0,59074.2,59162.0,102215.8
1724834700000,59162.0,59298.0,59120.0,59226.8,80785.7
1724835600000,59226.7,59400.0,59140.0,59254.0,140282.9
1724836500000,59253.9,59403.5,59207.7,59375.0,75605.7
1724837400000,59375.0,59521.0,59375.0,59424.5,129744.2
1724838300000,59424.5,60222.0,59424.5,60189.9,521592.9
1724839200000,60189.9,60219.8,59801.2,59972.7,260949.3
1724840100000,59972.6,60034.0,59800.2,59907.0,97445.1
1724841000000,59907.0,59932.0,59686.1,59811.7,129371.6
1724841900000,59810.7,59833.9,59700.1,59761.8,42196.8
1724842800000,59761.9,60010.0,59673.2,59930.0,100584.3
1724843700000,59930.0,60094.8,59924.4,59975.5,104260.1
1724844600000,59975.5,60066.7,59875.0,59903.7,76938.4
1724845500000,59903.7,60069.7,59900.0,59928.1,44718.3
1724846400000,59928.0,60050.6,59874.4,60049.0,66363.8
1724847300000,60049.0,60120.0,59950.0,60068.0,59582.3
1724848200000,60067.9,60161.6,60053.9,60098.8,92582.7
1724849100000,60098.9,60098.9,59912.7,59939.9,99094.0
1724850000000,59940.0,59978.9,59757.6,59815.2,111902.0
1724850900000,59816.6,60001.0,59783.7,59853.8,105156.2
1724851800000,59853.7,59999.0,59684.2,59810.0,188346.6
1724852700000,59810.0,59853.2,59311.9,59342.2,319388.3
1724853600000,59342.2,59944.4,59166.0,59784.0,403779.1
1724854500000,59783.9,59943.9,59545.0,59590.5,161903.3
1724855400000,59590.5,59659.9,59215.0,59217.2,194400.5
1724856300000,59217.2,59326.7,58923.0,59186.2,378808.9
1724857200000,59186.2,59186.2,58760.0,58811.4,305536.1
1724858100000,58811.4,58888.0,58400.0,58742.6,572429.3
1724859000000,58742.5,58810.0,58500.7,58763.3,233375.3
1724859900000,58763.3,59055.7,58658.0,59003.9,193371.7
1724860800000,59003.8,59003.9,58558.0,58600.0,244061.4
1724861700000,58599.9,58634.6,57778.9,58414.5,992059.8
1724862600000,58414.5,58672.1,58243.8,58672.1,324770.5
1724863500000,58672.4,59218.0,58649.8,59183.6,455093.5
1724864400000,59183.5,59270.2,59004.2,59035.3,238013.9
1724865300000,59034.0,59039.9,58738.0,58797.4,227522.6
1724866200000,58797.4,59078.0,58731.8,59042.1,128810.5
1724867100000,59042.2,59080.0,58620.8,58644.9,126554.7
1724868000000,58644.9,58963.6,58580.8,58874.1,165478.3
1724868900000,58874.0,59110.9,58816.3,59017.3,92779.2
1724869800000,59017.3,59080.1,58855.0,58868.9,80652.9
1724870700000,58869.0,59520.1,58825.1,59492.0,231421.0
1724871600000,59493.9,59839.5,59209.1,59392.1,369345.3
1724872500000,59392.0,59481.3,59260.0,59322.8,122008.6
1724873400000,59322.7,59326.7,59164.3,59187.7,83565.6
1724874300000,59187.7,59325.0,58814.1,58904.9,134281.3
1724875200000,58904.9,59140.9,58888.5,59044.2,100622.6
1724876100000,59044.1,59620.7,58626.0,59126.0,473487.9
1724877000000,59126.0,59378.0,58901.6,59213.8,144213.5
1724877900000,59213.7,59487.1,59010.0,59310.0,103453.1
1724878800000,59310.1,59400.0,59153.8,59283.8,80738.9
1724879700000,59283.8,59498.3,59180.0,59352.1,59783.5
1724880600000,59352.0,59484.7,59218.4,59359.8,66436.4
1724881500000,59359.8,59391.1,59062.1,59116.0,45043.4
1724882400000,59116.0,59260.0,58955.0,58998.2,78688.5
1724883300000,58999.6,59050.0,58858.5,58880.2,47519.5
1724884200000,58880.2,59042.2,58834.2,58918.2,43491.4
1724885100000,58918.1,59199.0,58898.4,59198.9,37532.2
1724886000000,59198.9,59199.0,59090.4,59090.5,35930.0
1724886900000,59090.5,59136.6,59004.9,59086.0,29404.5
1724887800000,59085.6,59190.9,59042.8,59177.7,37234.1
1724888700000,59177.3,59200.0,58983.8,59040.2,42695.8
1724889600000,59040.1,59178.4,59011.5,59169.2,53495.4
1724890500000,59169.1,59253.8,59042.0,59072.3,57358.8
1724891400000,59072.4,59177.0,58920.1,59127.8,78256.0
1724892300000,59127.9,59226.0,59050.0,59210.8,37038.6
1724893200000,59210.1,59331.6,59099.8,59099.8,73004.5
1724894100000,59099.8,59105.1,58950.0,58994.0,56388.6
1724895000000,58994.0,59080.0,58923.5,59013.9,53997.3
1724895900000,59013.9,59043.9,58866.7,58994.5,38344.1
1724896800000,58994.5,59149.0,58940.8,59144.0,46097.4
1724897700000,59143.9,59194.4,59091.0,59126.8,35941.9
1724898600000,59126.7,59157.9,58921.2,59153.6,54978.3
1724899500000,59153.5,59185.0,59087.0,59130.6,30241.5
1724900400000,59130.7,59188.0,59058.2,59086.9,34749.3
1724901300000,59086.8,59122.7,59013.6,59107.4,25591.1
1724902200000,59107.4,59179.2,59107.4,59146.0,22424.7
1724903100000,59146.1,59172.8,59110.4,59146.8,16721.8
1724904000000,59146.9,59180.0,59098.2,59110.9,26020.2
1724904900000,59110.9,59200.0,59072.5,59194.0,34982.0
1724905800000,59193.9,59214.8,59060.3,59189.9,25564.8
1724906700000,59190.0,59211.9,59144.2,59197.7,23595.8
1724907600000,59197.7,59221.3,59136.6,59198.0,42381.5
1724908500000,59198.1,59374.8,59198.0,59336.0,107087.2
1724909400000,59335.9,59413.7,59257.5,59392.3,68592.3
1724910300000,59392.2,59459.0,59353.1,59431.6,46111.3
1724911200000,59431.7,59553.0,59384.6,59421.6,88172.9
1724912100000,59421.7,59587.6,59365.0,59487.9,77262.5
1724913000000,59487.9,59757.2,59487.8,59652.0,159662.2
1724913900000,59652.3,59687.8,59550.0,59566.8,55427.3
1724914800000,59566.7,59688.0,59566.7,59598.8,43776.7
1724915700000,59598.8,59641.6,59491.9,59550.0,41543.5
1724916600000,59550.0,59680.1,59550.0,59615.8,39655.6
1724917500000,59615.8,59646.4,59562.2,59571.3,28104.1
1724918400000,59571.3,59628.2,59439.5,59464.8,62878.6
1724919300000,59464.8,59569.7,59359.6,59478.1,78985.1
1724920200000,59478.1,59518.4,59398.3,59491.9,34677.7
1724921100000,59491.9,59557.9,59437.1,59548.0,48926.0
1724922000000,59549.9,59714.0,59544.1,59640.1,123447.1
1724922900000,59640.0,59748.2,59580.6,59740.0,39524.0
1724923800000,59739.9,59773.1,59665.4,59699.0,53015.1
1724924700000,59699.0,59734.3,59555.0,59577.6,77908.1
1724925600000,59577.6,59836.1,59570.0,59791.8,109619.8
1724926500000,59791.9,59849.0,59700.0,59728.2,58329.8
1724927400000,59728.2,59776.0,59592.0,59701.1,85054.2
1724928300000,59701.0,59705.2,59640.0,59673.1,28784.8
1724929200000,59673.1,59826.4,59607.2,59826.4,50684.3
1724930100000,59826.3,60056.0,59771.2,59950.1,250790.4
1724931000000,59950.0,60188.0,59949.1,60155.2,184882.0
1724931900000,60155.1,60478.0,60058.0,60058.6,432185.4
1724932800000,60058.6,60187.4,59971.4,60080.0,125396.1
1724933700000,60080.1,60280.0,60041.5,60234.1,93219.7
1724934600000,60234.0,60500.0,60087.0,60385.9,280004.6
1724935500000,60385.9,60408.2,60230.9,60324.0,97464.9
1724936400000,60323.9,60450.0,60283.2,60411.1,87790.0
1724937300000,60411.0,60413.3,60184.7,60270.3,92744.8
1724938200000,60270.3,60580.0,60191.0,60289.9,238222.3
1724939100000,60290.0,60697.8,60290.0,60628.4,308439.4
1724940000000,60628.4,60849.0,60560.1,60767.9,274345.5
1724940900000,60766.8,60810.4,60450.1,60647.1,224503.1
1724941800000,60647.5,60911.0,60555.0,60883.9,186956.7
1724942700000,60883.9,60950.0,60720.3,60811.4,154872.4
1724943600000,60811.4,61048.9,60785.1,60900.9,221481.4
1724944500000,60901.0,61079.8,60810.0,61019.9,187278.5
1724945400000,61019.9,61169.9,60888.0,60888.1,217673.6
1724946300000,60888.1,61025.0,60722.0,60779.9,165419.2
1724947200000,60779.9,60960.0,60767.2,60918.0,86439.2
1724948100000,60918.0,60943.6,60608.0,60615.2,150331.8
1724949000000,60615.2,60647.5,60450.8,60480.0,182964.7
1724949900000,60480.1,60488.9,60220.1,60294.4,291882.4
1724950800000,60294.5,60390.0,60173.5,60225.0,149590.9
1724951700000,60224.9,60450.0,60222.0,60360.4,91807.9
1724952600000,60360.4,60586.5,60355.1,60586.5,109117.5
1724953500000,60586.4,60586.4,60380.0,60532.0,66426.7
1724954400000,60533.8,60550.0,59925.0,60000.1,250533.1
1724955300000,60000.0,60000.7,59520.0,59626.5,410290.4
1724956200000,59626.0,59755.9,59168.0,59237.0,355763.0
1724957100000,59236.9,59290.8,58906.8,59159.8,366993.0
1724958000000,59159.9,59340.0,58937.0,59137.2,248107.5
1724958900000,59136.1,59498.6,59136.1,59469.5,136646.3
1724959800000,59469.6,59713.9,59319.9,59559.4,177183.6
1724960700000,59559.4,59645.1,59167.2,59268.1,182381.8
1724961600000,59268.0,59523.1,59240.1,59430.0,117871.9
1724962500000,59430.0,59504.7,59230.8,59352.2,63214.3
1724963400000,59352.3,59449.9,59337.9,59385.9,38202.6
1724964300000,59385.9,59526.9,59279.5,59526.9,47740.5
1724965200000,59526.8,59640.5,59443.8,59470.6,75500.0
1724966100000,59470.7,59530.0,59422.2,59483.1,25246.2
1724967000000,59483.0,59592.7,59432.1,59566.6,26629.0
1724967900000,59566.5,59569.9,59492.4,59496.7,28089.0
1724968800000,59496.8,59496.8,58702.3,59110.9,336848.6
1724969700000,59111.9,59339.8,59082.5,59189.9,104607.0
1724970600000,59190.0,59310.0,59111.5,59284.0,60515.1
1724971500000,59284.0,59313.2,59170.1,59213.5,37022.7
1724972400000,59213.4,59358.7,59138.4,59357.0,49846.3
1724973300000,59356.9,59373.9,59230.1,59306.4,31591.8
1724974200000,59306.7,59363.8,59279.7,59358.8,32341.4
1724975100000,59358.9,59398.0,59322.9,59350.1,26744.5
1724976000000,59350.0,59368.1,59168.8,59200.0,56392.7
1724976900000,59200.1,59347.5,59116.3,59327.0,60889.4
1724977800000,59327.0,59491.0,59281.9,59292.0,94247.9
1724978700000,59292.0,59354.9,59200.0,59210.1,51132.2
1724979600000,59210.1,59298.3,59174.5,59204.1,43238.8
1724980500000,59204.1,59271.2,59011.0,59074.7,130847.5
1724981400000,59074.7,59240.8,58909.3,59194.1,127318.4
1724982300000,59194.2,59311.1,59159.6,59226.0,41122.8
1724983200000,59226.1,59346.0,59172.0,59283.5,48966.8
1724984100000,59283.5,59307.0,59056.2,59202.7,56656.2
1724985000000,59202.6,59244.0,59138.2,59168.0,28343.4
1724985900000,59168.0,59220.0,59080.6,59210.0,32264.4
1724986800000,59210.0,59219.7,58901.0,58929.9,110579.9
1724987700000,58930.0,59079.5,58926.9,59010.3,60198.2
1724988600000,59010.3,59047.0,58914.0,59005.7,52345.5
1724989500000,59005.6,59120.0,58999.5,59038.7,50354.3
1724990400000,59038.8,59120.0,59025.0,59103.6,30479.6
1724991300000,59103.6,59168.0,59038.7,59048.5,46849.8
1724992200000,59048.6,59129.7,59030.0,59067.0,33143.8
1724993100000,59067.9,59073.3,59011.0,59018.1,26499.4
1724994000000,59018.1,59034.6,58800.5,58880.2,106715.9
1724994900000,58880.3,58911.6,58654.8,58773.8,182164.3
1724995800000,58773.9,58931.9,58730.9,58867.3,62957.4
1724996700000,58867.3,58924.9,58766.7,58791.6,45184.2
1724997600000,58791.6,58962.0,58708.1,58940.6,111311.7
1724998500000,58940.6,58985.0,58903.0,58952.2,37680.2
1724999400000,58952.1,59310.0,58913.9,59281.8,136590.4
1725000300000,59281.8,59377.7,59185.9,59362.1,128105.8
1725001200000,59362.0,59446.0,59259.1,59419.8,108403.9
1725002100000,59419.8,59586.9,59379.3,59555.0,137861.1
1725003000000,59555.0,59576.9,59382.0,59384.4,98912.7
1725003900000,59384.4,59431.0,59225.0,59268.3,116306.4
1725004800000,59268.3,59396.4,59268.2,59389.7,63852.9
1725005700000,59389.7,59486.9,59353.5,59443.2,58792.2
1725006600000,59443.2,59578.7,59284.3,59461.8,139268.8
1725007500000,59461.7,59461.7,59387.5,59447.8,32630.0
1725008400000,59447.9,59577.0,59411.2,59559.9,74346.6
1725009300000,59560.0,59648.0,59500.0,59531.0,104660.6
1725010200000,59531.0,59625.0,59453.5,59622.0,75900.8
1725011100000,59622.0,59655.0,59525.5,59577.6,65395.7
1725012000000,59577.7,59630.0,59471.6,59596.0,58319.6
1725012900000,59596.0,59671.1,59545.0,59566.1,53620.4
1725013800000,59566.1,59632.7,59420.1,59523.0,74119.6
1725014700000,59523.1,59600.0,59479.2,59575.7,28425.7
1725015600000,59575.8,59643.6,59456.5,59458.2,38537.9
1725016500000,59459.7,59577.6,59410.8,59527.1,65468.9
1725017400000,59527.2,59552.2,59345.3,59382.9,71234.6
1725018300000,59383.0,59495.2,59320.0,59400.2,98367.9
1725019200000,59400.2,59545.7,59370.2,59545.7,75169.6
1725020100000,59545.7,59674.1,59416.0,59557.6,104930.6
1725021000000,59557.6,59951.0,59427.4,59688.1,401465.4
1725021900000,59688.0,59768.0,59500.0,59538.9,127332.3
1725022800000,59538.8,59542.0,59387.3,59524.7,105721.5
1725023700000,59524.7,59616.9,59475.1,59577.8,67933.8
1725024600000,59578.1,59645.0,59454.1,59464.0,109398.5
1725025500000,59463.9,59684.2,58900.8,59661.4,513713.1
1725026400000,59661.5,59849.2,59268.8,59320.2,358576.8
1725027300000,59320.2,59350.0,59030.7,59290.5,265593.4
1725028200000,59290.5,59347.3,58812.0,58868.0,247997.3
1725029100000,58868.1,58994.0,58428.0,58465.8,605252.9
1725030000000,58465.8,58680.0,58050.0,58599.9,651991.2
1725030900000,58600.0,58622.0,58012.0,58103.7,389041.8
1725031800000,58103.8,58297.7,57924.0,58210.7,481725.2
1725032700000,58210.8,58326.0,57988.0,58094.0,250842.0
1725033600000,58095.9,58370.0,58012.0,58337.9,221690.3
1725034500000,58337.9,58449.0,57660.1,58098.0,518885.6
1725035400000,58098.1,58192.5,57908.4,58170.0,165339.3
1725036300000,58170.1,58611.3,58142.3,58554.1,304719.0
1725037200000,58554.0,58650.0,58402.7,58534.0,226069.6
1725038100000,58534.0,58624.0,58414.9,58527.9,104685.9
1725039000000,58527.9,58618.0,58400.8,58524.0,83186.1
1725039900000,58523.9,58819.2,58506.0,58635.7,187252.3
1725040800000,58635.8,58797.9,58622.1,58774.2,94322.7
1725041700000,58774.2,59100.0,58740.0,59100.0,244853.3
1725042600000,59099.9,59319.2,58875.8,59237.2,381451.3
1725043500000,59237.1,59383.0,59166.0,59380.8,171103.7
1725044400000,59380.7,59380.7,58923.1,58956.9,182916.8
1725045300000,58956.9,59107.2,58914.1,59000.7,54970.0
1725046200000,59000.7,59016.9,58728.7,58744.2,106272.1
1725047100000,58744.1,58986.5,58702.0,58702.1,93692.6
1725048000000,58702.0,58881.3,58702.0,58830.0,54211.2
1725048900000,58830.1,58920.3,58799.0,58869.1,34442.7
1725049800000,58869.1,58983.8,58810.0,58816.1,40791.1
1725050700000,58816.1,59049.3,58816.1,59048.7,33736.3
1725051600000,59048.6,59157.0,58969.2,59100.0,55356.8
1725052500000,59100.0,59120.0,58972.5,59050.0,25793.1
1725053400000,59050.0,59129.4,58994.9,59005.1,29439.9
1725054300000,59005.2,59067.7,58991.8,59059.9,12365.9
1725055200000,59060.0,59259.8,59044.1,59219.9,70115.6
1725056100000,59220.0,59254.9,59129.2,59156.9,20292.4
1725057000000,59156.9,59179.4,59095.9,59162.1,19520.0
1725057900000,59164.8,59296.0,59135.2,59229.7,54672.0
1725058800000,59229.7,59279.4,59150.0,59161.3,21203.7
1725059700000,59161.3,59221.8,59145.0,59221.7,15673.2
1725060600000,59221.7,59222.0,59080.3,59115.1,40155.4
1725061500000,59115.0,59166.7,59093.2,59127.3,17344.1
1725062400000,59127.4,59174.6,59055.6,59127.7,31147.6
1725063300000,59127.7,59357.2,59114.0,59352.3,74180.0
1725064200000,59352.3,59478.0,59263.4,59309.9,109701.8
1725065100000,59309.9,59395.0,59223.2,59241.2,40827.5
1725066000000,59241.2,59346.0,59178.4,59306.6,40614.3
1725066900000,59306.6,59318.6,59216.7,59277.9,25573.8
1725067800000,59278.0,59332.0,59272.1,59304.5,22119.0
1725068700000,59304.4,59304.4,59245.0,59280.5,10913.9
1725069600000,59280.5,59299.9,59179.1,59235.3,25260.4
1725070500000,59235.4,59239.0,59140.0,59180.0,24706.6
1725071400000,59180.0,59188.1,59154.1,59154.1,23901.1
1725072300000,59155.0,59203.7,59150.0,59203.7,14247.9
1725073200000,59203.7,59220.0,59133.0,59133.0,23749.4
1725074100000,59133.1,59198.5,59133.0,59195.4,21035.6
1725075000000,59195.4,59257.6,59195.4,59257.6,25586.4
1725075900000,59257.6,59258.0,59228.0,59232.7,14355.0
1725076800000,59232.6,59266.0,59217.4,59235.7,17359.6
1725077700000,59235.8,59291.7,59235.8,59281.9,12206.7
1725078600000,59282.0,59327.9,59241.8,59291.9,48477.1
1725079500000,59291.9,59350.0,59289.0,59349.4,18825.8
1725080400000,59349.4,59349.5,59289.2,59300.3,25252.9
1725081300000,59300.3,59300.4,59240.1,59246.2,19249.7
1725082200000,59246.3,59310.4,59245.0,59284.1,13532.0
1725083100000,59284.0,59300.0,59209.0,59209.7,24100.3
1725084000000,59209.8,59223.5,59191.0,59200.0,25225.6
1725084900000,59200.1,59255.0,59200.1,59247.0,10297.3
1725085800000,59247.0,59265.1,59210.3,59210.3,16406.7
1725086700000,59210.4,59219.6,59150.4,59156.0,29589.5
1725087600000,59156.0,59193.3,59136.6,59155.2,20158.5
1725088500000,59155.3,59155.3,59069.3,59069.3,47218.8
1725089400000,59069.3,59178.9,59066.0,59153.3,43118.6
1725090300000,59153.2,59180.0,59090.0,59091.1,19804.7
1725091200000,59091.1,59135.6,59091.0,59103.8,20639.5
1725092100000,59103.8,59120.9,59061.4,59091.0,22895.1
1725093000000,59091.0,59129.4,59077.9,59080.1,18740.2
1725093900000,59080.1,59094.8,58972.6,58976.4,100737.8
1725094800000,58976.4,59029.3,58850.2,58874.6,114830.3
1725095700000,58874.7,58940.8,58824.6,58940.8,48431.2
1725096600000,58940.7,59008.2,58881.9,58896.0,53352.9
1725097500000,58895.9,58961.3,58881.6,58910.6,33413.1
1725098400000,58910.6,59008.3,58872.3,59004.2,30349.9
1725099300000,59004.2,59070.0,58989.9,59030.1,36610.6
1725100200000,59030.1,59052.7,59020.0,59020.0,21960.0
1725101100000,59020.0,59169.0,59020.0,59132.2,74445.8
1725102000000,59132.1,59147.9,59102.0,59120.4,22680.0
1725102900000,59120.3,59190.0,59120.3,59129.9,43592.6
1725103800000,59129.1,59166.8,59097.4,59142.9,25446.5
1725104700000,59142.8,59165.2,59112.4,59124.7,12553.8
1725105600000,59125.0,59125.0,59064.7,59088.5,36159.7
1725106500000,59088.5,59178.8,59086.6,59125.4,37516.1
1725107400000,59125.5,59231.1,59101.1,59203.3,57227.2
1725108300000,59203.3,59259.0,59180.5,59180.6,47187.6
1725109200000,59180.5,59258.0,59180.0,59195.8,36234.3
1725110100000,59195.8,59230.0,59180.2,59187.9,40115.5
1725111000000,59187.9,59228.3,59161.7,59171.3,25751.3
1725111900000,59171.3,59188.0,58926.1,58951.9,147161.1
1725112800000,58950.1,59117.7,58880.2,59086.6,96398.0
1725113700000,59086.6,59119.1,59020.0,59094.0,31846.1
1725114600000,59093.9,59169.8,59076.0,59100.0,44744.6
1725115500000,59099.9,59153.7,59018.9,59130.8,51364.5
1725116400000,59130.9,59156.6,59116.6,59116.6,23388.5
1725117300000,59116.7,59121.2,58963.8,58995.4,54262.5
1725118200000,58995.4,59057.3,58966.0,59041.6,39263.3
1725119100000,59041.5,59041.5,58972.4,59017.9,27245.4
1725120000000,59017.9,59029.6,58946.6,58955.1,33197.6
1725120900000,58955.1,59000.0,58948.0,58983.4,15749.8
1725121800000,58983.4,59048.0,58964.0,58964.0,23328.0
1725122700000,58964.1,59056.9,58851.1,58971.8,81005.7
1725123600000,58971.9,58981.9,58868.3,58870.1,55071.3
1725124500000,58870.0,58944.0,58836.5,58938.0,37827.5
1725125400000,58938.0,58939.8,58883.4,58909.6,21874.8
1725126300000,58909.5,59045.7,58735.2,59008.7,113804.4
1725127200000,59008.7,59159.9,58970.2,59066.9,112482.4
1725128100000,59067.0,59101.0,59005.0,59089.3,22544.4
1725129000000,59089.3,59142.6,58982.0,58984.0,57701.4
1725129900000,58984.0,59007.0,58855.5,58924.4,69634.0
1725130800000,58924.3,58941.2,58845.0,58939.6,31276.5
1725131700000,58939.6,58955.0,58890.0,58899.1,24929.6
1725132600000,58899.1,58920.9,58820.0,58851.9,27517.6
1725133500000,58851.9,58876.7,58831.8,58866.5,9121.8
1725134400000,58866.4,58880.2,58784.0,58852.4,26307.0
1725135300000,58852.4,58926.5,58833.4,58851.0,19604.8
1725136200000,58851.0,58955.0,58850.0,58945.1,15580.9
1725137100000,58945.1,58981.0,58935.0,58956.1,20649.6
1725138000000,58956.2,58987.7,58936.0,58937.6,17096.2
1725138900000,58937.7,58997.4,58920.1,58987.9,24815.2
1725139800000,58986.8,59068.5,58986.8,59060.0,19066.4
1725140700000,59060.0,59148.5,59046.1,59055.7,34440.4
1725141600000,59055.6,59140.5,59040.0,59134.1,19501.8
1725142500000,59134.1,59134.1,59026.1,59041.9,16474.2
1725143400000,59040.5,59071.2,59023.3,59037.2,8181.5
1725144300000,59038.0,59038.0,58999.9,59025.7,14909.5
1725145200000,59025.8,59065.7,58958.0,58960.1,13093.5
1725146100000,58960.1,58999.8,58930.0,58970.5,18274.1
1725147000000,58970.4,58981.0,58932.2,58954.1,11339.6
1725147900000,58954.1,58991.1,58954.1,58977.2,7504.3
1725148800000,58975.7,59070.4,58964.0,59049.0,21702.0
1725149700000,59049.1,59085.9,58914.6,58969.4,26552.8
1725150600000,58969.3,59030.7,58915.0,58920.7,28997.5
1725151500000,58920.6,58985.5,58920.6,58940.0,16099.5
1725152400000,58939.9,58953.5,58891.2,58891.2,20734.8
1725153300000,58891.3,58973.7,58860.0,58934.2,27211.7
1725154200000,58934.2,58961.0,58856.9,58897.9,25499.7
1725155100000,58897.8,58912.0,58830.0,58831.9,31385.5
1725156000000,58832.0,58896.5,58535.0,58618.2,229964.9
1725156900000,58618.1,58695.2,58264.0,58322.4,247298.4
1725157800000,58322.4,58558.5,58266.9,58479.4,138103.9
1725158700000,58476.4,58548.0,58426.8,58548.0,59263.4
1725159600000,58548.0,58663.1,58400.0,58621.6,108125.4
1725160500000,58621.5,58676.0,58550.0,58640.0,58110.8
1725161400000,58640.0,58667.5,58572.0,58577.6,24949.8
1725162300000,58577.7,58611.0,58488.0,58529.5,35671.6
1725163200000,58529.6,58550.0,58380.0,58515.5,74284.7
1725164100000,58515.4,58557.0,58410.1,58544.8,34735.8
1725165000000,58544.8,58608.6,58540.0,58544.8,27545.7
1725165900000,58544.8,58544.8,58364.3,58445.6,70148.0
1725166800000,58445.6,58473.2,58200.1,58320.4,132533.5
1725167700000,58320.4,58382.7,57831.0,58036.2,442654.2
1725168600000,58036.3,58083.0,57766.7,57986.0,243198.4
1725169500000,57986.0,58074.3,57881.5,57978.0,139912.8
1725170400000,57978.0,58213.3,57940.2,58164.6,116491.6
1725171300000,58164.7,58181.3,58101.7,58177.5,53425.8
1725172200000,58177.4,58247.2,58101.3,58242.1,64840.3
1725173100000,58238.2,58296.0,58151.5,58191.1,76228.1
1725174000000,58190.8,58261.9,58124.0,58194.9,53556.3
1725174900000,58195.0,58213.7,58125.0,58131.4,28507.1
1725175800000,58131.3,58267.2,58131.3,58267.2,33101.5
1725176700000,58267.1,58500.0,58250.6,58477.0,165710.4
1725177600000,58477.0,58508.0,58364.3,58368.0,58850.8
1725178500000,58368.0,58398.7,58290.0,58320.7,51501.4
1725179400000,58320.8,58332.7,58205.7,58242.0,57070.5
1725180300000,58242.0,58272.7,58195.6,58239.8,26738.1
1725181200000,58239.9,58239.9,58133.2,58190.0,33689.5
1725182100000,58190.0,58310.0,58190.0,58286.7,44717.8
1725183000000,58286.8,58410.0,58271.5,58334.2,94447.1
1725183900000,58334.3,58356.0,58200.0,58201.4,52985.9
1725184800000,58201.3,58218.9,58000.0,58012.9,147044.1
1725185700000,58013.0,58091.7,57931.7,57996.0,101794.2
1725186600000,57996.1,58053.2,57933.6,58051.1,89079.7
1725187500000,58051.1,58069.5,57890.8,57930.4,55720.3
1725188400000,57930.5,58013.9,57830.0,57988.5,87906.9
1725189300000,57988.5,58073.5,57866.9,58047.0,81408.8
1725190200000,58046.9,58074.0,58000.0,58043.8,40097.7
1725191100000,58043.9,58241.7,58039.0,58238.1,84326.4
1725192000000,58238.1,58320.0,58178.5,58231.3,106384.0
1725192900000,58231.3,58231.3,58030.3,58072.6,76955.2
1725193800000,58072.6,58154.4,57915.0,57970.1,78968.8
1725194700000,57970.0,58029.9,57920.0,58024.5,50665.1
1725195600000,58024.5,58135.3,58004.4,58095.3,37484.8
1725196500000,58095.3,58095.3,57907.8,57956.8,63237.8
1725197400000,57956.8,58012.0,57800.0,57830.1,107975.9
1725198300000,57830.1,58218.0,57714.1,58172.0,293168.6
1725199200000,58172.0,58178.5,57150.1,57499.4,634890.3
1725200100000,57499.4,58038.5,57462.0,57744.6,484352.9
1725201000000,57744.6,58058.0,57735.0,57953.2,182401.9
1725201900000,57953.2,58123.0,57813.9,57881.2,118461.3
1725202800000,57881.3,58056.0,57816.0,57952.0,61792.1
1725203700000,57951.9,57989.7,57855.0,57855.0,62200.2
1725204600000,57855.0,58080.0,57739.6,58071.9,132943.3
1725205500000,58072.0,58378.0,58059.4,58220.1,247709.8
1725206400000,58220.0,58363.5,58171.9,58354.4,92143.3
1725207300000,58354.5,58355.0,58100.0,58105.0,121813.0
1725208200000,58105.1,58223.0,58100.0,58138.0,112350.3
1725209100000,58140.0,58228.4,58100.0,58133.2,76678.2
1725210000000,58133.2,58207.7,58120.0,58162.0,17341.8
1725210900000,58162.1,58179.1,57866.3,57923.9,182172.9
1725211800000,57923.9,58033.1,57885.0,58031.0,59956.3
1725212700000,58030.9,58148.1,57966.4,58128.1,75631.4
1725213600000,58128.1,58271.9,58121.1,58196.1,55477.9
1725214500000,58196.4,58800.0,58193.3,58547.8,325654.4
1725215400000,58547.8,58633.7,58335.0,58469.1,154768.5
1725216300000,58469.1,58613.9,58462.0,58540.0,54889.4
1725217200000,58540.1,58791.1,58521.7,58521.7,115374.2
1725218100000,58521.2,58568.5,58370.0,58378.0,52378.6
1725219000000,58378.1,58466.1,58289.5,58300.1,46969.5
1725219900000,58300.1,58554.0,58300.0,58516.1,66177.3
1725220800000,58516.0,58626.4,58495.7,58580.0,56053.2
1725221700000,58580.0,58662.8,58508.0,58613.7,32125.7
1725222600000,58613.7,58629.4,58417.6,58477.2,28391.2
1725223500000,58477.2,58477.2,58381.3,58430.1,26417.8
1725224400000,58430.2,58440.0,58304.3,58306.9,34541.3
1725225300000,58307.0,58349.6,58127.1,58180.1,56995.6
1725226200000,58179.9,58271.0,58080.2,58263.3,41775.7
1725227100000,58263.3,58388.0,58209.3,58353.0,22850.3
1725228000000,58353.1,58424.0,58045.2,58082.1,76788.2
1725228900000,58082.0,58082.0,57329.0,57516.1,342446.7
1725229800000,57516.2,57555.0,57256.5,57552.1,239860.0
1725230700000,57552.1,57770.7,57225.0,57307.9,223051.7
1725231600000,57307.8,57600.0,57204.7,57293.8,221544.8
1725232500000,57294.3,57463.4,57188.0,57362.3,220148.3
1725233400000,57362.3,57500.0,57266.1,57335.0,112602.1
1725234300000,57334.9,57423.9,57233.0,57290.8,77665.8
1725235200000,57290.7,57446.5,57249.9,57435.1,134139.3
1725236100000,57435.1,57544.1,57311.7,57522.9,118316.3
1725237000000,57522.9,57650.0,57329.1,57338.1,161872.4
1725237900000,57338.0,57484.8,57111.0,57469.9,222481.8
1725238800000,57469.9,57498.0,57230.5,57429.9,102935.8
1725239700000,57429.9,57575.7,57305.1,57430.1,113467.4
1725240600000,57430.0,57538.5,57280.0,57321.9,77487.5
1725241500000,57325.9,57430.2,57265.0,57412.2,83829.2
1725242400000,57412.3,57719.8,57356.6,57554.0,157247.5
1725243300000,57554.0,57694.2,57480.0,57480.0,75414.0
1725244200000,57480.0,57482.3,57280.0,57366.7,108352.6
1725245100000,57366.7,57535.5,57333.0,57494.1,57363.4
1725246000000,57494.2,57710.0,57486.0,57657.2,122063.0
1725246900000,57657.1,57750.0,57593.7,57620.8,63062.0
1725247800000,57620.8,57712.4,57480.0,57549.9,65846.4
1725248700000,57550.0,57775.5,57512.6,57732.4,82085.4
1725249600000,57732.4,57769.6,57593.5,57673.9,67385.2
1725250500000,57673.8,57692.7,57626.0,57663.7,32912.9
1725251400000,57663.7,57671.6,57500.0,57508.5,43280.8
1725252300000,57508.6,57571.8,57450.9,57460.0,59748.1
1725253200000,57460.1,57549.0,57449.2,57535.3,34051.6
1725254100000,57535.2,57699.4,57516.6,57695.7,54944.6
1725255000000,57695.6,57890.0,57610.0,57811.8,132027.8
1725255900000,57811.9,57988.0,57767.1,57783.4,138500.1
1725256800000,57782.0,57888.0,57666.7,57736.4,95517.4
1725257700000,57736.4,57822.0,57720.0,57745.1,46857.5
1725258600000,57745.1,57794.3,57732.2,57746.5,23948.8
1725259500000,57746.6,57773.4,57670.2,57691.9,41904.0
1725260400000,57691.9,57798.2,57661.8,57752.9,36846.1
1725261300000,57752.9,57752.9,57500.0,57529.3,91553.2
1725262200000,57529.2,57605.0,57355.1,57464.7,112045.4
1725263100000,57464.7,57575.3,57390.0,57548.9,60714.8
1725264000000,57549.0,57845.3,57511.6,57833.3,104974.2
1725264900000,57833.3,58172.8,57732.7,58160.0,372480.4
1725265800000,58160.0,58333.0,58107.8,58142.9,261959.2
1725266700000,58142.8,58256.0,58041.2,58055.0,116268.0
1725267600000,58055.0,58149.4,57985.2,58000.0,99472.8
1725268500000,58000.0,58035.4,57901.0,57989.2,76561.2
1725269400000,57989.3,58110.5,57922.0,58062.0,68105.9
1725270300000,58059.1,58470.0,58042.1,58410.0,317546.5
1725271200000,58410.0,58520.0,58289.0,58368.9,165782.5
1725272100000,58368.9,58588.0,58327.0,58535.1,180981.4
1725273000000,58535.1,58598.7,58386.2,58446.5,97654.1
1725273900000,58446.5,58507.0,58358.0,58500.4,60830.2
1725274800000,58500.3,58500.9,58343.1,58410.5,48086.2
1725275700000,58410.4,58666.0,58365.7,58662.9,198565.3
1725276600000,58662.8,58666.0,58454.6,58485.2,90143.5
1725277500000,58485.1,58520.0,58388.0,58428.9,50631.0
1725278400000,58428.9,58525.9,58238.9,58323.7,107108.1
1725279300000,58323.8,58438.4,58323.7,58406.5,35681.4
1725280200000,58406.6,58416.1,58269.4,58271.9,60310.4
1725281100000,58271.9,58435.4,58263.0,58387.3,56585.0
1725282000000,58386.8,58445.1,58290.6,58414.0,48272.5
1725282900000,58414.0,58495.0,58236.4,58275.0,74407.8
1725283800000,58274.9,58330.3,58160.0,58246.0,116867.7
1725284700000,58246.0,58304.3,58178.0,58182.6,52430.6
1725285600000,58182.6,58292.0,58106.1,58143.3,146632.4
1725286500000,58143.4,58450.0,58118.0,58422.0,114004.6
1725287400000,58422.0,58844.0,58420.0,58603.8,408625.5
1725288300000,58603.8,58788.0,58595.0,58608.4,110709.0
1725289200000,58608.4,58731.0,58486.7,58623.9,113348.5
1725290100000,58623.8,58699.0,58542.9,58549.9,48065.6
1725291000000,58550.0,58741.0,58542.0,58656.0,60721.5
1725291900000,58655.9,58684.6,58518.0,58539.4,56855.4
1725292800000,58539.5,58660.0,58518.8,58650.8,70153.0
1725293700000,58650.8,58657.0,58437.4,58456.0,67323.7
1725294600000,58456.0,58518.1,58327.0,58410.2,81778.8
1725295500000,58410.2,58424.0,58288.7,58341.7,57889.5
1725296400000,58341.7,58489.8,58335.6,58378.9,66052.7
1725297300000,58378.9,58456.0,58289.9,58456.0,36589.6
1725298200000,58456.0,58524.4,58382.4,58417.3,46182.2
1725299100000,58417.2,58566.0,58416.1,58518.7,34212.7
1725300000000,58518.7,58671.2,58457.0,58586.1,57756.7
1725300900000,58586.0,58612.0,58465.9,58528.8,33996.0
1725301800000,58528.8,58564.0,58450.0,58459.3,24824.5
1725302700000,58459.2,58506.0,58318.8,58491.4,50874.2
1725303600000,58491.4,58560.7,58394.8,58502.8,21690.6
1725304500000,58502.8,58528.0,58470.0,58525.0,12916.4
1725305400000,58525.0,58543.6,58400.0,58448.9,21332.5
1725306300000,58448.8,58476.5,58412.6,58447.4,12283.0
1725307200000,58447.4,58557.9,58384.6,58534.6,34948.2
1725308100000,58534.7,58578.8,58513.0,58513.1,21777.0
1725309000000,58513.0,58666.1,58500.0,58606.9,49853.9
1725309900000,58606.9,59260.0,58586.5,58988.9,386741.3
1725310800000,58988.8,59287.6,58983.4,59231.1,177797.1
1725311700000,59231.1,59290.0,59131.9,59279.6,90373.0
1725312600000,59279.7,59283.4,59013.3,59100.1,75546.7
1725313500000,59100.0,59141.0,58878.4,59037.0,59375.4
1725314400000,59037.1,59176.3,58999.5,59082.0,76812.9
1725315300000,59082.0,59226.0,59039.2,59220.0,78881.9
1725316200000,59220.0,59272.4,59111.6,59252.2,82456.5
1725317100000,59252.2,59377.0,59213.0,59354.3,112160.0
1725318000000,59354.3,59440.8,59240.0,59256.8,120309.5
1725318900000,59256.8,59300.0,59077.1,59094.0,69317.3
1725319800000,59094.0,59200.0,59089.3,59174.9,62749.6
1725320700000,59174.8,59186.0,59092.1,59146.9,65523.7
1725321600000,59146.9,59167.0,59066.0,59112.1,46875.3
1725322500000,59112.2,59160.1,59010.0,59138.0,65360.0
1725323400000,59138.0,59194.4,59050.0,59143.0,54761.5
1725324300000,59142.9,59265.0,59126.5,59265.0,53462.0
1725325200000,59265.0,59416.0,59223.6,59271.3,118049.2
1725326100000,59271.2,59337.6,59201.4,59263.7,75423.8
1725327000000,59263.7,59300.0,59197.2,59221.5,43292.1
1725327900000,59221.4,59409.9,59195.3,59392.0,76692.9
1725328800000,59391.9,59828.0,59341.3,59768.8,369155.1
1725329700000,59768.8,59820.0,59560.0,59583.9,148518.5
1725330600000,59583.9,59661.5,59415.4,59458.0,140892.2
1725331500000,59458.0,59503.3,59313.4,59320.0,85851.4
1725332400000,59320.1,59342.0,59241.0,59305.6,104128.6
1725333300000,59301.8,59342.0,59128.0,59137.4,108749.1
1725334200000,59137.4,59202.4,59135.0,59160.0,75619.4
1725335100000,59160.0,59188.1,59074.2,59127.9,76713.0
1725336000000,59127.9,59193.0,59069.1,59105.9,93122.9
1725336900000,59106.0,59166.7,59080.5,59139.3,39062.8
1725337800000,59139.3,59252.8,59120.0,59234.2,80542.2
1725338700000,59234.3,59247.8,59010.7,59105.1,95191.6
1725339600000,59105.1,59249.8,58988.9,59247.4,125519.5
1725340500000,59247.3,59263.1,59193.7,59240.0,40225.2
1725341400000,59239.9,59249.0,59153.6,59163.8,35691.1
1725342300000,59163.8,59211.1,59137.0,59194.5,22652.3
1725343200000,59194.5,59194.5,58919.3,58980.1,186894.6
1725344100000,58980.0,59031.7,58861.6,58982.8,88820.2
1725345000000,58982.8,59039.6,58918.0,58986.5,49484.9
1725345900000,58986.5,58996.1,58880.0,58898.8,43488.5
1725346800000,58898.7,59010.0,58884.0,58930.0,35248.7
1725347700000,58930.0,59008.5,58924.2,58959.0,27617.1
1725348600000,58959.1,59136.0,58959.0,59098.6,70616.2
1725349500000,59098.6,59141.4,59076.9,59108.1,34252.5
1725350400000,59108.1,59149.7,59060.8,59060.8,43758.5
1725351300000,59060.8,59113.9,59012.9,59029.7,70494.1
1725352200000,59029.7,59030.0,58720.0,58784.3,247944.5
1725353100000,58784.3,58871.3,58730.0,58788.0,74763.3
1725354000000,58788.1,58880.0,58780.0,58810.1,56808.4
1725354900000,58810.0,58926.0,58800.0,58866.8,55634.2
1725355800000,58866.9,58963.0,58840.0,58870.0,41437.7
1725356700000,58870.1,58960.0,58855.2,58870.0,31196.6
1725357600000,58870.1,58942.8,58831.8,58933.0,26717.0
1725358500000,58933.0,59198.9,58902.8,59173.8,136551.5
1725359400000,59173.7,59184.0,59032.0,59063.1,82909.7
1725360300000,59063.0,59081.7,58966.0,59079.9,47948.8
1725361200000,59079.9,59109.4,58943.6,59014.2,47505.5
1725362100000,59014.2,59066.3,59014.2,59060.1,22185.0
1725363000000,59060.1,59110.3,59015.0,59017.0,39676.2
1725363900000,59017.0,59093.9,58971.2,59071.7,30275.9
1725364800000,59071.7,59214.3,59058.0,59157.8,77362.7
1725365700000,59157.8,59260.0,59101.6,59219.2,64575.6
1725366600000,59219.2,59385.0,59203.4,59245.3,109830.1
1725367500000,59245.4,59262.7,59131.6,59137.8,74861.7
1725368400000,59137.8,59322.2,59132.0,59301.1,64572.1
1725369300000,59301.2,59301.2,59080.0,59120.1,74814.9
1725370200000,59120.1,59142.8,58501.0,58640.6,635604.7
1725371100000,58640.6,58640.7,58208.0,58395.9,505882.9
1725372000000,58396.0,58396.0,57886.0,57900.1,567481.0
1725372900000,57900.1,58145.0,57763.0,58046.0,495661.7
1725373800000,58045.9,58045.9,57782.4,57890.6,203830.8
1725374700000,57890.5,57930.8,57568.0,57683.4,399968.0
1725375600000,57683.9,57973.0,57630.0,57968.0,242567.3
1725376500000,57968.0,58020.0,57700.0,57787.7,145458.8
1725377400000,57787.8,57905.9,57656.0,57700.3,109675.7
1725378300000,57700.2,57805.0,57636.6,57721.3,118519.6
1725379200000,57721.2,57860.0,57675.8,57829.9,116957.7
1725380100000,57828.0,57930.0,57680.0,57741.1,94985.0
1725381000000,57741.0,57795.7,57658.0,57724.4,82066.8
1725381900000,57725.1,57837.9,57677.0,57698.4,56917.5
1725382800000,57698.2,57795.5,57677.1,57704.0,44518.6
1725383700000,57704.2,58040.0,57688.1,58023.0,111953.7
1725384600000,58023.0,58112.0,57842.0,57901.6,108170.7
1725385500000,57901.7,57989.9,57686.0,57700.1,97425.6
1725386400000,57700.1,57827.7,57576.1,57771.8,150226.3
1725387300000,57771.7,57957.1,57771.7,57896.1,97033.2
1725388200000,57896.1,58067.6,57881.5,58050.0,102717.5
1725389100000,58049.9,58059.0,57910.6,57932.0,56767.0
1725390000000,57931.2,58178.3,57913.3,58147.2,108002.8
1725390900000,58147.2,58258.0,58008.3,58010.6,127002.6
1725391800000,58010.7,58064.7,57862.4,57959.0,108607.0
1725392700000,57958.9,58111.3,57857.0,58051.3,105209.5
1725393600000,58052.9,58197.8,58052.9,58188.0,61554.7
1725394500000,58187.9,58240.0,58132.9,58146.3,35764.2
1725395400000,58146.3,58234.9,58076.1,58131.7,49088.1
1725396300000,58131.8,58244.2,58066.6,58239.2,43415.8
1725397200000,58240.0,58248.2,58142.0,58150.1,28927.1
1725398100000,58150.0,58189.9,57920.1,57996.1,69902.9
1725399000000,57996.0,58085.1,57972.4,58018.0,37280.7
1725399900000,58018.0,58149.0,58015.6,58134.0,28502.8
1725400800000,58134.0,58189.4,57932.0,58005.8,78436.4
1725401700000,58004.4,58079.5,57949.0,57962.5,29878.2
1725402600000,57962.6,57995.6,57884.0,57893.4,48358.7
1725403500000,57893.5,57925.0,57866.7,57872.8,25135.9
1725404400000,57872.9,57913.9,57718.7,57798.7,92040.2
1725405300000,57798.6,57828.4,57650.1,57654.9,66901.3
1725406200000,57654.9,57752.4,57650.0,57752.3,60303.1
1725407100000,57752.4,57752.4,57411.0,57486.1,241493.1
1725408000000,57486.1,57830.0,57466.8,57786.5,130966.5
1725408900000,57786.5,57951.0,57779.5,57808.1,155455.8
1725409800000,57808.2,57929.0,57660.0,57723.9,96729.6
1725410700000,57723.9,57857.2,57066.3,57127.9,546336.2
1725411600000,57128.0,57142.9,55555.9,56189.3,2012304.0
1725412500000,56189.2,56508.5,56032.3,56408.6,354222.4
1725413400000,56408.7,56920.7,56353.9,56792.7,355264.4
1725414300000,56792.8,56915.0,56744.0,56777.7,214632.2
1725415200000,56777.8,56827.8,56520.0,56648.2,186963.5
1725416100000,56648.2,56777.9,56595.1,56608.4,85896.4
1725417000000,56608.7,56748.0,56603.5,56699.9,57377.8
1725417900000,56699.9,56762.3,56630.0,56639.3,61464.5
1725418800000,56639.2,56816.5,56606.0,56757.4,85898.3
1725419700000,56757.4,56820.0,56713.8,56819.9,45354.3
1725420600000,56819.9,56848.0,56714.9,56723.3,86265.3
1725421500000,56723.3,56784.4,56631.1,56665.9,82805.3
1725422400000,56665.9,56709.4,56636.6,56703.9,70698.4
1725423300000,56704.0,56704.0,56555.0,56575.2,63362.5
1725424200000,56575.2,56686.0,56566.0,56660.2,46750.3
1725425100000,56660.1,56733.0,56626.1,56695.7,34491.7
1725426000000,56695.7,56695.8,56559.8,56566.1,47364.6
1725426900000,56566.0,56566.1,56458.5,56505.1,105459.5
1725427800000,56505.0,56518.9,56255.0,56409.9,195620.4
1725428700000,56410.0,56414.3,56166.0,56246.0,133276.8
1725429600000,56246.1,56463.6,56246.0,56298.6,116362.9
1725430500000,56298.6,56536.5,56221.5,56493.7,129353.0
1725431400000,56493.6,56507.0,56352.8,56393.9,77515.5
1725432300000,56394.0,56527.7,56244.0,56277.9,76920.6
1725433200000,56278.0,56565.0,56250.0,56516.2,132769.5
1725434100000,56516.3,56617.7,56475.0,56512.0,87796.5
1725435000000,56514.0,56887.9,56490.8,56845.0,149940.0
1725435900000,56845.1,56876.0,56722.0,56745.6,91579.8
1725436800000,56745.6,56819.0,56660.0,56714.0,73735.7
1725437700000,56714.1,56850.0,56695.0,56847.3,60608.7
1725438600000,56847.3,56900.0,56690.8,56697.2,105410.4
1725439500000,56697.2,56788.0,56697.2,56773.6,34881.0
1725440400000,56773.6,56852.5,56701.6,56729.4,46156.5
1725441300000,56729.4,56753.8,56667.0,56731.9,27658.8
1725442200000,56731.9,56752.8,56638.0,56748.1,43978.4
1725443100000,56748.2,56801.4,56574.0,56600.0,86041.1
1725444000000,56600.0,56670.8,56453.9,56550.1,92776.9
1725444900000,56550.0,56662.0,56441.0,56614.6,93243.8
1725445800000,56614.6,56700.0,56482.3,56518.0,59073.7
1725446700000,56519.2,56563.0,56450.0,56453.5,42961.6
1725447600000,56453.5,56580.0,56452.1,56517.8,32873.8
1725448500000,56518.0,56559.8,56455.3,56527.5,49631.3
1725449400000,56527.4,56684.4,56520.1,56616.2,66150.3
1725450300000,56616.2,56638.9,56552.0,56563.6,39123.1
1725451200000,56562.5,56677.9,56485.5,56499.9,52771.1
1725452100000,56499.9,56640.0,56489.0,56630.0,39295.8
1725453000000,56630.0,56732.5,56508.7,56730.4,74573.4
1725453900000,56730.4,56760.8,56581.6,56598.6,71046.8
1725454800000,56598.7,56636.5,56471.3,56511.0,95105.9
1725455700000,56511.0,56577.9,56460.0,56483.0,70218.9
1725456600000,56483.1,56690.0,56301.4,56410.8,283639.7
1725457500000,56410.9,56538.9,56350.0,56491.9,154077.1
1725458400000,56491.9,56742.1,56170.8,56578.6,564109.1
1725459300000,56578.8,56642.8,56280.0,56452.0,208384.6
1725460200000,56451.9,57100.0,56408.0,57094.0,441296.6
1725461100000,57093.5,57589.3,57040.0,57509.7,724074.2
1725462000000,57509.7,57770.2,57373.1,57466.6,520749.4
1725462900000,57466.7,57537.9,57360.4,57415.0,243708.3
1725463800000,57415.1,57800.0,57363.6,57778.0,333394.6
1725464700000,57778.0,58164.0,57776.0,58132.8,522384.8
1725465600000,58132.7,58455.0,58120.0,58149.2,538067.4
1725466500000,58149.1,58489.1,58141.8,58287.6,264895.3
1725467400000,58287.7,58535.1,58230.0,58252.2,247617.2
1725468300000,58251.0,58531.7,58246.2,58397.9,177438.9
1725469200000,58397.9,58469.5,58256.0,58257.4,107936.9
1725470100000,58257.4,58334.5,57966.3,57966.3,222608.2
1725471000000,57966.3,58039.5,57807.3,57929.9,211932.4
1725471900000,57929.9,58090.7,57828.9,57880.1,105951.7
1725472800000,57880.0,57976.7,57794.2,57942.0,96696.0
1725473700000,57941.9,58000.0,57778.3,57901.9,64927.1
1725474600000,57901.0,57990.7,57658.5,57669.5,107357.8
1725475500000,57669.5,57768.3,57643.5,57686.8,89284.5
1725476400000,57686.9,57859.7,57662.1,57845.8,67508.9
1725477300000,57845.8,57947.4,57733.3,57928.0,51812.6
1725478200000,57927.7,57994.8,57793.9,57967.8,74368.0
1725479100000,57967.2,58174.9,57843.6,58056.0,113746.4
1725480000000,58056.0,58185.0,57999.1,57999.1,75949.8
1725480900000,57999.0,58038.4,57891.9,57924.7,30655.4
1725481800000,57924.7,58054.0,57915.0,58019.0,29425.1
1725482700000,58019.0,58134.9,57830.6,58041.1,122764.2
1725483600000,58041.1,58091.9,57972.4,58004.0,28642.4
1725484500000,58004.0,58057.8,57946.9,58001.3,16839.7
1725485400000,58001.3,58072.3,57986.8,57986.9,24056.7
1725486300000,57986.9,58123.0,57986.8,58099.9,23804.6
1725487200000,58100.0,58400.0,58100.0,58375.9,125336.4
1725488100000,58375.9,58400.0,58074.0,58111.9,50632.3
1725489000000,58111.8,58211.0,58039.1,58067.9,34072.7
1725489900000,58067.9,58175.7,58040.5,58133.0,23695.2
1725490800000,58132.9,58207.6,58117.7,58185.8,32057.7
1725491700000,58185.9,58238.8,58069.8,58085.2,29368.9
1725492600000,58085.3,58128.0,57978.1,58004.0,44590.9
1725493500000,58004.0,58013.3,57888.7,57974.0,50862.4
1725494400000,57973.9,58109.5,57958.5,58099.9,49015.4
1725495300000,58099.9,58330.0,58067.6,58258.2,79105.2
1725496200000,58258.2,58266.1,58076.9,58088.0,44125.6
1725497100000,58088.0,58206.0,58000.0,58008.8,56399.1
1725498000000,58008.8,58076.8,57967.9,58008.0,51898.8
1725498900000,58008.0,58141.9,57955.0,58135.4,42368.7
1725499800000,58135.4,58257.9,58102.9,58149.3,63236.4
1725500700000,58148.9,58194.8,57989.1,58032.8,38658.0
1725501600000,58032.9,58074.1,57751.2,57785.7,120957.2
1725502500000,57785.7,57867.1,57752.0,57843.1,73783.6
1725503400000,57842.9,57873.1,57698.0,57735.1,87892.1
1725504300000,57735.1,57777.7,57656.0,57700.0,66628.5
1725505200000,57700.1,57703.3,57106.0,57208.8,598961.3
1725506100000,57208.8,57260.0,57012.0,57087.6,292519.7
1725507000000,57087.6,57177.5,56905.8,57151.1,296781.4
1725507900000,57151.1,57197.0,57060.1,57122.5,128900.9
1725508800000,57122.5,57250.0,57061.6,57249.9,152197.7
1725509700000,57249.9,57265.3,57157.9,57232.9,49297.2
1725510600000,57233.0,57241.6,57135.2,57156.7,51160.2
1725511500000,57156.8,57285.8,57150.5,57206.8,63438.7
1725512400000,57206.8,57216.6,57028.4,57158.3,83444.2
1725513300000,57158.4,57258.2,57105.0,57255.0,38749.5
1725514200000,57255.1,57255.1,57152.6,57206.8,50021.2
1725515100000,57206.8,57219.2,57131.3,57190.0,28436.6
1725516000000,57190.1,57222.0,57070.0,57091.4,55601.1
1725516900000,57091.4,57108.0,56529.4,56852.2,416561.0
1725517800000,56852.2,56885.0,56721.1,56877.1,124797.4
1725518700000,56877.2,56950.0,56824.1,56912.0,69504.3
1725519600000,56912.0,57212.1,56833.3,57154.9,177523.3
1725520500000,57154.9,57225.0,57103.7,57198.1,96626.2
1725521400000,57198.1,57257.9,57160.8,57187.6,68366.3
1725522300000,57187.5,57196.0,57148.0,57155.0,32883.8
1725523200000,57155.0,57242.5,57133.4,57162.0,82503.6
1725524100000,57162.0,57225.8,57150.7,57157.0,37579.8
1725525000000,57157.1,57186.6,56983.3,57040.3,97583.3
1725525900000,57040.3,57048.4,56951.9,57010.0,62268.1
1725526800000,57010.1,57015.7,56928.6,56959.1,47286.4
1725527700000,56959.1,56996.2,56754.1,56819.0,133162.9
1725528600000,56819.0,56939.6,56615.1,56895.5,277086.4
1725529500000,56895.2,56938.0,56744.7,56798.2,70952.7
1725530400000,56798.2,56849.5,56683.7,56780.1,70200.1
1725531300000,56780.1,56825.5,56653.4,56724.0,102885.0
1725532200000,56723.9,56842.1,56648.6,56800.0,81409.7
1725533100000,56799.7,56832.0,56722.1,56766.0,36757.0
1725534000000,56766.0,56844.0,56651.5,56695.1,84164.3
1725534900000,56695.1,56783.0,56666.9,56783.0,43019.5
1725535800000,56783.0,56880.0,56700.0,56712.3,85819.1
1725536700000,56712.4,56749.2,56662.8,56690.1,60939.5
1725537600000,56690.2,56848.5,56531.8,56847.4,184396.8
1725538500000,56847.3,56849.1,56316.7,56606.4,515803.6
1725539400000,56606.4,56814.0,56436.7,56562.1,219997.5
1725540300000,56562.0,56744.3,56491.4,56672.7,106450.7
1725541200000,56672.6,56791.3,56624.5,56626.1,103043.7
1725542100000,56626.1,56729.5,56587.0,56710.0,66505.2
1725543000000,56710.1,57175.4,56576.1,56910.4,616617.8
1725543900000,56910.4,57058.0,56626.1,57040.3,282045.9
1725544800000,57041.0,57362.0,56700.2,56762.9,549068.3
1725545700000,56763.0,57284.0,56700.0,57030.0,440201.9
1725546600000,57029.9,57194.6,57005.0,57016.0,125554.1
1725547500000,57016.0,57023.9,56478.3,56552.0,564551.2
1725548400000,56550.0,56688.5,56240.0,56490.9,606316.2
1725549300000,56492.8,56626.4,55907.2,55976.1,593773.8
1725550200000,55976.1,56208.9,55800.0,55963.5,448075.5
1725551100000,55963.5,56185.7,55963.5,55973.0,142367.4
1725552000000,55973.1,56162.1,55952.4,56080.2,111991.5
1725552900000,56080.2,56299.3,55961.9,56197.9,155102.0
1725553800000,56197.8,56375.0,56072.0,56345.4,125040.0
1725554700000,56345.5,56420.0,56133.9,56342.1,138345.2
1725555600000,56342.1,56470.0,56264.0,56410.4,179074.7
1725556500000,56410.0,56460.0,56237.9,56258.6,84131.5
1725557400000,56258.7,56426.5,56200.4,56424.5,122256.7
1725558300000,56424.5,56635.1,56414.1,56613.9,174470.3
1725559200000,56613.8,56693.4,56511.4,56511.5,111493.9
1725560100000,56512.1,56667.7,56505.2,56644.7,55406.5
1725561000000,56644.8,56686.0,56543.9,56563.6,54976.4
1725561900000,56563.6,56721.0,56540.0,56555.3,68557.0
1725562800000,56555.4,56580.0,56390.0,56400.6,132316.4
1725563700000,56400.6,56400.7,55952.0,56250.7,236234.9
1725564600000,56250.8,56398.8,55869.6,55927.3,200100.1
1725565500000,55927.3,56122.3,55780.8,56046.6,199114.2
1725566400000,56046.6,56214.1,56010.5,56108.9,84324.5
1725567300000,56108.9,56174.7,56010.5,56118.3,50373.1
1725568200000,56118.3,56200.0,56040.1,56190.1,40055.6
1725569100000,56190.0,56265.3,56030.0,56091.6,41193.1
1725570000000,56091.6,56142.9,56058.5,56131.4,16748.4
1725570900000,56131.4,56250.4,56131.3,56180.6,28077.6
1725571800000,56180.7,56258.0,55638.0,56130.3,250849.8
1725572700000,56130.2,56199.1,56020.8,56148.9,53806.9
1725573600000,56149.0,56230.0,55983.7,56010.0,59217.0
1725574500000,56010.0,56076.4,55767.4,55958.7,82388.3
1725575400000,55958.8,56135.4,55944.0,56118.4,62678.5
1725576300000,56118.4,56171.9,56015.7,56106.7,36627.7
1725577200000,56106.8,56167.4,56080.0,56137.7,26144.2
1725578100000,56137.7,56141.4,55978.2,56092.8,40177.3
1725579000000,56092.8,56174.8,56031.1,56166.6,28228.2
1725579900000,56166.7,56217.2,56130.1,56180.0,33579.7
1725580800000,56180.0,56336.1,56177.3,56294.9,60539.5
1725581700000,56294.9,56340.3,56180.0,56249.3,46122.8
1725582600000,56249.4,56297.7,55994.7,56082.5,89506.4
1725583500000,56082.5,56218.9,55983.2,56178.5,47241.3
1725584400000,56178.4,56184.4,55988.1,56099.3,50156.9
1725585300000,56099.2,56299.2,56056.7,56210.5,71564.0
1725586200000,56210.4,56634.0,56200.0,56496.9,239917.7
1725587100000,56496.8,56614.0,56444.0,56560.0,76814.7
1725588000000,56559.9,56868.0,56500.0,56774.4,249898.9
1725588900000,56774.4,56849.0,56682.2,56762.1,94964.9
1725589800000,56762.0,56852.0,56686.1,56825.9,73495.9
1725590700000,56825.9,56854.9,56697.6,56743.7,56916.7
1725591600000,56743.7,56788.0,56700.0,56772.1,43042.3
1725592500000,56772.1,56825.0,56703.2,56791.7,47017.0
1725593400000,56791.6,56840.9,56714.9,56721.9,42542.8
1725594300000,56721.9,56763.0,56533.6,56585.0,102918.1
1725595200000,56585.0,56750.7,56584.9,56733.8,55640.2
1725596100000,56733.8,56733.8,56647.5,56699.1,24108.9
1725597000000,56699.1,56723.7,56619.7,56669.8,38643.8
1725597900000,56669.8,56716.2,56581.0,56595.9,36656.6
1725598800000,56595.9,56672.0,56488.0,56522.7,73741.5
1725599700000,56522.8,56554.7,56344.1,56367.0,97643.6
1725600600000,56366.9,56463.8,56310.0,56434.3,74087.3
1725601500000,56434.3,56546.5,56400.0,56495.2,54424.2
1725602400000,56495.1,56523.0,56336.3,56372.8,54587.3
1725603300000,56372.9,56437.2,56342.1,56345.8,32304.4
1725604200000,56345.7,56386.0,56271.6,56318.5,70336.1
1725605100000,56318.4,56481.8,56302.3,56430.0,45046.2
1725606000000,56430.1,56452.6,56173.6,56202.0,93637.7
1725606900000,56202.0,56266.0,55275.7,55571.3,857582.6
1725607800000,55571.3,55781.0,55280.1,55700.3,341062.6
1725608700000,55700.3,55866.0,55650.0,55792.1,206116.9
1725609600000,55792.1,55875.0,55740.1,55868.0,147846.2
1725610500000,55867.9,55937.9,55745.0,55829.7,105051.5
1725611400000,55829.8,55915.1,55765.9,55790.0,112474.7
1725612300000,55790.1,55801.3,55630.3,55780.6,161162.8
1725613200000,55780.5,55833.5,55721.0,55761.6,97885.7
1725614100000,55761.5,55794.1,55668.1,55760.4,46698.6
1725615000000,55760.4,55913.5,55743.4,55862.0,88282.5
1725615900000,55862.0,55925.4,55808.0,55888.0,72427.1
1725616800000,55888.5,55998.9,55881.3,55951.2,77951.9
1725617700000,55950.5,56185.0,55942.6,56137.9,171003.5
1725618600000,56138.0,56281.2,56085.3,56111.9,131764.4
1725619500000,56111.9,56205.7,56108.2,56172.0,46547.5
1725620400000,56172.1,56250.0,56043.0,56072.5,110223.2
1725621300000,56072.5,56165.2,55967.9,55992.8,99585.6
1725622200000,55992.8,56029.1,55938.0,55940.0,86312.3
1725623100000,55940.1,56093.9,55821.0,56007.0,123230.0
1725624000000,56007.0,56097.3,55853.4,55906.2,87900.9
1725624900000,55906.3,56132.3,55853.8,55900.0,149328.2
1725625800000,55900.1,56830.0,55650.3,56492.2,1303004.2
1725626700000,56492.0,56947.3,56430.9,56874.7,455860.1
1725627600000,56874.6,56880.0,56663.8,56819.9,172280.6
1725628500000,56819.9,57048.1,56740.8,56762.2,258086.3
1725629400000,56762.5,56882.4,55807.9,56104.0,1059192.8
1725630300000,56104.0,56211.0,55893.3,55895.6,366634.6
1725631200000,55895.7,55937.9,55011.0,55090.1,944535.9
1725632100000,55090.1,55350.0,54717.2,54816.5,920693.9
1725633000000,54816.5,55188.0,54769.5,54789.9,517299.0
1725633900000,54790.0,54900.0,54373.3,54727.9,790823.3
1725634800000,54727.9,54998.6,54464.0,54480.9,525494.3
1725635700000,54480.9,54589.5,53805.0,54196.0,1067767.5
1725636600000,54196.0,54439.0,54158.3,54392.7,355847.2
1725637500000,54392.7,54418.9,54010.7,54041.5,381309.8
1725638400000,54040.6,54254.0,53981.1,54119.7,243807.8
1725639300000,54119.6,54253.9,53820.0,54100.0,358296.9
1725640200000,54099.9,54232.4,53838.7,54018.2,257512.5
1725641100000,54018.2,54114.0,53602.4,54074.0,573219.8
1725642000000,54073.2,54292.2,53977.1,54285.6,259672.6
1725642900000,54285.3,54426.8,54199.9,54262.0,267340.2
1725643800000,54263.9,54284.3,53681.6,53945.4,349831.7
1725644700000,53945.4,54066.7,53760.0,53932.9,182088.6
1725645600000,53933.0,53992.2,53760.8,53867.9,162932.8
1725646500000,53868.0,53937.1,53507.6,53790.8,239516.4
1725647400000,53790.9,53880.0,53360.6,53658.0,383795.1
1725648300000,53658.0,53691.2,53337.2,53347.0,215116.1
1725649200000,53347.0,53847.7,53338.3,53756.7,267087.5
1725650100000,53756.6,53832.7,53590.0,53618.0,110183.5
1725651000000,53618.1,53639.3,53250.5,53419.1,305018.4
1725651900000,53421.9,53996.6,53409.9,53537.1,530964.0
1725652800000,53537.7,53800.0,53457.3,53763.2,125401.6
1725653700000,53763.1,53770.0,53312.5,53458.0,219206.4
1725654600000,53457.9,53509.1,53000.0,53389.9,478694.4
1725655500000,53392.0,53422.0,52573.0,52877.3,722863.3
1725656400000,52877.6,53299.0,52522.0,53235.9,540653.6
1725657300000,53236.0,53427.9,53172.5,53422.0,146187.6
1725658200000,53421.9,53599.4,53357.6,53463.0,103094.8
1725659100000,53463.0,53769.3,53458.2,53763.6,109273.8
1725660000000,53763.7,53819.0,53640.3,53793.5,95497.3
1725660900000,53793.5,53850.0,53700.0,53818.0,65776.4
1725661800000,53817.9,53844.0,53748.2,53824.0,40229.1
1725662700000,53823.9,53850.0,53602.4,53632.9,60516.1
1725663600000,53632.9,53728.0,53600.1,53698.1,77314.4
1725664500000,53698.1,53880.0,53672.1,53779.1,163924.6
1725665400000,53778.3,53859.0,53746.4,53848.2,34070.3
1725666300000,53848.3,53966.0,53848.2,53956.4,66169.7
1725667200000,53956.4,54095.1,53924.0,53937.7,108282.2
1725668100000,53937.8,53979.2,53877.3,53929.9,53667.3
1725669000000,53929.9,54050.0,53890.9,54044.7,57172.7
1725669900000,54044.7,54070.0,53910.0,53910.1,53210.3
1725670800000,53910.0,53995.0,53845.3,53883.2,38493.9
1725671700000,53883.3,53922.0,53822.2,53879.2,53027.7
1725672600000,53879.2,53919.0,53792.5,53799.9,50982.5
1725673500000,53799.9,53835.6,53744.0,53815.8,49690.2
1725674400000,53815.8,53864.2,53750.1,53845.1,30425.6
1725675300000,53845.1,53950.0,53800.0,53858.4,47160.1
1725676200000,53858.4,53927.2,53821.8,53893.2,35241.2
1725677100000,53893.2,53916.9,53761.2,53805.0,55958.1
1725678000000,53805.0,53854.7,53781.3,53848.5,28695.1
1725678900000,53848.5,53858.0,53803.4,53858.0,44280.7
1725679800000,53857.9,53864.6,53817.9,53842.9,21441.4
1725680700000,53842.8,53865.9,53783.1,53818.0,39644.1
1725681600000,53818.1,53860.0,53807.3,53847.5,42724.6
1725682500000,53847.5,53850.6,53808.3,53841.2,29592.9
1725683400000,53841.3,53956.4,53839.9,53951.9,42176.9
1725684300000,53952.0,54062.0,53948.8,54054.5,95210.6
1725685200000,54054.4,54381.0,54000.0,54277.0,303838.3
1725686100000,54277.0,54297.9,54134.1,54148.0,90154.5
1725687000000,54148.0,54261.3,54148.0,54194.5,72194.9
1725687900000,54194.6,54287.9,54159.0,54179.3,110411.6
1725688800000,54179.4,54226.9,54026.4,54116.5,124236.8
1725689700000,54116.5,54196.0,54098.0,54169.3,56542.9
1725690600000,54169.3,54250.8,54116.5,54244.9,39333.6
1725691500000,54245.0,54377.7,54244.9,54307.0,98270.6
1725692400000,54307.0,54397.2,54268.2,54299.2,85827.5
1725693300000,54299.2,54339.6,54223.0,54277.9,78633.6
1725694200000,54277.9,54407.6,54180.2,54270.9,88846.7
1725695100000,54270.9,54290.0,54186.0,54280.4,30362.0
1725696000000,54280.4,54334.0,54235.5,54288.6,45737.0
1725696900000,54288.5,54356.0,54183.1,54346.0,66354.2
1725697800000,54346.0,54399.8,54247.4,54358.9,76183.9
1725698700000,54359.0,54379.4,54288.0,54378.7,67135.9
1725699600000,54378.6,54428.3,54298.1,54303.9,93012.7
1725700500000,54303.9,54316.5,54150.0,54192.8,71156.3
1725701400000,54192.7,54244.2,54183.3,54207.3,39856.5
1725702300000,54207.4,54295.0,54203.3,54240.0,37630.1
1725703200000,54240.1,54315.0,54229.3,54295.9,31979.5
1725704100000,54295.9,54378.7,54295.9,54339.7,54165.1
1725705000000,54339.8,54408.9,54310.6,54404.0,36950.8
1725705900000,54404.0,54449.9,54334.6,54334.6,60732.3
1725706800000,54334.6,54410.0,54308.4,54388.9,34104.7
1725707700000,54388.8,54444.0,54371.1,54420.6,28965.9
1725708600000,54420.6,54496.8,54300.0,54330.9,65821.4
1725709500000,54331.0,54365.0,54280.6,54326.7,48215.5
1725710400000,54326.6,54440.0,54326.6,54415.4,46465.2
1725711300000,54415.4,54467.4,54381.7,54439.2,30276.3
1725712200000,54439.2,54547.8,54439.2,54469.7,67339.9
1725713100000,54469.7,54661.6,54469.7,54574.9,152307.9
1725714000000,54575.0,54630.6,54539.4,54630.2,53662.7
1725714900000,54630.1,54630.2,54525.1,54578.4,46067.1
1725715800000,54578.5,54657.6,54405.0,54474.0,91525.3
1725716700000,54473.9,54597.4,54393.2,54547.0,80816.0
1725717600000,54547.0,54692.3,54517.6,54617.9,96173.8
1725718500000,54618.0,54657.7,54550.0,54615.9,32495.6
1725719400000,54616.0,54680.7,54493.4,54505.9,70380.8
1725720300000,54505.9,54655.4,54476.0,54622.4,64534.6
1725721200000,54622.1,54800.0,54592.5,54668.0,148592.4
1725722100000,54668.1,54826.0,54621.0,54785.6,63467.3
1725723000000,54782.4,54842.3,54687.0,54741.8,82603.3
1725723900000,54741.8,54816.2,54715.0,54779.1,54537.2
1725724800000,54779.2,54863.2,54688.0,54710.9,82911.9
1725725700000,54711.0,54770.4,54671.3,54671.4,40228.0
1725726600000,54671.3,54693.5,54450.0,54506.0,149786.9
1725727500000,54508.7,54555.0,54437.5,54471.9,79823.4
1725728400000,54471.9,54540.0,54338.0,54462.6,110323.9
1725729300000,54462.5,54469.0,54369.1,54413.1,40212.0
1725730200000,54413.2,54421.1,54301.8,54314.6,69628.1
1725731100000,54314.5,54329.7,53988.7,54136.1,221426.2
1725732000000,54136.0,54212.0,54030.3,54146.7,86466.4
1725732900000,54146.8,54314.0,54146.8,54262.1,54485.0
1725733800000,54262.0,54369.0,54192.3,54362.0,61402.5
1725734700000,54362.0,54407.9,54267.7,54300.4,54709.6
1725735600000,54300.3,54350.0,54240.0,54307.0,25533.1
1725736500000,54307.0,54379.7,54290.0,54368.2,27666.7
1725737400000,54368.1,54426.6,54331.1,54404.3,40831.5
1725738300000,54404.4,54466.0,54400.0,54405.0,26948.3
1725739200000,54405.0,54443.4,54300.0,54303.0,38078.1
1725740100000,54303.0,54348.9,54244.1,54315.2,27975.8
1725741000000,54315.1,54343.3,54251.1,54276.8,24052.7
1725741900000,54276.8,54280.8,54159.7,54161.3,34614.2
1725742800000,54161.3,54174.0,53900.0,53990.2,128111.3
1725743700000,53990.3,54198.1,53975.0,54097.2,43035.6
1725744600000,54097.2,54156.8,54000.0,54040.0,54011.0
1725745500000,54040.0,54050.0,53860.0,53932.5,50525.4
1725746400000,53932.4,54095.0,53911.6,53991.5,59396.9
1725747300000,53991.4,54036.3,53897.3,53988.9,30831.0
1725748200000,53989.4,54005.0,53855.0,53961.4,59125.2
1725749100000,53961.3,53991.2,53930.0,53950.0,20758.8
1725750000000,53950.0,53970.0,53809.0,53930.0,76166.3
1725750900000,53930.0,54063.0,53905.7,54052.8,38345.1
1725751800000,54052.7,54062.2,53993.3,54052.1,23882.0
1725752700000,54052.1,54204.4,54035.0,54161.9,91417.6
1725753600000,54161.8,54188.0,54057.9,54121.8,38547.2
1725754500000,54121.9,54167.0,54070.0,54070.0,25274.1
1725755400000,54070.0,54141.9,54000.9,54005.8,36940.0
1725756300000,54005.8,54191.7,53965.4,54143.9,51794.4
1725757200000,54144.0,54315.0,54129.1,54270.9,98452.7
1725758100000,54270.8,54376.8,54219.6,54231.5,51129.4
1725759000000,54231.5,54250.0,54189.3,54200.0,22716.2
1725759900000,54199.9,54280.2,54170.4,54280.2,34640.1
1725760800000,54280.3,54375.0,54277.0,54371.5,46880.8
1725761700000,54371.6,54506.6,54312.5,54463.9,142337.2
1725762600000,54463.8,54485.6,54300.0,54327.0,82028.2
1725763500000,54327.0,54368.4,54305.2,54337.8,33002.9
1725764400000,54337.9,54384.1,54320.7,54340.6,24535.6
1725765300000,54340.5,54364.9,54308.6,54312.1,18323.6
1725766200000,54312.0,54333.3,54261.9,54297.9,53954.7
1725767100000,54297.9,54411.0,54297.9,54398.1,25743.2
1725768000000,54398.1,54462.0,54382.1,54456.0,45038.1
1725768900000,54456.1,54484.5,54383.0,54453.7,39116.6
1725769800000,54453.7,54498.6,54370.0,54382.9,61042.9
1725770700000,54382.6,54578.4,54359.0,54487.0,98281.4
1725771600000,54486.9,54526.5,54419.5,54500.0,115040.5
1725772500000,54500.0,54500.0,54424.3,54476.5,62224.5
1725773400000,54476.6,54500.0,54425.0,54460.0,25157.2
1725774300000,54459.9,54460.0,54333.1,54344.0,44884.9
1725775200000,54344.0,54420.0,54336.8,54420.0,29683.2
1725776100000,54420.0,54430.1,54357.2,54368.0,21362.9
1725777000000,54368.0,54411.9,54251.1,54334.8,66947.0
1725777900000,54334.8,54334.8,54290.4,54295.5,17843.1
1725778800000,54295.5,54545.8,54295.4,54490.1,81121.8
1725779700000,54490.1,54535.0,54375.8,54430.2,54915.3
1725780600000,54430.1,54510.0,54430.0,54472.0,35679.9
1725781500000,54471.4,54509.8,54409.7,54440.0,38423.4
1725782400000,54440.1,54453.6,54350.0,54355.2,45661.8
1725783300000,54355.2,54399.2,54355.1,54378.4,26937.7
1725784200000,54378.5,54491.9,54378.4,54443.3,42133.9
1725785100000,54443.2,54490.3,54426.2,54482.0,27280.5
1725786000000,54481.9,54735.0,54472.5,54647.6,171785.9
1725786900000,54647.7,54717.9,54477.7,54636.5,134911.9
1725787800000,54636.5,54650.0,54528.9,54541.9,44404.6
1725788700000,54542.0,54574.9,54452.0,54452.1,60441.2
1725789600000,54452.0,54599.1,54443.1,54588.0,46832.1
1725790500000,54588.0,54661.7,54552.3,54614.5,36360.8
1725791400000,54614.1,54637.9,54555.6,54599.3,56155.6
1725792300000,54599.3,54620.0,54566.4,54601.4,21999.1
1725793200000,54601.4,54674.8,54601.4,54661.3,30382.9
1725794100000,54661.3,54665.3,54560.3,54567.5,28908.0
1725795000000,54567.5,54635.7,54508.8,54577.4,41846.0
1725795900000,54577.5,54606.6,54520.0,54559.0,21848.8
1725796800000,54559.2,54569.6,54505.1,54569.6,35109.8
1725797700000,54569.5,54575.4,54360.9,54407.6,100351.5
1725798600000,54407.6,54484.3,54330.0,54408.1,86567.4
1725799500000,54408.1,54440.0,54111.0,54198.9,275021.4
1725800400000,54199.0,54200.0,54074.5,54168.4,122531.0
1725801300000,54168.4,54268.9,54152.6,54259.5,88371.7
1725802200000,54259.5,54288.0,54174.0,54277.9,55689.2
1725803100000,54278.0,54409.3,54248.1,54397.9,118838.1
1725804000000,54397.6,54446.0,54031.1,54141.5,179922.7
1725804900000,54141.4,54238.8,54141.0,54191.9,65498.6
1725805800000,54191.8,54229.9,54144.1,54224.9,38347.2
1725806700000,54224.9,54272.6,54140.3,54142.1,63016.6
1725807600000,54142.2,54199.3,53988.0,54055.0,146780.5
1725808500000,54055.1,54097.3,53906.2,53951.0,181358.6
1725809400000,53951.0,54044.0,53836.1,53911.3,166523.6
1725810300000,53911.2,53978.3,53626.1,53688.0,335255.2
1725811200000,53688.1,53862.3,53622.0,53759.0,197421.8
1725812100000,53758.9,53857.1,53686.4,53838.2,95065.2
1725813000000,53838.2,53980.0,53824.0,53974.2,87719.6
1725813900000,53974.2,54032.4,53850.3,53911.2,101183.5
1725814800000,53911.1,54128.4,53904.6,54104.0,77889.4
1725815700000,54104.0,54279.6,54095.0,54230.0,149844.7
1725816600000,54229.9,54399.0,54214.0,54330.7,118482.4
1725817500000,54330.6,54522.9,54288.6,54500.1,118108.1
1725818400000,54500.2,54528.9,54341.0,54370.1,107030.5
1725819300000,54370.1,54455.6,54290.1,54291.0,42833.3
1725820200000,54290.9,54424.1,54270.9,54418.0,46095.0
1725821100000,54417.9,54457.2,54353.0,54414.0,25063.3
1725822000000,54414.0,54476.8,54407.5,54469.0,27505.4
1725822900000,54469.0,54476.0,54308.5,54375.2,30663.7
1725823800000,54375.2,54413.6,54324.5,54359.9,16593.9
1725824700000,54359.9,54397.0,54326.6,54334.8,12634.5
1725825600000,54334.9,54370.0,54278.6,54357.1,32878.3
1725826500000,54357.1,54360.0,54250.0,54294.2,30703.3
1725827400000,54294.2,54313.3,54178.8,54216.6,67891.3
1725828300000,54216.7,54387.9,54216.7,54375.7,58211.2
1725829200000,54375.8,54654.5,54338.4,54542.4,142090.7
1725830100000,54542.3,54594.6,54313.9,54359.2,87132.8
1725831000000,54359.2,54524.0,54333.1,54457.1,45814.6
1725831900000,54457.0,54474.7,54392.1,54460.4,25733.9
1725832800000,54460.3,54624.4,54360.8,54541.0,104793.1
1725833700000,54541.0,55326.0,54541.0,55211.9,638007.5
1725834600000,55211.9,55249.9,54605.6,54735.1,448981.9
1725835500000,54735.0,54839.9,54489.5,54532.0,159424.9
1725836400000,54531.9,54824.0,54426.9,54742.5,150768.7
1725837300000,54742.5,54964.5,54569.8,54906.3,137226.5
1725838200000,54906.3,54942.8,54780.1,54916.2,76974.4
1725839100000,54916.2,54986.1,54759.6,54879.7,77562.0
1725840000000,54877.0,55153.1,54761.8,54949.0,190443.6
1725840900000,54948.9,55217.0,54925.6,55018.0,155682.7
1725841800000,55018.1,55052.1,54832.6,54835.9,82992.3
1725842700000,54832.5,55082.7,54677.5,55041.1,171594.6
1725843600000,55041.0,55375.9,55024.6,55160.7,328920.0
1725844500000,55160.6,55181.2,54929.1,55081.7,101139.2
1725845400000,55081.6,55266.0,54909.5,55229.2,108703.5
1725846300000,55229.2,55298.0,55069.3,55099.9,86456.3
1725847200000,55099.9,55099.9,54914.3,55016.5,72336.2
1725848100000,55016.6,55023.6,54880.0,54892.6,68401.6
1725849000000,54892.7,54980.6,54846.4,54925.1,56303.2
1725849900000,54925.1,55137.7,54925.1,55107.0,59251.6
1725850800000,55107.0,55144.0,54976.4,55085.4,49439.3
1725851700000,55085.4,55086.9,54777.9,54982.1,171314.0
1725852600000,54982.2,55219.6,54971.6,55190.2,112832.0
1725853500000,55190.1,55199.9,55090.0,55119.8,74765.3
1725854400000,55119.9,55158.0,55038.0,55111.9,69664.1
1725855300000,55111.9,55117.3,54882.0,54940.4,81657.5
1725856200000,54940.4,55009.0,54896.1,54911.9,50147.8
1725857100000,54911.9,54972.3,54853.8,54860.6,57619.8
1725858000000,54860.7,54897.1,54691.3,54800.0,144116.3
1725858900000,54800.1,54860.3,54762.0,54826.1,65107.8
1725859800000,54826.1,54936.8,54687.3,54714.5,67352.6
1725860700000,54714.4,54725.9,54584.3,54679.2,142451.9
1725861600000,54679.3,54800.0,54645.6,54763.6,80071.9
1725862500000,54763.5,54838.1,54700.0,54800.0,76444.7
1725863400000,54799.9,54976.7,54799.9,54884.0,102341.8
1725864300000,54884.0,54899.9,54804.8,54899.9,51926.8
1725865200000,54900.0,54920.0,54727.5,54754.0,95398.0
1725866100000,54754.0,54827.8,54733.4,54793.0,50380.6
1725867000000,54793.0,55004.2,54782.1,54942.0,112122.0
1725867900000,54942.0,55002.4,54906.3,54967.8,55976.1
1725868800000,54966.4,55199.2,54951.5,55137.9,167300.6
1725869700000,55137.9,55247.8,55106.6,55211.5,114172.5
1725870600000,55211.5,55339.9,55124.6,55202.0,173625.1
1725871500000,55200.6,55250.0,55139.6,55244.0,77300.4
1725872400000,55244.0,55545.0,55216.9,55330.1,369170.0
1725873300000,55330.2,55390.0,55271.6,55291.0,82783.8
1725874200000,55291.0,55358.0,55212.6,55216.8,63284.9
1725875100000,55216.8,55252.6,55088.0,55149.9,102663.1
1725876000000,55150.0,55280.0,55085.1,55262.1,105254.4
1725876900000,55262.1,55450.0,55250.0,55426.9,109257.1
1725877800000,55426.9,55450.2,55336.0,55345.0,90666.2
1725878700000,55346.6,55395.4,55322.2,55360.0,32411.1
1725879600000,55360.0,55381.5,55207.7,55241.4,66566.5
1725880500000,55241.4,55326.0,55165.0,55322.9,60798.7
1725881400000,55322.9,55344.0,55238.0,55274.0,41414.8
1725882300000,55274.0,55290.5,55200.0,55269.7,30495.9
1725883200000,55269.7,55291.0,55125.0,55193.0,85454.1
1725884100000,55193.0,55227.9,54962.2,55035.0,202293.0
1725885000000,55035.0,55236.0,55030.0,55224.8,157761.7
1725885900000,55224.9,55362.5,55180.7,55347.0,97835.5
1725886800000,55347.0,55354.8,55245.8,55297.8,66242.5
1725887700000,55297.9,55590.0,55297.8,55409.4,255808.5
1725888600000,55411.0,55594.8,55271.6,55486.0,278796.0
1725889500000,55486.0,55798.8,55386.2,55682.5,453075.7
1725890400000,55682.4,55750.0,55470.5,55553.1,318609.5
1725891300000,55553.1,55560.0,55083.5,55132.2,366808.2
1725892200000,55132.1,55143.8,54802.7,54905.9,393025.9
1725893100000,54905.9,55048.9,54832.5,54836.2,176049.0
1725894000000,54836.2,55341.2,54826.4,54986.0,361413.6
1725894900000,54986.0,55254.0,54900.1,55245.2,135768.5
1725895800000,55245.3,55373.0,55182.7,55298.0,154996.6
1725896700000,55298.1,55480.0,55262.0,55390.0,141630.3
1725897600000,55389.9,56059.2,55346.4,55917.1,614799.7
1725898500000,55917.1,56266.0,55882.1,56084.0,496473.6
1725899400000,56084.1,56328.9,55980.0,56266.9,335166.4
1725900300000,56266.9,56537.0,56244.1,56426.0,358106.1
1725901200000,56428.0,56728.0,56338.4,56517.1,568353.3
1725902100000,56517.1,56591.2,56430.4,56566.4,136270.4
1725903000000,56566.4,56788.0,56381.6,56411.9,236526.9
1725903900000,56411.9,56620.0,56397.7,56512.7,108051.6
1725904800000,56512.7,56615.4,56247.5,56432.1,333743.4
1725905700000,56432.1,56599.0,56403.6,56480.1,77923.7
1725906600000,56480.0,56554.9,56382.2,56531.5,199089.8
1725907500000,56530.0,56649.3,56438.9,56524.5,183500.7
1725908400000,56524.0,56842.3,56470.7,56621.6,202220.6
1725909300000,56621.6,56887.9,56618.8,56866.0,129932.5
1725910200000,56866.0,57026.0,56787.9,56924.1,238738.1
1725911100000,56924.0,57184.0,56845.0,57087.3,279627.1
1725912000000,57087.9,57133.4,56802.3,56823.9,208182.2
1725912900000,56824.0,56942.3,56804.0,56866.1,73843.7
1725913800000,56866.2,57020.0,56850.0,56963.1,45155.2
1725914700000,56963.0,57064.5,56946.1,57012.7,72302.1
1725915600000,57012.7,57592.4,57004.3,57506.0,315084.8
1725916500000,57506.0,58161.5,57480.0,57667.7,595997.1
1725917400000,57667.7,57700.0,57301.0,57306.5,163686.1
1725918300000,57306.4,57525.5,57218.0,57449.8,99551.9
1725919200000,57449.8,57620.2,57363.3,57396.3,148617.7
1725920100000,57396.3,57488.0,57333.0,57389.9,71940.8
1725921000000,57390.0,57409.0,57257.0,57300.0,64145.3
1725921900000,57300.0,57321.9,57201.0,57221.8,55250.4
1725922800000,57221.9,57237.5,57055.0,57102.6,111802.7
1725923700000,57102.5,57284.4,57095.1,57199.7,84797.1
1725924600000,57199.8,57259.2,57105.5,57120.6,59386.6
1725925500000,57120.6,57125.8,57005.0,57035.2,63388.0
1725926400000,57035.2,57079.8,56730.2,56743.8,206126.1
1725927300000,56743.9,56855.0,56633.0,56641.2,146800.1
1725928200000,56641.2,56900.4,56641.2,56854.5,105459.4
1725929100000,56854.5,57018.3,56817.6,56986.2,80407.1
1725930000000,56986.2,57063.2,56934.6,56997.0,56593.7
1725930900000,56997.0,56997.6,56855.1,56878.8,64119.3
1725931800000,56878.9,56936.8,56762.6,56837.5,57791.5
1725932700000,56837.4,56938.8,56722.0,56904.1,70193.8
1725933600000,56904.0,56927.1,56725.0,56749.1,73729.5
1725934500000,56749.2,56771.8,56643.2,56676.4,71887.1
1725935400000,56675.6,56854.9,56664.9,56847.9,69501.2
1725936300000,56847.8,56855.0,56763.1,56779.3,27618.2
1725937200000,56779.2,56816.1,56610.0,56676.0,88804.5
1725938100000,56676.0,56719.8,56605.0,56689.2,97389.1
1725939000000,56689.2,56694.1,56575.8,56605.1,63724.0
1725939900000,56605.0,56658.9,56532.0,56532.1,66753.0
1725940800000,56532.1,56644.0,56530.8,56600.2,60028.4
1725941700000,56600.2,56743.5,56600.1,56677.4,74800.2
1725942600000,56677.5,56677.5,56388.0,56521.9,168425.9
1725943500000,56521.9,56630.0,56521.9,56608.4,55166.5
1725944400000,56609.0,56721.9,56581.5,56717.9,141133.0
1725945300000,56717.9,56938.9,56710.0,56892.3,146889.8
1725946200000,56892.4,56975.3,56800.8,56941.9,132909.0
1725947100000,56941.8,56950.0,56864.9,56940.7,71645.8
1725948000000,56940.6,56940.6,56776.9,56811.2,51205.7
1725948900000,56811.1,56858.8,56766.0,56850.0,27187.5
1725949800000,56849.9,56907.8,56816.7,56859.1,33667.3
1725950700000,56856.1,56869.5,56800.0,56830.2,20766.3
1725951600000,56831.7,56886.5,56770.0,56882.2,35378.7
1725952500000,56882.3,57263.2,56858.2,57098.9,260061.1
1725953400000,57098.9,57247.9,57090.1,57182.7,126185.6
1725954300000,57182.7,57308.5,57135.0,57218.6,119786.1
1725955200000,57218.5,57410.5,57161.0,57305.3,186994.0
1725956100000,57305.3,57360.0,57214.0,57284.8,97726.8
1725957000000,57284.7,57314.9,57107.7,57133.3,110504.8
1725957900000,57133.4,57200.0,56982.5,57059.2,116729.9
1725958800000,57059.2,57062.1,56882.0,57006.0,115774.5
1725959700000,57006.0,57084.6,56989.1,57068.1,53673.5
1725960600000,57068.1,57302.7,56993.9,57228.7,161622.0
1725961500000,57228.6,57266.8,57083.0,57091.9,84745.9
1725962400000,57092.0,57169.2,56961.0,56985.0,81255.1
1725963300000,56985.0,57161.0,56950.0,57132.1,74159.4
1725964200000,57132.2,57193.0,57084.2,57104.0,31658.1
1725965100000,57103.7,57180.0,57080.0,57167.0,32472.7
1725966000000,57167.9,57230.1,57125.0,57125.1,72702.2
1725966900000,57125.0,57175.0,57100.0,57126.4,31739.3
1725967800000,57126.4,57190.2,57005.0,57076.0,66270.4
1725968700000,57075.9,57258.2,57075.9,57218.1,59269.6
1725969600000,57218.1,57339.1,57192.5,57318.4,95572.6
1725970500000,57318.3,57399.9,57229.5,57344.6,100503.5
1725971400000,57344.6,57389.0,57270.5,57388.9,66113.0
1725972300000,57388.9,57477.0,57155.0,57199.0,140615.1
1725973200000,57199.0,57199.1,56886.1,56931.7,251090.0
1725974100000,56931.8,56989.9,56820.0,56917.3,172452.4
1725975000000,56918.1,57014.1,56630.5,56888.0,417734.3
1725975900000,56888.0,56979.5,56688.8,56743.9,218178.0
1725976800000,56744.0,57021.7,56559.1,56610.3,365840.2
1725977700000,56610.1,57021.7,56526.0,56997.1,284664.8
1725978600000,56997.0,57180.0,56835.2,56904.9,274698.6
1725979500000,56904.9,57033.1,56800.0,56944.9,156506.3
1725980400000,56945.0,57099.6,56740.1,56950.0,296536.4
1725981300000,56949.9,57142.0,56860.0,57142.0,140711.0
1725982200000,57141.9,57211.0,56962.4,57019.9,182817.8
1725983100000,57019.9,57019.9,56593.0,56593.0,234728.1
1725984000000,56593.1,56774.4,56560.0,56620.0,147782.1
1725984900000,56620.0,56837.2,56619.0,56789.3,90902.8
1725985800000,56789.4,56915.0,56735.4,56862.0,74841.9
1725986700000,56862.0,56958.0,56800.0,56818.1,56593.8
1725987600000,56818.1,57369.0,56793.8,57295.6,236085.0
1725988500000,57295.6,57388.8,57073.2,57104.0,187795.8
1725989400000,57104.0,57248.3,57083.0,57179.8,87238.1
1725990300000,57179.9,57300.9,57100.0,57175.8,123990.4
1725991200000,57175.9,57440.0,57175.9,57408.0,139363.6
1725992100000,57408.1,57749.9,57408.1,57656.4,370201.0
1725993000000,57656.5,57985.0,57564.3,57837.9,267694.0
1725993900000,57837.9,57904.8,57501.4,57590.0,175950.4
1725994800000,57589.9,57589.9,57312.0,57472.8,171787.7
1725995700000,57472.7,57635.1,57368.6,57607.7,80147.5
1725996600000,57608.5,57974.0,57570.0,57926.0,164846.1
1725997500000,57925.9,58048.6,57818.8,57950.0,199798.8
1725998400000,57950.1,57975.4,57720.0,57800.8,107630.7
1725999300000,57800.8,57879.9,57630.8,57695.7,89079.1
1726000200000,57695.6,57827.4,57660.1,57801.5,43585.2
1726001100000,57801.5,57873.1,57550.0,57572.9,79859.5
1726002000000,57573.0,57761.2,57489.2,57667.4,103182.7
1726002900000,57667.8,57700.0,57522.6,57592.3,40067.8
1726003800000,57592.2,57692.8,57522.2,57558.9,41609.3
1726004700000,57558.9,57566.3,57441.8,57522.2,59241.4
1726005600000,57522.2,57658.5,57445.5,57642.1,59457.4
1726006500000,57642.2,57682.0,57512.9,57531.7,29302.0
1726007400000,57531.8,57618.0,57477.6,57572.7,37372.1
1726008300000,57572.8,57618.8,57510.0,57611.1,27954.0
1726009200000,57611.1,57709.9,57581.1,57630.0,48371.5
1726010100000,57630.0,57874.3,57624.4,57752.9,64414.0
1726011000000,57752.9,57767.7,57637.4,57656.2,36074.0
1726011900000,57656.2,57677.0,57585.0,57644.6,30685.5
1726012800000,57644.5,57680.0,57515.7,57603.2,66680.6
1726013700000,57603.1,57622.0,57431.1,57512.9,54922.1
1726014600000,57512.9,57669.5,57468.3,57654.2,38377.4
1726015500000,57652.8,57692.3,57558.4,57642.9,39058.6
1726016400000,57643.0,57762.0,57542.6,57705.2,73133.4
1726017300000,57705.2,57705.3,57320.0,57382.4,161642.9
1726018200000,57382.4,57404.7,56674.8,57116.0,621301.5
1726019100000,57115.9,57275.3,56701.1,56724.1,289371.3
1726020000000,56724.0,57030.0,56700.0,56961.5,130720.9
1726020900000,56961.6,57117.8,56954.8,56985.2,90866.6
1726021800000,56985.3,57181.1,56800.0,57108.0,157328.7
1726022700000,57108.1,57120.0,56920.1,56928.0,92106.7
1726023600000,56928.0,56982.1,56765.0,56874.5,105737.6
1726024500000,56874.5,56881.1,56725.2,56729.9,63415.4
1726025400000,56729.9,56919.0,56684.6,56806.7,117208.0
1726026300000,56806.6,56866.0,56744.0,56824.9,45921.5
1726027200000,56825.0,56825.0,56612.3,56659.6,111663.6
1726028100000,56659.6,56659.6,56263.6,56512.1,418033.7
1726029000000,56512.0,56512.1,56360.0,56415.9,77322.5
1726029900000,56416.0,56573.3,56250.0,56530.0,162687.0
1726030800000,56530.1,56548.1,56245.5,56300.0,123682.1
1726031700000,56300.1,56409.5,56100.0,56166.2,176662.7
1726032600000,56166.2,56327.9,56110.1,56302.9,137048.0
1726033500000,56302.8,56321.9,56215.6,56248.0,74352.8
1726034400000,56247.8,56430.0,56177.0,56410.5,113304.2
1726035300000,56410.6,56459.0,56362.0,56431.9,95460.8
1726036200000,56431.9,56543.0,56403.6,56496.3,108324.9
1726037100000,56496.2,56580.0,56412.0,56462.0,94981.2
1726038000000,56461.9,56588.0,56461.9,56528.9,66906.8
1726038900000,56529.0,56646.0,56524.7,56645.9,75878.9
1726039800000,56646.0,56708.2,56551.5,56556.3,78979.7
1726040700000,56556.2,56771.2,56546.2,56704.6,90581.6
1726041600000,56704.6,56714.1,56557.2,56561.6,62868.3
1726042500000,56561.6,56618.0,56500.4,56565.2,65287.7
1726043400000,56565.3,56580.0,56353.2,56360.2,111535.0
1726044300000,56360.2,56441.8,56355.0,56406.0,95751.1
1726045200000,56406.0,56571.4,56385.0,56549.7,58015.5
1726046100000,56549.6,56622.3,56440.7,56543.8,66879.5
1726047000000,56543.7,56700.0,56537.7,56639.8,79334.4
1726047900000,56639.9,56736.0,56571.4,56674.5,73616.4
1726048800000,56674.5,56700.0,56514.0,56573.9,72114.8
1726049700000,56573.8,56612.7,56334.3,56528.4,117301.6
1726050600000,56528.4,56648.0,56472.1,56503.5,74536.4
1726051500000,56503.5,56560.0,56427.8,56517.7,51057.2
1726052400000,56517.7,56738.3,56517.7,56678.5,86893.1
1726053300000,56678.4,56767.0,56656.8,56706.0,88674.1
1726054200000,56705.9,56882.7,56700.4,56774.7,126325.9
1726055100000,56774.6,56849.9,56733.0,56795.6,83260.3
1726056000000,56795.6,56825.6,56654.3,56809.3,101431.7
1726056900000,56809.2,56920.0,56681.3,56830.0,150297.5
1726057800000,56830.0,56856.7,56452.6,56494.8,554311.9
1726058700000,56494.8,56820.3,56300.0,56744.0,297005.1
1726059600000,56742.5,57170.0,56720.3,56961.1,396820.9
1726060500000,56961.1,57118.6,56829.0,56837.6,200682.3
1726061400000,56837.6,56846.6,56300.0,56415.5,616253.8
1726062300000,56415.4,56444.0,55711.2,55740.1,866564.8
1726063200000,55740.2,56009.0,55639.2,55808.1,511699.4
1726064100000,55808.1,56037.2,55660.0,55908.3,343250.6
1726065000000,55908.4,55916.4,55614.4,55669.5,258125.1
1726065900000,55671.5,55990.4,55555.5,55983.7,431253.3
1726066800000,55983.6,56200.0,55858.0,56130.7,314666.8
1726067700000,56130.7,56355.0,56130.0,56320.4,241185.3
1726068600000,56320.4,56950.0,56280.1,56898.0,494709.9
1726069500000,56897.9,57025.6,56584.5,56700.1,434969.8
1726070400000,56700.1,57123.0,56644.0,56881.1,391323.4
1726071300000,56880.0,57139.8,56777.6,56882.7,241196.3
1726072200000,56882.7,57084.9,56800.9,56989.3,203327.4
1726073100000,56988.4,57538.0,56942.2,57304.8,459112.1
1726074000000,57304.8,57677.0,57248.6,57644.0,283465.5
1726074900000,57644.0,57776.0,57591.9,57694.9,239998.4
1726075800000,57695.0,57822.0,57459.8,57713.9,340654.8
1726076700000,57714.0,57875.0,57602.2,57688.2,176783.7
1726077600000,57688.3,57802.5,57660.1,57773.2,93723.3
1726078500000,57773.3,57977.5,57773.3,57884.7,198567.5
1726079400000,57884.6,57961.3,57638.4,57736.0,218404.4
1726080300000,57736.0,57742.5,57372.5,57500.0,272126.5
1726081200000,57499.9,57499.9,57321.3,57449.3,131707.2
1726082100000,57449.2,57600.0,57449.2,57578.5,80654.6
1726083000000,57579.8,57785.6,57475.3,57542.6,137249.1
1726083900000,57542.6,57679.9,57396.4,57582.3,100472.4
1726084800000,57583.4,57684.3,57507.4,57582.2,54207.2
1726085700000,57582.2,57627.8,57550.6,57592.5,24745.7
1726086600000,57592.6,57600.0,57441.3,57499.4,38024.6
1726087500000,57499.4,57591.9,57472.5,57479.5,36681.2
1726088400000,57479.5,57560.0,57272.0,57335.1,76998.3
1726089300000,57335.2,57417.5,57291.1,57298.6,31823.4
1726090200000,57298.6,57379.2,57247.0,57376.7,46719.1
1726091100000,57376.8,57405.9,57306.0,57355.4,23101.1
1726092000000,57355.4,57410.0,57308.5,57396.0,33265.8
1726092900000,57396.1,57413.3,57210.0,57313.8,56024.7
1726093800000,57313.8,57387.1,57302.5,57319.5,22924.4
1726094700000,57318.0,57468.2,57274.8,57468.2,33179.5
1726095600000,57468.1,57510.9,57406.3,57440.2,54007.5
1726096500000,57440.3,57491.9,57373.6,57388.0,36655.4
1726097400000,57388.0,57451.9,57374.1,57400.2,18261.2
1726098300000,57400.2,57445.0,57310.0,57342.8,30870.4
1726099200000,57340.2,57525.0,57325.0,57459.5,58928.8
1726100100000,57459.5,57738.1,57431.9,57609.7,192079.6
1726101000000,57609.7,57917.9,57579.3,57886.1,248368.4
1726101900000,57886.0,57891.1,57592.3,57619.2,99868.8
1726102800000,57619.2,57749.2,57576.2,57603.1,67124.9
1726103700000,57603.1,57780.0,57595.0,57771.1,46953.5
1726104600000,57771.2,57943.5,57696.9,57720.0,118126.2
1726105500000,57720.2,58333.3,57691.4,58145.9,372373.8
1726106400000,58146.0,58500.0,57940.0,57952.9,517651.2
1726107300000,57952.1,58098.0,57833.9,57978.0,138639.8
1726108200000,57978.1,58060.0,57833.0,58009.0,105853.7
1726109100000,58008.9,58087.4,57892.0,57946.7,65559.2
1726110000000,57946.7,58277.9,57940.5,58238.5,143752.3
1726110900000,58238.5,58294.9,58150.2,58274.8,66859.9
1726111800000,58274.8,58340.0,58162.9,58285.0,85609.2
1726112700000,58284.9,58322.5,58193.2,58229.5,43087.5
1726113600000,58229.6,58390.0,58166.0,58382.9,102311.6
1726114500000,58382.9,58431.3,58340.0,58361.5,86827.1
1726115400000,58361.4,58380.3,58230.5,58321.8,50947.9
1726116300000,58321.9,58321.9,58150.8,58175.5,73990.3
1726117200000,58175.6,58179.9,58053.3,58118.4,89831.5
1726118100000,58118.4,58161.0,58050.8,58074.2,51902.9
1726119000000,58074.2,58154.9,57969.3,58045.6,80077.9
1726119900000,58045.6,58133.6,57933.0,57982.2,97786.8
1726120800000,57982.2,58106.1,57939.0,58078.0,64375.2
1726121700000,58078.0,58099.7,57870.0,57938.0,71461.1
1726122600000,57938.0,57988.7,57850.0,57921.5,61078.9
1726123500000,57921.4,58006.8,57893.5,57954.1,39521.0
1726124400000,57954.1,58064.3,57869.3,57946.6,61694.3
1726125300000,57946.6,58076.3,57900.0,58059.9,42742.5
1726126200000,58060.0,58149.8,57994.2,58030.9,52307.8
1726127100000,58030.8,58146.0,57975.0,58132.4,63503.7
1726128000000,58132.4,58290.0,58093.9,58218.1,87740.4
1726128900000,58218.0,58319.2,58172.4,58310.0,92802.5
1726129800000,58310.0,58342.3,58252.0,58315.4,63772.3
1726130700000,58315.3,58331.0,58126.1,58159.2,94104.6
1726131600000,58159.3,58222.4,58088.8,58222.2,64909.7
1726132500000,58222.1,58253.5,58167.0,58172.4,44223.7
1726133400000,58172.3,58214.7,58089.4,58095.4,51340.7
1726134300000,58095.5,58110.4,57982.5,58026.3,85487.5
1726135200000,58026.2,58100.0,57998.2,58080.7,49910.8
1726136100000,58080.6,58098.0,58013.1,58033.9,34244.1
1726137000000,58033.9,58080.1,57934.8,57963.0,63358.0
1726137900000,57963.0,58018.1,57926.0,57934.7,35474.0
1726138800000,57934.8,57999.0,57883.2,57936.2,72204.5
1726139700000,57936.1,58100.0,57928.1,58100.0,72473.5
1726140600000,58100.0,58159.5,58008.1,58048.6,62000.1
1726141500000,58046.9,58120.0,58029.0,58059.3,21066.5
1726142400000,58059.2,58166.5,58053.1,58076.8,74732.4
1726143300000,58076.8,58138.0,58042.0,58107.1,60350.8
1726144200000,58107.1,58156.0,57711.1,57799.5,402534.4
1726145100000,57799.4,57862.6,57604.4,57700.2,320700.0
1726146000000,57700.2,57797.7,57616.0,57695.3,175324.8
1726146900000,57695.2,57760.0,57655.8,57760.0,80619.4
1726147800000,57760.0,57885.9,57561.7,57711.0,321839.1
1726148700000,57710.2,57737.8,57347.0,57620.9,395375.5
1726149600000,57621.0,57992.6,57555.0,57984.5,254286.8
1726150500000,57984.5,58280.0,57900.0,58250.5,439091.2
1726151400000,58250.5,58586.8,57976.1,58015.1,635808.2
1726152300000,58015.0,58032.0,57524.2,57534.3,455976.2
1726153200000,57534.3,57888.1,57403.0,57843.6,369054.5
1726154100000,57843.7,57843.7,57520.0,57609.5,151068.2
1726155000000,57609.6,57767.4,57555.0,57555.0,97292.5
1726155900000,57555.0,57594.1,57420.0,57511.8,179329.0
1726156800000,57511.8,57772.0,57495.1,57759.4,139454.0
1726157700000,57759.4,57924.6,57757.3,57802.0,132820.9
1726158600000,57802.0,57874.5,57688.1,57798.7,70820.1
1726159500000,57798.7,58140.2,57770.0,58063.2,170857.9
1726160400000,58063.1,58230.9,58004.8,58140.3,130958.2
1726161300000,58140.3,58306.0,58120.0,58140.1,202802.1
1726162200000,58140.1,58333.0,58094.0,58232.8,98758.9
1726163100000,58232.9,58422.1,58230.3,58395.7,122063.9
1726164000000,58395.8,58420.0,58237.3,58320.7,84218.2
1726164900000,58320.6,58456.0,58300.0,58388.0,118689.4
1726165800000,58387.9,58437.1,58280.0,58346.2,60301.8
1726166700000,58346.2,58391.0,57967.1,58174.5,174067.6
1726167600000,58174.6,58436.0,58128.3,58358.7,130503.7
1726168500000,58358.7,58442.6,58200.3,58263.5,71005.1
1726169400000,58263.4,58291.6,58151.1,58278.6,63964.6
1726170300000,58278.6,58410.7,58242.8,58399.4,76299.8
1726171200000,58399.5,58399.5,58171.9,58188.9,54281.1
1726172100000,58189.0,58286.7,58188.0,58213.8,25911.0
1726173000000,58213.7,58272.7,58115.0,58200.8,71121.3
1726173900000,58200.8,58260.0,58163.2,58209.9,44233.9
1726174800000,58210.0,58241.9,58059.4,58075.4,37023.4
1726175700000,58075.3,58075.4,57860.1,57988.4,83975.4
1726176600000,57988.5,58380.0,57762.4,57830.5,232331.6
1726177500000,57830.5,58008.7,57807.3,57924.3,76810.9
1726178400000,57924.2,58042.8,57889.4,57956.0,66603.3
1726179300000,57956.0,58078.4,57934.3,58044.8,37921.7
1726180200000,58044.9,58233.9,58013.2,58221.2,75790.8
1726181100000,58221.2,58260.3,58086.0,58144.6,42353.5
1726182000000,58144.0,58178.9,58029.1,58041.6,39256.0
1726182900000,58041.5,58095.5,58041.5,58061.0,19380.3
1726183800000,58061.0,58200.0,58061.0,58122.0,26021.9
1726184700000,58122.1,58187.2,58092.0,58127.9,21884.3
1726185600000,58127.9,58246.5,58123.6,58217.4,52454.5
1726186500000,58217.4,58240.2,58045.1,58087.8,39376.7
1726187400000,58087.8,58191.4,58045.0,58166.5,43472.2
1726188300000,58166.5,58213.1,58003.8,58039.0,57489.9
1726189200000,58039.1,58074.9,57870.9,57899.6,122035.2
1726190100000,57899.9,57982.6,57892.8,57976.7,36217.9
1726191000000,57976.7,57991.8,57929.3,57954.7,24637.7
1726191900000,57954.7,58266.7,57950.0,58137.6,85015.8
1726192800000,58137.6,58180.6,57992.0,58016.0,57546.0
1726193700000,58016.0,58061.2,57970.0,58040.8,26160.2
1726194600000,58040.9,58108.9,58010.0,58108.9,26259.9
1726195500000,58109.1,58109.1,58031.7,58051.2,24580.8
1726196400000,58051.1,58075.0,58026.8,58026.9,20116.6
1726197300000,58026.9,58039.6,57996.0,58020.5,19133.8
1726198200000,58020.6,58029.8,57871.0,57913.7,77834.7
1726199100000,57913.7,57948.1,57832.4,57859.9,55667.2
1726200000000,57859.9,57946.3,57825.0,57933.4,48715.6
1726200900000,57933.5,57979.8,57927.6,57976.9,22178.8
1726201800000,57976.6,57999.4,57850.0,57864.7,42698.9
1726202700000,57864.6,57905.0,57844.0,57844.0,27575.9
1726203600000,57844.0,57935.4,57840.1,57900.1,52444.9
1726204500000,57900.1,57909.5,57827.7,57866.3,43597.2
1726205400000,57866.2,58029.9,57848.2,57992.5,55902.9
1726206300000,57992.5,57992.6,57937.7,57941.3,20544.5
1726207200000,57941.2,57959.4,57846.4,57876.1,46124.6
1726208100000,57876.1,57935.0,57855.1,57855.1,26856.9
1726209000000,57855.1,57882.0,57735.0,57824.7,87957.6
1726209900000,57824.8,57824.8,57743.8,57768.1,34756.8
1726210800000,57768.2,57931.9,57768.1,57871.2,76429.2
1726211700000,57871.1,57978.4,57871.1,57969.8,48083.1
1726212600000,57969.8,57999.5,57918.9,57983.8,59710.0
1726213500000,57983.7,58145.0,57952.7,58117.6,151440.8
1726214400000,58117.5,58159.6,58043.0,58099.9,72702.0
1726215300000,58099.9,58100.0,58005.9,58058.1,48314.1
1726216200000,58058.0,58058.1,58001.9,58023.0,36008.2
1726217100000,58023.0,58062.5,57928.1,57963.3,44715.6
1726218000000,57963.4,58033.4,57928.6,58033.4,48161.8
1726218900000,58033.7,58156.6,58004.3,58112.6,79213.5
1726219800000,58112.6,58152.2,58080.6,58143.0,44256.2
1726220700000,58143.0,58143.1,58060.1,58060.1,27954.6
1726221600000,58060.1,58155.5,58034.4,58140.0,47774.0
1726222500000,58140.0,58201.0,58096.9,58171.9,64268.5
1726223400000,58171.9,58290.9,58140.1,58276.0,86088.4
1726224300000,58276.0,58355.2,58257.7,58350.4,115359.4
1726225200000,58350.4,58350.4,58263.6,58306.7,58578.1
1726226100000,58306.8,58335.9,58156.7,58185.8,77719.6
1726227000000,58185.7,58204.0,58069.0,58091.9,137145.1
1726227900000,58091.8,58128.0,57811.0,57876.0,193849.3
1726228800000,57876.0,57963.9,57819.7,57872.1,181032.3
1726229700000,57872.0,57926.8,57623.5,57695.5,439282.3
1726230600000,57695.4,57774.8,57650.0,57773.2,131973.7
1726231500000,57773.1,57940.0,57762.7,57892.6,154644.4
1726232400000,57892.6,57940.0,57727.6,57830.5,113171.4
1726233300000,57830.5,57837.8,57722.0,57733.5,42746.8
1726234200000,57733.6,58108.5,57680.4,58098.0,217188.1
1726235100000,58097.7,58165.9,57993.3,58042.5,204025.1
1726236000000,58041.9,58343.3,57852.1,58213.2,403680.7
1726236900000,58213.3,58317.8,58065.0,58072.2,181883.9
1726237800000,58072.2,58329.6,57822.2,58303.7,356938.2
1726238700000,58303.7,58572.7,58218.4,58445.5,342780.1
1726239600000,58445.4,58543.9,58357.4,58472.7,197725.6
1726240500000,58472.8,59139.0,58417.0,59034.5,949377.1
1726241400000,59034.6,59555.0,59034.6,59350.0,892561.5
1726242300000,59351.9,59732.9,59351.9,59659.9,484761.0
1726243200000,59658.4,59800.0,59552.4,59581.3,495620.7
1726244100000,59581.3,59734.9,59512.5,59621.9,206130.3
1726245000000,59621.9,59659.4,59360.0,59461.0,204035.2
1726245900000,59461.0,59530.6,59315.4,59448.5,139078.4
1726246800000,59448.5,59610.4,59441.2,59575.9,95436.7
1726247700000,59575.9,59675.0,59551.0,59590.8,102159.5
1726248600000,59590.8,59775.5,59587.2,59773.5,121699.5
1726249500000,59773.5,59998.0,59519.8,59587.7,380306.7
1726250400000,59587.7,59750.0,59470.8,59579.7,124936.9
1726251300000,59579.6,59666.0,59508.4,59545.5,65814.8
1726252200000,59544.1,59908.2,59508.0,59779.1,219623.3
1726253100000,59778.6,59848.9,59688.5,59755.1,74786.0
1726254000000,59755.0,59914.9,59730.0,59868.5,82252.3
1726254900000,59868.5,59979.9,59822.2,59971.9,76001.4
1726255800000,59971.9,59998.0,59786.3,59899.9,103372.3
1726256700000,59899.9,59920.0,59640.0,59730.0,112767.5
1726257600000,59730.0,59745.5,59616.8,59679.9,61869.4
1726258500000,59679.9,59860.0,59679.8,59826.1,53015.0
1726259400000,59826.1,59950.0,59822.7,59942.0,52544.1
1726260300000,59941.9,59942.0,59817.1,59824.9,35509.3
1726261200000,59824.8,60350.0,59810.0,60078.9,371359.7
1726262100000,60078.8,60371.7,60043.3,60181.8,133835.8
1726263000000,60181.7,60362.9,60103.0,60235.9,103134.1
1726263900000,60235.9,60305.9,60177.5,60280.0,59001.0
1726264800000,60280.0,60562.3,60243.3,60395.1,240774.3
1726265700000,60395.1,60650.0,60357.3,60467.8,314522.5
1726266600000,60467.8,60585.2,60361.0,60535.1,97966.3
1726267500000,60535.1,60645.0,60525.8,60626.5,132918.3
1726268400000,60626.5,60644.9,60379.5,60379.9,144463.5
1726269300000,60380.0,60440.0,60350.0,60365.9,58941.8
1726270200000,60365.9,60533.2,60340.0,60516.2,67671.8
1726271100000,60516.1,60618.2,60492.3,60495.9,80872.3
1726272000000,60495.9,60600.0,60471.4,60508.7,72701.7
1726272900000,60508.7,60614.6,60484.7,60484.9,49424.5
1726273800000,60484.9,60500.0,60370.0,60481.3,98133.8
1726274700000,60481.3,60500.0,60404.8,60408.9,29413.2
1726275600000,60408.9,60598.0,60408.9,60505.8,86145.6
1726276500000,60505.9,60555.0,60486.7,60553.0,39682.5
1726277400000,60552.9,60580.0,60490.2,60529.8,37355.3
1726278300000,60529.8,60538.9,60408.9,60408.9,37636.1
1726279200000,60409.0,60504.2,60408.9,60490.0,43819.0
1726280100000,60490.0,60504.6,60418.0,60446.1,27139.2
1726281000000,60446.2,60446.2,60383.0,60390.2,32433.6
1726281900000,60390.3,60427.0,60288.0,60290.0,75726.8
1726282800000,60290.0,60395.8,60289.9,60365.9,56766.5
1726283700000,60365.9,60440.0,60365.8,60401.2,33388.9
1726284600000,60401.2,60437.9,60333.3,60333.3,27129.6
1726285500000,60333.3,60369.5,60314.1,60329.3,20946.7
1726286400000,60328.1,60351.9,60292.4,60292.4,43389.3
1726287300000,60292.4,60356.0,60270.0,60325.0,35780.8
1726288200000,60324.2,60324.2,60252.0,60264.9,25219.4
1726289100000,60264.9,60288.6,60190.0,60220.7,64458.8
1726290000000,60220.7,60248.0,60195.1,60211.6,38680.6
1726290900000,60211.7,60228.0,60104.0,60118.3,77413.6
1726291800000,60118.3,60168.0,60066.4,60154.9,77160.8
1726292700000,60154.9,60155.0,59930.9,59941.0,128394.2
1726293600000,59941.0,60046.7,59920.0,60038.2,86612.0
1726294500000,60038.1,60038.8,59970.0,59994.1,30618.2
1726295400000,59994.2,60038.0,59909.5,60037.9,63197.0
1726296300000,60038.0,60107.9,60018.2,60062.1,58734.0
1726297200000,60062.0,60062.1,60002.6,60059.4,26315.0
1726298100000,60059.4,60118.9,60036.4,60114.8,35275.6
1726299000000,60114.8,60186.9,60103.8,60151.1,63141.9
1726299900000,60151.2,60184.9,60123.9,60143.0,28463.4
1726300800000,60143.0,60167.9,60030.6,60049.7,43313.6
1726301700000,60049.7,60078.8,60001.3,60001.3,39165.4
1726302600000,60001.4,60065.7,59992.0,60019.8,33664.7
1726303500000,60019.7,60019.8,59950.7,60000.1,37695.9
1726304400000,60000.1,60065.4,59988.0,60019.2,32273.1
1726305300000,60019.2,60019.2,59955.7,59980.2,21809.1
1726306200000,59980.2,60013.0,59924.7,59962.0,43101.5
1726307100000,59962.0,60090.0,59884.8,60086.6,59870.7
1726308000000,60086.6,60086.6,59964.0,60013.9,36083.4
1726308900000,60013.8,60013.8,59930.9,59995.2,51946.8
1726309800000,59995.1,59995.2,59926.7,59937.9,24601.8
1726310700000,59937.9,59937.9,59785.1,59850.0,159490.5
1726311600000,59850.1,59850.1,59710.8,59764.5,128277.6
1726312500000,59764.5,59849.0,59730.0,59792.6,120198.1
1726313400000,59792.6,59824.8,59643.5,59688.1,118942.3
1726314300000,59688.1,59734.4,59586.8,59699.7,138201.8
1726315200000,59699.7,59788.9,59626.4,59780.1,93264.4
1726316100000,59780.2,59829.2,59748.6,59821.3,55933.8
1726317000000,59821.4,59821.4,59750.1,59763.3,36125.6
1726317900000,59763.3,59864.5,59761.5,59786.0,53361.7
1726318800000,59786.0,59791.5,59740.3,59760.0,35406.3
1726319700000,59760.1,59760.1,59655.4,59690.1,58141.6
1726320600000,59690.0,59744.2,59635.0,59735.5,49724.4
1726321500000,59735.5,59789.5,59710.0,59769.6,34011.7
1726322400000,59769.5,59783.3,59698.5,59725.0,39813.0
1726323300000,59725.0,60021.4,59700.8,59936.3,134744.2
1726324200000,59936.4,60023.6,59850.0,59888.0,112476.4
1726325100000,59888.1,59953.7,59857.0,59910.7,34125.2
1726326000000,59910.7,59958.0,59871.0,59904.7,39670.7
1726326900000,59904.6,59945.9,59865.5,59924.7,21829.2
1726327800000,59924.8,59926.6,59830.0,59838.1,39770.8
1726328700000,59838.1,59904.6,59820.0,59867.0,30389.6
1726329600000,59865.3,59930.4,59830.1,59930.0,38641.8
1726330500000,59930.0,59980.7,59850.0,59855.1,38051.0
1726331400000,59855.2,59945.9,59855.1,59923.8,17016.5
1726332300000,59923.9,59989.7,59838.6,59980.0,50047.9
1726333200000,59980.0,59980.0,59882.0,59888.0,42021.8
1726334100000,59888.0,59936.4,59877.0,59882.0,18318.6
1726335000000,59882.1,59882.1,59840.6,59870.3,28661.5
1726335900000,59870.1,59893.0,59853.3,59889.6,13216.5
1726336800000,59889.6,59903.2,59374.2,59631.9,461396.9
1726337700000,59631.8,59766.0,59565.0,59654.3,72582.2
1726338600000,59654.3,59775.0,59654.3,59757.2,28494.3
1726339500000,59757.1,59825.5,59704.1,59782.4,35731.1
1726340400000,59782.4,59790.5,59730.0,59768.0,16077.0
1726341300000,59768.0,59880.2,59755.2,59879.1,31387.6
1726342200000,59879.0,59925.0,59798.2,59840.3,25122.1
1726343100000,59840.3,59859.0,59806.5,59810.6,10475.2
1726344000000,59810.5,59855.0,59787.3,59795.0,14623.5
1726344900000,59795.0,60147.7,59769.5,60009.9,139682.7
1726345800000,60010.0,60048.8,59944.0,59969.3,48106.5
1726346700000,59969.3,60050.0,59940.3,60015.1,30743.8
1726347600000,60015.0,60038.1,59959.8,60009.9,27239.5
1726348500000,60009.9,60046.8,59985.7,60029.9,14503.2
1726349400000,60029.8,60037.2,59941.3,60014.9,18688.3
1726350300000,60014.9,60065.2,59989.5,60028.1,24463.9
1726351200000,60028.2,60137.9,59939.3,59970.0,50442.5
1726352100000,59970.0,59997.0,59932.0,59976.7,13977.0
1726353000000,59976.7,60129.1,59976.7,60040.1,24313.1
1726353900000,60040.0,60062.9,59996.9,60012.8,10349.5
1726354800000,60012.7,60055.6,60000.0,60009.0,16614.3
1726355700000,60009.0,60023.0,59959.2,59971.3,17663.1
1726356600000,59971.2,59990.0,59949.0,59961.9,18120.7
1726357500000,59962.0,60010.9,59960.8,59992.8,13763.3
1726358400000,59992.8,60029.4,59986.3,60029.2,19115.0
1726359300000,60029.1,60071.1,60002.0,60071.0,16628.3
1726360200000,60071.0,60099.0,60056.6,60090.4,24363.2
1726361100000,60090.3,60124.4,59980.0,60028.8,45352.0
1726362000000,60028.9,60128.0,60028.8,60120.7,103418.4
1726362900000,60120.7,60263.7,60090.3,60187.4,88769.4
1726363800000,60187.4,60280.0,60158.3,60185.0,55684.2
1726364700000,60185.0,60261.5,60184.9,60222.9,39194.0
1726365600000,60222.9,60240.0,60155.0,60168.0,26577.9
1726366500000,60168.1,60201.9,60109.4,60173.9,48130.7
1726367400000,60173.9,60246.3,60173.9,60224.9,27868.0
1726368300000,60224.9,60263.9,60220.5,60235.0,23418.3
1726369200000,60235.0,60236.0,60202.2,60234.0,18809.0
1726370100000,60233.9,60243.4,60175.0,60178.5,20177.4
1726371000000,60178.6,60200.1,60130.9,60175.3,42288.3
1726371900000,60175.3,60175.4,60121.5,60154.3,28238.5
1726372800000,60154.3,60200.0,60154.2,60188.7,19196.4
1726373700000,60188.7,60234.4,60073.0,60139.2,62888.2
1726374600000,60139.1,60160.0,60127.9,60128.1,24220.3
1726375500000,60128.0,60149.9,60098.2,60118.0,18893.0
1726376400000,60118.0,60150.0,60114.0,60150.0,13972.1
1726377300000,60150.0,60214.4,60146.1,60206.1,28433.8
1726378200000,60206.0,60217.3,60171.5,60210.5,25242.0
1726379100000,60210.5,60210.6,60143.5,60144.0,18659.0
1726380000000,60144.0,60183.2,60132.0,60133.8,18084.9
1726380900000,60133.9,60156.4,60133.8,60145.9,9653.5
1726381800000,60146.0,60153.6,60140.0,60144.9,7233.4
1726382700000,60145.0,60168.9,60140.0,60161.1,9371.5
1726383600000,60161.2,60161.2,60133.9,60133.9,14347.3
1726384500000,60133.9,60217.7,60126.6,60198.6,44461.8
1726385400000,60198.5,60198.6,60152.8,60179.9,16281.9
1726386300000,60180.0,60198.4,60172.7,60190.1,14059.3
1726387200000,60190.1,60200.0,60135.5,60164.3,33165.9
1726388100000,60164.3,60199.3,60030.1,60073.0,73545.1
1726389000000,60073.0,60118.0,60064.0,60110.9,25321.9
1726389900000,60111.0,60120.1,60057.0,60073.7,20036.0
1726390800000,60073.8,60093.8,60032.2,60059.0,23198.5
1726391700000,60059.0,60114.2,60059.0,60100.8,23175.1
1726392600000,60100.9,60109.8,60055.0,60055.9,19142.6
1726393500000,60055.9,60073.8,60010.9,60022.1,53673.0
1726394400000,60022.0,60056.1,59978.0,60000.4,52403.3
1726395300000,60000.3,60000.4,59950.6,59951.4,68180.6
1726396200000,59951.4,60033.2,59870.0,60010.0,85837.8
1726397100000,60010.1,60022.0,59976.1,59992.2,21878.1
1726398000000,59992.1,59997.9,59913.0,59945.2,50160.5
1726398900000,59945.1,59975.0,59905.0,59974.2,42014.9
1726399800000,59974.1,60047.9,59949.8,60023.5,93422.7
1726400700000,60023.5,60033.7,59994.0,60001.9,57196.2
1726401600000,60001.9,60002.0,59949.8,59975.9,34954.7
1726402500000,59975.9,60028.2,59951.4,60013.6,41827.5
1726403400000,60013.7,60038.0,59986.8,60024.0,41028.5
1726404300000,60024.0,60146.8,59985.1,60113.7,57540.0
1726405200000,60113.6,60245.2,60080.1,60178.0,123865.1
1726406100000,60178.0,60363.5,60177.9,60211.2,147674.6
1726407000000,60211.2,60235.9,60143.0,60186.3,50223.3
1726407900000,60186.3,60192.0,60114.2,60187.9,45570.5
1726408800000,60187.8,60235.6,59983.2,60042.5,74445.2
1726409700000,60042.5,60075.2,59880.0,60075.2,162430.2
1726410600000,60075.1,60204.8,60075.1,60150.1,77451.0
1726411500000,60150.1,60288.0,60114.5,60276.0,86597.9
1726412400000,60276.1,60415.8,60187.5,60215.9,152313.4
1726413300000,60216.0,60269.9,60167.5,60258.0,30314.2
1726414200000,60258.0,60382.9,60208.3,60377.9,40264.9
1726415100000,60377.9,60379.9,60293.7,60336.8,53087.6
1726416000000,60336.8,60350.0,60178.8,60180.0,50169.6
1726416900000,60180.1,60238.2,60015.0,60106.5,103966.8
1726417800000,60106.5,60139.8,59992.4,59992.5,53362.0
1726418700000,59992.4,60067.7,59937.7,59960.0,69704.0
1726419600000,59960.0,60058.9,59678.1,59836.3,229054.0
1726420500000,59836.2,59945.9,59760.0,59914.5,105086.6
1726421400000,59914.5,59914.5,59755.0,59811.8,86171.4
1726422300000,59811.7,59866.8,59752.6,59826.0,41732.2
1726423200000,59826.0,59926.2,59800.0,59807.5,35522.9
1726424100000,59807.6,59840.5,59760.1,59840.5,31333.2
1726425000000,59840.5,59937.2,59750.0,59790.7,70610.1
1726425900000,59790.6,60193.9,59765.0,59973.7,230476.1
1726426800000,59973.7,60149.1,59960.3,60037.5,72486.2
1726427700000,60037.5,60071.0,59806.0,59867.5,66325.0
1726428600000,59867.6,59920.0,59823.4,59866.2,30666.6
1726429500000,59866.6,59897.3,59813.4,59885.8,25122.9
1726430400000,59885.7,59919.7,59750.0,59899.1,56460.2
1726431300000,59899.1,59947.3,59688.6,59737.1,57026.9
1726432200000,59737.1,59850.0,59728.0,59788.5,32181.0
1726433100000,59788.4,59881.1,59756.0,59801.0,51802.7
1726434000000,59801.0,59806.1,59540.0,59556.0,200372.6
1726434900000,59556.0,59716.0,59453.9,59540.1,112048.7
1726435800000,59540.1,59655.0,59518.9,59641.3,48806.3
1726436700000,59641.2,59705.2,59534.6,59664.7,36053.0
1726437600000,59664.7,59698.6,59384.6,59433.7,179773.4
1726438500000,59433.8,59495.7,59400.0,59431.0,46508.2
1726439400000,59431.1,59495.7,59407.1,59454.2,46037.8
1726440300000,59454.1,59484.9,59410.0,59436.9,30710.8
1726441200000,59436.5,59468.0,58679.5,58847.1,744074.5
1726442100000,58847.1,59277.0,58766.0,59256.1,344012.0
1726443000000,59256.1,59259.7,58918.9,59144.1,174729.9
1726443900000,59144.2,59211.0,59110.0,59130.0,50055.9
1726444800000,59130.1,59212.4,58955.0,58958.0,109847.0
1726445700000,58958.0,59031.1,58800.4,58891.8,158238.7
1726446600000,58891.8,58891.8,58597.0,58750.1,342178.3
1726447500000,58750.1,58822.0,58635.2,58669.1,126521.2
1726448400000,58668.2,58731.9,58500.0,58528.4,202613.4
1726449300000,58528.4,58771.6,58446.0,58726.1,199992.9
1726450200000,58726.1,58818.0,58402.7,58685.9,183227.6
1726451100000,58686.0,58738.5,58425.6,58612.8,133179.5
1726452000000,58612.9,58681.9,58320.5,58409.9,182378.6
1726452900000,58409.9,58515.0,58262.2,58390.6,181395.4
1726453800000,58390.5,58505.1,58295.8,58380.1,102124.0
1726454700000,58380.0,58470.0,58115.0,58279.4,188856.7
1726455600000,58279.4,58360.0,58220.0,58358.9,103412.4
1726456500000,58359.3,58466.3,58342.0,58437.2,87971.5
1726457400000,58437.2,58550.1,58433.3,58470.6,120202.0
1726458300000,58470.6,58620.0,58470.1,58572.8,76339.4
1726459200000,58572.7,58601.1,58454.8,58497.8,82012.9
1726460100000,58497.8,58513.8,58402.0,58469.9,68065.3
1726461000000,58470.0,58506.5,58402.0,58414.9,54727.2
1726461900000,58414.8,58443.5,58320.3,58365.9,57815.5
1726462800000,58365.9,58567.0,58355.8,58558.1,76568.4
1726463700000,58558.1,58649.5,58456.1,58483.8,105032.2
1726464600000,58483.9,58500.0,58407.8,58499.9,49385.0
1726465500000,58499.9,58676.9,58499.9,58664.0,83660.3
1726466400000,58663.9,58826.0,58620.0,58806.1,145180.3
1726467300000,58806.2,58850.0,58691.1,58739.2,127629.5
1726468200000,58739.2,58748.9,58673.3,58688.6,39196.0
1726469100000,58688.6,58716.3,58625.0,58705.8,55259.1
1726470000000,58705.8,58800.5,58666.1,58800.1,29233.4
1726470900000,58800.0,58863.5,58750.0,58850.5,49889.9
1726471800000,58850.4,58912.8,58800.0,58829.4,67518.8
1726472700000,58829.4,58957.4,58826.7,58896.1,78894.2
1726473600000,58896.1,58940.0,58850.0,58917.9,98754.0
1726474500000,58917.8,59186.3,58888.0,59073.8,221589.0
1726475400000,59073.9,59110.0,58938.1,58977.8,110669.6
1726476300000,58977.9,59009.8,58911.8,58930.0,51821.5
1726477200000,58929.9,59040.0,58905.0,59040.0,45503.1
1726478100000,59039.9,59042.3,58770.9,58833.9,127935.4
1726479000000,58833.9,58842.3,58646.3,58711.7,119621.5
1726479900000,58711.8,58715.0,58582.5,58632.0,121787.9
1726480800000,58632.0,58645.0,58528.0,58582.5,77808.3
1726481700000,58582.5,58638.9,58501.1,58605.4,67758.3
1726482600000,58605.3,58690.0,58538.9,58690.0,93906.5
1726483500000,58690.0,58754.5,58643.3,58752.1,63445.0
1726484400000,58752.0,58798.9,58700.0,58782.1,49964.3
1726485300000,58782.2,58842.0,58664.6,58733.3,76791.8
1726486200000,58733.3,58777.0,58650.0,58653.9,55490.3
1726487100000,58653.9,58696.0,58649.0,58658.4,25031.0
1726488000000,58658.4,58790.0,58636.0,58760.2,40831.9
1726488900000,58760.2,58767.3,58561.6,58608.7,144350.0
1726489800000,58608.6,58690.2,58435.0,58646.7,128125.9
1726490700000,58646.7,58700.0,58478.0,58535.0,93746.5
1726491600000,58534.9,58624.6,58466.7,58565.8,58757.6
1726492500000,58565.9,58610.0,58375.9,58540.8,95001.7
1726493400000,58540.9,58557.9,58074.2,58099.9,464209.6
1726494300000,58099.9,58500.0,58012.0,58490.7,313725.2
1726495200000,58495.1,58567.1,58191.3,58389.2,195933.7
1726496100000,58389.2,58439.9,57892.0,57998.1,300422.5
1726497000000,57998.0,58012.5,57580.0,57774.8,675202.7
1726497900000,57774.8,57813.0,57585.1,57613.6,202844.1
1726498800000,57613.6,57926.0,57566.2,57841.5,255897.9
1726499700000,57841.5,57979.0,57800.0,57927.6,115147.7
1726500600000,57927.6,58009.4,57812.0,57829.8,103331.6
1726501500000,57829.8,57996.1,57766.7,57887.8,93143.4
1726502400000,57887.8,57940.9,57778.0,57837.5,119331.5
1726503300000,57837.5,57963.8,57711.2,57914.7,121469.7
1726504200000,57914.8,57931.9,57756.3,57758.8,66059.3
1726505100000,57758.9,57903.4,57671.9,57806.2,149116.6
1726506000000,57806.3,57816.7,57450.0,57585.0,271620.8
1726506900000,57586.0,57743.8,57512.1,57697.8,163058.6
1726507800000,57697.8,57949.6,57512.0,57846.1,229426.0
1726508700000,57846.2,58288.0,57846.2,58169.1,336816.8
1726509600000,58169.1,58193.3,57718.1,57718.2,283512.8
1726510500000,57718.2,57860.8,57718.1,57781.3,85777.8
1726511400000,57781.2,57934.5,57705.1,57705.1,123812.9
1726512300000,57705.2,57910.1,57700.0,57904.0,89259.9
1726513200000,57904.1,57984.2,57825.1,57855.6,80275.9
1726514100000,57855.6,58023.2,57802.0,57960.2,67791.2
1726515000000,57960.1,58006.5,57874.5,57980.8,24986.1
1726515900000,57981.4,58041.7,57864.4,57954.2,73544.2
1726516800000,57954.2,58178.0,57852.0,58166.1,131251.4
1726517700000,58166.1,58166.2,57812.0,57816.4,123045.0
1726518600000,57816.7,57865.0,57721.2,57817.5,66481.3
1726519500000,57817.5,57838.3,57638.7,57697.4,58953.5
1726520400000,57698.3,57857.8,57602.9,57815.8,73289.2
1726521300000,57815.8,57906.4,57734.5,57831.8,41034.6
1726522200000,57831.9,57888.8,57781.8,57818.8,23870.4
1726523100000,57818.7,58009.9,57818.7,58005.7,37976.9
1726524000000,58005.8,58048.0,57836.8,57851.6,63363.7
1726524900000,57851.7,57996.6,57851.7,57931.1,29378.6
1726525800000,57931.2,57980.0,57877.8,57902.9,17321.8
1726526700000,57902.8,58001.3,57855.4,57973.9,16255.0
1726527600000,57973.9,58139.9,57973.9,58081.7,52074.6
1726528500000,58081.8,58268.5,58081.8,58233.0,62404.0
1726529400000,58232.9,58287.6,58203.8,58269.9,57724.3
1726530300000,58270.0,58429.2,58182.6,58210.5,104309.8
1726531200000,58210.4,58343.0,58171.2,58317.5,53946.9
1726532100000,58317.5,58344.6,58141.5,58199.9,38039.2
1726533000000,58199.9,58229.9,58070.0,58082.9,49427.8
1726533900000,58082.8,58095.0,57613.1,57631.9,263003.7
1726534800000,57631.9,57852.0,57622.5,57707.2,135538.3
1726535700000,57707.2,57845.0,57690.1,57833.0,61885.4
1726536600000,57833.0,57955.0,57786.1,57938.8,61192.5
1726537500000,57938.9,57962.0,57848.1,57898.2,30972.5
1726538400000,57899.6,57956.1,57838.0,57846.1,31454.5
1726539300000,57846.0,57977.6,57838.0,57905.9,47690.7
1726540200000,57905.8,58162.0,57880.2,58124.1,116627.6
1726541100000,58124.1,58228.0,58076.1,58120.6,103814.9
1726542000000,58120.9,58160.0,58040.0,58090.0,53518.1
1726542900000,58090.0,58124.6,58013.1,58084.0,35741.8
1726543800000,58084.1,58149.7,58070.6,58141.9,20615.8
1726544700000,58141.9,58148.0,58058.0,58072.0,21735.9
1726545600000,58072.0,58174.2,58032.9,58150.6,46946.9
1726546500000,58150.7,58249.9,58140.2,58225.3,40833.8
1726547400000,58225.4,58278.0,58204.3,58278.0,61851.3
1726548300000,58278.0,58340.1,58226.6,58243.8,67590.6
1726549200000,58243.8,58327.0,58230.0,58307.1,42547.0
1726550100000,58307.2,58371.4,58302.0,58367.9,47936.2
1726551000000,58368.0,58484.3,58367.9,58422.2,84578.6
1726551900000,58422.2,58799.9,58422.1,58640.5,303495.7
1726552800000,58640.5,58672.5,58491.7,58504.8,114998.3
1726553700000,58504.9,58565.4,58440.2,58446.6,54550.1
1726554600000,58446.6,58575.0,58446.6,58554.8,39290.9
1726555500000,58554.8,58554.9,58484.5,58485.0,25486.9
1726556400000,58485.0,58600.0,58445.4,58571.1,42275.8
1726557300000,58571.1,58650.0,58519.9,58556.4,44452.8
1726558200000,58556.4,58690.0,58556.4,58678.1,59892.6
1726559100000,58678.0,58723.3,58655.0,58695.8,60427.4
1726560000000,58695.9,58850.0,58685.7,58758.8,133183.0
1726560900000,58759.9,58797.4,58627.3,58664.9,64455.6
1726561800000,58664.9,58866.0,58663.7,58820.2,80405.2
1726562700000,58820.2,58820.2,58715.0,58802.0,38160.0
1726563600000,58802.0,58964.0,58726.2,58754.9,140205.5
1726564500000,58754.9,58818.7,58696.3,58735.9,64726.7
1726565400000,58736.0,58887.1,58723.0,58812.0,62151.0
1726566300000,58812.1,59086.0,58804.8,58967.6,185417.7
1726567200000,58967.7,59042.3,58912.0,59017.7,105713.7
1726568100000,59017.7,59142.9,59006.0,59092.9,140233.1
1726569000000,59092.9,59249.9,59055.8,59166.7,166851.7
1726569900000,59166.7,59270.5,59166.1,59236.0,116586.3
1726570800000,59235.9,59298.0,59120.0,59120.1,136082.4
1726571700000,59120.0,59172.8,59025.0,59138.6,98003.3
1726572600000,59138.5,59193.5,59052.0,59088.7,47140.1
1726573500000,59089.4,59175.9,59036.9,59089.0,49139.8
1726574400000,59089.1,59237.1,59083.0,59083.0,77193.3
1726575300000,59083.0,59220.0,59050.0,59191.6,69241.6
1726576200000,59191.6,59360.0,59132.3,59315.3,180078.8
1726577100000,59315.3,59460.8,59258.9,59371.3,219303.9
1726578000000,59371.2,59385.0,59199.4,59213.0,114122.5
1726578900000,59213.0,59422.1,59190.0,59266.8,95137.3
1726579800000,59266.9,59385.6,58950.1,59000.3,312942.1
1726580700000,59000.3,59089.7,58868.0,58958.4,225638.8
1726581600000,58958.4,59785.7,58935.7,59734.8,581379.0
1726582500000,59734.8,60399.0,59734.8,60208.6,1111420.5
1726583400000,60208.0,60268.9,59747.9,60105.8,582628.6
1726584300000,60105.5,60380.0,60093.0,60279.9,404575.8
1726585200000,60280.0,61092.5,60240.0,61062.0,1239460.6
1726586100000,61062.0,61366.0,61061.9,61160.0,733615.7
1726587000000,61160.1,61263.6,60936.4,60940.1,264809.8
1726587900000,60940.0,61185.2,60804.5,61139.8,263232.5
1726588800000,61139.9,61276.0,61096.2,61114.1,194604.2
1726589700000,61114.1,61114.1,60730.5,60930.2,316009.6
1726590600000,60930.3,61083.9,60734.5,61018.2,261152.9
1726591500000,61018.1,61139.6,60823.9,60887.7,159216.1
1726592400000,60887.7,60995.9,60694.7,60853.2,185405.9
1726593300000,60852.3,61015.4,60738.9,60926.0,112330.8
1726594200000,60926.1,60998.1,60811.4,60840.0,76272.9
1726595100000,60840.8,61000.0,60740.8,60973.4,97634.1
1726596000000,60973.4,61086.0,60909.1,60922.2,113774.1
1726596900000,60922.1,61082.0,60851.1,61011.5,93434.2
1726597800000,61009.2,61058.9,60860.0,60876.3,56529.0
1726598700000,60876.8,60918.0,60412.0,60551.6,375116.0
1726599600000,60551.6,60710.0,60491.1,60663.3,131709.5
1726600500000,60663.2,60663.2,60328.0,60437.9,176610.1
1726601400000,60437.9,60466.0,60127.8,60146.7,207982.1
1726602300000,60146.6,60171.9,59630.0,59984.6,712287.4
1726603200000,59985.7,60018.5,59750.0,59978.8,233884.4
1726604100000,59978.9,60222.5,59978.8,60183.9,131930.7
1726605000000,60183.9,60353.7,59971.0,60009.2,246384.1
1726605900000,60009.1,60178.8,60009.1,60121.8,64930.7
1726606800000,60121.7,60317.1,60107.5,60276.8,51573.8
1726607700000,60276.9,60382.0,60244.7,60322.2,62303.0
1726608600000,60322.2,60444.8,60275.0,60391.0,70037.9
1726609500000,60391.5,60394.2,60240.0,60340.5,42941.4
1726610400000,60340.5,60346.8,60128.6,60244.1,74083.7
1726611300000,60244.2,60303.4,60132.0,60186.9,56484.0
1726612200000,60186.8,60291.5,60175.1,60291.5,39321.1
1726613100000,60291.5,60359.6,60246.0,60246.2,28302.3
1726614000000,60246.2,60246.7,60008.7,60104.4,61891.7
1726614900000,60104.3,60233.4,60102.6,60172.8,36711.2
1726615800000,60172.7,60261.9,60150.0,60208.3,24189.3
1726616700000,60208.3,60337.7,60208.3,60318.4,35357.6
1726617600000,60318.4,60343.7,60120.0,60151.7,65140.9
1726618500000,60151.7,60205.7,60002.0,60084.1,64841.2
1726619400000,60084.1,60108.0,59874.0,60107.9,131085.0
1726620300000,60108.0,60285.4,60107.9,60236.1,81511.7
1726621200000,60236.0,60329.2,60037.3,60077.4,77694.0
1726622100000,60077.3,60265.0,59990.0,60239.9,53634.1
1726623000000,60239.9,60292.0,60100.0,60261.8,51313.3
1726623900000,60261.9,60261.9,60050.0,60121.6,49827.2
1726624800000,60121.6,60243.3,60080.0,60226.1,63155.7
1726625700000,60226.0,60259.0,60138.0,60177.9,40096.3
1726626600000,60177.9,60280.0,60152.6,60253.7,33371.5
1726627500000,60253.7,60372.1,60190.2,60360.0,80558.7
1726628400000,60360.0,60766.0,60354.0,60585.1,259063.8
1726629300000,60585.1,60624.0,60478.0,60617.1,79958.4
1726630200000,60617.1,60750.0,60527.3,60750.0,97071.3
1726631100000,60749.9,60782.0,60504.5,60513.7,82967.5
1726632000000,60513.7,60606.7,60474.0,60592.9,58403.0
1726632900000,60592.9,60688.8,60548.3,60629.0,55828.0
1726633800000,60629.0,60640.0,60445.0,60466.6,73508.9
1726634700000,60466.6,60500.0,60309.1,60428.1,87704.2
1726635600000,60428.0,60428.0,60271.7,60385.1,69669.5
1726636500000,60385.1,60385.1,60284.6,60358.4,34791.1
1726637400000,60358.4,60364.8,60212.2,60215.8,77348.7
1726638300000,60215.9,60276.0,60193.7,60238.2,42192.0
1726639200000,60238.1,60340.0,60200.0,60327.0,58209.6
1726640100000,60327.1,60369.2,60302.6,60302.6,34835.1
1726641000000,60302.7,60368.7,60270.0,60339.9,24634.4
1726641900000,60339.9,60490.0,60335.0,60457.9,63894.8
1726642800000,60457.9,60560.0,60448.7,60471.7,56652.1
1726643700000,60471.7,60489.9,60333.3,60419.2,44834.9
1726644600000,60419.3,60485.0,60384.2,60424.1,34232.0
1726645500000,60424.0,60480.0,60401.5,60426.0,22660.9
1726646400000,60426.1,60426.1,60130.0,60194.7,121337.6
1726647300000,60194.7,60281.8,60143.2,60166.2,50721.3
1726648200000,60166.2,60220.9,60140.0,60164.3,38746.4
1726649100000,60164.3,60224.0,60078.8,60208.0,67854.6
1726650000000,60206.0,60206.0,60018.2,60023.9,110180.5
1726650900000,60024.0,60103.4,59924.1,59965.0,137892.0
1726651800000,59967.9,59984.0,59860.0,59925.2,107451.9
1726652700000,59925.2,59964.2,59663.8,59663.8,218805.1
1726653600000,59663.2,59818.5,59540.4,59546.0,231629.0
1726654500000,59546.0,59719.4,59370.2,59695.5,287635.7
1726655400000,59695.5,59939.9,59664.0,59846.5,171502.0
1726656300000,59846.6,59930.0,59811.1,59909.7,62326.9
1726657200000,59909.7,59920.0,59827.7,59858.0,49388.3
1726658100000,59857.9,59993.0,59857.9,59987.7,92157.9
1726659000000,59988.0,60034.5,59863.0,59917.0,85071.1
1726659900000,59916.9,59971.4,59817.2,59855.2,70787.7
1726660800000,59855.2,59922.7,59743.2,59752.0,76297.7
1726661700000,59752.0,59946.0,59691.9,59855.1,123821.0
1726662600000,59855.1,59996.1,59855.1,59910.0,59117.1
1726663500000,59909.9,60022.7,59864.0,59991.9,81987.4
1726664400000,59991.9,60176.7,59820.3,59898.9,211604.4
1726665300000,59898.9,60080.7,59850.0,59928.2,114181.0
1726666200000,59928.7,59953.9,59606.0,59650.0,233363.8
1726667100000,59649.9,59659.7,59306.1,59514.0,405760.6
1726668000000,59513.9,59619.6,59340.1,59477.6,215524.8
1726668900000,59477.6,59714.2,59355.0,59644.5,180167.2
1726669800000,59644.5,59796.2,59439.0,59698.9,160234.4
1726670700000,59698.9,59777.9,59400.0,59500.1,143387.1
1726671600000,59500.1,59765.1,59500.1,59650.0,118180.8
1726672500000,59650.1,59659.2,59480.0,59617.3,63976.3
1726673400000,59617.2,59617.3,59360.4,59383.2,108468.8
1726674300000,59383.2,59532.7,59310.0,59434.2,104085.7
1726675200000,59434.2,59616.0,59162.8,59499.9,286704.3
1726676100000,59499.9,59748.8,59499.9,59698.0,103985.4
1726677000000,59698.0,59930.3,59672.4,59809.0,155766.5
1726677900000,59809.0,59966.0,59741.0,59917.3,95139.9
1726678800000,59917.3,59940.6,59511.2,59552.8,155422.5
1726679700000,59552.7,59800.0,59550.0,59799.9,115159.5
1726680600000,59799.9,60062.0,59771.5,59980.0,252467.0
1726681500000,59980.1,60263.3,59924.3,60023.6,252216.6
1726682400000,60023.6,61100.0,59768.0,60180.5,1848149.8
1726683300000,60180.5,60681.6,60172.2,60525.4,446222.6
1726684200000,60525.4,61425.9,60271.6,60398.5,1255401.9
1726685100000,60398.4,60966.0,60360.0,60629.0,448130.8
1726686000000,60629.0,60777.8,60236.0,60703.6,501039.2
1726686900000,60703.5,60703.5,59962.6,60451.5,495861.7
1726687800000,60452.2,60544.0,60189.0,60310.8,261279.5
1726688700000,60312.1,60379.9,60022.6,60072.9,219711.1
1726689600000,60072.9,60085.0,59476.1,59665.9,409234.1
1726690500000,59665.9,59987.9,59631.1,59987.9,118939.6
1726691400000,59987.9,60235.2,59943.0,60187.8,101915.8
1726692300000,60187.8,60320.0,60129.9,60230.6,71513.3
1726693200000,60230.7,60385.3,60230.7,60380.1,85470.6
1726694100000,60380.1,60409.9,60179.2,60368.9,106540.6
1726695000000,60368.9,60498.0,60325.8,60332.0,80040.1
1726695900000,60331.9,60354.0,60212.3,60212.3,45397.9
1726696800000,60212.2,60362.0,60203.1,60310.2,45778.6
1726697700000,60310.2,60616.9,60310.2,60594.6,129818.9
1726698600000,60594.7,60711.0,60488.0,60513.9,114695.5
1726699500000,60513.9,60734.7,60513.9,60696.9,60065.3
1726700400000,60697.0,61017.9,60695.7,60898.0,173327.9
1726701300000,60898.1,61250.0,60895.1,61202.8,175569.6
1726702200000,61202.8,61400.0,61115.3,61289.8,253219.1
1726703100000,61289.9,61802.0,61151.0,61767.8,401579.1
1726704000000,61767.9,62150.0,61722.8,62048.9,518477.0
1726704900000,62049.0,62397.7,61900.0,62247.3,439509.6
1726705800000,62247.7,62433.0,62111.1,62332.8,273285.2
1726706700000,62332.8,62598.0,62180.0,62248.4,333064.1
1726707600000,62248.4,62332.3,61850.1,61951.4,302650.2
1726708500000,61951.4,62042.8,61752.8,61765.0,218652.8
1726709400000,61765.0,61965.0,61567.0,61876.6,314200.2
1726710300000,61876.5,62024.6,61850.0,62015.1,110939.5
1726711200000,62015.1,62084.8,61805.7,62000.0,130197.5
1726712100000,62000.1,62100.0,61953.2,62086.5,95969.9
1726713000000,62086.6,62348.3,62049.3,62273.0,144337.9
1726713900000,62273.1,62300.0,62168.0,62202.9,111402.4
1726714800000,62202.9,62277.6,62080.0,62080.0,100984.4
1726715700000,62080.0,62172.7,62000.2,62156.5,82854.1
1726716600000,62156.5,62172.7,62011.2,62093.1,70216.0
1726717500000,62093.1,62131.7,62036.9,62114.8,38752.7
1726718400000,62114.9,62158.0,62012.0,62040.0,61573.0
1726719300000,62040.0,62139.0,61901.7,61929.9,94342.4
1726720200000,61929.9,61976.7,61900.0,61967.0,61063.4
1726721100000,61967.1,62119.9,61958.0,62092.0,52689.8
1726722000000,62092.0,62188.0,62073.4,62085.6,71832.3
1726722900000,62085.5,62135.0,61981.8,61990.6,56182.4
1726723800000,61990.7,62026.0,61933.3,61991.5,40314.9
1726724700000,61990.5,62008.6,61910.0,61999.8,49349.5
1726725600000,61999.9,61999.9,61820.0,61860.0,70586.7
1726726500000,61860.1,62065.1,61860.0,62034.1,57606.1
1726727400000,62034.1,62136.2,62030.2,62116.0,47730.8
1726728300000,62116.0,62120.0,61968.1,62024.0,38045.7
1726729200000,62023.5,62176.9,61940.2,61982.0,93447.2
1726730100000,61981.9,62125.0,61966.0,62089.5,82413.1
1726731000000,62089.5,62150.0,61976.4,62112.9,55308.3
1726731900000,62112.9,62174.0,62073.5,62099.7,44046.3
1726732800000,62100.0,62186.2,62031.5,62127.0,76854.4
1726733700000,62125.9,62221.7,62040.5,62057.2,72042.8
1726734600000,62057.2,62085.8,61943.0,61960.3,64594.3
1726735500000,61960.3,61998.5,61900.0,61949.0,52288.4
1726736400000,61949.0,62141.0,61910.0,62128.9,87977.4
1726737300000,62128.9,62189.3,62062.7,62143.7,76862.6
1726738200000,62143.7,62340.0,62112.0,62340.0,146825.9
1726739100000,62340.0,62353.0,62220.8,62270.4,87369.7
1726740000000,62270.4,62588.0,62270.4,62478.0,245461.7
1726740900000,62478.1,62738.2,62412.4,62636.6,255573.5
1726741800000,62636.6,62700.0,62314.0,62428.8,282276.0
1726742700000,62428.8,62450.0,62312.3,62313.9,61673.6
1726743600000,62313.9,62417.5,62237.0,62394.7,74920.9
1726744500000,62394.7,62519.9,62376.6,62497.1,69837.7
1726745400000,62497.1,62578.0,62479.7,62558.5,90391.9
1726746300000,62558.5,62715.0,62512.5,62640.1,182311.2
1726747200000,62640.0,63250.6,62590.0,62976.7,908569.6
1726748100000,62976.7,63100.0,62855.0,62871.4,219271.3
1726749000000,62870.8,63054.0,62833.0,62853.4,161225.4
1726749900000,62852.1,62968.7,62739.9,62928.1,180212.0
1726750800000,62928.1,63332.6,62850.2,63218.7,227117.1
1726751700000,63218.7,63394.8,63029.0,63251.9,302203.8
1726752600000,63251.9,63283.8,62920.3,62923.3,388262.2
1726753500000,62923.3,63061.8,62691.6,63042.6,391892.7
1726754400000,63045.4,63450.0,63000.7,63288.1,396402.4
1726755300000,63288.2,63400.0,63130.8,63339.7,221681.3
1726756200000,63342.7,63528.0,63200.0,63224.1,281752.1
1726757100000,63224.0,63224.0,62900.0,62946.9,265559.0
1726758000000,62947.0,63150.0,62829.5,63089.4,199323.7
1726758900000,63089.4,63212.2,62982.1,63208.9,93027.9
1726759800000,63208.8,63278.7,63094.0,63246.4,94670.3
1726760700000,63246.4,63360.0,63126.7,63153.4,151356.1
1726761600000,63153.9,63350.0,62938.0,63077.1,227398.3
1726762500000,63077.2,63320.0,63022.0,63308.0,133898.6
1726763400000,63308.0,63488.0,63240.5,63404.9,236777.8
1726764300000,63404.9,63699.3,63362.6,63566.9,368717.1
1726765200000,63567.0,63830.0,63433.3,63433.4,336300.4
1726766100000,63433.3,63578.9,63276.1,63387.8,151776.2
1726767000000,63387.7,63868.8,63362.7,63835.6,279383.2
1726767900000,63835.7,63871.8,63680.0,63714.6,176497.8
1726768800000,63714.6,63844.1,63572.3,63616.8,171535.3
1726769700000,63616.8,63850.0,63508.0,63621.5,203371.4
1726770600000,63621.6,63799.0,63583.2,63714.7,84667.1
1726771500000,63714.8,63719.4,63491.0,63643.7,85426.9
1726772400000,63643.7,63653.5,63410.3,63427.6,83891.1
1726773300000,63427.7,63519.5,63222.1,63326.3,143504.2
1726774200000,63326.2,63520.0,63238.2,63472.0,107086.6
1726775100000,63472.0,63555.0,63188.0,63260.1,127717.8
1726776000000,63260.1,63260.1,63145.2,63210.8,91346.9
1726776900000,63210.8,63256.0,63170.7,63223.4,38758.5
1726777800000,63223.4,63245.0,63148.0,63148.0,22408.2
1726778700000,63148.0,63204.0,63001.0,63038.3,95469.8
1726779600000,63038.3,63192.4,62930.2,63121.6,127489.1
1726780500000,63121.6,63121.7,62962.3,62969.5,31312.7
1726781400000,62969.4,63129.0,62903.0,62942.7,50884.0
1726782300000,62942.8,63028.1,62887.1,62887.1,41144.6
1726783200000,62887.1,62925.2,62748.0,62830.0,123897.1
1726784100000,62830.1,62900.0,62659.0,62734.1,109251.2
1726785000000,62734.2,63115.9,62684.7,62910.4,219167.7
1726785900000,62910.5,63028.9,62880.4,62951.7,40332.8
1726786800000,62951.7,63076.9,62916.9,63028.2,44335.5
1726787700000,63028.2,63085.8,62968.6,63023.6,40697.6
1726788600000,63023.6,63060.0,62981.3,62997.2,25884.9
1726789500000,62997.3,63033.0,62906.3,62967.6,50415.0
1726790400000,62967.6,63040.0,62836.7,62911.6,75303.9
1726791300000,62911.6,62930.0,62788.0,62806.9,61169.0
1726792200000,62806.9,62880.0,62671.2,62872.8,150816.7
1726793100000,62872.8,62951.6,62764.1,62770.2,59619.6
1726794000000,62770.2,62800.0,62609.0,62724.2,162920.0
1726794900000,62724.1,62867.0,62700.0,62848.9,49326.9
1726795800000,62849.0,63016.1,62849.0,62966.2,76384.9
1726796700000,62966.2,63200.0,62966.2,63052.0,154678.0
1726797600000,63052.0,63137.0,62960.1,62965.3,61284.7
1726798500000,62965.3,63015.9,62830.0,62934.5,53850.8
1726799400000,62934.5,63040.0,62917.3,62949.9,34299.5
1726800300000,62949.8,63140.7,62861.4,63136.0,167922.2
1726801200000,63136.0,63350.9,63090.3,63183.2,191463.4
1726802100000,63183.1,63380.0,63150.5,63276.9,98685.4
1726803000000,63276.9,63379.9,63270.0,63368.3,70744.5
1726803900000,63368.2,63773.1,63368.2,63766.1,306065.5
1726804800000,63766.1,64183.2,63671.6,63958.5,603604.6
1726805700000,63958.5,64100.0,63724.2,63868.7,304994.8
1726806600000,63868.7,64006.5,63705.0,63911.9,168538.3
1726807500000,63912.0,63965.4,63750.0,63847.8,104045.1
1726808400000,63847.8,63932.0,63766.7,63857.2,68404.9
1726809300000,63857.2,64043.4,63790.7,63803.8,145190.5
1726810200000,63803.8,63890.0,63689.0,63701.0,119758.1
1726811100000,63701.1,63814.0,63606.0,63809.9,88393.2
1726812000000,63810.0,63926.5,63680.0,63695.8,72318.7
1726812900000,63695.7,63790.8,63634.3,63692.2,52985.7
1726813800000,63692.3,63848.4,63664.3,63754.2,82081.2
1726814700000,63754.2,63869.2,63700.0,63795.1,97135.3
1726815600000,63795.1,63795.1,63609.3,63670.0,82823.4
1726816500000,63669.8,63669.8,63416.0,63454.8,176930.6
1726817400000,63454.7,63562.0,63388.0,63513.3,101141.1
1726818300000,63513.3,63658.0,63491.5,63528.0,93060.4
1726819200000,63528.1,63538.2,63393.8,63416.6,77891.9
1726820100000,63416.6,63512.8,63239.6,63250.6,127663.5
1726821000000,63250.6,63325.6,63112.0,63280.0,212138.8
1726821900000,63280.0,63368.0,63279.9,63311.1,65726.8
1726822800000,63311.1,63430.3,63268.9,63402.2,75892.5
1726823700000,63402.1,63508.4,63402.1,63474.5,80173.4
1726824600000,63474.4,63565.5,63455.0,63520.7,57605.8
1726825500000,63520.8,63547.8,63448.7,63475.2,66586.7
1726826400000,63475.1,63562.0,63450.0,63461.1,39011.2
1726827300000,63461.0,63527.3,63461.0,63482.5,30940.4
1726828200000,63482.6,63698.8,63356.0,63672.0,160013.9
1726829100000,63672.1,63684.2,63553.0,63684.0,76099.7
1726830000000,63683.9,63722.3,63571.4,63572.3,83866.7
1726830900000,63572.2,63696.1,63476.9,63491.0,89798.9
1726831800000,63491.0,63526.8,63359.2,63371.9,98152.7
1726832700000,63371.9,63476.7,63358.4,63449.5,52927.1
1726833600000,63449.4,63558.2,63333.9,63434.7,95879.5
1726834500000,63432.6,63522.0,63350.0,63472.0,73166.2
1726835400000,63471.9,63528.3,63352.1,63500.1,67118.4
1726836300000,63500.0,63500.1,63379.0,63431.9,37027.4
1726837200000,63431.9,63462.8,62912.0,62918.6,357698.4
1726838100000,62918.5,63059.0,62789.0,62932.0,369918.9
1726839000000,62931.9,63039.5,62680.6,62743.9,380591.9
1726839900000,62744.0,62978.3,62731.8,62853.7,189094.6
1726840800000,62853.6,62971.7,62574.7,62628.5,289501.7
1726841700000,62628.4,63290.0,62594.6,63235.2,486699.0
1726842600000,63235.2,63535.8,63069.0,63283.1,403796.4
1726843500000,63283.2,63418.8,63000.0,63051.4,196797.2
1726844400000,63051.5,63102.1,62700.0,62947.8,277620.5
1726845300000,62947.9,63027.7,62788.0,62908.2,126694.9
1726846200000,62908.2,63299.7,62862.1,63279.9,173390.8
1726847100000,63279.9,63364.0,63139.0,63165.0,111149.3
1726848000000,63164.9,63288.5,63106.8,63125.8,93980.4
1726848900000,63125.9,63133.6,62922.0,62999.4,134516.2
1726849800000,62999.4,62999.4,62808.8,62922.1,147166.9
1726850700000,62922.0,63047.9,62866.1,62873.9,90096.1
1726851600000,62874.0,62979.3,62787.0,62957.7,116551.5
1726852500000,62957.6,62994.1,62724.7,62735.0,115127.8
1726853400000,62735.1,62811.7,62688.0,62746.0,194473.3
1726854300000,62746.0,62785.0,62615.9,62697.0,178795.5
1726855200000,62697.0,62760.9,62337.9,62485.6,373276.5
1726856100000,62485.6,62638.0,62484.9,62624.7,112529.2
1726857000000,62624.7,62794.8,62560.0,62722.2,95751.2
1726857900000,62722.3,62981.3,62708.0,62869.7,128409.5
1726858800000,62869.8,62952.9,62784.8,62920.0,80133.0
1726859700000,62920.0,63022.7,62884.3,62926.3,65053.4
1726860600000,62926.3,63027.3,62863.5,62923.8,47432.7
1726861500000,62923.8,62964.5,62782.3,62800.4,69072.5
1726862400000,62800.4,62886.4,62694.5,62742.0,45763.0
1726863300000,62742.0,62837.0,62734.1,62747.5,37857.5
1726864200000,62747.4,62879.6,62717.8,62874.0,44319.0
1726865100000,62874.1,62956.9,62798.7,62816.4,42004.5
1726866000000,62816.4,63299.5,62810.5,63285.2,264327.6
1726866900000,63285.2,63296.0,63187.0,63223.8,54367.8
1726867800000,63223.9,63269.6,63066.7,63080.1,42879.2
1726868700000,63080.0,63170.0,63080.0,63111.4,16156.0
1726869600000,63111.5,63279.0,63111.4,63215.8,63247.1
1726870500000,63215.9,63241.8,63171.4,63234.8,18151.7
1726871400000,63234.9,63270.0,63172.2,63234.8,18257.8
1726872300000,63234.8,63235.2,63174.9,63175.0,13072.1
1726873200000,63174.9,63180.0,63072.0,63124.0,41101.8
1726874100000,63123.9,63146.8,63075.0,63146.8,14336.8
1726875000000,63146.8,63202.7,63144.2,63144.2,19127.9
1726875900000,63143.4,63225.3,63071.2,63208.1,25985.4
1726876800000,63208.1,63208.1,63034.0,63072.0,52899.6
1726877700000,63072.0,63321.1,63052.5,63115.9,83202.3
1726878600000,63115.9,63299.5,63081.1,63252.6,73923.7
1726879500000,63252.6,63275.5,63166.2,63166.3,32358.0
1726880400000,63166.2,63195.5,63000.0,63030.0,60178.6
1726881300000,63029.9,63137.0,62857.1,63035.9,90789.7
1726882200000,63036.0,63077.1,62908.7,62947.7,32543.9
1726883100000,62947.7,62968.0,62833.2,62841.5,59957.6
1726884000000,62841.6,62934.7,62811.3,62861.6,39400.7
1726884900000,62861.6,62936.8,62830.0,62932.3,29919.2
1726885800000,62933.6,63000.0,62922.3,63000.0,36571.1
1726886700000,63000.0,63000.0,62920.2,62922.0,18842.9
1726887600000,62922.0,63007.3,62880.0,63003.7,37599.8
1726888500000,63003.8,63014.8,62897.2,62912.1,25999.0
1726889400000,62912.1,62994.0,62869.2,62946.0,34257.0
1726890300000,62946.1,62967.3,62890.0,62900.0,17282.2
1726891200000,62899.9,62943.3,62864.1,62870.0,21604.8
1726892100000,62870.0,62938.4,62838.0,62924.4,50407.8
1726893000000,62924.3,62924.4,62821.8,62840.9,28777.3
1726893900000,62840.8,62900.0,62834.5,62870.0,29981.6
1726894800000,62870.1,62898.5,62757.2,62891.2,82904.9
1726895700000,62891.8,62951.0,62863.2,62929.4,36755.9
1726896600000,62929.4,62960.0,62892.7,62893.2,20490.3
1726897500000,62893.3,62934.9,62890.9,62919.8,15225.5
1726898400000,62919.8,63041.9,62896.1,63033.2,44136.4
1726899300000,63032.4,63100.0,62984.1,63088.0,44919.3
1726900200000,63088.1,63094.2,63030.2,63054.4,32919.1
1726901100000,63054.5,63078.0,62990.0,63000.2,24535.0
1726902000000,63000.2,63056.0,62988.0,63047.1,18138.8
1726902900000,63047.1,63060.0,62956.7,62994.1,27916.8
1726903800000,62994.2,63029.9,62977.1,63021.7,11428.7
1726904700000,63021.7,63143.5,63021.7,63084.0,51490.0
1726905600000,63084.0,63120.0,63053.3,63076.0,36051.7
1726906500000,63075.9,63081.0,63032.9,63048.4,18998.4
1726907400000,63048.4,63080.9,63006.0,63070.6,25115.7
1726908300000,63070.6,63070.6,63013.8,63034.8,10985.7
1726909200000,63034.9,63085.9,63000.0,63066.0,28637.9
1726910100000,63065.9,63140.0,63038.0,63131.0,31109.9
1726911000000,63130.4,63150.0,63086.2,63087.9,24580.3
1726911900000,63087.8,63120.0,63086.0,63119.2,13675.6
1726912800000,63119.2,63120.0,63057.2,63063.1,19991.6
1726913700000,63063.0,63078.6,63000.0,63003.3,34002.6
1726914600000,63003.2,63040.3,62997.0,63032.1,21145.8
1726915500000,63032.2,63042.8,62960.9,62981.1,28344.2
1726916400000,62981.0,63072.3,62968.0,63052.2,37954.1
1726917300000,63052.2,63097.7,63044.4,63051.2,22555.0
1726918200000,63051.2,63098.8,63044.0,63097.0,13196.6
1726919100000,63097.0,63110.0,63069.1,63088.0,18484.4
1726920000000,63088.0,63111.0,63039.8,63045.0,21492.3
1726920900000,63044.9,63068.4,63042.7,63046.8,16752.5
1726921800000,63046.7,63098.8,63040.0,63092.7,9397.4
1726922700000,63092.8,63175.6,63042.2,63159.8,48734.8
1726923600000,63158.0,63182.5,63030.0,63053.5,43008.2
1726924500000,63053.5,63140.2,63053.5,63126.7,28236.4
1726925400000,63126.7,63169.3,63105.1,63161.6,25981.9
1726926300000,63161.7,63247.3,63122.7,63189.9,102695.6
1726927200000,63189.9,63231.0,63134.4,63169.5,96112.8
1726928100000,63169.5,63201.8,63147.1,63152.5,21539.7
1726929000000,63152.6,63255.0,63152.5,63248.0,66089.4
1726929900000,63248.1,63314.6,63205.0,63313.4,57386.0
1726930800000,63313.3,63315.7,63049.7,63099.9,160786.4
1726931700000,63099.8,63213.5,63076.0,63201.3,43529.9
1726932600000,63201.3,63209.9,63163.4,63185.6,19265.8
1726933500000,63185.6,63205.0,63137.1,63167.5,24983.4
1726934400000,63167.6,63242.0,63157.3,63173.5,28313.4
1726935300000,63173.5,63212.8,63087.6,63115.4,31479.4
1726936200000,63115.4,63199.5,63088.0,63124.4,31673.7
1726937100000,63124.4,63218.0,63120.1,63217.4,21117.6
1726938000000,63217.5,63376.9,63179.3,63324.9,97079.1
1726938900000,63325.0,63411.9,63255.5,63299.9,95464.0
1726939800000,63300.0,63387.0,63298.2,63300.6,57502.2
1726940700000,63300.6,63317.9,63227.7,63284.3,34039.6
1726941600000,63284.3,63300.0,63227.6,63237.3,15807.1
1726942500000,63237.3,63276.7,63235.0,63260.8,8581.8
1726943400000,63260.8,63284.7,63229.2,63230.9,13158.4
1726944300000,63230.8,63273.6,63227.5,63267.5,8325.5
1726945200000,63267.4,63344.7,63253.4,63306.1,19704.4
1726946100000,63306.1,63306.2,63171.5,63221.8,52631.2
1726947000000,63221.7,63258.7,63184.8,63224.0,14318.4
1726947900000,63223.9,63223.9,63163.6,63204.9,29418.5
1726948800000,63204.8,63213.3,63155.0,63168.5,14577.1
1726949700000,63168.5,63200.2,63161.1,63192.2,5569.8
1726950600000,63192.2,63197.0,63155.0,63156.5,11775.5
1726951500000,63156.5,63167.5,63132.0,63147.7,13504.2
1726952400000,63147.7,63157.1,63102.0,63114.1,25516.4
1726953300000,63114.1,63145.7,63102.0,63122.6,21107.8
1726954200000,63122.6,63141.6,63050.0,63060.9,38297.9
1726955100000,63061.0,63100.7,63050.9,63087.9,25470.7
1726956000000,63087.9,63135.9,63079.7,63114.0,22692.5
1726956900000,63114.1,63131.0,63056.1,63115.0,13814.2
1726957800000,63115.0,63158.4,63110.0,63139.9,14414.4
1726958700000,63140.0,63247.0,63140.0,63233.0,36774.2
1726959600000,63233.0,63237.0,63162.9,63182.1,26600.9
1726960500000,63182.2,63338.4,63182.1,63300.0,97154.5
1726961400000,63300.0,63386.0,63278.7,63364.0,69584.9
1726962300000,63364.0,63600.0,63328.0,63349.9,245488.5
1726963200000,63349.9,63456.0,63237.3,63270.0,89070.5
1726964100000,63270.1,63341.1,63150.7,63160.8,78406.0
1726965000000,63160.7,63218.0,63110.3,63136.7,41745.6
1726965900000,63136.7,63256.0,63136.6,63238.2,40693.2
1726966800000,63238.1,63259.9,63180.9,63217.8,22414.8
1726967700000,63217.8,63321.0,63168.7,63177.6,37724.5
1726968600000,63177.6,63219.2,63159.4,63159.4,27496.4
1726969500000,63159.4,63180.0,63020.1,63050.1,59829.4
1726970400000,63050.0,63115.3,62830.0,62866.1,179381.5
1726971300000,62866.1,62958.0,62822.0,62942.0,98501.3
1726972200000,62942.0,62953.9,62865.2,62910.1,38321.6
1726973100000,62910.1,62966.8,62853.3,62964.9,31041.4
1726974000000,62965.0,63214.2,62928.5,63178.3,137864.3
1726974900000,63178.7,63195.5,63098.2,63121.3,49591.9
1726975800000,63121.3,63148.6,63051.7,63084.4,27559.4
1726976700000,63084.4,63115.3,63070.9,63115.3,12917.8
1726977600000,63115.2,63146.0,63078.6,63078.6,17011.6
1726978500000,63078.5,63127.2,63075.0,63127.2,10398.9
1726979400000,63127.2,63209.5,63111.8,63177.1,22423.0
1726980300000,63177.0,63181.5,63069.9,63074.1,21539.7
1726981200000,63074.2,63088.0,62954.7,62971.0,48299.8
1726982100000,62971.0,63006.9,62932.6,63004.5,38589.2
1726983000000,63004.6,63018.8,62917.0,62944.7,36161.7
1726983900000,62944.7,62960.4,62904.1,62934.0,22204.5
1726984800000,62934.1,63011.6,62918.1,62980.0,23912.9
1726985700000,62980.1,63046.3,62957.6,63011.5,35906.1
1726986600000,63011.6,63011.6,62828.2,62884.3,61823.2
1726987500000,62884.2,62898.7,62840.0,62885.4,40030.1
1726988400000,62885.4,62930.0,62885.3,62927.4,17059.7
1726989300000,62928.3,63010.1,62906.0,62985.0,40521.7
1726990200000,62985.0,62985.0,62922.0,62940.6,14831.7
1726991100000,62940.7,62960.7,62924.0,62950.2,16554.6
1726992000000,62950.3,63021.6,62902.0,62972.7,41490.0
1726992900000,62972.6,62993.2,62951.2,62993.2,16497.2
1726993800000,62993.2,62997.9,62935.0,62971.3,23123.0
1726994700000,62971.3,63048.0,62960.1,63035.1,26911.5
1726995600000,63035.1,63035.2,62829.2,62878.1,95679.5
1726996500000,62878.1,62888.7,62790.0,62810.0,58774.1
1726997400000,62809.8,62860.0,62650.0,62669.9,106191.1
1726998300000,62669.8,62766.5,62660.1,62707.8,75566.2
1726999200000,62707.9,62793.0,62701.2,62710.1,48842.9
1727000100000,62710.0,62760.0,62668.7,62743.2,48052.1
1727001000000,62743.2,62743.2,62563.0,62656.0,89370.2
1727001900000,62655.9,62676.1,62590.0,62669.7,59716.2
1727002800000,62669.7,62700.0,62573.2,62590.1,50967.3
1727003700000,62590.0,62789.0,62560.0,62748.0,132752.8
1727004600000,62748.0,62867.7,62739.5,62808.9,121151.2
1727005500000,62808.9,62844.9,62783.4,62792.2,32438.7
1727006400000,62792.2,62901.5,62776.9,62901.5,45645.1
1727007300000,62901.4,62950.0,62780.0,62808.1,100953.3
1727008200000,62808.0,62830.5,62750.0,62789.5,36564.8
1727009100000,62789.5,62847.8,62778.1,62791.2,20685.0
1727010000000,62791.2,62837.7,62737.0,62837.7,33396.3
1727010900000,62837.7,62850.0,62715.5,62745.5,26814.8
1727011800000,62745.5,62766.1,62608.0,62667.6,71392.2
1727012700000,62667.5,62667.5,62580.0,62608.0,58724.6
1727013600000,62608.0,62694.8,62456.7,62694.7,199964.1
1727014500000,62694.7,62715.0,62508.2,62550.2,64088.6
1727015400000,62550.2,62619.4,62480.0,62561.0,78153.1
1727016300000,62561.0,62684.5,62551.4,62678.8,34144.1
1727017200000,62678.8,62703.4,62581.2,62647.9,44112.7
1727018100000,62648.0,62778.0,62647.9,62761.6,49075.1
1727019000000,62761.6,62822.9,62701.0,62728.0,39752.3
1727019900000,62728.0,62740.0,62655.4,62655.4,22742.1
1727020800000,62655.1,62727.2,62500.0,62500.1,91300.1
1727021700000,62500.0,62716.5,62473.2,62680.7,122075.1
1727022600000,62680.8,62862.5,62625.5,62809.9,93262.2
1727023500000,62810.0,62838.0,62774.7,62787.5,43281.9
1727024400000,62787.5,63019.0,62787.0,62967.0,116243.8
1727025300000,62967.8,62998.9,62883.8,62980.4,61865.9
1727026200000,62980.4,63118.4,62973.4,63041.3,106661.1
1727027100000,63041.2,63153.2,63000.2,63065.0,51231.0
1727028000000,63065.1,63079.9,62923.1,62939.2,50020.4
1727028900000,62939.1,62979.9,62800.0,62954.6,89762.0
1727029800000,62954.6,63012.0,62930.4,63012.0,21703.4
1727030700000,63011.9,63059.1,62948.9,62958.7,23036.5
1727031600000,62959.9,63009.5,62906.0,62926.4,28512.7
1727032500000,62926.5,62935.0,62812.0,62844.1,30135.6
1727033400000,62844.1,62980.1,62844.1,62961.4,23659.2
1727034300000,62961.4,63236.0,62955.6,63166.0,103752.9
1727035200000,63166.0,63264.3,63100.0,63264.3,79146.2
1727036100000,63264.2,63310.0,63177.0,63250.0,76177.8
1727037000000,63249.9,63249.9,63125.0,63149.9,26248.4
1727037900000,63149.9,63217.0,63136.8,63215.7,20987.8
1727038800000,63215.7,63315.4,63192.7,63260.2,63608.1
1727039700000,63260.2,63330.5,63214.4,63214.5,40651.7
1727040600000,63214.4,63224.2,63045.8,63119.4,54511.5
1727041500000,63119.4,63181.2,62700.0,62784.8,158853.5
1727042400000,62784.7,62868.8,62356.0,62645.8,393467.7
1727043300000,62645.7,62919.2,62627.3,62826.6,91961.5
1727044200000,62826.5,63766.2,62820.9,63500.0,622274.6
1727045100000,63499.9,64048.6,63499.9,63879.9,436239.0
1727046000000,63879.9,63987.4,63568.6,63600.1,231877.5
1727046900000,63601.3,63676.6,63431.1,63499.8,121636.3
1727047800000,63500.0,63627.3,63426.0,63568.1,92353.7
1727048700000,63568.1,63660.0,63509.5,63589.1,49896.2
1727049600000,63589.1,63626.2,62962.2,63060.7,270458.0
1727050500000,63061.4,63200.0,62550.0,63181.1,672819.2
1727051400000,63181.1,63399.9,63061.5,63326.4,154353.2
1727052300000,63326.6,63777.0,63326.3,63570.2,237735.9
1727053200000,63570.2,63922.2,63473.5,63754.7,365744.9
1727054100000,63754.7,63888.0,63602.9,63701.5,259138.3
1727055000000,63701.6,63980.0,63680.8,63840.6,216576.0
1727055900000,63840.7,63942.7,63750.0,63828.5,86324.4
1727056800000,63828.6,63899.0,63686.0,63825.6,69095.1
1727057700000,63825.6,63844.0,63680.0,63750.0,56345.0
1727058600000,63750.0,63958.8,63733.3,63805.4,95549.1
1727059500000,63805.3,63989.0,63790.0,63944.2,70031.5
1727060400000,63944.2,64488.0,63926.0,64317.1,544936.9
1727061300000,64317.1,64765.0,64280.0,64670.9,515880.3
1727062200000,64670.9,64738.9,64389.2,64514.8,286627.6
1727063100000,64514.8,64514.8,64312.0,64364.4,131925.6
1727064000000,64364.4,64499.3,64337.2,64346.4,131218.1
1727064900000,64346.4,64352.6,63900.0,63916.2,441933.0
1727065800000,63916.1,64019.4,63800.4,63888.1,215978.7
1727066700000,63888.1,63945.1,63780.0,63907.8,77565.0
1727067600000,63907.8,63940.0,63659.1,63686.9,139462.4
1727068500000,63686.9,63826.4,63686.0,63762.7,67758.0
1727069400000,63762.6,63880.1,63758.3,63848.1,51714.1
1727070300000,63848.1,63878.7,63680.5,63762.6,49855.9
1727071200000,63762.6,63785.4,63602.3,63660.0,79849.9
1727072100000,63660.0,63756.3,63534.9,63647.5,103514.7
1727073000000,63647.4,63750.0,63619.8,63709.7,63113.0
1727073900000,63709.8,63778.2,63637.8,63669.9,47834.6
1727074800000,63669.9,63669.9,63444.0,63526.1,163654.9
1727075700000,63526.0,63526.0,63386.2,63475.0,132647.9
1727076600000,63475.1,63595.2,63435.0,63586.0,75412.8
1727077500000,63586.0,63586.0,63493.5,63553.2,35647.5
1727078400000,63553.2,63570.0,63400.0,63412.0,67904.2
1727079300000,63412.0,63620.0,63310.0,63567.1,129555.8
1727080200000,63567.2,63618.3,63367.1,63372.7,68345.3
1727081100000,63372.7,63528.0,63355.0,63494.2,47672.7
1727082000000,63494.2,63585.0,63490.1,63536.2,56058.4
1727082900000,63536.2,63714.3,63506.1,63681.7,93358.3
1727083800000,63681.7,63699.1,63574.4,63601.1,72722.3
1727084700000,63601.1,63648.3,63551.8,63632.5,42940.6
1727085600000,63632.5,63647.1,63492.8,63503.7,58995.3
1727086500000,63503.7,63600.0,63406.1,63580.0,77597.9
1727087400000,63579.9,63629.6,63535.0,63543.0,28843.9
1727088300000,63543.0,63580.0,63476.5,63500.6,30997.6
1727089200000,63500.6,63522.1,63389.0,63400.3,49319.6
1727090100000,63400.3,63514.9,63400.0,63430.0,54699.3
1727091000000,63430.0,63540.3,63378.3,63520.4,62165.0
1727091900000,63520.4,63530.1,63400.0,63436.1,39327.3
1727092800000,63436.1,63486.8,63334.0,63371.2,79620.8
1727093700000,63371.2,63533.0,63343.1,63520.7,53295.8
1727094600000,63521.7,63521.7,63264.0,63303.8,96399.8
1727095500000,63303.9,63369.9,63230.0,63315.0,103750.9
1727096400000,63315.1,63389.0,63200.1,63212.9,82191.9
1727097300000,63213.0,63372.9,63163.8,63322.3,90991.5
1727098200000,63322.4,63427.4,63180.8,63328.0,162578.8
1727099100000,63327.9,63369.6,63050.0,63184.0,305291.4
1727100000000,63183.9,63677.0,63135.1,63469.6,282008.3
1727100900000,63469.5,63810.0,63435.4,63651.9,285162.2
1727101800000,63652.0,63700.0,63095.0,63229.0,347010.1
1727102700000,63229.1,63479.0,63199.0,63390.0,149581.1
1727103600000,63388.4,63388.4,63112.2,63324.4,143677.6
1727104500000,63324.4,63544.6,63192.8,63496.0,114512.6
1727105400000,63496.0,63642.9,63454.1,63626.0,130686.0
1727106300000,63625.9,63780.0,63600.2,63626.4,196652.9
1727107200000,63626.5,63842.9,63430.0,63522.0,278274.0
1727108100000,63522.0,63584.0,63255.6,63318.2,214623.7
1727109000000,63318.1,63375.4,63215.6,63245.2,112863.2
1727109900000,63245.3,63295.8,63214.1,63244.4,63874.5
1727110800000,63244.3,63277.9,63107.1,63210.3,121331.0
1727111700000,63210.4,63257.8,63147.9,63232.2,46074.6
1727112600000,63232.1,63358.4,63188.2,63188.2,57117.4
1727113500000,63188.1,63339.4,63185.2,63325.6,25089.5
1727114400000,63325.6,63483.7,63286.8,63420.1,58826.0
1727115300000,63420.0,63489.0,63385.8,63428.9,71916.1
1727116200000,63428.9,63559.9,63418.1,63559.9,51481.9
1727117100000,63559.8,63572.0,63410.1,63438.1,48838.8
1727118000000,63438.1,63485.5,63323.2,63443.8,44332.1
1727118900000,63443.9,63506.6,63432.2,63449.8,19076.0
1727119800000,63450.0,63450.0,63300.0,63356.5,38271.7
1727120700000,63356.6,63438.9,63260.3,63306.0,35370.8
1727121600000,63306.0,63407.4,63262.6,63403.0,24521.8
1727122500000,63403.1,63430.0,63277.9,63330.4,23310.7
1727123400000,63330.3,63400.0,63298.5,63389.9,12570.8
1727124300000,63390.0,63449.7,63306.1,63318.8,21204.9
1727125200000,63318.7,63387.1,63308.9,63374.1,23907.4
1727126100000,63374.2,63528.7,63080.0,63371.7,213293.3
1727127000000,63371.6,63473.7,63272.3,63283.9,40934.8
1727127900000,63284.0,63400.0,63220.0,63382.6,44709.7
1727128800000,63382.6,63382.6,63186.1,63286.1,42761.6
1727129700000,63286.1,63341.8,63263.9,63297.9,15007.1
1727130600000,63297.9,63364.0,63223.2,63223.2,30820.7
1727131500000,63223.2,63327.2,63205.7,63228.9,23933.9
1727132400000,63229.0,63394.8,63221.7,63372.1,20720.1
1727133300000,63372.1,63410.0,63192.6,63258.2,78206.1
1727134200000,63258.2,63413.2,63258.2,63381.0,27452.3
1727135100000,63381.0,63427.9,63309.5,63345.2,48064.1
1727136000000,63345.3,63415.9,63234.3,63259.1,71718.6
1727136900000,63259.2,63369.0,63239.1,63316.9,37164.8
1727137800000,63316.9,63343.6,62802.2,63247.9,378573.2
1727138700000,63247.9,63247.9,62920.0,62923.9,187089.5
1727139600000,62924.0,63105.0,62860.8,63044.9,93678.3
1727140500000,63044.9,63275.6,62858.0,62942.1,124600.5
1727141400000,62942.1,63040.1,62810.0,63012.1,113276.2
1727142300000,63012.0,63083.1,62857.1,62946.5,44205.5
1727143200000,62946.2,62985.0,62712.0,62786.0,124125.7
1727144100000,62786.4,62975.0,62741.6,62908.0,73071.3
1727145000000,62908.1,62998.4,62811.1,62997.9,40692.3
1727145900000,62998.0,63150.0,62976.1,63124.9,99153.2
1727146800000,63124.9,63186.6,63053.8,63164.0,57939.5
1727147700000,63164.0,63192.3,63050.0,63050.0,41951.5
1727148600000,63050.1,63117.9,62926.1,63105.2,55718.9
1727149500000,63105.1,63188.8,63100.0,63130.5,32910.1
1727150400000,63130.4,63143.7,63048.2,63092.7,38998.0
1727151300000,63092.7,63129.3,62979.0,63125.9,34910.4
1727152200000,63126.0,63127.4,63025.0,63037.0,17439.8
1727153100000,63037.0,63090.0,62950.0,63089.9,35432.9
1727154000000,63089.9,63178.8,63070.3,63152.3,53631.6
1727154900000,63152.4,63174.0,63103.8,63171.8,29356.6
1727155800000,63171.8,63225.0,63115.0,63135.0,46298.6
1727156700000,63134.9,63235.0,63132.4,63218.9,39777.6
1727157600000,63219.0,63311.9,63218.9,63298.0,56221.2
1727158500000,63298.0,63399.8,63264.1,63272.3,80179.6
1727159400000,63272.3,63386.0,63263.2,63335.5,57759.8
1727160300000,63335.5,63366.8,63294.2,63311.9,22868.8
1727161200000,63312.0,63448.0,63301.0,63440.4,89405.4
1727162100000,63440.3,63527.2,63411.1,63427.8,93720.5
1727163000000,63427.9,63499.5,63385.5,63417.6,48517.6
1727163900000,63417.6,63567.0,63417.5,63559.8,90809.1
1727164800000,63559.9,63700.0,63537.5,63610.0,144285.7
1727165700000,63610.0,63765.1,63570.6,63706.0,149299.5
1727166600000,63706.0,63800.0,63660.2,63770.5,144015.1
1727167500000,63770.6,63947.0,63756.1,63842.0,218150.8
1727168400000,63842.0,63888.8,63641.8,63641.8,175994.2
1727169300000,63641.8,63693.0,63566.1,63605.6,109901.6
1727170200000,63605.7,63645.6,63484.7,63540.5,115325.5
1727171100000,63540.5,63569.5,63512.0,63535.0,36547.5
1727172000000,63535.0,63621.5,63508.1,63557.8,78823.3
1727172900000,63557.9,63737.7,63557.8,63680.1,101204.8
1727173800000,63680.1,63732.1,63600.0,63672.0,33837.3
1727174700000,63670.4,63676.9,63525.1,63525.1,29866.5
1727175600000,63525.2,63546.7,63381.0,63428.5,116699.2
1727176500000,63427.4,63532.0,63408.7,63518.9,63350.3
1727177400000,63519.0,63617.4,63491.2,63509.6,78027.3
1727178300000,63509.6,63517.7,63451.4,63480.7,28670.1
1727179200000,63480.8,63600.0,63480.8,63490.1,47783.6
1727180100000,63490.1,63666.0,63490.0,63572.8,64577.9
1727181000000,63572.7,63654.0,63510.0,63563.0,56893.5
1727181900000,63563.0,63600.0,63420.0,63456.0,80258.0
1727182800000,63456.1,63560.0,63432.4,63525.1,103119.7
1727183700000,63525.0,63566.5,63441.1,63460.4,53679.5
1727184600000,63460.4,63679.7,63401.3,63633.4,126781.2
1727185500000,63633.4,63778.0,63497.3,63520.5,254851.5
1727186400000,63520.4,63570.8,63138.0,63274.1,694551.6
1727187300000,63274.1,63349.9,62838.0,62885.8,376947.4
1727188200000,62885.7,63026.9,62731.0,62928.1,349442.5
1727189100000,62928.0,63227.5,62921.4,63200.0,247530.4
1727190000000,63200.1,63373.5,63085.0,63243.9,177922.8
1727190900000,63243.9,63346.5,63120.0,63130.8,105533.2
1727191800000,63130.9,63228.7,63000.6,63124.0,91487.4
1727192700000,63123.9,63288.0,63100.0,63164.2,58771.3
1727193600000,63164.3,63266.4,63100.0,63208.4,57524.3
1727194500000,63208.4,63289.0,63101.0,63136.0,67101.0
1727195400000,63136.0,63280.4,63093.7,63279.9,47540.7
1727196300000,63280.0,63399.4,63229.4,63264.0,98923.5
1727197200000,63264.0,63410.1,63241.6,63390.7,112130.6
1727198100000,63390.7,63666.0,63364.1,63550.0,198464.3
1727199000000,63550.0,63888.0,63543.9,63824.5,297473.8
1727199900000,63824.5,64024.5,63774.1,63782.9,308178.4
1727200800000,63782.9,63906.4,63577.9,63598.8,181846.2
1727201700000,63598.9,63770.0,63571.6,63640.8,96532.8
1727202600000,63640.8,63875.0,63546.9,63810.5,83108.4
1727203500000,63810.6,63825.3,63726.6,63728.0,30793.7
1727204400000,63728.0,63869.0,63686.6,63864.2,47578.1
1727205300000,63864.1,63898.6,63786.7,63844.2,44231.5
1727206200000,63842.1,63900.0,63753.9,63873.7,51423.7
1727207100000,63873.7,64380.0,63873.7,64287.6,502075.4
1727208000000,64287.6,64649.4,64176.0,64350.6,511016.0
1727208900000,64350.6,64357.9,64086.3,64292.8,201127.0
1727209800000,64292.6,64315.4,64149.9,64199.8,66362.0
1727210700000,64199.8,64317.3,64130.7,64224.0,56375.4
1727211600000,64223.9,64293.0,64215.2,64277.8,32245.9
1727212500000,64277.8,64277.8,64100.0,64120.0,42269.4
1727213400000,64120.0,64150.0,63974.0,64017.0,55225.4
1727214300000,64017.1,64200.0,63979.0,64035.3,48902.3
1727215200000,64035.4,64488.8,64035.4,64462.7,136694.9
1727216100000,64462.7,64520.0,64285.7,64426.4,111390.9
1727217000000,64426.5,64449.9,64285.0,64314.3,63819.7
1727217900000,64314.4,64720.0,64242.0,64593.3,179286.7
1727218800000,64593.2,64641.2,64423.2,64432.3,90735.4
1727219700000,64432.2,64516.8,64330.1,64347.4,86501.9
1727220600000,64347.5,64349.6,64258.8,64315.0,63397.3
1727221500000,64315.1,64360.0,64260.0,64278.1,34502.4
1727222400000,64278.2,64307.9,64212.3,64218.2,45690.4
1727223300000,64218.1,64227.5,64069.5,64190.3,102710.7
1727224200000,64190.2,64452.3,64147.7,64392.4,124868.7
1727225100000,64392.4,64395.7,63980.8,64127.8,197834.5
1727226000000,64127.9,64225.0,64092.0,64199.7,52023.2
1727226900000,64199.7,64450.9,64077.9,64393.1,123235.4
1727227800000,64393.0,64838.5,64373.1,64623.7,383417.1
1727228700000,64623.7,64623.7,64384.9,64390.0,123505.1
1727229600000,64390.0,64443.9,64290.2,64375.0,104847.8
1727230500000,64375.0,64497.3,64324.5,64407.0,48341.1
1727231400000,64406.9,64580.8,64402.1,64549.9,56060.1
1727232300000,64549.9,64559.7,64420.0,64420.1,45622.9
1727233200000,64420.1,64421.8,64240.4,64300.0,72666.7
1727234100000,64300.1,64337.0,64226.9,64288.9,50143.2
1727235000000,64288.9,64418.4,64272.5,64347.2,36696.5
1727235900000,64347.1,64464.0,64347.1,64458.3,30673.4
1727236800000,64458.4,64460.0,64344.0,64370.8,50748.4
1727237700000,64371.9,64411.5,64342.8,64383.9,49517.1
1727238600000,64383.8,64384.0,64217.6,64273.5,79015.8
1727239500000,64273.5,64331.7,64180.0,64183.0,62593.0
1727240400000,64183.1,64294.0,64171.3,64221.0,71198.8
1727241300000,64221.1,64270.3,64190.3,64215.7,40519.8
1727242200000,64215.8,64289.2,64190.0,64190.1,38635.3
1727243100000,64190.1,64203.8,64153.2,64184.2,37613.9
1727244000000,64184.1,64184.1,64066.0,64101.7,81403.7
1727244900000,64101.6,64101.7,63911.7,63958.2,210462.0
1727245800000,63958.2,64000.0,63888.0,63986.3,105684.5
1727246700000,63986.4,63986.4,63770.0,63820.1,183200.7
1727247600000,63820.0,63872.9,63770.0,63770.1,77286.3
1727248500000,63770.0,63842.0,63655.0,63841.9,175703.1
1727249400000,63842.0,63875.1,63762.4,63825.3,65632.8
1727250300000,63825.2,63870.0,63776.1,63862.1,58894.7
1727251200000,63862.1,63914.6,63812.3,63842.7,96789.1
1727252100000,63842.8,63922.5,63820.0,63870.0,56680.3
1727253000000,63870.1,63899.0,63850.0,63889.1,50800.8
1727253900000,63889.1,63896.0,63755.2,63826.3,43914.6
1727254800000,63826.3,63877.0,63815.0,63872.2,39242.7
1727255700000,63872.3,63872.3,63716.3,63740.3,75591.9
1727256600000,63740.3,63825.3,63700.0,63701.8,72523.7
1727257500000,63701.9,63735.3,63610.0,63620.6,86357.5
1727258400000,63620.5,63695.0,63400.0,63662.2,382780.7
1727259300000,63662.2,63750.0,63632.1,63723.3,85024.0
1727260200000,63723.4,63743.7,63635.0,63686.0,32095.6
1727261100000,63686.0,63686.0,63606.7,63639.9,30140.7
1727262000000,63640.0,63661.2,63564.0,63593.0,35513.2
1727262900000,63593.0,63660.8,63508.1,63649.9,52038.5
1727263800000,63650.0,63842.7,63632.3,63780.0,119263.1
1727264700000,63780.0,63847.5,63696.0,63840.0,104872.1
1727265600000,63840.0,63840.0,63719.8,63776.9,52302.9
1727266500000,63777.0,63836.4,63760.0,63786.0,30998.1
1727267400000,63786.0,63800.0,63682.1,63741.3,43101.6
1727268300000,63741.3,63755.2,63600.0,63600.0,83055.3
1727269200000,63600.0,63672.5,63490.0,63507.3,100879.6
1727270100000,63507.4,63570.0,63440.0,63551.9,99920.8
1727271000000,63550.0,63646.4,63320.0,63444.5,225173.6
1727271900000,63444.6,63773.0,63444.6,63760.0,155585.9
1727272800000,63760.0,63866.2,63691.0,63775.4,148617.9
1727273700000,63775.4,63866.0,63688.0,63708.1,107283.5
1727274600000,63708.0,63893.9,63642.0,63818.2,112398.4
1727275500000,63818.1,63949.2,63691.3,63936.1,122390.3
1727276400000,63936.0,64009.6,63829.3,63859.6,175332.6
1727277300000,63859.6,63960.0,63767.8,63809.9,88595.3
1727278200000,63809.8,63874.0,63666.7,63786.3,107004.8
1727279100000,63786.4,63795.0,63444.8,63500.0,187207.1
1727280000000,63500.0,63657.1,63462.0,63595.8,120883.6
1727280900000,63595.8,63639.9,63528.0,63630.0,47622.0
1727281800000,63630.0,63679.3,63540.4,63597.1,45916.9
1727282700000,63597.1,63649.2,63458.0,63463.8,71910.3
1727283600000,63463.8,63590.6,63388.0,63404.4,121594.3
1727284500000,63404.4,63434.0,63158.4,63160.0,228299.1
1727285400000,63160.1,63214.7,63021.5,63110.4,309173.1
1727286300000,63110.3,63188.0,63011.4,63172.8,115414.7
1727287200000,63172.8,63249.3,63134.2,63204.1,131227.9
1727288100000,63204.2,63281.9,63137.3,63225.9,47371.9
1727289000000,63225.9,63276.5,63184.8,63258.7,42752.6
1727289900000,63258.0,63388.0,63241.0,63355.3,69211.2
1727290800000,63355.2,63486.7,63332.8,63353.2,103406.7
1727291700000,63353.3,63454.9,63213.7,63275.8,83439.3
1727292600000,63275.7,63407.4,63214.2,63285.0,107314.9
1727293500000,63284.9,63340.0,63152.0,63192.4,40751.1
1727294400000,63192.9,63370.0,63188.2,63349.8,40575.3
1727295300000,63349.9,63367.8,63270.6,63303.6,22345.4
1727296200000,63303.7,63434.5,63303.7,63411.1,22603.3
1727297100000,63411.1,63558.0,63373.0,63520.0,90707.4
1727298000000,63519.9,63528.4,63439.0,63461.5,48529.5
1727298900000,63461.9,63480.0,63428.9,63479.9,14053.8
1727299800000,63479.9,63557.1,63478.9,63514.1,35055.2
1727300700000,63514.2,63550.0,63397.1,63442.0,55129.7
1727301600000,63442.0,63518.7,63306.6,63313.0,56097.5
1727302500000,63313.1,63428.6,63280.0,63405.9,35823.8
1727303400000,63404.3,63442.5,63109.0,63176.4,62581.5
1727304300000,63176.3,63333.0,63053.0,63277.5,102757.8
1727305200000,63277.5,63280.0,63105.0,63173.9,52261.7
1727306100000,63174.0,63208.0,63017.6,63103.0,68469.7
1727307000000,63102.9,63107.1,62906.2,62954.7,123626.4
1727307900000,62954.7,63199.8,62952.9,63160.1,69242.1
1727308800000,63160.0,63288.0,63035.2,63239.9,124537.0
1727309700000,63243.2,63299.8,63195.0,63275.4,65795.6
1727310600000,63275.3,63290.0,63039.2,63185.9,57756.1
1727311500000,63185.8,63185.9,62840.2,62953.7,218779.0
1727312400000,62953.7,63083.9,62790.0,62974.8,176869.0
1727313300000,62974.7,62974.7,62792.1,62892.2,115237.1
1727314200000,62892.2,62985.1,62666.0,62944.8,211961.1
1727315100000,62944.8,63163.0,62939.8,63163.0,108024.4
1727316000000,63162.9,63209.1,63104.5,63137.1,92637.9
1727316900000,63137.0,63229.0,63137.0,63193.3,46414.8
1727317800000,63193.2,63318.9,63190.6,63304.4,57362.4
1727318700000,63304.5,63373.6,63276.0,63348.2,88855.4
1727319600000,63348.1,63388.5,63333.1,63372.0,53150.7
1727320500000,63372.0,63467.5,63306.0,63312.4,142372.9
1727321400000,63312.5,63498.0,63304.8,63445.0,73132.0
1727322300000,63445.0,63547.9,63442.8,63509.6,76112.0
1727323200000,63509.6,63534.9,63451.6,63475.8,37855.8
1727324100000,63475.8,63496.5,63429.0,63442.0,34280.8
1727325000000,63442.0,63442.0,63370.0,63387.0,45345.6
1727325900000,63387.0,63434.1,63333.4,63429.9,47825.4
1727326800000,63429.9,63496.0,63364.9,63474.4,50521.2
1727327700000,63474.4,63555.0,63456.7,63543.9,58626.2
1727328600000,63543.9,63666.0,63543.9,63649.7,131538.8
1727329500000,63649.7,63728.8,63580.0,63594.9,123361.5
1727330400000,63594.8,63720.0,63583.2,63719.9,72475.6
1727331300000,63720.0,63776.6,63640.0,63659.3,82060.5
1727332200000,63659.3,63780.0,63658.7,63764.8,87243.2
1727333100000,63764.8,63780.0,63686.0,63719.9,50177.8
1727334000000,63720.0,63750.0,63666.8,63700.0,36737.8
1727334900000,63700.1,63840.0,63693.7,63785.3,116778.6
1727335800000,63785.2,63854.6,63761.4,63806.1,57459.0
1727336700000,63806.1,63875.0,63799.0,63849.9,57643.4
1727337600000,63850.0,63888.0,63760.9,63775.7,113566.7
1727338500000,63775.7,63833.0,63767.5,63806.5,39402.6
1727339400000,63806.5,63876.0,63770.2,63784.9,74524.3
1727340300000,63784.8,63817.6,63692.3,63722.1,114533.9
1727341200000,63722.1,63736.5,63590.4,63645.6,100644.1
1727342100000,63644.0,63980.0,63621.2,63891.4,200375.6
1727343000000,63891.5,63926.1,63777.0,63818.4,91841.9
1727343900000,63818.3,63818.4,63750.0,63801.9,62808.0
1727344800000,63802.0,63947.0,63764.0,63941.5,62669.6
1727345700000,63941.5,64300.0,63911.5,64213.5,392230.5
1727346600000,64213.4,64480.0,64185.7,64374.8,456730.7
1727347500000,64374.8,64426.3,64275.3,64396.8,185659.9
1727348400000,64396.8,64450.0,64300.0,64390.2,111314.0
1727349300000,64390.3,64500.0,64337.1,64345.9,268715.4
1727350200000,64345.9,64456.0,64310.8,64410.0,111205.3
1727351100000,64410.0,64464.0,64372.2,64408.2,55896.0
1727352000000,64408.2,64482.0,64325.3,64422.8,86699.7
1727352900000,64421.2,64578.2,64386.1,64530.4,170413.9
1727353800000,64530.4,64739.8,64386.1,64614.7,356462.2
1727354700000,64614.8,64648.7,64479.7,64490.1,95616.4
1727355600000,64490.0,64571.8,64410.0,64472.9,79182.0
1727356500000,64472.9,64532.9,64329.5,64374.6,151697.6
1727357400000,64374.5,64419.9,64154.6,64349.6,295840.1
1727358300000,64349.5,64441.8,64212.8,64441.7,129469.0
1727359200000,64441.8,64898.9,64388.9,64796.5,555428.1
1727360100000,64796.4,65248.0,64554.9,64711.8,1093182.7
1727361000000,64711.8,64997.8,64543.7,64730.1,377384.0
1727361900000,64730.1,64950.0,64367.3,64426.3,407809.1
1727362800000,64426.3,64726.3,64311.0,64703.9,289530.0
1727363700000,64704.0,65018.9,64664.6,65009.0,302923.1
1727364600000,65009.0,65498.4,64928.7,65315.6,810385.8
1727365500000,65315.6,65535.9,65172.6,65238.4,332693.8
1727366400000,65239.3,65499.0,65118.6,65306.8,231118.8
1727367300000,65306.8,65492.8,65229.9,65439.8,125602.9
1727368200000,65439.7,65580.0,65369.0,65448.7,193915.7
1727369100000,65448.6,65544.8,65340.0,65347.8,110175.1
1727370000000,65347.8,65848.9,65300.0,65582.1,492957.3
1727370900000,65582.2,65610.0,65338.5,65398.0,159794.3
1727371800000,65398.0,65509.6,65101.0,65266.0,221509.0
1727372700000,65266.1,65394.2,65116.4,65127.9,125499.9
1727373600000,65127.9,65286.0,65044.1,65244.8,176444.1
1727374500000,65244.7,65300.0,65080.5,65080.5,94718.3
1727375400000,65080.1,65179.3,64950.0,65040.8,169672.0
1727376300000,65040.9,65281.1,64986.3,65281.1,162720.5
1727377200000,65281.5,65303.5,65127.0,65185.1,100117.0
1727378100000,65185.1,65233.0,65096.4,65112.0,93888.7
1727379000000,65111.9,65165.0,65034.4,65071.7,96602.8
1727379900000,65071.7,65076.8,64683.5,64695.8,206438.3
1727380800000,64695.8,64859.3,64646.0,64716.4,134451.4
1727381700000,64716.4,64791.1,64631.9,64719.3,80606.8
1727382600000,64719.3,64850.0,64706.8,64770.1,81051.4
1727383500000,64770.0,64799.5,64644.0,64648.0,40326.7
1727384400000,64648.0,64873.5,64620.0,64829.2,56558.4
1727385300000,64829.2,65230.4,64818.0,64819.8,170638.4
1727386200000,64819.7,64997.1,64778.0,64917.3,72644.3
1727387100000,64917.3,65070.2,64917.2,65046.1,32908.3
1727388000000,65046.0,65250.0,65037.1,65137.7,109396.6
1727388900000,65137.7,65144.4,64959.3,64975.5,62432.9
1727389800000,64975.5,65190.6,64975.5,65147.3,42739.2
1727390700000,65147.3,65168.4,65017.2,65095.4,24605.9
1727391600000,65095.3,65104.7,64916.6,64935.0,43177.5
1727392500000,64935.0,65000.0,64727.1,64950.0,82677.8
1727393400000,64950.0,65088.0,64913.3,65082.4,36132.3
1727394300000,65082.4,65177.8,65055.0,65166.1,42936.6
1727395200000,65166.0,65177.2,64988.0,65108.3,51926.3
1727396100000,65108.3,65194.0,65055.6,65154.6,50171.0
1727397000000,65154.6,65257.1,65055.1,65198.8,79611.1
1727397900000,65198.7,65291.8,65112.7,65238.0,65631.8
1727398800000,65238.0,65358.0,65187.3,65199.9,82676.3
1727399700000,65200.0,65273.0,65089.9,65203.3,52145.2
1727400600000,65203.0,65284.4,65056.2,65059.0,61208.4
1727401500000,65059.0,65152.8,65003.7,65113.9,48855.6
1727402400000,65113.9,65195.3,65068.5,65099.9,38472.5
1727403300000,65099.9,65117.3,64910.0,64918.2,102659.2
1727404200000,64918.2,65000.0,64891.3,64962.1,81260.4
1727405100000,64962.1,64962.1,64828.0,64884.3,56810.6
1727406000000,64884.3,64924.0,64822.0,64923.9,57170.2
1727406900000,64924.0,65019.7,64910.0,65014.9,59013.4
1727407800000,65014.9,65350.0,65014.9,65284.0,153526.6
1727408700000,65283.7,65428.6,65248.4,65360.3,117451.6
1727409600000,65360.4,65467.0,65317.3,65360.1,126871.8
1727410500000,65360.0,65422.2,65305.0,65310.5,67325.4
1727411400000,65310.5,65389.3,65265.0,65350.0,58328.1
1727412300000,65350.1,65380.0,65270.0,65295.8,32231.7
1727413200000,65295.9,65350.0,65244.2,65300.2,41817.7
1727414100000,65300.3,65300.3,65179.6,65187.8,52214.1
1727415000000,65187.9,65220.0,65088.5,65138.8,82714.6
1727415900000,65138.9,65388.0,65138.9,65362.1,59108.2
1727416800000,65362.1,65515.6,65346.9,65489.9,140269.4
1727417700000,65489.9,65518.0,65366.3,65481.2,94807.2
1727418600000,65481.2,65520.0,65280.0,65345.1,87891.1
1727419500000,65345.0,65374.0,65222.0,65335.2,78588.4
1727420400000,65335.3,65404.0,65258.0,65403.0,53427.7
1727421300000,65403.0,65555.0,65381.5,65519.2,108110.3
1727422200000,65519.2,65530.0,65372.0,65414.0,92766.2
1727423100000,65414.0,65498.9,65403.2,65472.9,86659.0
1727424000000,65472.9,65600.1,65421.5,65555.1,146740.0
1727424900000,65555.1,65730.0,65540.0,65625.1,169332.2
1727425800000,65625.4,65800.0,65560.2,65651.0,167952.5
1727426700000,65651.1,65740.0,65588.9,65729.9,133283.4
1727427600000,65729.9,65866.0,65723.1,65802.4,176912.6
1727428500000,65802.4,66027.5,65669.5,65756.1,355978.2
1727429400000,65756.1,65800.0,65670.0,65710.0,91619.2
1727430300000,65710.1,65910.0,65710.0,65754.9,141622.9
1727431200000,65754.8,65792.1,65568.0,65635.9,164297.7
1727432100000,65636.0,65640.0,65506.1,65578.7,111186.4
1727433000000,65578.7,65640.0,65495.6,65576.4,88852.3
1727433900000,65576.5,65628.9,65492.0,65492.0,58815.3
1727434800000,65492.1,65595.1,65491.7,65541.9,55648.8
1727435700000,65541.9,65625.0,65381.2,65385.9,99755.0
1727436600000,65385.9,65439.5,65350.0,65416.2,86644.5
1727437500000,65416.2,65528.0,65406.1,65448.6,82902.2
1727438400000,65448.6,65536.4,65417.1,65480.4,71177.7
1727439300000,65480.4,65505.0,65326.5,65460.1,88479.5
1727440200000,65460.0,65799.0,65454.9,65782.9,271748.0
1727441100000,65782.9,65888.0,65681.3,65737.0,147223.9
1727442000000,65737.0,65791.9,65633.4,65647.7,104924.0
1727442900000,65647.6,65747.0,65645.0,65659.7,48569.0
1727443800000,65659.8,65669.9,65364.4,65436.0,202015.1
1727444700000,65436.1,65688.0,65380.0,65671.0,182153.2
1727445600000,65671.0,66222.0,65562.0,66079.9,713100.0
1727446500000,66079.9,66387.7,65950.0,66286.0,467314.7
1727447400000,66286.0,66478.7,66105.5,66292.2,523773.6
1727448300000,66292.1,66388.0,66188.0,66245.0,140517.9
1727449200000,66245.1,66363.6,66170.3,66305.1,177069.6
1727450100000,66305.1,66420.0,66262.7,66338.0,142381.3
1727451000000,66338.0,66360.0,66208.8,66214.7,100367.4
1727451900000,66214.7,66271.7,66004.0,66004.0,231574.2
1727452800000,66004.0,66213.5,66001.0,66099.8,154987.9
1727453700000,66099.8,66145.5,65880.1,66087.9,191546.6
1727454600000,66087.9,66273.0,66041.0,66184.3,156833.1
1727455500000,66184.3,66374.9,66134.0,66303.8,141414.0
1727456400000,66303.8,66352.9,66000.0,66011.3,207711.3
1727457300000,66011.4,66038.9,65779.0,65808.0,195746.8
1727458200000,65808.1,65945.8,65688.0,65743.6,178865.1
1727459100000,65743.6,65939.2,65728.9,65913.4,85400.0
1727460000000,65913.5,65930.0,65780.0,65780.0,46957.5
1727460900000,65780.1,65824.0,65589.5,65605.9,118271.1
1727461800000,65605.9,65732.7,65525.1,65657.1,146816.9
1727462700000,65657.1,65880.0,65657.1,65877.9,79764.6
1727463600000,65878.0,65975.4,65744.8,65764.1,109722.4
1727464500000,65764.1,65861.6,65753.8,65774.9,36647.6
1727465400000,65775.0,65828.0,65701.1,65753.9,42061.8
1727466300000,65753.9,65766.1,65633.3,65652.8,50831.8
1727467200000,65651.5,65753.8,65621.5,65738.0,46875.2
1727468100000,65737.9,65766.7,65674.5,65757.9,30494.5
1727469000000,65757.9,65875.1,65754.6,65872.0,24355.2
1727469900000,65872.0,65919.6,65779.2,65798.0,34456.0
1727470800000,65798.0,65861.8,65762.8,65768.7,23690.3
1727471700000,65768.7,65858.4,65760.6,65856.8,19591.1
1727472600000,65856.8,65889.3,65765.6,65769.9,28166.8
1727473500000,65769.9,65859.1,65769.9,65820.0,12290.0
1727474400000,65820.1,65917.2,65769.1,65902.2,33234.0
1727475300000,65902.1,65940.4,65833.3,65918.1,41031.2
1727476200000,65918.1,65980.0,65895.8,65941.6,31712.0
1727477100000,65941.6,65941.6,65871.4,65871.4,14970.4
1727478000000,65871.4,65918.0,65822.0,65843.5,31630.5
1727478900000,65843.2,65843.3,65712.0,65749.3,34868.9
1727479800000,65749.3,65786.0,65681.3,65691.8,26407.3
1727480700000,65691.8,65810.4,65684.5,65779.3,29213.8
1727481600000,65779.3,65830.7,65768.0,65803.9,24419.6
1727482500000,65803.9,65849.7,65728.6,65746.6,27766.7
1727483400000,65746.6,65900.0,65726.5,65875.3,55092.5
1727484300000,65875.3,65913.0,65839.4,65909.9,28461.3
1727485200000,65909.9,65910.0,65823.4,65872.6,23149.7
1727486100000,65872.6,65879.3,65796.1,65834.3,26552.5
1727487000000,65834.4,65882.2,65796.2,65880.0,18914.1
1727487900000,65880.0,66011.5,65847.2,65999.0,47270.8
1727488800000,65999.1,66038.2,65899.9,65955.8,56398.4
1727489700000,65955.8,66074.0,65922.1,66071.9,45066.4
1727490600000,66071.9,66179.0,66071.9,66151.7,115346.3
1727491500000,66150.7,66212.0,66106.2,66168.6,65711.1
1727492400000,66168.7,66277.5,66124.9,66138.6,74748.5
1727493300000,66138.6,66138.7,66052.0,66060.8,46882.2
1727494200000,66060.8,66088.6,65976.7,65978.0,42056.2
1727495100000,65978.0,66080.0,65978.0,66076.4,72478.6
1727496000000,66076.4,66076.5,65957.0,65988.5,67995.7
1727496900000,65988.5,66099.9,65988.4,66081.5,24875.5
1727497800000,66081.5,66081.5,66040.0,66060.5,11950.2
1727498700000,66060.5,66060.6,65990.1,66011.8,15360.4
1727499600000,66011.8,66026.0,65970.0,65978.8,19504.4
1727500500000,65978.8,66002.0,65916.1,65919.2,23959.2
1727501400000,65919.3,66035.0,65914.5,66006.0,37297.1
1727502300000,66006.0,66011.4,65915.0,65964.1,34225.7
1727503200000,65964.2,65970.7,65824.0,65824.0,82653.9
1727504100000,65824.0,65899.0,65822.0,65897.6,40911.6
1727505000000,65897.6,65910.0,65740.0,65772.1,69997.8
1727505900000,65772.1,65829.7,65750.0,65809.9,31394.6
1727506800000,65809.9,65840.0,65800.0,65800.2,32328.6
1727507700000,65800.1,65832.0,65788.1,65788.1,17766.5
1727508600000,65788.0,65916.1,65755.1,65902.1,39920.2
1727509500000,65902.1,65902.1,65812.8,65822.2,28220.7
1727510400000,65822.1,65822.2,65630.0,65630.1,123298.0
1727511300000,65630.0,65709.4,65629.3,65648.7,44655.4
1727512200000,65648.8,65729.8,65586.0,65726.1,77974.3
1727513100000,65726.1,65741.1,65630.7,65645.4,34866.6
1727514000000,65645.4,65656.9,65456.0,65527.5,160463.1
1727514900000,65527.4,65600.0,65474.3,65526.9,117339.4
1727515800000,65526.8,65600.0,65525.0,65596.5,37058.9
1727516700000,65595.9,65646.2,65555.3,65646.0,32938.1
1727517600000,65645.9,65700.0,65580.6,65699.9,41082.3
1727518500000,65699.9,65700.0,65647.5,65666.0,31492.6
1727519400000,65666.0,65768.6,65666.0,65750.0,36462.8
1727520300000,65750.0,65793.4,65724.3,65770.1,51541.7
1727521200000,65770.1,65800.0,65730.0,65730.1,28789.4
1727522100000,65730.1,65781.7,65724.3,65724.3,24941.8
1727523000000,65724.3,65787.1,65700.0,65766.5,25179.1
1727523900000,65766.6,65814.0,65731.0,65804.0,24006.1
1727524800000,65803.9,65804.0,65638.8,65706.0,37234.1
1727525700000,65704.8,65704.9,65625.6,65640.6,30792.2
1727526600000,65640.6,65654.1,65421.2,65470.0,136221.1
1727527500000,65470.0,65577.6,65470.0,65550.1,52921.4
1727528400000,65550.0,65569.3,65440.0,65450.1,45470.2
1727529300000,65450.1,65567.7,65426.0,65560.0,44569.6
1727530200000,65560.0,65627.8,65486.0,65618.3,52212.7
1727531100000,65618.3,65619.0,65514.4,65539.2,27098.7
1727532000000,65539.2,65729.2,65539.2,65645.1,63514.4
1727532900000,65645.2,65833.6,65645.2,65720.0,83695.4
1727533800000,65719.9,65789.5,65715.6,65763.8,29925.2
1727534700000,65763.8,65765.0,65690.0,65731.4,28434.3
1727535600000,65731.4,65735.0,65672.5,65697.8,31763.6
1727536500000,65697.8,65702.7,65635.1,65675.1,37693.1
1727537400000,65675.2,65700.0,65622.4,65629.9,31808.3
1727538300000,65629.9,65658.0,65623.0,65630.7,26366.3
1727539200000,65630.7,65635.5,65579.8,65612.0,54046.3
1727540100000,65611.9,65674.7,65553.4,65668.6,61036.1
1727541000000,65668.5,65671.6,65520.0,65531.7,39464.9
1727541900000,65531.7,65569.7,65481.6,65515.6,45562.6
1727542800000,65515.6,65602.4,65506.0,65594.8,31350.6
1727543700000,65594.8,65736.3,65561.5,65693.5,36521.5
1727544600000,65693.4,65708.9,65630.7,65652.8,20871.3
1727545500000,65652.9,65669.0,65615.4,65643.1,9760.6
1727546400000,65643.9,65788.0,65643.9,65787.9,76552.8
1727547300000,65787.9,65831.5,65770.6,65770.6,54571.4
1727548200000,65770.6,65804.0,65744.5,65745.3,16467.9
1727549100000,65745.3,65753.6,65711.1,65711.1,9418.8
1727550000000,65711.2,65747.3,65706.0,65744.0,11077.4
1727550900000,65744.1,65787.2,65725.2,65728.6,10703.2
1727551800000,65728.7,65748.0,65703.1,65730.1,9822.6
1727552700000,65730.0,65744.0,65713.5,65735.1,8181.2
1727553600000,65735.2,65781.9,65715.2,65765.1,15664.3
1727554500000,65765.0,65777.0,65732.1,65766.0,7386.6
1727555400000,65766.0,65766.1,65724.0,65741.0,7883.6
1727556300000,65741.0,65741.0,65643.0,65651.5,30523.0
1727557200000,65651.5,65689.4,65538.0,65566.2,33645.3
1727558100000,65566.2,65623.2,65430.0,65590.0,114775.9
1727559000000,65590.1,65699.0,65590.0,65688.9,22324.1
1727559900000,65688.8,65712.0,65641.7,65711.3,19491.2
1727560800000,65711.2,65751.4,65580.0,65652.6,35549.0
1727561700000,65652.6,65751.5,65643.7,65735.0,25267.5
1727562600000,65735.0,65783.3,65688.1,65721.9,22850.4
1727563500000,65721.9,65760.0,65684.6,65684.7,13437.6
1727564400000,65684.7,65692.3,65641.1,65641.7,15426.7
1727565300000,65641.7,65661.8,65613.0,65658.4,8088.5
1727566200000,65658.4,65730.2,65658.3,65730.2,15861.4
1727567100000,65730.1,66002.7,65712.0,65857.2,180888.4
1727568000000,65857.2,65890.0,65801.1,65851.3,50466.8
1727568900000,65851.4,65992.0,65833.1,65900.4,69264.6
1727569800000,65900.3,65900.4,65748.6,65755.0,56111.5
1727570700000,65754.9,65795.4,65645.3,65682.4,70936.4
1727571600000,65682.4,65765.9,65679.1,65688.8,26034.9
1727572500000,65688.8,65812.4,65662.2,65756.5,35607.6
1727573400000,65756.6,65797.2,65708.3,65750.0,15161.9
1727574300000,65750.1,65883.0,65750.0,65868.2,38002.3
1727575200000,65868.2,65928.0,65823.3,65884.2,41617.4
1727576100000,65884.1,65936.0,65836.3,65896.0,49107.7
1727577000000,65896.0,65923.7,65823.1,65857.5,29892.3
1727577900000,65857.5,65910.1,65820.0,65820.1,19332.3
1727578800000,65820.1,65828.4,65768.5,65774.3,25488.7
1727579700000,65774.4,65833.9,65723.5,65825.3,24940.5
1727580600000,65825.3,65830.0,65782.5,65822.0,12501.9
1727581500000,65822.1,65826.9,65801.0,65817.3,12961.9
1727582400000,65817.2,65817.3,65738.0,65740.1,20391.8
1727583300000,65740.1,65760.1,65700.0,65760.1,24015.9
1727584200000,65760.1,65760.1,65700.0,65734.7,20890.7
1727585100000,65734.7,65759.7,65694.5,65754.1,23720.8
1727586000000,65754.0,65757.1,65721.2,65721.3,12057.7
1727586900000,65721.3,65766.1,65717.6,65740.3,18560.9
1727587800000,65740.4,65740.4,65567.8,65571.7,86517.1
1727588700000,65571.8,65613.5,65508.3,65607.1,61419.8
1727589600000,65607.1,65643.6,65580.4,65583.0,48175.3
1727590500000,65583.0,65616.7,65520.1,65612.5,32935.7
1727591400000,65612.5,65619.9,65520.0,65550.4,31527.3
1727592300000,65550.3,65559.9,65500.0,65515.7,53677.8
1727593200000,65515.6,65572.0,65500.9,65569.1,30698.5
1727594100000,65569.0,65579.7,65480.0,65540.8,51555.9
1727595000000,65540.8,65579.5,65510.2,65535.6,23829.4
1727595900000,65535.6,65539.2,65450.0,65480.9,58563.1
1727596800000,65481.0,65543.3,65460.0,65526.1,39148.1
1727597700000,65526.0,65526.1,65452.0,65454.1,34283.8
1727598600000,65454.0,65594.0,65454.0,65590.1,53684.8
1727599500000,65590.1,65607.0,65562.7,65569.1,24741.6
1727600400000,65569.1,65682.8,65560.0,65666.0,61075.6
1727601300000,65666.0,65675.7,65599.2,65606.8,36195.4
1727602200000,65606.8,65660.0,65606.7,65622.8,17929.3
1727603100000,65622.8,65642.5,65579.9,65589.2,16898.2
1727604000000,65589.3,65594.0,65543.7,65552.1,25853.8
1727604900000,65552.0,65552.0,65475.0,65490.1,46267.9
1727605800000,65490.0,65535.7,65480.4,65531.3,31498.7
1727606700000,65531.3,65590.4,65528.1,65584.1,25745.7
1727607600000,65584.0,65656.0,65567.5,65656.0,40462.6
1727608500000,65655.9,65666.6,65613.0,65651.1,28249.4
1727609400000,65651.0,65730.0,65629.3,65689.6,65872.6
1727610300000,65689.5,65730.8,65671.6,65701.1,27463.9
1727611200000,65701.0,65764.0,65701.0,65715.0,44868.2
1727612100000,65715.0,65762.0,65666.1,65680.5,37852.7
1727613000000,65680.6,65720.0,65653.0,65706.1,27394.4
1727613900000,65706.0,65714.7,65615.3,65624.5,30544.9
1727614800000,65624.6,65780.0,65571.4,65771.7,76940.9
1727615700000,65771.6,65800.0,65725.0,65729.0,53937.7
1727616600000,65728.9,65867.0,65722.0,65818.6,54413.2
1727617500000,65818.7,65858.0,65785.5,65810.7,53037.0
1727618400000,65810.6,65824.0,65701.3,65747.8,45100.0
1727619300000,65747.9,65799.0,65705.0,65733.5,22238.4
1727620200000,65733.5,65752.0,65674.4,65697.0,21574.8
1727621100000,65696.9,65732.2,65666.0,65699.9,22257.2
1727622000000,65700.0,65714.8,65600.0,65711.3,88539.1
1727622900000,65711.3,65818.8,65620.0,65654.6,64754.9
1727623800000,65653.2,65753.8,65650.0,65747.6,23892.9
1727624700000,65747.6,65799.0,65722.7,65762.9,46951.1
1727625600000,65763.0,65799.0,65727.6,65756.3,29681.3
1727626500000,65756.3,65760.0,65702.2,65706.1,16810.9
1727627400000,65706.1,65750.0,65655.0,65733.3,24566.4
1727628300000,65733.3,65800.0,65733.3,65774.0,30237.9
1727629200000,65774.0,65946.6,65761.6,65891.4,116407.0
1727630100000,65891.4,65930.0,65840.4,65854.1,35618.3
1727631000000,65854.0,65906.0,65854.0,65862.1,23791.2
1727631900000,65862.0,65875.3,65792.0,65824.8,21767.5
1727632800000,65824.9,65860.7,65788.0,65802.1,16358.8
1727633700000,65802.2,65813.9,65748.4,65759.9,30668.6
1727634600000,65760.0,65876.2,65759.9,65807.4,25949.4
1727635500000,65807.5,65815.0,65771.4,65792.1,10406.5
1727636400000,65792.1,65825.0,65780.4,65825.0,9365.5
1727637300000,65825.0,65870.0,65824.9,65839.8,11947.0
1727638200000,65839.8,65898.6,65839.2,65898.6,13971.9
1727639100000,65898.5,65975.2,65898.5,65948.1,51953.2
1727640000000,65948.1,66100.0,65880.0,65926.0,135517.2
1727640900000,65926.0,66022.0,65837.3,65905.0,31044.7
1727641800000,65904.9,65970.9,65830.6,65851.4,24177.7
1727642700000,65851.4,65873.2,65803.4,65820.1,16604.3
1727643600000,65820.1,65887.8,65802.9,65862.1,15041.8
1727644500000,65862.0,65980.0,65846.2,65863.3,27338.1
1727645400000,65863.2,65870.3,65795.0,65861.0,25257.3
1727646300000,65861.0,65874.1,65800.0,65874.1,24097.3
1727647200000,65874.0,65955.0,65626.0,65721.4,99086.5
1727648100000,65721.4,65775.0,65580.0,65753.2,109247.2
1727649000000,65753.2,65823.1,65684.0,65690.0,37472.3
1727649900000,65690.1,65769.2,65645.0,65666.5,27417.2
1727650800000,65666.5,65723.3,65558.0,65640.8,84651.7
1727651700000,65640.8,65650.0,65533.3,65557.7,52348.2
1727652600000,65557.7,65615.4,65535.5,65613.6,64144.4
1727653500000,65613.7,65740.0,65602.3,65604.2,41960.9
1727654400000,65604.2,65632.0,65465.5,65502.7,147578.8
1727655300000,65502.7,65533.8,65151.8,65250.8,359555.6
1727656200000,65250.8,65340.0,65100.0,65339.4,430916.5
1727657100000,65339.4,65475.0,65308.9,65468.0,96875.5
1727658000000,65468.0,65555.5,65231.1,65294.0,130104.8
1727658900000,65294.0,65315.2,65190.0,65295.0,132828.4
1727659800000,65295.0,65336.7,65160.3,65174.1,88058.6
1727660700000,65174.1,65179.3,64738.6,64780.1,542330.0
1727661600000,64780.0,64825.2,64426.7,64552.3,478869.6
1727662500000,64552.3,64697.4,64492.0,64500.7,231103.8
1727663400000,64500.1,64571.4,64350.0,64475.1,264544.4
1727664300000,64475.0,64475.0,64341.0,64379.3,203385.3
1727665200000,64378.7,64486.4,64200.0,64429.5,315988.2
1727666100000,64429.6,64450.0,64315.9,64410.0,156652.2
1727667000000,64410.0,64574.0,64373.4,64493.3,176618.0
1727667900000,64493.4,64569.5,64450.0,64567.8,144718.1
1727668800000,64567.8,64567.8,64430.0,64461.9,55529.3
1727669700000,64461.9,64497.0,64330.4,64375.5,91798.2
1727670600000,64375.4,64488.0,64333.0,64450.1,43404.9
1727671500000,64450.2,64497.0,64423.0,64439.9,29811.5
1727672400000,64439.9,64525.0,64391.3,64438.0,38463.2
1727673300000,64437.9,64533.0,64433.3,64532.9,41399.4
1727674200000,64533.0,64545.6,64460.0,64470.3,36803.6
1727675100000,64470.0,64531.6,64440.8,64531.5,33651.7
1727676000000,64531.5,64730.0,64513.4,64653.0,262499.3
1727676900000,64652.9,64660.6,64497.4,64520.0,99100.4
1727677800000,64520.1,64560.8,64430.0,64430.1,72860.6
1727678700000,64430.0,64494.9,64350.4,64352.8,54140.4
1727679600000,64352.9,64675.0,64350.0,64610.1,136439.6
1727680500000,64610.1,64696.4,64545.3,64583.4,90688.6
1727681400000,64583.4,64625.1,64525.0,64541.6,37313.6
1727682300000,64541.6,64600.0,64541.5,64565.8,25573.1
1727683200000,64565.8,64582.0,64424.1,64440.1,53184.1
1727684100000,64440.1,64459.9,64235.0,64295.2,160540.6
1727685000000,64295.3,64399.6,64109.3,64206.1,328490.6
1727685900000,64206.1,64342.7,64030.3,64315.4,346450.6
1727686800000,64315.4,64315.5,64010.0,64090.0,209980.5
1727687700000,64090.0,64114.1,63713.0,63984.7,439530.1
1727688600000,63984.7,64050.9,63800.0,63873.0,316505.8
1727689500000,63873.0,63902.4,63535.3,63540.4,355585.9
1727690400000,63540.4,63686.6,63249.6,63324.1,633106.0
1727691300000,63324.1,63630.0,63264.5,63611.7,368953.6
1727692200000,63611.7,63616.7,63483.6,63593.7,123347.7
1727693100000,63594.1,63666.0,63536.6,63649.4,81001.2
1727694000000,63649.4,63721.2,63520.0,63697.2,106407.8
1727694900000,63697.3,63725.0,63612.8,63725.0,59679.7
1727695800000,63724.9,63762.2,63631.3,63657.7,79790.9
1727696700000,63657.8,63886.0,63560.0,63826.1,191956.6
1727697600000,63826.1,63875.2,63765.7,63835.1,89472.6
1727698500000,63835.2,63880.0,63803.0,63825.7,51608.2
1727699400000,63825.8,63918.7,63775.1,63795.3,99513.7
1727700300000,63795.3,64149.0,63785.0,64043.2,243058.0
1727701200000,64043.2,64156.0,63986.4,64102.8,152114.5
1727702100000,64102.8,64150.0,63928.6,63983.7,132551.6
1727703000000,63983.7,64089.0,63829.0,64013.2,160780.2
1727703900000,64013.3,64100.0,63876.0,63882.5,106569.6
1727704800000,63882.5,63954.0,63550.0,63762.7,338804.2
1727705700000,63762.8,63833.0,63596.4,63818.1,152414.6
1727706600000,63818.1,64025.6,63724.5,63912.7,143684.8
1727707500000,63912.7,63960.0,63737.6,63751.4,86482.7
1727708400000,63751.5,63861.2,63625.0,63808.0,94470.8
1727709300000,63808.0,63983.5,63794.4,63855.4,124673.2
1727710200000,63856.7,63872.7,63626.2,63759.2,93847.8
1727711100000,63759.1,63853.0,63541.3,63568.9,157702.9
1727712000000,63568.9,63689.0,63532.0,63655.0,148889.9
1727712900000,63655.0,63747.3,63625.5,63640.0,60788.7
1727713800000,63640.0,63660.0,63463.3,63542.9,101341.3
1727714700000,63543.0,63630.2,63483.9,63503.1,64844.0
1727715600000,63503.1,63576.1,63420.6,63472.1,89066.2
1727716500000,63472.0,63679.8,63455.0,63474.0,74103.3
1727717400000,63474.1,63660.0,63380.0,63660.0,116591.2
1727718300000,63660.0,63714.0,63552.3,63696.7,86992.5
1727719200000,63696.8,63739.0,63300.0,63391.9,163061.0
1727720100000,63391.9,63394.5,63068.7,63174.1,386121.9
1727721000000,63174.0,63444.9,63063.0,63364.2,134165.2
1727721900000,63364.2,63484.3,63328.1,63341.0,116978.5
1727722800000,63341.0,63514.5,63288.0,63358.1,89580.1
1727723700000,63358.2,63460.0,63337.3,63460.0,33881.8
1727724600000,63459.9,63519.5,63372.3,63441.5,69091.2
1727725500000,63441.4,63638.7,63432.2,63494.3,170525.5
1727726400000,63494.3,63686.5,63450.3,63622.5,88049.1
1727727300000,63622.1,63723.4,63600.0,63661.7,65971.3
1727728200000,63661.8,63768.0,63646.7,63701.0,55272.7
1727729100000,63701.0,63883.9,63678.8,63808.0,91820.1
1727730000000,63807.9,63832.8,63750.0,63750.4,58741.3
1727730900000,63750.5,63785.7,63730.0,63785.7,26603.9
1727731800000,63786.0,63822.8,63642.1,63642.2,45464.2
1727732700000,63642.2,63739.1,63642.1,63700.3,17107.6
1727733600000,63700.3,63777.0,63654.5,63741.2,47782.3
1727734500000,63741.3,63743.6,63576.1,63591.2,41197.2
1727735400000,63591.1,63671.8,63576.6,63600.3,33083.1
1727736300000,63600.3,63630.5,63482.6,63490.0,36382.0
1727737200000,63490.4,63625.7,63298.2,63574.4,118972.2
1727738100000,63570.1,63583.7,63353.6,63387.9,47808.9
1727739000000,63387.8,63388.4,62820.0,62974.1,374707.2
1727739900000,62974.0,63366.4,62974.0,63330.5,205624.1
1727740800000,63330.5,63500.0,63173.0,63215.9,177550.5
1727741700000,63216.0,63392.6,63010.0,63354.8,215634.4
1727742600000,63354.7,63440.0,63260.6,63431.0,82189.8
1727743500000,63431.1,63628.8,63418.0,63544.8,137552.7
1727744400000,63544.8,63647.2,63392.6,63517.9,199436.0
1727745300000,63517.9,63594.9,63465.4,63581.9,50364.1
1727746200000,63581.9,63620.0,63541.8,63575.6,33729.4
1727747100000,63575.6,63575.6,63409.9,63471.8,46288.6
1727748000000,63471.7,63471.7,63208.0,63237.6,91747.4
1727748900000,63237.7,63389.0,63184.2,63339.8,57857.4
1727749800000,63339.8,63411.7,63336.1,63348.8,24297.4
1727750700000,63348.7,63465.8,63282.9,63449.9,38360.3
1727751600000,63450.0,63642.5,63433.6,63637.2,84227.9
1727752500000,63637.1,63713.0,63527.9,63546.3,89858.7
1727753400000,63546.2,63747.9,63546.2,63743.8,45351.9
1727754300000,63743.8,63749.1,63670.6,63720.9,95582.7
1727755200000,63721.0,63840.0,63642.4,63669.8,104897.9
1727756100000,63669.7,63787.9,63669.7,63784.9,49269.6
1727757000000,63784.9,63865.0,63764.6,63809.7,67825.9
1727757900000,63809.8,63863.9,63763.1,63857.4,43106.3
1727758800000,63857.4,63912.3,63712.4,63747.0,91058.1
1727759700000,63747.0,63787.3,63661.9,63715.9,39941.9
1727760600000,63715.9,63746.8,63667.8,63699.1,27655.5
1727761500000,63699.1,63746.8,63696.0,63746.8,16992.3
1727762400000,63746.8,63920.2,63746.8,63868.0,87101.5
1727763300000,63867.9,64036.0,63867.9,63978.0,113202.7
1727764200000,63978.1,64020.9,63895.0,63910.3,60225.1
1727765100000,63910.4,64100.0,63910.4,64028.7,98619.6
1727766000000,64028.7,64080.0,63940.0,63950.1,94246.8
1727766900000,63950.1,64039.0,63916.5,64006.4,57889.7
1727767800000,64006.3,64123.4,63952.3,64091.9,91012.4
1727768700000,64092.0,64094.0,63988.1,64047.8,46398.6
1727769600000,64047.8,64095.8,63950.2,63954.8,53933.9
1727770500000,63954.8,64000.0,63923.0,63955.9,39598.2
1727771400000,63955.9,63994.0,63866.1,63875.7,57855.4
1727772300000,63875.8,63958.0,63831.0,63945.0,40888.8
1727773200000,63945.1,64099.0,63925.0,64073.2,65473.8
1727774100000,64073.2,64081.8,63993.6,64052.4,37428.1
1727775000000,64051.6,64051.7,63930.0,63937.6,45016.5
1727775900000,63937.6,63964.0,63853.4,63860.7,37192.5
1727776800000,63860.8,63897.6,63718.3,63760.6,119511.3
1727777700000,63760.6,63880.0,63756.9,63859.8,50534.5
1727778600000,63859.8,63918.0,63815.9,63885.0,35173.7
1727779500000,63885.0,63949.9,63885.0,63920.0,24494.8
1727780400000,63920.1,63984.1,63906.6,63931.4,48709.0
1727781300000,63931.5,63935.5,63822.0,63825.8,44471.6
1727782200000,63825.8,63849.8,63758.2,63797.7,61553.2
1727783100000,63797.6,63848.4,63730.3,63741.2,50073.4
1727784000000,63741.3,63805.2,63688.6,63786.0,68186.5
1727784900000,63786.0,63830.9,63720.0,63785.5,31760.7
1727785800000,63785.5,63791.5,63620.4,63631.6,78810.1
1727786700000,63631.6,63733.3,63578.6,63673.4,86522.5
1727787600000,63673.3,63699.8,63518.1,63536.4,84313.2
1727788500000,63536.4,63555.0,63392.8,63400.0,152446.4
1727789400000,63400.0,63465.2,62507.7,62802.1,1165793.0
1727790300000,62802.0,62965.0,62523.2,62862.6,592692.5
1727791200000,62862.6,63084.8,62555.2,62706.0,589686.7
1727792100000,62706.0,63048.9,62601.5,62813.8,316404.5
1727793000000,62813.8,62945.0,62450.0,62796.5,539420.1
1727793900000,62796.5,62835.5,62450.7,62594.5,576991.7
1727794800000,62594.5,62708.8,61800.0,62157.3,1536459.9
1727795700000,62157.3,62388.5,62065.0,62376.8,427427.1
1727796600000,62376.8,62818.0,62350.0,62697.2,520763.8
1727797500000,62697.1,62774.9,62622.0,62630.1,206516.0
1727798400000,62630.0,62786.0,62548.7,62552.0,230921.4
1727799300000,62552.1,62626.7,62115.0,62336.1,305263.3
1727800200000,62336.1,62375.2,61923.3,62044.6,607041.7
1727801100000,62044.6,62532.6,61915.0,62456.5,518649.7
1727802000000,62456.5,62456.5,61966.0,61988.2,319032.6
1727802900000,61988.4,61992.9,61001.8,61545.4,1500458.9
1727803800000,61544.8,61846.2,61503.9,61809.5,486403.7
1727804700000,61809.4,62230.0,61768.3,62153.1,462385.9
1727805600000,62153.2,62394.0,62054.4,62294.7,291231.1
1727806500000,62294.7,62372.0,62124.7,62339.0,143726.4
1727807400000,62338.7,62443.3,62025.0,62039.3,219676.2
1727808300000,62039.3,62060.4,61868.8,61996.8,145665.1
1727809200000,61996.9,61996.9,61764.4,61791.7,134415.6
1727810100000,61791.6,62094.0,61600.0,62055.9,182511.9
1727811000000,62055.8,62100.0,61822.0,61875.9,97486.8
1727811900000,61875.9,61896.6,61689.9,61764.7,132201.0
1727812800000,61765.1,61775.2,61166.7,61323.6,456424.2
1727813700000,61323.7,61399.9,60600.0,60747.5,756971.5
1727814600000,60747.5,60930.0,60150.0,60609.6,723160.6
1727815500000,60609.5,60855.0,60370.3,60794.0,261793.8
1727816400000,60794.0,60939.1,60650.0,60935.1,166219.3
1727817300000,60935.2,60940.0,60724.0,60860.3,79841.4
1727818200000,60860.2,60940.0,60723.5,60918.4,82426.0
1727819100000,60918.4,61224.1,60918.4,61135.2,142745.9
1727820000000,61135.3,61159.9,60780.0,60885.4,164856.2
1727820900000,60885.4,60980.0,60781.5,60830.8,64423.9
1727821800000,60830.9,60865.6,60657.2,60683.0,88177.8
1727822700000,60683.4,60838.0,60630.0,60774.9,111482.7
1727823600000,60775.0,60884.2,60650.0,60795.7,77976.6
1727824500000,60795.7,60900.0,60682.8,60682.9,80630.9
1727825400000,60682.8,61036.1,60680.0,60984.0,100921.1
1727826300000,60983.9,60985.0,60814.2,60814.3,55164.3
1727827200000,60814.2,60973.3,60772.2,60849.9,85160.9
1727828100000,60849.9,61050.0,60737.4,60977.1,113501.7
1727829000000,60977.0,61200.0,60945.6,61126.5,137287.4
1727829900000,61126.5,61137.2,60979.2,61042.5,61872.9
1727830800000,61042.5,61280.0,61000.0,61279.9,114972.8
1727831700000,61280.0,61417.7,61189.9,61388.3,113197.0
1727832600000,61388.2,61462.0,61325.0,61379.4,90196.2
1727833500000,61379.5,61536.0,61379.4,61517.6,92852.2
1727834400000,61517.6,61582.0,61430.0,61534.9,79108.4
1727835300000,61535.2,61649.7,61488.4,61620.0,102000.6
1727836200000,61620.0,61711.0,61564.8,61653.1,88028.9
1727837100000,61653.1,61833.3,61637.7,61775.8,169709.4
1727838000000,61775.8,61840.0,61687.7,61770.9,72264.8
1727838900000,61770.9,61840.0,61680.5,61702.5,91834.5
1727839800000,61702.4,61873.9,61654.9,61855.7,81365.1
1727840700000,61855.6,61855.7,61730.0,61736.0,53512.5
1727841600000,61736.0,61742.7,61612.0,61682.8,79231.5
1727842500000,61682.7,61682.8,61484.1,61626.0,127056.2
1727843400000,61626.0,61626.1,61429.6,61520.2,78225.1
1727844300000,61520.2,61585.0,61454.6,61497.8,71683.0
1727845200000,61497.8,61591.9,61472.0,61513.7,54296.6
1727846100000,61514.1,61611.2,61388.9,61448.3,85831.5
1727847000000,61448.3,61500.0,61390.0,61493.9,55203.4
1727847900000,61493.8,61497.9,61350.0,61485.3,71954.7
1727848800000,61485.3,61574.9,61355.1,61559.7,75404.9
1727849700000,61559.7,61618.8,61482.3,61597.0,48722.1
1727850600000,61596.9,61775.0,61596.9,61763.9,100193.0
1727851500000,61763.9,61786.2,61692.1,61693.6,60083.7
1727852400000,61693.7,61737.9,61587.6,61656.4,56168.4
1727853300000,61656.3,61730.0,61581.1,61725.8,41475.7
1727854200000,61725.9,61944.0,61725.8,61850.1,128705.8
1727855100000,61850.0,61922.1,61714.6,61729.5,62349.6
1727856000000,61729.5,61764.2,61600.5,61644.6,73280.5
1727856900000,61644.7,61770.7,61630.0,61713.4,27563.1
1727857800000,61713.4,61916.0,61703.3,61845.4,81968.2
1727858700000,61845.3,61859.3,61758.8,61795.4,46022.7
1727859600000,61795.0,61814.5,61652.2,61675.5,56790.6
1727860500000,61675.6,61681.7,61486.0,61535.4,124792.7
1727861400000,61535.3,61560.0,61333.0,61402.1,114996.5
1727862300000,61402.1,61420.3,61138.0,61280.0,252282.6
1727863200000,61279.9,61296.9,61162.5,61201.7,93107.9
1727864100000,61201.6,61488.0,61191.0,61467.0,109975.3
1727865000000,61466.9,61560.0,61354.0,61389.8,94492.2
1727865900000,61389.8,61449.9,61166.0,61195.5,76878.5
1727866800000,61195.5,61388.0,60890.0,61247.7,282780.4
1727867700000,61247.6,61340.0,61063.8,61299.9,120619.1
1727868600000,61299.9,61376.6,61219.0,61269.2,87650.1
1727869500000,61269.2,61288.0,61111.0,61170.0,70304.4
1727870400000,61170.1,61200.0,60882.3,60927.5,128150.6
1727871300000,60927.5,61163.8,60903.3,61015.8,178361.3
1727872200000,61015.9,61231.2,60990.0,61090.2,92875.2
1727873100000,61090.1,61090.2,60701.9,60810.1,234133.2
1727874000000,60810.1,60978.0,60666.0,60925.1,171322.2
1727874900000,60925.0,61003.9,60795.3,60895.3,102153.6
1727875800000,60895.4,60909.7,60525.9,60714.4,364728.8
1727876700000,60714.4,61478.0,60704.5,61352.2,571700.6
1727877600000,61352.2,61598.6,61255.0,61286.2,342281.1
1727878500000,61286.2,61680.7,61120.0,61229.9,414769.1
1727879400000,61229.8,61532.8,61162.9,61429.0,249055.5
1727880300000,61429.0,61546.0,61079.7,61079.8,219829.3
1727881200000,61079.8,61500.0,61057.0,61437.0,177053.3
1727882100000,61434.8,61753.0,61423.9,61721.1,270652.9
1727883000000,61721.0,61875.0,61691.4,61827.5,197094.4
1727883900000,61827.5,61926.4,61728.1,61865.5,159511.5
1727884800000,61864.0,62368.4,61829.6,62136.4,522765.5
1727885700000,62136.3,62276.1,62036.8,62040.3,160937.2
1727886600000,62040.4,62124.9,61880.0,61904.2,132457.9
1727887500000,61904.1,62020.0,61769.6,61795.1,140421.8
1727888400000,61795.0,61835.0,61550.5,61746.0,168649.5
1727889300000,61745.9,61769.9,61589.5,61682.3,80046.0
1727890200000,61682.2,61682.2,61242.4,61472.7,222231.3
1727891100000,61472.7,61668.6,61450.0,61627.7,103144.1
1727892000000,61627.8,61688.5,61078.4,61108.0,179899.6
1727892900000,61108.6,61293.4,60834.2,61183.1,362759.2
1727893800000,61183.0,61233.0,61023.0,61226.2,109920.1
1727894700000,61226.2,61237.0,60765.0,60770.0,149859.3
1727895600000,60770.0,60955.9,60517.8,60854.1,289860.0
1727896500000,60854.1,60862.7,60230.0,60260.8,463247.9
1727897400000,60260.8,60489.7,60000.0,60104.9,482818.2
1727898300000,60104.9,60385.2,59981.8,60190.0,324352.6
1727899200000,60190.0,60533.0,60128.0,60316.8,229686.0
1727900100000,60316.9,60409.9,60180.0,60392.0,101238.6
1727901000000,60391.9,60798.3,60355.7,60780.4,191674.5
1727901900000,60780.4,60995.0,60700.0,60919.9,187971.9
1727902800000,60919.9,60953.6,60641.4,60717.3,118685.7
1727903700000,60718.0,60894.6,60652.3,60894.5,60773.0
1727904600000,60894.8,60950.0,60714.9,60783.6,65505.2
1727905500000,60783.6,60936.8,60779.9,60832.6,53573.5
1727906400000,60832.5,60832.5,60446.0,60559.1,130193.3
1727907300000,60559.1,60663.0,60445.1,60576.0,76595.2
1727908200000,60575.9,60785.6,60550.0,60720.0,73653.3
1727909100000,60720.0,60863.8,60700.0,60857.3,50453.2
1727910000000,60856.6,60877.6,60749.8,60799.0,40290.1
1727910900000,60799.0,60837.8,60706.7,60758.3,46318.5
1727911800000,60758.3,60766.0,60642.6,60703.8,42444.2
1727912700000,60703.8,60774.9,60571.4,60650.1,74030.4
1727913600000,60650.1,60846.2,60536.3,60815.2,128409.7
1727914500000,60815.1,60827.6,60550.1,60770.0,100583.9
1727915400000,60770.0,61110.7,60743.8,60883.9,244109.0
1727916300000,60883.9,61077.4,60834.0,60987.2,74608.5
1727917200000,60987.1,61146.0,60976.7,61097.9,88254.7
1727918100000,61097.8,61172.3,61000.0,61164.0,83389.1
1727919000000,61164.1,61187.9,61030.0,61030.0,60881.1
1727919900000,61030.0,61125.9,60919.1,61028.0,49168.5
1727920800000,61028.0,61195.0,60982.8,61185.2,49594.9
1727921700000,61185.3,61200.0,61068.2,61111.6,50413.9
1727922600000,61111.6,61189.9,61028.0,61123.9,60010.1
1727923500000,61123.8,61285.4,61123.8,61186.8,97987.7
1727924400000,61186.8,61230.6,61104.0,61123.8,44956.3
1727925300000,61123.8,61340.0,61085.0,61256.4,116000.5
1727926200000,61256.5,61392.0,61186.1,61272.2,81061.5
1727927100000,61274.7,61474.0,61248.4,61460.2,89100.2
1727928000000,61460.3,61482.5,61340.0,61340.1,106483.5
1727928900000,61340.0,61388.3,61308.3,61360.3,41607.6
1727929800000,61360.3,61450.0,61360.3,61406.2,29193.8
1727930700000,61406.2,61450.0,61277.5,61328.9,54456.8
1727931600000,61329.0,61366.1,61230.0,61230.0,49091.6
1727932500000,61230.1,61248.5,61150.0,61200.0,79773.2
1727933400000,61200.1,61229.4,61111.1,61224.8,73724.2
1727934300000,61224.9,61237.9,61116.4,61183.9,47202.5
1727935200000,61183.9,61289.9,61113.4,61252.9,44603.8
1727936100000,61253.0,61310.0,61250.0,61291.0,38209.9
1727937000000,61291.1,61411.0,61256.0,61404.8,51384.4
1727937900000,61404.8,61417.2,61322.2,61323.6,34712.6
1727938800000,61323.7,61425.1,61190.9,61222.0,70336.5
1727939700000,61222.0,61308.4,61136.5,61207.6,124940.6
1727940600000,61207.7,61283.9,61070.0,61092.5,67365.1
1727941500000,61092.4,61137.1,60806.1,60929.7,190393.0
1727942400000,60929.8,60984.1,60528.0,60545.4,266730.2
1727943300000,60545.5,60651.3,60263.0,60355.7,369955.0
1727944200000,60355.8,60466.7,60188.0,60399.1,238546.1
1727945100000,60399.2,60450.0,60155.0,60362.1,246040.9
1727946000000,60359.2,60444.7,60116.8,60425.1,191887.4
1727946900000,60425.1,60670.1,60338.1,60652.2,219512.9
1727947800000,60652.3,60750.0,60580.0,60640.0,129151.9
1727948700000,60640.0,60799.0,60630.0,60727.6,91472.5
1727949600000,60727.5,60790.7,60650.0,60740.0,57842.2
1727950500000,60740.0,60793.7,60675.8,60788.0,45380.5
1727951400000,60788.0,60968.4,60787.9,60920.0,131549.7
1727952300000,60920.0,61038.0,60888.0,61030.6,79117.4
1727953200000,61030.5,61080.0,60990.6,61002.2,93034.5
1727954100000,61002.2,61002.3,60684.0,60735.7,159235.4
1727955000000,60735.7,60838.4,60596.1,60838.3,96137.9
1727955900000,60838.4,60864.0,60733.7,60768.0,48358.3
1727956800000,60767.9,60777.0,60345.0,60583.7,219610.4
1727957700000,60583.7,60657.2,60423.0,60544.1,107203.9
1727958600000,60544.2,60711.0,60426.4,60491.9,158083.9
1727959500000,60492.0,60603.7,60401.0,60479.0,83088.7
1727960400000,60479.1,60539.7,60180.5,60218.6,200253.4
1727961300000,60218.6,60588.5,59840.8,60499.9,689402.8
1727962200000,60499.9,60580.0,60036.0,60246.4,342308.7
1727963100000,60243.0,60500.0,60036.9,60378.3,256980.4
1727964000000,60378.4,60922.7,60326.2,60455.8,568396.0
1727964900000,60455.8,60796.7,60145.0,60280.0,433819.8
1727965800000,60280.0,60550.0,60192.0,60375.8,222218.5
1727966700000,60377.0,60485.0,60168.0,60178.2,179591.7
1727967600000,60178.1,60335.8,60037.2,60210.0,263504.7
1727968500000,60210.0,60396.0,60089.8,60173.4,192870.1
1727969400000,60173.4,60365.0,60112.9,60264.7,184531.5
1727970300000,60264.7,60717.4,60264.4,60642.1,303326.6
1727971200000,60642.1,60788.0,60553.5,60593.7,169816.0
1727972100000,60591.6,60677.4,60202.1,60219.9,190305.7
1727973000000,60219.9,60348.0,60100.0,60181.9,218061.0
1727973900000,60181.9,60261.6,60086.2,60177.0,145965.0
1727974800000,60176.9,60460.0,59921.9,60390.2,280100.4
1727975700000,60390.3,60721.0,60368.5,60643.2,220711.1
1727976600000,60643.2,60720.0,60338.8,60585.8,180886.0
1727977500000,60588.0,60706.9,60488.7,60634.4,87842.4
1727978400000,60634.4,60664.0,60555.4,60627.8,57148.9
1727979300000,60627.7,60859.9,60595.2,60660.1,129213.2
1727980200000,60663.0,60738.9,60537.4,60649.4,58110.1
1727981100000,60649.4,60810.0,60620.4,60720.0,50806.9
1727982000000,60720.0,60761.2,60544.2,60650.0,59326.8
1727982900000,60649.9,60857.1,60631.8,60772.4,49923.4
1727983800000,60772.5,60924.0,60763.6,60797.0,69510.4
1727984700000,60797.1,61061.0,60797.0,61034.9,120590.2
1727985600000,61035.0,61127.1,60889.0,60930.6,137096.8
1727986500000,60930.7,61000.0,60791.1,60842.4,84672.1
1727987400000,60842.4,60868.0,60671.1,60762.2,60188.2
1727988300000,60762.2,60780.7,60719.2,60780.7,25955.0
1727989200000,60780.7,60864.6,60617.3,60863.9,98449.7
1727990100000,60864.1,60966.0,60818.0,60852.8,33501.7
1727991000000,60852.8,60882.0,60735.4,60735.4,29853.6
1727991900000,60735.0,60846.1,60735.0,60816.2,14642.7
1727992800000,60816.2,60873.6,60730.0,60840.9,41328.2
1727993700000,60840.8,60912.7,60720.0,60910.8,37605.1
1727994600000,60911.5,60997.2,60775.6,60806.6,34605.3
1727995500000,60806.6,60925.0,60790.0,60897.1,20960.8
1727996400000,60897.0,60986.0,60804.4,60823.0,31599.9
1727997300000,60822.9,60839.9,60700.0,60790.0,39413.7
1727998200000,60789.9,60826.1,60723.7,60806.1,22186.0
1727999100000,60806.0,60814.9,60705.0,60758.0,25143.3
1728000000000,60757.9,60818.0,60687.6,60699.0,51939.2
1728000900000,60698.1,60753.3,60546.2,60711.9,87182.1
1728001800000,60712.0,60804.0,60561.9,60630.0,70490.8
1728002700000,60629.9,60688.0,60464.4,60507.6,76425.3
1728003600000,60507.7,60638.9,60488.5,60608.9,47747.9
1728004500000,60608.3,61284.2,60603.2,61080.0,271436.9
1728005400000,61079.9,61198.0,60943.0,61036.6,134967.5
1728006300000,61036.5,61265.3,61008.4,61224.9,105011.2
1728007200000,61224.0,61277.6,61091.6,61108.0,89231.9
1728008100000,61107.9,61149.9,60933.0,60988.0,88917.9
1728009000000,60988.0,61148.0,60970.0,61088.2,66733.3
1728009900000,61088.2,61123.0,61026.8,61035.9,42512.7
1728010800000,61035.9,61074.9,60923.4,60935.5,53850.8
1728011700000,60935.4,60980.0,60901.0,60920.2,30116.5
1728012600000,60920.1,60975.2,60890.5,60930.1,32716.2
1728013500000,60930.0,60992.7,60891.8,60959.9,27824.6
1728014400000,60959.9,61031.9,60949.4,61011.7,41284.3
1728015300000,61011.7,61184.7,60970.1,61165.1,52555.6
1728016200000,61165.7,61212.0,61070.8,61086.4,80312.7
1728017100000,61086.3,61086.4,60921.2,61003.3,60213.7
1728018000000,61003.2,61178.6,60980.1,61150.0,64297.3
1728018900000,61150.0,61200.0,61121.6,61183.6,32837.0
1728019800000,61183.6,61200.0,61116.4,61195.1,24814.4
1728020700000,61195.0,61240.5,61166.0,61224.9,54958.3
1728021600000,61224.9,61229.4,61090.4,61113.4,62072.9
1728022500000,61113.4,61358.4,61113.3,61240.1,134167.3
1728023400000,61240.0,61307.5,61139.5,61158.2,51551.1
1728024300000,61158.0,61209.0,61101.0,61119.7,34223.2
1728025200000,61117.9,61193.0,61060.6,61193.0,59082.9
1728026100000,61193.0,61386.9,61190.6,61313.6,86699.8
1728027000000,61313.5,61420.0,61277.2,61401.7,54144.7
1728027900000,61401.7,61498.9,61388.0,61436.5,85325.2
1728028800000,61436.5,61458.4,61320.0,61400.0,64988.6
1728029700000,61400.0,61631.9,61336.1,61558.5,157241.8
1728030600000,61558.5,61652.8,61530.0,61583.2,88920.3
1728031500000,61582.7,61600.0,61450.0,61450.0,65520.0
1728032400000,61450.1,61561.8,61410.7,61516.6,81200.9
1728033300000,61516.6,61588.8,61375.7,61411.0,67619.7
1728034200000,61411.0,61448.2,61335.8,61353.6,52540.8
1728035100000,61353.6,61384.9,61303.0,61337.9,45153.6
1728036000000,61336.4,61407.8,61269.0,61304.2,45916.6
1728036900000,61304.1,61370.7,61268.1,61287.7,38686.3
1728037800000,61287.8,61437.4,61268.9,61368.9,45236.6
1728038700000,61368.9,61388.7,61277.7,61287.1,28778.4
1728039600000,61287.1,61429.5,61276.6,61417.9,36578.7
1728040500000,61417.8,61484.5,61316.7,61324.9,47310.1
1728041400000,61324.9,61427.6,61304.8,61391.5,43681.8
1728042300000,61391.6,61482.0,61386.2,61450.9,118904.7
1728043200000,61450.9,61516.4,61399.5,61418.0,53125.9
1728044100000,61418.0,61588.6,61418.0,61588.6,72608.5
1728045000000,61588.5,61810.0,61206.5,61367.7,748886.5
1728045900000,61367.7,61944.2,61367.7,61923.9,390563.7
1728046800000,61923.8,62016.2,61662.1,61772.9,356764.3
1728047700000,61772.9,61831.5,61508.6,61559.3,222883.3
1728048600000,61559.3,61909.0,61492.1,61816.5,281787.1
1728049500000,61816.5,61841.7,61530.0,61584.6,190428.3
1728050400000,61584.6,61589.5,61150.6,61302.0,362106.8
1728051300000,61302.1,61450.0,60787.5,60953.9,464178.0
1728052200000,60955.3,61152.7,60786.0,61152.6,334498.7
1728053100000,61152.6,61278.5,61085.5,61233.1,147423.2
1728054000000,61233.1,61828.3,61223.9,61638.4,595630.6
1728054900000,61638.4,61776.0,61513.6,61569.2,170552.8
1728055800000,61569.1,61708.0,61474.4,61690.3,175108.8
1728056700000,61690.1,61887.2,61587.2,61887.0,193488.6
1728057600000,61886.9,61893.0,61648.2,61750.0,143857.6
1728058500000,61749.9,62015.0,61727.8,62001.7,153814.7
1728059400000,62001.8,62300.0,61988.7,62209.6,355796.1
1728060300000,62209.6,62296.4,62117.8,62246.8,164380.5
1728061200000,62246.4,62342.3,62170.5,62184.1,146336.0
1728062100000,62184.0,62244.8,62034.0,62038.6,112182.8
1728063000000,62038.6,62150.0,61839.0,62142.9,174539.5
1728063900000,62142.8,62186.0,61972.1,61983.9,73877.4
1728064800000,61984.5,62025.7,61900.0,61951.6,113371.6
1728065700000,61951.6,62180.7,61931.0,62142.5,74473.5
1728066600000,62142.5,62272.7,62135.0,62175.4,54466.1
1728067500000,62175.4,62362.2,62154.9,62346.3,75759.8
1728068400000,62346.3,62458.0,62280.6,62355.1,132095.6
1728069300000,62355.0,62471.0,62339.1,62368.6,80362.5
1728070200000,62368.7,62399.9,62251.3,62266.0,79202.5
1728071100000,62266.0,62455.0,62252.0,62369.9,85158.6
1728072000000,62370.0,62391.7,62274.6,62312.4,49294.9
1728072900000,62312.4,62322.9,62219.9,62231.6,24221.0
1728073800000,62231.6,62362.3,62158.0,62326.9,63419.5
1728074700000,62326.9,62485.5,62322.3,62404.0,78506.1
1728075600000,62404.1,62458.7,62323.0,62370.1,31491.9
1728076500000,62370.1,62435.9,62370.1,62380.4,17046.8
1728077400000,62380.5,62380.5,62275.6,62320.4,23795.4
1728078300000,62320.5,62339.7,62259.3,62275.9,22001.0
1728079200000,62275.9,62340.5,62235.0,62270.9,31974.8
1728080100000,62270.9,62355.0,62257.3,62326.7,18205.2
1728081000000,62326.7,62328.8,62213.7,62213.7,35960.0
1728081900000,62213.7,62241.5,62195.8,62222.2,21968.9
1728082800000,62222.2,62222.2,62033.0,62122.8,73887.9
1728083700000,62122.8,62138.0,61982.9,62004.8,57404.1
1728084600000,62004.7,62057.5,61965.0,62036.9,38766.7
1728085500000,62036.8,62137.7,62036.8,62093.8,33084.9
1728086400000,62093.8,62198.2,62069.0,62076.0,59119.4
1728087300000,62076.1,62132.2,62043.4,62093.5,22911.6
1728088200000,62093.5,62177.0,62083.9,62127.0,17715.7
1728089100000,62127.0,62177.0,62115.0,62177.0,16744.4
1728090000000,62177.0,62202.7,62043.3,62143.7,52052.2
1728090900000,62143.7,62161.5,61987.3,62004.0,48571.6
1728091800000,62003.9,62068.9,61990.2,62064.0,25376.4
1728092700000,62063.9,62097.4,62025.5,62075.0,18274.2
1728093600000,62074.9,62075.0,61989.3,61995.5,29650.5
1728094500000,61995.4,62066.7,61995.4,62033.0,21874.3
1728095400000,62033.0,62039.8,61969.0,61969.0,18318.2
1728096300000,61969.1,62000.0,61781.1,61808.1,116618.1
1728097200000,61808.2,61868.1,61675.6,61865.0,144099.7
1728098100000,61865.0,61958.9,61823.6,61956.0,70978.8
1728099000000,61955.9,61972.0,61888.4,61947.6,34743.1
1728099900000,61947.6,61962.5,61855.0,61868.3,27435.5
1728100800000,61868.4,61908.5,61827.5,61827.5,20708.2
1728101700000,61827.5,61959.1,61822.4,61950.0,28844.5
1728102600000,61950.0,62025.6,61928.6,62008.0,42097.0
1728103500000,62007.9,62026.0,61941.7,61952.1,17521.4
1728104400000,61952.0,62177.8,61950.0,62093.4,70017.2
1728105300000,62093.5,62139.3,62064.3,62074.3,34998.1
1728106200000,62074.4,62132.0,62073.8,62091.9,17288.7
1728107100000,62091.9,62160.0,62091.8,62148.0,30656.6
1728108000000,62148.1,62151.1,62074.6,62075.0,23083.1
1728108900000,62075.1,62156.0,62075.0,62138.1,22733.3
1728109800000,62138.1,62227.7,62126.0,62209.0,37060.3
1728110700000,62208.9,62255.0,62170.4,62228.6,33944.7
1728111600000,62228.6,62279.0,62161.1,62161.1,40313.5
1728112500000,62161.1,62238.0,62144.1,62144.1,32377.8
1728113400000,62144.2,62182.9,62106.4,62120.7,32244.2
1728114300000,62120.8,62120.8,62072.3,62072.4,36613.8
1728115200000,62072.4,62130.2,62072.3,62105.6,20236.0
1728116100000,62105.6,62224.6,62092.1,62155.7,47026.7
1728117000000,62155.8,62189.2,62091.0,62098.2,19950.0
1728117900000,62098.2,62165.9,62098.1,62165.9,13497.4
1728118800000,62165.9,62231.7,62146.5,62223.2,37978.5
1728119700000,62223.2,62296.5,62180.0,62240.8,121880.5
1728120600000,62242.0,62327.8,62192.5,62314.4,77194.6
1728121500000,62314.4,62343.0,62252.4,62264.3,66008.7
1728122400000,62264.3,62287.2,62235.1,62244.7,26810.1
1728123300000,62244.7,62244.8,62215.1,62237.7,30947.6
1728124200000,62237.7,62287.6,62214.1,62284.7,25450.5
1728125100000,62284.8,62284.8,62224.9,62226.9,29252.7
1728126000000,62227.0,62251.8,62182.8,62231.0,30840.6
1728126900000,62230.9,62230.9,62184.8,62217.6,30586.6
1728127800000,62217.6,62250.0,62217.6,62223.0,21153.5
1728128700000,62223.0,62223.1,62185.8,62193.8,33536.8
1728129600000,62193.9,62262.0,62193.8,62200.0,23983.0
1728130500000,62200.1,62260.0,62200.1,62258.9,17533.3
1728131400000,62258.8,62290.7,62249.1,62255.0,26364.1
1728132300000,62255.0,62320.0,62239.9,62319.6,36402.7
1728133200000,62319.6,62388.1,62272.0,62351.8,80090.7
1728134100000,62351.9,62378.0,62214.6,62228.2,66779.8
1728135000000,62228.2,62260.0,62151.7,62187.9,64171.3
1728135900000,62188.0,62188.0,62088.0,62148.2,101864.7
1728136800000,62148.3,62197.6,62107.0,62124.1,45225.7
1728137700000,62123.9,62204.6,62099.6,62168.7,21326.4
1728138600000,62168.6,62196.6,62128.4,62196.6,27612.9
1728139500000,62196.5,62248.9,62190.0,62194.9,24936.2
1728140400000,62194.8,62232.5,62125.8,62132.9,21247.2
1728141300000,62132.9,62190.7,62103.5,62190.7,37682.5
1728142200000,62190.6,62190.7,62148.4,62164.8,17148.6
1728143100000,62164.8,62196.4,62147.2,62165.0,13290.9
1728144000000,62165.0,62183.8,62098.0,62098.0,39923.4
1728144900000,62098.0,62193.0,62043.4,62159.1,61018.6
1728145800000,62159.1,62180.3,62058.4,62071.3,33872.0
1728146700000,62071.3,62087.4,61958.0,61958.0,91424.0
1728147600000,61958.0,61978.0,61887.6,61949.1,142404.4
1728148500000,61949.1,62012.5,61922.5,61977.9,53014.1
1728149400000,61977.8,62036.8,61977.8,62023.2,28611.7
1728150300000,62023.3,62031.0,61997.4,62012.8,8493.3
1728151200000,62012.9,62057.9,61888.1,61913.9,38253.8
1728152100000,61914.0,61988.3,61894.7,61919.2,21047.7
1728153000000,61919.1,61944.7,61880.0,61901.8,24210.0
1728153900000,61901.8,61909.9,61842.3,61864.5,38702.7
1728154800000,61864.6,61894.2,61831.0,61866.7,29307.1
1728155700000,61866.7,61910.1,61803.0,61906.5,34452.8
1728156600000,61906.5,61930.1,61836.0,61850.1,20722.6
1728157500000,61850.0,61862.0,61788.0,61861.9,43051.5
1728158400000,61862.0,61862.0,61755.0,61788.6,34100.8
1728159300000,61788.6,61840.0,61756.0,61803.2,21862.8
1728160200000,61803.2,61825.7,61746.6,61793.1,27235.9
1728161100000,61793.0,61793.1,61734.5,61737.3,17491.0
1728162000000,61737.4,61892.6,61710.0,61866.3,32274.6
1728162900000,61866.2,61937.6,61801.4,61880.7,45631.4
1728163800000,61880.7,61950.8,61849.6,61947.3,22160.3
1728164700000,61947.3,61950.9,61849.6,61866.5,21620.5
1728165600000,61866.6,62011.4,61848.8,61973.3,40035.3
1728166500000,61973.2,62077.8,61961.6,61992.4,31904.9
1728167400000,61992.4,62100.0,61988.6,62020.5,23051.2
1728168300000,62020.5,62055.2,61994.5,62055.1,12888.4
1728169200000,62055.1,62055.1,61985.4,62024.1,20178.6
1728170100000,62024.1,62057.9,61986.4,62020.0,23096.6
1728171000000,62020.1,62067.9,61993.7,62045.9,21496.9
1728171900000,62045.9,62118.0,62043.0,62066.1,20796.7
1728172800000,62066.1,62103.3,61929.4,61951.6,45315.9
1728173700000,61951.5,62009.2,61934.2,61972.1,20165.3
1728174600000,61972.1,61979.5,61891.4,61921.7,22825.8
1728175500000,61921.7,61937.0,61894.8,61935.8,24750.0
1728176400000,61935.9,62034.4,61922.2,62034.4,28858.5
1728177300000,62034.4,62171.9,62000.0,62128.1,72748.2
1728178200000,62128.1,62160.0,62026.1,62070.1,53417.7
1728179100000,62070.1,62098.8,62034.0,62098.8,11500.1
1728180000000,62098.9,62133.3,61988.9,62008.2,33655.2
1728180900000,62009.1,62064.0,62009.0,62051.1,19389.5
1728181800000,62050.7,62050.8,61954.0,61973.2,27030.2
1728182700000,61973.3,62007.8,61967.9,61971.6,14233.4
1728183600000,61971.6,61981.1,61913.8,61948.8,23109.3
1728184500000,61948.8,62031.3,61948.8,61979.9,22774.1
1728185400000,61980.0,62004.4,61938.0,61942.9,15124.9
1728186300000,61943.0,61948.9,61876.0,61886.8,34987.0
1728187200000,61886.9,61941.0,61885.5,61909.1,20970.1
1728188100000,61909.1,61977.3,61901.5,61929.6,16059.4
1728189000000,61929.7,61931.9,61816.1,61868.3,42606.5
1728189900000,61868.3,61900.0,61838.8,61890.4,16412.4
1728190800000,61890.3,61914.9,61844.2,61858.4,21111.5
1728191700000,61858.8,61985.0,61851.0,61950.4,32125.0
1728192600000,61950.4,61979.1,61920.3,61953.9,17676.9
1728193500000,61953.9,61990.0,61933.8,61950.3,20988.1
1728194400000,61950.3,61990.1,61939.6,61971.6,16585.8
1728195300000,61971.6,62027.4,61971.5,62020.4,23531.1
1728196200000,62020.5,62020.5,61980.2,62010.0,10267.3
1728197100000,62010.0,62010.0,61892.3,61971.1,33118.7
1728198000000,61971.1,62000.0,61971.1,62000.0,13407.8
1728198900000,61999.9,62014.4,61971.1,61971.1,10102.9
1728199800000,61971.2,62008.0,61949.1,61957.2,11867.1
1728200700000,61957.2,61987.6,61949.3,61955.9,8893.8
1728201600000,61955.8,61975.3,61925.6,61948.9,12580.4
1728202500000,61948.9,62058.1,61948.9,62031.5,46586.4
1728203400000,62031.5,62080.9,61986.9,62024.2,28451.7
1728204300000,62024.2,62024.2,61987.5,62001.6,34677.2
1728205200000,62001.6,62037.2,61980.0,62016.2,17095.7
1728206100000,62016.2,62078.2,62016.1,62056.5,14421.1
1728207000000,62056.5,62104.1,62038.2,62104.0,26921.8
1728207900000,62104.0,62179.8,62070.0,62080.0,70413.7
1728208800000,62079.9,62091.8,62032.7,62069.9,22286.5
1728209700000,62070.0,62088.0,62026.1,62041.1,15504.9
1728210600000,62041.0,62041.0,62015.5,62018.0,11980.3
1728211500000,62018.1,62051.0,62018.0,62030.2,16034.1
1728212400000,62030.2,62065.1,62013.5,62015.3,17109.8
1728213300000,62015.3,62089.9,62015.3,62070.0,24325.4
1728214200000,62069.9,62151.9,62069.9,62125.6,40194.9
1728215100000,62125.6,62159.4,62099.4,62102.6,34267.9
1728216000000,62102.6,62175.0,62071.4,62106.9,40322.4
1728216900000,62106.9,62163.8,62089.8,62114.3,24725.5
1728217800000,62114.2,62157.3,62114.2,62139.5,22983.0
1728218700000,62139.6,62263.0,62121.9,62225.5,90377.9
1728219600000,62225.6,62365.6,62225.5,62298.0,139108.4
1728220500000,62298.0,62337.0,62242.7,62243.4,48611.1
1728221400000,62243.3,62347.0,62243.3,62288.0,44196.4
1728222300000,62288.0,62328.7,62235.0,62247.7,36170.1
1728223200000,62247.7,62293.6,62186.0,62293.2,51210.5
1728224100000,62293.2,62443.2,62293.2,62400.0,94772.5
1728225000000,62399.9,62579.9,62364.5,62554.8,215303.4
1728225900000,62554.8,62787.0,62489.4,62716.1,268526.4
1728226800000,62716.1,62770.0,62527.8,62636.3,164067.9
1728227700000,62636.3,62690.0,62415.4,62483.9,141774.0
1728228600000,62483.9,62626.2,62483.9,62604.7,57828.3
1728229500000,62604.7,62750.0,62570.7,62729.2,99590.9
1728230400000,62729.2,62930.0,62729.2,62818.0,306605.4
1728231300000,62818.0,62845.0,62638.5,62714.0,106206.2
1728232200000,62713.9,62819.5,62690.6,62690.6,75077.2
1728233100000,62690.6,62742.8,62609.0,62609.1,50557.0
1728234000000,62609.0,62700.0,62553.3,62647.8,78375.0
1728234900000,62647.8,62769.1,62617.0,62714.9,37288.5
1728235800000,62714.9,62731.1,62651.0,62656.5,26210.0
1728236700000,62656.6,62674.0,62588.9,62588.9,20124.1
1728237600000,62589.0,62727.8,62588.9,62661.7,30101.8
1728238500000,62661.7,62766.4,62630.0,62738.3,17080.5
1728239400000,62738.4,62779.1,62708.3,62722.5,17989.1
1728240300000,62722.6,62744.0,62690.7,62723.9,16183.1
1728241200000,62724.0,62880.0,62722.2,62842.5,50103.1
1728242100000,62842.6,62927.2,62820.5,62923.7,41063.8
1728243000000,62923.7,62998.4,62733.4,62736.0,83703.1
1728243900000,62736.1,62771.6,62589.0,62636.1,52582.0
1728244800000,62635.5,62769.2,62600.0,62764.2,52799.4
1728245700000,62764.3,62764.3,62650.0,62684.5,16669.5
1728246600000,62684.4,62720.0,62607.4,62634.2,25949.3
1728247500000,62634.2,62650.6,62593.5,62626.3,23217.9
1728248400000,62626.2,62668.7,62564.1,62574.5,18750.7
1728249300000,62574.5,62587.8,62403.0,62517.1,66248.1
1728250200000,62517.0,62633.0,62433.3,62483.5,34693.1
1728251100000,62483.5,62489.9,62300.0,62309.9,89505.2
1728252000000,62309.9,62517.7,62308.9,62496.0,74025.1
1728252900000,62496.1,62536.7,62424.4,62532.4,24749.0
1728253800000,62532.4,62591.7,62490.1,62582.2,22725.4
1728254700000,62582.2,62639.8,62556.0,62617.0,20105.3
1728255600000,62617.0,62908.7,62617.0,62681.4,119074.5
1728256500000,62681.3,62846.6,62643.1,62810.0,45479.6
1728257400000,62810.0,62919.9,62688.0,62909.0,83768.8
1728258300000,62909.1,62912.0,62795.1,62825.5,38253.8
1728259200000,62825.6,62896.5,62654.7,62800.0,99964.1
1728260100000,62800.0,62980.0,62728.0,62767.5,108705.8
1728261000000,62767.5,63410.0,62705.6,63320.5,444345.7
1728261900000,63320.4,63750.0,63250.3,63679.9,373484.4
1728262800000,63679.9,63974.6,63664.6,63881.7,307768.5
1728263700000,63881.7,63909.9,63710.0,63848.2,163318.8
1728264600000,63848.2,63922.0,63770.0,63801.1,97022.7
1728265500000,63801.2,63880.0,63770.2,63822.5,75273.7
1728266400000,63822.5,63960.6,63816.5,63865.9,99369.4
1728267300000,63866.0,63944.0,63810.0,63850.1,64814.9
1728268200000,63850.0,63863.6,63600.0,63637.9,108681.4
1728269100000,63638.0,63749.2,63603.2,63648.3,64849.3
1728270000000,63648.2,63784.0,63648.1,63730.1,69840.1
1728270900000,63730.1,63730.1,63605.0,63674.9,38831.5
1728271800000,63674.8,63688.0,63350.0,63486.1,221604.4
1728272700000,63486.0,63560.0,63469.2,63535.8,48794.8
1728273600000,63535.8,63648.7,63535.8,63639.6,51730.3
1728274500000,63639.7,63680.0,63609.5,63652.6,35992.5
1728275400000,63652.5,63670.0,63549.7,63564.0,22927.7
1728276300000,63564.0,63564.7,63468.8,63480.0,51468.0
1728277200000,63479.9,63625.4,63450.0,63610.6,68198.4
1728278100000,63610.7,63639.0,63526.0,63533.7,35108.8
1728279000000,63533.7,63533.8,63360.9,63410.1,93345.3
1728279900000,63410.2,63440.4,63370.0,63400.8,44348.4
1728280800000,63400.8,63528.5,63316.3,63504.2,72567.8
1728281700000,63504.3,63580.0,63471.0,63559.7,33629.1
1728282600000,63559.8,63666.0,63527.0,63666.0,71037.2
1728283500000,63666.0,63729.5,63638.4,63706.3,53119.1
1728284400000,63706.4,63717.8,63590.3,63599.9,35933.3
1728285300000,63600.0,63610.0,63514.8,63523.9,44471.5
1728286200000,63524.0,63607.8,63440.0,63456.2,55093.2
1728287100000,63456.3,63585.4,63456.2,63539.9,39692.1
1728288000000,63539.9,63678.0,63532.8,63616.9,47093.1
1728288900000,63616.9,63676.9,63566.0,63616.2,31064.0
1728289800000,63616.3,63712.8,63567.7,63621.8,39630.7
1728290700000,63621.8,63640.0,63520.7,63557.9,35303.2
1728291600000,63557.9,63557.9,63360.0,63392.7,124508.6
1728292500000,63392.6,63412.0,63131.0,63132.6,242171.6
1728293400000,63132.7,63287.9,63086.0,63228.5,172741.1
1728294300000,63228.5,63266.7,63173.8,63224.0,55420.4
1728295200000,63223.9,63233.7,63068.8,63086.6,87683.2
1728296100000,63086.7,63183.7,62964.7,62997.0,205166.1
1728297000000,62997.0,63055.6,62966.1,63036.6,73438.0
1728297900000,63036.7,63043.2,62888.0,62906.1,114237.5
1728298800000,62906.0,62944.0,62655.0,62926.6,350586.5
1728299700000,62926.6,62926.6,62800.0,62801.0,86928.5
1728300600000,62801.1,62926.1,62741.4,62898.1,93283.0
1728301500000,62898.1,63188.0,62858.8,63149.1,218300.3
1728302400000,63149.2,63149.2,62942.5,63050.9,134268.5
1728303300000,63050.9,63114.3,62966.4,63114.2,45718.1
1728304200000,63114.2,63114.3,62897.0,62957.5,77356.0
1728305100000,62957.6,62998.4,62834.1,62894.1,81341.8
1728306000000,62894.2,63020.8,62833.2,62955.9,59507.0
1728306900000,62955.9,63186.0,62904.3,63122.5,124666.6
1728307800000,63122.5,63333.0,62937.5,63285.9,252992.6
1728308700000,63286.0,63575.0,63259.3,63457.4,366337.2
1728309600000,63457.4,63919.1,63456.1,63907.1,451339.0
1728310500000,63907.2,64473.2,63830.9,64208.4,874117.7
1728311400000,64208.4,64390.0,64055.0,64200.0,328811.2
1728312300000,64200.1,64225.7,63967.0,64004.8,247095.7
1728313200000,64004.8,64012.8,63673.7,63787.5,351825.5
1728314100000,63787.5,63813.0,63536.0,63773.8,214839.8
1728315000000,63773.9,63916.7,63696.0,63700.0,134594.5
1728315900000,63700.1,63731.6,63580.0,63654.7,114565.1
1728316800000,63654.8,63808.1,63420.0,63560.1,172250.8
1728317700000,63560.1,63792.0,63545.0,63680.1,95764.3
1728318600000,63680.2,63863.8,63596.0,63793.9,88321.8
1728319500000,63794.0,63884.9,63750.0,63827.5,58359.0
1728320400000,63827.5,63916.0,63652.0,63712.5,69164.5
1728321300000,63712.5,63799.6,63630.0,63630.1,58251.8
1728322200000,63630.1,63750.0,63531.0,63750.0,78597.3
1728323100000,63750.0,63828.0,63694.5,63828.0,31033.6
1728324000000,63827.9,63828.0,63494.6,63520.1,114297.8
1728324900000,63520.0,63555.0,63303.5,63509.5,153521.6
1728325800000,63509.6,63509.6,63177.4,63195.2,206594.1
1728326700000,63195.1,63222.7,62733.2,62853.7,417893.6
1728327600000,62853.7,63362.0,62853.7,63352.1,153140.5
1728328500000,63352.0,63416.5,63157.1,63214.3,109088.2
1728329400000,63214.3,63347.2,63150.0,63234.7,75679.2
1728330300000,63234.6,63465.6,63229.9,63378.8,94225.5
1728331200000,63378.8,63408.0,63279.2,63288.5,43690.6
1728332100000,63288.5,63293.2,63115.9,63170.5,92729.0
1728333000000,63170.5,63189.1,63073.1,63076.9,34123.1
1728333900000,63076.9,63123.4,62989.1,63032.0,49587.6
1728334800000,63032.0,63272.1,63004.3,63234.7,51608.7
1728335700000,63234.7,63271.2,63108.1,63271.1,19787.4
1728336600000,63271.2,63369.8,63271.1,63306.8,35667.5
1728337500000,63306.9,63383.2,63282.3,63383.1,27352.3
1728338400000,63383.2,63383.2,63215.1,63261.6,43171.1
1728339300000,63261.6,63341.5,63207.8,63249.9,30190.4
1728340200000,63249.9,63264.0,63052.7,63065.8,78725.3
1728341100000,63065.8,63133.1,62451.2,62469.3,438183.9
1728342000000,62469.4,62655.0,62121.6,62632.1,522203.1
1728342900000,62632.1,62678.8,62532.3,62553.7,72884.3
1728343800000,62553.8,62610.0,62400.0,62496.2,82871.2
1728344700000,62496.1,62527.2,62221.3,62221.3,132025.7
1728345600000,62221.4,62380.0,62153.5,62348.2,176191.2
1728346500000,62348.1,62484.1,62251.3,62394.6,96931.1
1728347400000,62395.5,62589.2,62395.5,62537.1,63634.6
1728348300000,62537.1,62585.0,62465.0,62553.1,38757.4
1728349200000,62553.1,62595.3,62470.0,62530.7,55173.5
1728350100000,62530.8,62530.8,62361.6,62440.2,60971.9
1728351000000,62440.1,62658.0,62318.0,62647.9,137814.8
1728351900000,62647.8,62731.7,62561.6,62633.9,95848.6
1728352800000,62633.9,62726.9,62567.5,62570.6,71649.0
1728353700000,62570.7,62580.0,62415.1,62457.7,66720.2
1728354600000,62457.6,62569.1,62421.4,62544.2,74243.5
1728355500000,62544.1,62794.0,62524.0,62784.1,87234.3
1728356400000,62784.1,62830.0,62655.0,62687.9,86422.0
1728357300000,62687.9,62702.6,62550.2,62643.3,67422.2
1728358200000,62643.3,62693.4,62577.9,62653.8,26455.4
1728359100000,62654.3,62665.6,62581.4,62639.9,25281.1
1728360000000,62639.9,62710.0,62622.0,62659.8,50693.4
1728360900000,62659.7,62767.1,62652.5,62750.0,47476.6
1728361800000,62750.1,62793.6,62582.8,62609.4,61844.5
1728362700000,62609.3,62744.0,62539.0,62694.0,64659.4
1728363600000,62694.0,62740.9,62545.6,62579.6,64293.0
1728364500000,62579.7,62636.7,62427.6,62449.3,77751.9
1728365400000,62449.2,62502.6,62420.0,62492.8,67306.3
1728366300000,62492.9,62539.8,62306.9,62517.8,163296.4
1728367200000,62517.8,62539.6,62304.9,62364.3,93267.7
1728368100000,62364.2,62379.8,62200.0,62272.3,113330.4
1728369000000,62272.3,62469.9,62272.3,62447.8,94063.9
1728369900000,62447.9,62516.5,62400.0,62511.6,51090.7
1728370800000,62511.7,62511.7,62280.0,62325.0,65137.1
1728371700000,62325.0,62325.0,62001.5,62181.9,291785.8
1728372600000,62181.2,62347.2,62131.0,62288.4,103716.9
1728373500000,62288.4,62347.6,62232.1,62316.3,43429.6
1728374400000,62316.2,62366.5,62222.0,62242.1,64575.5
1728375300000,62242.0,62405.0,62189.3,62353.6,66563.0
1728376200000,62353.7,62429.7,62327.1,62335.3,54378.2
1728377100000,62335.3,62450.5,62316.3,62415.4,58779.5
1728378000000,62415.4,62465.0,62307.8,62316.2,62962.6
1728378900000,62316.1,62455.0,62302.6,62444.7,39730.1
1728379800000,62444.8,62480.2,62349.7,62408.0,43302.7
1728380700000,62407.9,62595.3,62349.1,62539.2,91733.3
1728381600000,62539.3,62595.3,62490.2,62530.6,53099.3
1728382500000,62530.6,62569.0,62471.2,62477.4,34150.7
1728383400000,62477.5,62505.5,62410.5,62484.7,31713.7
1728384300000,62484.7,62593.6,62472.1,62520.7,62486.0
1728385200000,62520.7,62540.0,62466.0,62509.2,33253.1
1728386100000,62509.1,62581.0,62483.7,62483.7,35371.1
1728387000000,62483.6,62640.1,62483.1,62601.8,55793.9
1728387900000,62602.6,62665.9,62602.6,62622.9,54729.4
1728388800000,62622.9,62678.0,62542.5,62548.0,64997.0
1728389700000,62548.0,62610.5,62512.9,62582.1,42230.8
1728390600000,62582.2,62628.0,62422.9,62458.5,75851.2
1728391500000,62458.6,62582.3,62433.7,62443.9,59743.4
1728392400000,62443.2,62532.0,62372.2,62396.7,81463.1
1728393300000,62396.8,62689.1,62330.0,62618.8,169150.5
1728394200000,62618.9,62918.4,62542.0,62839.1,330497.9
1728395100000,62839.1,63048.9,62649.0,63032.0,234264.1
1728396000000,63032.0,63219.0,62630.4,62661.9,555654.3
1728396900000,62661.8,62746.6,62355.0,62366.1,339204.9
1728397800000,62366.1,62527.0,62144.5,62496.0,354163.4
1728398700000,62496.0,62808.2,62434.8,62777.9,234843.8
1728399600000,62778.0,62846.1,62642.9,62695.1,183006.6
1728400500000,62695.0,62701.3,62187.6,62202.2,310232.6
1728401400000,62202.2,62294.8,61869.2,62232.5,560099.3
1728402300000,62232.7,62406.0,62232.7,62281.3,143314.1
1728403200000,62281.3,62351.8,62023.9,62247.4,197026.4
1728404100000,62247.4,62366.0,62124.0,62356.7,99373.2
1728405000000,62356.8,62538.1,62309.7,62514.6,145822.6
1728405900000,62514.6,62623.2,62413.1,62576.2,154212.2
1728406800000,62576.2,62578.2,62238.7,62434.8,135330.6
1728407700000,62434.8,62450.0,62142.0,62286.1,143540.9
1728408600000,62286.1,62307.0,62167.3,62227.8,46458.0
1728409500000,62227.8,62400.0,62075.3,62400.0,144464.3
1728410400000,62399.9,62543.9,62344.7,62423.1,80941.9
1728411300000,62423.1,62450.0,62164.8,62200.1,92347.2
1728412200000,62200.1,62224.7,62080.3,62092.5,78680.0
1728413100000,62092.6,62130.2,61931.4,62117.8,145356.9
1728414000000,62117.8,62137.2,61909.8,61910.1,74832.7
1728414900000,61910.0,62193.0,61876.0,62108.7,175797.4
1728415800000,62108.5,62350.0,62082.4,62301.3,105085.0
1728416700000,62301.3,62358.0,62227.4,62249.9,72690.2
1728417600000,62250.0,62328.5,62150.0,62323.2,77845.1
1728418500000,62323.3,62341.1,62238.3,62281.3,16556.7
1728419400000,62281.3,62355.0,62268.9,62317.0,19382.4
1728420300000,62317.0,62408.1,62300.0,62389.0,44243.0
1728421200000,62392.6,62395.6,62319.0,62353.3,15757.0
1728422100000,62353.3,62500.0,62316.0,62462.0,31431.0
1728423000000,62462.0,62520.0,62402.7,62448.0,25311.1
1728423900000,62447.9,62577.8,62384.7,62436.0,41826.2
1728424800000,62436.0,62455.7,62319.5,62321.8,51744.9
1728425700000,62321.6,62361.7,62176.5,62223.3,65147.8
1728426600000,62223.3,62272.5,62170.4,62242.8,26630.3
1728427500000,62242.7,62252.9,62156.0,62179.7,21812.1
1728428400000,62179.6,62222.6,62077.2,62081.9,56400.6
1728429300000,62081.8,62108.6,62022.1,62045.7,43584.2
1728430200000,62045.7,62225.1,62045.7,62194.6,57729.6
1728431100000,62194.6,62275.0,62151.7,62156.8,37584.5
1728432000000,62156.8,62195.2,62060.2,62161.2,59747.0
1728432900000,62161.1,62257.3,62120.8,62238.4,40506.0
1728433800000,62238.9,62272.6,62003.0,62053.4,100410.7
1728434700000,62053.4,62195.4,62020.4,62160.0,40658.6
1728435600000,62159.9,62229.9,62104.9,62195.6,51973.5
1728436500000,62195.6,62393.8,62160.8,62375.2,114490.9
1728437400000,62375.2,62500.0,62338.5,62430.0,121849.2
1728438300000,62430.0,62470.0,62303.8,62404.6,86340.2
1728439200000,62404.6,62420.0,62304.3,62311.7,41927.7
1728440100000,62311.8,62370.1,62280.0,62300.4,33609.8
1728441000000,62300.3,62371.5,62262.4,62337.1,37577.5
1728441900000,62337.1,62371.4,62262.1,62271.2,37527.1
1728442800000,62271.2,62327.1,62156.8,62250.2,58266.6
1728443700000,62250.1,62393.2,62200.0,62389.9,43586.7
1728444600000,62389.9,62470.0,62358.9,62403.5,81829.3
1728445500000,62403.4,62450.4,62364.6,62400.1,51842.5
1728446400000,62400.0,62438.8,62335.4,62395.7,46469.6
1728447300000,62395.7,62422.6,62353.4,62385.1,17291.3
1728448200000,62385.0,62422.0,62352.9,62384.5,20983.3
1728449100000,62384.4,62384.5,62300.0,62350.0,24867.3
1728450000000,62350.0,62455.0,62349.9,62400.8,58834.5
1728450900000,62400.8,62499.6,62378.7,62430.1,46412.5
1728451800000,62430.0,62530.2,62411.3,62512.7,53865.3
1728452700000,62512.7,62555.0,62439.0,62537.7,62595.5
1728453600000,62537.7,62550.0,62487.7,62535.2,35663.7
1728454500000,62535.1,62547.7,62482.0,62515.0,34515.6
1728455400000,62515.1,62520.0,62389.0,62429.0,44881.5
1728456300000,62428.9,62461.9,62374.3,62440.1,20058.8
1728457200000,62439.1,62439.1,62222.2,62229.9,79987.3
1728458100000,62229.9,62280.0,62192.2,62261.3,104023.1
1728459000000,62261.2,62318.0,62222.1,62280.1,31381.8
1728459900000,62280.1,62309.8,62241.8,62272.7,27512.8
1728460800000,62272.7,62290.0,62133.2,62226.0,66810.4
1728461700000,62226.0,62251.1,62110.0,62130.0,60505.2
1728462600000,62130.1,62189.2,62058.0,62136.5,94068.9
1728463500000,62136.4,62176.9,62096.1,62160.0,45148.2
1728464400000,62160.0,62253.9,62126.1,62132.2,44511.8
1728465300000,62132.1,62249.0,62107.8,62155.1,63380.8
1728466200000,62155.1,62231.1,62141.0,62226.4,24143.7
1728467100000,62226.5,62282.0,62193.6,62264.2,36288.0
1728468000000,62264.2,62264.2,62200.0,62229.4,24200.1
1728468900000,62229.4,62229.5,62080.0,62115.0,61067.0
1728469800000,62115.0,62135.4,62066.0,62114.3,45279.1
1728470700000,62115.0,62182.5,62114.9,62158.0,26327.1
1728471600000,62158.0,62210.1,62128.7,62179.5,19771.4
1728472500000,62179.4,62212.0,62108.4,62160.3,28924.8
1728473400000,62160.4,62200.0,62130.9,62175.7,25018.0
1728474300000,62175.7,62232.6,62160.6,62209.9,48076.1
1728475200000,62209.9,62241.8,62050.0,62135.9,90879.9
1728476100000,62136.0,62179.4,62070.0,62119.9,52674.3
1728477000000,62119.9,62120.0,61764.4,61885.0,418674.9
1728477900000,61885.1,62016.4,61768.1,61978.2,301568.0
1728478800000,61978.1,62071.0,61817.1,61965.5,232583.6
1728479700000,61965.6,62029.9,61887.2,61952.7,73570.8
1728480600000,61952.7,62048.9,61752.0,61902.6,272630.3
1728481500000,61902.6,62000.0,61800.0,61804.6,158602.2
1728482400000,61802.8,61946.0,61680.7,61893.8,239600.2
1728483300000,61893.8,62029.0,61870.0,61943.2,103014.7
1728484200000,61943.3,61978.3,61769.0,61813.6,114142.4
1728485100000,61813.7,61880.0,61637.3,61880.0,180528.9
1728486000000,61880.0,62157.7,61785.3,62154.0,249677.3
1728486900000,62153.9,62374.2,62062.0,62310.3,350670.6
1728487800000,62310.3,62364.4,62155.6,62283.0,123679.9
1728488700000,62283.0,62410.5,62265.7,62311.7,135993.4
1728489600000,62311.8,62349.1,62064.1,62081.9,146525.9
1728490500000,62082.0,62105.1,61733.4,61827.4,289750.5
1728491400000,61827.5,61904.1,61696.0,61841.9,191302.9
1728492300000,61841.9,61886.9,61727.0,61810.3,86023.8
1728493200000,61810.4,61897.7,61712.2,61887.2,87081.4
1728494100000,61887.2,61910.8,61708.6,61746.8,68529.2
1728495000000,61744.1,61856.0,61728.0,61836.9,44422.9
1728495900000,61837.0,61838.0,61679.0,61757.8,63172.8
1728496800000,61757.8,61822.0,61350.0,61463.9,470199.7
1728497700000,61463.9,61480.0,61256.9,61432.1,206413.2
1728498600000,61432.0,61472.2,61334.7,61340.0,69145.6
1728499500000,61340.0,61380.9,61132.9,61194.7,212938.0
1728500400000,61194.7,61221.4,61001.6,61016.0,269891.0
1728501300000,61016.1,61135.0,60832.2,60961.0,291209.1
1728502200000,60961.1,61142.9,60911.9,61118.0,107946.0
1728503100000,61117.9,61156.9,61011.5,61037.9,71510.8
1728504000000,61037.9,61054.5,60939.6,61003.9,70270.0
1728504900000,61004.0,61050.0,60882.0,60972.9,80625.1
1728505800000,60972.9,61120.0,60972.8,61120.0,66584.0
1728506700000,61120.0,61120.0,60300.0,60429.0,759968.3
1728507600000,60429.0,60630.4,60370.1,60630.4,173812.5
1728508500000,60630.3,60820.1,60568.2,60820.0,149885.8
1728509400000,60820.1,60850.0,60696.8,60840.0,54839.9
1728510300000,60840.0,60964.7,60809.5,60901.7,77006.2
1728511200000,60901.6,60911.0,60735.2,60840.6,89355.8
1728512100000,60841.6,60841.6,60700.0,60705.1,62707.1
1728513000000,60705.1,60795.0,60705.0,60723.9,33909.5
1728513900000,60723.9,60812.4,60723.9,60801.1,31178.1
1728514800000,60801.1,60839.8,60641.0,60744.2,68747.7
1728515700000,60744.1,60744.1,60616.0,60659.9,52341.8
1728516600000,60659.9,60737.3,60651.6,60722.3,41685.0
1728517500000,60722.3,60734.1,60635.0,60646.9,33799.5
1728518400000,60646.9,60705.3,60486.0,60621.5,156225.5
1728519300000,60621.5,60648.0,60368.0,60510.3,155763.8
1728520200000,60510.2,60603.0,60371.0,60483.0,80736.3
1728521100000,60482.9,60574.5,60422.6,60450.4,85054.8
1728522000000,60450.4,60635.0,60444.0,60601.5,69547.3
1728522900000,60601.5,60696.0,60564.1,60622.9,65767.5
1728523800000,60622.9,60814.5,60608.6,60804.0,87384.8
1728524700000,60804.0,60860.8,60750.0,60805.0,101361.2
1728525600000,60805.0,60884.6,60708.0,60736.4,76623.2
1728526500000,60736.3,60888.4,60736.3,60860.0,52328.9
1728527400000,60859.9,60930.0,60859.9,60901.0,72290.0
1728528300000,60901.0,60928.0,60824.9,60870.0,50482.7
1728529200000,60871.2,60909.4,60818.8,60909.3,47405.8
1728530100000,60909.4,60947.9,60892.6,60929.9,39019.8
1728531000000,60930.0,60956.0,60888.0,60909.9,44631.9
1728531900000,60910.0,60949.4,60856.1,60864.5,29691.5
1728532800000,60864.6,60908.0,60817.2,60830.0,38843.7
1728533700000,60829.9,60929.0,60808.0,60928.1,45620.0
1728534600000,60928.2,60936.8,60888.5,60914.9,25162.5
1728535500000,60914.9,60950.0,60858.3,60858.4,33335.7
1728536400000,60858.3,60905.0,60831.0,60868.0,31462.0
1728537300000,60867.9,60882.8,60838.4,60882.8,19423.2
1728538200000,60882.8,60933.0,60856.0,60923.0,26249.8
1728539100000,60923.0,61047.7,60906.1,60930.5,182585.1
1728540000000,60930.4,61011.1,60883.8,60996.1,47757.8
1728540900000,60996.2,61070.0,60990.7,61049.9,62588.7
1728541800000,61050.0,61096.0,61048.3,61054.3,56027.9
1728542700000,61054.3,61147.6,61023.8,61135.2,79064.0
1728543600000,61135.2,61136.8,61068.0,61129.5,42232.2
1728544500000,61129.6,61140.0,61010.0,61010.1,46879.8
1728545400000,61010.1,61010.1,60933.0,60948.0,54914.3
1728546300000,60947.9,60982.2,60888.0,60891.1,67536.9
1728547200000,60891.1,60944.0,60837.0,60890.0,52123.7
1728548100000,60889.9,61066.5,60865.9,61058.7,72850.2
1728549000000,61058.6,61058.7,60910.0,60928.5,50198.8
1728549900000,60928.6,60945.0,60800.0,60824.9,81999.3
1728550800000,60824.9,60890.7,60774.0,60800.0,101115.7
1728551700000,60799.9,60863.7,60626.4,60669.0,131174.9
1728552600000,60669.0,60965.0,60655.8,60919.8,119186.8
1728553500000,60919.7,60986.7,60891.0,60928.0,56711.3
1728554400000,60927.9,61063.5,60927.9,60978.0,71764.2
1728555300000,60977.9,61128.0,60970.0,61100.0,100171.0
1728556200000,61100.0,61221.2,61063.5,61105.1,95576.9
1728557100000,61105.0,61147.5,61033.3,61078.6,59944.4
1728558000000,61078.5,61135.0,61050.0,61130.0,24924.2
1728558900000,61130.0,61215.9,61112.9,61194.0,64303.5
1728559800000,61194.0,61297.0,61140.0,61278.6,170494.9
1728560700000,61278.5,61320.9,61230.0,61262.5,84963.0
1728561600000,61262.5,61316.6,61210.0,61294.9,78891.3
1728562500000,61294.9,61315.8,61177.5,61261.4,95033.7
1728563400000,61261.9,61304.1,60760.0,60959.9,596489.2
1728564300000,60960.0,61062.5,60859.2,60960.2,173188.1
1728565200000,60960.3,61080.0,60903.9,61026.0,144168.0
1728566100000,61026.0,61257.7,61026.0,61149.1,172781.9
1728567000000,61149.1,61153.5,60840.0,60882.4,233922.3
1728567900000,60882.3,61060.0,60618.0,60945.3,346092.5
1728568800000,60945.4,61066.0,60763.8,60896.8,184964.0
1728569700000,60896.9,60976.4,60664.0,60750.0,190864.7
1728570600000,60750.1,60777.0,60480.7,60578.8,231001.7
1728571500000,60578.7,60720.0,60565.6,60600.0,97292.1
1728572400000,60600.1,60775.2,60455.0,60759.8,174167.7
1728573300000,60759.8,60770.0,60480.0,60492.9,154552.6
1728574200000,60492.9,60649.9,60444.0,60645.8,78458.9
1728575100000,60645.8,60825.6,60578.9,60797.5,110060.1
1728576000000,60797.5,61041.7,60689.2,60760.0,262077.8
1728576900000,60760.0,60814.6,60517.0,60558.1,200855.9
1728577800000,60558.1,60609.1,60441.1,60512.3,168475.4
1728578700000,60512.3,60535.6,60232.0,60294.3,237937.7
1728579600000,60295.5,60463.0,60006.0,60203.1,407956.0
1728580500000,60203.1,60336.1,60083.3,60248.9,177902.7
1728581400000,60248.9,60336.5,60133.1,60220.5,71610.9
1728582300000,60220.6,60250.0,59566.0,59614.0,677865.4
1728583200000,59614.0,59614.0,58924.9,59171.4,957944.3
1728584100000,59171.7,59211.8,58945.7,59085.1,400199.2
1728585000000,59085.1,59383.0,58974.0,59243.8,334466.2
1728585900000,59243.7,59524.3,59169.7,59500.0,150093.4
1728586800000,59500.0,59554.8,59366.0,59422.6,130803.2
1728587700000,59422.6,59545.0,59360.0,59540.7,73105.5
1728588600000,59540.7,59700.0,59527.0,59686.9,120814.2
1728589500000,59686.9,59776.0,59631.4,59736.8,118470.1
1728590400000,59736.8,59989.3,59655.5,59989.3,294206.5
1728591300000,59989.2,60025.0,59650.0,59687.8,200170.5
1728592200000,59687.7,59759.1,59584.4,59739.0,99692.3
1728593100000,59739.0,59819.7,59723.2,59811.6,72799.5
1728594000000,59811.6,59811.6,59690.4,59719.7,52118.6
1728594900000,59719.6,59916.0,59719.6,59916.0,30017.8
1728595800000,59916.0,59999.0,59850.3,59856.2,50842.0
1728596700000,59856.2,60192.0,59856.1,60188.2,165496.7
1728597600000,60188.2,60199.5,59941.1,59965.0,137387.4
1728598500000,59964.9,60119.0,59939.0,60111.9,39414.3
1728599400000,60111.9,60240.0,60090.4,60231.1,81614.0
1728600300000,60231.0,60249.3,60137.1,60137.8,49209.0
1728601200000,60137.9,60266.5,60137.9,60257.8,48752.7
1728602100000,60257.8,60307.9,60222.3,60264.1,52873.4
1728603000000,60264.0,60299.9,60224.8,60244.8,34666.6
1728603900000,60244.8,60317.3,60182.4,60317.3,60720.5
1728604800000,60317.2,60363.6,60257.6,60345.4,82942.0
1728605700000,60345.4,60358.2,60194.5,60202.4,70235.3
1728606600000,60202.4,60291.0,60156.2,60287.3,41007.6
1728607500000,60287.3,60316.9,60182.5,60182.6,55777.2
1728608400000,60182.7,60229.9,60101.9,60133.0,84672.3
1728609300000,60133.0,60222.0,60133.0,60137.3,39968.8
1728610200000,60137.3,60192.8,60080.1,60161.2,38085.8
1728611100000,60161.3,60784.9,60161.2,60577.2,387731.5
1728612000000,60577.2,60609.9,60368.0,60408.8,117643.6
1728612900000,60408.8,60537.1,60408.8,60456.0,73649.0
1728613800000,60456.1,60500.0,60456.0,60493.3,34023.7
1728614700000,60493.4,60664.8,60493.3,60548.5,59947.3
1728615600000,60548.6,60718.0,60548.6,60665.5,70974.7
1728616500000,60665.5,60687.9,60585.0,60687.9,54425.4
1728617400000,60687.8,60694.3,60600.1,60629.3,45709.7
1728618300000,60629.3,60700.0,60605.6,60605.7,40428.4
1728619200000,60605.6,60741.7,60590.9,60669.9,76386.3
1728620100000,60670.0,60674.7,60608.3,60610.1,26328.3
1728621000000,60610.0,60651.1,60578.4,60619.9,49090.5
1728621900000,60620.0,60710.0,60597.7,60710.0,32120.4
1728622800000,60710.0,60782.9,60666.5,60666.5,112214.5
1728623700000,60666.4,60730.0,60592.6,60616.6,38609.4
1728624600000,60616.5,60655.9,60607.0,60632.8,25869.1
1728625500000,60632.8,60672.0,60590.0,60601.0,30001.8
1728626400000,60601.0,60649.5,60596.2,60614.6,20994.9
1728627300000,60614.6,60763.0,60613.0,60740.0,43267.2
1728628200000,60740.0,60932.0,60715.1,60871.2,165900.9
1728629100000,60871.2,60887.0,60795.0,60796.2,55571.1
1728630000000,60796.2,60918.0,60771.0,60868.3,64650.5
1728630900000,60868.3,60868.4,60790.0,60805.5,48615.1
1728631800000,60805.5,60823.3,60739.0,60744.5,54054.9
1728632700000,60744.5,60765.8,60663.1,60673.5,67768.6
1728633600000,60673.5,60738.0,60667.9,60702.6,38177.8
1728634500000,60702.5,60819.0,60702.5,60720.8,44532.4
1728635400000,60720.8,60733.9,60650.0,60687.8,45810.9
1728636300000,60687.8,60747.5,60669.1,60669.2,55179.5
1728637200000,60669.3,60910.7,60651.2,60899.9,81544.1
1728638100000,60899.9,60987.0,60832.3,60835.9,158990.4
1728639000000,60836.0,60899.9,60818.8,60865.2,42960.5
1728639900000,60865.2,61118.0,60865.1,61076.8,191557.8
1728640800000,61076.7,61229.8,61068.2,61089.9,247599.3
1728641700000,61089.9,61244.0,61012.0,61019.5,164381.4
1728642600000,61019.5,61110.0,61000.0,61026.6,72545.0
1728643500000,61026.5,61188.0,61011.1,61154.8,58354.6
1728644400000,61154.8,61185.5,61076.0,61085.0,44076.3
1728645300000,61085.1,61170.0,61079.0,61098.4,40405.1
1728646200000,61098.5,61213.9,61098.4,61175.7,51382.9
1728647100000,61175.6,61272.0,61160.5,61180.9,127655.4
1728648000000,61180.9,61313.5,61130.1,61220.1,129035.6
1728648900000,61220.2,61287.0,61164.0,61275.0,90671.2
1728649800000,61275.0,61500.0,61157.5,61200.0,464162.6
1728650700000,61200.0,61387.2,61177.8,61379.9,83015.4
1728651600000,61380.0,61416.0,61289.0,61302.9,89284.1
1728652500000,61302.9,61438.0,61211.0,61420.0,119372.1
1728653400000,61420.0,61760.0,61419.9,61491.8,512920.4
1728654300000,61491.7,61867.0,61446.0,61680.0,391618.7
1728655200000,61679.9,61941.9,61670.0,61924.1,354996.6
1728656100000,61924.1,61950.0,61774.0,61774.0,205226.5
1728657000000,61774.0,61898.4,61747.8,61764.0,129868.1
1728657900000,61764.0,61860.0,61635.0,61758.6,239394.9
1728658800000,61758.6,62250.0,61758.6,62222.9,481169.8
1728659700000,62223.0,62318.0,62060.0,62168.0,356461.2
1728660600000,62168.0,62186.4,61974.6,62040.3,124399.6
1728661500000,62040.3,62466.0,62040.3,62254.3,353803.1
1728662400000,62254.3,62444.0,62209.0,62219.3,229965.4
1728663300000,62219.3,62382.3,62177.9,62289.3,149067.1
1728664200000,62289.3,62443.5,62262.4,62420.9,183471.8
1728665100000,62421.0,62450.0,62122.4,62276.0,247500.5
1728666000000,62276.1,62310.0,62180.1,62196.4,74159.5
1728666900000,62196.4,62387.7,62168.0,62371.9,90458.9
1728667800000,62372.0,62849.9,62371.9,62742.2,621138.1
1728668700000,62742.2,62948.0,62700.0,62911.7,200902.6
1728669600000,62911.7,62979.9,62755.3,62779.7,156552.7
1728670500000,62779.7,62838.8,62710.1,62742.2,89937.0
1728671400000,62742.3,62900.0,62742.3,62883.8,56404.8
1728672300000,62883.8,62932.3,62800.0,62922.8,54230.4
1728673200000,62922.8,63420.0,62836.4,63252.6,568166.1
1728674100000,63252.7,63252.7,62994.0,63042.6,178961.2
1728675000000,63042.5,63093.5,62814.0,62969.1,238468.6
1728675900000,62969.0,63104.4,62911.9,63088.2,121280.2
1728676800000,63086.9,63096.7,62920.0,62925.6,84859.8
1728677700000,62925.6,63019.9,62922.3,62995.4,30113.6
1728678600000,62995.5,63040.0,62950.0,63005.0,25302.4
1728679500000,63005.0,63059.2,62955.6,62996.4,47702.2
1728680400000,62996.3,63172.4,62996.1,63044.8,61889.6
1728681300000,63044.9,63076.6,62973.6,63037.0,57784.5
1728682200000,63037.0,63084.9,62978.3,62990.4,25986.4
1728683100000,62990.4,63008.7,62789.1,62847.5,92886.9
1728684000000,62847.5,62917.9,62729.3,62769.5,92573.5
1728684900000,62769.4,62771.9,62476.8,62479.4,206974.1
1728685800000,62479.4,62591.8,62379.2,62418.3,104817.0
1728686700000,62418.4,62524.3,62418.3,62458.8,67134.2
1728687600000,62458.7,62676.2,62381.5,62650.0,83400.9
1728688500000,62650.1,62673.0,62482.5,62523.3,57892.3
1728689400000,62523.3,62569.8,62473.3,62473.4,40251.1
1728690300000,62473.3,62539.4,62352.5,62539.3,71499.5
1728691200000,62539.3,62768.9,62500.0,62739.0,123955.9
1728692100000,62739.0,62739.0,62594.8,62731.0,61833.1
1728693000000,62731.0,62823.7,62700.0,62754.0,86043.5
1728693900000,62754.1,62932.0,62660.5,62832.8,106275.9
1728694800000,62832.9,63083.3,62802.2,62818.1,169496.6
1728695700000,62818.1,62886.0,62756.4,62840.0,56461.0
1728696600000,62840.0,62878.4,62754.5,62794.9,39006.4
1728697500000,62794.9,62794.9,62686.9,62738.0,55366.1
1728698400000,62737.9,62766.4,62685.0,62688.4,34607.3
1728699300000,62688.3,62729.2,62655.0,62679.8,41782.3
1728700200000,62679.9,62682.6,62553.3,62647.9,69108.9
1728701100000,62647.7,62647.7,62525.5,62565.0,46786.2
1728702000000,62564.9,62634.1,62536.0,62610.6,45526.4
1728702900000,62610.6,62642.3,62483.2,62523.0,61971.1
1728703800000,62523.0,62580.8,62497.6,62504.2,40557.2
1728704700000,62504.2,62575.0,62497.6,62569.8,28176.9
1728705600000,62569.8,62644.0,62569.8,62644.0,55524.6
1728706500000,62644.0,62698.2,62573.1,62656.2,68070.2
1728707400000,62656.1,62762.6,62595.9,62601.8,84957.2
1728708300000,62601.8,62624.8,62582.1,62595.1,15461.5
1728709200000,62595.2,62644.8,62580.3,62631.3,23501.1
1728710100000,62631.2,62661.4,62609.2,62644.8,25788.7
1728711000000,62644.8,62709.1,62644.2,62686.0,23218.0
1728711900000,62686.1,62808.0,62668.5,62777.6,65358.8
1728712800000,62777.6,62777.6,62701.4,62726.0,23890.2
1728713700000,62726.0,62744.0,62670.8,62700.0,20675.2
1728714600000,62700.0,62727.2,62690.6,62710.0,12384.4
1728715500000,62710.1,62725.0,62673.0,62691.9,15901.1
1728716400000,62691.8,62691.9,62647.1,62689.9,16344.8
1728717300000,62689.9,62736.6,62650.0,62728.8,29266.0
1728718200000,62728.8,62765.8,62653.0,62765.5,37650.1
1728719100000,62765.7,62786.0,62742.2,62767.9,31480.8
1728720000000,62767.9,62778.9,62693.8,62756.2,35332.0
1728720900000,62756.1,62788.0,62698.9,62788.0,22825.1
1728721800000,62788.0,62788.0,62728.0,62767.6,14504.1
1728722700000,62767.6,62767.6,62703.0,62719.9,14785.5
1728723600000,62719.9,62730.7,62683.2,62683.2,34769.6
1728724500000,62683.3,62769.2,62676.1,62741.0,33591.6
1728725400000,62741.0,62758.8,62724.0,62755.8,10393.0
1728726300000,62755.8,62848.0,62755.8,62846.8,37530.8
1728727200000,62846.8,62965.6,62810.0,62962.6,91635.7
1728728100000,62962.6,63026.9,62920.0,62945.3,88498.1
1728729000000,62945.4,62999.0,62913.3,62990.1,50455.2
1728729900000,62990.1,63056.7,62930.0,63044.1,56781.5
1728730800000,63044.0,63134.0,62995.4,63110.0,89259.4
1728731700000,63109.9,63281.5,63095.0,63142.6,157461.5
1728732600000,63142.5,63176.9,62935.0,62956.2,123745.4
1728733500000,62956.2,63060.7,62910.5,62939.9,62076.9
1728734400000,62939.8,62966.7,62821.8,62953.2,93837.5
1728735300000,62953.2,62964.4,62860.0,62915.3,38477.3
1728736200000,62915.4,62935.6,62850.3,62899.7,28895.9
1728737100000,62899.7,63070.0,62899.6,63054.1,57112.2
1728738000000,63054.0,63161.3,62985.4,63095.1,93245.4
1728738900000,63095.2,63118.0,62980.6,63033.9,46126.4
1728739800000,63033.9,63058.0,62995.9,63041.9,21496.7
1728740700000,63041.9,63085.5,62960.0,63067.7,30175.5
1728741600000,63067.7,63195.1,63004.3,63177.0,52821.8
1728742500000,63177.1,63220.0,63110.3,63146.8,61715.2
1728743400000,63145.6,63333.0,63118.7,63244.9,101178.6
1728744300000,63244.9,63416.0,63205.5,63231.9,196234.2
1728745200000,63232.0,63480.2,63145.0,63430.5,195758.8
1728746100000,63430.5,63435.5,63284.7,63319.8,113727.1
1728747000000,63319.8,63319.9,63059.7,63060.1,95220.5
1728747900000,63060.1,63166.0,63060.1,63166.0,78806.4
1728748800000,63166.0,63345.6,63165.9,63345.5,87989.2
1728749700000,63345.5,63400.0,63078.4,63175.9,115624.0
1728750600000,63176.0,63218.3,63097.5,63137.0,36468.2
1728751500000,63137.1,63177.4,63062.7,63062.7,34360.0
1728752400000,63062.7,63171.5,63047.3,63169.7,52737.5
1728753300000,63169.7,63266.0,63164.7,63251.6,39392.8
1728754200000,63251.7,63257.8,63076.9,63145.8,38910.2
1728755100000,63145.8,63159.9,63080.0,63100.0,16655.9
1728756000000,63100.0,63187.0,63072.3,63093.6,31756.2
1728756900000,63093.5,63123.4,62938.2,63034.9,71632.4
1728757800000,63035.0,63060.0,62960.2,62987.3,40608.8
1728758700000,62987.3,63022.8,62933.0,62940.4,26491.0
1728759600000,62940.5,63031.6,62940.4,63006.5,33884.7
1728760500000,63006.6,63078.8,62888.1,63059.0,55043.5
1728761400000,63059.1,63087.6,62979.9,63026.6,20384.9
1728762300000,63026.6,63057.6,63003.8,63004.2,8430.1
1728763200000,63004.2,63119.4,63004.1,63094.7,21148.0
1728764100000,63094.6,63120.0,63050.0,63089.3,14299.9
1728765000000,63089.3,63120.0,63036.0,63055.9,8094.7
1728765900000,63055.9,63083.9,63042.2,63042.3,17681.5
1728766800000,63042.2,63167.5,63042.2,63162.1,11469.0
1728767700000,63162.0,63210.2,63123.0,63208.6,21830.9
1728768600000,63208.7,63225.7,63142.0,63142.0,16908.2
1728769500000,63142.1,63238.4,63109.7,63220.1,23678.3
1728770400000,63220.1,63308.9,63135.7,63219.5,39253.9
1728771300000,63219.5,63283.3,63219.5,63267.5,18164.1
1728772200000,63267.5,63306.2,63222.2,63236.0,11374.8
1728773100000,63236.1,63339.6,63220.5,63303.1,23234.7
1728774000000,63303.0,63388.1,63277.4,63343.3,35276.0
1728774900000,63343.3,63389.0,63211.9,63242.4,31771.9
1728775800000,63242.4,63242.5,63186.0,63220.0,26649.7
1728776700000,63220.0,63230.9,63169.6,63210.3,19561.9
1728777600000,63210.3,63300.0,63199.6,63211.1,37012.6
1728778500000,63211.1,63248.2,63045.7,63246.7,54772.9
1728779400000,63246.7,63295.4,63220.9,63272.3,17318.1
1728780300000,63272.3,63287.0,63188.0,63190.3,17864.3
1728781200000,63190.3,63190.3,62992.3,63033.9,82798.1
1728782100000,63034.0,63040.0,62825.0,62943.3,153998.5
1728783000000,62943.4,63047.2,62860.5,63034.7,34934.9
1728783900000,63034.7,63037.2,62869.2,62889.2,34693.5
1728784800000,62889.2,62931.4,62722.3,62734.8,128414.8
1728785700000,62734.8,62827.8,62701.8,62799.8,45666.3
1728786600000,62799.9,62856.0,62788.0,62841.2,30464.0
1728787500000,62841.1,62883.9,62782.0,62877.1,24386.7
1728788400000,62877.1,62917.9,62800.0,62820.7,25679.8
1728789300000,62820.8,62850.0,62654.5,62795.5,86926.6
1728790200000,62795.4,62795.5,62687.3,62710.1,37847.7
1728791100000,62710.2,62745.6,62685.1,62720.0,25972.0
1728792000000,62719.9,62779.6,62715.6,62768.4,29254.1
1728792900000,62768.4,62868.0,62768.3,62862.7,37469.4
1728793800000,62862.7,62862.7,62796.9,62826.0,18160.9
1728794700000,62826.0,62875.8,62808.9,62826.5,16829.0
1728795600000,62826.5,62915.6,62819.4,62897.8,33774.4
1728796500000,62897.8,62978.0,62872.0,62974.1,40195.4
1728797400000,62974.1,62974.2,62900.0,62900.0,17454.3
1728798300000,62900.0,62907.5,62855.1,62861.9,14430.3
1728799200000,62861.8,62982.8,62861.8,62974.5,27207.8
1728800100000,62974.5,63007.5,62866.7,62878.0,28014.9
1728801000000,62878.0,62947.2,62866.7,62918.0,14553.4
1728801900000,62917.9,62942.2,62871.4,62874.1,21780.9
1728802800000,62874.2,62929.8,62790.8,62790.8,42133.7
1728803700000,62790.9,62811.0,62735.0,62777.0,38273.2
1728804600000,62777.1,62809.9,62766.2,62770.1,17619.5
1728805500000,62770.1,62866.9,62730.0,62857.8,41246.4
1728806400000,62857.8,62917.6,62833.3,62915.0,49301.8
1728807300000,62915.1,62980.0,62907.0,62907.0,36810.4
1728808200000,62907.0,62950.0,62842.0,62858.5,23671.4
1728809100000,62858.5,62868.2,62810.0,62826.1,34264.4
1728810000000,62826.1,62859.6,62806.0,62810.5,28815.9
1728810900000,62810.6,62838.4,62777.8,62819.3,22679.1
1728811800000,62819.4,62855.9,62788.8,62846.9,24269.4
1728812700000,62846.7,62889.7,62833.5,62840.3,21214.5
1728813600000,62840.2,62844.3,62762.7,62774.4,29189.2
1728814500000,62774.4,62834.9,62770.0,62813.8,23294.0
1728815400000,62813.5,62820.8,62756.0,62756.0,20824.5
1728816300000,62756.1,62769.6,62688.0,62708.7,48313.3
1728817200000,62708.8,62799.9,62686.3,62690.1,39065.1
1728818100000,62690.1,62738.2,62605.0,62633.7,121663.7
1728819000000,62633.4,62697.8,62528.0,62536.0,99278.2
1728819900000,62536.0,62620.0,62527.8,62567.4,58141.4
1728820800000,62567.4,62669.0,62556.3,62660.4,40999.9
1728821700000,62660.4,62737.2,62621.1,62730.2,57036.6
1728822600000,62730.2,62748.7,62602.4,62723.5,53757.1
1728823500000,62723.5,62733.4,62666.3,62677.3,17664.6
1728824400000,62677.4,62776.8,62648.5,62729.4,29687.2
1728825300000,62729.4,62838.0,62704.3,62779.3,45205.7
1728826200000,62779.3,62790.7,62680.7,62710.2,20597.1
1728827100000,62710.1,62740.0,62630.1,62663.3,23595.3
1728828000000,62663.1,62663.1,62541.4,62561.6,70469.4
1728828900000,62561.6,62664.3,62556.5,62659.2,31030.4
1728829800000,62659.2,62667.7,62490.6,62491.4,91080.6
1728830700000,62491.1,62502.4,62200.0,62250.0,405801.8
1728831600000,62250.0,62349.0,62206.9,62269.5,153955.9
1728832500000,62269.6,62300.0,62058.0,62058.0,238975.5
1728833400000,62058.0,62206.1,62050.0,62120.0,113251.6
1728834300000,62120.0,62311.0,62119.9,62231.3,85708.5
1728835200000,62231.4,62319.5,62172.8,62286.0,69077.4
1728836100000,62286.0,62505.6,62285.9,62463.6,158731.5
1728837000000,62463.6,62719.3,62456.6,62620.1,203789.3
1728837900000,62620.2,62682.4,62579.2,62624.5,46399.3
1728838800000,62624.4,62818.1,62613.7,62813.9,127351.9
1728839700000,62813.9,62888.0,62680.0,62737.1,95557.3
1728840600000,62737.2,62737.2,62444.0,62461.6,129814.8
1728841500000,62461.7,62579.6,62418.3,62516.2,93976.3
1728842400000,62516.2,62555.4,62311.8,62347.0,82240.5
1728843300000,62346.9,62548.0,62332.6,62547.9,56376.2
1728844200000,62548.0,62641.8,62370.4,62372.5,62561.2
1728845100000,62372.5,62472.9,62360.0,62418.4,30823.0
1728846000000,62420.0,62591.1,62420.0,62517.9,26593.4
1728846900000,62517.9,62587.7,62503.0,62578.7,15997.3
1728847800000,62578.6,62730.0,62559.6,62674.9,42356.0
1728848700000,62674.9,62753.9,62620.6,62737.9,29602.3
1728849600000,62737.9,62759.2,62613.7,62650.0,26390.9
1728850500000,62650.0,62707.6,62614.7,62642.6,19490.2
1728851400000,62642.7,62680.2,62616.9,62632.6,11728.1
1728852300000,62632.6,62773.7,62624.7,62771.7,38269.4
1728853200000,62771.7,62796.0,62681.8,62691.9,28235.6
1728854100000,62691.9,62910.0,62691.8,62868.8,52668.3
1728855000000,62868.7,63042.9,62868.7,62880.0,113480.7
1728855900000,62880.0,62971.1,62804.2,62893.0,39974.3
1728856800000,62892.9,63144.0,62872.9,63006.3,104427.3
1728857700000,63008.0,63059.9,62764.2,62806.5,73074.7
1728858600000,62806.5,62880.0,62730.1,62846.0,43243.6
1728859500000,62846.0,62849.9,62730.1,62843.7,34055.8
1728860400000,62843.7,62843.7,62665.7,62700.5,42165.9
1728861300000,62700.6,62729.3,62635.0,62707.1,40656.7
1728862200000,62707.1,62845.7,62707.0,62809.1,37814.0
1728863100000,62809.1,62911.6,62776.9,62877.9,40710.1
1728864000000,62877.8,62907.2,62705.0,62705.0,46914.4
1728864900000,62705.1,62742.1,62558.0,62710.0,67724.9
1728865800000,62710.1,62744.4,62600.0,62632.1,34162.8
1728866700000,62632.1,62632.1,62457.4,62522.4,84494.8
1728867600000,62520.8,62689.6,62510.9,62689.6,40497.8
1728868500000,62689.6,62845.2,62637.5,62790.0,53486.3
1728869400000,62790.0,62795.0,62662.0,62662.0,31398.4
1728870300000,62662.0,62697.6,62556.1,62639.1,49815.9
1728871200000,62639.1,62639.1,62486.2,62589.1,51824.7
1728872100000,62588.7,62639.1,62542.3,62549.0,35693.4
1728873000000,62549.0,62642.3,62548.9,62620.2,20076.2
1728873900000,62620.2,62643.5,62541.9,62628.8,38692.8
1728874800000,62628.8,62756.0,62621.5,62753.1,41233.8
1728875700000,62753.0,63364.8,62753.0,63333.0,414141.4
1728876600000,63332.9,64180.0,63204.2,64047.2,953464.2
1728877500000,64047.3,64400.0,63924.8,64315.1,480206.3
1728878400000,64315.1,64541.2,64150.0,64225.4,514187.9
1728879300000,64225.4,64342.0,64105.3,64194.3,143002.1
1728880200000,64194.2,64400.0,64178.7,64308.6,153936.2
1728881100000,64308.7,64340.0,64140.0,64151.1,102804.3
1728882000000,64151.1,64176.5,63951.0,63969.6,197675.5
1728882900000,63969.6,64030.7,63892.7,63936.5,140519.7
1728883800000,63936.5,63974.0,63777.2,63959.1,190311.4
1728884700000,63959.1,63964.4,63865.0,63940.1,53789.0
1728885600000,63940.0,63952.0,63810.0,63839.9,57943.9
1728886500000,63839.9,64190.0,63839.8,64130.5,138899.1
1728887400000,64130.5,64262.1,64028.1,64153.9,133893.8
1728888300000,64154.0,64229.1,64087.5,64095.9,44811.7
1728889200000,64095.8,64140.0,64030.9,64125.0,63876.3
1728890100000,64125.0,64188.9,64053.3,64089.7,40516.5
1728891000000,64089.6,64395.0,64062.0,64319.2,231975.9
1728891900000,64319.2,64707.1,64238.8,64620.0,535895.0
1728892800000,64620.1,64876.6,64488.5,64490.8,343434.4
1728893700000,64490.8,64720.0,64419.1,64623.4,185506.3
1728894600000,64623.4,64656.7,64421.0,64478.4,140853.5
1728895500000,64478.4,64500.0,64373.7,64435.1,71941.7
1728896400000,64435.0,64515.0,64346.8,64477.9,116559.4
1728897300000,64477.8,64704.2,64470.0,64600.0,142881.3
1728898200000,64600.0,64780.7,64580.3,64744.6,103747.5
1728899100000,64744.6,64925.2,64732.9,64817.9,192215.6
1728900000000,64818.0,64908.1,64705.0,64898.9,128137.3
1728900900000,64899.0,65028.2,64814.9,64823.2,238281.8
1728901800000,64823.1,64973.1,64806.0,64950.0,113616.9
1728902700000,64949.9,64999.9,64840.0,64866.2,92965.8
1728903600000,64866.0,64968.4,64800.0,64900.0,88226.0
1728904500000,64900.1,64999.9,64875.0,64990.0,66417.3
1728905400000,64989.9,65191.0,64860.0,64924.8,260216.6
1728906300000,64924.9,64980.0,64853.0,64924.9,73193.5
1728907200000,64924.8,65020.0,64835.7,64936.6,118227.9
1728908100000,64935.6,64935.6,64750.0,64777.1,158145.8
1728909000000,64777.1,65036.6,64777.0,64904.1,223006.3
1728909900000,64904.0,64950.0,64863.1,64868.0,44400.1
1728910800000,64868.1,64893.0,64760.0,64831.3,126068.3
1728911700000,64831.2,64910.0,64674.0,64738.5,106796.9
1728912600000,64738.5,65000.0,64658.0,64993.2,232965.1
1728913500000,64993.2,65318.0,64950.0,65150.2,650027.1
1728914400000,65150.3,65555.0,65114.0,65459.2,554064.7
1728915300000,65459.1,66180.0,65286.6,66074.0,976545.8
1728916200000,66074.0,66250.0,65842.7,66166.7,556934.9
1728917100000,66166.6,66313.0,65902.3,65928.1,421677.6
1728918000000,65928.1,66110.0,65852.6,65991.9,261572.4
1728918900000,65991.8,66136.5,65954.1,66029.7,186544.0
1728919800000,66029.9,66100.0,65860.0,65887.1,140123.5
1728920700000,65887.2,66066.0,65851.0,65892.8,155156.3
1728921600000,65892.8,66040.0,65666.0,65727.4,256869.9
1728922500000,65727.5,65774.6,65642.5,65689.4,289046.5
1728923400000,65689.4,65957.2,65687.6,65802.6,138921.4
1728924300000,65802.7,65802.7,65666.1,65725.8,93868.9
1728925200000,65721.4,65800.0,65656.6,65695.0,109241.5
1728926100000,65695.0,65759.7,65571.6,65596.2,119077.1
1728927000000,65596.2,65825.8,65596.1,65810.0,79874.7
1728927900000,65810.0,65867.5,65647.0,65647.0,125081.3
1728928800000,65647.1,65887.9,65588.0,65816.6,226036.0
1728929700000,65816.6,65920.3,65751.3,65870.3,67447.6
1728930600000,65870.3,65976.1,65800.7,65962.5,67165.0
1728931500000,65962.5,65962.6,65766.0,65774.3,61032.3
1728932400000,65774.4,66055.0,65720.0,66006.4,120077.5
1728933300000,66006.5,66086.6,65771.1,65871.2,177681.0
1728934200000,65871.7,66054.9,65871.7,66050.7,108618.1
1728935100000,66050.7,66079.9,65895.5,65937.5,129037.1
1728936000000,65937.6,66000.0,65813.3,65987.4,75539.1
1728936900000,65987.4,66058.0,65966.8,66029.9,27212.3
1728937800000,66030.0,66057.8,65940.0,66021.7,29154.4
1728938700000,66021.6,66028.0,65900.0,65928.1,35816.7
1728939600000,65930.1,66009.8,65880.0,65973.5,26819.7
1728940500000,65973.6,65973.6,65775.6,65812.5,40339.5
1728941400000,65812.4,65894.9,65742.1,65868.0,45028.6
1728942300000,65868.0,65889.3,65772.9,65792.4,14451.4
1728943200000,65792.3,66002.5,65779.4,65990.0,57741.0
1728944100000,65989.9,66270.0,65945.9,66125.4,207002.2
1728945000000,66125.4,66299.6,66031.6,66210.9,98463.9
1728945900000,66210.9,66680.0,66116.1,66475.2,358382.1
1728946800000,66475.2,66561.8,66110.6,66148.4,214045.4
1728947700000,66148.5,66249.3,66065.5,66166.8,103910.3
1728948600000,66166.9,66169.7,66056.7,66076.1,59496.4
1728949500000,66076.2,66183.9,66067.4,66097.9,30514.3
1728950400000,66097.9,66169.2,65939.5,65978.1,142097.3
1728951300000,65978.0,66348.2,65957.6,66348.1,113691.4
1728952200000,66348.1,66348.1,65900.0,65934.8,131897.4
1728953100000,65931.1,66017.7,65876.0,65941.1,68064.9
1728954000000,65941.1,66027.4,65904.8,65984.6,52545.0
1728954900000,65984.6,65993.6,65841.1,65900.0,56096.4
1728955800000,65899.9,65940.0,65772.2,65920.0,85369.9
1728956700000,65920.1,65950.0,65856.0,65879.9,30742.9
1728957600000,65880.0,65888.0,65732.0,65797.7,87880.0
1728958500000,65797.7,65950.0,65797.6,65845.1,39772.6
1728959400000,65845.1,65866.0,65734.0,65761.0,46350.2
1728960300000,65760.9,65785.5,65720.0,65780.0,44824.5
1728961200000,65780.0,65780.0,65700.1,65700.1,70084.8
1728962100000,65700.1,65725.4,65611.1,65655.3,94237.6
1728963000000,65655.4,65671.6,65377.5,65531.7,286400.7
1728963900000,65531.7,65575.7,65355.0,65423.5,124077.2
1728964800000,65423.5,65520.0,65343.0,65519.9,110673.7
1728965700000,65520.0,65664.4,65508.2,65604.0,99847.4
1728966600000,65604.0,65722.3,65563.6,65676.7,79889.6
1728967500000,65676.6,65715.2,65580.0,65619.8,38043.8
1728968400000,65619.8,65620.0,65400.0,65451.5,104702.4
1728969300000,65451.4,65500.0,65374.7,65399.8,86625.7
1728970200000,65399.8,65399.8,65236.4,65317.1,146390.3
1728971100000,65316.8,65413.2,65316.1,65384.1,76595.0
1728972000000,65384.2,65400.0,65300.2,65389.2,51270.9
1728972900000,65389.3,65569.2,65389.3,65483.2,102373.0
1728973800000,65483.2,65557.8,65426.2,65446.9,40588.5
1728974700000,65446.9,65632.0,65399.0,65577.0,93496.6
1728975600000,65577.1,65849.7,65575.8,65801.5,171129.2
1728976500000,65801.5,65815.7,65685.0,65761.8,67744.5
1728977400000,65761.9,65861.0,65710.8,65757.0,66402.8
1728978300000,65757.0,65763.9,65647.9,65666.9,55649.1
1728979200000,65666.9,65796.4,65638.5,65785.9,68320.2
1728980100000,65785.9,65823.5,65733.3,65799.0,46695.9
1728981000000,65799.1,65868.2,65716.9,65738.5,71945.3
1728981900000,65738.5,65769.3,65674.3,65765.9,36555.5
1728982800000,65766.0,65782.8,65591.5,65655.6,48942.7
1728983700000,65655.6,65718.0,65626.1,65669.6,32397.8
1728984600000,65669.6,65770.9,65616.4,65663.4,44047.4
1728985500000,65663.4,65762.1,65626.8,65643.7,28245.5
1728986400000,65643.6,65723.0,65577.4,65721.9,48611.4
1728987300000,65721.9,65755.5,65680.9,65755.5,37418.0
1728988200000,65755.4,65755.8,65639.8,65709.0,28797.2
1728989100000,65709.0,65750.0,65656.7,65682.9,21912.3
1728990000000,65682.9,65725.1,65420.7,65484.8,146467.4
1728990900000,65484.7,65545.4,65340.6,65542.0,171951.3
1728991800000,65542.1,65679.9,65451.5,65537.9,141618.8
1728992700000,65537.9,65599.8,65280.0,65403.8,174692.4
1728993600000,65403.7,65543.0,65389.3,65440.1,106848.2
1728994500000,65440.2,65658.0,65440.2,65591.5,110934.9
1728995400000,65591.5,65970.3,65591.5,65876.6,292203.2
1728996300000,65876.6,65916.7,65760.0,65800.1,100726.5
1728997200000,65800.1,65980.5,65795.1,65913.3,118157.3
1728998100000,65913.3,66021.8,65776.4,65851.0,148468.2
1728999000000,65851.0,66459.5,65762.9,66450.0,549627.7
1728999900000,66450.0,67799.9,66440.1,67679.9,1597737.6
1729000800000,67679.9,67990.0,67350.4,67368.2,1044065.4
1729001700000,67368.3,67457.9,66801.1,66811.1,820224.0
1729002600000,66811.1,66932.9,65435.4,65601.9,1819999.6
1729003500000,65601.9,65946.4,65139.8,65368.7,1104377.2
1729004400000,65368.8,65487.9,64765.0,65410.2,1043312.0
1729005300000,65410.2,65920.0,65307.0,65846.8,703354.1
1729006200000,65852.1,66302.8,65812.2,66148.8,603511.4
1729007100000,66148.9,66238.5,65927.1,66022.6,250419.7
1729008000000,66022.7,66490.0,65979.2,66434.2,324455.4
1729008900000,66434.2,66750.0,66357.8,66616.4,469061.7
1729009800000,66616.4,67228.9,66564.2,66946.1,536962.2
1729010700000,66946.2,67046.8,66666.5,66872.7,255145.7
1729011600000,66872.7,67063.0,66478.9,66838.9,302641.9
1729012500000,66838.9,66897.6,66523.2,66622.1,151789.0
1729013400000,66622.1,67050.0,66530.0,66957.9,184048.8
1729014300000,66957.9,66988.9,66767.7,66806.7,109270.5
1729015200000,66806.8,67166.3,66750.0,67102.1,148657.9
1729016100000,67102.1,67394.1,67040.1,67085.4,267733.3
1729017000000,67085.4,67164.0,66933.6,67149.9,98285.7
1729017900000,67149.9,67169.5,66900.0,66906.8,104601.4
1729018800000,66906.9,67063.3,66562.1,66843.5,263889.3
1729019700000,66843.4,66888.0,66687.5,66801.0,92285.1
1729020600000,66801.0,66919.3,66608.9,66907.2,98773.4
1729021500000,66907.2,67029.0,66820.8,66974.0,133655.7
1729022400000,66974.1,67014.8,66860.2,66923.9,58513.7
1729023300000,66923.9,66931.0,66562.5,66686.8,138952.1
1729024200000,66686.0,66732.8,66456.4,66658.3,137054.9
1729025100000,66658.3,66748.5,66400.0,66469.1,126261.5
1729026000000,66468.8,66623.7,66366.1,66422.4,169200.9
1729026900000,66422.5,66540.0,66162.0,66418.0,245370.8
1729027800000,66418.0,66478.5,66125.4,66247.5,105566.5
1729028700000,66247.6,66492.5,66247.5,66440.4,62026.1
1729029600000,66440.3,66663.2,66419.8,66566.5,100392.6
1729030500000,66566.5,66850.8,66550.6,66840.3,133202.9
1729031400000,66840.2,67017.3,66790.6,66801.9,146607.9
1729032300000,66801.9,66837.6,66726.2,66762.0,27676.0
1729033200000,66762.0,66866.7,66704.8,66711.1,36785.0
1729034100000,66711.1,66801.6,66687.6,66800.0,28338.6
1729035000000,66800.0,67195.5,66784.0,67041.7,129676.2
1729035900000,67041.7,67130.4,66968.1,67083.0,58959.8
1729036800000,67082.9,67159.6,66900.0,66948.5,86280.1
1729037700000,66948.4,67010.2,66803.6,66814.4,59340.7
1729038600000,66814.5,67029.5,66761.0,66932.2,68489.8
1729039500000,66932.2,66983.6,66811.9,66888.4,52577.9
1729040400000,66888.3,66973.2,66766.0,66928.6,71684.6
1729041300000,66928.6,67532.7,66928.6,67495.4,297119.2
1729042200000,67495.5,67506.6,67150.0,67231.2,144286.5
1729043100000,67230.2,67391.5,67137.6,67381.9,91496.3
1729044000000,67381.9,67577.9,67316.4,67488.6,165598.1
1729044900000,67488.5,67500.0,67300.0,67316.1,80136.9
1729045800000,67316.1,67405.8,67241.6,67330.2,67334.6
1729046700000,67330.3,67393.9,67272.4,67284.0,33653.2
1729047600000,67283.9,67300.0,67160.1,67192.6,69740.0
1729048500000,67192.6,67199.7,67092.6,67152.9,66109.9
1729049400000,67153.0,67184.0,67082.3,67133.5,42366.2
1729050300000,67133.4,67249.8,67091.7,67105.0,38236.8
1729051200000,67103.2,67258.9,67094.5,67218.1,35470.6
1729052100000,67218.2,67231.5,66978.6,67048.1,72725.6
1729053000000,67048.1,67055.0,66884.3,66975.9,96945.0
1729053900000,66975.8,67047.0,66900.0,66992.3,46927.8
1729054800000,66992.3,67031.3,66920.8,67000.0,41464.0
1729055700000,67000.0,67187.9,66989.6,67187.8,68520.7
1729056600000,67187.9,67308.7,67073.5,67299.9,82262.3
1729057500000,67300.0,67361.3,67180.9,67213.1,65426.4
1729058400000,67213.0,67304.4,67115.8,67275.6,43745.2
1729059300000,67275.7,67301.5,66975.3,67010.7,96076.5
1729060200000,67010.8,67166.0,66963.6,67130.6,57636.1
1729061100000,67130.6,67189.1,67046.8,67048.1,41973.0
1729062000000,67048.1,67048.1,66788.2,66802.1,148928.7
1729062900000,66802.1,66947.0,66760.4,66890.7,90913.8
1729063800000,66890.7,66990.0,66835.0,66874.6,76216.0
1729064700000,66874.5,67013.7,66856.5,66972.9,49102.9
1729065600000,66973.0,67168.0,66912.2,67029.7,124462.4
1729066500000,67029.7,67207.9,67012.4,67169.2,62795.5
1729067400000,67169.1,67266.0,67085.3,67212.9,153142.9
1729068300000,67213.0,67270.0,67129.6,67138.8,59774.8
1729069200000,67138.9,67212.7,67088.0,67203.8,40418.2
1729070100000,67203.9,67268.8,67130.0,67265.5,39924.7
1729071000000,67265.5,67475.9,67260.1,67394.8,213044.0
1729071900000,67394.7,67429.0,67238.3,67428.9,133934.3
1729072800000,67429.0,67646.5,67333.5,67633.9,204983.5
1729073700000,67633.9,67833.4,67573.4,67661.6,296752.2
1729074600000,67661.5,67810.0,67526.0,67577.0,164205.0
1729075500000,67576.9,67786.0,67574.8,67746.2,175620.2
1729076400000,67746.2,67806.4,67600.0,67797.9,105636.3
1729077300000,67798.0,68212.0,67721.3,68125.7,633142.1
1729078200000,68125.8,68333.0,68125.7,68254.1,426780.0
1729079100000,68254.1,68432.5,67906.0,67908.7,494408.3
1729080000000,67908.7,68085.4,67680.1,67950.0,354022.5
1729080900000,67950.0,68012.0,67800.0,68011.9,159525.8
1729081800000,68012.0,68013.6,67844.0,67901.5,90062.9
1729082700000,67901.5,67970.0,67778.0,67845.5,136340.6
1729083600000,67845.6,67980.0,67771.0,67800.0,128518.8
1729084500000,67799.9,67910.0,67750.0,67861.8,99207.4
1729085400000,67861.8,67918.0,67132.0,67244.1,738612.3
1729086300000,67244.2,67460.0,67166.1,67395.2,335311.5
1729087200000,67395.2,68050.0,67358.0,67894.0,503780.4
1729088100000,67893.9,68329.0,67750.8,67750.9,507124.2
1729089000000,67750.8,67880.0,67416.1,67492.3,325583.2
1729089900000,67492.3,67888.0,67405.0,67683.7,189614.6
1729090800000,67683.8,67758.0,67404.8,67727.1,195215.5
1729091700000,67727.0,68011.3,67724.0,67972.4,182117.0
1729092600000,67972.5,68060.9,67840.0,67870.6,121368.9
1729093500000,67870.6,67870.6,67663.2,67763.3,129242.9
1729094400000,67763.3,67937.8,67628.1,67697.3,162728.3
1729095300000,67697.3,67779.8,67513.3,67688.2,121211.4
1729096200000,67688.2,67711.3,67488.0,67586.4,105201.7
1729097100000,67586.3,67847.1,67546.3,67823.7,96481.6
1729098000000,67823.7,67836.8,67686.0,67800.0,77798.3
1729098900000,67800.0,67960.0,67772.6,67850.0,82241.1
1729099800000,67849.9,68054.7,67847.1,68020.3,95278.7
1729100700000,68020.3,68111.0,67900.0,67944.1,72357.6
1729101600000,67944.1,68066.6,67892.7,67910.0,68940.2
1729102500000,67910.0,68029.4,67850.1,68016.7,42952.6
1729103400000,68016.7,68057.5,67801.0,67813.5,56583.4
1729104300000,67813.5,67919.9,67779.8,67828.4,41410.6
1729105200000,67828.3,67937.8,67703.4,67926.9,68754.9
1729106100000,67926.9,67960.0,67822.8,67858.2,47221.8
1729107000000,67858.2,67888.0,67633.1,67722.2,98548.9
1729107900000,67722.2,67850.0,67676.8,67727.2,47346.4
1729108800000,67727.1,67960.0,67668.2,67881.9,100182.0
1729109700000,67882.0,67920.0,67840.0,67866.3,24504.5
1729110600000,67866.3,67952.3,67831.9,67900.9,42059.1
1729111500000,67900.9,67972.9,67624.8,67626.1,69686.9
1729112400000,67625.7,67717.1,67588.0,67631.0,61229.5
1729113300000,67631.0,67652.0,67555.5,67624.1,36765.4
1729114200000,67624.0,67628.8,67555.0,67555.6,25394.6
1729115100000,67555.7,67608.0,67504.0,67576.2,41075.7
1729116000000,67576.2,67700.0,67576.2,67699.9,56899.6
1729116900000,67700.0,67720.0,67649.5,67691.6,30027.3
1729117800000,67691.6,67879.5,67675.0,67799.6,45354.4
1729118700000,67799.6,67834.2,67742.0,67788.3,22310.9
1729119600000,67788.3,67837.2,67688.0,67731.9,33225.0
1729120500000,67731.9,67769.3,67612.9,67670.0,29478.3
1729121400000,67670.0,67782.8,67658.6,67658.6,48908.1
1729122300000,67658.5,67673.7,67606.0,67621.8,27716.3
1729123200000,67621.8,67811.0,67621.8,67717.3,60673.5
1729124100000,67717.3,67789.7,67586.0,67777.6,59521.0
1729125000000,67777.7,67950.0,67777.7,67912.1,81803.7
1729125900000,67912.2,67927.1,67688.8,67715.2,63802.0
1729126800000,67716.8,67835.7,67680.0,67720.2,67684.2
1729127700000,67720.3,67731.1,67626.0,67644.7,47305.4
1729128600000,67644.6,67644.6,67407.8,67595.0,172732.6
1729129500000,67594.9,67911.7,67558.9,67902.1,175933.3
1729130400000,67902.1,67904.8,67686.0,67689.8,72885.6
1729131300000,67689.8,67696.6,67516.0,67561.1,79415.9
1729132200000,67561.1,67626.1,67410.0,67518.7,113813.2
1729133100000,67518.8,67557.1,67443.4,67480.7,54861.2
1729134000000,67480.7,67540.0,67440.0,67526.7,62190.0
1729134900000,67526.8,67645.0,67490.2,67591.6,68304.7
1729135800000,67591.6,67663.0,67532.1,67622.0,45609.0
1729136700000,67621.9,67700.0,67582.6,67600.0,35730.0
1729137600000,67600.1,67600.1,67488.0,67488.4,56737.9
1729138500000,67488.4,67560.6,67455.1,67465.2,42381.2
1729139400000,67465.2,67508.0,67288.1,67330.0,171799.3
1729140300000,67330.0,67382.4,67259.0,67264.3,112737.0
1729141200000,67264.3,67391.7,67260.0,67391.1,76315.7
1729142100000,67391.1,67407.7,67317.7,67330.0,36222.4
1729143000000,67330.0,67487.5,67282.0,67391.3,75792.5
1729143900000,67391.4,67438.8,67296.7,67340.4,44180.4
1729144800000,67340.5,67398.0,67235.0,67306.7,68761.3
1729145700000,67306.7,67476.4,67299.1,67418.6,64957.2
1729146600000,67418.6,67500.0,67355.3,67472.7,67578.8
1729147500000,67472.6,67499.9,67121.2,67166.9,134427.8
1729148400000,67167.0,67339.4,67082.0,67185.5,245279.0
1729149300000,67185.6,67260.0,67093.0,67207.8,86160.3
1729150200000,67207.8,67244.9,67150.0,67209.5,58303.3
1729151100000,67209.6,67312.3,67176.6,67305.9,47535.5
1729152000000,67305.9,67400.0,67213.0,67221.2,98746.8
1729152900000,67221.3,67300.0,67188.0,67297.9,40079.0
1729153800000,67297.9,67365.6,67286.7,67341.0,44251.9
1729154700000,67341.1,67485.2,67341.1,67455.0,98094.3
1729155600000,67455.0,67533.4,67369.6,67423.6,86758.9
1729156500000,67423.7,67487.3,67342.0,67368.2,35777.2
1729157400000,67368.1,67368.2,67277.0,67317.7,40347.2
1729158300000,67317.7,67325.7,67182.3,67200.2,48830.3
1729159200000,67200.2,67314.5,67183.8,67216.0,77211.9
1729160100000,67216.0,67256.5,67099.6,67105.3,103276.3
1729161000000,67105.3,67130.0,66822.0,67010.0,331240.9
1729161900000,67010.1,67273.5,66975.3,67227.0,144040.4
1729162800000,67227.0,67308.8,67088.0,67099.7,102990.9
1729163700000,67099.7,67101.5,66865.7,66931.6,167037.0
1729164600000,66931.6,67015.2,66850.1,66900.0,106733.4
1729165500000,66900.1,66922.1,66827.3,66894.2,84747.7
1729166400000,66894.2,67010.0,66828.0,66940.9,101445.4
1729167300000,66940.8,67115.5,66881.1,67014.9,96973.5
1729168200000,67014.8,67195.0,66991.5,67115.0,149363.1
1729169100000,67115.1,67184.6,67016.0,67180.1,63487.2
1729170000000,67180.0,67232.8,67096.0,67130.2,88997.3
1729170900000,67130.2,67145.0,66969.9,67016.3,64715.2
1729171800000,67016.2,67216.0,66674.8,67215.9,450012.5
1729172700000,67215.9,67359.2,66976.6,67029.0,311051.0
1729173600000,67031.0,67076.3,66666.0,66984.4,531058.9
1729174500000,66984.2,67071.4,66718.0,66928.5,201550.8
1729175400000,66928.5,67119.7,66814.6,67009.7,183536.4
1729176300000,67009.7,67287.7,66956.9,67117.0,170915.9
1729177200000,67116.9,67196.9,66956.1,67020.2,147882.1
1729178100000,67020.1,67275.0,67010.7,67275.0,103999.5
1729179000000,67275.0,67688.0,67212.5,67469.8,406558.0
1729179900000,67469.7,67612.0,67375.0,67583.0,126884.6
1729180800000,67583.0,67588.0,67206.0,67304.6,285810.1
1729181700000,67304.5,67366.8,67200.0,67324.9,84878.5
1729182600000,67325.0,67374.8,67111.7,67342.9,114589.5
1729183500000,67343.0,67444.0,67312.6,67379.8,62380.3
1729184400000,67379.8,67520.7,67313.1,67500.6,73984.0
1729185300000,67500.6,67500.7,67145.0,67240.3,99884.4
1729186200000,67240.3,67420.0,67184.1,67420.0,59585.5
1729187100000,67419.9,67462.7,67253.0,67283.2,48507.4
1729188000000,67283.2,67303.6,66822.0,66850.0,224352.0
1729188900000,66850.1,67050.0,66713.0,66925.3,320586.3
1729189800000,66925.2,67070.0,66812.9,66991.9,88767.1
1729190700000,66991.9,67048.1,66851.1,66933.7,53406.5
1729191600000,66933.8,67011.0,66868.1,66995.3,49651.7
1729192500000,66995.3,67020.0,66913.5,66926.3,40067.6
1729193400000,66926.3,66963.6,66837.2,66896.9,41709.7
1729194300000,66897.0,66946.0,66781.1,66846.4,69653.4
1729195200000,66846.3,67040.0,66822.5,66979.9,66494.1
1729196100000,66979.9,67127.1,66979.9,67112.6,36568.0
1729197000000,67112.6,67148.0,67020.0,67027.9,30930.1
1729197900000,67027.9,67065.9,66945.0,66945.4,29671.5
1729198800000,66945.4,67044.7,66941.5,67039.9,19608.5
1729199700000,67039.9,67155.5,66992.0,67110.3,43949.4
1729200600000,67110.3,67140.9,67020.8,67020.8,37382.0
1729201500000,67020.8,67130.0,66990.0,67085.4,13169.9
1729202400000,67085.4,67363.0,67085.4,67357.2,169115.0
1729203300000,67357.2,67376.0,67242.9,67357.9,69063.1
1729204200000,67358.0,67493.7,67341.7,67474.0,117065.9
1729205100000,67474.0,67500.6,67396.5,67460.0,75477.2
1729206000000,67460.0,67468.0,67300.0,67306.3,39941.8
1729206900000,67306.4,67427.9,67306.4,67396.9,35584.6
1729207800000,67396.9,67405.3,67323.0,67365.8,19362.5
1729208700000,67365.9,67600.0,67312.0,67439.3,125977.9
1729209600000,67439.3,67458.7,67340.5,67365.0,46382.6
1729210500000,67365.0,67480.0,67259.0,67386.5,81533.2
1729211400000,67386.5,67386.5,67247.4,67277.2,51488.3
1729212300000,67277.2,67317.9,67200.0,67225.0,45517.7
1729213200000,67225.1,67625.4,67205.0,67497.7,142203.2
1729214100000,67497.7,67750.3,67497.7,67726.1,96718.9
1729215000000,67726.2,67813.2,67571.4,67803.1,132561.2
1729215900000,67803.1,68280.8,67786.0,68100.1,463630.2
1729216800000,68100.0,68160.9,67850.0,67874.6,171080.6
1729217700000,67874.5,67999.0,67810.0,67927.2,75449.8
1729218600000,67927.1,68100.0,67925.1,67953.0,73150.3
1729219500000,67953.0,68124.0,67938.8,68110.7,79580.1
1729220400000,68110.6,68121.4,67918.2,67939.4,71327.3
1729221300000,67939.5,68000.0,67862.1,67924.3,77049.8
1729222200000,67924.3,67934.7,67760.0,67760.0,84560.0
1729223100000,67760.0,67782.9,67512.0,67543.0,184796.0
1729224000000,67543.0,67705.3,67540.0,67671.0,109804.9
1729224900000,67671.0,67829.2,67646.3,67816.8,72453.0
1729225800000,67816.8,67874.9,67775.8,67833.6,63559.4
1729226700000,67833.6,67837.8,67703.1,67742.5,46361.0
1729227600000,67742.5,67843.6,67642.9,67839.7,58717.9
1729228500000,67839.6,67865.2,67770.1,67815.0,49215.1
1729229400000,67815.0,67909.9,67815.0,67831.6,48245.3
1729230300000,67831.6,68053.0,67810.0,67996.8,93459.9
1729231200000,67996.8,68075.7,67920.0,68067.9,95123.2
1729232100000,68068.0,68395.0,68035.5,68169.4,311662.1
1729233000000,68169.4,68280.0,68062.0,68093.9,134943.0
1729233900000,68093.9,68133.6,68010.9,68108.8,128002.8
1729234800000,68108.7,68178.0,67950.0,67962.9,97002.0
1729235700000,67963.0,68214.3,67948.0,68159.7,112461.7
1729236600000,68159.7,68167.0,67971.4,68000.0,72635.6
1729237500000,68000.0,68025.0,67864.8,67980.0,87834.3
1729238400000,67980.0,68070.0,67850.1,67872.0,116081.2
1729239300000,67872.0,67946.9,67832.0,67917.2,52987.2
1729240200000,67917.2,67994.7,67859.8,67896.5,37490.0
1729241100000,67896.5,67990.0,67867.0,67927.3,25139.2
1729242000000,67927.6,68059.9,67871.1,68013.5,49215.7
1729242900000,68013.5,68048.6,67880.9,67927.4,40500.9
1729243800000,67927.5,67966.8,67805.9,67805.9,68453.3
1729244700000,67806.0,67868.5,67765.1,67811.1,73654.8
1729245600000,67811.1,67849.5,67784.0,67827.4,37047.0
1729246500000,67827.5,67983.0,67808.2,67934.1,52005.8
1729247400000,67934.0,67976.7,67887.8,67901.6,27627.3
1729248300000,67901.6,67960.0,67857.7,67879.1,34845.7
1729249200000,67879.0,68036.5,67856.1,68035.4,55669.0
1729250100000,68035.3,68039.5,67860.0,67860.0,45061.9
1729251000000,67860.1,67904.8,67787.2,67792.1,48268.4
1729251900000,67792.1,67853.3,67673.0,67717.1,89855.0
1729252800000,67717.2,67836.2,67707.0,67826.9,53091.5
1729253700000,67826.9,67826.9,67665.8,67726.6,86555.8
1729254600000,67726.7,67758.0,67671.7,67742.8,48982.5
1729255500000,67742.8,67742.8,67645.9,67678.7,71038.8
1729256400000,67678.7,67875.0,67660.0,67838.7,99277.0
1729257300000,67838.7,67915.3,67774.0,67832.2,62846.9
1729258200000,67832.3,68188.0,67750.9,68186.0,213781.9
1729259100000,68186.1,68198.0,67843.6,68197.9,225678.5
1729260000000,68197.9,68525.1,68007.0,68068.0,779118.1
1729260900000,68068.1,68251.8,67925.2,68228.9,289438.0
1729261800000,68228.9,68615.4,68191.0,68480.0,607430.1
1729262700000,68480.1,68553.0,68315.0,68431.9,270053.6
1729263600000,68431.9,68550.0,68285.2,68396.7,179124.4
1729264500000,68396.8,68679.2,68326.4,68667.7,245884.9
1729265400000,68667.7,68843.0,68610.0,68810.7,455364.3
1729266300000,68810.6,68876.0,68716.0,68741.8,259899.7
1729267200000,68741.8,68760.0,68350.0,68464.0,327710.8
1729268100000,68467.7,68743.8,68407.2,68649.9,140247.9
1729269000000,68650.0,68899.0,68533.5,68856.9,176984.8
1729269900000,68859.9,68920.0,68739.8,68792.6,135452.4
1729270800000,68792.5,68906.6,68738.1,68862.8,68921.4
1729271700000,68862.2,68899.9,68675.0,68699.8,95924.8
1729272600000,68700.0,68850.0,68650.0,68802.2,77338.4
1729273500000,68802.1,68860.0,68701.2,68701.2,51416.1
1729274400000,68701.2,68701.3,68555.0,68676.3,91488.8
1729275300000,68676.3,68885.2,68657.1,68849.9,63452.7
1729276200000,68849.9,68983.0,68787.7,68951.8,157353.4
1729277100000,68951.8,69061.2,68788.1,68899.9,163564.6
1729278000000,68899.9,68979.1,68777.0,68864.5,85427.4
1729278900000,68864.6,68899.9,68719.0,68763.2,96553.6
1729279800000,68763.2,68844.2,68628.0,68653.9,62173.2
1729280700000,68653.9,68683.4,68571.4,68603.7,73442.2
1729281600000,68603.8,68674.1,68544.7,68651.9,49061.0
1729282500000,68651.9,68698.4,68512.0,68544.5,64166.3
1729283400000,68544.6,68550.0,68403.3,68530.7,54809.0
1729284300000,68530.8,68530.8,68399.6,68433.2,54880.7
1729285200000,68437.1,68472.9,68380.0,68400.1,28105.4
1729286100000,68400.1,68494.0,68391.9,68426.2,20595.7
1729287000000,68426.3,68503.3,68426.2,68428.5,21710.4
1729287900000,68428.5,68471.6,68250.0,68420.0,89545.3
1729288800000,68420.0,68427.8,68260.1,68344.2,52069.7
1729289700000,68344.2,68425.2,68312.0,68338.0,28634.7
1729290600000,68338.0,68371.8,68266.0,68315.5,33190.4
1729291500000,68315.4,68315.5,68220.0,68221.9,85811.3
1729292400000,68221.8,68351.6,68218.0,68342.1,37597.5
1729293300000,68342.0,68410.0,68342.0,68402.9,31935.0
1729294200000,68403.0,68420.0,68340.0,68389.9,27552.5
1729295100000,68389.8,68487.8,68380.0,68437.2,46851.5
1729296000000,68437.1,68494.1,68360.4,68369.0,38755.1
1729296900000,68369.0,68459.0,68335.0,68434.2,26868.3
1729297800000,68434.1,68434.2,68306.1,68313.6,22273.4
1729298700000,68313.9,68426.2,68299.9,68340.1,29671.8
1729299600000,68340.0,68451.8,68331.8,68451.5,25550.7
1729300500000,68451.5,68451.6,68358.5,68400.5,18640.7
1729301400000,68400.5,68454.1,68344.0,68446.2,30062.5
1729302300000,68446.2,68470.0,68350.0,68350.1,35165.6
1729303200000,68350.1,68436.0,68344.0,68436.0,39522.0
1729304100000,68435.9,68488.0,68401.2,68454.7,78394.0
1729305000000,68454.7,68454.9,68392.5,68433.8,34506.1
1729305900000,68433.8,68470.9,68408.0,68464.7,28990.6
1729306800000,68464.7,68648.0,68441.2,68618.2,111557.9
1729307700000,68618.1,68712.3,68540.0,68542.0,75184.6
1729308600000,68542.0,68580.0,68480.1,68514.1,42727.4
1729309500000,68514.1,68519.0,68450.0,68454.1,36989.9
1729310400000,68454.1,68574.7,68454.0,68523.7,33105.3
1729311300000,68523.6,68523.7,68370.2,68390.2,45325.1
1729312200000,68390.1,68427.8,68354.7,68370.6,40201.6
1729313100000,68370.6,68400.0,68333.4,68333.4,24284.1
1729314000000,68333.5,68432.0,68314.8,68412.9,44957.5
1729314900000,68412.8,68439.9,68374.1,68423.8,20518.5
1729315800000,68423.8,68442.0,68379.3,68384.4,18066.4
1729316700000,68384.3,68428.0,68377.3,68400.0,26391.3
1729317600000,68400.1,68411.0,68356.1,68410.9,25090.3
1729318500000,68410.9,68451.0,68374.6,68375.1,31671.5
1729319400000,68375.1,68428.8,68375.1,68384.8,9256.8
1729320300000,68384.7,68384.7,68340.3,68343.7,21210.4
1729321200000,68343.8,68373.1,68330.0,68350.3,21179.3
1729322100000,68350.4,68417.9,68300.1,68406.8,39643.7
1729323000000,68406.8,68406.9,68335.0,68337.7,12262.1
1729323900000,68337.8,68359.3,68317.3,68359.2,29209.2
1729324800000,68359.3,68384.3,68359.3,68383.7,11397.7
1729325700000,68383.7,68435.3,68347.1,68435.3,16260.6
1729326600000,68435.3,68444.0,68373.0,68438.3,33523.2
1729327500000,68438.2,68482.7,68383.0,68415.3,25003.8
1729328400000,68415.2,68438.6,68403.4,68438.6,9718.3
1729329300000,68438.6,68444.1,68395.2,68402.4,12387.3
1729330200000,68402.3,68402.4,68343.2,68355.6,19284.2
1729331100000,68355.7,68377.6,68349.3,68349.3,11149.7
1729332000000,68349.4,68387.3,68300.0,68329.2,59015.7
1729332900000,68329.2,68360.0,68290.1,68290.1,48914.5
1729333800000,68290.2,68333.8,68286.0,68305.1,29740.3
1729334700000,68305.2,68305.9,68247.3,68253.1,51217.1
1729335600000,68253.1,68310.0,68172.8,68301.9,73682.8
1729336500000,68302.0,68302.1,68226.2,68254.9,29714.8
1729337400000,68255.0,68255.0,68100.1,68183.6,91791.5
1729338300000,68183.6,68208.8,68086.0,68090.8,93573.1
1729339200000,68090.8,68193.3,68085.0,68183.5,46764.2
1729340100000,68183.5,68228.5,68183.4,68222.0,38512.9
1729341000000,68222.0,68276.2,68221.9,68233.0,31375.2
1729341900000,68233.0,68281.4,68212.0,68226.1,31161.1
1729342800000,68226.2,68227.7,68152.0,68192.4,27819.6
1729343700000,68192.4,68192.5,68138.0,68175.5,34450.2
1729344600000,68175.5,68175.5,68120.5,68132.6,20017.9
1729345500000,68132.6,68182.1,68120.5,68124.1,21706.2
1729346400000,68124.1,68209.4,68124.0,68209.3,31301.4
1729347300000,68209.3,68293.1,68171.4,68278.0,38685.9
1729348200000,68278.1,68372.4,68239.4,68316.2,103048.7
1729349100000,68316.2,68349.0,68250.0,68300.0,47933.5
1729350000000,68300.0,68339.9,68271.0,68289.9,36160.6
1729350900000,68290.0,68290.0,68162.6,68208.0,34832.1
1729351800000,68208.0,68232.4,68153.9,68207.3,32693.8
1729352700000,68207.3,68231.2,68160.1,68223.5,27218.1
1729353600000,68223.6,68227.7,68134.6,68134.6,42566.5
1729354500000,68134.7,68189.0,68088.0,68091.2,165384.2
1729355400000,68091.2,68152.5,68071.4,68105.8,94179.4
1729356300000,68105.8,68163.3,68035.0,68041.3,50250.0
1729357200000,68041.3,68110.8,68005.3,68087.1,46438.5
1729358100000,68087.0,68137.8,68066.9,68135.8,17420.0
1729359000000,68135.7,68150.0,68100.2,68100.2,24277.7
1729359900000,68100.2,68133.0,68080.3,68132.9,19372.7
1729360800000,68132.9,68138.9,68092.0,68120.9,10014.6
1729361700000,68120.8,68204.5,68120.8,68181.5,23641.9
1729362600000,68181.4,68181.5,68159.6,68173.2,9072.9
1729363500000,68173.2,68202.3,68173.2,68180.5,12883.4
1729364400000,68180.5,68201.9,68152.3,68201.8,10667.1
1729365300000,68201.8,68252.6,68186.9,68228.7,31911.9
1729366200000,68228.7,68240.0,68185.7,68188.2,7898.6
1729367100000,68188.3,68196.6,68152.4,68188.7,8012.8
1729368000000,68188.6,68223.3,68169.7,68214.4,11426.3
1729368900000,68214.3,68248.0,68193.6,68245.1,17190.6
1729369800000,68245.1,68270.0,68223.2,68251.7,18980.1
1729370700000,68251.7,68259.4,68225.1,68245.7,13121.8
1729371600000,68245.6,68297.9,68226.4,68289.4,30475.2
1729372500000,68289.4,68350.0,68265.0,68349.9,27644.4
1729373400000,68350.0,68350.0,68269.0,68284.4,10713.7
1729374300000,68284.4,68330.0,68216.2,68225.0,15220.3
1729375200000,68225.0,68295.1,68203.3,68243.5,15214.9
1729376100000,68244.7,68306.0,68227.2,68290.1,20554.8
1729377000000,68290.1,68422.0,68270.1,68386.9,49311.5
1729377900000,68386.9,68410.0,68310.0,68331.7,32116.8
1729378800000,68331.7,68350.0,68300.1,68340.5,18507.6
1729379700000,68340.5,68417.2,68315.1,68379.7,22895.3
1729380600000,68379.6,68432.4,68307.7,68360.5,31988.8
1729381500000,68360.4,68415.0,68348.4,68377.1,24211.2
1729382400000,68377.0,68447.5,68374.0,68431.2,24881.0
1729383300000,68431.2,68444.0,68377.8,68384.5,26382.2
1729384200000,68384.5,68391.2,68236.5,68279.0,50903.4
1729385100000,68279.1,68294.1,68228.4,68228.4,24814.7
1729386000000,68228.5,68261.9,68192.0,68206.1,35382.9
1729386900000,68206.1,68253.0,68160.0,68253.0,36240.4
1729387800000,68252.9,68253.0,68167.0,68170.0,18841.1
1729388700000,68170.0,68214.7,68153.8,68164.4,15203.4
1729389600000,68164.5,68238.0,68164.4,68208.0,18751.0
1729390500000,68208.0,68223.7,68156.4,68168.1,18247.0
1729391400000,68168.2,68195.0,68155.0,68155.0,9143.2
1729392300000,68155.1,68193.6,68115.0,68182.1,26220.9
1729393200000,68182.0,68182.1,68106.4,68154.9,24327.1
1729394100000,68154.9,68180.0,68120.7,68130.1,29596.7
1729395000000,68130.1,68178.5,68130.1,68155.9,14637.6
1729395900000,68155.8,68210.0,68155.8,68193.3,14850.8
1729396800000,68193.3,68218.0,68191.0,68218.0,14473.4
1729397700000,68218.0,68320.0,68209.3,68302.4,36202.4
1729398600000,68302.4,68332.0,68254.5,68265.9,30561.5
1729399500000,68265.8,68281.7,68238.9,68251.9,13153.5
1729400400000,68251.9,68300.0,68251.9,68276.7,15053.2
1729401300000,68276.7,68296.0,68194.0,68194.1,23382.7
1729402200000,68194.1,68233.5,68188.0,68228.1,15057.4
1729403100000,68228.1,68228.1,68209.0,68224.1,7689.1
1729404000000,68224.1,68228.0,68180.0,68228.0,19158.5
1729404900000,68227.9,68258.6,68227.9,68251.8,17346.5
1729405800000,68251.7,68251.8,68217.6,68225.9,12240.4
1729406700000,68225.9,68448.4,68225.8,68405.5,79872.6
1729407600000,68405.4,68444.0,68359.6,68430.4,67320.4
1729408500000,68430.4,68430.4,68381.7,68408.5,36437.0
1729409400000,68408.5,68424.8,68360.9,68364.9,28022.4
1729410300000,68365.0,68390.2,68352.3,68369.6,29085.9
1729411200000,68369.6,68409.2,68369.6,68380.0,18923.4
1729412100000,68380.1,68500.0,68380.0,68477.5,76286.5
1729413000000,68477.5,68477.6,68400.0,68400.1,30625.6
1729413900000,68400.1,68413.5,68348.1,68395.8,42257.8
1729414800000,68395.8,68405.1,68349.7,68388.7,16423.6
1729415700000,68388.7,68399.9,68373.0,68399.0,9875.6
1729416600000,68399.0,68446.3,68389.8,68422.9,20579.8
1729417500000,68422.9,68444.2,68412.0,68433.8,14521.2
1729418400000,68433.9,68460.3,68428.0,68450.0,21810.3
1729419300000,68450.1,68454.0,68420.1,68423.4,17994.8
1729420200000,68423.4,68438.0,68385.5,68385.6,24186.7
1729421100000,68385.6,68406.0,68357.0,68370.0,19649.9
1729422000000,68370.0,68409.2,68370.0,68388.8,13918.4
1729422900000,68388.8,68445.8,68388.8,68436.0,18676.3
1729423800000,68435.9,68448.0,68396.9,68447.9,11302.3
1729424700000,68448.0,68448.0,68403.6,68420.1,16056.6
1729425600000,68420.0,68440.1,68415.0,68418.0,26878.7
1729426500000,68418.0,68423.7,68384.8,68391.1,20020.3
1729427400000,68391.2,68417.2,68342.7,68401.0,32775.3
1729428300000,68401.0,68401.0,68254.7,68262.0,84455.3
1729429200000,68262.1,68341.3,68262.0,68268.1,46563.7
1729430100000,68268.1,68295.4,68186.4,68271.9,85143.4
1729431000000,68271.8,68473.6,68271.8,68410.0,105339.9
1729431900000,68409.9,68495.0,68386.4,68460.6,83342.2
1729432800000,68460.5,68678.7,68460.5,68590.7,263637.0
1729433700000,68590.7,68777.0,68588.8,68662.2,215212.9
1729434600000,68662.3,68770.0,68650.0,68713.5,110801.0
1729435500000,68713.5,68713.5,68603.7,68649.3,83404.4
1729436400000,68649.3,68698.2,68505.0,68530.4,83604.8
1729437300000,68530.3,68542.7,68358.9,68481.4,122905.0
1729438200000,68481.5,68572.9,68459.4,68558.0,40687.9
1729439100000,68558.0,68637.9,68557.9,68635.2,34778.1
1729440000000,68635.2,68666.0,68540.8,68561.1,49427.9
1729440900000,68561.1,68626.2,68531.6,68589.6,13444.9
1729441800000,68589.6,68622.3,68554.8,68563.3,22026.0
1729442700000,68563.4,68563.4,68502.1,68504.0,23052.1
1729443600000,68504.0,68560.0,68504.0,68554.9,15023.4
1729444500000,68554.9,68555.0,68488.0,68519.0,25649.4
1729445400000,68519.0,68519.0,68413.7,68457.0,24429.2
1729446300000,68457.1,68615.4,68450.0,68563.7,53954.3
1729447200000,68563.8,68671.4,68560.9,68615.3,35796.0
1729448100000,68615.4,68662.2,68604.5,68645.7,24653.3
1729449000000,68645.7,68650.9,68628.4,68644.9,19812.5
1729449900000,68645.0,68653.8,68596.6,68606.6,14074.5
1729450800000,68606.7,68613.5,68551.9,68600.9,23279.1
1729451700000,68600.9,68601.0,68513.4,68513.4,15481.2
1729452600000,68513.4,68538.8,68489.7,68526.1,26404.6
1729453500000,68526.1,68550.0,68513.4,68517.8,5306.4
1729454400000,68517.7,68559.9,68472.8,68543.9,24180.1
1729455300000,68543.9,68660.0,68520.3,68659.9,12520.4
1729456200000,68660.0,68769.0,68656.1,68713.9,62352.8
1729457100000,68713.9,68936.6,68710.1,68790.0,176714.1
1729458000000,68789.9,68876.5,68717.5,68769.9,56559.4
1729458900000,68769.9,68770.0,68700.4,68710.6,15677.0
1729459800000,68710.6,68745.0,68662.0,68713.8,39737.7
1729460700000,68713.8,68795.4,68687.0,68776.2,21832.1
1729461600000,68776.3,69124.9,68605.3,68729.3,348355.6
1729462500000,68729.3,69231.7,68720.0,69135.6,241418.9
1729463400000,69135.6,69229.3,69026.2,69198.0,170226.9
1729464300000,69198.0,69444.0,69138.0,69149.6,246387.9
1729465200000,69149.7,69215.9,68959.2,69129.0,136574.8
1729466100000,69129.0,69160.0,69070.0,69132.4,52907.5
1729467000000,69132.4,69140.0,68990.3,69037.1,43393.8
1729467900000,69037.2,69055.3,68941.1,69050.1,42511.0
1729468800000,69050.0,69161.0,68987.2,69161.0,74533.5
1729469700000,69161.0,69552.1,69160.9,69419.2,255783.4
1729470600000,69419.3,69572.0,69258.0,69275.9,90147.7
1729471500000,69275.9,69275.9,69075.1,69183.4,106882.5
1729472400000,69183.4,69315.3,69130.0,69306.8,63552.3
1729473300000,69306.7,69509.5,69248.0,69443.9,92505.0
1729474200000,69443.2,69480.0,69311.5,69337.5,62582.3
1729475100000,69337.4,69391.3,69222.0,69229.9,57855.9
1729476000000,69230.0,69289.6,69170.5,69199.9,59426.3
1729476900000,69200.0,69233.7,69087.3,69140.3,72808.3
1729477800000,69140.3,69170.0,68932.5,68999.3,106009.3
1729478700000,68999.3,68999.3,68716.5,68740.0,172748.2
1729479600000,68740.1,68828.2,68600.7,68657.6,144218.2
1729480500000,68657.5,68857.8,68616.0,68853.3,113272.7
1729481400000,68853.3,68955.0,68830.0,68919.9,64451.1
1729482300000,68919.9,68950.0,68869.8,68942.1,30580.0
1729483200000,68942.2,68942.2,68805.9,68850.4,49566.4
1729484100000,68850.0,68896.9,68782.8,68806.6,32858.3
1729485000000,68806.6,68929.3,68789.1,68928.4,30564.5
1729485900000,68928.6,69043.5,68927.5,69037.0,54094.1
1729486800000,69037.0,69204.6,68958.0,68970.4,124922.6
1729487700000,68970.3,69145.0,68958.3,69132.0,51559.0
1729488600000,69132.0,69137.1,69026.6,69058.4,29856.4
1729489500000,69058.4,69072.4,68982.4,68982.4,22874.3
1729490400000,68982.5,69023.0,68928.7,68948.1,49775.5
1729491300000,68948.1,69105.0,68921.4,69063.9,42513.4
1729492200000,69064.0,69150.0,69033.4,69100.6,44895.3
1729493100000,69100.5,69100.5,68630.0,68688.5,131496.1
1729494000000,68689.9,68809.5,68618.6,68740.7,148500.1
1729494900000,68740.6,68762.2,68639.0,68673.5,62072.7
1729495800000,68673.4,68697.6,68551.8,68600.2,115004.8
1729496700000,68600.2,68636.7,68480.0,68510.6,111669.5
1729497600000,68510.6,68670.0,68510.5,68618.8,85242.7
1729498500000,68618.9,68618.9,68495.7,68524.4,67176.6
1729499400000,68524.3,68605.7,68456.0,68526.9,97634.5
1729500300000,68526.9,68526.9,68300.2,68310.0,158745.1
1729501200000,68310.0,68439.7,68256.2,68430.0,123301.3
1729502100000,68430.1,68444.2,68303.4,68338.9,51784.0
1729503000000,68338.9,68350.0,68149.0,68299.7,182010.4
1729503900000,68299.7,68405.5,68222.4,68398.2,60479.9
1729504800000,68398.1,68488.0,68343.0,68483.3,55653.7
1729505700000,68483.3,68500.0,68400.1,68404.6,39758.4
1729506600000,68404.5,68465.0,68330.0,68336.8,49370.4
1729507500000,68336.8,68378.6,68275.4,68296.0,34669.3
1729508400000,68296.1,68476.4,68214.1,68452.3,116918.7
1729509300000,68452.3,68460.0,68378.1,68378.1,26131.7
1729510200000,68378.0,68425.0,68299.9,68299.9,35307.5
1729511100000,68299.9,68309.4,68205.2,68266.0,64007.2
1729512000000,68266.0,68325.8,68233.8,68299.0,53047.2
1729512900000,68299.0,68329.9,68234.4,68328.9,46098.0
1729513800000,68328.9,68363.1,68101.9,68110.0,171924.0
1729514700000,68110.1,68257.9,68091.7,68237.7,98726.8
1729515600000,68237.6,68274.0,68080.0,68080.0,100624.4
1729516500000,68080.0,68088.4,67617.0,67923.0,757188.4
1729517400000,67923.0,67933.6,67420.0,67586.0,589998.8
1729518300000,67586.0,67642.8,67177.2,67336.0,642395.6
1729519200000,67336.0,67621.0,67263.7,67364.5,421112.9
1729520100000,67364.5,67584.1,67340.1,67422.2,156102.0
1729521000000,67422.2,67447.8,67040.0,67368.6,380692.5
1729521900000,67368.6,67370.0,67067.6,67292.8,212173.4
1729522800000,67292.8,67300.1,66856.2,67060.5,507603.0
1729523700000,67060.5,67155.0,66952.8,66955.4,163384.4
1729524600000,66955.3,67034.2,66858.0,66926.7,257958.0
1729525500000,66926.7,67334.4,66920.7,67331.0,260802.2
1729526400000,67331.1,67331.1,67176.2,67240.0,169529.9
1729527300000,67240.0,67254.0,66947.1,66993.6,145954.1
1729528200000,66993.9,67188.0,66900.0,67182.2,110484.0
1729529100000,67182.2,67332.9,67147.4,67332.9,110281.0
1729530000000,67332.8,67583.1,67256.0,67459.5,213943.5
1729530900000,67459.5,67578.9,67405.7,67466.5,113000.6
1729531800000,67466.4,67650.0,67424.9,67631.7,95216.7
1729532700000,67631.8,67658.9,67517.0,67517.0,68328.0
1729533600000,67517.1,67517.1,67273.2,67352.7,126312.5
1729534500000,67352.7,67352.7,67021.8,67181.7,151541.6
1729535400000,67181.7,67278.0,67088.0,67206.8,63966.2
1729536300000,67206.8,67369.8,67178.1,67325.7,43393.6
1729537200000,67325.8,67565.0,67324.7,67564.7,75552.9
1729538100000,67564.7,67610.0,67472.6,67594.8,77993.7
1729539000000,67594.8,67594.9,67480.1,67569.9,72455.0
1729539900000,67569.9,67924.5,67568.1,67752.6,278373.1
1729540800000,67752.7,67806.0,67635.3,67662.0,91936.6
1729541700000,67662.0,67700.0,67614.2,67641.8,38146.2
1729542600000,67641.9,67708.7,67625.2,67671.9,24356.8
1729543500000,67671.9,67742.2,67671.9,67737.0,24776.0
1729544400000,67736.9,67923.9,67732.1,67875.0,56558.4
1729545300000,67875.0,67891.3,67811.7,67843.1,29088.8
1729546200000,67843.1,67843.1,67665.8,67681.8,38857.8
1729547100000,67681.7,67811.1,67681.7,67789.6,27999.7
1729548000000,67789.6,67871.0,67681.5,67809.6,53122.3
1729548900000,67809.6,67835.7,67742.9,67761.9,27932.2
1729549800000,67761.9,67768.0,67594.6,67686.9,60293.1
1729550700000,67686.8,67800.0,67686.8,67777.8,53808.4
1729551600000,67777.8,67777.8,67388.0,67540.8,136978.4
1729552500000,67540.8,67586.9,67488.0,67505.8,40473.7
1729553400000,67505.7,67526.8,67411.6,67523.2,68184.7
1729554300000,67523.2,67523.2,67360.0,67378.7,48594.9
1729555200000,67378.7,67405.7,67278.1,67282.2,82102.5
1729556100000,67282.1,67292.8,66941.0,66941.1,188686.9
1729557000000,66941.1,66964.1,66566.5,66964.0,602356.1
1729557900000,66964.0,67348.1,66963.9,67145.9,258162.4
1729558800000,67145.9,67345.0,67041.0,67288.5,103970.4
1729559700000,67288.5,67500.0,67260.0,67467.8,117946.8
1729560600000,67467.9,67537.6,67360.0,67420.0,62499.1
1729561500000,67420.0,67530.0,67385.5,67509.1,47595.0
1729562400000,67509.2,67699.0,67486.7,67628.1,118853.9
1729563300000,67628.1,67670.1,67521.9,67569.1,61894.7
1729564200000,67569.0,67650.0,67470.5,67520.0,55460.6
1729565100000,67520.0,67520.0,67275.0,67329.2,89885.6
1729566000000,67329.2,67512.4,67327.0,67507.1,63676.5
1729566900000,67507.1,67571.0,67388.1,67410.2,55798.3
1729567800000,67410.2,67434.4,67300.1,67367.6,71689.5
1729568700000,67367.6,67413.4,67327.1,67413.4,28072.7
1729569600000,67413.4,67418.3,67326.4,67345.4,33749.8
1729570500000,67345.4,67499.6,67300.2,67478.8,47077.9
1729571400000,67478.7,67482.7,67388.0,67452.9,28639.5
1729572300000,67453.0,67514.3,67407.1,67514.0,33074.6
1729573200000,67513.9,67655.0,67466.1,67635.1,88374.3
1729574100000,67634.4,67650.0,67560.7,67578.9,63069.7
1729575000000,67578.9,67667.9,67558.6,67630.0,50006.5
1729575900000,67630.0,67643.9,67557.0,67593.6,39066.1
1729576800000,67593.6,67787.7,67593.5,67714.1,108181.7
1729577700000,67714.1,67800.0,67714.1,67775.2,54657.4
1729578600000,67775.2,67785.6,67627.3,67697.9,115800.8
1729579500000,67697.8,67710.4,67567.7,67567.7,86578.3
1729580400000,67567.7,67681.7,67567.4,67680.0,55189.0
1729581300000,67680.0,67719.0,67590.1,67590.1,49035.2
1729582200000,67590.1,67614.0,67477.5,67572.7,81824.0
1729583100000,67572.7,67574.4,67372.6,67398.0,104289.7
1729584000000,67398.0,67399.9,67206.1,67330.8,139191.9
1729584900000,67330.7,67330.8,67000.1,67042.1,187888.2
1729585800000,67042.1,67185.0,66902.0,67138.1,242379.0
1729586700000,67138.2,67203.0,66930.0,66947.9,144388.1
1729587600000,66948.7,67128.0,66824.5,67058.4,181128.5
1729588500000,67058.5,67133.0,66834.0,66872.1,138256.4
1729589400000,66872.1,66973.5,66757.7,66836.2,147129.5
1729590300000,66836.3,66980.0,66787.0,66960.3,78232.3
1729591200000,66960.2,67011.9,66866.5,66990.1,82942.8
1729592100000,66990.0,67130.0,66917.1,67125.9,103683.6
1729593000000,67125.9,67219.7,67082.4,67146.4,70315.5
1729593900000,67146.5,67238.6,67103.2,67185.8,56558.7
1729594800000,67185.9,67395.2,67156.8,67362.0,127651.0
1729595700000,67362.1,67488.5,67310.6,67455.0,89541.5
1729596600000,67454.9,67527.7,67334.7,67378.4,102383.8
1729597500000,67378.4,67378.5,67294.0,67294.5,65652.8
1729598400000,67294.5,67474.9,67294.0,67385.9,78262.6
1729599300000,67386.0,67427.0,67062.3,67180.0,154485.2
1729600200000,67180.1,67185.0,66879.0,66895.0,210688.7
1729601100000,66895.0,67119.2,66854.1,66992.6,128339.7
1729602000000,66992.6,67054.8,66904.1,67009.2,107504.7
1729602900000,67009.1,67168.9,66973.2,67112.7,91656.5
1729603800000,67112.8,67175.8,66826.1,66870.1,267960.2
1729604700000,66870.1,67045.9,66645.9,66994.4,477984.4
1729605600000,66994.3,67545.9,66822.1,67439.7,468988.2
1729606500000,67439.6,67565.4,67037.9,67102.3,373258.4
1729607400000,67102.3,67600.0,67102.2,67451.2,332374.9
1729608300000,67451.2,67691.4,67343.7,67561.7,217011.1
1729609200000,67561.8,67695.0,67440.3,67481.6,140808.8
1729610100000,67481.7,67537.3,67110.0,67228.4,301898.9
1729611000000,67228.3,67494.0,67228.2,67436.1,116955.8
1729611900000,67436.2,67474.9,67273.6,67290.0,88055.3
1729612800000,67290.0,67290.1,67077.0,67220.1,135668.9
1729613700000,67220.0,67240.2,66968.0,67026.7,146722.1
1729614600000,67026.7,67138.0,66933.7,66933.8,82941.6
1729615500000,66933.8,67047.4,66930.0,66976.7,63294.3
1729616400000,66976.7,67250.0,66950.1,67197.7,112435.9
1729617300000,67197.6,67442.7,67170.0,67359.9,150450.1
1729618200000,67359.8,67424.0,67224.3,67383.9,98045.8
1729619100000,67384.0,67393.9,67260.6,67332.9,49751.2
1729620000000,67333.0,67483.0,67320.2,67325.1,74871.3
1729620900000,67325.0,67527.5,67243.8,67506.9,68851.8
1729621800000,67506.5,67517.9,67331.6,67415.9,63865.5
1729622700000,67415.9,67520.0,67351.2,67379.9,42397.8
1729623600000,67380.2,67520.0,67340.0,67490.1,39633.1
1729624500000,67490.1,67599.0,67453.0,67579.9,72898.2
1729625400000,67579.9,67620.8,67444.5,67554.9,73281.9
1729626300000,67555.0,67643.3,67466.8,67485.2,54916.5
1729627200000,67485.2,67578.6,67443.6,67503.7,40633.9
1729628100000,67503.6,67545.7,67420.0,67435.1,26177.5
1729629000000,67435.0,67520.8,67435.0,67507.8,14261.0
1729629900000,67507.7,67574.6,67490.4,67525.1,18091.7
1729630800000,67525.1,67539.5,67416.5,67471.0,20504.5
1729631700000,67471.0,67471.1,67421.1,67430.1,8828.7
1729632600000,67430.1,67459.8,67407.7,67434.9,11656.9
1729633500000,67434.9,67557.8,67434.9,67528.4,23343.6
1729634400000,67528.5,67742.2,67480.2,67645.3,96934.5
1729635300000,67645.3,67728.0,67591.9,67666.8,69658.7
1729636200000,67666.8,67758.0,67593.4,67734.3,33241.8
1729637100000,67734.3,67842.0,67711.9,67728.1,93984.3
1729638000000,67728.0,67785.8,67595.0,67595.0,43961.0
1729638900000,67595.0,67634.3,67539.9,67563.6,51405.0
1729639800000,67563.5,67563.7,67428.5,67434.4,60616.3
1729640700000,67434.3,67450.0,67274.5,67426.2,104710.7
1729641600000,67426.2,67471.2,67200.0,67210.1,86104.1
1729642500000,67210.2,67280.0,67138.0,67268.8,107586.4
1729643400000,67268.7,67288.0,67167.8,67195.2,42217.9
1729644300000,67195.1,67242.0,67128.6,67183.1,66731.5
1729645200000,67183.1,67275.0,67180.0,67183.2,54361.5
1729646100000,67185.3,67363.4,67184.4,67307.8,47926.5
1729647000000,67307.8,67399.5,67230.4,67351.8,46080.1
1729647900000,67351.9,67388.0,67282.5,67355.3,23094.5
1729648800000,67355.2,67396.9,67288.8,67314.1,25205.3
1729649700000,67314.1,67343.7,67072.0,67095.2,84664.7
1729650600000,67095.2,67195.0,67060.0,67164.3,54391.7
1729651500000,67164.9,67220.0,67093.6,67103.3,35941.7
1729652400000,67103.3,67188.0,67057.1,67120.1,45532.5
1729653300000,67120.0,67138.5,66891.3,66960.2,154019.2
1729654200000,66960.2,67054.9,66918.2,67043.7,72053.5
1729655100000,67043.7,67119.4,67006.7,67090.1,40959.4
1729656000000,67090.1,67159.9,67050.1,67139.3,47733.5
1729656900000,67139.2,67150.0,67004.5,67094.8,32052.5
1729657800000,67094.8,67242.3,67057.0,67201.3,63809.0
1729658700000,67201.2,67226.6,67173.8,67226.6,21661.5
1729659600000,67226.6,67235.0,67112.3,67199.0,39332.7
1729660500000,67198.9,67226.7,67100.0,67135.3,24827.7
1729661400000,67135.3,67186.5,67057.0,67087.8,46311.2
1729662300000,67087.7,67122.7,67053.0,67096.2,29473.7
1729663200000,67096.2,67186.7,67058.9,67186.7,35895.8
1729664100000,67186.6,67294.0,67176.6,67281.0,58899.2
1729665000000,67280.9,67312.0,67188.0,67196.9,73044.0
1729665900000,67196.9,67196.9,66904.0,66923.9,118503.4
1729666800000,66923.8,67010.4,66850.0,66898.5,129575.7
1729667700000,66898.5,67010.0,66875.0,66963.6,57070.9
1729668600000,66963.6,66971.8,66837.5,66837.5,66343.5
1729669500000,66837.5,66900.0,66810.0,66868.0,70806.4
1729670400000,66868.0,67056.0,66713.0,66992.1,241388.5
1729671300000,66992.1,66992.4,66765.2,66822.2,124848.2
1729672200000,66822.2,66859.7,66680.8,66708.1,114172.7
1729673100000,66708.1,66748.6,66420.2,66544.7,393048.7
1729674000000,66544.7,66619.5,66209.5,66221.6,446876.5
1729674900000,66221.6,66399.4,66202.4,66366.2,161398.3
1729675800000,66366.2,66555.4,66362.8,66485.0,194184.6
1729676700000,66485.0,66579.3,66445.7,66506.3,67063.9
1729677600000,66506.2,66596.4,66480.0,66514.8,76060.3
1729678500000,66514.8,66647.4,66495.0,66612.4,89104.1
1729679400000,66612.4,66640.0,66485.3,66506.6,43876.9
1729680300000,66506.6,66515.0,66389.6,66411.3,72311.0
1729681200000,66411.3,66539.7,66400.0,66497.8,49419.4
1729682100000,66497.8,66560.0,66486.5,66546.8,43705.7
1729683000000,66546.8,66605.2,66380.0,66436.0,86173.1
1729683900000,66436.0,66479.7,66305.9,66430.0,97586.9
1729684800000,66430.0,66500.0,66293.8,66354.0,128277.0
1729685700000,66354.1,66512.8,66214.9,66258.0,159640.6
1729686600000,66257.9,66448.3,66100.0,66416.8,372675.9
1729687500000,66416.8,66503.8,66315.0,66412.0,103718.3
1729688400000,66412.0,66514.5,66358.9,66514.5,65305.9
1729689300000,66514.5,66551.3,66450.0,66539.9,77316.3
1729690200000,66540.0,66666.0,66415.0,66645.1,173511.6
1729691100000,66645.2,66899.9,66633.5,66794.8,392772.6
1729692000000,66794.7,66825.3,66466.0,66534.6,183561.5
1729692900000,66534.5,66790.0,66500.0,66721.0,92344.0
1729693800000,66721.0,66875.0,66694.8,66771.6,87593.3
1729694700000,66771.6,66789.0,66429.1,66491.2,105104.9
1729695600000,66491.2,66491.3,66211.0,66247.9,217168.3
1729696500000,66247.9,66370.0,66100.1,66158.8,250414.9
1729697400000,66158.8,66263.2,65901.3,65998.1,441170.4
1729698300000,65998.2,66268.0,65997.8,66228.7,225658.9
1729699200000,66228.7,66300.8,66011.0,66073.0,179022.6
1729700100000,66072.7,66107.1,65890.8,65902.5,250457.2
1729701000000,65902.5,66136.0,65828.4,65962.2,226840.1
1729701900000,65962.2,66043.1,65805.7,65885.1,189787.9
1729702800000,65885.1,65919.9,65650.1,65682.6,362544.4
1729703700000,65682.5,65999.9,65651.0,65940.0,302017.7
1729704600000,65940.0,65940.0,65710.4,65766.5,117668.0
1729705500000,65766.5,65910.0,65690.0,65732.7,76460.1
1729706400000,65732.8,65770.0,65328.0,65539.0,660234.0
1729707300000,65539.1,65650.0,65226.0,65627.7,413271.7
1729708200000,65627.7,65819.9,65594.2,65819.8,148086.2
1729709100000,65819.8,66075.6,65819.8,66058.9,240341.1
1729710000000,66058.8,66179.9,65867.9,65911.4,195757.5
1729710900000,65911.4,66402.2,65888.0,66235.5,199956.2
1729711800000,66235.5,66552.0,66127.1,66492.1,249553.5
1729712700000,66492.1,66599.9,66344.9,66490.2,173078.0
1729713600000,66490.2,66524.6,66349.8,66377.2,79407.7
1729714500000,66377.1,66594.8,66377.1,66437.5,74533.1
1729715400000,66437.5,66639.9,66437.5,66639.9,72118.1
1729716300000,66640.0,66688.6,66574.2,66677.0,84923.4
1729717200000,66675.5,66689.5,66460.0,66604.0,76330.5
1729718100000,66604.1,66626.4,66476.6,66536.8,29935.4
1729719000000,66536.8,66536.9,66400.0,66438.9,51538.4
1729719900000,66438.9,66471.8,66355.0,66419.9,33502.5
1729720800000,66420.0,66579.9,66419.9,66538.8,32981.7
1729721700000,66538.8,66538.9,66363.7,66393.0,42211.5
1729722600000,66393.0,66555.0,66362.8,66555.0,37486.8
1729723500000,66554.9,66593.0,66480.3,66486.4,37917.7
1729724400000,66486.4,66677.9,66470.1,66643.1,57787.9
1729725300000,66643.2,66736.6,66613.3,66711.4,97503.1
1729726200000,66711.5,66823.4,66653.0,66729.4,110720.6
1729727100000,66729.4,66780.0,66660.0,66662.1,41849.9
1729728000000,66662.2,66693.2,66593.4,66650.7,69569.6
1729728900000,66650.6,66656.0,66508.0,66576.8,68971.5
1729729800000,66576.7,66769.2,66556.0,66767.0,68128.0
1729730700000,66767.0,67499.4,66767.0,67449.6,514618.0
1729731600000,67449.7,67620.3,67333.0,67545.5,322911.6
1729732500000,67545.5,67598.0,67233.8,67281.8,208534.2
1729733400000,67282.8,67308.0,67074.5,67100.1,135252.5
1729734300000,67100.1,67315.5,67080.9,67279.6,88681.7
1729735200000,67279.6,67327.9,67157.5,67270.8,56117.9
1729736100000,67270.8,67414.9,67245.6,67390.0,73688.5
1729737000000,67390.1,67459.8,67250.0,67284.2,75590.2
1729737900000,67284.3,67523.0,67262.7,67459.8,82305.7
1729738800000,67459.9,67480.2,67348.0,67372.4,58934.0
1729739700000,67372.3,67445.7,67318.7,67413.2,36169.1
1729740600000,67413.2,67413.3,67285.7,67313.0,32541.7
1729741500000,67313.1,67313.1,67220.0,67220.0,39976.6
1729742400000,67220.1,67364.5,67220.0,67288.5,57409.6
1729743300000,67288.5,67349.1,67225.0,67336.6,33262.0
1729744200000,67336.6,67343.9,67277.9,67334.1,23978.0
1729745100000,67334.1,67450.0,67285.7,67389.8,62225.7
1729746000000,67389.8,67478.6,67354.0,67462.8,44042.1
1729746900000,67462.7,67486.0,67380.1,67388.2,47412.5
1729747800000,67388.3,67446.1,67340.8,67432.6,27646.0
1729748700000,67432.6,67442.3,67357.4,67367.6,22983.5
1729749600000,67367.5,67472.0,67364.2,67434.0,37197.5
1729750500000,67434.1,67485.7,67400.1,67400.2,35604.7
1729751400000,67400.1,67458.5,67370.0,67372.1,62197.1
1729752300000,67372.1,67386.5,67123.4,67130.2,139819.1
1729753200000,67130.2,67248.4,67091.8,67245.6,78569.2
1729754100000,67245.6,67333.0,67174.2,67276.2,58407.1
1729755000000,67276.2,67318.2,67201.1,67220.4,46972.3
1729755900000,67220.5,67226.6,67080.0,67134.4,86027.5
1729756800000,67134.3,67263.2,67057.5,67230.2,65344.9
1729757700000,67230.1,67257.9,67130.7,67158.4,23874.4
1729758600000,67158.5,67248.9,67060.0,67066.9,59471.5
1729759500000,67066.9,67068.1,66858.0,66863.7,214939.5
1729760400000,66863.8,66954.1,66732.9,66939.4,224935.7
1729761300000,66939.4,67004.5,66835.7,66987.0,71546.5
1729762200000,66987.0,67020.0,66862.0,66862.1,59852.4
1729763100000,66862.1,66915.0,66770.0,66892.6,93419.6
1729764000000,66892.9,66988.0,66867.2,66925.5,77682.2
1729764900000,66925.5,67082.6,66913.3,67032.9,70295.3
1729765800000,67032.8,67139.7,66990.0,66996.7,74985.7
1729766700000,66996.7,67065.8,66940.0,67016.0,77893.0
1729767600000,67016.0,67078.2,67002.5,67004.8,28852.9
1729768500000,67004.8,67170.0,67004.8,67169.9,60843.1
1729769400000,67170.0,67350.0,67163.6,67271.1,137546.5
1729770300000,67271.1,67326.5,67237.5,67294.4,70416.3
1729771200000,67294.3,67522.0,67270.3,67352.8,182373.9
1729772100000,67352.9,67454.1,67330.0,67330.0,55917.5
1729773000000,67330.0,67400.0,67278.6,67382.0,87260.9
1729773900000,67382.0,67617.3,67382.0,67519.9,167189.5
1729774800000,67519.9,67715.0,67446.0,67626.5,158987.0
1729775700000,67626.5,67750.0,67559.3,67589.8,194946.0
1729776600000,67589.8,67942.0,67505.0,67839.7,402027.0
1729777500000,67839.7,67986.0,67667.2,67900.9,312945.4
1729778400000,67901.0,67964.9,67618.1,67718.4,239037.1
1729779300000,67718.5,67846.3,67525.5,67570.0,247525.0
1729780200000,67570.1,67980.0,67556.8,67860.9,229388.6
1729781100000,67861.0,67935.0,67628.6,67777.9,117201.4
1729782000000,67777.8,67949.5,67600.0,67931.6,132468.2
1729782900000,67931.6,67950.0,67704.0,67721.1,86100.5
1729783800000,67721.2,67976.0,67680.0,67882.9,120731.0
1729784700000,67882.9,67904.8,67615.1,67699.7,125435.2
1729785600000,67699.7,67784.3,67377.1,67400.0,223315.1
1729786500000,67400.0,67671.0,67354.4,67659.6,148022.2
1729787400000,67659.6,67796.0,67602.5,67616.8,125702.8
1729788300000,67616.8,67715.0,67556.1,67582.7,42384.1
1729789200000,67582.8,67638.0,67460.0,67572.1,66973.9
1729790100000,67572.1,67650.0,67490.4,67588.2,64303.5
1729791000000,67588.2,67816.8,67573.1,67780.0,77993.7
1729791900000,67780.0,67854.0,67636.9,67651.1,72955.3
1729792800000,67651.1,67877.6,67617.6,67874.1,65420.3
1729793700000,67874.2,67950.0,67834.9,67843.8,87479.8
1729794600000,67844.8,67908.3,67722.0,67748.9,74198.2
1729795500000,67748.8,67865.6,67693.2,67825.1,53821.1
1729796400000,67825.1,67825.1,67720.0,67792.2,31636.7
1729797300000,67792.3,68143.9,67784.5,68100.0,209739.9
1729798200000,68100.1,68249.9,68029.8,68231.1,208169.7
1729799100000,68231.2,68335.5,68160.0,68305.2,173439.0
1729800000000,68305.2,68340.0,68138.0,68202.5,106348.9
1729800900000,68202.4,68276.1,68114.3,68124.9,44359.5
1729801800000,68124.9,68204.9,67978.1,68165.0,122035.4
1729802700000,68165.0,68255.0,68163.1,68197.5,47106.1
1729803600000,68197.5,68559.9,68197.5,68530.0,239346.7
1729804500000,68529.9,68880.0,68496.0,68615.3,309952.0
1729805400000,68615.3,68688.0,68400.0,68450.1,89529.8
1729806300000,68450.1,68450.1,68307.2,68349.5,60488.2
1729807200000,68349.5,68560.0,68336.6,68498.7,114270.1
1729808100000,68498.7,68542.9,68337.5,68385.8,31431.7
1729809000000,68383.8,68393.2,68195.6,68223.1,75208.7
1729809900000,68223.1,68278.7,68181.0,68188.8,33459.0
1729810800000,68188.1,68253.9,68156.3,68171.3,49819.7
1729811700000,68171.3,68277.6,68110.0,68132.2,48032.6
1729812600000,68132.2,68172.0,68052.3,68151.3,52866.9
1729813500000,68151.4,68254.7,68133.1,68202.6,36062.7
1729814400000,68202.7,68285.7,68135.4,68197.6,52915.6
1729815300000,68199.8,68279.0,68136.0,68152.7,52232.6
1729816200000,68152.7,68165.6,67980.1,68024.9,131989.0
1729817100000,68024.9,68055.0,67891.8,67993.1,103603.0
1729818000000,67993.0,67993.1,67857.2,67872.6,83150.7
1729818900000,67872.6,68007.7,67861.2,68007.2,60320.3
1729819800000,68007.2,68007.2,67835.5,67892.1,95173.8
1729820700000,67892.2,67977.0,67853.4,67977.0,39449.9
1729821600000,67977.2,68088.0,67904.3,67931.3,65554.1
1729822500000,67931.3,67990.6,67830.2,67969.9,54887.8
1729823400000,67970.0,68052.0,67962.0,68010.2,60506.5
1729824300000,68010.1,68085.7,68010.1,68069.9,39258.4
1729825200000,68069.9,68175.0,68069.9,68154.9,72875.3
1729826100000,68155.0,68244.0,68136.1,68174.5,58199.1
1729827000000,68174.6,68174.6,68028.1,68064.6,62412.3
1729827900000,68064.6,68064.7,67977.0,68006.0,45867.7
1729828800000,68006.0,68046.4,67900.1,67906.0,56715.7
1729829700000,67906.0,67926.4,67706.0,67717.3,190797.4
1729830600000,67717.3,67842.2,67713.9,67811.9,82731.5
1729831500000,67812.0,67823.4,67683.8,67741.7,92218.5
1729832400000,67741.7,67772.0,67666.1,67702.5,64886.3
1729833300000,67702.5,67776.7,67607.0,67769.5,92645.6
1729834200000,67769.5,67887.9,67754.9,67887.9,57810.9
1729835100000,67887.8,67887.9,67744.5,67765.9,49809.5
1729836000000,67765.8,67870.0,67690.6,67821.2,50040.9
1729836900000,67821.1,67823.5,67740.0,67759.6,38668.2
1729837800000,67759.7,67783.4,67650.1,67652.1,57328.1
1729838700000,67652.1,67683.6,67600.5,67650.6,83698.8
1729839600000,67650.6,67741.7,67450.0,67493.0,149222.2
1729840500000,67492.9,67563.7,67251.3,67304.1,238004.6
1729841400000,67304.1,67473.8,67248.3,67470.0,116779.2
1729842300000,67470.0,67548.4,67404.0,67546.9,71069.5
1729843200000,67546.8,67576.7,67364.5,67440.8,106151.7
1729844100000,67440.8,67642.7,67319.2,67605.7,125524.5
1729845000000,67605.7,67768.8,67601.3,67735.0,124194.2
1729845900000,67735.1,67770.0,67620.2,67669.8,79122.3
1729846800000,67669.7,67780.0,67630.2,67690.5,69895.8
1729847700000,67690.5,67704.6,67593.1,67649.7,79001.2
1729848600000,67649.7,67675.2,67535.0,67589.7,62676.9
1729849500000,67589.8,67885.7,67556.3,67838.7,127671.2
1729850400000,67838.7,67838.7,67738.7,67760.7,42758.4
1729851300000,67760.7,67862.1,67674.0,67853.6,61218.2
1729852200000,67853.7,67877.0,67779.0,67841.7,55172.5
1729853100000,67841.7,67884.4,67800.0,67858.0,42471.3
1729854000000,67858.0,67954.9,67793.6,67933.8,88379.8
1729854900000,67933.7,68049.0,67933.7,67980.0,96115.5
1729855800000,67980.0,68065.1,67926.0,68061.9,61490.5
1729856700000,68062.0,68184.3,68054.5,68104.3,114662.5
1729857600000,68104.2,68299.9,68104.2,68152.3,213390.2
1729858500000,68152.4,68163.1,67980.0,68081.1,113804.6
1729859400000,68081.2,68173.9,68020.3,68157.5,62913.4
1729860300000,68157.5,68214.6,68040.0,68063.9,63530.5
1729861200000,68064.0,68108.1,67940.0,68090.5,86019.5
1729862100000,68090.5,68168.7,67982.5,68003.0,58493.8
1729863000000,68003.1,68108.8,67735.1,67784.9,177079.9
1729863900000,67784.9,68450.1,67779.8,68347.8,334014.5
1729864800000,68347.9,68485.0,68133.3,68443.9,288199.9
1729865700000,68443.8,68750.0,68437.2,68670.3,391903.7
1729866600000,68670.2,68776.9,68265.0,68309.4,357781.5
1729867500000,68309.4,68460.0,68240.0,68313.1,156100.7
1729868400000,68313.2,68545.7,68313.2,68480.2,83647.7
1729869300000,68480.2,68538.9,68281.2,68297.9,95979.5
1729870200000,68297.8,68352.0,67967.5,68071.6,269212.1
1729871100000,68069.9,68075.1,67433.0,67685.8,497765.1
1729872000000,67684.8,67900.0,67340.2,67811.9,424418.4
1729872900000,67811.8,67874.4,67595.2,67600.1,128785.2
1729873800000,67600.0,67785.0,67505.6,67785.0,159553.7
1729874700000,67785.0,67874.0,67638.8,67666.8,112647.0
1729875600000,67666.8,67815.0,67609.3,67718.6,68259.0
1729876500000,67718.4,67718.4,67366.8,67422.8,172073.0
1729877400000,67422.9,67500.0,67284.8,67286.1,170622.6
1729878300000,67286.0,67491.7,66773.0,66846.2,802293.2
1729879200000,66846.1,66975.0,65988.8,66965.0,1221866.2
1729880100000,66964.9,67520.0,66788.1,67377.8,823060.8
1729881000000,67377.8,67582.3,67300.0,67344.1,283422.2
1729881900000,67344.2,67435.0,67020.0,67039.1,243136.3
1729882800000,67039.1,67247.9,66824.8,66850.6,253087.8
1729883700000,66850.6,67065.8,66622.0,66949.3,283109.2
1729884600000,66949.4,67118.1,66868.1,67027.6,123340.2
1729885500000,67027.6,67081.0,66820.1,66858.7,105854.5
1729886400000,66858.7,66959.9,66750.0,66870.0,96210.1
1729887300000,66870.0,66952.2,66626.6,66926.1,99175.1
1729888200000,66926.1,67047.9,66750.7,66760.0,57064.2
1729889100000,66760.0,66978.0,66727.7,66949.9,47045.7
1729890000000,66950.0,67088.0,66950.0,67051.8,34080.4
1729890900000,67051.9,67243.8,66987.3,67177.0,50081.6
1729891800000,67177.0,67269.7,67057.9,67269.6,48971.7
1729892700000,67269.6,67306.5,67185.5,67297.0,34806.8
1729893600000,67297.0,67405.2,67271.9,67378.0,121523.5
1729894500000,67378.1,67378.1,67201.9,67217.9,33770.9
1729895400000,67217.9,67281.5,67205.0,67220.0,30025.8
1729896300000,67220.1,67250.4,66600.0,66630.2,298597.6
1729897200000,66630.3,66727.1,65789.7,65789.8,601259.1
1729898100000,65789.8,66343.9,65588.0,65834.0,705251.0
1729899000000,65834.0,66441.4,65734.3,66282.9,368930.3
1729899900000,66282.9,66821.5,66248.8,66695.0,251352.1
1729900800000,66695.0,66796.8,66571.7,66640.1,168302.2
1729901700000,66640.0,66822.0,66542.0,66774.3,105512.5
1729902600000,66774.4,66833.0,66660.8,66789.4,70306.4
1729903500000,66789.4,66850.0,66735.2,66743.4,42554.1
1729904400000,66743.3,66821.6,66551.1,66571.5,82838.7
1729905300000,66571.6,66781.5,66545.1,66768.1,73551.9
1729906200000,66768.0,66775.8,66503.2,66620.0,81546.3
1729907100000,66620.0,66778.4,66610.0,66708.9,60974.8
1729908000000,66708.9,66726.9,66427.5,66541.3,110424.6
1729908900000,66541.3,66803.5,66532.6,66743.7,78998.7
1729909800000,66743.6,66886.7,66606.2,66864.5,97170.4
1729910700000,66864.6,67042.9,66825.0,66837.0,162117.7
1729911600000,66837.0,66842.0,66663.0,66795.7,154654.9
1729912500000,66795.6,66966.2,66751.5,66940.1,50166.8
1729913400000,66940.0,66980.0,66874.5,66974.0,44675.0
1729914300000,66974.1,66974.1,66878.0,66903.0,41861.6
1729915200000,66903.0,66967.8,66759.4,66967.8,80311.9
1729916100000,66967.8,66979.8,66913.8,66951.7,25053.7
1729917000000,66951.7,66960.0,66881.1,66949.6,33104.0
1729917900000,66949.6,66961.7,66911.6,66940.9,17552.1
1729918800000,66940.9,67082.0,66937.3,67052.4,97067.8
1729919700000,67052.5,67176.0,67042.7,67144.9,63240.6
1729920600000,67143.6,67232.3,67102.1,67198.0,108183.0
1729921500000,67198.0,67206.0,67116.1,67126.7,51695.9
1729922400000,67126.7,67170.0,67039.8,67090.0,53899.8
1729923300000,67090.0,67187.3,67086.0,67122.8,36657.2
1729924200000,67122.8,67240.0,67112.1,67190.0,41615.4
1729925100000,67190.0,67190.0,67143.5,67161.9,19337.7
1729926000000,67161.9,67180.5,67110.1,67128.0,34197.0
1729926900000,67128.0,67128.1,67023.2,67035.6,50281.8
1729927800000,67035.6,67079.1,66972.2,67013.6,63749.9
1729928700000,67013.5,67046.8,66987.3,67002.3,31804.1
1729929600000,67002.4,67116.7,66986.1,67116.7,30735.0
1729930500000,67116.7,67143.2,67032.8,67134.0,21786.8
1729931400000,67134.0,67172.0,67072.6,67097.8,28418.4
1729932300000,67097.8,67150.0,67097.8,67127.4,19384.0
1729933200000,67127.4,67139.8,67087.3,67105.9,16361.2
1729934100000,67105.9,67286.0,67105.9,67215.9,95974.5
1729935000000,67215.9,67216.0,67130.0,67130.1,35442.5
1729935900000,67130.0,67144.0,67043.7,67043.8,22762.0
1729936800000,67043.8,67107.4,67043.8,67083.2,31266.5
1729937700000,67083.2,67177.9,67083.1,67170.4,19819.2
1729938600000,67170.3,67179.9,67016.0,67016.1,39960.7
1729939500000,67016.1,67094.6,66984.5,67047.0,52682.9
1729940400000,67047.0,67077.1,66954.0,67025.4,48018.3
1729941300000,67025.5,67080.0,67025.5,67046.1,21407.3
1729942200000,67046.1,67140.0,67033.0,67136.3,22774.6
1729943100000,67136.3,67168.0,67097.3,67131.3,34087.4
1729944000000,67131.2,67182.0,67075.0,67075.0,36935.8
1729944900000,67075.0,67075.1,67021.3,67026.2,27198.3
1729945800000,67025.5,67069.9,67003.6,67053.9,23736.8
1729946700000,67053.9,67068.3,67021.5,67039.8,21339.2
1729947600000,67039.7,67060.0,66990.0,67004.7,32983.9
1729948500000,67004.6,67089.9,66872.5,67070.4,127184.7
1729949400000,67070.3,67124.1,67021.0,67021.1,47164.5
1729950300000,67021.0,67021.0,66890.0,66900.1,107330.6
1729951200000,66900.0,66966.9,66828.4,66888.1,65448.9
1729952100000,66888.1,66940.0,66767.1,66834.2,93826.1
1729953000000,66834.1,66875.9,66759.2,66820.9,67344.3
1729953900000,66820.9,66888.0,66745.0,66810.9,121955.4
1729954800000,66810.9,66887.9,66768.2,66830.2,77733.7
1729955700000,66830.2,66979.1,66802.6,66939.0,125112.8
1729956600000,66939.1,67015.0,66867.1,66986.1,47079.3
1729957500000,66986.1,66989.5,66857.2,66887.9,29942.3
1729958400000,66887.9,66948.7,66828.6,66828.6,40081.1
1729959300000,66828.6,66970.0,66788.0,66958.0,59194.8
1729960200000,66958.1,66980.0,66884.4,66943.2,38905.4
1729961100000,66943.1,67065.0,66943.1,66986.6,51408.8
1729962000000,66986.7,67062.7,66970.1,67010.7,47090.7
1729962900000,67010.7,67061.6,66992.0,67053.2,19533.9
1729963800000,67053.3,67153.3,67049.4,67115.9,56394.3
1729964700000,67115.8,67137.9,67046.4,67063.9,30729.8
1729965600000,67063.9,67147.5,67023.7,67117.1,30482.5
1729966500000,67117.2,67121.9,67068.1,67103.9,14269.0
1729967400000,67104.0,67113.4,67060.3,67101.9,13198.5
1729968300000,67101.8,67101.9,67036.2,67036.3,10273.2
1729969200000,67036.3,67170.5,67032.3,67141.4,19206.2
1729970100000,67141.4,67160.0,67095.7,67117.8,9543.0
1729971000000,67117.8,67129.7,67082.0,67084.6,8060.6
1729971900000,67084.5,67189.0,67065.0,67178.5,19011.7
1729972800000,67178.5,67221.2,67136.0,67218.0,29240.7
1729973700000,67217.9,67366.6,67217.9,67366.6,119611.1
1729974600000,67366.5,67479.9,67250.1,67268.8,89738.2
1729975500000,67268.8,67332.0,67227.0,67272.7,22877.9
1729976400000,67272.7,67275.7,67214.6,67227.9,18398.5
1729977300000,67228.0,67239.4,67199.9,67200.0,13364.4
1729978200000,67199.9,67279.7,67134.9,67135.0,26820.7
1729979100000,67134.9,67209.0,67100.0,67178.6,26807.7
1729980000000,67178.5,67252.0,67154.1,67176.9,33577.2
1729980900000,67176.9,67176.9,67110.6,67150.9,13205.2
1729981800000,67150.9,67224.6,67140.0,67197.6,23633.1
1729982700000,67197.6,67197.7,67135.2,67135.7,12277.4
1729983600000,67135.8,67145.0,67101.9,67113.1,21489.9
1729984500000,67113.0,67153.0,67085.5,67128.4,15220.5
1729985400000,67128.3,67162.0,67100.4,67129.6,11802.8
1729986300000,67129.6,67129.6,67096.0,67100.0,22433.9
1729987200000,67100.0,67125.0,67037.2,67037.3,25128.1
1729988100000,67037.2,67110.2,67005.8,67076.2,37494.1
1729989000000,67076.2,67088.8,67033.4,67058.0,11031.2
1729989900000,67058.0,67062.3,66975.0,67019.6,30735.3
1729990800000,67019.6,67025.2,66950.0,66950.1,32833.3
1729991700000,66950.1,67019.7,66933.3,66992.8,31506.2
1729992600000,66992.8,67079.4,66959.8,67000.1,36806.1
1729993500000,67000.0,67143.3,66988.0,67085.1,29548.1
1729994400000,67085.0,67120.0,67056.2,67103.2,19471.8
1729995300000,67103.2,67109.8,67034.8,67034.8,14710.3
1729996200000,67034.8,67078.6,67034.8,67064.9,10518.5
1729997100000,67065.0,67065.1,67027.3,67060.4,12593.7
1729998000000,67060.4,67085.4,67000.0,67064.9,16328.4
1729998900000,67064.9,67211.4,67064.9,67201.6,51964.9
1729999800000,67201.7,67242.7,67160.2,67188.5,51710.4
1730000700000,67188.5,67330.0,67188.5,67296.1,63512.4
1730001600000,67296.0,67326.5,67232.1,67240.0,42843.9
1730002500000,67240.1,67272.2,67220.0,67245.0,18695.1
1730003400000,67245.0,67245.1,67138.0,67151.8,34172.0
1730004300000,67151.8,67194.0,67118.0,67153.8,12341.6
1730005200000,67153.8,67205.9,67144.0,67205.9,14277.8
1730006100000,67205.9,67205.9,67161.7,67192.4,13606.5
1730007000000,67192.3,67223.9,67151.2,67209.4,16060.2
1730007900000,67209.3,67216.8,67172.4,67180.9,13352.9
1730008800000,67180.8,67190.8,67132.7,67147.0,26136.8
1730009700000,67146.9,67150.0,67122.2,67149.0,10034.6
1730010600000,67148.9,67167.7,67120.5,67137.0,12470.2
1730011500000,67136.9,67190.5,67120.0,67188.9,20215.8
1730012400000,67188.8,67220.0,67165.9,67214.5,19630.1
1730013300000,67214.5,67236.8,67177.0,67189.6,16709.0
1730014200000,67189.6,67198.9,67176.8,67189.8,9486.5
1730015100000,67189.8,67224.4,67189.8,67200.0,14910.5
1730016000000,67200.0,67262.3,67200.0,67250.8,29938.0
1730016900000,67250.8,67266.0,67211.2,67211.4,17711.6
1730017800000,67211.4,67235.0,67158.3,67171.4,21959.7
1730018700000,67171.3,67234.8,67163.0,67217.7,10627.2
1730019600000,67217.7,67217.7,67131.0,67135.7,25366.4
1730020500000,67135.6,67179.2,67122.9,67141.4,15805.0
1730021400000,67141.3,67144.9,67100.0,67117.8,26809.5
1730022300000,67117.9,67149.6,67101.4,67141.0,17345.8
1730023200000,67141.0,67203.5,67125.0,67177.6,20266.2
1730024100000,67177.5,67177.6,67083.0,67120.1,22833.8
1730025000000,67120.0,67141.6,67075.3,67075.4,19568.3
1730025900000,67075.4,67102.3,67066.0,67086.2,16367.8
1730026800000,67086.3,67098.5,67041.2,67063.1,21037.7
1730027700000,67063.0,67156.9,67063.0,67143.7,28540.6
1730028600000,67143.8,67187.3,67129.7,67155.3,17715.0
1730029500000,67155.9,67171.7,67115.8,67125.2,11607.1
1730030400000,67125.2,67190.0,67122.0,67188.1,20527.5
1730031300000,67188.0,67420.0,67185.3,67369.9,143286.1
1730032200000,67369.9,67547.1,67369.9,67413.3,176498.4
1730033100000,67413.4,67439.9,67343.7,67400.0,47259.5
1730034000000,67400.0,67650.0,67390.2,67601.9,237712.1
1730034900000,67601.9,67777.0,67601.9,67670.1,201121.2
1730035800000,67670.0,67714.3,67595.7,67672.9,120676.3
1730036700000,67672.9,67717.8,67580.0,67615.8,87788.6
1730037600000,67615.8,67746.0,67610.0,67632.0,93345.6
1730038500000,67632.0,67712.9,67626.6,67674.8,37678.7
1730039400000,67674.9,67755.0,67635.4,67717.7,50827.9
1730040300000,67717.8,67735.4,67650.0,67700.0,31319.7
1730041200000,67700.0,67850.0,67699.9,67744.9,120921.3
1730042100000,67745.0,67780.1,67688.9,67724.5,45543.0
1730043000000,67724.5,67809.6,67699.0,67792.2,41113.7
1730043900000,67792.3,67860.0,67732.2,67790.1,82685.4
1730044800000,67790.0,67856.8,67769.6,67830.6,86824.6
1730045700000,67830.6,67879.9,67670.0,67700.2,112983.8
1730046600000,67700.2,67751.9,67670.2,67748.4,56650.6
1730047500000,67748.4,67850.8,67739.4,67834.9,49407.6
1730048400000,67834.9,67861.8,67771.0,67809.7,26058.9
1730049300000,67807.9,67838.2,67728.7,67767.9,27144.5
1730050200000,67767.9,68042.5,67767.9,67856.1,179569.0
1730051100000,67856.0,67857.4,67747.9,67762.2,61213.1
1730052000000,67762.1,67778.0,67641.6,67674.7,72201.8
1730052900000,67674.7,67700.8,67644.8,67700.0,39327.3
1730053800000,67699.9,67735.0,67656.9,67700.6,34226.3
1730054700000,67700.6,67700.7,67556.0,67574.7,72381.0
1730055600000,67574.8,67642.9,67563.9,67606.4,37844.9
1730056500000,67606.5,67860.0,67582.1,67800.9,53804.0
1730057400000,67801.0,67860.0,67755.5,67806.2,31166.3
1730058300000,67805.8,67859.8,67785.0,67848.1,17712.9
1730059200000,67848.2,67881.3,67796.1,67817.8,20439.1
1730060100000,67817.9,67895.0,67817.9,67894.9,24825.6
1730061000000,67894.9,67928.1,67821.0,67836.8,23924.0
1730061900000,67836.8,67836.8,67722.6,67769.6,42456.8
1730062800000,67769.6,67815.8,67737.5,67784.3,16278.5
1730063700000,67784.4,67979.3,67773.0,67958.1,26557.2
1730064600000,67958.2,68034.1,67885.2,68020.2,54319.9
1730065500000,68020.2,68197.9,67822.1,67937.1,179173.2
1730066400000,67937.2,68323.0,67937.2,68260.0,259871.4
1730067300000,68260.0,68319.9,68110.1,68319.8,85077.3
1730068200000,68319.8,68346.6,68158.0,68235.9,69111.0
1730069100000,68235.9,68235.9,68120.5,68121.7,38029.3
1730070000000,68121.7,68300.0,68121.6,68257.3,46001.0
1730070900000,68257.3,68277.8,68047.2,68076.3,67721.9
1730071800000,68076.1,68131.3,68016.9,68055.0,35209.9
1730072700000,68055.1,68079.9,67982.5,68028.2,40097.9
1730073600000,68028.3,68124.9,67966.0,68071.1,52199.7
1730074500000,68071.1,68128.6,68009.4,68058.9,26925.2
1730075400000,68058.9,68073.5,67888.0,67888.1,80336.2
1730076300000,67888.1,67964.0,67834.5,67865.9,92335.6
1730077200000,67866.0,67916.9,67816.0,67889.4,48788.1
1730078100000,67889.3,67896.2,67772.6,67806.6,66236.0
1730079000000,67806.6,67850.0,67772.5,67788.9,30599.1
1730079900000,67789.0,67817.4,67734.8,67745.8,42104.8
1730080800000,67745.8,67789.0,67666.9,67738.0,62538.1
1730081700000,67738.0,67874.9,67705.0,67874.9,73094.3
1730082600000,67874.9,67874.9,67748.0,67778.2,31582.6
1730083500000,67778.1,67837.9,67775.2,67809.9,22125.0
1730084400000,67809.9,67953.0,67785.8,67925.5,55747.1
1730085300000,67925.4,67990.0,67865.2,67926.9,47320.5
1730086200000,67927.0,67957.9,67770.8,67814.4,55917.8
1730087100000,67814.4,67814.5,67700.0,67729.2,60383.3
1730088000000,67729.1,67811.3,67684.8,67805.5,42313.0
1730088900000,67805.5,67809.0,67642.9,67684.9,59325.1
1730089800000,67684.9,67720.0,67655.0,67683.1,29483.5
1730090700000,67683.0,67788.0,67683.0,67755.8,26231.1
1730091600000,67755.7,67759.8,67701.7,67705.8,26849.2
1730092500000,67705.8,67764.7,67705.7,67708.1,17671.3
1730093400000,67708.0,67797.0,67619.7,67772.2,46995.7
1730094300000,67772.1,67983.0,67761.5,67915.0,74956.5
1730095200000,67915.0,67950.0,67857.1,67864.0,37371.4
1730096100000,67864.0,67905.0,67809.0,67840.2,24659.7
1730097000000,67840.2,67904.6,67802.3,67897.4,23873.5
1730097900000,67897.4,67960.0,67896.4,67960.0,36757.2
1730098800000,67960.0,68470.0,67959.9,68452.7,423389.9
1730099700000,68452.8,68686.0,68372.1,68611.7,415128.1
1730100600000,68611.7,68670.0,68433.0,68489.8,174227.8
1730101500000,68489.9,68530.0,68370.1,68423.4,117175.6
1730102400000,68423.5,68546.0,68423.5,68546.0,69130.1
1730103300000,68546.0,68606.0,68431.0,68461.3,64118.7
1730104200000,68461.4,68461.4,68350.0,68371.5,109251.6
1730105100000,68371.5,68434.9,68340.4,68340.4,55349.8
1730106000000,68340.4,68488.0,68277.0,68414.7,82359.0
1730106900000,68414.6,68414.7,68288.6,68312.8,38774.7
1730107800000,68312.8,68350.6,68250.0,68350.5,95931.5
1730108700000,68350.6,68625.6,68344.6,68574.5,133900.8
1730109600000,68574.4,68656.9,68548.1,68588.4,126734.9
1730110500000,68588.4,68749.9,68569.1,68748.0,104582.3
1730111400000,68748.0,68846.6,68708.4,68743.9,148423.5
1730112300000,68743.9,68743.9,68621.8,68637.6,86196.2
1730113200000,68637.5,68683.8,68491.9,68673.1,117272.6
1730114100000,68673.1,68769.2,68585.1,68745.5,54467.9
1730115000000,68745.6,68776.9,68654.1,68703.2,43150.3
1730115900000,68704.0,68770.2,68676.4,68764.2,49995.9
1730116800000,68764.1,68886.0,68580.2,68686.1,188754.0
1730117700000,68686.0,68968.7,68686.0,68929.9,209576.6
1730118600000,68929.9,69099.9,68804.2,68978.0,345374.1
1730119500000,68978.0,69067.6,68815.6,68919.6,204922.2
1730120400000,68919.5,69075.5,68873.7,69045.2,157742.2
1730121300000,69045.2,69136.0,68938.4,68973.7,208458.5
1730122200000,68973.7,69231.9,68760.5,69054.0,396161.4
1730123100000,69053.9,69293.6,68800.4,68829.9,416565.6
1730124000000,68830.0,69100.0,68685.0,69049.9,304978.4
1730124900000,69049.9,69081.5,68804.3,68819.5,142328.4
1730125800000,68819.4,68949.0,68694.4,68948.9,173198.1
1730126700000,68949.0,69040.0,68824.0,68846.7,108810.8
1730127600000,68848.3,68863.7,68630.0,68703.8,204957.2
1730128500000,68703.9,68744.0,68506.5,68537.7,172690.2
1730129400000,68537.8,68686.0,68424.0,68605.1,220719.5
1730130300000,68605.0,68740.8,68470.0,68497.1,169035.7
1730131200000,68496.6,68818.2,68449.9,68771.6,164324.3
1730132100000,68771.6,68899.7,68766.2,68789.7,114466.5
1730133000000,68789.8,68919.8,68501.1,68918.2,149822.7
1730133900000,68918.5,68993.2,68703.9,68703.9,109554.3
1730134800000,68704.0,68936.0,68509.4,68909.9,216670.2
1730135700000,68909.9,68959.2,68804.7,68949.9,93796.9
1730136600000,68949.9,69214.0,68949.9,69183.5,209534.2
1730137500000,69183.5,69186.1,68944.8,68977.7,101712.6
1730138400000,68977.8,69247.9,68935.0,69164.3,125961.1
1730139300000,69164.3,69180.0,68870.0,68918.2,114841.5
1730140200000,68917.7,68999.0,68870.0,68933.6,56748.4
1730141100000,68932.0,69237.0,68830.2,69200.0,104718.6
1730142000000,69200.1,69647.4,69137.9,69609.9,543630.1
1730142900000,69609.9,69930.0,69580.0,69828.0,592329.7
1730143800000,69828.0,69921.8,69521.1,69771.8,266366.1
1730144700000,69771.8,69800.0,69474.1,69635.9,171972.5
1730145600000,69635.9,69720.0,69458.0,69557.1,110135.3
1730146500000,69557.1,69645.7,69433.3,69443.3,65553.5
1730147400000,69443.3,69568.4,69427.0,69536.3,51041.9
1730148300000,69536.1,69653.2,69465.4,69653.1,41177.3
1730149200000,69653.2,69821.7,69613.9,69676.3,79593.9
1730150100000,69676.3,69760.0,69512.0,69584.0,38916.9
1730151000000,69584.0,69798.6,69584.0,69688.2,47427.8
1730151900000,69688.2,69799.8,69683.8,69797.6,37864.5
1730152800000,69797.9,70346.2,69797.9,70044.0,711491.0
1730153700000,70044.0,70099.1,69882.3,69930.0,146412.2
1730154600000,69930.1,70000.0,69820.1,69825.0,75035.2
1730155500000,69825.1,69978.8,69813.0,69978.8,67344.1
1730156400000,69978.8,70167.9,69928.6,69930.1,117977.6
1730157300000,69930.1,70018.0,69750.4,69820.0,81930.3
1730158200000,69820.0,69966.0,69819.9,69884.7,38961.5
1730159100000,69884.7,69972.1,69849.5,69971.9,35611.3
1730160000000,69971.9,70029.7,69767.0,69869.0,72359.0
1730160900000,69869.0,69975.8,69812.8,69860.6,40715.8
1730161800000,69860.6,69977.8,69774.6,69793.1,61344.0
1730162700000,69793.1,70018.1,69791.9,69966.8,90860.9
1730163600000,69966.9,69996.9,69850.0,69889.3,42342.0
1730164500000,69889.3,70022.0,69858.0,69922.9,43888.8
1730165400000,69922.9,70009.9,69880.9,69978.8,52570.8
1730166300000,69978.7,70399.9,69935.1,70314.2,230817.5
1730167200000,70314.1,71100.0,70224.3,71054.8,880262.4
1730168100000,71054.8,71637.0,70843.3,71386.3,902515.6
1730169000000,71386.3,71520.0,71250.0,71395.6,324044.5
1730169900000,71395.7,71455.7,71150.5,71210.0,239005.0
1730170800000,71210.0,71447.0,71210.0,71351.1,122955.4
1730171700000,71351.0,71393.5,71162.7,71209.2,161618.5
1730172600000,71209.3,71308.9,71007.6,71060.1,134538.2
1730173500000,71060.0,71080.1,70905.0,70963.7,163003.5
1730174400000,70963.8,71143.2,70942.4,71096.3,115040.6
1730175300000,71096.4,71150.5,71085.1,71119.6,43316.1
1730176200000,71119.6,71150.0,71000.0,71030.0,55205.9
1730177100000,71029.9,71102.3,71015.0,71097.3,33544.3
1730178000000,71097.3,71119.6,71000.1,71033.8,49988.5
1730178900000,71033.8,71048.9,70913.1,70931.1,62069.6
1730179800000,70930.6,71000.0,70920.0,70969.4,32373.0
1730180700000,70969.4,71107.2,70969.4,71045.0,60425.2
1730181600000,71045.0,71255.9,71016.2,71200.0,136133.9
1730182500000,71200.0,71243.3,71054.3,71104.5,53385.2
1730183400000,71104.5,71230.0,71095.9,71209.9,51950.4
1730184300000,71210.0,71399.4,71177.7,71250.0,183017.1
1730185200000,71250.0,71280.9,70952.0,70972.3,126907.3
1730186100000,70972.3,71117.7,70972.3,71053.1,82208.5
1730187000000,71053.1,71111.0,70868.0,70937.7,189283.1
1730187900000,70937.6,71027.3,70833.0,71025.9,68184.8
1730188800000,71025.9,71094.2,70983.1,71050.9,63813.6
1730189700000,71050.9,71138.1,71001.2,71122.1,34005.9
1730190600000,71122.1,71228.1,71115.1,71222.3,76766.1
1730191500000,71222.2,71223.2,71104.3,71137.8,61489.0
1730192400000,71137.9,71267.9,71111.3,71257.7,97797.6
1730193300000,71257.6,71366.0,71242.9,71338.5,102158.7
1730194200000,71338.5,71342.3,71209.6,71224.8,36379.2
1730195100000,71224.8,71300.0,71150.1,71300.0,56776.1
1730196000000,71300.0,71350.0,71178.9,71178.9,50650.7
1730196900000,71178.8,71244.3,71140.0,71154.5,39750.8
1730197800000,71154.5,71299.9,71082.9,71288.8,67828.8
1730198700000,71288.7,71288.7,71170.4,71176.4,34883.9
1730199600000,71176.4,71280.0,71154.1,71264.9,35707.0
1730200500000,71265.0,71315.0,71232.1,71314.9,47388.0
1730201400000,71314.9,71589.0,71294.7,71539.0,309402.3
1730202300000,71539.0,71550.0,71435.9,71457.5,93330.6
1730203200000,71457.6,71518.8,71170.0,71228.4,160092.4
1730204100000,71228.4,71303.0,71191.2,71249.9,84845.6
1730205000000,71250.0,71318.5,71200.0,71293.3,41584.9
1730205900000,71293.4,71300.0,71118.8,71126.8,81386.2
1730206800000,71126.9,71194.4,71106.4,71183.4,69292.1
1730207700000,71183.3,71272.1,71164.7,71229.9,38220.3
1730208600000,71229.8,71550.0,70939.0,71516.7,455691.6
1730209500000,71516.8,71821.9,71328.2,71797.9,497989.4
1730210400000,71798.0,72000.0,71500.0,71600.8,568699.1
1730211300000,71600.9,71780.0,71335.3,71596.7,325671.0
1730212200000,71596.7,71910.0,71529.4,71823.2,266016.6
1730213100000,71823.1,71980.0,71751.7,71867.0,200399.3
1730214000000,71867.0,71894.1,71658.4,71874.0,149387.8
1730214900000,71874.1,72151.9,71733.7,71935.8,471859.6
1730215800000,71935.8,72300.0,71736.0,72206.1,368481.6
1730216700000,72206.1,72450.0,72167.4,72410.9,491229.6
1730217600000,72410.9,72688.0,72361.5,72464.9,520179.7
1730218500000,72464.9,72759.0,72448.7,72702.8,346374.4
1730219400000,72702.8,72705.9,72510.8,72699.9,139564.4
1730220300000,72700.0,72998.0,72668.5,72762.7,457670.6
1730221200000,72762.7,73079.2,72651.5,72753.7,397659.4
1730222100000,72753.6,72963.0,72717.1,72921.0,160654.9
1730223000000,72920.9,72992.0,72712.5,72725.3,144835.0
1730223900000,72725.2,72853.1,72524.2,72737.8,318996.1
1730224800000,72737.8,72850.0,72697.8,72807.8,82735.4
1730225700000,72807.8,73044.1,72676.5,72853.4,156366.8
1730226600000,72853.4,73160.0,72832.1,72953.8,217084.3
1730227500000,72953.9,73299.9,72915.1,73195.2,252663.4
1730228400000,73195.2,73760.5,73195.2,73602.0,713853.6
1730229300000,73602.1,73624.0,72717.3,72874.4,507811.2
1730230200000,72874.4,73035.4,72588.4,72700.0,406928.9
1730231100000,72700.1,72979.7,72536.4,72559.5,231870.3
1730232000000,72559.6,72698.3,72243.9,72477.2,317938.1
1730232900000,72477.2,72500.0,71923.2,72036.2,263209.5
1730233800000,72036.2,72280.3,71911.0,72215.5,143275.9
1730234700000,72215.6,72481.3,72183.4,72367.0,132945.8
1730235600000,72364.3,72540.2,72250.0,72524.4,89612.0
1730236500000,72524.5,72657.0,72440.0,72456.5,63224.6
1730237400000,72456.5,72460.7,72312.8,72362.3,45654.0
1730238300000,72361.4,72393.6,72304.4,72331.1,35666.0
1730239200000,72331.0,72458.8,72229.8,72435.1,67617.4
1730240100000,72435.1,72550.0,72310.2,72400.4,98212.8
1730241000000,72400.5,72827.4,72386.4,72777.0,85093.3
1730241900000,72776.9,73028.6,72669.1,72698.4,170231.6
1730242800000,72698.4,72846.0,72527.6,72595.7,89765.6
1730243700000,72599.3,72750.0,72536.6,72653.8,73144.5
1730244600000,72653.8,72816.0,72621.8,72746.5,51363.5
1730245500000,72746.5,72808.5,72636.7,72751.3,39216.6
1730246400000,72751.4,72810.3,72530.5,72560.0,96879.2
1730247300000,72560.0,72560.1,72435.3,72473.5,69093.3
1730248200000,72473.5,72473.5,72279.9,72345.6,92078.1
1730249100000,72345.6,72397.0,72127.5,72318.8,132488.0
1730250000000,72318.8,72321.7,72030.6,72151.1,159060.9
1730250900000,72151.1,72226.2,72050.0,72171.8,84369.4
1730251800000,72171.7,72450.0,72161.8,72337.9,103767.7
1730252700000,72337.9,72441.8,72274.3,72441.8,53370.9
1730253600000,72441.8,72666.0,72372.2,72580.0,130814.6
1730254500000,72580.1,72603.5,72392.1,72438.9,66696.6
1730255400000,72438.9,72588.2,72393.9,72439.5,49958.7
1730256300000,72439.5,72480.0,72349.0,72364.9,38107.2
1730257200000,72364.9,72512.4,72343.2,72415.8,59267.3
1730258100000,72415.8,72500.0,72255.0,72271.7,59829.9
1730259000000,72271.7,72354.2,72224.6,72354.2,56843.2
1730259900000,72354.2,72367.2,72204.0,72271.7,36210.9
1730260800000,72271.7,72318.7,72213.8,72272.2,44506.7
1730261700000,72272.2,72388.0,72226.7,72355.3,29894.4
1730262600000,72355.3,72380.0,72307.1,72379.9,24647.3
1730263500000,72379.9,72380.0,72265.2,72309.1,29186.9
1730264400000,72309.1,72457.9,72302.7,72457.8,55416.1
1730265300000,72457.8,72529.9,72390.2,72523.0,70133.2
1730266200000,72523.1,72548.0,72446.9,72489.0,39483.0
1730267100000,72488.9,72531.6,72400.0,72526.6,38041.8
1730268000000,72526.6,72654.1,72510.0,72583.4,85680.5
1730268900000,72583.4,72588.4,72390.0,72429.4,73080.3
1730269800000,72429.4,72484.5,72356.1,72359.9,38532.9
1730270700000,72360.0,72400.0,72318.2,72318.3,39271.2
1730271600000,72318.3,72453.8,72316.0,72438.3,36821.9
1730272500000,72438.4,72475.2,72310.4,72344.0,38686.3
1730273400000,72343.9,72363.4,72234.1,72252.2,63274.5
1730274300000,72252.2,72290.0,72113.9,72244.8,144399.8
1730275200000,72244.9,72536.3,72238.2,72525.3,85598.2
1730276100000,72525.2,72570.1,72450.0,72509.9,64461.8
1730277000000,72510.0,72542.7,72402.5,72418.8,52183.6
1730277900000,72418.8,72423.4,72237.5,72267.7,68955.2
1730278800000,72267.7,72450.0,72245.9,72449.9,50972.3
1730279700000,72450.0,72534.9,72402.8,72518.6,58581.4
1730280600000,72518.7,72558.6,72422.2,72436.7,74186.8
1730281500000,72436.6,72614.0,72418.4,72594.4,85443.8
1730282400000,72594.4,72625.0,72492.7,72576.0,54439.7
1730283300000,72576.0,72582.5,72477.0,72521.7,32046.3
1730284200000,72521.8,72521.8,72402.0,72450.1,44588.6
1730285100000,72450.1,72450.1,72359.1,72375.9,51082.7
1730286000000,72375.8,72375.9,72234.5,72237.5,95261.8
1730286900000,72237.5,72339.4,72156.4,72162.0,104729.1
1730287800000,72162.1,72323.2,72156.4,72240.1,66924.7
1730288700000,72240.1,72240.2,71938.8,72010.7,210550.0
1730289600000,72010.8,72162.2,71755.0,72066.4,316512.2
1730290500000,72066.0,72137.2,71947.0,72081.5,120037.5
1730291400000,72081.5,72089.5,71852.0,71960.0,146197.0
1730292300000,71959.9,72082.0,71800.0,71900.1,250244.6
1730293200000,71900.1,71951.8,71686.0,71895.2,180877.9
1730294100000,71895.2,71950.0,71730.8,71792.1,114289.3
1730295000000,71792.0,71880.4,71500.0,71509.4,322219.1
1730295900000,71509.3,72113.4,71458.1,71968.2,390005.2
1730296800000,71965.8,72339.9,71931.6,72320.0,302018.9
1730297700000,72320.0,72409.8,72115.0,72178.8,230109.7
1730298600000,72178.2,72485.8,72107.8,72328.0,179103.5
1730299500000,72328.0,72458.5,72168.0,72417.9,144570.2
1730300400000,72418.0,72441.7,71830.0,71870.0,239509.9
1730301300000,71870.0,72094.8,71702.8,71962.0,294816.8
1730302200000,71961.9,72080.0,71809.5,71929.6,112749.1
1730303100000,71929.6,72166.0,71884.5,72061.3,108885.2
1730304000000,72061.2,72099.5,71841.4,71877.6,113195.1
1730304900000,71877.6,72038.5,71810.0,72038.5,74858.2
1730305800000,72038.5,72166.0,71938.3,72086.4,106402.1
1730306700000,72086.5,72211.0,72063.4,72116.7,60808.8
1730307600000,72116.5,72137.7,71828.0,71874.2,87295.3
1730308500000,71873.7,71964.7,71862.3,71863.6,50742.8
1730309400000,71863.6,71974.0,71661.8,71805.5,106973.7
1730310300000,71805.5,71929.2,71789.4,71915.9,54046.9
1730311200000,71915.8,72085.0,71868.4,72023.5,86224.5
1730312100000,72023.5,72049.2,71960.9,72039.6,24921.4
1730313000000,72039.7,72169.3,71992.8,72161.0,42724.9
1730313900000,72161.0,72161.0,71882.4,71992.7,71006.2
1730314800000,71992.5,72050.0,71866.7,72049.9,37004.0
1730315700000,72049.9,72050.0,71800.0,71877.1,67007.1
1730316600000,71877.0,72007.4,71877.0,71957.0,42997.8
1730317500000,71957.1,72080.0,71811.7,71836.4,78861.6
1730318400000,71836.4,72514.7,71647.9,71921.5,662591.4
1730319300000,71924.5,72322.0,71836.0,72304.8,214624.5
1730320200000,72304.8,72485.0,72151.1,72450.3,111402.9
1730321100000,72450.3,72859.4,72427.5,72859.4,294012.6
1730322000000,72859.3,72974.0,72471.5,72472.0,223228.4
1730322900000,72472.1,72500.1,72223.1,72312.1,106785.1
1730323800000,72311.1,72379.7,72112.5,72205.3,58621.8
1730324700000,72205.3,72410.0,72205.2,72399.8,34821.5
1730325600000,72399.7,72550.1,72260.4,72514.9,90673.8
1730326500000,72514.8,72699.7,72433.6,72538.0,75039.3
1730327400000,72538.1,72550.3,72303.4,72409.9,41214.1
1730328300000,72409.9,72450.0,72333.0,72400.1,22791.3
1730329200000,72400.0,72580.0,72361.5,72568.9,36955.1
1730330100000,72568.8,72707.0,72541.4,72618.1,52994.5
1730331000000,72618.0,72618.1,72430.1,72480.0,38656.8
1730331900000,72480.0,72486.5,72343.1,72343.2,37232.7
1730332800000,72343.1,72420.0,72310.0,72357.2,40505.5
1730333700000,72357.1,72365.8,72265.0,72333.0,39423.9
1730334600000,72333.0,72333.6,72030.3,72064.8,176938.2
1730335500000,72064.8,72195.0,72064.7,72168.2,43522.8
1730336400000,72168.2,72343.9,72164.3,72301.8,52376.7
1730337300000,72301.8,72331.6,72260.0,72307.5,19356.7
1730338200000,72307.5,72316.8,72021.3,72227.0,57218.5
1730339100000,72227.0,72464.5,72222.3,72378.1,89466.2
1730340000000,72378.1,72423.0,72190.0,72252.7,57151.0
1730340900000,72252.7,72400.0,72239.7,72320.1,34406.0
1730341800000,72320.1,72521.0,72320.1,72428.7,55894.6
1730342700000,72428.6,72583.2,72390.0,72559.5,50232.6
1730343600000,72559.8,72598.3,72500.5,72546.8,69150.9
1730344500000,72546.7,72580.0,72343.0,72382.7,54443.5
1730345400000,72382.6,72462.2,72355.5,72438.1,29205.4
1730346300000,72438.0,72438.1,72289.3,72356.2,24734.4
1730347200000,72356.2,72386.0,72317.9,72339.1,20722.8
1730348100000,72339.0,72339.1,72240.0,72311.2,35600.4
1730349000000,72311.2,72370.2,72292.1,72329.0,23481.0
1730349900000,72329.1,72329.1,72212.1,72281.9,68445.9
1730350800000,72281.9,72285.5,72209.9,72253.3,26333.0
1730351700000,72253.2,72399.6,72242.0,72284.2,37253.2
1730352600000,72284.2,72360.0,72284.1,72341.5,19318.9
1730353500000,72341.5,72341.5,72285.0,72294.9,11239.8
1730354400000,72294.9,72337.3,72254.0,72295.1,20701.0
1730355300000,72295.1,72327.6,72257.6,72288.3,16349.7
1730356200000,72288.2,72296.7,72166.0,72235.7,54243.4
1730357100000,72235.7,72275.9,72139.5,72209.3,37048.5
1730358000000,72209.3,72299.0,72150.0,72257.7,52813.6
1730358900000,72257.6,72413.0,72241.9,72385.6,47464.3
1730359800000,72385.6,72487.6,72385.6,72445.6,58228.6
1730360700000,72445.7,72470.0,72394.0,72414.9,31578.5
1730361600000,72414.9,72450.0,72315.0,72315.1,39569.5
1730362500000,72315.0,72341.1,72166.7,72224.5,63809.3
1730363400000,72224.5,72247.0,72156.1,72200.1,53775.5
1730364300000,72200.1,72307.0,72192.0,72287.7,27817.0
1730365200000,72287.6,72366.6,72255.1,72312.1,54594.4
1730366100000,72312.1,72397.5,72259.8,72370.4,50105.0
1730367000000,72370.3,72400.0,72343.4,72348.9,28857.3
1730367900000,72348.9,72357.5,72285.9,72304.2,23774.4
1730368800000,72304.2,72427.3,72288.0,72333.2,39935.8
1730369700000,72333.2,72349.8,72226.6,72277.4,52132.4
1730370600000,72277.4,72539.7,72250.0,72522.7,73092.5
1730371500000,72522.6,72700.0,72505.0,72635.7,200873.1
1730372400000,72633.5,72664.8,72302.0,72410.1,114408.1
1730373300000,72410.1,72468.0,72300.0,72351.2,107893.1
1730374200000,72351.1,72381.7,72274.8,72276.1,50093.2
1730375100000,72276.1,72299.1,72230.0,72230.5,63897.2
1730376000000,72230.4,72299.1,72166.7,72205.1,101813.9
1730376900000,72205.1,72237.8,72038.8,72134.4,185767.3
1730377800000,72134.5,72277.2,72080.3,72190.9,87755.3
1730378700000,72190.9,72247.8,71953.7,72127.1,165771.5
1730379600000,72127.1,72195.5,72030.2,72083.4,48718.2
1730380500000,72083.3,72087.6,71936.0,71975.0,101774.6
1730381400000,71975.0,72000.0,71750.0,71794.9,350097.8
1730382300000,71794.8,71794.9,71122.5,71328.6,932280.5
1730383200000,71328.6,71387.4,70804.8,71167.8,940976.9
1730384100000,71167.8,71374.0,70943.7,70990.1,313518.7
1730385000000,70990.1,71234.5,70816.2,70892.0,287928.6
1730385900000,70892.1,70916.8,70625.0,70766.6,540890.1
1730386800000,70766.5,71089.9,70600.1,70787.4,393620.6
1730387700000,70787.5,71075.0,70765.9,70890.6,147027.3
1730388600000,70890.5,70942.8,70706.4,70780.5,107318.4
1730389500000,70780.5,70782.9,70450.0,70637.2,358276.7
1730390400000,70637.1,70712.8,70380.0,70695.1,225117.5
1730391300000,70695.0,70930.1,70450.0,70560.0,263716.5
1730392200000,70559.9,70592.3,70451.8,70470.0,122189.3
1730393100000,70470.0,70515.8,70400.1,70426.1,103168.4
1730394000000,70426.1,70821.0,70364.3,70808.6,165862.1
1730394900000,70808.5,70818.2,70620.0,70662.6,69397.0
1730395800000,70662.5,70730.7,70412.0,70696.8,145602.6
1730396700000,70696.7,70821.9,70601.2,70800.5,112730.7
1730397600000,70800.5,70803.4,70388.0,70481.3,150268.9
1730398500000,70481.3,70524.0,70312.9,70388.0,126682.4
1730399400000,70388.0,70488.0,70122.1,70454.5,260334.8
1730400300000,70454.5,70708.0,70429.2,70647.4,97300.4
1730401200000,70647.5,70774.9,70568.9,70756.4,70050.3
1730402100000,70756.5,70756.5,70416.8,70416.8,64132.9
1730403000000,70416.9,70500.0,70323.5,70475.6,89219.3
1730403900000,70475.5,70654.6,70053.5,70110.2,196042.7
1730404800000,70110.3,70249.9,70034.0,70082.8,182090.0
1730405700000,70082.8,70315.1,70082.7,70199.9,93090.1
1730406600000,70199.9,70311.8,70064.0,70096.0,74693.6
1730407500000,70096.1,70145.2,69680.1,70044.0,459198.7
1730408400000,70044.0,70263.0,69868.5,70249.9,128483.0
1730409300000,70249.9,70399.0,70184.0,70315.7,83924.4
1730410200000,70315.7,70417.4,70255.3,70336.9,38654.7
1730411100000,70337.0,70550.0,70336.9,70460.6,77218.8
1730412000000,70460.6,70518.1,70294.1,70318.5,60742.5
1730412900000,70318.4,70318.4,70164.5,70303.9,60602.3
1730413800000,70304.0,70488.0,70264.2,70488.0,51413.2
1730414700000,70488.0,70533.0,70431.6,70481.9,45854.6
1730415600000,70481.9,70605.9,70392.1,70492.7,67132.5
1730416500000,70492.7,70653.1,70492.7,70619.6,72828.8
1730417400000,70619.5,70648.0,70460.4,70476.1,44322.4
1730418300000,70476.0,70476.1,70300.0,70304.3,55575.2
1730419200000,70304.4,70480.9,70258.4,70479.6,67796.0
1730420100000,70479.5,70485.8,70377.0,70439.1,46864.8
1730421000000,70439.0,70439.0,70150.8,70272.9,95895.8
1730421900000,70272.9,70400.0,70179.4,70180.2,59454.7
1730422800000,70180.3,70386.6,70175.0,70358.9,45523.0
1730423700000,70358.9,70358.9,70021.8,70064.0,100479.7
1730424600000,70064.0,70064.0,69520.5,69927.9,499823.0
1730425500000,69927.9,70069.7,69300.0,69415.1,450605.4
1730426400000,69415.1,69548.0,68838.2,69042.5,804308.3
1730427300000,69042.5,69443.1,69033.6,69387.5,269683.4
1730428200000,69387.8,69510.0,69307.8,69321.3,122745.7
1730429100000,69321.3,69600.0,69136.4,69572.5,145111.2
1730430000000,69572.5,69649.9,69486.3,69567.0,97460.7
1730430900000,69566.9,69712.0,69536.9,69642.0,75336.4
1730431800000,69641.6,69665.0,69459.5,69470.1,65468.4
1730432700000,69470.0,69496.5,69327.1,69373.5,95867.2
1730433600000,69373.6,69459.0,69345.0,69439.4,42595.5
1730434500000,69439.4,69518.5,69360.5,69510.0,40720.9
1730435400000,69510.0,69581.0,69489.8,69581.0,39405.4
1730436300000,69581.0,69627.8,69526.4,69599.9,47060.0
1730437200000,69600.0,69644.1,69523.0,69555.5,34850.5
1730438100000,69555.6,69642.4,69521.7,69618.9,24942.7
1730439000000,69618.9,69650.0,69582.7,69638.0,28318.8
1730439900000,69638.0,69678.0,69585.5,69609.4,38480.3
1730440800000,69609.4,69707.8,69399.9,69400.0,94011.0
1730441700000,69399.9,69472.0,69314.0,69314.1,90227.7
1730442600000,69314.0,69532.2,69282.6,69452.7,72926.2
1730443500000,69452.6,69553.0,69220.0,69221.2,71419.2
1730444400000,69221.2,69350.1,69078.0,69110.4,136949.4
1730445300000,69110.4,69322.6,69089.3,69267.9,89482.7
1730446200000,69268.0,69429.7,69261.3,69300.8,73639.8
1730447100000,69300.8,69416.0,69232.8,69282.9,51064.5
1730448000000,69282.9,69462.0,69231.9,69449.9,79196.2
1730448900000,69450.0,69545.0,69415.1,69466.2,78461.5
1730449800000,69466.1,69520.0,69357.1,69434.5,47952.8
1730450700000,69434.5,69500.0,69292.0,69375.4,52163.3
1730451600000,69375.5,69490.0,69322.0,69485.4,52587.4
1730452500000,69485.5,69500.0,69400.0,69422.3,22834.9
1730453400000,69422.3,69550.0,69400.0,69536.7,56524.3
1730454300000,69536.6,69588.8,69495.5,69532.2,41479.0
1730455200000,69532.2,69662.9,69520.1,69652.3,80902.7
1730456100000,69652.3,69999.0,69646.5,69985.7,265820.9
1730457000000,69985.6,70158.0,69816.7,69840.0,259841.4
1730457900000,69840.0,70049.9,69781.2,69989.0,84610.2
1730458800000,69989.0,70200.0,69984.0,70178.8,126719.3
1730459700000,70178.7,70231.4,70100.0,70185.0,89732.9
1730460600000,70185.0,70188.0,70080.3,70176.9,56605.5
1730461500000,70176.8,70176.9,69987.6,70003.6,88642.9
1730462400000,70003.6,70222.0,69988.8,70162.1,71626.2
1730463300000,70162.0,70257.9,70050.1,70092.8,74448.4
1730464200000,70092.9,70449.9,69890.1,70281.2,445295.2
1730465100000,70281.1,70466.1,70230.0,70349.2,153293.1
1730466000000,70349.3,70349.3,70144.0,70208.1,87447.3
1730466900000,70208.1,70340.0,70180.0,70237.9,53497.2
1730467800000,70237.8,70928.4,70180.0,70635.1,685570.8
1730468700000,70635.1,71234.0,70500.0,71212.0,491507.4
1730469600000,71212.0,71418.3,70945.0,71355.5,555494.9
1730470500000,71355.5,71555.0,71252.9,71502.5,391354.7
1730471400000,71502.5,71644.3,71140.0,71227.0,350984.1
1730472300000,71227.0,71344.0,70902.0,71278.4,368785.8
1730473200000,71278.5,71368.0,70928.0,71096.0,224534.4
1730474100000,71096.1,71096.1,70655.0,70878.5,259856.9
1730475000000,70878.5,70887.9,69718.3,69946.5,812242.9
1730475900000,69946.4,69963.4,69031.9,69393.8,973665.4
1730476800000,69393.8,70045.8,69354.0,70040.1,416442.2
1730477700000,70040.1,70529.5,69948.5,70231.1,452430.8
1730478600000,70231.1,70400.0,69866.0,69975.4,244005.5
1730479500000,69975.5,70237.1,69881.6,69924.0,160104.3
1730480400000,69924.1,70035.8,69455.7,69899.4,317480.8
1730481300000,69899.3,70188.0,69876.0,70055.8,146392.4
1730482200000,70055.7,70067.1,69615.0,69679.0,161778.1
1730483100000,69679.1,69944.3,69538.9,69597.0,122153.3
1730484000000,69597.0,69658.5,69374.8,69440.8,158256.7
1730484900000,69440.8,69593.4,69277.4,69477.8,133508.4
1730485800000,69477.7,69554.2,69280.0,69370.0,79249.1
1730486700000,69369.9,69400.0,69077.8,69172.0,146301.4
1730487600000,69172.0,69325.0,68826.2,68900.1,310619.4
1730488500000,68900.0,69220.0,68864.5,69071.4,149335.4
1730489400000,69071.4,69478.5,69056.1,69213.1,154217.0
1730490300000,69213.0,69376.0,68942.1,69281.0,219762.1
1730491200000,69281.0,69391.8,69191.3,69352.0,85991.1
1730492100000,69352.1,69458.7,69259.1,69422.2,59541.0
1730493000000,69422.2,69477.5,69359.5,69450.1,62935.7
1730493900000,69450.1,69458.0,69170.4,69263.6,125457.6
1730494800000,69265.6,69372.2,69174.0,69252.8,43240.5
1730495700000,69252.7,69292.5,68917.3,68978.9,141604.5
1730496600000,68978.9,69171.3,68851.8,68986.4,94942.2
1730497500000,68986.4,69324.9,68986.0,69276.0,67912.6
1730498400000,69275.9,69425.0,69261.8,69424.9,52054.3
1730499300000,69425.0,69454.9,69240.7,69278.5,43198.4
1730500200000,69278.5,69470.1,69252.0,69446.6,40356.2
1730501100000,69446.6,69463.9,69406.4,69447.8,17529.1
1730502000000,69447.8,69593.3,69367.2,69576.0,46647.7
1730502900000,69576.0,69645.2,69467.6,69557.6,47988.5
1730503800000,69557.2,69563.8,69476.2,69490.4,18423.8
1730504700000,69490.4,69570.1,69463.5,69496.8,22678.9
1730505600000,69496.9,69654.9,69476.3,69638.3,73949.6
1730506500000,69638.4,69676.9,69501.5,69632.8,55592.3
1730507400000,69632.7,69642.0,69561.5,69609.5,19189.3
1730508300000,69609.6,69691.6,69602.9,69671.0,33637.0
1730509200000,69671.0,69715.9,69596.5,69609.4,49700.5
1730510100000,69609.4,69609.5,69507.2,69581.1,39996.0
1730511000000,69581.1,69679.1,69528.3,69673.2,30383.3
1730511900000,69673.1,69690.0,69635.4,69667.3,21011.5
1730512800000,69667.3,69772.5,69667.3,69752.8,37915.1
1730513700000,69752.9,69927.5,69745.8,69890.2,69554.1
1730514600000,69890.2,69893.8,69790.1,69804.0,35264.6
1730515500000,69804.0,69804.1,69659.1,69659.1,40482.1
1730516400000,69659.1,69793.9,69659.1,69760.0,29201.2
1730517300000,69759.9,69760.0,69668.7,69675.0,20983.0
1730518200000,69675.0,69699.0,69608.5,69679.6,39086.8
1730519100000,69679.5,69701.4,69556.8,69598.9,45290.8
1730520000000,69598.9,69599.0,69533.3,69582.0,42626.5
1730520900000,69581.9,69636.0,69525.0,69539.0,26011.4
1730521800000,69539.1,69560.0,69456.9,69491.1,44536.0
1730522700000,69491.1,69592.5,69468.0,69569.9,23498.8
1730523600000,69569.9,69584.9,69444.0,69581.1,32172.7
1730524500000,69581.1,69663.9,69580.0,69580.0,34852.9
1730525400000,69580.0,69715.0,69558.0,69686.4,38265.6
1730526300000,69686.3,69744.2,69649.5,69717.7,29791.6
1730527200000,69717.7,69756.9,69653.0,69653.0,22702.5
1730528100000,69653.0,69655.0,69585.0,69641.4,21511.1
1730529000000,69641.5,69687.9,69590.0,69669.0,18972.2
1730529900000,69669.0,69762.8,69669.0,69762.8,26678.0
1730530800000,69762.7,69785.0,69713.6,69742.1,40250.6
1730531700000,69742.1,69760.0,69689.0,69704.3,18661.1
1730532600000,69704.3,69825.0,69684.8,69736.4,34655.9
1730533500000,69736.4,69828.3,69730.0,69823.4,25281.5
1730534400000,69823.4,69850.0,69732.6,69739.3,61715.1
1730535300000,69739.4,69754.7,69645.8,69649.2,37148.6
1730536200000,69649.2,69699.8,69578.3,69601.5,48293.1
1730537100000,69601.6,69681.2,69601.5,69631.6,16120.8
1730538000000,69631.7,69655.3,69547.1,69627.9,29954.3
1730538900000,69627.9,69656.5,69585.7,69656.5,13058.3
1730539800000,69657.0,69679.9,69620.0,69674.9,9914.1
1730540700000,69675.0,69679.2,69516.6,69570.0,46045.9
1730541600000,69569.9,69570.0,69436.0,69488.2,63123.7
1730542500000,69488.1,69559.6,69425.3,69440.0,42022.7
1730543400000,69440.0,69585.2,69425.0,69575.0,37743.2
1730544300000,69575.0,69633.0,69554.1,69628.8,21405.0
1730545200000,69628.7,69640.0,69585.1,69585.2,20280.5
1730546100000,69585.1,69685.9,69582.6,69622.6,27042.1
1730547000000,69622.7,69676.1,69622.6,69647.7,12544.7
1730547900000,69647.8,69703.6,69570.0,69606.0,24199.2
1730548800000,69606.1,69686.8,69593.9,69632.1,19939.2
1730549700000,69632.1,69657.9,69512.7,69527.9,36017.6
1730550600000,69528.0,69632.0,69468.8,69576.6,51705.0
1730551500000,69576.7,69600.0,69383.6,69458.8,121318.1
1730552400000,69458.8,69563.9,69387.3,69536.9,60170.2
1730553300000,69536.9,69718.8,69536.9,69686.4,66256.3
1730554200000,69686.5,69686.5,69434.2,69580.6,80035.6
1730555100000,69580.6,69592.5,69358.4,69364.1,86596.3
1730556000000,69364.0,69441.8,69239.0,69309.9,137274.7
1730556900000,69309.9,69325.7,69101.8,69145.9,163142.3
1730557800000,69145.9,69257.5,69116.9,69149.5,73579.0
1730558700000,69149.6,69279.8,69026.5,69279.7,146033.3
1730559600000,69279.7,69292.7,69127.6,69210.6,66424.2
1730560500000,69210.6,69387.6,69180.0,69350.4,75358.8
1730561400000,69350.4,69462.0,69281.6,69289.9,59494.0
1730562300000,69290.0,69452.0,69282.5,69403.2,46490.3
1730563200000,69403.2,69488.0,69369.7,69392.0,61785.0
1730564100000,69391.9,69492.5,69321.5,69480.9,39080.4
1730565000000,69480.9,69608.0,69476.0,69582.9,69473.2
1730565900000,69582.9,69626.0,69547.5,69590.7,37714.8
1730566800000,69590.6,69609.5,69476.0,69558.8,32525.0
1730567700000,69558.8,69558.8,69440.3,69459.0,22286.9
1730568600000,69459.0,69529.7,69337.7,69343.0,58005.5
1730569500000,69343.1,69444.4,69341.5,69410.9,21871.6
1730570400000,69410.8,69443.9,69223.2,69275.1,54028.2
1730571300000,69275.0,69359.8,69256.0,69295.3,21311.3
1730572200000,69295.3,69485.9,69280.2,69464.0,27166.7
1730573100000,69464.0,69490.0,69417.8,69430.5,13260.8
1730574000000,69430.5,69500.0,69391.0,69470.8,12518.6
1730574900000,69470.8,69496.0,69445.3,69461.5,8902.1
1730575800000,69461.5,69544.8,69461.4,69536.9,24903.7
1730576700000,69537.0,69572.9,69502.8,69508.1,22824.3
1730577600000,69508.2,69557.7,69465.0,69540.2,17835.7
1730578500000,69540.1,69574.0,69508.5,69523.2,11604.1
1730579400000,69523.3,69564.8,69483.3,69556.9,12487.5
1730580300000,69556.9,69583.0,69510.0,69553.0,18042.0
1730581200000,69553.0,69571.6,69456.0,69456.1,15632.3
1730582100000,69456.0,69485.0,69456.0,69478.5,13915.9
1730583000000,69478.5,69531.6,69450.2,69461.5,16246.3
1730583900000,69461.6,69471.0,69439.1,69439.2,17024.4
1730584800000,69439.2,69559.9,69343.5,69520.9,33298.2
1730585700000,69520.8,69539.0,69450.0,69481.2,9162.3
1730586600000,69481.2,69507.1,69448.8,69503.7,7542.6
1730587500000,69503.6,69504.0,69408.5,69433.1,13150.5
1730588400000,69433.1,69455.3,69166.0,69278.4,96871.6
1730589300000,69278.4,69297.8,69155.7,69174.2,36936.7
1730590200000,69174.1,69265.4,69169.0,69254.5,31084.7
1730591100000,69254.5,69382.9,69242.4,69382.9,24994.2
1730592000000,69382.8,69402.0,69220.3,69376.4,49025.9
1730592900000,69376.4,69376.4,69281.1,69311.7,16520.7
1730593800000,69311.7,69370.0,69179.9,69237.0,27988.8
1730594700000,69236.9,69279.9,69163.5,69163.5,20049.9
1730595600000,69163.5,69215.7,69120.0,69125.0,41462.8
1730596500000,69125.1,69186.1,69016.0,69130.1,103951.0
1730597400000,69130.0,69197.7,69089.8,69164.1,38579.9
1730598300000,69164.1,69254.6,69019.0,69026.5,62025.3
1730599200000,69026.4,69048.8,68589.0,68681.8,472093.8
1730600100000,68683.4,68730.0,68180.0,68233.1,552529.9
1730601000000,68233.1,68362.7,67845.0,68112.0,480211.4
1730601900000,68111.9,68282.1,67890.0,68210.7,367675.0
1730602800000,68210.6,68466.0,68030.0,68374.4,240238.0
1730603700000,68374.4,68428.7,68260.0,68271.5,91830.2
1730604600000,68271.6,68382.5,68226.0,68374.3,43377.1
1730605500000,68374.4,68453.1,68366.7,68387.1,104503.4
1730606400000,68387.1,68470.9,68304.8,68445.7,72626.1
1730607300000,68445.8,68561.5,68431.3,68554.7,78337.2
1730608200000,68554.7,68717.0,68554.7,68560.3,194266.1
1730609100000,68560.3,68644.1,68513.6,68603.6,56583.2
1730610000000,68603.6,68717.4,68533.5,68668.3,80166.8
1730610900000,68668.3,68681.8,68482.9,68494.5,55585.6
1730611800000,68494.5,68599.7,68428.3,68561.2,60654.0
1730612700000,68561.1,68580.9,68431.4,68442.4,29091.7
1730613600000,68442.4,68525.0,68403.0,68433.1,28812.7
1730614500000,68433.2,68549.9,68412.8,68490.0,41228.4
1730615400000,68490.1,68650.5,68460.2,68638.1,37233.5
1730616300000,68638.2,68794.0,68576.0,68589.4,102589.7
1730617200000,68589.5,68715.3,68522.4,68703.7,38880.9
1730618100000,68703.8,68709.9,68463.6,68468.1,47982.6
1730619000000,68468.1,68474.2,68404.5,68441.7,43905.6
1730619900000,68441.7,68500.0,68380.3,68407.8,41354.6
1730620800000,68407.9,68450.0,68300.0,68358.1,71405.4
1730621700000,68358.0,68427.7,68312.0,68421.4,49350.4
1730622600000,68421.4,68533.1,68383.3,68509.9,64843.6
1730623500000,68509.8,68623.0,68478.0,68483.9,65848.5
1730624400000,68483.9,68536.0,68443.1,68535.9,28703.7
1730625300000,68535.9,68540.6,68404.5,68408.6,30215.4
1730626200000,68408.6,68427.6,68212.4,68251.9,99435.9
1730627100000,68251.5,68326.6,68209.0,68244.7,69705.3
1730628000000,68244.8,68406.1,68244.8,68406.1,39655.0
1730628900000,68406.1,68555.0,68336.3,68554.9,66989.1
1730629800000,68555.0,68571.2,68415.8,68547.1,57174.6
1730630700000,68547.1,68566.1,68424.9,68437.4,30681.2
1730631600000,68437.5,68556.1,68379.2,68550.1,41475.8
1730632500000,68550.9,68588.7,68466.1,68494.8,29782.3
1730633400000,68494.8,68494.8,68346.9,68393.2,45309.0
1730634300000,68393.2,68435.7,68312.0,68353.0,34469.3
1730635200000,68352.9,68437.8,68309.3,68349.9,38344.8
1730636100000,68349.9,68500.0,68265.2,68486.0,68372.7
1730637000000,68486.0,68540.0,68428.6,68536.6,38447.8
1730637900000,68536.5,68560.0,68464.6,68479.4,33224.0
1730638800000,68479.1,68507.7,68290.1,68333.4,88799.6
1730639700000,68333.4,68388.1,68270.0,68374.1,50449.0
1730640600000,68374.0,68381.8,68165.0,68218.1,97493.3
1730641500000,68218.0,68221.4,67965.9,68047.3,273420.4
1730642400000,68047.4,68208.4,67915.2,68072.5,189124.6
1730643300000,68072.4,68139.6,67680.3,67719.9,341308.3
1730644200000,67720.0,68015.5,67689.0,67720.0,239547.9
1730645100000,67720.0,67946.0,67578.1,67786.9,279608.0
1730646000000,67787.0,67925.0,67567.0,67740.1,198686.4
1730646900000,67740.1,67789.8,67568.4,67628.0,111085.1
1730647800000,67627.9,67768.3,67462.2,67692.0,190922.0
1730648700000,67692.1,68232.0,67564.1,68102.3,397901.6
1730649600000,68102.3,68555.4,68062.9,68459.1,391508.3
1730650500000,68459.0,68540.5,68358.0,68411.6,123207.7
1730651400000,68411.7,68420.0,68072.1,68229.9,259830.1
1730652300000,68230.0,68282.7,68138.5,68152.6,49267.0
1730653200000,68152.6,68470.8,68133.3,68426.9,91147.9
1730654100000,68426.9,68474.5,68278.7,68371.0,48877.9
1730655000000,68371.0,68478.2,68370.9,68419.9,37765.1
1730655900000,68419.9,68419.9,68271.0,68363.7,58458.8
1730656800000,68363.6,68450.6,68357.1,68365.1,30206.6
1730657700000,68365.3,68370.0,68285.6,68310.1,37528.0
1730658600000,68310.0,68310.1,67909.1,67916.5,129693.9
1730659500000,67916.5,68075.3,67679.3,68019.9,171213.9
1730660400000,68019.9,68370.0,68000.0,68361.1,104228.9
1730661300000,68361.2,68527.0,68276.9,68462.3,104402.3
1730662200000,68462.4,68715.5,68411.2,68638.1,128078.4
1730663100000,68638.0,68690.0,68539.5,68685.8,117406.5
1730664000000,68685.7,68796.9,68520.2,68566.0,91488.0
1730664900000,68566.0,68665.0,68488.1,68624.1,35210.4
1730665800000,68624.2,68960.0,68606.9,68784.3,138552.2
1730666700000,68784.3,68979.0,68771.4,68962.0,56771.8
1730667600000,68962.1,69194.0,68956.0,69039.2,156621.6
1730668500000,69039.3,69333.0,69039.3,69319.8,178102.1
1730669400000,69319.9,69368.0,69075.6,69225.7,103383.8
1730670300000,69225.7,69231.1,69090.9,69149.8,46513.7
1730671200000,69149.8,69306.9,69110.8,69195.3,79360.3
1730672100000,69195.4,69223.0,69077.0,69077.1,29268.3
1730673000000,69077.1,69114.0,68779.0,68889.4,104833.6
1730673900000,68889.4,69018.2,68818.5,68877.4,58130.0
1730674800000,68877.4,68914.7,68510.2,68754.8,161856.7
1730675700000,68754.8,68807.5,68580.7,68806.6,100466.2
1730676600000,68806.5,68908.6,68699.9,68799.2,58564.9
1730677500000,68799.1,68916.1,68723.5,68776.9,42111.8
1730678400000,68776.9,68776.9,68613.0,68656.2,80149.7
1730679300000,68656.3,68713.8,68536.1,68546.2,77837.1
1730680200000,68546.2,68617.2,68220.7,68418.6,198767.2
1730681100000,68418.6,68727.7,68360.9,68720.2,113568.4
1730682000000,68721.2,68846.0,68570.0,68707.2,114902.4
1730682900000,68707.3,69043.7,68640.0,68834.7,145405.7
1730683800000,68834.7,68975.0,68686.8,68822.8,67497.4
1730684700000,68822.8,69017.2,68761.0,68979.0,59909.9
1730685600000,68979.0,69128.5,68889.0,68900.0,93024.9
1730686500000,68900.0,69186.9,68881.8,69180.0,60576.7
1730687400000,69179.9,69262.6,69077.6,69174.8,121739.5
1730688300000,69174.7,69344.9,69137.6,69309.2,102245.2
1730689200000,69309.3,69516.4,69184.3,69200.0,181240.5
1730690100000,69200.0,69234.6,69118.0,69161.8,51822.6
1730691000000,69161.8,69252.1,69083.4,69158.7,47996.8
1730691900000,69158.7,69195.5,69010.0,69056.7,70054.3
1730692800000,69056.7,69192.7,69056.7,69171.6,42029.1
1730693700000,69171.6,69350.0,69139.0,69339.9,48886.5
1730694600000,69340.0,69404.6,69124.1,69171.5,73524.8
1730695500000,69171.7,69237.2,69095.4,69154.1,40383.4
1730696400000,69154.0,69171.2,69062.0,69147.9,33000.7
1730697300000,69147.8,69188.0,68981.2,68981.4,58118.6
1730698200000,68981.4,69044.4,68850.1,68863.6,76721.7
1730699100000,68863.6,68877.2,68725.0,68826.8,117641.1
1730700000000,68826.8,69086.9,68823.9,69002.0,92164.1
1730700900000,69002.0,69163.5,68979.1,69102.8,52543.5
1730701800000,69102.7,69111.5,68971.0,68994.9,42989.4
1730702700000,68994.9,69174.0,68936.9,69132.0,41019.0
1730703600000,69132.0,69186.1,69019.9,69025.1,54765.7
1730704500000,69025.2,69049.9,68911.9,68925.0,37461.5
1730705400000,68925.1,68925.1,68732.8,68760.4,88287.0
1730706300000,68760.4,68760.4,68630.0,68630.5,94598.7
1730707200000,68630.4,68771.1,68588.1,68697.7,99039.7
1730708100000,68697.7,68738.0,68568.0,68651.3,59932.4
1730709000000,68651.4,68655.4,68500.2,68536.0,78078.2
1730709900000,68536.0,68715.0,68474.9,68700.0,105631.9
1730710800000,68700.1,68857.1,68698.0,68857.0,88879.0
1730711700000,68857.0,68938.1,68758.0,68758.0,71335.8
1730712600000,68758.0,68766.2,68484.0,68659.4,106965.4
1730713500000,68659.3,68710.6,68583.8,68652.8,47889.6
1730714400000,68652.8,68888.0,68615.4,68821.1,65778.1
1730715300000,68821.1,68918.0,68758.2,68763.5,76056.5
1730716200000,68763.5,68916.6,68750.1,68902.6,48105.4
1730717100000,68902.6,68920.0,68775.1,68843.3,31686.9
1730718000000,68843.2,68914.9,68706.0,68849.7,49459.9
1730718900000,68849.7,69058.1,68772.5,68785.4,110713.0
1730719800000,68785.4,68861.1,68748.1,68801.9,26560.4
1730720700000,68801.8,68900.3,68766.0,68800.0,29015.8
1730721600000,68800.1,68980.0,68749.2,68919.9,73379.2
1730722500000,68919.9,69020.4,68871.5,68929.8,54766.0
1730723400000,68929.8,68988.8,68840.0,68872.2,31091.9
1730724300000,68872.3,69016.0,68864.6,68968.4,45343.1
1730725200000,68968.4,69258.0,68942.8,69153.0,138505.8
1730726100000,69153.0,69271.6,69065.5,69091.9,87585.8
1730727000000,69091.9,69171.7,68853.1,68897.4,140481.4
1730727900000,68897.4,68970.0,68662.8,68676.0,142583.0
1730728800000,68675.9,68713.0,68520.0,68602.8,185207.1
1730729700000,68602.9,68737.1,68530.3,68669.7,101317.9
1730730600000,68669.6,68700.0,68276.0,68401.1,342624.8
1730731500000,68401.1,68511.9,68200.1,68410.0,240278.4
1730732400000,68410.1,68533.9,68268.4,68268.4,191553.0
1730733300000,68268.5,68517.3,68248.2,68483.4,140864.9
1730734200000,68483.3,68500.0,68333.0,68433.0,84070.3
1730735100000,68432.9,68765.3,68333.0,68636.5,200509.5
1730736000000,68636.5,68830.9,68474.3,68653.1,117907.6
1730736900000,68653.2,68664.4,68240.0,68292.3,164198.1
1730737800000,68292.2,68348.9,67830.0,67956.4,363568.3
1730738700000,67956.4,68007.5,67618.0,67751.9,360011.5
1730739600000,67751.8,67751.8,67429.8,67445.0,366118.4
1730740500000,67444.9,67879.9,67222.0,67787.9,478543.6
1730741400000,67787.9,67925.5,67671.5,67800.1,172726.5
1730742300000,67800.0,67900.0,67709.9,67822.5,74787.0
1730743200000,67822.4,67852.0,67555.5,67687.9,138217.7
1730744100000,67687.8,68044.7,67655.0,67786.0,110041.6
1730745000000,67786.0,67860.0,67652.2,67680.0,82639.2
1730745900000,67679.9,67749.9,67629.4,67655.0,43296.6
1730746800000,67655.0,68049.2,67636.2,68014.3,104126.5
1730747700000,68014.4,68068.0,67898.1,67972.0,52609.2
1730748600000,67971.8,67980.0,67812.7,67840.2,67003.2
1730749500000,67839.7,67946.3,67813.0,67851.6,25874.6
1730750400000,67851.6,67851.6,67692.0,67695.4,54732.3
1730751300000,67695.4,67754.7,67586.0,67672.1,61702.5
1730752200000,67672.1,67690.0,67476.0,67575.8,89485.1
1730753100000,67575.8,67609.1,67326.3,67360.0,131284.2
1730754000000,67359.9,67563.7,67342.0,67516.4,72645.5
1730754900000,67516.4,67643.0,67039.2,67497.1,273093.5
1730755800000,67497.0,67534.5,66903.6,67018.4,307727.9
1730756700000,67018.4,67255.8,66811.7,67115.3,227573.4
1730757600000,67115.3,67688.6,67052.3,67688.0,225190.1
1730758500000,67688.0,67848.2,67610.0,67711.8,116038.3
1730759400000,67711.8,67843.1,67645.8,67772.7,48279.3
1730760300000,67772.6,68111.0,67764.9,67924.2,103330.9
1730761200000,67924.3,68037.9,67796.6,67840.0,98596.3
1730762100000,67840.0,67919.7,67690.5,67752.1,73553.5
1730763000000,67752.1,67967.7,67707.3,67740.3,72112.9
1730763900000,67740.3,67878.2,67645.7,67858.8,72780.3
1730764800000,67858.8,68068.0,67800.0,67937.1,119121.6
1730765700000,67933.4,68118.7,67875.9,68003.5,76103.6
1730766600000,68003.2,68116.0,67950.2,68026.7,71189.1
1730767500000,68026.7,68188.0,67977.0,68034.3,71204.1
1730768400000,68034.3,68102.0,67950.0,67980.0,49912.8
1730769300000,67980.0,68040.0,67582.4,67642.0,189342.5
1730770200000,67642.0,67870.0,67466.2,67869.8,136429.0
1730771100000,67869.7,68084.0,67867.9,68000.0,136355.9
1730772000000,68000.0,68080.0,67924.7,68029.6,59592.9
1730772900000,68030.2,68060.0,67871.1,68014.9,55180.0
1730773800000,68015.0,68068.0,67882.3,67888.0,33215.1
1730774700000,67888.0,67921.8,67822.6,67882.3,41165.6
1730775600000,67884.0,68088.8,67878.5,68051.6,45354.9
1730776500000,68051.6,68127.5,67983.3,68127.5,49787.9
1730777400000,68127.4,68138.0,68004.9,68096.8,35435.7
1730778300000,68096.8,68280.0,68028.1,68237.1,71430.5
1730779200000,68237.1,68382.3,68211.0,68352.0,92399.1
1730780100000,68352.0,68475.3,68352.0,68388.6,114483.9
1730781000000,68388.7,68449.9,68325.0,68440.0,46499.8
1730781900000,68440.0,68508.8,68317.5,68319.2,86212.9
1730782800000,68319.3,68428.1,68294.4,68392.0,43617.5
1730783700000,68392.0,68427.1,68330.0,68395.4,41889.2
1730784600000,68395.4,68572.2,68390.2,68487.0,67750.8
1730785500000,68487.1,68830.0,68487.0,68749.8,211246.8
1730786400000,68749.9,68799.9,68574.9,68607.9,99168.0
1730787300000,68610.0,68685.4,68568.9,68610.0,39581.0
1730788200000,68610.0,68727.6,68610.0,68679.9,61183.3
1730789100000,68680.0,68800.0,68650.5,68770.1,66367.3
1730790000000,68770.0,68795.0,68712.4,68726.0,39364.9
1730790900000,68726.1,68726.1,68572.0,68581.7,65766.4
1730791800000,68581.7,68969.8,68581.6,68918.2,132887.2
1730792700000,68918.2,68979.8,68815.0,68893.7,78135.7
1730793600000,68893.7,69012.0,68849.0,68880.7,103972.4
1730794500000,68880.7,68940.3,68808.6,68821.8,57848.0
1730795400000,68821.9,68865.7,68775.1,68782.8,34519.2
1730796300000,68782.9,69068.1,68782.8,69037.6,102474.7
1730797200000,69037.6,69107.1,68843.2,69000.0,174373.7
1730798100000,69000.1,69000.1,68828.0,68830.0,53295.4
1730799000000,68830.1,68900.0,68740.0,68848.5,87963.9
1730799900000,68848.5,68887.9,68745.0,68784.0,69908.3
1730800800000,68784.0,68792.9,68635.0,68693.8,120266.7
1730801700000,68693.8,68830.0,68622.0,68830.0,55774.8
1730802600000,68829.9,68855.4,68725.7,68755.0,38707.3
1730803500000,68755.0,68788.0,68683.5,68781.7,25165.3
1730804400000,68781.7,68927.5,68777.5,68919.1,61036.0
1730805300000,68919.1,68924.9,68810.4,68840.7,29361.6
1730806200000,68840.7,68980.0,68780.0,68785.4,80608.6
1730807100000,68785.3,68868.8,68770.0,68815.0,34355.8
1730808000000,68815.1,68907.8,68800.2,68810.1,41555.3
1730808900000,68810.0,68814.9,68674.6,68722.6,55231.9
1730809800000,68722.7,68969.5,68689.7,68891.9,82042.9
1730810700000,68891.8,68950.0,68804.5,68880.0,51713.6
1730811600000,68880.0,68912.0,68710.7,68760.1,64017.9
1730812500000,68760.0,68798.6,68683.4,68751.1,60591.9
1730813400000,68751.4,68860.0,68741.6,68797.6,44935.5
1730814300000,68797.5,68922.0,68737.8,68821.9,93569.5
1730815200000,68822.0,68925.0,68773.0,68924.9,55839.1
1730816100000,68924.9,69489.4,68868.1,69350.1,472490.9
1730817000000,69350.0,70150.0,69350.0,70003.3,784221.3
1730817900000,70003.3,70350.6,69620.1,69968.0,789006.2
1730818800000,69967.9,70081.4,69600.0,69935.0,434121.0
1730819700000,69935.0,69961.5,69333.3,69414.5,374118.1
1730820600000,69414.5,69748.7,69217.0,69719.9,467320.3
1730821500000,69719.9,69772.7,69420.8,69638.0,137242.7
1730822400000,69638.0,69926.7,69533.5,69817.9,180223.8
1730823300000,69818.0,69994.9,69792.4,69973.3,150795.8
1730824200000,69973.2,70573.5,69963.0,70140.0,507961.0
1730825100000,70140.0,70301.2,69866.7,70199.6,252329.9
1730826000000,70199.5,70459.5,70076.3,70440.0,187219.6
1730826900000,70439.9,70485.3,70126.1,70139.9,129981.2
1730827800000,70139.9,70212.0,69978.0,70115.0,135698.0
1730828700000,70115.0,70130.3,69891.0,69960.4,128415.0
1730829600000,69960.4,70127.6,69719.5,69777.9,221008.7
1730830500000,69777.9,70006.2,69719.7,70000.8,96734.0
1730831400000,70000.8,70224.2,69922.0,70155.0,77940.7
1730832300000,70156.2,70269.9,70036.3,70232.2,78371.0
1730833200000,70232.7,70272.5,70000.0,70004.1,76902.6
1730834100000,70004.2,70100.0,69857.7,70026.3,82824.1
1730835000000,70026.4,70031.8,69876.8,69979.3,44709.0
1730835900000,69979.2,70050.5,68680.0,68998.7,825922.3
1730836800000,68998.6,69532.0,68832.9,69483.2,335003.5
1730837700000,69483.1,69494.8,69185.0,69468.8,163312.0
1730838600000,69468.9,69671.0,69357.4,69505.7,137099.3
1730839500000,69504.3,69600.0,69400.1,69438.5,106050.1
1730840400000,69438.6,69543.6,69291.5,69512.0,77070.9
1730841300000,69512.0,69579.8,69320.9,69506.0,67334.4
1730842200000,69505.9,69619.9,69473.2,69480.0,29965.8
1730843100000,69480.1,69480.1,69081.3,69163.2,95693.6
1730844000000,69163.1,69309.4,69047.8,69192.0,70379.8
1730844900000,69192.0,69248.0,68890.0,69232.8,100446.1
1730845800000,69232.8,69540.9,69232.8,69387.1,82016.6
1730846700000,69387.1,69607.2,69325.8,69592.1,46371.6
1730847600000,69592.1,69712.5,69485.2,69622.6,73797.4
1730848500000,69622.6,69819.3,69559.2,69819.3,58084.5
1730849400000,69819.2,69917.1,69431.6,69471.0,119944.6
1730850300000,69470.9,69509.0,69291.6,69381.9,106688.0
1730851200000,69382.0,69766.0,69300.0,69727.8,131723.1
1730852100000,69727.9,70360.1,69514.1,70319.2,302043.1
1730853000000,70319.2,71234.0,70312.4,71213.3,739578.7
1730853900000,71213.3,71461.6,71012.1,71107.6,509323.4
1730854800000,71102.3,71426.2,71102.3,71327.9,290489.6
1730855700000,71328.0,71365.8,70595.2,71059.5,547200.2
1730856600000,71059.6,71267.0,70878.0,71024.4,267700.5
1730857500000,71024.5,71273.0,70963.6,71128.0,191397.3
1730858400000,71128.1,71488.0,70950.0,71300.8,255177.0
1730859300000,71300.0,72555.0,71295.1,72406.6,959888.9
1730860200000,72406.7,72911.0,72381.6,72849.9,605502.5
1730861100000,72849.8,73357.9,72782.2,73116.2,545343.8
1730862000000,73116.3,75423.4,73088.0,74112.7,2649365.9
1730862900000,74112.8,74773.4,73500.2,73978.9,925601.2
1730863800000,73979.0,74477.8,73828.8,74412.0,407553.4
1730864700000,74412.0,74466.4,74150.0,74378.0,283792.4
1730865600000,74377.9,74723.8,73922.3,74408.0,548220.5
1730866500000,74408.0,74925.8,74371.6,74722.0,466179.6
1730867400000,74722.1,74998.0,74483.7,74657.2,368221.4
1730868300000,74657.2,74787.0,74241.2,74281.0,240532.7
1730869200000,74281.0,74368.1,73660.0,73992.8,547712.3
1730870100000,73990.0,74500.0,73910.0,74400.0,298590.8
1730871000000,74400.0,74645.6,74300.0,74592.7,216401.7
1730871900000,74592.8,74890.1,74510.4,74802.0,232976.6
1730872800000,74801.9,75218.8,74508.0,74922.8,518755.0
1730873700000,74925.0,75488.0,74729.4,74771.0,623762.0
1730874600000,74771.1,75115.4,74564.8,74739.6,339400.6
1730875500000,74739.5,74840.2,74203.3,74288.0,385146.8
1730876400000,74288.1,74692.3,74260.9,74511.0,194660.7
1730877300000,74511.0,74667.8,74168.0,74182.5,260951.8
1730878200000,74182.5,74330.9,73012.7,73676.4,824243.1
1730879100000,73676.5,73894.1,73306.4,73419.2,468013.2
1730880000000,73419.2,73585.0,72716.0,73388.5,632540.4
1730880900000,73388.0,73458.3,72860.0,73076.7,271115.4
1730881800000,73076.7,73420.1,72750.0,73392.4,405617.2
1730882700000,73392.4,73559.0,73240.0,73481.7,189146.6
1730883600000,73481.7,73888.0,73481.7,73778.0,300833.3
1730884500000,73776.6,73900.0,73585.6,73771.6,134127.6
1730885400000,73773.4,74132.8,73701.9,73869.9,243803.3
1730886300000,73869.9,73949.9,73699.7,73770.8,154939.1
1730887200000,73770.8,73837.9,73388.0,73488.2,244125.2
1730888100000,73488.2,73648.1,73435.0,73559.1,106846.6
1730889000000,73556.2,73945.8,73435.0,73876.9,208788.5
1730889900000,73877.0,73950.0,73800.0,73835.7,73884.2
1730890800000,73835.7,73879.2,73621.8,73841.5,75138.8
1730891700000,73841.4,74344.8,73827.0,74303.6,313316.9
1730892600000,74303.6,74529.1,74206.6,74225.3,330720.2
1730893500000,74225.3,74350.0,74070.0,74292.0,138303.6
1730894400000,74292.0,74788.4,74280.5,74563.9,263889.7
1730895300000,74563.9,74692.1,74370.8,74434.3,143097.8
1730896200000,74434.4,74528.2,74300.0,74370.6,99085.7
1730897100000,74370.7,74434.0,74170.1,74181.9,119402.0
1730898000000,74181.9,74289.5,73942.5,74111.3,211744.6
1730898900000,74111.3,74229.9,73579.2,73920.0,284112.4
1730899800000,73919.9,74078.2,73786.7,73786.7,162156.1
1730900700000,73786.7,74074.0,73762.6,73990.8,111012.0
1730901600000,73990.9,74218.0,73601.0,73860.0,260890.9
1730902500000,73860.1,74200.0,73746.0,74175.3,140754.9
1730903400000,74175.3,74747.8,74107.4,74373.5,472059.9
1730904300000,74373.5,74379.9,73485.0,73654.9,607003.3
1730905200000,73654.8,74399.9,73520.0,74328.8,396279.5
1730906100000,74328.7,74497.4,74075.0,74303.3,312469.0
1730907000000,74303.4,74309.8,73861.6,74157.1,257137.8
1730907900000,74157.6,74493.5,74133.3,74296.1,211640.0
1730908800000,74296.1,74545.5,74175.1,74543.8,179193.2
1730909700000,74543.8,74575.0,74168.0,74314.9,188178.7
1730910600000,74316.6,74450.0,74176.1,74200.0,118350.4
1730911500000,74201.5,74342.9,74129.9,74342.9,83028.3
1730912400000,74342.8,74599.9,74143.8,74548.2,211818.1
1730913300000,74548.1,74672.0,74455.1,74524.9,125833.9
1730914200000,74525.0,74650.0,74473.7,74588.6,66629.9
1730915100000,74588.7,74630.7,74400.0,74456.8,48316.7
1730916000000,74456.9,74960.0,74402.7,74855.9,262516.7
1730916900000,74855.9,74988.0,74750.4,74972.7,129903.1
1730917800000,74972.6,75058.0,74760.0,75005.4,143344.7
1730918700000,75005.5,75240.4,74922.0,75237.7,156255.1
1730919600000,75237.7,75399.9,75052.1,75384.3,198719.6
1730920500000,75384.3,75548.9,75282.6,75315.0,190384.8
1730921400000,75314.2,75497.7,75051.1,75480.0,226086.1
1730922300000,75480.0,75850.0,75412.0,75830.3,394511.3
1730923200000,75830.2,76109.3,75530.4,75950.1,458434.4
1730924100000,75952.0,76021.0,75622.2,75650.6,183049.5
1730925000000,75650.7,75763.7,75515.0,75754.9,146242.7
1730925900000,75754.8,76422.0,75669.6,76101.6,400556.7
1730926800000,76101.6,76183.3,75820.9,76071.0,192413.4
1730927700000,76070.4,76140.0,75757.0,75774.3,102362.0
1730928600000,75774.4,75871.8,75670.0,75839.7,94572.6
1730929500000,75839.8,75917.8,75680.2,75902.7,54523.0
1730930400000,75902.7,76058.4,75720.0,75732.3,108761.1
1730931300000,75732.4,75913.0,75630.9,75716.1,64075.3
1730932200000,75716.0,75763.7,75550.0,75637.9,108865.5
1730933100000,75637.9,75899.6,75604.4,75647.0,96549.2
1730934000000,75647.1,75740.0,75588.1,75649.8,86484.9
1730934900000,75649.8,75855.5,75589.1,75828.4,62964.0
1730935800000,75828.5,75840.7,75578.0,75583.3,67939.5
1730936700000,75583.3,75657.7,75578.1,75598.2,60937.5
1730937600000,75598.1,75666.0,75346.1,75422.3,168243.8
1730938500000,75426.2,75485.8,75208.0,75229.9,125744.3
1730939400000,75230.0,75347.5,75132.0,75256.9,113364.2
1730940300000,75253.5,75380.0,75100.0,75379.9,106914.2
1730941200000,75380.0,75487.4,75245.1,75472.1,154759.9
1730942100000,75472.0,75654.0,75285.5,75572.1,173311.4
1730943000000,75572.1,76050.0,75401.1,75410.4,345106.5
1730943900000,75410.5,75487.1,75262.0,75412.4,135479.6
1730944800000,75412.3,75481.7,75270.0,75300.1,84413.6
1730945700000,75300.1,75440.0,75219.3,75235.1,101368.7
1730946600000,75235.1,75358.1,75161.1,75176.0,99754.4
1730947500000,75176.1,75340.0,75161.1,75294.4,90162.3
1730948400000,75296.4,75300.0,75020.4,75177.8,133351.6
1730949300000,75177.7,75416.1,75042.8,75376.1,158860.7
1730950200000,75376.1,75376.1,75080.0,75184.9,67521.0
1730951100000,75187.0,75240.8,75018.0,75061.0,72321.3
1730952000000,75061.1,75077.2,74858.0,74874.8,185772.4
1730952900000,74874.8,74947.0,74802.5,74885.4,96338.0
1730953800000,74887.7,74939.4,74666.0,74670.7,140096.3
1730954700000,74670.8,74843.6,74644.7,74764.2,105173.6
1730955600000,74764.1,74869.8,74720.0,74806.8,78212.6
1730956500000,74806.7,74935.0,74753.6,74916.8,65318.3
1730957400000,74916.7,74922.4,74800.0,74803.9,45008.4
1730958300000,74803.9,74900.0,74746.8,74788.0,46349.2
1730959200000,74788.0,74799.9,74450.0,74463.5,185785.8
1730960100000,74463.6,74810.7,74463.5,74757.1,117174.0
1730961000000,74757.1,74885.6,74474.0,74563.3,128224.3
1730961900000,74563.2,74816.1,74450.2,74799.7,105678.3
1730962800000,74799.7,74920.0,74701.1,74880.0,107281.4
1730963700000,74880.1,74900.0,74807.0,74807.1,42088.6
1730964600000,74807.1,74983.7,74800.0,74930.1,77472.5
1730965500000,74930.0,74990.9,74783.0,74783.0,61025.8
1730966400000,74783.1,75136.7,74701.0,75064.9,166441.7
1730967300000,75064.9,75184.9,74987.4,75050.8,105711.1
1730968200000,75050.8,75165.7,75009.3,75099.9,58984.4
1730969100000,75099.9,75185.0,75017.3,75185.0,44135.9
1730970000000,75185.0,75185.0,75100.0,75121.4,41610.6
1730970900000,75121.5,75173.1,75000.1,75120.0,59810.5
1730971800000,75120.1,75130.9,74954.2,74963.3,57901.3
1730972700000,74963.3,75055.0,74832.9,74948.3,96402.9
1730973600000,74948.3,75047.0,74782.0,75022.0,81184.6
1730974500000,75022.0,75040.3,74859.7,74888.0,34086.0
1730975400000,74888.0,74936.0,74776.2,74871.0,63199.0
1730976300000,74871.0,75063.0,74871.0,75044.8,43605.8
1730977200000,75044.9,75062.6,74880.6,74988.6,37577.0
1730978100000,74988.6,74999.8,74841.0,74848.2,33909.1
1730979000000,74848.3,74949.4,74803.5,74841.7,39088.1
1730979900000,74841.7,74884.8,74722.9,74771.8,107744.8
1730980800000,74771.8,74998.6,74744.0,74998.6,60731.9
1730981700000,74998.6,75020.0,74920.0,74978.8,36198.9
1730982600000,74978.7,75103.8,74911.2,75076.5,55204.3
1730983500000,75076.5,75133.1,74885.9,75003.9,73854.8
1730984400000,75004.0,75050.0,74888.0,74946.9,48769.7
1730985300000,74946.8,74983.4,74791.3,74815.1,87343.4
1730986200000,74815.1,74815.2,74608.0,74728.7,125344.1
1730987100000,74728.7,74843.1,74639.9,74681.7,82727.4
1730988000000,74681.8,74888.0,74592.9,74763.2,135053.2
1730988900000,74763.3,74886.0,74625.0,74864.8,62956.9
1730989800000,74864.8,75000.0,74603.6,74672.7,203760.2
1730990700000,74672.7,74920.0,74508.1,74823.3,168385.4
1730991600000,74823.2,75280.8,74684.2,75227.9,267624.5
1730992500000,75228.0,75494.4,75209.0,75394.8,242082.2
1730993400000,75394.8,75779.6,75216.7,75659.9,279368.8
1730994300000,75659.9,76076.2,75517.8,76059.9,334394.5
1730995200000,76060.0,76214.0,75680.8,75770.3,366040.2
1730996100000,75770.3,75771.8,75567.0,75648.0,156857.0
1730997000000,75648.0,75844.6,75560.4,75733.3,87837.1
1730997900000,75733.3,75975.6,75704.0,75888.5,108294.3
1730998800000,75888.5,76195.0,75742.2,76112.7,151186.5
1730999700000,76112.8,76284.3,76009.6,76246.8,206392.9
1731000600000,76244.6,76398.0,76103.0,76251.2,211267.0
1731001500000,76251.3,76498.9,76195.1,76265.5,152441.4
1731002400000,76265.6,76383.9,75775.2,76037.6,244532.7
1731003300000,76037.7,76393.0,76009.1,76379.9,120331.7
1731004200000,76379.9,76724.5,76280.0,76485.5,298950.1
1731005100000,76485.6,76750.0,76476.3,76590.1,165655.3
1731006000000,76590.0,76605.7,76121.6,76468.5,343445.0
1731006900000,76468.9,76548.0,75920.0,76260.8,294810.8
1731007800000,76260.8,76380.0,75933.3,76130.4,200667.4
1731008700000,76130.5,76520.0,76100.0,76520.0,175673.1
1731009600000,76520.0,76634.4,76430.7,76600.0,130051.1
1731010500000,76599.9,76882.2,76400.0,76413.2,332822.4
1731011400000,76413.2,76652.0,76312.0,76372.0,145173.8
1731012300000,76371.9,76545.4,76275.6,76423.7,111232.4
1731013200000,76423.7,76578.4,76368.6,76390.1,78281.1
1731014100000,76390.1,76422.8,76225.0,76330.0,81387.9
1731015000000,76329.9,76338.7,76036.4,76060.0,113204.7
1731015900000,76060.0,76112.0,75858.0,75876.0,109609.0
1731016800000,75876.0,76000.0,75640.0,75684.5,136231.3
1731017700000,75684.6,75750.0,75484.9,75645.8,140193.7
1731018600000,75645.8,75832.9,75645.8,75795.7,76919.9
1731019500000,75795.6,75878.8,75716.0,75878.7,60119.2
1731020400000,75878.7,76046.0,75687.2,75816.5,121768.4
1731021300000,75816.6,75948.2,75793.8,75855.3,41570.0
1731022200000,75855.4,76034.2,75810.0,76020.8,56062.8
1731023100000,76020.8,76088.0,75840.0,75856.0,48474.6
1731024000000,75856.0,76114.9,75845.0,75993.3,106343.5
1731024900000,75993.3,76323.0,75968.7,76228.0,128757.6
1731025800000,76228.0,76378.8,76105.1,76170.1,106076.2
1731026700000,76170.0,76236.6,76001.8,76017.7,71202.3
1731027600000,76017.8,76188.0,75990.0,76129.1,61002.4
1731028500000,76129.1,76336.0,76018.0,76231.3,78065.2
1731029400000,76231.4,76257.9,75828.8,75952.7,101672.6
1731030300000,75952.7,76129.5,75884.0,75990.2,62037.0
1731031200000,75990.3,76031.9,75799.9,75809.8,93668.4
1731032100000,75809.8,75879.7,75659.2,75719.9,96999.2
1731033000000,75720.0,75837.9,75657.7,75680.9,69184.8
1731033900000,75680.9,75779.6,75676.5,75730.1,42387.1
1731034800000,75730.0,75900.0,75580.8,75859.9,120495.9
1731035700000,75860.0,75894.0,75751.3,75760.4,39843.5
1731036600000,75760.4,75807.4,75616.5,75805.1,84489.4
1731037500000,75805.0,75903.5,75788.0,75903.5,35503.1
1731038400000,75903.5,75942.9,75831.6,75930.0,41226.9
1731039300000,75929.9,76049.7,75928.0,75967.3,63449.8
1731040200000,75967.3,76039.0,75872.9,75887.2,47811.7
1731041100000,75887.9,75930.0,75815.7,75839.0,29353.6
1731042000000,75838.9,76000.0,75815.0,75955.7,34660.7
1731042900000,75955.5,76000.0,75846.2,75998.9,45221.7
1731043800000,75999.0,76164.5,75988.0,76049.0,86336.3
1731044700000,76049.0,76078.1,75960.0,75992.0,29036.1
1731045600000,75992.0,75999.2,75886.0,75965.1,39655.3
1731046500000,75965.1,76020.0,75866.8,75927.4,39231.1
1731047400000,75927.4,75960.8,75864.6,75914.6,52447.4
1731048300000,75914.5,75960.1,75828.9,75878.1,37498.9
1731049200000,75878.0,75910.9,75690.2,75765.6,92564.5
1731050100000,75765.6,76000.0,75712.0,76000.0,79683.8
1731051000000,75999.9,76200.0,75944.5,76116.1,140260.0
1731051900000,76116.2,76248.4,76110.4,76177.5,116997.2
1731052800000,76177.6,76188.0,75820.0,75859.6,120876.4
1731053700000,75859.7,75959.2,75778.1,75912.4,78617.7
1731054600000,75912.5,75939.1,75782.0,75822.9,43160.3
1731055500000,75822.9,75898.2,75778.0,75822.1,50931.8
1731056400000,75822.6,75955.0,75786.0,75923.5,51154.8
1731057300000,75923.4,76081.0,75912.3,76012.0,58085.1
1731058200000,76012.1,76091.5,75939.9,76047.9,47413.5
1731059100000,76047.9,76050.1,75935.0,75954.0,27360.9
1731060000000,75954.0,75963.6,75780.0,75877.2,57074.3
1731060900000,75877.2,76038.0,75827.6,76038.0,29660.2
1731061800000,76037.9,76116.0,75936.4,76115.0,35061.6
1731062700000,76115.0,76344.0,76041.3,76248.5,136745.4
1731063600000,76248.4,76298.0,76132.7,76157.1,69797.7
1731064500000,76157.0,76224.4,76103.2,76150.0,36896.8
1731065400000,76150.0,76168.5,76070.0,76115.9,37325.0
1731066300000,76115.1,76140.6,75925.3,75948.3,52901.9
1731067200000,75948.3,76076.2,75934.1,75982.7,77982.7
1731068100000,75982.7,76060.0,75950.0,76008.0,42868.6
1731069000000,76008.0,76184.3,75961.0,76080.2,60130.2
1731069900000,76080.3,76195.7,76012.5,76073.1,61044.8
1731070800000,76073.0,76100.0,75872.0,75913.1,88270.1
1731071700000,75913.1,76019.4,75880.0,75934.7,53231.5
1731072600000,75934.7,76017.5,75858.0,76000.5,42848.3
1731073500000,76000.5,76290.0,76000.4,76270.1,123608.2
1731074400000,76270.0,76311.9,76042.2,76044.8,161774.2
1731075300000,76044.8,76150.0,75964.1,76143.0,148777.7
1731076200000,76143.1,76247.1,75661.8,75701.1,276834.7
1731077100000,75701.1,75870.2,75600.1,75750.0,259829.2
1731078000000,75750.0,75998.5,75622.1,75882.2,236395.0
1731078900000,75881.1,76500.0,75769.2,76399.9,416038.4
1731079800000,76399.8,76599.8,76260.0,76290.1,247613.6
1731080700000,76290.0,76428.5,75897.4,76415.1,260553.7
1731081600000,76415.1,76533.2,76214.1,76330.8,180752.5
1731082500000,76330.8,76377.2,76176.0,76176.0,94487.9
1731083400000,76176.1,76213.9,75801.7,75893.9,269531.0
1731084300000,75893.9,76127.2,75838.0,75912.1,102187.8
1731085200000,75912.0,76086.0,75820.0,75860.5,101313.1
1731086100000,75860.5,76034.6,75810.3,75932.0,84114.5
1731087000000,75932.0,76281.3,75860.0,76262.6,144459.7
1731087900000,76262.6,76528.0,76191.8,76381.0,214288.1
1731088800000,76381.0,76487.0,76340.0,76396.3,70305.7
1731089700000,76396.3,76588.0,76352.1,76565.0,138438.6
1731090600000,76564.9,77049.0,76524.2,76831.9,440616.9
1731091500000,76831.8,76982.8,76673.7,76800.9,125787.5
1731092400000,76800.0,76986.6,76790.0,76948.7,99350.3
1731093300000,76948.7,77021.9,76785.3,76999.0,98861.9
1731094200000,76999.0,77178.0,76718.8,77089.4,195106.4
1731095100000,77089.3,77198.1,76893.8,76902.1,141205.3
1731096000000,76902.2,77088.0,76697.1,76731.8,252600.6
1731096900000,76731.8,76795.6,76408.1,76460.8,277705.1
1731097800000,76460.8,76640.0,76407.6,76591.4,110195.3
1731098700000,76591.4,76720.0,76470.1,76570.5,92617.1
1731099600000,76570.4,76688.0,76539.1,76539.1,72579.3
1731100500000,76538.5,76538.5,76370.0,76413.8,75418.9
1731101400000,76413.8,76640.7,76376.8,76489.4,46192.8
1731102300000,76489.4,76510.0,76392.5,76472.0,29200.5
1731103200000,76472.0,76599.0,76429.4,76508.6,29246.7
1731104100000,76508.6,76627.0,76417.1,76599.8,55186.3
1731105000000,76599.8,76619.8,76393.6,76489.8,51137.4
1731105900000,76489.7,76489.8,76286.9,76371.0,77443.4
1731106800000,76371.0,76448.0,76295.8,76433.2,38049.7
1731107700000,76433.2,76478.4,76378.2,76395.7,24006.0
1731108600000,76395.7,76468.3,76320.4,76443.5,42774.3
1731109500000,76443.5,76520.3,76443.5,76501.6,17795.5
1731110400000,76501.6,76600.0,76420.0,76582.9,42077.5
1731111300000,76583.0,76631.5,76515.5,76517.0,29768.6
1731112200000,76516.9,76620.0,76401.4,76615.5,47147.4
1731113100000,76615.5,76615.5,76358.1,76430.0,67339.6
1731114000000,76429.7,76550.0,76360.2,76501.8,45300.8
1731114900000,76501.9,76523.2,76338.0,76344.1,41599.4
1731115800000,76344.1,76424.0,76260.0,76420.0,58103.7
1731116700000,76420.1,76420.1,76267.8,76321.6,45814.2
1731117600000,76321.5,76346.3,76222.1,76235.9,42398.4
1731118500000,76236.0,76299.0,76150.0,76271.6,89631.4
1731119400000,76271.6,76344.3,76193.0,76275.6,37998.1
1731120300000,76275.6,76450.1,76262.6,76438.3,65388.7
1731121200000,76438.3,76455.0,76274.0,76350.9,50854.2
1731122100000,76350.9,76363.0,76250.7,76309.9,26897.4
1731123000000,76310.0,76345.3,76250.0,76334.8,21036.7
1731123900000,76334.8,76366.9,76268.9,76346.1,16182.6
1731124800000,76346.2,76400.0,76346.2,76360.1,34856.3
1731125700000,76360.0,76408.5,76357.2,76370.5,17628.7
1731126600000,76370.5,76420.0,76301.6,76404.1,26028.6
1731127500000,76404.1,76420.1,76356.0,76380.3,20028.8
1731128400000,76380.2,76449.0,76357.2,76409.6,24146.6
1731129300000,76409.6,76465.0,76364.3,76397.1,32521.3
1731130200000,76397.0,76666.0,76363.6,76587.2,107869.8
1731131100000,76587.2,76666.0,76501.1,76550.0,109849.0
1731132000000,76550.1,76800.0,76505.4,76708.0,141738.8
1731132900000,76708.0,76743.1,76600.0,76629.3,48225.1
1731133800000,76629.3,76650.0,76400.0,76483.6,123577.7
1731134700000,76483.6,76560.2,76433.9,76519.9,46839.8
1731135600000,76519.9,76542.9,76443.8,76495.4,49346.5
1731136500000,76495.5,76547.3,76361.6,76398.1,64858.1
1731137400000,76398.1,76457.8,76371.1,76408.0,38717.9
1731138300000,76408.0,76545.0,76390.0,76539.1,50577.3
1731139200000,76539.2,76552.7,76434.4,76547.6,38466.7
1731140100000,76547.6,76628.8,76547.5,76594.0,50316.3
1731141000000,76594.1,76661.7,76553.3,76638.8,54419.6
1731141900000,76638.8,76750.0,76531.6,76550.4,83304.6
1731142800000,76550.4,76646.2,76547.1,76597.9,56276.4
1731143700000,76597.9,76627.1,76505.8,76555.8,39044.3
1731144600000,76555.8,76629.1,76501.1,76544.0,67896.5
1731145500000,76543.9,76597.4,76530.4,76558.1,14571.1
1731146400000,76558.1,76605.0,76539.3,76581.7,21424.0
1731147300000,76581.7,76637.4,76531.2,76531.2,37852.9
1731148200000,76531.2,76531.3,76412.0,76463.5,58957.5
1731149100000,76463.4,76500.0,76429.8,76462.5,46877.6
1731150000000,76462.5,76521.0,76421.1,76433.9,29426.8
1731150900000,76433.9,76452.6,76383.0,76383.1,30700.5
1731151800000,76383.1,76444.9,76383.0,76429.6,21099.1
1731152700000,76429.6,76524.0,76429.6,76499.6,49296.3
1731153600000,76499.6,76589.9,76395.0,76395.1,41223.8
1731154500000,76395.1,76459.5,76360.2,76413.9,31537.4
1731155400000,76413.9,76413.9,76328.0,76344.9,41950.7
1731156300000,76344.9,76360.7,76283.8,76288.0,54437.9
1731157200000,76287.9,76366.9,76287.9,76366.9,34779.1
1731158100000,76366.9,76374.1,76294.5,76351.8,27597.5
1731159000000,76351.7,76473.6,76300.0,76401.5,49011.6
1731159900000,76401.4,76499.9,76351.8,76424.8,46185.4
1731160800000,76424.8,76448.9,76284.5,76319.8,42691.7
1731161700000,76319.9,76367.3,76265.0,76348.1,74977.5
1731162600000,76348.2,76348.2,76276.0,76276.1,34025.0
1731163500000,76276.0,76411.2,76273.1,76361.1,53690.0
1731164400000,76361.1,76361.1,76280.0,76307.9,35192.1
1731165300000,76307.8,76384.1,76307.8,76336.0,24032.9
1731166200000,76336.0,76418.0,76335.9,76366.4,27472.5
1731167100000,76366.4,76366.5,76291.0,76313.8,25028.7
1731168000000,76313.8,76333.3,76241.4,76247.9,42331.8
1731168900000,76247.8,76278.9,76050.5,76108.9,146924.1
1731169800000,76109.0,76204.1,76045.2,76076.9,67828.3
1731170700000,76076.9,76167.4,76060.0,76102.0,56376.5
1731171600000,76102.1,76102.1,75859.8,75868.9,191884.5
1731172500000,75869.0,75999.0,75715.0,75980.5,198577.2
1731173400000,75980.4,76107.5,75950.0,76024.1,76757.3
1731174300000,76024.1,76245.3,76001.1,76238.3,69477.7
1731175200000,76238.4,76286.9,76190.0,76200.0,73089.2
1731176100000,76199.9,76361.6,76193.6,76315.4,48920.4
1731177000000,76315.5,76379.9,76293.0,76346.2,23143.7
1731177900000,76346.2,76400.0,76335.6,76361.0,36568.7
1731178800000,76361.0,76765.2,76322.0,76502.8,254743.3
1731179700000,76502.8,76556.1,76360.6,76366.1,82883.7
1731180600000,76366.2,76366.2,76100.0,76132.9,125664.6
1731181500000,76132.9,76225.5,76132.8,76216.1,19634.8
1731182400000,76216.1,76358.0,76188.0,76300.1,29627.5
1731183300000,76300.0,76380.9,76250.0,76350.1,28356.3
1731184200000,76350.1,76366.8,76279.8,76343.0,23369.7
1731185100000,76343.0,76343.1,76234.9,76305.0,14201.9
1731186000000,76304.9,76317.7,76224.9,76258.6,19700.3
1731186900000,76258.5,76512.0,76233.3,76453.4,57157.2
1731187800000,76453.4,76453.4,76350.0,76434.6,18015.2
1731188700000,76434.6,76487.9,76371.1,76469.4,40096.5
1731189600000,76469.4,76475.0,76376.3,76401.4,19773.6
1731190500000,76401.5,76484.5,76383.5,76483.9,31036.7
1731191400000,76483.9,76550.0,76450.4,76529.8,45342.1
1731192300000,76529.8,76635.7,76385.4,76527.9,120947.9
1731193200000,76527.9,76787.8,76481.3,76630.0,108030.9
1731194100000,76630.0,76887.4,76563.5,76845.9,143687.0
1731195000000,76845.9,76946.4,76736.0,76917.2,101877.6
1731195900000,76917.7,76926.0,76600.0,76688.0,125777.7
1731196800000,76688.1,76737.8,76509.9,76705.7,64177.8
1731197700000,76705.7,76921.8,76620.4,76818.2,100164.5
1731198600000,76818.2,76919.3,76667.8,76908.1,81397.0
1731199500000,76908.0,77132.9,76867.2,76890.1,186855.4
1731200400000,76890.0,76974.3,76695.1,76710.7,112343.7
1731201300000,76710.8,76814.5,76680.3,76795.1,46526.6
1731202200000,76795.0,76855.0,76688.0,76717.2,40672.4
1731203100000,76717.2,76807.3,76677.7,76706.4,32075.8
1731204000000,76706.3,76940.7,76660.3,76888.8,83169.1
1731204900000,76890.1,77556.0,76889.3,77308.0,521436.5
1731205800000,77308.0,77427.3,77170.9,77419.9,150229.2
1731206700000,77420.0,77511.8,77030.8,77044.1,252126.2
1731207600000,77044.1,77262.7,76990.0,77227.3,123969.0
1731208500000,77227.4,77457.4,77224.3,77412.9,97384.0
1731209400000,77412.9,77413.0,77268.0,77361.0,43771.6
1731210300000,77360.9,77361.0,77201.0,77220.2,64940.8
1731211200000,77220.1,77360.0,77150.0,77328.8,83998.2
1731212100000,77328.9,77365.7,77280.0,77314.4,40170.1
1731213000000,77314.4,78099.9,77308.8,77903.1,618815.6
1731213900000,77903.2,79921.0,77903.2,79280.1,1414181.3
1731214800000,79279.0,79486.0,78885.1,79159.8,553711.2
1731215700000,79159.9,79872.2,79144.0,79767.3,510765.1
1731216600000,79767.3,79876.9,79459.9,79656.0,310517.9
1731217500000,79656.0,79723.9,79080.6,79167.9,372200.4
1731218400000,79168.0,79338.1,79005.0,79235.0,250062.5
1731219300000,79235.4,79239.5,79001.0,79001.0,110683.5
1731220200000,79001.0,79006.1,78740.0,78800.0,207960.5
1731221100000,78800.0,78964.5,78666.7,78964.5,155290.0
