ts,open,high,low,close,volume
1707894000000,49642.8,49732.8,49641.3,49666.4,102117.0
1707894900000,49666.4,49865.0,49631.3,49853.7,161868.0
1707895800000,49853.7,49888.0,49753.2,49799.5,153938.0
1707896700000,49799.5,49884.1,49775.7,49839.6,93188.0
1707897600000,49839.7,49934.8,49729.9,49750.0,178476.0
1707898500000,49750.0,49867.6,49750.0,49772.0,71011.0
1707899400000,49772.0,49892.9,49772.0,49850.0,69123.0
1707900300000,49850.1,50888.0,49807.8,50791.4,1274578.0
1707901200000,50791.5,51500.0,50650.8,50992.9,1436977.0
1707902100000,50992.9,51300.0,50913.6,51273.1,560598.0
1707903000000,51273.1,51638.8,51144.4,51434.4,535968.0
1707903900000,51434.4,51719.2,51338.1,51553.8,455943.0
1707904800000,51553.4,51595.2,51423.0,51502.0,243635.0
1707905700000,51502.0,51571.5,51240.1,51332.6,287679.0
1707906600000,51332.6,51545.9,51329.3,51416.1,204288.0
1707907500000,51416.2,51448.2,51270.0,51327.5,108693.0
1707908400000,51327.6,51342.9,51024.0,51241.3,342328.0
1707909300000,51241.3,51455.3,51170.0,51409.2,199029.0
1707910200000,51409.2,51450.0,51287.7,51313.4,125605.0
1707911100000,51313.5,51800.0,51313.5,51578.2,632016.0
1707912000000,51579.9,51854.0,51439.5,51493.5,393857.0
1707912900000,51493.5,51877.6,51465.1,51671.6,339443.0
1707913800000,51671.7,51823.1,51589.1,51686.3,253734.0
1707914700000,51684.7,51734.6,51511.1,51596.5,200891.0
1707915600000,51596.4,51658.7,51532.0,51532.0,156985.0
1707916500000,51532.0,51735.0,51519.8,51709.9,163227.0
1707917400000,51709.9,51845.4,51661.6,51798.0,194967.0
1707918300000,51797.9,51826.8,51675.0,51803.9,102266.0
1707919200000,51803.4,51809.9,51610.9,51726.4,149391.0
1707920100000,51722.5,51722.5,51572.8,51686.4,144924.0
1707921000000,51686.4,52099.1,51685.0,51787.1,895262.0
1707921900000,51787.1,52037.8,51685.7,51938.0,389682.0
1707922800000,51938.1,52017.1,51481.5,51535.6,508130.0
1707923700000,51533.1,51965.5,51310.1,51856.0,547229.0
1707924600000,51856.0,52011.0,51718.3,51737.6,315409.0
1707925500000,51737.6,51913.8,51508.6,51613.0,329273.0
1707926400000,51613.0,51743.9,51333.3,51514.5,422201.0
1707927300000,51514.5,51600.0,51223.0,51532.9,451255.0
1707928200000,51530.5,51713.0,51530.3,51682.9,196464.0
1707929100000,51682.9,51765.5,51548.0,51589.0,106645.0
1707930000000,51589.0,51745.2,51501.0,51704.9,111118.0
1707930900000,51704.9,51741.6,51610.0,51696.4,70619.0
1707931800000,51696.4,51696.5,51557.1,51557.1,60602.0
1707932700000,51557.0,51700.0,51540.0,51676.6,73283.0
1707933600000,51676.7,51700.0,51413.0,51450.0,133134.0
1707934500000,51450.0,51598.9,51386.0,51481.4,142278.0
1707935400000,51481.5,51554.9,51439.3,51463.0,54954.0
1707936300000,51463.1,51532.7,51434.0,51461.1,50238.0
1707937200000,51462.0,51524.5,51353.6,51369.4,82803.0
1707938100000,51369.5,51481.0,51188.8,51462.9,199793.0
1707939000000,51462.8,51573.2,51356.5,51546.2,111473.0
1707939900000,51546.2,51684.0,51530.2,51681.2,102817.0
1707940800000,51681.2,51833.0,51633.5,51773.7,163713.0
1707941700000,51773.7,51868.0,51736.5,51774.2,103153.0
1707942600000,51774.2,51826.0,51710.0,51769.5,68576.0
1707943500000,51769.5,51779.9,51625.1,51682.7,121403.0
1707944400000,51682.8,51688.3,51520.0,51544.8,70996.0
1707945300000,51544.8,51569.0,51476.5,51482.0,85480.0
1707946200000,51481.2,51631.7,51463.0,51601.7,47361.0
1707947100000,51601.6,51780.0,51601.6,51723.7,75607.0
1707948000000,51725.0,51777.6,51605.4,51672.9,48754.0
1707948900000,51672.9,51732.2,51651.9,51688.9,21470.0
1707949800000,51688.9,51765.4,51641.2,51689.7,23141.0
1707950700000,51689.7,51817.8,51681.1,51788.6,37544.0
1707951600000,51788.7,51840.0,51739.9,51774.4,35110.0
1707952500000,51774.5,51836.9,51729.4,51796.0,30721.0
1707953400000,51795.9,51886.9,51759.3,51830.2,79910.0
1707954300000,51830.2,51834.9,51734.3,51793.6,40958.0
1707955200000,51793.7,51897.5,51761.8,51875.5,72818.0
1707956100000,51875.4,52450.0,51863.9,52285.2,716498.0
1707957000000,52285.1,52565.3,52147.3,52387.4,392741.0
1707957900000,52387.5,52444.0,52314.7,52334.7,133519.0
1707958800000,52334.8,52364.2,52006.1,52127.2,287711.0
1707959700000,52126.9,52154.7,51849.5,51954.1,261122.0
1707960600000,51954.1,51959.4,51730.0,51846.9,233499.0
1707961500000,51846.8,51966.8,51797.4,51916.6,103342.0
1707962400000,51916.6,52121.0,51875.4,52090.1,174543.0
1707963300000,52090.0,52229.8,52064.4,52078.0,133622.0
1707964200000,52077.9,52244.5,52000.0,52194.9,120476.0
1707965100000,52194.8,52195.0,52045.4,52071.6,72846.0
1707966000000,52071.5,52190.8,52045.5,52167.1,63525.0
1707966900000,52166.9,52309.9,52162.0,52284.2,120277.0
1707967800000,52284.2,52418.6,52213.6,52346.7,122503.0
1707968700000,52346.8,52403.8,52263.3,52354.9,99929.0
1707969600000,52354.9,52380.8,52208.2,52255.7,89484.0
1707970500000,52255.8,52310.4,52202.5,52303.9,36194.0
1707971400000,52304.0,52386.8,52203.4,52373.6,76983.0
1707972300000,52373.5,52373.6,52125.8,52158.7,149603.0
1707973200000,52158.7,52255.0,52120.0,52215.9,91664.0
1707974100000,52215.8,52227.7,52095.6,52134.6,85559.0
1707975000000,52134.5,52162.8,51989.0,52046.8,102008.0
1707975900000,52046.9,52046.9,51823.0,51973.2,210125.0
1707976800000,51973.2,51997.0,51857.0,51970.7,69458.0
1707977700000,51970.7,52000.0,51851.0,51919.7,72084.0
1707978600000,51918.1,52080.7,51909.9,52068.2,123043.0
1707979500000,52068.2,52108.4,51950.0,51983.6,77970.0
1707980400000,51983.5,52087.7,51965.8,52075.3,54444.0
1707981300000,52075.3,52120.0,52028.1,52070.6,61248.0
1707982200000,52070.6,52072.4,51643.0,51746.0,341984.0
1707983100000,51745.9,51842.1,51728.5,51795.9,160719.0
1707984000000,51795.8,51817.0,51660.8,51801.6,144893.0
1707984900000,51801.6,51997.2,51783.1,51956.2,122844.0
1707985800000,51956.3,51970.0,51856.0,51930.0,68491.0
1707986700000,51930.1,51975.0,51849.7,51945.6,49489.0
1707987600000,51945.5,51998.0,51890.1,51991.9,56127.0
1707988500000,51991.9,52298.0,51991.9,52081.3,401866.0
1707989400000,52081.3,52238.1,52080.0,52186.4,101981.0
1707990300000,52186.3,52233.8,52130.7,52174.0,55428.0
1707991200000,52173.9,52296.0,52100.0,52282.7,168011.0
1707992100000,52283.0,52325.0,52199.3,52207.2,112833.0
1707993000000,52207.2,52320.0,52155.0,52296.6,97954.0
1707993900000,52299.4,52367.2,52262.7,52284.0,91830.0
1707994800000,52283.9,52350.0,52231.0,52240.5,79112.0
1707995700000,52240.6,52376.0,52230.0,52376.0,52439.0
1707996600000,52376.0,52534.8,52158.0,52243.5,354822.0
1707997500000,52243.6,52362.5,52205.0,52329.5,87379.0
1707998400000,52329.6,52500.0,52210.0,52277.7,239865.0
1707999300000,52282.5,52362.0,52043.4,52353.6,209425.0
1708000200000,52353.6,52421.6,52273.0,52396.4,138286.0
1708001100000,52396.4,52439.6,52266.7,52321.9,92902.0
1708002000000,52321.9,52350.0,52180.8,52269.9,93397.0
1708002900000,52270.0,52300.0,52123.6,52146.3,110535.0
1708003800000,52146.4,52236.2,52082.0,52220.6,118611.0
1708004700000,52222.2,52330.3,52196.4,52221.1,97522.0
1708005600000,52218.5,52259.6,52050.3,52236.3,182149.0
1708006500000,52237.2,52480.0,52123.3,52415.9,250900.0
1708007400000,52415.9,52881.3,52395.3,52600.5,944545.0
1708008300000,52600.4,52815.7,52600.1,52616.5,409959.0
1708009200000,52616.4,52660.0,52182.4,52391.7,650941.0
1708010100000,52391.7,52465.9,52152.0,52210.1,260796.0
1708011000000,52210.0,52247.8,51708.0,51955.1,824994.0
1708011900000,51956.5,52015.9,51790.0,51941.4,398391.0
1708012800000,51941.5,51999.0,51734.4,51760.9,303906.0
1708013700000,51761.0,52332.5,51757.7,52276.3,438223.0
1708014600000,52276.4,52403.9,52162.0,52360.5,318030.0
1708015500000,52360.5,52371.5,52203.2,52284.9,103347.0
1708016400000,52284.9,52335.1,52168.2,52257.3,90232.0
1708017300000,52259.6,52326.1,52123.4,52240.2,98035.0
1708018200000,52240.2,52246.0,52070.5,52133.3,98372.0
1708019100000,52130.1,52182.0,51868.0,51899.6,203779.0
1708020000000,51899.6,52066.4,51836.4,52049.0,162756.0
1708020900000,52045.1,52076.9,51956.8,51997.8,66470.0
1708021800000,51997.9,52024.9,51912.7,51940.0,63154.0
1708022700000,51941.9,52081.4,51915.4,51990.7,48977.0
1708023600000,51990.7,51993.4,51853.0,51923.0,56934.0
1708024500000,51923.0,51923.1,51780.0,51892.0,131207.0
1708025400000,51891.9,52023.1,51740.4,51957.7,172399.0
1708026300000,51957.8,52079.5,51957.7,52022.7,84587.0
1708027200000,52022.0,52035.0,51860.1,51861.2,87521.0
1708028100000,51861.1,51861.2,51584.3,51770.0,330777.0
1708029000000,51769.9,51903.3,51720.1,51815.9,132900.0
1708029900000,51815.9,51837.5,51668.6,51695.9,105201.0
1708030800000,51695.8,51821.5,51616.0,51783.7,77651.0
1708031700000,51783.6,51814.0,51675.0,51675.0,54143.0
1708032600000,51675.0,51694.6,51356.3,51498.4,262777.0
1708033500000,51498.4,51641.9,51323.1,51342.5,150849.0
1708034400000,51342.5,51600.0,51334.1,51599.9,102203.0
1708035300000,51599.9,51774.0,51595.0,51717.7,99310.0
1708036200000,51717.7,51847.2,51645.2,51672.5,59029.0
1708037100000,51672.5,51722.9,51537.0,51661.6,56080.0
1708038000000,51660.6,51842.5,51640.7,51836.5,68604.0
1708038900000,51836.5,51911.9,51780.2,51822.6,87642.0
1708039800000,51822.7,51964.9,51822.7,51934.0,71225.0
1708040700000,51934.0,51990.0,51879.4,51896.5,50756.0
1708041600000,51896.6,51977.0,51889.8,51939.0,56068.0
1708042500000,51939.0,52029.7,51842.6,51850.2,65298.0
1708043400000,51850.2,51980.6,51822.4,51980.5,51093.0
1708044300000,51980.5,51995.7,51919.3,51931.2,43592.0
1708045200000,51931.2,51987.9,51890.0,51978.8,48651.0
1708046100000,51978.8,52182.4,51908.7,52057.4,182171.0
1708047000000,52057.5,52088.0,51911.0,52009.5,107526.0
1708047900000,52009.5,52009.5,51927.5,51960.3,39369.0
1708048800000,51960.3,52174.9,51854.0,52158.9,176685.0
1708049700000,52158.6,52188.0,52014.6,52060.6,81242.0
1708050600000,52060.6,52116.0,52006.5,52116.0,45521.0
1708051500000,52116.2,52227.0,52108.2,52179.9,76830.0
1708052400000,52180.0,52317.8,52105.0,52278.0,122207.0
1708053300000,52277.3,52304.2,52133.2,52140.0,62160.0
1708054200000,52140.1,52330.0,52118.1,52329.9,157639.0
1708055100000,52330.0,52340.0,52230.9,52282.1,72803.0
1708056000000,52282.0,52347.6,52235.8,52266.0,81830.0
1708056900000,52266.0,52307.6,52225.2,52235.5,32124.0
1708057800000,52235.4,52259.5,52190.6,52194.2,40944.0
1708058700000,52194.2,52206.2,52119.0,52127.8,72468.0
1708059600000,52127.7,52190.5,52125.0,52153.5,43126.0
1708060500000,52153.5,52182.8,52132.1,52182.8,27541.0
1708061400000,52182.8,52210.5,52119.2,52140.4,34827.0
1708062300000,52140.4,52140.4,52018.0,52081.0,122771.0
1708063200000,52081.0,52103.5,52050.0,52091.3,33636.0
1708064100000,52091.8,52174.9,52071.5,52174.8,48706.0
1708065000000,52174.8,52177.5,51973.1,52009.3,85601.0
1708065900000,52009.3,52010.2,51838.0,51911.2,134572.0
1708066800000,51911.2,51954.7,51822.1,51918.1,120984.0
1708067700000,51918.2,51972.0,51839.7,51960.2,77037.0
1708068600000,51960.2,51968.0,51847.0,51861.0,92310.0
1708069500000,51861.0,51876.5,51740.0,51767.3,116688.0
1708070400000,51767.4,51927.9,51731.0,51838.2,134442.0
1708071300000,51838.2,51850.7,51750.0,51800.0,81924.0
1708072200000,51800.0,51998.0,51791.8,51949.6,107839.0
1708073100000,51949.6,52034.7,51840.0,51855.2,120601.0
1708074000000,51855.3,51867.2,51576.6,51774.0,305708.0
1708074900000,51774.1,51892.4,51708.4,51809.8,93395.0
1708075800000,51809.7,52007.3,51787.9,51924.2,149487.0
1708076700000,51924.2,51950.4,51834.1,51863.1,48122.0
1708077600000,51863.1,51941.1,51813.9,51941.1,47798.0
1708078500000,51941.3,52119.8,51925.6,51962.2,132077.0
1708079400000,51962.3,52127.4,51946.3,52092.6,73451.0
1708080300000,52092.6,52320.2,52056.2,52312.5,266829.0
1708081200000,52312.5,52343.7,52233.9,52248.4,164606.0
1708082100000,52254.1,52309.0,52232.1,52280.2,78487.0
1708083000000,52280.1,52448.9,52260.2,52344.2,163291.0
1708083900000,52344.3,52383.1,52182.2,52220.0,151577.0
1708084800000,52218.3,52287.4,52096.8,52283.9,137996.0
1708085700000,52284.0,52292.5,52195.0,52215.5,56750.0
1708086600000,52215.6,52377.6,52215.5,52280.4,79912.0
1708087500000,52280.4,52418.2,52271.4,52383.3,113494.0
1708088400000,52383.3,52469.5,52323.1,52375.7,152723.0
1708089300000,52375.7,52454.5,52280.1,52347.9,83082.0
1708090200000,52347.9,52372.1,52145.8,52288.1,192981.0
1708091100000,52288.1,52512.2,52178.8,52477.6,219743.0
1708092000000,52473.9,52598.4,52165.2,52202.7,314074.0
1708092900000,52202.7,52247.1,51955.0,52189.0,298336.0
1708093800000,52189.1,52436.8,52113.9,52263.1,273276.0
1708094700000,52263.1,52266.2,51761.2,51933.1,589056.0
1708095600000,51933.0,51940.0,51600.0,51655.8,473603.0
1708096500000,51655.8,51896.8,51628.0,51836.5,282048.0
1708097400000,51836.1,51851.7,51644.2,51822.0,197888.0
1708098300000,51821.9,51910.7,51750.0,51895.2,98451.0
1708099200000,51895.2,52188.9,51848.3,52159.9,329799.0
1708100100000,52160.0,52263.0,52096.7,52124.0,210504.0
1708101000000,52124.0,52188.1,52005.0,52129.9,136910.0
1708101900000,52129.9,52141.8,51972.1,52043.8,128059.0
1708102800000,52043.9,52076.8,51908.2,51962.9,85416.0
1708103700000,51963.0,52037.2,51942.1,51985.5,70090.0
1708104600000,51985.6,52019.9,51800.0,51900.0,110717.0
1708105500000,51899.9,52028.0,51888.1,52027.2,55575.0
1708106400000,52027.2,52044.9,51825.0,51860.6,75673.0
1708107300000,51860.6,52000.6,51851.2,51940.6,53863.0
1708108200000,51940.7,51968.8,51828.0,51961.6,44052.0
1708109100000,51961.6,52045.1,51950.3,51976.6,36736.0
1708110000000,51976.6,51993.1,51871.9,51974.0,34083.0
1708110900000,51973.9,52039.6,51890.2,51898.8,40722.0
1708111800000,51898.8,51913.7,51785.2,51910.0,75273.0
1708112700000,51910.0,51923.0,51653.3,51758.1,124886.0
1708113600000,51758.0,51886.9,51685.9,51803.5,110544.0
1708114500000,51803.5,51836.9,51737.8,51774.0,53926.0
1708115400000,51773.9,51887.2,51754.1,51870.8,68053.0
1708116300000,51870.8,51899.7,51776.7,51820.7,58335.0
1708117200000,51820.7,51860.0,51746.1,51842.8,43291.0
1708118100000,51847.3,51908.2,51840.0,51898.6,35105.0
1708119000000,51899.5,51999.0,51885.7,51998.9,43693.0
1708119900000,51998.9,52018.8,51936.7,51981.3,43687.0
1708120800000,51981.3,52004.8,51902.6,51921.9,33306.0
1708121700000,51921.9,51980.0,51879.6,51902.2,35738.0
1708122600000,51902.1,51986.4,51902.1,51932.5,13159.0
1708123500000,51932.4,51992.1,51925.4,51981.1,18065.0
1708124400000,51981.1,52058.8,51953.6,52004.1,51779.0
1708125300000,52004.2,52129.7,52004.0,52109.3,58889.0
1708126200000,52109.3,52230.8,52079.3,52174.7,78123.0
1708127100000,52174.7,52227.1,52119.9,52129.9,41432.0
1708128000000,52130.0,52164.4,52086.8,52127.7,49119.0
1708128900000,52127.7,52177.0,52070.0,52087.9,36686.0
1708129800000,52087.8,52128.2,52040.0,52121.4,32256.0
1708130700000,52121.4,52121.4,52021.1,52024.3,40329.0
1708131600000,52024.4,52046.5,51983.0,51985.9,42960.0
1708132500000,51986.0,52029.4,51913.4,51943.1,91125.0
1708133400000,51943.1,51993.6,51902.2,51907.2,32089.0
1708134300000,51907.2,51985.0,51858.7,51980.9,43762.0
1708135200000,51980.9,52039.6,51939.7,52023.7,36294.0
1708136100000,52023.6,52030.0,51950.1,51969.5,31603.0
1708137000000,51967.9,51967.9,51890.8,51908.3,25186.0
1708137900000,51908.3,51970.7,51902.0,51954.1,32230.0
1708138800000,51954.0,51963.3,51917.7,51946.8,22833.0
1708139700000,51946.8,51990.3,51910.4,51910.4,33618.0
1708140600000,51910.4,51974.0,51910.4,51966.1,19510.0
1708141500000,51966.1,51988.9,51939.3,51983.7,13648.0
1708142400000,51983.7,52004.0,51942.1,51956.3,20455.0
1708143300000,51956.3,52013.4,51956.3,51993.8,20406.0
1708144200000,51993.8,52026.4,51993.7,52009.2,34464.0
1708145100000,52009.2,52078.4,52009.1,52030.0,44983.0
1708146000000,52029.9,52031.5,51925.2,51926.1,43525.0
1708146900000,51926.1,51932.2,51804.0,51884.1,98575.0
1708147800000,51884.1,51921.5,51839.8,51900.0,44878.0
1708148700000,51900.0,51935.3,51899.9,51935.3,16496.0
1708149600000,51935.2,51968.7,51917.7,51965.4,27398.0
1708150500000,51965.4,51968.0,51901.0,51933.9,23224.0
1708151400000,51933.9,51944.6,51897.5,51897.6,19611.0
1708152300000,51897.6,51970.0,51897.5,51936.0,24407.0
1708153200000,51936.0,51974.5,51936.0,51972.0,21994.0
1708154100000,51971.9,51972.0,51918.9,51955.7,21877.0
1708155000000,51955.8,51980.0,51943.2,51945.5,32864.0
1708155900000,51945.6,51961.1,51919.0,51921.0,13965.0
1708156800000,51921.0,51921.1,51824.0,51878.8,88110.0
1708157700000,51878.8,51878.9,51811.9,51815.1,74030.0
1708158600000,51815.2,51848.9,51750.0,51785.3,148378.0
1708159500000,51785.3,51803.0,51713.0,51744.6,56796.0
1708160400000,51744.7,51790.0,51650.2,51734.2,134344.0
1708161300000,51734.2,51807.8,51667.5,51741.1,92182.0
1708162200000,51741.0,51810.9,51741.0,51755.1,41952.0
1708163100000,51755.2,51768.7,51679.0,51679.1,57293.0
1708164000000,51679.0,51716.7,51542.2,51624.0,264537.0
1708164900000,51624.0,51643.6,51502.9,51590.3,246999.0
1708165800000,51590.3,51715.9,51570.9,51629.1,122509.0
1708166700000,51629.1,51745.8,51616.8,51729.6,75797.0
1708167600000,51729.5,51770.7,51689.1,51742.3,115712.0
1708168500000,51742.4,51760.7,51705.9,51712.5,25473.0
1708169400000,51712.5,51809.5,51703.0,51736.9,50629.0
1708170300000,51736.9,51754.0,51675.1,51691.6,52299.0
1708171200000,51691.6,51702.7,51642.3,51645.1,48410.0
1708172100000,51645.1,51715.5,51630.0,51635.9,45451.0
1708173000000,51635.9,51636.0,51555.6,51619.9,76819.0
1708173900000,51620.0,51748.4,51620.0,51727.0,96591.0
1708174800000,51727.0,51727.0,51565.0,51565.1,70840.0
1708175700000,51565.0,51597.0,51309.8,51386.0,355104.0
1708176600000,51386.0,51451.5,51058.0,51248.5,745625.0
1708177500000,51248.6,51309.4,51090.0,51182.5,214150.0
1708178400000,51182.4,51295.8,51154.7,51201.6,147522.0
1708179300000,51201.5,51330.0,51152.0,51200.0,165593.0
1708180200000,51200.0,51212.2,50633.0,50773.9,1003181.0
1708181100000,50773.9,50889.2,50621.0,50843.7,311154.0
1708182000000,50843.7,50850.0,50639.4,50773.4,156487.0
1708182900000,50773.4,50987.8,50758.3,50984.0,213407.0
1708183800000,50983.9,51180.0,50971.7,51030.9,274817.0
1708184700000,51030.9,51046.5,50938.6,50980.0,84288.0
1708185600000,50980.0,50980.8,50806.1,50828.8,143016.0
1708186500000,50828.8,50850.0,50734.4,50834.4,114777.0
1708187400000,50834.4,50946.6,50761.9,50907.4,111900.0
1708188300000,50907.5,51039.6,50893.7,50955.9,63067.0
1708189200000,50955.8,51259.1,50951.0,51148.5,182743.0
1708190100000,51148.5,51212.2,51060.9,51082.9,81966.0
1708191000000,51082.8,51210.0,51060.2,51182.8,51637.0
1708191900000,51182.8,51279.0,51170.0,51216.2,65641.0
1708192800000,51216.2,51217.5,51140.9,51185.9,42041.0
1708193700000,51186.0,51266.0,51171.4,51265.9,40960.0
1708194600000,51265.9,51292.8,51211.4,51250.2,57105.0
1708195500000,51250.2,51295.0,51230.0,51268.3,20274.0
1708196400000,51268.4,51318.1,51226.6,51305.0,37959.0
1708197300000,51305.0,51436.0,51304.9,51413.0,114971.0
1708198200000,51413.0,51450.0,51346.2,51407.3,39168.0
1708199100000,51407.3,51411.0,51364.0,51400.0,25730.0
1708200000000,51399.9,51400.0,51322.6,51349.9,26106.0
1708200900000,51349.9,51434.9,51264.9,51376.7,68944.0
1708201800000,51376.8,51470.0,51358.4,51432.5,50723.0
1708202700000,51432.4,51568.0,51410.3,51507.4,126452.0
1708203600000,51507.3,51532.9,51437.2,51467.8,37301.0
1708204500000,51467.8,51941.2,51456.1,51853.2,413715.0
1708205400000,51853.3,52067.0,51833.3,51853.2,315859.0
1708206300000,51853.2,51865.8,51715.4,51811.9,149108.0
1708207200000,51811.8,51830.7,51706.7,51715.3,77405.0
1708208100000,51715.3,51888.7,51687.4,51796.2,91617.0
1708209000000,51796.2,51854.0,51610.0,51610.0,74796.0
1708209900000,51610.0,51736.2,51609.9,51725.0,55884.0
1708210800000,51724.9,51725.0,51616.1,51622.6,46174.0
1708211700000,51622.1,51667.0,51603.2,51650.1,41701.0
1708212600000,51650.1,51721.3,51633.1,51721.2,30921.0
1708213500000,51721.3,51757.5,51631.5,51654.2,66482.0
1708214400000,51654.2,51675.1,51611.3,51655.3,40567.0
1708215300000,51655.3,51777.0,51636.0,51641.4,65564.0
1708216200000,51641.4,51683.5,51550.1,51573.0,70800.0
1708217100000,51573.1,51701.9,51573.1,51686.0,49493.0
1708218000000,51685.9,51813.2,51685.9,51725.4,87079.0
1708218900000,51725.3,51764.2,51680.0,51707.0,35366.0
1708219800000,51707.0,51752.2,51605.0,51608.8,36092.0
1708220700000,51608.8,51625.0,51482.8,51542.7,118946.0
1708221600000,51542.6,51562.5,51336.7,51473.0,148607.0
1708222500000,51473.0,51550.0,51473.0,51509.7,43169.0
1708223400000,51509.8,51536.1,51315.5,51409.9,111801.0
1708224300000,51410.0,51421.2,51155.0,51291.3,204171.0
1708225200000,51291.3,51345.9,51270.3,51339.8,67293.0
1708226100000,51339.8,51410.9,51249.2,51374.9,66649.0
1708227000000,51374.8,51476.4,51364.0,51446.6,65230.0
1708227900000,51446.5,51486.0,51425.2,51486.0,47983.0
1708228800000,51485.9,51612.9,51478.7,51570.0,119932.0
1708229700000,51570.0,51659.1,51539.1,51626.8,73585.0
1708230600000,51626.8,51634.7,51532.3,51544.9,61287.0
1708231500000,51545.0,51593.8,51539.0,51572.2,22074.0
1708232400000,51572.2,51621.1,51550.0,51611.9,23774.0
1708233300000,51611.8,51662.0,51603.8,51626.5,49581.0
1708234200000,51626.5,51715.4,51604.5,51642.2,73990.0
1708235100000,51642.2,51670.0,51605.1,51664.5,27459.0
1708236000000,51664.4,51711.7,51595.8,51606.8,66226.0
1708236900000,51606.7,51652.2,51562.3,51569.7,48183.0
1708237800000,51569.7,51604.2,51487.9,51525.2,89728.0
1708238700000,51525.2,51535.0,51408.0,51525.4,93470.0
1708239600000,51525.4,51576.9,51432.5,51569.1,77372.0
1708240500000,51569.1,51755.0,51557.0,51667.5,144977.0
1708241400000,51667.5,51715.5,51638.7,51703.3,45104.0
1708242300000,51703.4,51748.1,51635.5,51673.2,87342.0
1708243200000,51673.2,51756.4,51647.6,51661.3,65322.0
1708244100000,51661.3,51693.5,51648.0,51688.5,17549.0
1708245000000,51688.4,51755.0,51688.4,51713.9,57232.0
1708245900000,51714.0,51804.4,51713.9,51800.1,94206.0
1708246800000,51800.1,51966.0,51800.0,51908.5,207687.0
1708247700000,51908.6,52027.0,51832.7,51858.0,183505.0
1708248600000,51857.9,51912.9,51804.8,51902.8,79987.0
1708249500000,51902.7,51985.1,51862.5,51977.9,71654.0
1708250400000,51977.9,52091.6,51933.1,51969.5,164147.0
1708251300000,51969.5,51969.6,51858.3,51858.4,84909.0
1708252200000,51858.4,51899.0,51777.3,51840.2,81643.0
1708253100000,51840.1,51870.2,51820.0,51842.3,24004.0
1708254000000,51842.3,51842.3,51732.9,51798.7,64196.0
1708254900000,51798.6,51799.9,51619.3,51759.0,125771.0
1708255800000,51758.9,51789.0,51740.0,51757.4,17104.0
1708256700000,51757.4,51848.6,51757.4,51836.3,39971.0
1708257600000,51836.4,51844.4,51793.5,51844.3,29024.0
1708258500000,51844.3,51871.9,51826.3,51826.3,44592.0
1708259400000,51825.3,51825.3,51656.3,51744.0,119392.0
1708260300000,51744.0,51748.7,51530.4,51557.6,159265.0
1708261200000,51557.5,51630.0,51526.8,51569.9,111802.0
1708262100000,51569.8,51654.3,51562.4,51615.2,79853.0
1708263000000,51615.2,51615.2,51550.0,51595.0,41673.0
1708263900000,51594.9,51730.4,51594.9,51620.0,71899.0
1708264800000,51620.0,51726.2,51620.0,51657.2,41226.0
1708265700000,51657.2,51747.3,51657.2,51677.0,32599.0
1708266600000,51677.0,51947.9,51673.0,51846.1,238461.0
1708267500000,51846.1,51965.9,51844.0,51887.9,102389.0
1708268400000,51888.0,51902.0,51764.2,51772.1,107177.0
1708269300000,51772.1,51860.0,51772.1,51791.9,38804.0
1708270200000,51792.0,51854.8,51719.0,51774.6,91928.0
1708271100000,51774.5,51812.9,51731.7,51784.0,38571.0
1708272000000,51784.0,51833.2,51740.7,51823.7,47627.0
1708272900000,51823.7,51823.7,51657.3,51744.5,71831.0
1708273800000,51744.4,51802.4,51717.6,51800.1,38492.0
1708274700000,51800.1,51894.8,51733.4,51846.7,65927.0
1708275600000,51846.7,51979.2,51819.6,51886.7,121793.0
1708276500000,51886.8,51966.0,51839.8,51927.2,64215.0
1708277400000,51927.2,51987.6,51862.7,51911.0,70799.0
1708278300000,51911.0,51911.1,51790.8,51848.0,61004.0
1708279200000,51847.9,51848.0,51769.2,51827.9,23255.0
1708280100000,51827.9,51828.7,51733.3,51739.0,34025.0
1708281000000,51739.0,51762.8,51666.6,51693.8,50803.0
1708281900000,51693.8,51820.0,51678.1,51805.3,91063.0
1708282800000,51805.3,51832.0,51725.6,51784.7,32464.0
1708283700000,51784.7,51844.6,51713.7,51838.5,16965.0
1708284600000,51838.5,51886.9,51778.4,51794.7,49541.0
1708285500000,51794.6,51850.3,51767.6,51776.4,24344.0
1708286400000,51776.4,51790.6,51695.1,51728.0,33135.0
1708287300000,51728.1,51745.0,51607.9,51672.5,88312.0
1708288200000,51672.6,51737.4,51672.6,51729.4,21854.0
1708289100000,51729.4,51796.5,51718.5,51795.1,21287.0
1708290000000,51795.0,51822.7,51784.0,51809.9,16571.0
1708290900000,51809.9,51830.0,51764.2,51830.0,12704.0
1708291800000,51830.0,51929.4,51789.2,51929.4,35675.0
1708292700000,51929.3,51936.0,51831.8,51871.7,44018.0
1708293600000,51871.7,52359.7,51834.1,52232.0,363729.0
1708294500000,52232.0,52399.0,52153.4,52240.5,192088.0
1708295400000,52240.5,52433.0,52104.2,52152.1,195168.0
1708296300000,52152.4,52336.4,52144.4,52265.2,93876.0
1708297200000,52265.1,52326.4,52203.8,52305.8,90391.0
1708298100000,52305.8,52391.5,52164.3,52165.0,142567.0
1708299000000,52164.9,52168.2,52000.0,52110.0,169424.0
1708299900000,52112.0,52165.2,52093.5,52164.5,57432.0
1708300800000,52164.5,52296.6,52122.4,52255.4,85370.0
1708301700000,52255.4,52284.2,52131.1,52219.7,57526.0
1708302600000,52219.7,52470.2,52144.8,52190.3,202783.0
1708303500000,52190.3,52274.8,52146.1,52194.4,81639.0
1708304400000,52194.5,52198.0,52060.0,52122.6,111611.0
1708305300000,52122.5,52137.6,52046.5,52051.3,62119.0
1708306200000,52051.2,52123.7,51913.0,52015.2,151736.0
1708307100000,52014.6,52104.3,52008.2,52101.5,49877.0
1708308000000,52101.6,52176.6,52098.4,52160.0,54657.0
1708308900000,52160.0,52194.0,52109.5,52151.9,38583.0
1708309800000,52152.0,52220.0,52114.4,52220.0,48596.0
1708310700000,52219.9,52220.0,52131.0,52161.2,34348.0
1708311600000,52161.2,52182.0,52090.7,52147.9,52751.0
1708312500000,52147.9,52166.8,52050.0,52072.3,55486.0
1708313400000,52072.2,52072.5,51990.3,51991.4,46275.0
1708314300000,51991.4,52079.8,51991.3,52079.8,34182.0
1708315200000,52079.7,52087.1,52030.9,52041.4,27491.0
1708316100000,52041.5,52199.8,52039.6,52177.4,69445.0
1708317000000,52177.3,52247.3,52112.6,52139.3,92099.0
1708317900000,52139.2,52168.0,52077.0,52113.4,41483.0
1708318800000,52113.3,52136.5,52033.3,52053.9,42051.0
1708319700000,52053.9,52080.9,52041.2,52079.7,19087.0
1708320600000,52079.8,52160.0,52000.9,52033.7,84670.0
1708321500000,52033.7,52165.0,51992.2,52139.2,62628.0
1708322400000,52139.1,52363.6,52139.1,52352.5,183399.0
1708323300000,52352.5,52467.7,52315.6,52418.3,242662.0
1708324200000,52418.3,52485.0,52230.1,52326.0,195459.0
1708325100000,52325.9,52444.0,52325.9,52392.2,69952.0
1708326000000,52392.3,52423.2,52301.0,52387.9,71506.0
1708326900000,52387.9,52498.5,52378.1,52471.8,99126.0
1708327800000,52471.8,52495.0,52374.2,52385.8,75632.0
1708328700000,52385.9,52450.0,52355.5,52397.2,56668.0
1708329600000,52397.2,52419.0,52284.5,52319.4,85327.0
1708330500000,52318.0,52335.0,52266.6,52297.2,43033.0
1708331400000,52297.2,52297.3,52203.0,52234.0,102020.0
1708332300000,52234.0,52242.8,52073.6,52107.9,199765.0
1708333200000,52108.0,52200.0,52108.0,52190.9,81984.0
1708334100000,52190.8,52365.0,52189.1,52302.8,121589.0
1708335000000,52302.7,52365.0,52244.2,52350.6,62856.0
1708335900000,52350.6,52353.4,52260.7,52260.7,55366.0
1708336800000,52260.8,52343.6,52236.1,52334.0,45343.0
1708337700000,52334.0,52404.4,52160.6,52216.5,141428.0
1708338600000,52216.4,52460.0,52207.9,52427.9,133599.0
1708339500000,52428.0,52435.0,52356.0,52356.1,54234.0
1708340400000,52356.1,52413.0,52319.0,52319.0,37132.0
1708341300000,52319.1,52430.0,52288.1,52385.3,51576.0
1708342200000,52385.3,52391.7,52314.5,52360.7,22334.0
1708343100000,52358.3,52438.4,52340.8,52348.2,39807.0
1708344000000,52348.1,52352.4,52238.3,52320.1,86813.0
1708344900000,52320.1,52407.1,52288.0,52358.1,81186.0
1708345800000,52358.2,52398.0,52331.9,52393.3,30955.0
1708346700000,52393.4,52478.0,52268.0,52283.0,107725.0
1708347600000,52283.0,52374.3,52251.0,52367.0,62717.0
1708348500000,52366.9,52385.8,52228.2,52279.3,60450.0
1708349400000,52279.3,52279.3,52146.4,52175.9,94004.0
1708350300000,52178.0,52225.5,52120.0,52152.4,75468.0
1708351200000,52152.4,52219.1,52030.0,52207.8,152221.0
1708352100000,52203.3,52203.3,52031.9,52087.9,75560.0
1708353000000,52088.0,52200.0,52064.2,52080.0,84055.0
1708353900000,52080.1,52165.4,52045.0,52107.1,45532.0
1708354800000,52107.1,52200.0,52080.1,52150.1,38324.0
1708355700000,52150.1,52362.0,52140.1,52288.4,161647.0
1708356600000,52288.5,52291.6,52125.7,52131.6,60291.0
1708357500000,52131.6,52167.6,52040.0,52134.6,81909.0
1708358400000,52134.6,52181.2,52080.0,52096.2,49124.0
1708359300000,52096.2,52154.3,52060.9,52116.0,59608.0
1708360200000,52115.9,52246.0,52080.0,52220.1,78842.0
1708361100000,52220.0,52245.0,51680.1,51780.4,486228.0
1708362000000,51780.5,51919.9,51688.8,51878.5,262834.0
1708362900000,51878.6,52137.1,51863.0,52100.5,154150.0
1708363800000,52100.5,52171.0,52022.3,52141.2,106349.0
1708364700000,52141.3,52218.0,52065.9,52154.6,123486.0
1708365600000,52154.5,52174.2,52068.0,52099.5,57622.0
1708366500000,52099.5,52210.0,52053.1,52083.5,62401.0
1708367400000,52083.5,52125.0,52030.0,52086.3,54754.0
1708368300000,52086.3,52122.0,51918.6,51932.7,72791.0
1708369200000,51932.7,51942.5,51780.7,51803.6,84493.0
1708370100000,51803.6,51946.6,51803.6,51834.7,76844.0
1708371000000,51834.7,51891.7,51783.1,51860.6,47084.0
1708371900000,51860.5,51869.7,51784.1,51826.0,23202.0
1708372800000,51825.9,51879.0,51749.9,51809.0,51564.0
1708373700000,51809.0,51918.0,51764.7,51897.5,43449.0
1708374600000,51897.5,51937.4,51888.2,51897.2,22997.0
1708375500000,51897.3,51916.3,51784.6,51802.4,30010.0
1708376400000,51803.0,51887.0,51766.9,51846.2,36303.0
1708377300000,51846.2,51900.4,51782.3,51804.9,30143.0
1708378200000,51804.9,51838.8,51700.0,51760.0,69827.0
1708379100000,51760.0,51923.9,51760.0,51905.6,89921.0
1708380000000,51905.6,52129.5,51869.0,52088.2,104554.0
1708380900000,52088.2,52089.4,51920.0,51954.0,93347.0
1708381800000,51954.0,52010.1,51880.0,51974.5,68440.0
1708382700000,51974.5,52014.3,51921.6,51946.6,29415.0
1708383600000,51946.5,52018.6,51946.5,51956.9,48545.0
1708384500000,51957.0,51987.9,51756.1,51830.9,95168.0
1708385400000,51827.2,51832.3,51731.6,51773.8,74765.0
1708386300000,51773.8,51789.2,51706.0,51784.3,40141.0
1708387200000,51784.4,51837.7,51748.0,51820.5,52107.0
1708388100000,51820.5,51823.1,51730.0,51811.6,40254.0
1708389000000,51811.6,51838.8,51463.9,51577.0,291894.0
1708389900000,51577.0,51748.2,51569.2,51640.5,120088.0
1708390800000,51640.6,51715.0,51590.1,51687.2,59733.0
1708391700000,51687.3,51717.2,51281.2,51446.4,349583.0
1708392600000,51446.4,51567.8,51409.1,51566.0,112995.0
1708393500000,51567.2,51669.3,51540.4,51628.9,99276.0
1708394400000,51628.9,51700.0,51593.0,51646.6,85830.0
1708395300000,51646.5,51697.9,51615.4,51642.0,46140.0
1708396200000,51642.0,51663.2,51566.0,51594.8,61708.0
1708397100000,51594.9,51770.9,51551.1,51718.3,65382.0
1708398000000,51718.3,51804.3,51640.7,51655.3,76507.0
1708398900000,51655.3,51689.2,51601.0,51669.0,32847.0
1708399800000,51668.9,51733.6,51645.1,51645.2,23698.0
1708400700000,51645.2,51700.0,51577.0,51585.4,66001.0
1708401600000,51585.3,51736.8,51514.2,51689.6,126909.0
1708402500000,51689.7,51776.7,51663.3,51736.4,100369.0
1708403400000,51737.5,51821.9,51723.9,51813.5,56316.0
1708404300000,51813.5,51830.2,51764.8,51789.9,59935.0
1708405200000,51789.9,51824.0,51764.1,51812.9,39841.0
1708406100000,51811.3,51994.3,51755.1,51921.9,182898.0
1708407000000,51921.9,51998.6,51901.6,51957.9,125199.0
1708407900000,51957.9,51971.0,51898.4,51911.5,40923.0
1708408800000,51911.5,52036.0,51899.3,52028.6,104267.0
1708409700000,52028.6,52033.7,51921.3,51945.1,57946.0
1708410600000,51945.1,52051.6,51912.1,51979.8,89092.0
1708411500000,51979.8,51998.0,51933.0,51954.7,33432.0
1708412400000,51954.7,51963.0,51912.9,51954.0,34889.0
1708413300000,51954.1,51978.7,51905.6,51966.5,30835.0
1708414200000,51966.6,51974.4,51820.2,51902.7,98510.0
1708415100000,51902.6,51911.6,51807.7,51850.2,72336.0
1708416000000,51850.1,51892.8,51767.0,51787.9,84388.0
1708416900000,51788.0,51789.4,51591.0,51725.0,213739.0
1708417800000,51725.0,51867.3,51725.0,51832.8,118598.0
1708418700000,51832.7,51843.5,51735.6,51784.6,35783.0
1708419600000,51782.9,51838.2,51724.8,51728.3,42817.0
1708420500000,51728.3,51740.5,51555.0,51607.2,232622.0
1708421400000,51609.8,51699.8,51604.9,51623.3,89397.0
1708422300000,51623.2,51800.0,51564.0,51762.4,139149.0
1708423200000,51762.3,52030.0,51762.3,51955.1,284364.0
1708424100000,51955.1,52014.0,51876.5,52013.9,118319.0
1708425000000,52013.9,52098.7,52010.0,52062.3,177307.0
1708425900000,52062.3,52158.3,52039.8,52125.0,123279.0
1708426800000,52125.0,52419.9,52123.7,52310.6,555823.0
1708427700000,52310.5,52372.3,52236.0,52371.8,181025.0
1708428600000,52371.9,52399.9,52310.5,52337.6,146561.0
1708429500000,52337.5,52354.4,52244.1,52306.0,146751.0
1708430400000,52305.9,52399.0,52305.9,52378.5,98666.0
1708431300000,52378.9,52432.0,52291.3,52302.3,143044.0
1708432200000,52302.3,52354.6,52208.0,52240.4,134475.0
1708433100000,52240.4,52271.7,52150.4,52198.8,110660.0
1708434000000,52198.9,52379.7,52162.3,52378.0,105570.0
1708434900000,52378.0,52405.4,52264.0,52318.3,159283.0
1708435800000,52318.2,53080.0,52318.2,52898.5,1261332.0
1708436700000,52898.5,52989.4,52631.8,52858.3,368669.0
1708437600000,52858.4,52883.8,51972.4,52251.6,1099883.0
1708438500000,52251.6,52360.0,52020.6,52280.9,586229.0
1708439400000,52280.8,52360.0,51737.5,51939.0,680071.0
1708440300000,51938.9,52099.8,51795.9,52055.6,261173.0
1708441200000,52055.7,52105.4,51855.0,51882.4,194307.0
1708442100000,51882.4,51919.8,51403.0,51487.0,571531.0
1708443000000,51486.9,51686.2,51340.0,51675.9,490737.0
1708443900000,51675.9,51741.8,51558.6,51670.8,183594.0
1708444800000,51670.8,51778.0,51611.5,51678.0,135114.0
1708445700000,51678.1,51793.7,51583.0,51739.1,128803.0
1708446600000,51739.0,51772.4,51535.7,51629.5,112080.0
1708447500000,51629.4,51630.0,51365.0,51401.5,166002.0
1708448400000,51401.4,51401.5,51067.8,51252.1,466134.0
1708449300000,51252.0,51253.7,50750.3,50961.8,636738.0
1708450200000,50959.5,51199.0,50955.0,51167.5,168911.0
1708451100000,51167.5,51331.7,51012.5,51327.1,179204.0
1708452000000,51327.2,51369.9,51238.9,51288.9,118770.0
1708452900000,51288.9,51450.0,51245.1,51382.8,107117.0
1708453800000,51382.8,51525.4,51314.5,51509.8,102360.0
1708454700000,51509.9,51548.0,51480.0,51517.6,69644.0
1708455600000,51517.5,51536.3,51437.0,51508.8,49067.0
1708456500000,51508.9,51732.0,51460.3,51725.6,129460.0
1708457400000,51725.5,51846.1,51696.3,51801.0,146327.0
1708458300000,51800.7,52164.0,51800.5,52107.0,377158.0
1708459200000,52107.0,52107.1,51956.5,52056.9,124573.0
1708460100000,52056.9,52105.9,51966.9,52063.2,86199.0
1708461000000,52063.3,52202.4,52052.0,52157.0,150008.0
1708461900000,52157.0,52219.5,51980.0,51994.0,169893.0
1708462800000,51994.0,52034.7,51882.6,51987.3,111972.0
1708463700000,51987.3,52181.7,51956.0,52146.2,79777.0
1708464600000,52146.1,52175.2,52067.5,52119.9,42658.0
1708465500000,52120.0,52124.1,52033.3,52033.3,57857.0
1708466400000,52033.4,52163.6,52005.0,52159.2,77415.0
1708467300000,52159.3,52205.0,52104.8,52167.5,47149.0
1708468200000,52167.5,52275.1,52125.8,52275.1,68576.0
1708469100000,52275.1,52316.4,52180.1,52180.2,85213.0
1708470000000,52180.2,52484.8,52170.1,52408.7,229227.0
1708470900000,52408.7,52545.8,52295.6,52334.4,190753.0
1708471800000,52334.3,52334.4,52224.1,52240.3,92774.0
1708472700000,52240.4,52322.0,52220.8,52277.2,47990.0
1708473600000,52277.3,52379.5,52232.9,52349.4,84188.0
1708474500000,52349.4,52376.1,52265.0,52308.9,32887.0
1708475400000,52308.9,52311.3,52188.9,52220.0,55437.0
1708476300000,52219.9,52261.2,52141.2,52186.1,57272.0
1708477200000,52186.2,52304.3,52121.0,52270.7,95989.0
1708478100000,52270.7,52279.8,52140.0,52145.0,42065.0
1708479000000,52144.9,52196.0,52075.4,52091.3,40545.0
1708479900000,52091.4,52148.6,52056.4,52116.6,53757.0
1708480800000,52116.7,52167.9,52054.1,52085.0,51302.0
1708481700000,52083.6,52149.8,52064.7,52134.8,34466.0
1708482600000,52134.8,52177.0,52092.0,52107.7,34997.0
1708483500000,52107.8,52124.0,52055.1,52083.6,35187.0
1708484400000,52083.6,52120.5,52029.3,52039.1,60941.0
1708485300000,52039.1,52078.1,52029.9,52056.0,32647.0
1708486200000,52056.0,52075.9,52032.6,52041.0,32920.0
1708487100000,52041.0,52051.8,51990.0,52009.0,53922.0
1708488000000,52010.0,52023.7,51989.0,52018.1,29344.0
1708488900000,52018.1,52018.2,51925.6,51925.7,50230.0
1708489800000,51925.7,51935.8,51813.3,51911.1,180670.0
1708490700000,51911.1,51985.8,51892.0,51956.9,64785.0
1708491600000,51957.7,52122.8,51955.4,52063.5,116199.0
1708492500000,52063.4,52067.5,51936.2,51940.0,53275.0
1708493400000,51939.9,51946.4,51827.0,51856.1,120837.0
1708494300000,51856.1,51885.4,51819.4,51838.0,89710.0
1708495200000,51838.0,51900.0,51710.0,51893.0,158393.0
1708496100000,51893.0,51893.0,51825.7,51870.0,39795.0
1708497000000,51870.0,51878.6,51702.2,51761.3,70841.0
1708497900000,51761.3,51788.5,51668.1,51745.1,85780.0
1708498800000,51745.1,51745.1,51461.2,51615.8,273121.0
1708499700000,51615.8,51790.0,51578.9,51760.9,94425.0
1708500600000,51761.0,51761.0,51588.0,51607.3,87114.0
1708501500000,51607.3,51641.2,51550.1,51563.9,95423.0
1708502400000,51563.8,51696.4,51528.0,51608.2,128111.0
1708503300000,51610.8,51788.8,51588.6,51765.7,140858.0
1708504200000,51765.7,51765.7,51602.1,51659.4,68402.0
1708505100000,51659.4,51700.0,51612.1,51670.0,72319.0
1708506000000,51670.0,51704.0,51407.4,51530.8,184827.0
1708506900000,51530.8,51566.2,51337.6,51355.1,222030.0
1708507800000,51355.1,51449.0,51223.0,51262.4,248719.0
1708508700000,51261.0,51307.4,50982.6,51086.1,367117.0
1708509600000,51086.1,51217.8,50879.0,51059.5,429782.0
1708510500000,51059.9,51286.7,51023.8,51275.1,220781.0
1708511400000,51275.2,51275.2,51168.0,51268.0,102676.0
1708512300000,51268.0,51412.8,51257.6,51265.1,187517.0
1708513200000,51268.6,51365.1,51190.9,51211.0,72758.0
1708514100000,51211.2,51252.0,51051.7,51080.5,100743.0
1708515000000,51080.6,51174.0,50880.0,50959.5,227801.0
1708515900000,50959.6,51051.8,50792.4,50968.1,254028.0
1708516800000,50968.2,51117.7,50470.0,51100.3,777048.0
1708517700000,51100.3,51268.0,51061.5,51229.0,247186.0
1708518600000,51228.9,51398.8,51153.5,51366.2,260295.0
1708519500000,51366.3,51390.5,51245.3,51312.9,110036.0
1708520400000,51312.9,51448.9,51271.9,51333.6,134726.0
1708521300000,51333.6,51341.4,51026.7,51102.0,254319.0
1708522200000,51105.9,51171.3,50900.0,51140.0,253684.0
1708523100000,51140.0,51200.0,50992.9,51195.9,180140.0
1708524000000,51196.0,51231.4,51095.3,51113.3,117235.0
1708524900000,51113.2,51115.8,50879.3,50922.8,203879.0
1708525800000,50922.8,51148.9,50741.1,51089.5,346476.0
1708526700000,51089.5,51160.0,50878.9,50942.9,175646.0
1708527600000,50941.8,51062.1,50845.0,50951.9,169833.0
1708528500000,50951.9,51288.0,50950.0,51247.7,248723.0
1708529400000,51247.6,51343.0,51111.1,51115.5,135104.0
1708530300000,51117.6,51230.0,51080.4,51164.2,159311.0
1708531200000,51164.2,51241.6,51009.2,51239.6,120394.0
1708532100000,51239.6,51252.0,51079.8,51102.9,94158.0
1708533000000,51102.8,51311.0,51031.0,51278.4,105224.0
1708533900000,51278.4,51445.2,51267.9,51348.7,184642.0
1708534800000,51348.6,51441.1,51284.3,51316.7,103065.0
1708535700000,51316.6,51378.4,51205.4,51217.2,123084.0
1708536600000,51217.2,51217.3,50921.0,50954.1,182690.0
1708537500000,50954.2,51052.8,50888.7,50935.9,124219.0
1708538400000,50935.9,51089.1,50864.6,51081.9,98666.0
1708539300000,51081.9,51120.7,50815.2,50840.4,121852.0
1708540200000,50840.4,50969.5,50820.5,50955.8,77969.0
1708541100000,50955.8,50994.1,50843.0,50858.0,66172.0
1708542000000,50858.0,51003.7,50670.0,50929.8,273443.0
1708542900000,50928.4,51069.3,50900.3,50949.0,85693.0
1708543800000,50948.9,51008.0,50901.5,50991.9,33770.0
1708544700000,50991.9,51080.9,50945.1,51072.2,45036.0
1708545600000,51072.1,51129.0,50976.3,51120.0,86688.0
1708546500000,51121.2,51149.6,51056.6,51066.1,32784.0
1708547400000,51066.1,51123.2,51023.2,51023.6,55321.0
1708548300000,51023.6,51028.5,50858.0,50957.1,165517.0
1708549200000,50957.1,51122.5,50941.7,51089.1,76815.0
1708550100000,51085.1,51318.8,50961.0,51318.8,174804.0
1708551000000,51318.8,51383.8,51237.5,51342.9,83123.0
1708551900000,51343.0,51396.0,51243.8,51390.9,62076.0
1708552800000,51390.8,51424.0,51269.8,51278.0,55939.0
1708553700000,51277.8,51396.6,51226.4,51366.9,31350.0
1708554600000,51366.1,51449.0,51337.9,51408.8,38959.0
1708555500000,51408.8,51536.6,51339.9,51518.9,86430.0
1708556400000,51518.8,51680.0,51497.2,51622.7,153056.0
1708557300000,51622.7,51759.3,51616.0,51648.8,204017.0
1708558200000,51648.7,51710.0,51570.0,51700.0,109497.0
1708559100000,51700.0,51963.0,51700.0,51855.7,329007.0
1708560000000,51855.8,51888.0,51730.1,51776.0,138099.0
1708560900000,51776.9,51804.7,51655.1,51661.0,76703.0
1708561800000,51661.8,51694.3,51548.8,51550.3,102591.0
1708562700000,51550.4,51604.3,51504.8,51548.5,61563.0
1708563600000,51548.4,51624.7,51450.0,51602.6,102134.0
1708564500000,51602.7,51659.0,51516.4,51571.5,61334.0
1708565400000,51571.6,51600.0,51289.0,51387.6,169413.0
1708566300000,51387.6,51420.0,51157.2,51243.1,131815.0
1708567200000,51243.1,51362.0,51227.1,51359.8,51629.0
1708568100000,51359.8,51459.9,51359.8,51440.3,78963.0
1708569000000,51440.4,51498.0,51345.4,51466.0,73175.0
1708569900000,51465.9,51486.7,51419.7,51422.8,19982.0
1708570800000,51422.8,51464.3,51367.8,51464.3,37557.0
1708571700000,51464.3,51594.2,51463.9,51560.5,85529.0
1708572600000,51560.5,51595.2,51493.5,51517.2,47721.0
1708573500000,51517.1,51676.7,51517.1,51585.8,104403.0
1708574400000,51585.7,51645.1,51572.1,51619.0,32066.0
1708575300000,51619.0,51632.2,51526.4,51578.9,44604.0
1708576200000,51579.0,51594.7,51496.6,51525.0,36250.0
1708577100000,51525.0,51567.9,51309.0,51433.2,179170.0
1708578000000,51433.3,51521.7,51410.9,51480.0,89450.0
1708578900000,51480.0,51673.1,51479.9,51621.8,87120.0
1708579800000,51621.8,51639.8,51547.8,51580.5,36239.0
1708580700000,51580.5,51687.1,51471.3,51525.1,93768.0
1708581600000,51525.1,51594.7,51525.1,51594.6,31238.0
1708582500000,51594.6,51660.0,51541.5,51614.0,40738.0
1708583400000,51614.0,51758.7,51614.0,51741.7,155458.0
1708584300000,51741.7,51820.1,51715.5,51769.9,131256.0
1708585200000,51770.0,51791.7,51639.0,51740.8,104515.0
1708586100000,51740.8,51900.0,51735.9,51852.7,170750.0
1708587000000,51852.7,51925.0,51785.1,51888.0,131317.0
1708587900000,51888.0,51908.0,51783.4,51840.0,76165.0
1708588800000,51839.9,51944.0,51780.0,51790.0,167198.0
1708589700000,51790.1,51875.4,51704.5,51774.7,147680.0
1708590600000,51774.8,51856.2,51678.1,51824.7,92683.0
1708591500000,51824.6,51940.0,51802.9,51896.5,110821.0
1708592400000,51896.5,51902.6,51791.2,51797.8,76131.0
1708593300000,51797.9,51815.3,51722.9,51791.5,90898.0
1708594200000,51791.6,51900.0,51707.0,51893.7,120551.0
1708595100000,51893.7,52060.0,51882.0,51958.1,232304.0
1708596000000,51958.1,51958.1,51880.2,51924.0,61077.0
1708596900000,51923.9,51929.2,51850.5,51902.0,45250.0
1708597800000,51899.8,51899.8,51740.3,51745.7,91344.0
1708598700000,51745.6,51746.2,51591.0,51707.5,150454.0
1708599600000,51707.6,51712.8,51593.7,51677.6,85830.0
1708600500000,51677.5,51677.6,51574.0,51643.1,78714.0
1708601400000,51644.0,51692.2,51534.1,51580.2,65675.0
1708602300000,51580.1,51678.9,51533.5,51640.6,51343.0
1708603200000,51640.6,51725.2,51589.0,51700.0,62414.0
1708604100000,51700.0,51756.7,51647.0,51666.1,44618.0
1708605000000,51666.0,51673.0,51419.3,51504.1,200038.0
1708605900000,51504.2,51560.4,51450.0,51532.0,52207.0
1708606800000,51532.0,51554.0,51361.2,51416.6,112410.0
1708607700000,51416.6,51416.6,51114.5,51273.5,367768.0
1708608600000,51274.9,51363.2,51070.0,51070.0,190652.0
1708609500000,51070.0,51187.9,50934.1,51166.9,375745.0
1708610400000,51166.9,51283.6,51080.3,51225.4,140584.0
1708611300000,51225.4,51257.9,51049.9,51119.1,209010.0
1708612200000,51119.1,51341.2,51062.6,51293.0,181774.0
1708613100000,51293.0,51429.7,51234.0,51380.1,176786.0
1708614000000,51380.1,51489.5,51309.2,51359.1,138323.0
1708614900000,51359.0,51410.5,51290.0,51367.5,107521.0
1708615800000,51367.5,51688.0,51333.6,51573.2,350728.0
1708616700000,51573.3,51622.4,51488.1,51601.6,123454.0
1708617600000,51600.2,51756.0,51578.9,51714.0,127102.0
1708618500000,51714.7,51740.0,51407.8,51457.3,173653.0
1708619400000,51457.4,51613.6,51448.0,51533.7,64654.0
1708620300000,51533.8,51549.9,51435.0,51493.8,64246.0
1708621200000,51494.0,51564.7,51464.3,51472.6,52122.0
1708622100000,51472.6,51679.0,51472.5,51600.5,74262.0
1708623000000,51600.5,51690.5,51578.0,51685.0,47110.0
1708623900000,51685.0,51747.0,51638.5,51704.0,74759.0
1708624800000,51704.0,51705.5,51609.0,51626.5,43006.0
1708625700000,51626.4,51682.3,51592.5,51599.8,27215.0
1708626600000,51599.8,51699.0,51511.3,51672.7,55585.0
1708627500000,51672.7,51785.5,51618.1,51732.2,107452.0
1708628400000,51732.2,51732.3,51563.2,51615.7,50089.0
1708629300000,51615.7,51651.9,51533.0,51621.4,28570.0
1708630200000,51621.5,51629.3,51472.2,51500.0,40416.0
1708631100000,51500.0,51532.0,51476.1,51530.0,20597.0
1708632000000,51530.0,51633.3,51480.0,51633.3,46711.0
1708632900000,51634.5,51950.0,51630.1,51935.0,238041.0
1708633800000,51933.3,52108.3,51803.3,51898.6,352860.0
1708634700000,51898.5,52059.9,51747.7,52009.9,247852.0
1708635600000,52012.7,52025.9,51694.1,51762.7,134032.0
1708636500000,51762.6,51762.6,51616.0,51728.3,66123.0
1708637400000,51728.3,51728.3,51556.1,51628.1,69585.0
1708638300000,51628.0,51699.3,51550.5,51665.6,52635.0
1708639200000,51665.6,51736.5,51511.2,51601.0,88692.0
1708640100000,51600.9,51666.8,51155.2,51206.5,283426.0
1708641000000,51206.5,51520.4,51193.3,51395.9,89351.0
1708641900000,51395.9,51518.8,51365.0,51462.9,33232.0
1708642800000,51462.8,51487.3,51277.8,51336.1,75306.0
1708643700000,51336.1,51360.4,51228.3,51339.6,75870.0
1708644600000,51339.6,51406.3,51284.3,51286.3,43824.0
1708645500000,51286.3,51362.2,51284.9,51285.0,34740.0
1708646400000,51285.0,51365.1,51269.9,51324.6,76320.0
1708647300000,51324.6,51394.0,51287.9,51379.9,49504.0
1708648200000,51380.0,51430.0,51370.8,51428.0,50321.0
1708649100000,51428.0,51485.4,51400.0,51459.4,108308.0
1708650000000,51459.3,51478.3,51431.7,51441.3,76773.0
1708650900000,51441.3,51454.3,51402.2,51447.2,88752.0
1708651800000,51447.1,51560.0,51447.1,51482.1,93664.0
1708652700000,51482.0,51482.1,51311.0,51325.0,118418.0
1708653600000,51325.1,51427.1,51320.5,51391.6,67466.0
1708654500000,51391.5,51391.6,51284.0,51303.8,75356.0
1708655400000,51303.7,51439.8,51287.8,51424.6,75992.0
1708656300000,51424.7,51439.8,51021.9,51098.8,367621.0
1708657200000,51098.9,51170.0,50950.0,51025.4,598203.0
1708658100000,51025.3,51086.6,50969.2,51050.0,107487.0
1708659000000,51050.0,51120.0,50994.0,51090.0,105538.0
1708659900000,51090.1,51115.8,51044.9,51097.2,45211.0
1708660800000,51097.3,51100.0,50990.6,51088.2,51261.0
1708661700000,51088.1,51237.5,51026.4,51230.1,152369.0
1708662600000,51230.0,51315.8,51174.9,51219.1,114358.0
1708663500000,51219.1,51248.9,51190.0,51213.0,36934.0
1708664400000,51213.0,51213.0,51136.0,51178.5,57716.0
1708665300000,51178.5,51228.6,51144.0,51198.5,51269.0
1708666200000,51198.6,51204.9,51133.0,51149.9,47351.0
1708667100000,51149.9,51233.4,51106.3,51230.0,50248.0
1708668000000,51229.9,51288.0,51223.2,51260.5,79384.0
1708668900000,51260.5,51275.0,51203.2,51203.2,38520.0
1708669800000,51203.2,51324.0,51202.5,51240.0,52193.0
1708670700000,51240.1,51314.8,51240.0,51293.9,28452.0
1708671600000,51294.0,51298.7,51250.7,51252.9,27750.0
1708672500000,51252.9,51254.0,51114.2,51139.7,84940.0
1708673400000,51139.7,51140.3,51044.0,51058.6,130431.0
1708674300000,51056.0,51056.0,50880.0,50927.7,266327.0
1708675200000,50927.7,51196.4,50891.7,51168.5,193431.0
1708676100000,51168.4,51172.8,51033.3,51055.8,79898.0
1708677000000,51055.9,51060.0,50842.5,50976.8,173089.0
1708677900000,50976.7,51024.7,50833.0,50966.1,99620.0
1708678800000,50966.2,50990.0,50876.0,50980.0,63131.0
1708679700000,50980.0,51076.8,50891.0,50968.7,90188.0
1708680600000,50968.6,51067.2,50968.4,51060.1,51225.0
1708681500000,51060.1,51064.7,50880.1,51018.0,112502.0
1708682400000,51018.1,51058.4,50970.1,51012.4,42264.0
1708683300000,51012.0,51145.3,50966.2,51127.3,99831.0
1708684200000,51127.4,51176.1,51088.8,51134.3,75245.0
1708685100000,51134.4,51181.1,51134.4,51181.1,54850.0
1708686000000,51181.1,51226.2,51150.8,51222.6,66905.0
1708686900000,51222.5,51255.9,51155.9,51156.1,65483.0
1708687800000,51156.1,51250.0,51153.1,51221.9,39706.0
1708688700000,51221.9,51263.0,51191.6,51220.6,32262.0
1708689600000,51220.7,51235.9,50993.5,51098.2,129575.0
1708690500000,51098.2,51117.0,50925.0,50959.8,124305.0
1708691400000,50959.9,51000.0,50924.9,51000.0,102728.0
1708692300000,51000.0,51022.5,50937.2,50985.0,64975.0
1708693200000,50985.0,51078.5,50912.5,50960.0,63104.0
1708694100000,50960.0,51050.0,50920.8,51008.6,36011.0
1708695000000,51008.6,51074.5,50956.0,51049.4,45387.0
1708695900000,51049.4,51102.8,51002.4,51062.1,76176.0
1708696800000,51062.2,51096.1,50920.0,51005.9,93683.0
1708697700000,51005.8,51348.3,50976.5,51201.4,324143.0
1708698600000,51201.5,51312.0,50872.7,50914.7,459234.0
1708699500000,50914.7,51284.4,50777.0,51134.0,459712.0
1708700400000,51133.9,51134.0,50917.2,50980.2,170685.0
1708701300000,50980.2,51000.0,50836.1,50890.7,156759.0
1708702200000,50890.6,51031.0,50855.0,50982.8,120444.0
1708703100000,50982.9,51040.6,50856.5,50916.4,133524.0
1708704000000,50915.8,50949.5,50680.9,50694.9,314383.0
1708704900000,50694.9,50892.6,50635.1,50876.1,311643.0
1708705800000,50876.0,51000.0,50807.4,50945.9,131771.0
1708706700000,50946.0,51132.7,50899.5,51055.3,161669.0
1708707600000,51055.3,51156.1,51024.7,51097.9,101276.0
1708708500000,51098.0,51116.8,50974.2,51012.6,96716.0
1708709400000,51015.1,51181.8,51015.1,51172.4,83703.0
1708710300000,51172.3,51172.3,51072.4,51136.5,62292.0
1708711200000,51136.6,51158.9,51000.0,51019.2,53940.0
1708712100000,51020.1,51175.9,51020.1,51156.0,68974.0
1708713000000,51155.9,51198.0,51101.4,51166.2,32216.0
1708713900000,51166.2,51195.8,51078.0,51106.4,50543.0
1708714800000,51109.3,51113.8,51039.2,51093.1,22013.0
1708715700000,51093.2,51200.0,51093.1,51138.1,34720.0
1708716600000,51138.1,51195.4,51097.2,51120.4,32096.0
1708717500000,51120.5,51178.0,51058.2,51108.8,46457.0
1708718400000,51108.8,51166.5,51095.7,51156.9,23842.0
1708719300000,51156.9,51164.9,50980.0,51005.1,67468.0
1708720200000,51005.2,51072.8,50951.3,50973.6,46303.0
1708721100000,50973.7,51108.1,50964.2,51076.4,49281.0
1708722000000,51076.4,51091.6,51017.9,51035.3,25480.0
1708722900000,51035.2,51054.8,51000.8,51016.7,13950.0
1708723800000,51016.4,51065.0,50996.0,51065.0,15674.0
1708724700000,51065.0,51065.0,50984.8,50985.1,21404.0
1708725600000,50985.1,51029.1,50968.9,50969.0,17257.0
1708726500000,50968.9,50971.6,50898.0,50962.0,39660.0
1708727400000,50961.9,50961.9,50813.4,50843.0,50118.0
1708728300000,50843.0,50843.0,50750.9,50792.0,64723.0
1708729200000,50792.0,50792.0,50649.9,50649.9,108584.0
1708730100000,50649.8,50815.2,50533.0,50794.1,236219.0
1708731000000,50794.1,50877.0,50794.0,50867.9,68708.0
1708731900000,50868.0,50929.0,50720.0,50755.7,73988.0
1708732800000,50755.7,50809.0,50704.9,50715.8,83982.0
1708733700000,50715.7,50860.1,50705.5,50836.0,41936.0
1708734600000,50836.0,50911.0,50787.9,50886.0,61655.0
1708735500000,50886.0,50915.5,50848.7,50894.3,31151.0
1708736400000,50894.4,50900.0,50727.0,50767.4,47736.0
1708737300000,50767.4,50822.5,50708.0,50708.0,43992.0
1708738200000,50708.1,50797.4,50662.0,50670.0,58715.0
1708739100000,50670.1,50710.0,50595.3,50603.8,72562.0
1708740000000,50603.7,50708.2,50590.2,50705.6,61793.0
1708740900000,50705.7,50780.0,50705.7,50770.0,39195.0
1708741800000,50770.0,50800.7,50722.3,50785.5,48394.0
1708742700000,50785.5,50811.8,50742.3,50811.4,31428.0
1708743600000,50811.4,50811.5,50750.1,50787.2,20232.0
1708744500000,50787.1,50795.0,50685.6,50780.8,46287.0
1708745400000,50780.9,50838.2,50760.6,50808.9,32513.0
1708746300000,50808.9,50866.7,50808.9,50855.4,24721.0
1708747200000,50855.3,50909.0,50827.9,50897.0,61210.0
1708748100000,50897.0,50965.6,50891.0,50940.4,72990.0
1708749000000,50940.3,51009.6,50939.5,51006.8,57651.0
1708749900000,51006.8,51026.4,50940.9,50966.0,51513.0
1708750800000,50965.9,51018.5,50925.0,50966.8,69106.0
1708751700000,50966.9,51077.8,50960.5,51035.4,100490.0
1708752600000,51035.4,51060.1,51015.9,51039.3,38754.0
1708753500000,51039.3,51076.1,51028.0,51054.7,30420.0
1708754400000,51054.6,51073.2,50980.1,51026.5,38131.0
1708755300000,51026.4,51074.3,50999.7,51007.2,30222.0
1708756200000,51007.1,51031.3,50969.0,50986.0,27805.0
1708757100000,50986.1,51010.0,50955.4,50980.8,36899.0
1708758000000,50980.9,51010.0,50950.3,50972.3,22339.0
1708758900000,50972.4,51031.5,50970.0,51025.1,17865.0
1708759800000,51025.1,51072.0,51016.0,51045.8,25067.0
1708760700000,51045.8,51116.7,51045.8,51082.0,50891.0
1708761600000,51081.9,51127.5,51025.3,51025.4,45733.0
1708762500000,51025.4,51098.1,51016.0,51080.5,51211.0
1708763400000,51080.5,51087.6,51014.3,51014.4,21617.0
1708764300000,51014.3,51027.7,50960.0,51010.1,44787.0
1708765200000,51010.1,51056.6,50991.0,51056.5,35775.0
1708766100000,51056.6,51118.0,51056.5,51067.8,29794.0
1708767000000,51067.9,51100.3,51055.1,51097.0,37062.0
1708767900000,51096.9,51131.8,51066.0,51094.6,44845.0
1708768800000,51094.7,51181.9,51084.9,51169.7,97913.0
1708769700000,51169.7,51189.2,51116.1,51126.3,59530.0
1708770600000,51126.3,51150.0,51102.1,51115.9,21927.0
1708771500000,51115.9,51115.9,51084.0,51100.0,20603.0
1708772400000,51099.9,51102.9,51069.4,51090.1,27983.0
1708773300000,51090.0,51148.7,51046.6,51131.4,40521.0
1708774200000,51131.4,51150.0,51110.0,51115.9,32962.0
1708775100000,51115.9,51149.0,51115.9,51138.7,17727.0
1708776000000,51138.7,51144.0,51067.7,51128.8,33371.0
1708776900000,51128.8,51128.9,51062.5,51065.8,40780.0
1708777800000,51065.8,51079.5,51034.1,51071.9,34682.0
1708778700000,51071.9,51115.4,51071.9,51085.2,18843.0
1708779600000,51085.3,51109.3,51063.2,51109.3,20278.0
1708780500000,51109.3,51165.0,51109.2,51162.2,40922.0
1708781400000,51162.2,51195.0,51116.4,51131.7,35420.0
1708782300000,51131.8,51163.9,51125.2,51146.4,22615.0
1708783200000,51146.4,51148.4,51081.6,51082.5,32598.0
1708784100000,51082.6,51146.1,51080.0,51144.9,19331.0
1708785000000,51144.9,51166.0,51089.3,51101.3,24199.0
1708785900000,51101.4,51148.6,51077.0,51143.3,27411.0
1708786800000,51143.4,51168.4,51122.7,51160.0,37471.0
1708787700000,51160.0,51168.4,51136.1,51138.3,22532.0
1708788600000,51138.2,51154.0,51105.3,51147.4,17055.0
1708789500000,51147.4,51154.6,51110.0,51110.1,25996.0
1708790400000,51110.1,51180.5,51107.3,51164.5,51734.0
1708791300000,51164.5,51180.0,51129.9,51169.9,46411.0
1708792200000,51169.9,51220.0,51158.0,51182.1,49875.0
1708793100000,51182.0,51220.0,51174.6,51219.4,38921.0
1708794000000,51219.3,51295.3,51219.3,51293.9,96552.0
1708794900000,51293.9,51370.0,51271.3,51329.5,87839.0
1708795800000,51329.6,51627.9,51329.6,51572.6,314073.0
1708796700000,51571.5,51725.2,51460.6,51545.4,320998.0
1708797600000,51545.3,51715.0,51538.1,51681.8,155594.0
1708798500000,51681.8,51720.0,51580.0,51630.3,75628.0
1708799400000,51630.3,51630.4,51526.5,51589.2,63174.0
1708800300000,51589.2,51596.8,51430.0,51467.8,91111.0
1708801200000,51467.8,51548.7,51467.8,51529.6,35602.0
1708802100000,51529.7,51548.9,51486.9,51526.5,24149.0
1708803000000,51526.5,51643.7,51499.3,51600.3,59203.0
1708803900000,51600.4,51664.4,51567.7,51575.6,22218.0
1708804800000,51575.7,51604.5,51441.0,51499.8,65873.0
1708805700000,51499.8,51583.3,51472.0,51570.0,17233.0
1708806600000,51570.1,51574.9,51503.1,51525.3,9159.0
1708807500000,51525.3,51558.0,51511.9,51518.6,11979.0
1708808400000,51518.0,51533.0,51480.0,51517.9,30661.0
1708809300000,51517.9,51541.4,51496.0,51516.0,15393.0
1708810200000,51516.0,51578.7,51504.6,51507.6,31818.0
1708811100000,51507.6,51651.6,51492.6,51560.9,62815.0
1708812000000,51560.7,51667.5,51560.2,51625.1,37140.0
1708812900000,51625.2,51677.0,51616.3,51658.2,28508.0
1708813800000,51658.2,51692.8,51622.9,51623.5,44071.0
1708814700000,51623.5,51623.5,51565.5,51565.6,12493.0
1708815600000,51565.5,51650.0,51503.2,51606.3,46608.0
1708816500000,51606.3,51620.0,51560.6,51600.2,19627.0
1708817400000,51600.3,51623.8,51569.7,51588.0,23371.0
1708818300000,51588.0,51588.0,51545.5,51574.0,16237.0
1708819200000,51574.0,51598.4,51538.5,51538.6,25231.0
1708820100000,51538.5,51543.9,51450.0,51502.6,71510.0
1708821000000,51502.5,51505.0,51446.8,51462.9,24104.0
1708821900000,51462.9,51517.0,51450.0,51494.6,19105.0
1708822800000,51494.5,51575.0,51444.9,51448.8,41474.0
1708823700000,51448.9,51524.5,51444.9,51517.7,32677.0
1708824600000,51517.6,51648.0,51493.6,51628.2,61110.0
1708825500000,51628.2,51701.0,51587.5,51693.4,69886.0
1708826400000,51693.4,51877.0,51666.0,51789.1,195019.0
1708827300000,51789.1,51921.0,51690.1,51841.9,164712.0
1708828200000,51841.9,51841.9,51691.7,51705.8,88437.0
1708829100000,51705.7,51720.0,51553.0,51612.7,139878.0
1708830000000,51612.7,51612.8,51489.0,51564.7,87929.0
1708830900000,51564.8,51570.0,51469.6,51568.0,53951.0
1708831800000,51568.0,51612.5,51545.8,51601.7,45293.0
1708832700000,51602.7,51640.3,51556.5,51640.0,48510.0
1708833600000,51639.9,51640.0,51586.4,51620.8,36942.0
1708834500000,51620.9,51630.0,51525.7,51539.9,24893.0
1708835400000,51540.0,51576.9,51517.7,51567.9,31789.0
1708836300000,51567.8,51650.0,51561.5,51635.1,46760.0
1708837200000,51635.1,51665.1,51610.7,51649.5,21459.0
1708838100000,51649.4,51706.8,51606.1,51628.3,32816.0
1708839000000,51628.4,51688.0,51626.1,51688.0,26116.0
1708839900000,51688.0,51737.0,51669.2,51675.7,50315.0
1708840800000,51675.6,51690.0,51638.6,51678.0,22539.0
1708841700000,51678.0,51764.0,51655.0,51754.9,40088.0
1708842600000,51754.8,51825.5,51680.2,51814.0,86895.0
1708843500000,51814.0,51820.0,51756.0,51773.9,36147.0
1708844400000,51773.9,51790.0,51725.0,51732.1,27984.0
1708845300000,51732.1,51748.9,51692.6,51720.0,22828.0
1708846200000,51719.9,51754.9,51704.0,51754.8,13480.0
1708847100000,51754.8,51788.0,51703.3,51743.7,45724.0
1708848000000,51743.6,51768.1,51710.3,51768.1,25580.0
1708848900000,51768.0,51800.0,51743.7,51743.9,41015.0
1708849800000,51743.9,51757.5,51676.1,51676.1,36940.0
1708850700000,51676.1,51695.5,51590.5,51620.1,79416.0
1708851600000,51620.1,51652.7,51545.8,51600.0,62814.0
1708852500000,51600.0,51618.0,51568.0,51618.0,23331.0
1708853400000,51618.0,51675.0,51594.1,51658.2,41161.0
1708854300000,51658.2,51666.0,51645.4,51658.6,15777.0
1708855200000,51656.1,51694.3,51656.1,51679.9,37275.0
1708856100000,51679.9,51697.7,51580.1,51594.4,32241.0
1708857000000,51594.4,51629.8,51594.3,51612.0,13100.0
1708857900000,51612.1,51616.1,51570.0,51595.3,20068.0
1708858800000,51595.3,51649.5,51570.6,51635.0,18158.0
1708859700000,51634.9,51700.9,51627.9,51697.6,23493.0
1708860600000,51697.6,51709.0,51659.1,51688.0,11662.0
1708861500000,51688.0,51720.0,51660.1,51661.9,15674.0
1708862400000,51661.8,51685.5,51625.5,51652.0,21882.0
1708863300000,51651.9,51663.4,51602.1,51617.9,18618.0
1708864200000,51617.9,51625.0,51603.7,51623.0,16334.0
1708865100000,51623.0,51690.0,51619.5,51673.5,33974.0
1708866000000,51673.5,51712.3,51575.3,51589.0,43485.0
1708866900000,51589.1,51620.4,51560.0,51620.4,28718.0
1708867800000,51620.3,51695.8,51620.3,51690.8,39750.0
1708868700000,51690.7,51702.7,51615.5,51623.3,37202.0
1708869600000,51623.3,51652.0,51612.0,51649.6,13160.0
1708870500000,51649.6,51674.5,51618.0,51655.4,18782.0
1708871400000,51655.3,51793.6,51612.1,51766.2,93297.0
1708872300000,51766.2,51796.0,51710.0,51753.8,67369.0
1708873200000,51753.8,51774.0,51711.6,51770.7,32632.0
1708874100000,51770.6,51770.7,51678.0,51709.8,61166.0
1708875000000,51709.7,51715.0,51511.6,51558.8,145326.0
1708875900000,51558.7,51578.4,51430.3,51530.0,180871.0
1708876800000,51529.9,51614.8,51470.6,51614.7,70290.0
1708877700000,51614.7,51640.0,51470.3,51476.7,58345.0
1708878600000,51476.8,51476.8,51305.2,51371.5,245704.0
1708879500000,51371.5,51428.7,51280.0,51381.6,108980.0
1708880400000,51381.6,51417.7,51366.2,51395.4,41391.0
1708881300000,51395.4,51497.0,51395.3,51447.0,55043.0
1708882200000,51447.1,51512.8,51432.5,51506.8,28155.0
1708883100000,51506.8,51592.0,51506.7,51572.7,58501.0
1708884000000,51572.6,51592.0,51505.0,51526.4,39889.0
1708884900000,51526.3,51566.3,51518.9,51523.4,13204.0
1708885800000,51523.4,51564.2,51505.5,51560.4,9215.0
1708886700000,51560.5,51590.0,51532.4,51589.4,14371.0
1708887600000,51589.5,51611.8,51508.1,51569.6,43443.0
1708888500000,51569.6,51702.4,51513.5,51662.5,85914.0
1708889400000,51662.5,51737.9,51656.3,51720.6,47888.0
1708890300000,51720.6,51760.0,51669.4,51679.4,33807.0
1708891200000,51679.3,51945.0,51676.8,51927.4,210473.0
1708892100000,51927.4,51989.6,51869.5,51929.4,179906.0
1708893000000,51929.3,51937.1,51742.7,51841.3,114867.0
1708893900000,51841.2,51850.0,51721.2,51751.6,47092.0
1708894800000,51751.7,51794.7,51716.7,51759.9,28658.0
1708895700000,51759.8,51766.9,51652.8,51698.3,44596.0
1708896600000,51698.2,51778.0,51698.2,51736.2,21998.0
1708897500000,51736.1,51798.2,51732.7,51777.5,17006.0
1708898400000,51776.1,51780.0,51662.3,51739.9,20781.0
1708899300000,51741.1,51874.5,51741.1,51832.1,30398.0
1708900200000,51832.1,51880.5,51832.1,51870.0,21186.0
1708901100000,51870.0,51872.2,51684.1,51712.1,41730.0
1708902000000,51712.2,51813.2,51700.1,51712.4,42704.0
1708902900000,51712.5,51756.2,51672.5,51747.0,40366.0
1708903800000,51746.9,51789.9,51746.9,51774.9,26728.0
1708904700000,51775.0,51775.0,51722.4,51742.7,18759.0
1708905600000,51742.7,51749.5,51636.4,51655.8,46392.0
1708906500000,51655.8,51783.9,51633.0,51717.1,68772.0
1708907400000,51717.0,51816.2,51688.1,51731.6,33774.0
1708908300000,51731.6,51744.6,51684.6,51698.0,23680.0
1708909200000,51697.9,51713.2,51555.0,51555.0,43500.0
1708910100000,51555.1,51617.0,51531.7,51552.9,76465.0
1708911000000,51552.8,51570.9,51510.0,51558.3,38903.0
1708911900000,51558.4,51558.4,51476.4,51482.6,29893.0
1708912800000,51482.5,51558.6,51450.0,51553.8,72436.0
1708913700000,51552.0,51564.9,51423.4,51447.5,50158.0
1708914600000,51447.6,51528.4,51440.3,51517.9,25533.0
1708915500000,51517.9,51528.7,51441.2,51441.2,29638.0
1708916400000,51441.2,51487.8,51406.5,51464.2,39144.0
1708917300000,51464.1,51544.9,51464.1,51537.7,35743.0
1708918200000,51537.7,51544.0,51498.0,51511.4,20767.0
1708919100000,51511.4,51580.8,51493.7,51577.7,48330.0
1708920000000,51577.6,51597.9,51530.0,51530.0,44098.0
1708920900000,51530.0,51530.0,51488.0,51488.0,16064.0
1708921800000,51488.0,51538.3,51487.9,51528.1,25119.0
1708922700000,51528.1,51555.7,51515.7,51552.4,14985.0
1708923600000,51552.5,51587.9,51536.6,51539.0,23637.0
1708924500000,51539.0,51539.0,51437.6,51463.7,44678.0
1708925400000,51463.7,51598.7,51441.9,51584.7,55727.0
1708926300000,51584.8,51615.0,51570.0,51582.2,46303.0
1708927200000,51582.3,51618.3,51556.5,51556.6,25276.0
1708928100000,51556.5,51556.5,51507.2,51522.6,19856.0
1708929000000,51522.6,51534.5,51507.1,51511.6,25627.0
1708929900000,51511.6,51550.0,51510.6,51540.0,21307.0
1708930800000,51540.1,51546.8,51445.3,51456.9,39791.0
1708931700000,51456.9,51483.8,51427.8,51440.3,33572.0
1708932600000,51440.3,51440.4,51320.7,51348.3,110257.0
1708933500000,51348.3,51391.9,51304.0,51310.0,74001.0
1708934400000,51310.1,51366.1,51306.0,51306.6,60475.0
1708935300000,51306.6,51395.0,51267.4,51394.9,84913.0
1708936200000,51394.9,51395.0,51294.3,51294.3,33154.0
1708937100000,51294.4,51342.4,51266.0,51268.5,59012.0
1708938000000,51268.4,51318.2,51213.0,51314.0,78946.0
1708938900000,51314.0,51314.0,51051.1,51064.1,296487.0
1708939800000,51064.1,51097.1,50960.7,50966.3,301174.0
1708940700000,50966.4,51049.9,50907.0,50961.4,117009.0
1708941600000,50961.3,51163.8,50948.1,51144.3,123875.0
1708942500000,51144.4,51240.0,51111.2,51210.6,130395.0
1708943400000,51210.6,51252.0,51165.4,51199.4,61454.0
1708944300000,51199.4,51252.0,51161.0,51177.9,45945.0
1708945200000,51177.9,51203.1,51055.2,51167.1,100934.0
1708946100000,51167.0,51228.6,51122.0,51196.7,45380.0
1708947000000,51196.7,51196.7,51081.7,51120.9,64769.0
1708947900000,51120.9,51132.0,51081.7,51103.7,34079.0
1708948800000,51103.8,51138.0,51030.0,51045.8,54484.0
1708949700000,51045.8,51154.2,50967.1,51133.0,142239.0
1708950600000,51133.0,51187.0,51123.8,51187.0,53336.0
1708951500000,51187.9,51239.0,51172.8,51238.9,36866.0
1708952400000,51238.9,51409.5,51210.8,51389.9,151700.0
1708953300000,51390.0,51449.5,51310.8,51417.8,108387.0
1708954200000,51420.0,51426.8,51288.4,51301.5,86623.0
1708955100000,51301.5,51325.1,51224.2,51238.2,73984.0
1708956000000,51238.1,51321.8,51213.8,51305.3,43150.0
1708956900000,51305.4,51388.0,51300.0,51369.0,62541.0
1708957800000,51369.0,51570.0,51368.9,51538.0,169398.0
1708958700000,51538.1,51738.7,51538.1,51705.8,298126.0
1708959600000,51705.9,52046.0,51661.2,51960.6,465759.0
1708960500000,51960.7,52454.5,51960.6,52384.0,764742.0
1708961400000,52384.1,52756.0,52384.1,52557.2,748704.0
1708962300000,52557.2,52853.8,52524.6,52849.2,408697.0
1708963200000,52849.1,53658.0,52759.7,53518.2,1368264.0
1708964100000,53518.3,53558.6,53134.3,53269.5,578901.0
1708965000000,53269.4,53345.0,53116.0,53315.9,266142.0
1708965900000,53315.8,53469.0,53251.7,53412.7,185298.0
1708966800000,53412.8,53465.3,53280.0,53410.8,129042.0
1708967700000,53410.9,53533.0,53228.7,53237.7,158449.0
1708968600000,53237.8,53445.9,53231.6,53414.0,142953.0
1708969500000,53414.0,53533.9,53334.0,53517.8,166890.0
1708970400000,53517.8,53630.0,53434.2,53546.0,174298.0
1708971300000,53545.1,53628.0,53466.1,53559.7,82795.0
1708972200000,53559.8,53617.1,53300.0,53488.0,148283.0
1708973100000,53488.0,53628.0,53460.3,53594.0,109548.0
1708974000000,53594.0,53918.1,53426.6,53888.9,603561.0
1708974900000,53888.9,54503.5,53860.0,54289.6,1292788.0
1708975800000,54289.7,54593.0,54242.8,54552.3,341102.0
1708976700000,54552.2,54558.4,54336.0,54523.7,191918.0
1708977600000,54523.7,54964.9,54410.4,54566.1,714112.0
1708978500000,54566.0,54583.7,54286.7,54396.6,303842.0
1708979400000,54396.6,54613.9,54285.8,54592.9,265914.0
1708980300000,54592.8,54698.9,54413.4,54465.5,159970.0
1708981200000,54462.0,54520.0,54337.5,54520.0,102236.0
1708982100000,54519.9,54662.7,54467.1,54602.9,76328.0
1708983000000,54603.0,54761.9,54582.1,54597.4,97230.0
1708983900000,54598.0,54690.5,54536.0,54660.0,78927.0
1708984800000,54660.1,54832.1,54632.1,54793.2,111505.0
1708985700000,54793.3,54829.8,54519.8,54572.0,96987.0
1708986600000,54571.9,54628.8,54455.0,54498.5,80588.0
1708987500000,54498.5,54748.3,54498.5,54687.1,78681.0
1708988400000,54687.1,54692.5,54564.6,54583.0,55280.0
1708989300000,54578.9,54618.6,54536.6,54576.8,55698.0
1708990200000,54576.7,54617.7,54469.7,54479.8,79981.0
1708991100000,54479.9,54556.1,54454.1,54490.0,47382.0
1708992000000,54490.1,54661.7,54490.0,54622.4,90235.0
1708992900000,54622.4,54660.0,54480.5,54612.8,93870.0
1708993800000,54612.8,54619.0,54465.2,54480.2,44143.0
1708994700000,54480.2,54598.6,54476.2,54571.0,71199.0
1708995600000,54571.1,54734.0,54528.1,54692.8,82912.0
1708996500000,54692.6,54769.4,54614.6,54745.2,81166.0
1708997400000,54745.1,55373.7,54684.4,55168.1,568275.0
1708998300000,55168.0,55874.6,55080.0,55825.5,989548.0
1708999200000,55825.5,57641.4,55654.1,56485.4,2355185.0
1709000100000,56485.4,56677.8,56258.3,56441.7,446819.0
1709001000000,56441.7,56487.8,56129.4,56365.9,312843.0
1709001900000,56365.8,56448.0,56223.0,56392.2,183389.0
1709002800000,56392.1,56624.4,56376.1,56521.1,223796.0
1709003700000,56521.1,56620.0,56405.2,56588.0,145166.0
1709004600000,56588.0,56618.8,56446.2,56534.1,119717.0
1709005500000,56536.0,56536.0,55593.6,55755.8,669540.0
1709006400000,55752.9,56019.9,55637.1,55900.0,265812.0
1709007300000,55900.0,56047.9,55690.2,56023.4,167160.0
1709008200000,56023.4,56142.9,55915.6,55957.5,133800.0
1709009100000,55957.6,55964.5,55666.0,55786.4,185381.0
1709010000000,55786.5,55900.0,55691.0,55899.9,109056.0
1709010900000,55899.9,55909.3,55777.2,55850.5,91697.0
1709011800000,55850.4,56126.6,55782.0,56126.5,122182.0
1709012700000,56126.5,56236.0,56078.9,56100.0,173507.0
1709013600000,56100.1,56287.9,56080.0,56210.9,99077.0
1709014500000,56210.0,56321.8,56150.0,56298.7,95509.0
1709015400000,56298.8,56458.0,56248.1,56458.0,151834.0
1709016300000,56457.9,56458.0,56306.8,56359.7,107108.0
1709017200000,56359.8,56386.0,56100.8,56207.6,147547.0
1709018100000,56207.6,56272.6,55892.0,56026.5,197479.0
1709019000000,56026.5,56073.5,55825.4,55989.2,184338.0
1709019900000,55989.2,56149.7,55989.2,56070.0,98086.0
1709020800000,56070.1,56361.2,56050.0,56330.4,191698.0
1709021700000,56330.5,56431.0,56280.0,56373.8,117868.0
1709022600000,56373.3,56458.0,56266.5,56418.0,97695.0
1709023500000,56418.0,56483.0,56220.0,56261.9,118326.0
1709024400000,56261.8,56361.9,56195.0,56290.1,67946.0
1709025300000,56290.1,56493.3,56239.9,56461.8,120080.0
1709026200000,56461.3,56798.9,56461.3,56700.9,347287.0
1709027100000,56700.8,56725.1,56570.0,56643.8,279238.0
1709028000000,56643.8,56645.5,56489.7,56642.9,191155.0
1709028900000,56642.8,56863.9,56618.2,56667.8,212159.0
1709029800000,56668.0,56740.7,56387.6,56557.1,263900.0
1709030700000,56557.1,56649.0,56473.2,56540.6,154976.0
1709031600000,56540.5,56567.3,56438.0,56493.8,90233.0
1709032500000,56493.7,56609.9,56411.3,56571.1,103917.0
1709033400000,56571.1,56616.1,56398.2,56414.1,102541.0
1709034300000,56414.0,56559.5,56343.3,56559.5,70158.0
1709035200000,56559.4,56722.9,56472.0,56624.9,152700.0
1709036100000,56625.0,57133.3,56600.6,56947.0,404524.0
1709037000000,56950.6,57475.1,56860.0,57430.0,585352.0
1709037900000,57429.9,57471.1,56655.0,56813.1,573393.0
1709038800000,56814.0,57067.9,56600.5,56976.4,442911.0
1709039700000,56976.3,57230.0,56700.0,56777.7,439519.0
1709040600000,56777.6,56968.0,56751.5,56918.0,126584.0
1709041500000,56918.0,57176.6,56906.1,57125.7,211992.0
1709042400000,57125.8,57195.0,56745.1,56758.2,358192.0
1709043300000,56758.1,56918.6,56668.6,56856.4,281406.0
1709044200000,56856.5,57353.0,56801.0,56866.8,679538.0
1709045100000,56866.9,57099.0,56643.0,56988.0,445400.0
1709046000000,56988.0,57133.0,56815.8,56986.0,278900.0
1709046900000,56986.1,57300.0,56893.1,57232.7,396023.0
1709047800000,57232.7,57265.4,56928.2,56950.0,199390.0
1709048700000,56946.7,56978.9,56610.0,56757.8,424755.0
1709049600000,56757.9,57000.0,56199.0,56491.9,721591.0
1709050500000,56492.0,57039.2,56490.0,56866.7,434966.0
1709051400000,56866.7,57088.0,56838.5,56975.6,222745.0
1709052300000,56975.6,57191.5,56967.6,57055.5,252512.0
1709053200000,57054.0,57223.7,56980.5,57162.0,181398.0
1709054100000,57162.0,57227.0,57049.5,57080.4,121876.0
1709055000000,57080.4,57121.9,56668.1,56857.6,331936.0
1709055900000,56854.7,57069.3,56730.9,56774.1,189666.0
1709056800000,56780.0,56965.2,56687.2,56953.6,108704.0
1709057700000,56953.6,57094.0,56919.0,57015.0,105876.0
1709058600000,57015.0,57100.1,56961.1,57027.8,67847.0
1709059500000,57027.9,57154.0,56966.1,57123.1,73908.0
1709060400000,57123.1,57186.0,56928.5,56956.2,95301.0
1709061300000,56956.2,57069.9,56921.6,57068.0,65795.0
1709062200000,57068.1,57300.0,56980.0,57288.0,228141.0
1709063100000,57288.0,57679.1,57223.6,57362.5,425905.0
1709064000000,57362.4,57387.9,57084.4,57182.7,259455.0
1709064900000,57182.7,57202.3,57008.8,57134.2,182532.0
1709065800000,57134.3,57161.6,56788.1,56856.1,242853.0
1709066700000,56856.1,56991.7,56668.4,56974.0,377354.0
1709067600000,56977.8,57020.0,56673.4,56788.0,245151.0
1709068500000,56788.1,56833.0,56685.2,56780.2,115635.0
1709069400000,56780.2,56839.1,56717.8,56795.9,81493.0
1709070300000,56795.9,56827.4,56560.0,56699.9,172449.0
1709071200000,56699.9,56764.3,56625.7,56691.8,51579.0
1709072100000,56691.7,56998.0,56676.3,56885.3,150667.0
1709073000000,56885.2,56993.0,56864.0,56932.0,37000.0
1709073900000,56935.5,56941.6,56847.1,56892.7,47284.0
1709074800000,56892.6,56967.7,56840.4,56967.7,62020.0
1709075700000,56967.9,57114.0,56960.7,57060.0,95457.0
1709076600000,57060.0,57087.7,56990.0,57006.3,51793.0
1709077500000,57006.4,57078.0,56966.1,57047.3,41255.0
1709078400000,57047.3,57083.3,56875.6,56937.3,65982.0
1709079300000,56937.3,57087.7,56870.0,57031.1,53286.0
1709080200000,57031.1,57110.1,56985.4,56991.0,45437.0
1709081100000,56991.1,57092.7,56971.2,57029.4,33683.0
1709082000000,57029.4,57116.0,56874.1,56894.1,66855.0
1709082900000,56894.1,56985.0,56818.0,56960.0,65688.0
1709083800000,56960.1,56960.1,56782.0,56782.0,79404.0
1709084700000,56782.1,56859.1,56761.3,56778.8,70951.0
1709085600000,56778.9,56812.5,56700.0,56802.9,68443.0
1709086500000,56802.8,56925.5,56751.0,56925.4,41747.0
1709087400000,56925.5,56991.7,56888.4,56934.2,55060.0
1709088300000,56934.3,56971.1,56877.3,56931.9,30810.0
1709089200000,56932.0,56949.5,56872.5,56884.1,19829.0
1709090100000,56885.0,56973.1,56839.8,56925.7,60398.0
1709091000000,56925.7,56974.5,56843.4,56926.8,51193.0
1709091900000,56926.9,56955.8,56912.6,56928.0,18637.0
1709092800000,56928.0,57048.9,56896.3,56984.7,84491.0
1709093700000,56987.4,57084.5,56938.9,57084.5,109135.0
1709094600000,57084.4,57100.0,57024.0,57062.7,48854.0
1709095500000,57062.6,57299.0,57062.6,57211.5,179793.0
1709096400000,57211.5,57280.0,57172.0,57225.1,71808.0
1709097300000,57225.1,57225.2,57132.1,57140.0,50302.0
1709098200000,57140.0,57212.6,57083.6,57108.1,52296.0
1709099100000,57108.1,57144.6,57054.3,57079.9,41933.0
1709100000000,57080.0,57175.4,57053.9,57053.9,36302.0
1709100900000,57054.0,57199.7,57053.9,57139.0,53242.0
1709101800000,57139.0,57152.5,57100.0,57142.5,23344.0
1709102700000,57142.5,57199.9,57080.5,57192.9,40934.0
1709103600000,57193.0,57287.6,57152.7,57273.5,69796.0
1709104500000,57273.5,57449.9,57271.0,57449.9,182664.0
1709105400000,57449.9,58027.3,57427.1,57847.0,852201.0
1709106300000,57847.0,58423.6,57800.0,58261.8,884373.0
1709107200000,58261.8,58788.0,58174.0,58456.2,913055.0
1709108100000,58456.1,58773.2,58345.5,58615.1,469959.0
1709109000000,58617.1,59022.0,58505.0,58850.2,561668.0
1709109900000,58850.3,59550.0,58811.3,59477.1,1131040.0
1709110800000,59477.0,59500.1,59068.1,59290.7,585528.0
1709111700000,59290.7,59317.9,58852.2,59098.8,464693.0
1709112600000,59098.8,59205.4,59045.0,59140.2,188165.0
1709113500000,59140.1,59412.1,59128.3,59324.5,319764.0
1709114400000,59324.4,59380.1,59084.3,59141.6,199218.0
1709115300000,59141.6,59244.3,59020.0,59178.2,133445.0
1709116200000,59178.1,59323.9,59126.9,59210.1,146007.0
1709117100000,59210.1,59316.8,59190.0,59291.7,116862.0
1709118000000,59291.8,59379.9,59222.6,59266.0,120410.0
1709118900000,59266.0,59499.5,59266.0,59389.2,177038.0
1709119800000,59389.2,59545.4,59168.0,59170.0,307317.0
1709120700000,59170.0,59209.1,58476.7,58970.2,950059.0
1709121600000,58970.2,59210.0,58916.3,59199.9,276646.0
1709122500000,59199.9,59300.0,59101.0,59294.3,252242.0
1709123400000,59294.3,59449.8,59256.9,59395.5,261587.0
1709124300000,59395.5,59446.0,59280.0,59370.0,140018.0
1709125200000,59369.9,60059.8,59322.5,59826.0,1019867.0
1709126100000,59825.9,61146.3,59628.3,60353.9,1702540.0
1709127000000,60353.9,60596.8,60146.7,60274.6,499955.0
1709127900000,60274.6,60617.1,60210.0,60511.9,296316.0
1709128800000,60512.0,60750.0,60405.2,60464.2,427817.0
1709129700000,60464.2,60569.2,59806.0,60209.3,652275.0
1709130600000,60209.3,60418.0,59853.0,60395.7,462270.0
1709131500000,60395.7,61277.8,60310.3,61023.9,785242.0
1709132400000,61023.8,61400.0,60618.8,61278.0,764470.0
1709133300000,61278.0,61453.3,60939.5,61150.0,646935.0
1709134200000,61156.6,61222.0,60818.8,60915.4,352734.0
1709135100000,60914.2,61113.7,60833.3,60998.3,245609.0
1709136000000,60998.4,61373.0,60965.8,61082.4,469829.0
1709136900000,61082.4,61645.2,61017.1,61459.8,470705.0
1709137800000,61461.9,61886.5,61330.7,61720.1,599767.0
1709138700000,61720.1,62624.8,61637.7,62515.9,1041635.0
1709139600000,62514.1,64370.8,62240.8,64001.9,2221827.0
1709140500000,64001.8,64480.3,61366.6,61960.3,2756374.0
1709141400000,61960.2,61992.8,58627.9,61378.4,3750711.0
1709142300000,61372.1,61834.6,60666.8,61436.2,1225751.0
1709143200000,61436.2,61600.0,60388.5,60787.9,871216.0
1709144100000,60787.9,60823.4,59200.0,60278.7,1569712.0
1709145000000,60278.7,60814.1,60096.7,60643.6,597341.0
1709145900000,60643.5,61279.9,60643.5,61125.3,443389.0
1709146800000,61125.3,61536.0,60868.5,61148.6,470104.0
1709147700000,61152.4,61466.0,60997.8,61418.6,261842.0
1709148600000,61418.6,61429.4,60699.1,60813.2,295638.0
1709149500000,60812.1,61091.1,60616.4,60973.0,201625.0
1709150400000,60972.9,61124.0,60161.3,60582.1,444239.0
1709151300000,60582.1,60593.1,59942.9,59958.5,358771.0
1709152200000,59958.4,60428.2,59942.8,60048.1,229089.0
1709153100000,60048.1,60596.3,60010.5,60429.6,387541.0
1709154000000,60425.3,60568.1,59806.1,60138.2,357952.0
1709154900000,60138.0,60523.9,60124.5,60512.8,170110.0
1709155800000,60512.7,60639.9,60334.4,60521.0,142612.0
1709156700000,60520.9,60611.7,60442.6,60576.3,85117.0
1709157600000,60580.5,61172.9,60526.7,61137.6,154737.0
1709158500000,61137.6,61379.6,60953.4,61372.2,148209.0
1709159400000,61372.2,61372.2,60967.6,61267.2,108614.0
1709160300000,61267.1,61392.4,61101.1,61282.0,52235.0
1709161200000,61282.0,62123.0,61260.0,62119.5,200803.0
1709162100000,62119.6,62606.2,61959.9,62352.2,358046.0
1709163000000,62352.1,62679.5,62181.2,62498.2,213970.0
1709163900000,62498.3,62598.6,62229.6,62433.9,186252.0
1709164800000,62434.0,62457.1,61576.9,61751.4,460645.0
1709165700000,61751.4,62006.1,61528.4,61687.0,284242.0
1709166600000,61686.9,61988.0,61458.2,61628.4,180633.0
1709167500000,61628.4,61630.9,61233.6,61408.5,183119.0
1709168400000,61408.1,61530.2,61100.3,61147.2,156078.0
1709169300000,61146.1,61454.5,61062.1,61246.0,101244.0
1709170200000,61245.9,61583.9,61216.5,61492.6,125673.0
1709171100000,61490.2,61563.3,61268.1,61430.1,76636.0
1709172000000,61430.2,61568.0,61294.1,61378.7,122377.0
1709172900000,61378.6,61378.6,61114.2,61340.1,112099.0
1709173800000,61340.1,61546.6,61279.3,61524.4,96657.0
1709174700000,61524.4,61786.4,61490.6,61781.0,152859.0
1709175600000,61780.9,61780.9,61532.0,61649.6,109258.0
1709176500000,61649.6,61649.7,61277.7,61386.0,118803.0
1709177400000,61385.0,61490.3,61169.1,61472.3,125710.0
1709178300000,61472.3,61604.0,61459.2,61603.2,56468.0
1709179200000,61603.2,61606.0,61364.7,61570.5,60468.0
1709180100000,61570.5,61847.2,61570.4,61756.4,153717.0
1709181000000,61756.4,62302.2,61680.0,62172.9,213234.0
1709181900000,62172.8,62760.4,62167.0,62495.0,505658.0
1709182800000,62495.0,62508.4,62083.3,62083.3,264520.0
1709183700000,62083.4,62226.4,61823.3,62216.0,190259.0
1709184600000,62216.0,62246.4,61967.7,62212.4,133902.0
1709185500000,62208.6,62722.4,62164.5,62576.0,233024.0
1709186400000,62576.0,63364.2,62502.9,63250.0,526385.0
1709187300000,63250.1,63524.0,63061.0,63175.0,460091.0
1709188200000,63175.0,63476.1,63085.4,63461.7,217284.0
1709189100000,63461.8,63733.3,62888.0,63028.0,521987.0
1709190000000,63027.4,63188.0,62733.5,63145.1,298287.0
1709190900000,63145.1,63145.2,62682.2,62682.3,269194.0
1709191800000,62682.2,62870.0,62556.1,62731.0,172255.0
1709192700000,62730.9,62772.8,62580.0,62729.5,111251.0
1709193600000,62726.0,63130.2,62679.0,63107.9,263237.0
1709194500000,63107.8,63167.2,62320.2,62518.0,405510.0
1709195400000,62518.0,62879.9,62505.3,62748.3,237628.0
1709196300000,62748.2,62960.0,62537.2,62825.8,189949.0
1709197200000,62825.9,63022.6,62705.4,62788.0,140200.0
1709198100000,62787.9,62787.9,62438.7,62450.5,198927.0
1709199000000,62450.5,62699.0,62283.0,62663.7,146678.0
1709199900000,62663.6,62809.1,62429.5,62726.6,130918.0
1709200800000,62726.5,62753.0,62341.8,62413.4,139202.0
1709201700000,62413.4,62491.4,62123.8,62467.2,275894.0
1709202600000,62467.1,62606.5,62334.8,62565.0,108897.0
1709203500000,62564.9,62832.0,62551.5,62744.1,126947.0
1709204400000,62744.1,63000.0,62647.9,62940.8,149275.0
1709205300000,62940.8,63072.0,62812.0,63028.6,118528.0
1709206200000,63028.6,63420.0,62871.1,62956.8,359941.0
1709207100000,62956.9,63100.0,62820.1,62979.6,135991.0
1709208000000,62979.6,63089.6,62300.0,62563.5,348028.0
1709208900000,62563.6,62809.7,62530.6,62708.6,143371.0
1709209800000,62708.6,62798.3,62540.9,62602.9,107495.0
1709210700000,62600.0,62718.7,62406.2,62698.2,117920.0
1709211600000,62698.2,62832.0,62545.5,62792.3,111571.0
1709212500000,62792.3,62843.0,62037.7,62260.2,274853.0
1709213400000,62260.3,63100.0,62240.2,62806.8,382328.0
1709214300000,62806.9,63035.5,62716.0,62964.6,158358.0
1709215200000,62964.5,63287.9,62814.5,63139.5,227610.0
1709216100000,63139.5,63319.7,62893.8,63319.6,210764.0
1709217000000,63314.3,63600.0,62904.4,62982.0,617572.0
1709217900000,62982.0,63121.7,62781.4,62929.7,264709.0
1709218800000,62929.7,62977.3,62575.6,62628.2,195540.0
1709219700000,62628.2,63309.4,62625.8,63217.6,205634.0
1709220600000,63217.7,63333.0,62940.0,63015.4,241403.0
1709221500000,63015.3,63042.7,62732.1,62787.2,111159.0
1709222400000,62787.3,62920.1,62614.0,62662.4,198871.0
1709223300000,62662.5,62671.0,62156.8,62250.1,359880.0
1709224200000,62250.0,62500.0,61501.4,61889.8,733033.0
1709225100000,61889.8,62335.6,61731.2,62208.9,280384.0
1709226000000,62208.9,62433.0,61949.5,61976.4,160962.0
1709226900000,61976.4,62159.1,61685.0,61751.8,210803.0
1709227800000,61751.9,61794.1,60611.0,61037.5,948687.0
1709228700000,61035.0,61274.8,60550.0,61038.5,535039.0
1709229600000,61038.5,61592.7,60948.3,61430.1,325000.0
1709230500000,61430.0,61510.0,60976.6,61011.3,189045.0
1709231400000,61010.5,61038.9,60602.5,60804.7,264405.0
1709232300000,60804.7,60935.7,60414.1,60877.9,301057.0
1709233200000,60874.6,60994.0,60668.0,60920.0,140238.0
1709234100000,60920.0,61319.9,60920.0,61230.8,241895.0
1709235000000,61230.8,61512.1,61124.0,61371.3,136682.0
1709235900000,61371.4,61700.0,61275.5,61654.0,191200.0
1709236800000,61653.9,62049.6,61565.9,61984.0,237308.0
1709237700000,61984.1,62269.4,61906.0,62156.0,216198.0
1709238600000,62155.9,62254.0,61975.2,62015.9,196667.0
1709239500000,62017.8,62308.7,61931.0,61945.0,247602.0
1709240400000,61945.0,62009.7,60807.5,61098.1,507092.0
1709241300000,61098.1,61411.6,60896.5,60915.1,230228.0
1709242200000,60915.1,61222.2,60574.3,61139.8,335163.0
1709243100000,61139.9,61446.9,60856.5,61418.9,161475.0
1709244000000,61416.7,61515.2,61094.1,61353.9,156250.0
1709244900000,61354.0,61459.9,60958.6,61043.0,109650.0
1709245800000,61043.0,61330.2,60677.7,60702.0,126398.0
1709246700000,60702.0,61310.0,60701.8,61254.5,111208.0
1709247600000,61254.5,61413.4,61196.0,61274.0,95992.0
1709248500000,61274.0,61533.0,61263.6,61485.0,67902.0
1709249400000,61485.0,61569.1,61340.8,61418.5,124716.0
1709250300000,61418.5,61500.0,61137.7,61176.6,80008.0
1709251200000,61176.7,61385.0,61167.5,61265.8,84239.0
1709252100000,61265.7,61804.6,61232.1,61768.4,167946.0
1709253000000,61768.4,61811.9,61562.3,61634.6,118472.0
1709253900000,61634.6,61709.6,61500.0,61557.7,62852.0
1709254800000,61557.8,61557.8,61337.2,61403.4,103882.0
1709255700000,61398.5,61626.7,61352.0,61552.8,65544.0
1709256600000,61552.8,61552.8,61282.7,61464.3,97022.0
1709257500000,61464.4,61486.0,61173.3,61275.6,71948.0
1709258400000,61275.5,61275.5,61033.3,61033.3,107236.0
1709259300000,61033.3,61099.3,60837.2,60997.8,152868.0
1709260200000,60997.8,61125.9,60826.3,61097.0,126684.0
1709261100000,61096.9,61130.6,60912.0,61039.1,56583.0
1709262000000,61039.1,61144.0,60961.9,61013.8,55050.0
1709262900000,61013.9,61050.0,60811.2,60846.2,82189.0
1709263800000,60846.2,61074.3,60837.2,61064.0,69740.0
1709264700000,61064.0,61286.8,61050.0,61157.8,123301.0
1709265600000,61157.8,61254.1,61110.0,61229.5,56796.0
1709266500000,61229.5,61479.8,61226.5,61396.5,128240.0
1709267400000,61396.5,61450.0,61315.6,61351.0,58114.0
1709268300000,61351.0,61580.0,61293.5,61580.0,77303.0
1709269200000,61579.9,61610.6,61470.0,61543.8,90326.0
1709270100000,61543.8,61576.9,61434.1,61466.9,43494.0
1709271000000,61466.9,61553.4,61408.7,61525.7,48942.0
1709271900000,61525.7,61549.3,61329.1,61354.1,65421.0
1709272800000,61354.1,61531.0,61240.0,61531.0,87887.0
1709273700000,61531.0,61819.1,61522.0,61697.0,152149.0
1709274600000,61697.1,61713.4,61531.0,61585.3,62438.0
1709275500000,61585.2,61653.0,61484.3,61593.9,52017.0
1709276400000,61595.9,61755.7,61575.7,61733.6,69621.0
1709277300000,61733.7,61807.9,61496.5,61496.5,102884.0
1709278200000,61496.5,61574.2,61403.3,61441.2,89433.0
1709279100000,61441.2,61622.7,61422.9,61454.1,93850.0
1709280000000,61454.2,61580.0,61349.6,61550.1,100052.0
1709280900000,61550.0,61941.9,61550.0,61907.1,215770.0
1709281800000,61907.2,62299.0,61852.9,62190.0,304181.0
1709282700000,62190.0,62218.0,61903.2,61952.1,159049.0
1709283600000,61952.2,62232.0,61904.6,62162.1,124921.0
1709284500000,62162.0,62250.0,62080.0,62183.0,97170.0
1709285400000,62183.0,62245.1,62079.0,62103.9,78763.0
1709286300000,62103.8,62222.2,62087.3,62179.0,39472.0
1709287200000,62179.0,62179.0,62023.6,62041.9,62644.0
1709288100000,62041.9,62246.2,61961.5,62171.2,139453.0
1709289000000,62171.2,62215.1,62015.7,62019.1,60413.0
1709289900000,62019.2,62072.6,61905.0,62035.0,79199.0
1709290800000,62034.9,62159.5,62023.7,62143.5,66899.0
1709291700000,62143.5,62157.6,61930.3,61980.2,69767.0
1709292600000,61980.1,62023.3,61836.1,62009.7,80445.0
1709293500000,62009.6,62031.0,61864.0,61895.7,57290.0
1709294400000,61894.5,62116.1,61885.0,62037.1,68341.0
1709295300000,62037.3,62220.0,62035.5,62157.3,87467.0
1709296200000,62157.3,62623.2,62131.5,62530.1,276111.0
1709297100000,62530.0,62611.4,62180.0,62262.0,206699.0
1709298000000,62262.0,62416.7,62218.0,62376.1,102304.0
1709298900000,62376.1,62715.0,62332.4,62563.9,171788.0
1709299800000,62564.0,62638.0,62416.6,62537.1,88529.0
1709300700000,62537.1,62600.0,62413.2,62471.7,79768.0
1709301600000,62471.7,62500.0,62319.0,62370.1,83576.0
1709302500000,62370.0,62469.9,62281.1,62379.5,104809.0
1709303400000,62375.1,62476.8,61536.1,61909.3,656354.0
1709304300000,61909.2,62000.0,61686.0,61971.4,186004.0
1709305200000,61971.5,62207.5,61850.0,61970.0,220952.0
1709306100000,61970.0,62019.8,61766.9,61912.1,126574.0
1709307000000,61912.1,61956.5,61511.7,61653.9,212188.0
1709307900000,61653.9,61715.8,61158.9,61305.3,357521.0
1709308800000,61305.3,61571.0,61279.4,61478.6,193549.0
1709309700000,61478.7,61674.7,61264.2,61558.2,243950.0
1709310600000,61558.2,61600.0,61301.0,61450.0,139663.0
1709311500000,61449.9,61588.1,61421.7,61465.0,127863.0
1709312400000,61465.1,61779.0,61465.1,61726.6,104612.0
1709313300000,61726.6,62022.0,61689.5,61780.7,183769.0
1709314200000,61780.7,62092.8,61774.0,62067.6,188848.0
1709315100000,62067.5,62128.0,61885.1,61935.1,119605.0
1709316000000,61935.0,62056.3,61841.0,62019.9,72906.0
1709316900000,62020.0,62277.7,61920.6,62264.2,114900.0
1709317800000,62264.2,62477.0,62141.5,62447.0,142332.0
1709318700000,62447.0,62534.0,62275.6,62364.8,97071.0
1709319600000,62364.9,62394.8,62103.8,62155.1,93788.0
1709320500000,62155.0,62221.9,61987.6,62076.0,71733.0
1709321400000,62076.0,62363.6,62030.9,62363.6,82353.0
1709322300000,62363.6,62381.9,62162.0,62252.0,59794.0
1709323200000,62252.0,62410.7,62247.7,62323.7,116379.0
1709324100000,62323.8,62518.0,62322.6,62513.9,74768.0
1709325000000,62514.0,62638.8,62431.7,62598.7,122797.0
1709325900000,62603.6,63150.0,62430.5,62880.8,330952.0
1709326800000,62881.9,62907.4,62312.1,62735.7,419298.0
1709327700000,62735.7,62880.4,62561.9,62770.7,131066.0
1709328600000,62770.8,62838.5,62527.6,62659.7,85879.0
1709329500000,62659.7,62697.4,62516.9,62534.4,47130.0
1709330400000,62534.4,62556.6,62429.6,62498.5,40557.0
1709331300000,62498.6,62698.6,62355.9,62366.0,90341.0
1709332200000,62366.1,62461.5,62304.9,62414.5,34816.0
1709333100000,62414.4,62622.1,62308.1,62490.1,60342.0
1709334000000,62490.6,62675.9,62460.7,62675.0,76280.0
1709334900000,62668.3,62742.7,62540.1,62568.0,117042.0
1709335800000,62568.1,62632.4,62355.5,62380.3,71162.0
1709336700000,62380.2,62523.9,62361.0,62391.7,56935.0
1709337600000,62396.6,62466.4,62291.7,62352.0,95341.0
1709338500000,62351.9,62401.9,62192.3,62320.0,85038.0
1709339400000,62319.9,62395.9,62171.7,62216.1,71319.0
1709340300000,62216.1,62360.0,62126.1,62336.0,57274.0
1709341200000,62335.9,62341.8,62051.2,62061.9,92814.0
1709342100000,62062.0,62195.9,61956.9,62154.0,137232.0
1709343000000,62154.0,62264.1,62116.1,62164.6,62256.0
1709343900000,62164.5,62237.4,62030.0,62054.0,45975.0
1709344800000,62054.0,62215.3,61963.3,62048.2,92000.0
1709345700000,62044.6,62186.3,61982.1,62117.8,45151.0
1709346600000,62117.1,62257.5,62009.0,62061.2,55012.0
1709347500000,62060.1,62198.0,62028.0,62145.0,54627.0
1709348400000,62146.0,62299.5,62027.3,62115.2,79195.0
1709349300000,62119.4,62200.0,62044.1,62162.0,34815.0
1709350200000,62162.1,62493.0,62162.1,62370.0,181248.0
1709351100000,62370.0,62383.0,62224.0,62340.8,66681.0
1709352000000,62340.7,62345.0,62170.0,62242.9,62842.0
1709352900000,62242.9,62300.3,62115.0,62179.0,52091.0
1709353800000,62178.9,62322.0,62140.0,62205.5,44150.0
1709354700000,62205.5,62256.7,62070.0,62070.1,62603.0
1709355600000,62070.1,62118.2,61980.0,61990.7,67532.0
1709356500000,61990.8,62076.0,61764.3,61966.8,259655.0
1709357400000,61966.7,62022.3,61877.7,61959.3,46648.0
1709358300000,61959.3,62062.5,61920.0,62050.0,34129.0
1709359200000,62050.1,62098.9,61996.2,62084.2,42697.0
1709360100000,62084.2,62307.1,62084.2,62292.0,165488.0
1709361000000,62292.0,62292.0,62101.0,62148.9,45452.0
1709361900000,62149.0,62208.4,61976.2,61992.3,37512.0
1709362800000,61992.4,62049.9,61837.0,61910.3,84642.0
1709363700000,61910.3,62026.2,61882.7,61917.3,42194.0
1709364600000,61917.2,62007.7,61888.0,62007.7,38550.0
1709365500000,62007.6,62082.8,61920.9,62044.1,35578.0
1709366400000,62044.1,62120.1,61939.4,61969.0,78064.0
1709367300000,61969.0,62015.9,61816.0,61952.9,56151.0
1709368200000,61952.9,62126.0,61867.2,62125.9,73136.0
1709369100000,62125.8,62176.4,61977.4,61989.5,56877.0
1709370000000,61989.5,62037.9,61926.6,62004.4,28445.0
1709370900000,62004.5,62007.9,61849.3,61891.1,85181.0
1709371800000,61891.2,61899.9,61666.0,61783.9,232611.0
1709372700000,61783.9,61952.1,61728.2,61870.9,111766.0
1709373600000,61870.9,62044.7,61855.2,61995.5,76744.0
1709374500000,61995.5,62050.0,61927.4,61997.7,46348.0
1709375400000,61997.6,62064.5,61963.6,62035.9,38941.0
1709376300000,62036.0,62036.0,61847.3,61949.3,46229.0
1709377200000,61949.2,62096.6,61939.9,62021.0,137470.0
1709378100000,62021.1,62089.4,61890.1,61983.2,38869.0
1709379000000,61983.3,62021.9,61890.0,62021.8,26548.0
1709379900000,62021.9,62021.9,61875.0,61875.0,32996.0
1709380800000,61875.1,61999.0,61871.0,61974.4,30518.0
1709381700000,61970.5,62066.0,61951.9,62052.4,33093.0
1709382600000,62052.4,62189.8,61974.9,62116.3,80565.0
1709383500000,62116.4,62214.3,62049.1,62119.8,66885.0
1709384400000,62119.7,62119.8,61961.4,61991.9,58493.0
1709385300000,61992.0,62050.1,61900.0,61910.0,48904.0
1709386200000,61910.0,61997.9,61864.8,61997.9,41871.0
1709387100000,61997.9,62025.0,61820.0,61825.7,60863.0
1709388000000,61825.7,61829.3,61568.0,61760.0,256312.0
1709388900000,61760.0,61930.1,61660.7,61746.6,130962.0
1709389800000,61746.5,61859.4,61672.7,61742.2,53322.0
1709390700000,61742.2,61940.3,61736.9,61873.9,82146.0
1709391600000,61873.8,62005.5,61873.8,61998.8,63038.0
1709392500000,61998.8,62006.9,61825.0,61961.6,65064.0
1709393400000,61961.7,62013.5,61814.7,61887.9,40739.0
1709394300000,61887.9,61931.9,61760.0,61799.3,68019.0
1709395200000,61799.3,61919.5,61793.2,61889.9,45653.0
1709396100000,61889.9,61899.9,61753.1,61795.8,34260.0
1709397000000,61795.8,61809.4,61690.8,61722.6,43503.0
1709397900000,61722.6,61929.0,61670.7,61907.0,63709.0
1709398800000,61907.0,61964.7,61861.1,61891.9,39239.0
1709399700000,61892.0,61935.1,61747.8,61903.9,63903.0
1709400600000,61903.9,61987.1,61892.9,61973.6,47442.0
1709401500000,61973.6,61975.0,61800.0,61800.1,27114.0
1709402400000,61800.1,61918.2,61769.5,61915.1,21985.0
1709403300000,61915.2,61984.5,61897.4,61939.0,26874.0
1709404200000,61939.0,61987.2,61877.8,61980.2,15872.0
1709405100000,61980.2,62059.9,61962.0,62059.9,49454.0
1709406000000,62059.8,62085.0,62003.4,62003.4,45566.0
1709406900000,62003.4,62096.0,62000.0,62063.9,25337.0
1709407800000,62064.0,62091.2,61972.0,62033.0,21126.0
1709408700000,62033.1,62153.9,62013.9,62150.1,44608.0
1709409600000,62150.2,62246.5,61841.4,61841.4,124717.0
1709410500000,61841.3,61906.8,61785.2,61876.1,65076.0
1709411400000,61876.1,61927.4,61810.1,61888.0,32577.0
1709412300000,61888.0,61937.7,61873.2,61906.8,17890.0
1709413200000,61906.8,61960.0,61905.5,61959.9,16847.0
1709414100000,61960.0,62077.7,61888.2,61897.7,36428.0
1709415000000,61897.6,61958.0,61876.2,61906.6,15692.0
1709415900000,61906.7,61942.4,61856.0,61942.4,20289.0
1709416800000,61942.3,61977.6,61887.5,61964.0,19122.0
1709417700000,61963.9,61980.0,61850.6,61919.7,16010.0
1709418600000,61919.8,61919.8,61840.0,61840.0,11511.0
1709419500000,61840.0,61842.1,61715.6,61715.6,26448.0
1709420400000,61715.7,61937.6,61711.0,61929.9,40097.0
1709421300000,61929.8,62067.0,61929.8,62032.0,58210.0
1709422200000,62032.0,62086.0,61979.0,62050.1,37258.0
1709423100000,62050.1,62050.1,61975.6,62010.0,21777.0
1709424000000,62009.9,62033.5,61854.9,61863.6,51201.0
1709424900000,61863.5,61992.4,61775.3,61807.1,69671.0
1709425800000,61807.0,61925.0,61802.1,61859.3,26400.0
1709426700000,61859.3,61859.3,61750.0,61772.2,41856.0
1709427600000,61772.2,61920.0,61763.8,61909.4,40926.0
1709428500000,61909.5,61941.6,61807.1,61843.0,24021.0
1709429400000,61843.1,61888.0,61815.9,61815.9,15675.0
1709430300000,61815.1,61839.9,61791.0,61828.2,18482.0
1709431200000,61828.1,61833.7,61788.0,61788.0,29249.0
1709432100000,61788.0,61832.9,61711.2,61720.8,63977.0
1709433000000,61720.9,61825.2,61670.8,61811.9,49961.0
1709433900000,61811.8,61845.2,61798.5,61845.2,28643.0
1709434800000,61845.1,61904.0,61801.3,61903.9,35521.0
1709435700000,61903.9,62029.5,61890.1,61985.0,80385.0
1709436600000,61983.2,62031.7,61952.0,62004.2,51034.0
1709437500000,62004.2,62033.0,61911.6,61954.2,34301.0
1709438400000,61954.1,62038.9,61925.0,62034.7,23660.0
1709439300000,62034.7,62143.8,62034.7,62117.5,59761.0
1709440200000,62117.5,62119.4,62008.9,62073.1,34654.0
1709441100000,62073.1,62073.1,62027.0,62049.9,20548.0
1709442000000,62050.0,62079.9,61953.2,61981.4,41652.0
1709442900000,61981.5,61993.0,61926.0,61950.5,26260.0
1709443800000,61950.5,61990.8,61930.0,61952.9,19474.0
1709444700000,61952.8,61992.9,61923.0,61932.4,30681.0
1709445600000,61932.3,61944.3,61789.1,61862.9,106105.0
1709446500000,61862.9,62080.3,61834.1,62040.0,89961.0
1709447400000,62039.9,62076.8,61926.8,61942.5,58720.0
1709448300000,61942.4,61984.2,61896.1,61896.4,33877.0
1709449200000,61903.7,61943.5,61857.0,61926.2,37489.0
1709450100000,61926.3,61929.9,61388.0,61617.0,457480.0
1709451000000,61617.0,61782.7,61333.0,61555.7,407790.0
1709451900000,61555.7,61732.2,61539.5,61616.6,147170.0
1709452800000,61616.2,61764.3,61440.0,61500.3,227619.0
1709453700000,61500.3,61647.9,61490.0,61577.2,103387.0
1709454600000,61577.2,61710.5,61565.9,61690.9,63226.0
1709455500000,61688.7,61743.3,61582.7,61634.6,72127.0
1709456400000,61634.6,61880.0,61596.4,61876.3,158107.0
1709457300000,61876.4,61888.0,61772.4,61823.9,83779.0
1709458200000,61823.8,61943.0,61762.4,61799.9,70080.0
1709459100000,61800.0,61835.9,61728.3,61754.5,30643.0
1709460000000,61754.5,61761.3,61662.0,61662.1,60438.0
1709460900000,61662.1,61830.1,61645.0,61811.0,48005.0
1709461800000,61810.9,61843.0,61776.2,61811.0,29400.0
1709462700000,61810.9,61811.0,61680.9,61691.7,29254.0
1709463600000,61691.7,61744.9,61660.0,61724.7,30047.0
1709464500000,61724.8,61820.0,61710.0,61744.0,27865.0
1709465400000,61744.1,61846.4,61741.3,61801.1,25019.0
1709466300000,61801.0,61880.0,61791.4,61878.6,35961.0
1709467200000,61878.6,62327.0,61857.9,62280.4,303394.0
1709468100000,62280.4,62700.0,62247.6,62634.0,399835.0
1709469000000,62634.0,62710.0,62369.0,62424.1,306583.0
1709469900000,62424.0,62426.7,62184.0,62230.0,192262.0
1709470800000,62230.0,62460.0,62210.3,62366.0,101773.0
1709471700000,62366.7,62370.6,61972.4,62169.3,164349.0
1709472600000,62169.3,62316.8,62076.2,62277.8,83292.0
1709473500000,62279.8,62437.3,62256.0,62433.2,56345.0
1709474400000,62433.3,62472.0,62272.8,62345.8,70922.0
1709475300000,62345.9,62410.0,62271.4,62392.7,51692.0
1709476200000,62392.8,62419.2,62126.2,62286.4,109087.0
1709477100000,62286.4,62314.6,62107.4,62116.3,86010.0
1709478000000,62116.3,62241.9,62116.3,62133.4,52696.0
1709478900000,62134.7,62289.0,62134.6,62175.4,75172.0
1709479800000,62175.5,62266.8,62135.0,62254.1,32480.0
1709480700000,62254.2,62264.5,62175.4,62175.4,18341.0
1709481600000,62175.5,62360.0,62120.1,62320.1,130805.0
1709482500000,62325.2,62443.8,62292.6,62437.7,61536.0
1709483400000,62437.6,62784.1,62430.6,62678.0,253060.0
1709484300000,62677.9,62906.1,62546.2,62879.8,242345.0
1709485200000,62879.8,63050.0,62666.0,62744.8,259560.0
1709486100000,62744.7,62894.1,62706.4,62762.5,81700.0
1709487000000,62760.8,62794.4,62501.1,62698.7,120228.0
1709487900000,62698.6,62740.0,62568.8,62618.9,55294.0
1709488800000,62618.9,62845.9,62618.9,62824.7,76644.0
1709489700000,62824.7,62858.2,62680.0,62746.5,52492.0
1709490600000,62746.4,62930.9,62640.0,62867.0,58257.0
1709491500000,62866.1,62929.7,62752.1,62862.5,55537.0
1709492400000,62862.5,62917.8,62761.1,62823.9,39297.0
1709493300000,62823.9,62877.1,62705.2,62788.0,36683.0
1709494200000,62788.0,62830.0,62705.6,62744.7,30080.0
1709495100000,62744.8,62816.2,62715.0,62775.4,20443.0
1709496000000,62775.3,62810.0,62631.5,62666.5,34183.0
1709496900000,62666.6,62854.9,62644.4,62854.9,41894.0
1709497800000,62854.8,62907.0,62803.4,62887.9,32274.0
1709498700000,62888.0,62899.7,62786.0,62809.6,16802.0
1709499600000,62809.5,62850.0,62665.4,62700.2,37497.0
1709500500000,62700.2,62753.7,62673.2,62720.6,19892.0
1709501400000,62720.6,62860.0,62720.6,62821.5,33310.0
1709502300000,62821.6,62881.6,62791.1,62874.0,20714.0
1709503200000,62874.0,63094.9,62831.7,63087.4,104992.0
1709504100000,63081.6,63331.7,62872.1,63222.8,202173.0
1709505000000,63222.9,63318.5,63058.8,63148.4,74223.0
1709505900000,63148.4,63148.5,62746.2,62875.7,108305.0
1709506800000,62875.8,62937.5,62710.2,62913.5,126632.0
1709507700000,62913.4,63015.4,62870.2,62976.2,55205.0
1709508600000,62976.1,62998.1,62853.4,62966.0,40583.0
1709509500000,62964.6,63191.2,62925.9,63145.8,83571.0
1709510400000,63148.9,63360.0,63070.1,63342.0,168236.0
1709511300000,63342.1,63888.0,63313.9,63837.9,417612.0
1709512200000,63838.0,64428.0,63735.7,64293.1,555985.0
1709513100000,64293.2,64293.2,62259.9,63515.0,1366811.0
1709514000000,63512.9,63785.1,63303.7,63508.6,344986.0
1709514900000,63508.6,63900.0,63451.4,63875.8,163916.0
1709515800000,63875.7,63875.8,63640.4,63769.1,127898.0
1709516700000,63770.0,63843.0,63516.1,63562.1,131006.0
1709517600000,63565.6,63594.2,63143.1,63326.5,223812.0
1709518500000,63329.2,63646.2,63207.7,63590.3,132690.0
1709519400000,63590.3,63932.4,63590.3,63893.9,202673.0
1709520300000,63893.9,63900.0,63646.0,63730.8,108151.0
1709521200000,63730.7,63762.9,63539.3,63626.9,91639.0
1709522100000,63626.9,63782.0,63578.5,63782.0,62348.0
1709523000000,63782.0,63796.9,63500.0,63612.6,81991.0
1709523900000,63612.7,63612.7,63381.3,63499.9,137985.0
1709524800000,63500.0,63579.3,63403.5,63576.2,48794.0
1709525700000,63576.2,63675.4,63508.2,63631.2,47709.0
1709526600000,63631.2,63810.0,63612.3,63672.3,89356.0
1709527500000,63672.3,63709.9,63582.9,63675.5,67956.0
1709528400000,63675.5,63757.6,63550.0,63563.2,48230.0
1709529300000,63563.2,63575.8,63450.0,63461.6,87047.0
1709530200000,63461.6,63479.9,63252.7,63360.0,144085.0
1709531100000,63360.1,63512.2,63292.1,63396.8,81478.0
1709532000000,63396.7,63550.0,63370.0,63542.9,56511.0
1709532900000,63543.0,63605.0,63510.6,63594.0,77801.0
1709533800000,63593.9,63655.9,63504.0,63573.7,54608.0
1709534700000,63573.7,63728.3,63530.0,63713.2,89116.0
1709535600000,63713.3,63736.0,63511.9,63609.9,60797.0
1709536500000,63610.0,63791.8,63609.9,63779.8,74921.0
1709537400000,63779.8,64179.3,63710.2,64167.0,293990.0
1709538300000,64164.6,64350.0,63881.0,64083.8,365688.0
1709539200000,64083.8,64972.9,64062.5,64852.0,765244.0
1709540100000,64851.9,65133.3,64619.8,64950.0,523053.0
1709541000000,64950.0,65678.0,64822.4,65586.0,666194.0
1709541900000,65586.1,65588.1,65216.6,65327.5,450940.0
1709542800000,65327.4,65398.8,64680.9,65138.1,515582.0
1709543700000,65138.0,65266.0,64954.6,65246.6,184742.0
1709544600000,65246.7,65693.5,65153.2,65315.7,366476.0
1709545500000,65315.8,65532.9,65275.3,65357.3,147786.0
1709546400000,65358.8,65401.9,64879.0,65108.5,316300.0
1709547300000,65107.1,65242.6,64961.4,65168.4,171674.0
1709548200000,65168.4,65208.0,64771.5,65033.8,227988.0
1709549100000,65033.8,65148.4,64920.0,65122.0,112134.0
1709550000000,65121.9,65247.0,65046.6,65089.2,165700.0
1709550900000,65084.2,65103.7,64873.9,64894.0,159752.0
1709551800000,64894.0,65121.2,64863.6,65039.3,86649.0
1709552700000,65039.4,65295.0,65022.2,65294.3,88650.0
1709553600000,65294.3,65299.0,65009.1,65027.1,105282.0
1709554500000,65027.1,65088.0,65002.0,65087.9,119341.0
1709555400000,65087.9,65120.0,64935.5,64978.9,129309.0
1709556300000,64977.5,65178.1,64900.0,65144.3,147450.0
1709557200000,65144.3,65427.9,65133.5,65396.0,166728.0
1709558100000,65396.0,65396.1,65174.4,65241.9,102786.0
1709559000000,65242.0,65685.0,65223.1,65599.1,258810.0
1709559900000,65599.9,65608.1,65032.2,65118.2,271060.0
1709560800000,65118.2,65314.9,64541.8,65248.6,569533.0
1709561700000,65248.6,65431.3,65002.0,65358.0,227537.0
1709562600000,65358.0,66333.0,65296.7,66154.4,925651.0
1709563500000,66149.0,66432.9,65788.6,66172.3,565314.0
1709564400000,66172.2,66364.6,65852.0,66329.8,322033.0
1709565300000,66329.8,66432.0,66050.0,66204.4,232582.0
1709566200000,66204.5,66577.7,66035.0,66417.7,255314.0
1709567100000,66417.6,66649.0,66188.0,66465.6,321701.0
1709568000000,66463.3,66856.8,66305.5,66800.1,457933.0
1709568900000,66800.2,66830.0,66243.5,66382.1,327628.0
1709569800000,66378.1,66456.5,66070.7,66450.0,232252.0
1709570700000,66450.0,66620.7,66352.4,66585.3,154267.0
1709571600000,66585.3,66673.0,66207.6,66625.2,171581.0
1709572500000,66625.2,67471.7,66528.0,67375.9,712190.0
1709573400000,67372.0,67621.7,66938.0,67314.1,443192.0
1709574300000,67314.0,67398.9,66825.9,66905.6,299394.0
1709575200000,66905.6,67133.0,66329.0,66729.9,365167.0
1709576100000,66738.1,66938.9,66155.0,66197.4,265460.0
1709577000000,66193.8,66592.6,66170.1,66487.5,201812.0
1709577900000,66489.7,66674.0,66489.7,66667.9,124031.0
1709578800000,66663.9,66673.6,66350.0,66479.3,144728.0
1709579700000,66479.4,67145.6,66426.7,67107.7,201372.0
1709580600000,67107.7,67285.7,67008.7,67064.6,130890.0
1709581500000,67064.6,67488.0,67054.9,67443.8,130205.0
1709582400000,67443.8,67448.8,67100.1,67393.5,141068.0
1709583300000,67393.6,67465.2,67126.3,67331.1,123281.0
1709584200000,67331.1,67824.9,67299.1,67517.7,300244.0
1709585100000,67521.3,67763.6,67149.4,67445.6,264460.0
1709586000000,67445.6,67689.3,67017.6,67188.8,249295.0
1709586900000,67188.8,67203.9,66785.5,66979.5,201252.0
1709587800000,66979.5,67187.5,66912.6,67091.0,141914.0
1709588700000,67091.0,67454.7,67047.6,67437.3,216173.0
1709589600000,67434.1,67888.0,67420.0,67612.1,289840.0
1709590500000,67612.2,67625.8,67302.9,67420.1,132241.0
1709591400000,67420.0,67900.0,67302.6,67820.1,113176.0
1709592300000,67820.2,67979.8,67725.0,67972.0,125114.0
1709593200000,67972.0,68599.0,67888.4,68438.0,517988.0
1709594100000,68437.9,68474.7,67783.1,67986.6,295169.0
1709595000000,67986.7,68059.0,67429.4,67847.9,481184.0
1709595900000,67842.2,68388.0,67700.0,68306.2,285458.0
1709596800000,68306.3,68461.9,68145.0,68307.7,169066.0
1709597700000,68307.6,68534.0,68005.1,68076.1,195590.0
1709598600000,68076.1,68256.5,67840.2,68256.4,178355.0
1709599500000,68256.5,68270.4,67982.8,68112.0,109781.0
1709600400000,68112.1,68624.9,68051.0,68440.4,244673.0
1709601300000,68440.3,68643.7,68273.5,68496.4,185705.0
1709602200000,68496.4,68529.0,68135.7,68350.0,156537.0
1709603100000,68350.0,68800.0,68326.1,68596.9,281334.0
1709604000000,68597.0,68631.1,68120.4,68210.6,216614.0
1709604900000,68210.7,68423.0,67809.6,68342.4,292774.0
1709605800000,68342.4,68380.4,67950.4,68269.8,197374.0
1709606700000,68269.9,68371.0,68168.0,68218.3,128843.0
1709607600000,68218.3,68218.3,67595.0,67732.8,270162.0
1709608500000,67732.8,68150.0,67663.7,68056.6,182435.0
1709609400000,68056.6,68268.0,68044.1,68246.0,88134.0
1709610300000,68246.0,68321.9,68160.7,68185.6,87665.0
1709611200000,68185.5,68469.9,67875.4,67877.0,247509.0
1709612100000,67881.3,68047.5,67740.0,68042.2,205965.0
1709613000000,68042.1,68050.0,67661.0,67674.4,139566.0
1709613900000,67674.4,67757.4,66923.3,67424.0,570220.0
1709614800000,67423.9,67423.9,64900.0,66621.0,1603245.0
1709615700000,66621.0,67131.0,66550.9,66932.0,451495.0
1709616600000,66932.0,66978.1,66423.8,66509.9,365822.0
1709617500000,66508.8,67116.4,66434.8,67057.4,238985.0
1709618400000,67057.4,67171.3,66715.1,67069.9,224681.0
1709619300000,67069.2,67446.6,67054.5,67409.5,237188.0
1709620200000,67409.6,67548.0,67268.6,67363.4,185654.0
1709621100000,67363.4,67556.0,67260.9,67358.3,143694.0
1709622000000,67358.3,67426.4,67150.0,67255.1,117184.0
1709622900000,67255.1,67300.0,66905.9,66927.8,160449.0
1709623800000,66927.7,66988.7,66513.1,66583.5,265433.0
1709624700000,66583.5,66791.3,66156.0,66236.0,390836.0
1709625600000,66236.1,66549.0,65570.2,66520.0,880702.0
1709626500000,66519.9,66836.5,66465.0,66641.9,364862.0
1709627400000,66642.0,66813.2,66450.1,66776.8,188178.0
1709628300000,66776.8,66974.4,66700.0,66953.3,140169.0
1709629200000,66953.2,66968.0,66724.3,66738.4,118373.0
1709630100000,66738.4,66888.0,66674.5,66810.9,111427.0
1709631000000,66810.0,66810.0,66338.5,66454.9,193895.0
1709631900000,66453.3,66514.2,66138.8,66514.2,192067.0
1709632800000,66507.6,66806.7,66496.1,66786.2,152807.0
1709633700000,66786.3,67027.4,66756.5,67000.4,171200.0
1709634600000,67000.4,67268.0,66932.6,67120.2,189054.0
1709635500000,67120.3,67140.5,66876.0,66878.0,110682.0
1709636400000,66878.1,66964.2,66708.0,66778.1,120434.0
1709637300000,66778.1,66948.9,66670.0,66906.5,120250.0
1709638200000,66906.6,66936.6,66560.0,66563.6,173862.0
1709639100000,66563.6,66763.2,66517.0,66711.5,98685.0
1709640000000,66711.5,67101.7,66633.4,67101.7,145363.0
1709640900000,67102.9,67167.8,66882.7,66989.4,143774.0
1709641800000,66989.3,67281.4,66903.3,67176.5,129023.0
1709642700000,67176.5,67395.0,67084.0,67367.2,131026.0
1709643600000,67367.2,67892.9,67348.0,67881.7,345806.0
1709644500000,67881.7,68125.5,67688.0,67703.0,365562.0
1709645400000,67703.0,67944.1,67535.5,67875.9,213504.0
1709646300000,67878.0,67920.7,67586.6,67817.0,132456.0
1709647200000,67817.0,67844.5,67407.7,67540.1,158930.0
1709648100000,67540.1,67715.1,67282.2,67612.0,207063.0
1709649000000,67612.0,68483.3,67300.0,68437.5,519550.0
1709649900000,68437.5,68884.0,68310.0,68761.9,726116.0
1709650800000,68761.9,69333.0,67131.0,68379.9,1898253.0
1709651700000,68379.9,68485.5,67111.0,67225.0,751133.0
1709652600000,67223.7,67439.2,66320.1,66907.8,1066224.0
1709653500000,66907.9,67412.7,66780.0,66793.1,378274.0
1709654400000,66795.5,67042.2,64451.0,65439.9,1854177.0
1709655300000,65439.9,65943.0,64830.0,65882.1,1057581.0
1709656200000,65882.1,66064.8,65119.8,65175.9,547826.0
1709657100000,65176.0,65578.5,64924.5,65573.8,459118.0
1709658000000,65575.5,65575.5,63360.0,64282.6,1555139.0
1709658900000,64282.6,64872.8,64004.1,64479.9,555078.0
1709659800000,64479.8,65043.2,64255.3,65033.4,416393.0
1709660700000,65033.4,65671.9,64925.2,65623.8,418808.0
1709661600000,65623.7,65623.7,65064.1,65191.4,214823.0
1709662500000,65191.4,65288.9,64578.4,64636.3,257140.0
1709663400000,64630.0,64853.8,64501.0,64562.1,190382.0
1709664300000,64554.1,64625.3,63700.0,64044.1,495171.0
1709665200000,64041.6,64310.9,63043.9,63423.2,703602.0
1709666100000,63423.3,63490.0,62421.7,63268.0,858512.0
1709667000000,63264.8,63333.0,61500.0,62382.2,1280022.0
1709667900000,62382.1,62471.6,58900.0,61454.9,2447017.0
1709668800000,61459.2,63125.0,61192.3,63070.9,1087796.0
1709669700000,63066.6,63178.1,62325.9,62759.6,501125.0
1709670600000,62761.8,62850.0,61486.5,62098.4,701511.0
1709671500000,62098.4,62641.6,61838.6,61905.8,346785.0
1709672400000,61899.4,63330.0,61883.6,63021.9,398334.0
1709673300000,63025.2,63964.3,63008.8,63959.2,411104.0
1709674200000,63954.7,63980.8,63156.8,63734.5,339345.0
1709675100000,63734.5,63872.4,63012.0,63258.9,260110.0
1709676000000,63259.8,63581.0,63095.3,63189.3,137942.0
1709676900000,63189.3,63228.4,62428.1,63165.3,320471.0
1709677800000,63165.4,63389.9,62849.1,62965.2,133811.0
1709678700000,62965.2,63467.9,62745.6,63397.6,118525.0
1709679600000,63402.0,63694.2,63240.0,63690.2,118047.0
1709680500000,63692.7,63788.3,63529.4,63756.9,125233.0
1709681400000,63756.9,64111.0,63621.2,64096.4,157956.0
1709682300000,64096.5,64347.7,63647.7,63708.5,307624.0
1709683200000,63708.6,63860.0,63515.7,63650.5,180041.0
1709684100000,63652.4,64099.2,63539.6,64020.8,152356.0
1709685000000,64028.6,64149.4,63727.6,63750.9,114836.0
1709685900000,63751.0,63821.1,63388.0,63435.5,166243.0
1709686800000,63435.6,63788.2,63396.6,63467.1,123880.0
1709687700000,63466.1,63672.0,63302.2,63306.2,97522.0
1709688600000,63306.2,63431.3,63162.0,63243.5,148206.0
1709689500000,63243.5,63486.9,63086.0,63125.1,126004.0
1709690400000,63126.3,63482.1,62962.5,63480.8,152170.0
1709691300000,63480.7,63540.3,63158.3,63171.5,105838.0
1709692200000,63171.5,63486.0,63103.6,63426.4,105723.0
1709693100000,63426.4,63456.2,62782.8,62808.0,177610.0
1709694000000,62807.9,63090.8,62801.4,62820.2,129378.0
1709694900000,62820.3,63293.2,62820.3,63260.1,113975.0
1709695800000,63260.1,63397.9,63029.4,63121.9,112355.0
1709696700000,63121.9,63347.0,63104.8,63290.0,70734.0
1709697600000,63290.1,63568.8,63277.2,63519.9,100492.0
1709698500000,63519.7,63686.6,63410.6,63426.5,126650.0
1709699400000,63426.4,63752.4,63390.0,63680.4,83615.0
1709700300000,63680.4,64638.0,63645.0,64610.6,450970.0
1709701200000,64610.5,65461.9,64272.0,65368.0,573835.0
1709702100000,65366.9,65880.0,65134.0,65764.9,574971.0
1709703000000,65764.9,66240.0,65563.3,66030.0,460919.0
1709703900000,66030.0,66434.7,65811.0,66420.6,295023.0
1709704800000,66420.7,66560.0,66044.1,66324.0,332856.0
1709705700000,66330.0,66380.0,65759.6,65902.9,380257.0
1709706600000,65902.9,66030.0,65778.0,66018.2,109602.0
1709707500000,66018.2,66026.2,65731.1,65758.9,126898.0
1709708400000,65759.0,66225.9,65500.0,66198.0,227437.0
1709709300000,66198.0,66337.3,65980.0,66080.0,164897.0
1709710200000,66080.1,66157.5,65931.1,66129.0,96463.0
1709711100000,66128.9,66826.6,66001.2,66710.4,322307.0
1709712000000,66710.5,67500.0,66600.0,67329.2,610510.0
1709712900000,67329.2,67688.9,67130.6,67375.0,389928.0
1709713800000,67376.4,67677.6,66776.2,67046.0,370250.0
1709714700000,67046.0,67077.6,66706.0,66971.7,199743.0
1709715600000,66971.7,67296.7,66933.8,67108.4,191061.0
1709716500000,67108.4,67418.3,66941.1,67039.5,160994.0
1709717400000,67039.6,67079.4,66549.0,66779.0,213535.0
1709718300000,66779.0,66823.8,66073.7,66166.2,338850.0
1709719200000,66168.7,66640.0,66162.0,66423.5,236692.0
1709720100000,66423.0,66772.5,66374.7,66472.3,134088.0
1709721000000,66472.3,66700.0,66421.1,66664.1,101217.0
1709721900000,66664.1,66831.1,66527.3,66701.9,100486.0
1709722800000,66702.0,66750.0,66435.1,66620.4,91860.0
1709723700000,66620.4,67268.1,66569.9,67115.0,309836.0
1709724600000,67115.1,67176.9,66776.7,67092.0,278535.0
1709725500000,67091.9,67367.4,66960.6,67336.0,253821.0
1709726400000,67336.0,67645.2,67036.2,67174.2,308361.0
1709727300000,67174.1,67195.5,66751.1,66997.4,230251.0
1709728200000,66997.5,67019.1,65989.3,65989.7,453630.0
1709729100000,65989.8,66449.3,64513.6,65960.1,1590222.0
1709730000000,65960.1,66383.2,65275.0,66043.8,573654.0
1709730900000,66043.7,66471.2,65919.9,66126.8,340541.0
1709731800000,66126.8,66387.1,65816.8,65915.1,204743.0
1709732700000,65915.2,66681.7,65915.1,66353.1,306470.0
1709733600000,66353.0,66956.5,66350.0,66870.6,316288.0
1709734500000,66870.7,67028.3,66590.0,66793.1,206127.0
1709735400000,66797.2,67254.4,66223.6,66378.1,490308.0
1709736300000,66378.2,66714.4,65870.8,65891.1,568460.0
1709737200000,65891.0,66249.6,65281.9,66090.6,583044.0
1709738100000,66092.0,66314.7,65767.3,66163.3,339091.0
1709739000000,66163.4,66720.5,66130.0,66525.0,351884.0
1709739900000,66525.0,66640.0,66268.7,66512.0,161174.0
1709740800000,66514.2,66899.6,66462.0,66799.9,178814.0
1709741700000,66799.9,66960.0,66570.9,66942.0,200979.0
1709742600000,66942.2,66945.0,66268.0,66641.4,253538.0
1709743500000,66640.0,67171.0,66517.2,67126.1,230176.0
1709744400000,67129.2,67175.0,66782.9,67042.0,177522.0
1709745300000,67045.9,67134.1,66752.1,66861.0,159457.0
1709746200000,66861.1,67175.0,66680.5,66902.5,150866.0
1709747100000,66902.6,67388.0,66813.6,67365.0,177641.0
1709748000000,67363.0,67500.0,66955.0,66995.7,180958.0
1709748900000,66995.6,67242.1,66983.1,67213.1,91740.0
1709749800000,67214.3,67256.4,66775.4,66964.1,133503.0
1709750700000,66964.1,67173.3,66619.0,67125.5,172709.0
1709751600000,67125.6,67125.6,66800.0,66899.7,69580.0
1709752500000,66896.1,67245.7,66862.7,67223.6,78600.0
1709753400000,67223.5,67284.4,66803.2,66837.4,102048.0
1709754300000,66842.4,66959.9,66658.2,66776.5,83192.0
1709755200000,66772.5,67200.0,66686.1,67166.0,96842.0
1709756100000,67165.9,67397.9,66939.6,66939.6,135809.0
1709757000000,66939.6,67014.4,66784.7,66894.5,112428.0
1709757900000,66894.5,67228.9,66864.0,66907.9,134187.0
1709758800000,66909.8,66909.8,66612.6,66680.8,98385.0
1709759700000,66680.9,66801.9,66407.6,66500.5,173798.0
1709760600000,66500.4,66563.4,66348.9,66436.4,83321.0
1709761500000,66436.5,66622.6,66265.7,66435.0,91715.0
1709762400000,66435.1,66435.1,66199.6,66301.1,77717.0
1709763300000,66301.2,66496.6,66132.0,66480.2,59758.0
1709764200000,66480.2,66499.9,66122.0,66122.1,34994.0
1709765100000,66122.2,66214.5,65888.0,65928.0,105456.0
1709766000000,65928.0,66148.0,65710.7,66140.9,122728.0
1709766900000,66139.2,66266.5,66044.1,66066.7,54894.0
1709767800000,66066.8,66203.6,65928.5,65988.0,58247.0
1709768700000,65987.9,66148.0,65960.9,66081.9,49491.0
1709769600000,66081.7,66267.0,65913.2,66267.0,81047.0
1709770500000,66267.0,66267.0,65696.9,65827.5,188339.0
1709771400000,65827.5,66249.5,65827.5,66157.9,91652.0
1709772300000,66157.9,66268.8,66124.0,66214.6,60108.0
1709773200000,66214.7,66262.0,65556.9,65817.2,199392.0
1709774100000,65817.2,66200.0,65756.9,66156.0,94208.0
1709775000000,66155.9,66155.9,65822.6,66012.0,72235.0
1709775900000,66011.9,66513.0,65867.6,66457.3,176406.0
1709776800000,66457.9,66509.9,66199.3,66359.2,151288.0
1709777700000,66359.2,66425.7,65907.4,65979.8,135783.0
1709778600000,65979.2,66209.7,65903.2,66130.8,80892.0
1709779500000,66130.9,66222.0,66052.9,66141.1,56825.0
1709780400000,66141.1,66368.4,66040.0,66366.5,64968.0
1709781300000,66366.4,66409.2,66233.1,66266.1,59513.0
1709782200000,66266.1,66338.9,65868.0,65901.3,132793.0
1709783100000,65902.6,66042.1,65858.3,65884.9,62919.0
1709784000000,65885.0,66041.1,65688.0,65991.1,117741.0
1709784900000,65991.2,66176.5,65910.0,66169.4,82246.0
1709785800000,66169.4,66200.8,66082.1,66110.1,52284.0
1709786700000,66110.2,66117.4,65800.0,65872.9,107309.0
1709787600000,65872.9,66104.2,65848.7,66062.4,87207.0
1709788500000,66062.6,66150.0,65957.3,66068.7,67578.0
1709789400000,66068.8,66078.9,65753.0,65764.5,96282.0
1709790300000,65764.5,65900.0,65678.9,65830.1,105571.0
1709791200000,65830.1,65967.8,65688.0,65945.3,95888.0
1709792100000,65940.1,66209.8,65890.7,66140.7,173896.0
1709793000000,66140.6,66149.6,65973.6,66038.2,48215.0
1709793900000,66038.2,66050.0,65818.2,65900.9,52377.0
1709794800000,65897.9,66028.7,65800.0,65947.6,83424.0
1709795700000,65947.7,66194.7,65912.8,66153.3,73127.0
1709796600000,66153.3,66401.2,66031.1,66307.9,134539.0
1709797500000,66307.9,66480.0,66215.1,66400.0,93946.0
1709798400000,66400.0,66935.0,66350.5,66800.1,395627.0
1709799300000,66800.1,67094.2,66787.5,66825.0,240187.0
1709800200000,66825.0,66918.5,66633.6,66862.8,139931.0
1709801100000,66862.8,66915.5,66612.0,66710.8,90691.0
1709802000000,66710.9,66918.6,66640.0,66843.0,90906.0
1709802900000,66843.0,66905.0,66666.0,66727.5,109496.0
1709803800000,66727.5,66921.7,66568.9,66894.9,99265.0
1709804700000,66894.9,66958.4,66685.1,66761.4,46539.0
1709805600000,66761.4,66925.8,66685.1,66898.8,69676.0
1709806500000,66898.8,67000.0,66789.5,66924.7,56419.0
1709807400000,66924.8,66948.3,66680.4,66835.6,82570.0
1709808300000,66835.6,66970.0,66808.5,66941.2,72870.0
1709809200000,66941.2,67344.8,66938.0,67069.7,285519.0
1709810100000,67069.6,67078.0,66510.0,66751.9,333894.0
1709811000000,66751.9,66873.1,66667.9,66827.0,68096.0
1709811900000,66827.0,66949.4,66710.0,66949.4,90725.0
1709812800000,66950.0,67150.0,66950.0,67041.0,152929.0
1709813700000,67041.0,67135.8,66844.2,66884.5,101935.0
1709814600000,66884.6,66950.0,66769.0,66776.3,81870.0
1709815500000,66776.3,66811.2,66625.0,66768.1,81424.0
1709816400000,66768.1,66828.8,66626.0,66679.8,52373.0
1709817300000,66679.8,66924.1,66632.8,66924.0,100674.0
1709818200000,66924.0,67050.0,66772.7,66900.1,133329.0
1709819100000,66900.1,67065.0,66857.1,66951.2,115101.0
1709820000000,66951.2,67179.1,66951.2,67076.0,160945.0
1709820900000,67076.1,67388.8,67071.4,67319.0,196516.0
1709821800000,67319.0,67959.0,66756.0,67207.7,1071878.0
1709822700000,67207.7,67221.4,66500.0,67023.7,675448.0
1709823600000,67023.7,67380.4,66856.2,66913.9,361962.0
1709824500000,66915.9,67104.1,66740.3,66914.7,151498.0
1709825400000,66914.6,67345.7,66900.0,67217.2,230864.0
1709826300000,67217.3,67570.5,67170.1,67244.2,202027.0
1709827200000,67244.2,67432.0,67025.8,67106.0,201123.0
1709828100000,67106.0,67487.9,67052.4,67307.3,137716.0
1709829000000,67307.2,67338.6,67066.5,67164.4,137937.0
1709829900000,67164.4,67353.7,67080.0,67326.3,87498.0
1709830800000,67326.2,67927.6,67241.1,67888.8,301284.0
1709831700000,67888.8,68064.6,67593.5,67855.0,291443.0
1709832600000,67855.1,67885.1,67607.4,67864.7,160199.0
1709833500000,67860.1,67867.4,67425.6,67621.4,190044.0
1709834400000,67624.2,67690.0,67459.3,67523.3,94732.0
1709835300000,67523.2,67744.1,67496.7,67646.9,45399.0
1709836200000,67646.9,67692.3,67434.1,67614.8,72186.0
1709837100000,67614.9,67810.7,67566.6,67617.6,83928.0
1709838000000,67617.6,67875.3,67601.6,67705.9,59858.0
1709838900000,67706.0,67725.0,67218.0,67334.6,146614.0
1709839800000,67334.6,67518.4,67225.0,67505.7,58641.0
1709840700000,67505.8,67578.8,67426.1,67504.1,37711.0
1709841600000,67504.2,67662.3,67457.6,67596.7,69600.0
1709842500000,67596.6,67866.0,67490.7,67828.2,90687.0
1709843400000,67831.2,67920.0,67695.1,67805.7,107743.0
1709844300000,67805.7,67931.0,67520.1,67560.5,146299.0
1709845200000,67560.4,67591.6,67061.2,67193.1,185036.0
1709846100000,67193.1,67449.3,67158.5,67290.1,79437.0
1709847000000,67290.1,67397.9,67176.5,67333.5,39541.0
1709847900000,67333.5,67333.5,67135.8,67263.0,53580.0
1709848800000,67263.0,67498.7,67263.0,67450.0,57102.0
1709849700000,67450.1,67465.8,67250.0,67388.8,18442.0
1709850600000,67388.7,67388.8,67012.0,67085.7,40698.0
1709851500000,67085.7,67243.5,67085.6,67124.5,42305.0
1709852400000,67124.5,67199.7,67050.0,67172.6,54120.0
1709853300000,67172.6,67180.2,66837.4,67063.5,141182.0
1709854200000,67063.6,67113.1,67012.6,67017.8,28429.0
1709855100000,67017.7,67017.8,66816.4,66839.9,77643.0
1709856000000,66840.0,66913.4,66720.6,66862.9,104997.0
1709856900000,66862.9,66994.7,66784.2,66886.4,70329.0
1709857800000,66886.4,66917.2,66784.9,66857.2,36860.0
1709858700000,66857.2,67138.2,66822.0,67096.4,70148.0
1709859600000,67096.4,67276.1,67000.0,67034.4,155362.0
1709860500000,67034.3,67179.2,66919.2,67009.5,69736.0
1709861400000,67010.6,67065.7,66833.3,67060.5,88838.0
1709862300000,67060.5,67077.0,66936.9,66960.1,34869.0
1709863200000,66960.1,67015.7,66870.0,66934.8,44287.0
1709864100000,66934.7,67066.7,66927.9,66982.6,30929.0
1709865000000,66982.6,66982.6,66866.8,66974.2,37444.0
1709865900000,66974.1,67138.0,66967.1,67132.3,80895.0
1709866800000,67132.3,67195.6,67000.0,67138.4,72519.0
1709867700000,67138.4,67285.8,67082.9,67232.1,65636.0
1709868600000,67232.0,67232.0,67105.5,67138.9,31831.0
1709869500000,67138.9,67206.1,67100.0,67172.9,26336.0
1709870400000,67173.0,67262.2,67116.0,67260.0,43777.0
1709871300000,67259.9,67269.0,67142.9,67164.6,24363.0
1709872200000,67164.7,67164.7,67018.0,67070.6,40300.0
1709873100000,67070.7,67100.4,67024.1,67095.7,16795.0
1709874000000,67095.8,67135.0,66931.2,66993.8,84234.0
1709874900000,66993.7,66993.7,66888.0,66909.1,45336.0
1709875800000,66909.0,66957.2,66840.0,66840.0,62891.0
1709876700000,66840.1,66952.0,66780.0,66917.2,62340.0
1709877600000,66917.1,66974.1,66853.1,66928.7,23861.0
1709878500000,66928.7,67017.5,66901.4,66956.2,32784.0
1709879400000,66956.2,67208.4,66954.0,67208.0,82697.0
1709880300000,67208.0,67628.4,67207.9,67591.6,253703.0
1709881200000,67591.9,67690.9,67335.0,67406.2,149370.0
1709882100000,67406.2,67516.7,67330.7,67419.9,82953.0
1709883000000,67419.9,67632.1,67404.0,67416.0,113457.0
1709883900000,67416.0,67453.5,67250.0,67288.3,115028.0
1709884800000,67288.4,67351.0,67220.0,67222.0,78625.0
1709885700000,67222.1,67267.1,67062.9,67063.1,85189.0
1709886600000,67063.2,67380.4,67063.1,67315.7,100380.0
1709887500000,67315.7,67418.0,67227.1,67249.3,56915.0
1709888400000,67249.4,67429.5,67080.0,67394.0,95630.0
1709889300000,67393.9,67393.9,67149.4,67253.3,50941.0
1709890200000,67253.3,67320.0,67161.0,67228.9,39731.0
1709891100000,67228.9,67282.0,67133.0,67162.6,36980.0
1709892000000,67162.7,67338.6,67119.9,67206.6,63687.0
1709892900000,67206.5,67275.0,67166.1,67257.0,41401.0
1709893800000,67257.0,67434.0,67244.2,67401.9,95916.0
1709894700000,67402.0,67402.0,67328.2,67363.0,36539.0
1709895600000,67363.0,67544.0,67315.3,67529.9,80933.0
1709896500000,67530.0,67539.3,67375.1,67377.5,54149.0
1709897400000,67377.5,67577.0,67300.0,67562.9,100919.0
1709898300000,67563.0,67806.9,67540.0,67782.7,135871.0
1709899200000,67782.8,67840.0,67540.0,67546.5,128855.0
1709900100000,67546.5,67650.0,67425.6,67521.3,80894.0
1709901000000,67521.3,67521.3,67400.0,67507.9,54535.0
1709901900000,67508.0,67647.9,67480.0,67491.1,45474.0
1709902800000,67491.2,67721.0,67479.6,67562.7,78259.0
1709903700000,67562.6,67562.7,67312.0,67453.2,110800.0
1709904600000,67453.4,67697.6,67389.3,67688.0,158519.0
1709905500000,67687.9,67928.5,67624.3,67800.0,213010.0
1709906400000,67800.0,68086.6,67580.5,67792.1,311209.0
1709907300000,67792.1,68050.0,67700.0,67944.7,145287.0
1709908200000,67945.7,68469.6,67938.7,68400.3,521286.0
1709909100000,68403.2,68700.0,68301.0,68474.0,407216.0
1709910000000,68472.2,68887.0,68388.0,68860.0,365872.0
1709910900000,68860.0,69953.1,68635.0,69728.0,1077420.0
1709911800000,69727.9,70286.2,67146.2,68284.0,2783562.0
1709912700000,68284.1,68455.0,67587.4,67635.0,701373.0
1709913600000,67635.0,67879.5,66066.0,66424.0,1746519.0
1709914500000,66421.0,67412.5,66370.2,66844.0,772149.0
1709915400000,66844.0,67330.0,66704.0,67310.0,352549.0
1709916300000,67311.7,67969.0,67225.0,67830.1,459039.0
1709917200000,67830.0,68231.0,67676.4,67940.4,318849.0
1709918100000,67940.5,68354.9,67737.8,68276.9,205353.0
1709919000000,68277.0,68540.0,68229.4,68324.2,245549.0
1709919900000,68324.3,68826.0,68324.3,68356.9,336865.0
1709920800000,68357.0,68856.8,68100.0,68748.8,349843.0
1709921700000,68748.8,68805.6,68416.8,68453.7,158573.0
1709922600000,68453.7,68555.0,68320.0,68452.0,122647.0
1709923500000,68452.0,68689.0,68430.5,68587.7,100107.0
1709924400000,68587.8,68719.6,68436.1,68719.2,91661.0
1709925300000,68719.3,68799.2,68125.0,68435.5,235903.0
1709926200000,68435.5,68659.1,68216.0,68630.7,121394.0
1709927100000,68633.1,68888.0,68549.9,68888.0,101977.0
1709928000000,68888.0,69398.6,68811.3,69072.7,448086.0
1709928900000,69072.7,69336.0,68822.0,69014.3,172727.0
1709929800000,69014.3,69225.6,68966.7,69071.9,160310.0
1709930700000,69071.9,69246.3,68941.4,69076.8,139436.0
1709931600000,69076.8,69185.2,68917.0,68992.0,97804.0
1709932500000,68990.6,69043.9,68503.6,68715.9,211667.0
1709933400000,68716.0,68805.5,68581.2,68616.7,65633.0
1709934300000,68616.7,68705.7,67780.0,68174.7,384233.0
1709935200000,68170.8,68348.6,67985.7,68297.9,126553.0
1709936100000,68297.9,68404.6,68193.8,68224.0,66790.0
1709937000000,68223.9,68432.0,68125.5,68323.7,49405.0
1709937900000,68323.7,68337.4,68106.3,68106.3,30310.0
1709938800000,68106.3,68291.5,68106.3,68256.5,33673.0
1709939700000,68256.5,68399.4,68191.3,68197.8,61253.0
1709940600000,68197.7,68328.4,68049.7,68084.8,65004.0
1709941500000,68084.8,68225.7,68084.7,68131.9,38045.0
1709942400000,68132.0,68292.4,68000.0,68235.9,71286.0
1709943300000,68236.0,68248.3,68117.2,68117.3,36468.0
1709944200000,68117.2,68188.4,68047.0,68117.3,31112.0
1709945100000,68117.3,68204.0,68033.7,68122.0,41724.0
1709946000000,68122.1,68134.8,67920.0,67935.4,85383.0
1709946900000,67935.5,68130.0,67904.8,68130.0,53721.0
1709947800000,68130.0,68192.9,67931.8,68015.8,37569.0
1709948700000,68015.9,68049.9,67871.0,67937.5,54259.0
1709949600000,67937.5,68039.9,67889.0,67953.4,31049.0
1709950500000,67953.3,68102.3,67920.4,68092.1,30941.0
1709951400000,68092.1,68196.0,68029.0,68189.1,42531.0
1709952300000,68189.1,68246.4,68162.5,68181.0,49933.0
1709953200000,68181.0,68219.4,68090.0,68164.2,38540.0
1709954100000,68164.2,68310.1,68153.2,68242.0,47467.0
1709955000000,68242.0,68249.5,68162.1,68179.5,18770.0
1709955900000,68179.6,68275.0,68171.7,68262.0,21381.0
1709956800000,68262.1,68267.4,68162.0,68216.1,24689.0
1709957700000,68216.0,68249.9,68150.0,68227.7,11155.0
1709958600000,68227.8,68332.1,68214.3,68230.0,29890.0
1709959500000,68229.9,68399.7,68200.0,68320.2,39033.0
1709960400000,68320.1,68328.0,68240.0,68253.6,22103.0
1709961300000,68253.5,68289.9,68164.8,68289.9,40533.0
1709962200000,68289.9,68289.9,68215.0,68258.4,15104.0
1709963100000,68258.5,68275.8,68181.9,68262.2,23729.0
1709964000000,68262.2,68262.3,68171.0,68222.2,20111.0
1709964900000,68222.2,68299.0,68199.0,68297.6,23151.0
1709965800000,68297.6,68438.0,68294.4,68400.8,46432.0
1709966700000,68400.8,68549.9,68357.1,68447.5,83673.0
1709967600000,68447.5,68592.0,68410.0,68526.6,63536.0
1709968500000,68526.6,68542.0,68469.7,68515.3,43673.0
1709969400000,68515.2,68547.3,68470.0,68512.0,27459.0
1709970300000,68512.1,68568.0,68259.8,68296.3,93942.0
1709971200000,68296.3,68412.5,68296.3,68378.0,55260.0
1709972100000,68378.1,68443.2,68315.6,68415.1,36146.0
1709973000000,68415.2,68486.0,68373.1,68452.7,23150.0
1709973900000,68448.9,68481.2,68322.0,68325.5,34742.0
1709974800000,68325.5,68375.2,68240.0,68296.1,48052.0
1709975700000,68296.0,68393.2,68276.1,68380.0,22322.0
1709976600000,68380.1,68380.1,68200.0,68301.8,70070.0
1709977500000,68301.7,68349.5,68163.6,68330.2,59920.0
1709978400000,68330.3,68330.3,68112.1,68223.6,54359.0
1709979300000,68225.4,68252.9,67958.1,68084.6,125399.0
1709980200000,68084.7,68188.0,67950.5,68137.8,86716.0
1709981100000,68137.8,68237.7,68123.0,68203.4,35858.0
1709982000000,68203.3,68319.0,68150.0,68171.0,44638.0
1709982900000,68171.0,68379.4,68171.0,68313.3,40128.0
1709983800000,68313.3,68373.4,68260.0,68288.0,22798.0
1709984700000,68288.0,68330.4,68244.6,68329.9,18717.0
1709985600000,68329.9,68360.9,68233.9,68273.2,38153.0
1709986500000,68273.2,68320.8,68211.2,68222.3,19022.0
1709987400000,68222.2,68367.7,68222.2,68367.7,22342.0
1709988300000,68367.7,68520.8,68367.6,68488.0,72319.0
1709989200000,68488.0,68538.5,68379.4,68391.9,40665.0
1709990100000,68392.0,68422.5,68377.9,68422.4,19944.0
1709991000000,68422.4,68482.5,68422.4,68429.3,20166.0
1709991900000,68429.2,68446.6,68337.0,68363.6,28158.0
1709992800000,68363.5,68423.0,68290.0,68401.7,41506.0
1709993700000,68401.7,68404.5,68272.7,68321.5,37496.0
1709994600000,68321.6,68374.9,68241.4,68257.4,50691.0
1709995500000,68257.4,68296.2,68113.1,68154.8,109433.0
1709996400000,68154.7,68234.9,68152.0,68186.5,51472.0
1709997300000,68186.5,68294.0,68186.3,68287.8,28229.0
1709998200000,68287.8,68363.5,68287.8,68328.1,29650.0
1709999100000,68328.0,68338.6,68217.6,68291.3,37220.0
1710000000000,68291.3,68328.4,68136.4,68173.5,49521.0
1710000900000,68176.2,68234.9,68133.3,68152.0,25259.0
1710001800000,68152.1,68228.3,68030.0,68112.0,60397.0
1710002700000,68112.0,68179.6,68033.1,68130.0,28435.0
1710003600000,68130.1,68204.7,68007.2,68059.9,31686.0
1710004500000,68059.9,68149.9,68010.0,68100.0,32716.0
1710005400000,68100.0,68246.0,68097.4,68235.0,33511.0
1710006300000,68235.0,68255.2,68090.0,68181.4,47343.0
1710007200000,68181.4,68337.4,68138.0,68315.0,29649.0
1710008100000,68314.9,68327.8,68215.0,68216.8,16369.0
1710009000000,68216.8,68317.6,68206.0,68307.0,15208.0
1710009900000,68307.1,68350.0,68248.6,68273.3,17287.0
1710010800000,68273.3,68360.1,68225.8,68305.9,26629.0
1710011700000,68305.9,68312.0,68252.0,68256.0,7241.0
1710012600000,68256.0,68256.1,68168.2,68238.4,13091.0
1710013500000,68238.4,68265.6,68182.6,68218.6,9014.0
1710014400000,68218.6,68346.5,68218.6,68309.2,15394.0
1710015300000,68309.2,68351.5,68295.1,68339.9,10227.0
1710016200000,68339.9,68389.9,68301.4,68331.1,17018.0
1710017100000,68331.0,68376.7,68319.1,68362.0,9442.0
1710018000000,68362.0,68399.6,68316.4,68391.0,16219.0
1710018900000,68390.9,68391.0,68237.3,68255.2,23842.0
1710019800000,68255.1,68445.0,68255.1,68430.0,36730.0
1710020700000,68430.0,68441.6,68392.7,68400.1,26440.0
1710021600000,68400.1,68423.7,68350.1,68408.8,18368.0
1710022500000,68408.8,68434.9,68343.0,68418.1,13101.0
1710023400000,68418.1,68420.0,68357.9,68383.3,13051.0
1710024300000,68383.3,68392.1,68361.0,68373.2,7121.0
1710025200000,68373.3,68450.0,68325.0,68447.0,43428.0
1710026100000,68447.0,68447.0,68330.0,68333.4,24639.0
1710027000000,68333.4,68381.6,68284.0,68379.3,18979.0
1710027900000,68379.4,68399.0,68328.1,68328.2,12549.0
1710028800000,68328.2,68387.7,68293.3,68296.4,23785.0
1710029700000,68296.4,68400.0,68290.0,68314.7,15195.0
1710030600000,68314.7,68473.7,68203.7,68259.9,158512.0
1710031500000,68259.9,68400.0,68254.6,68365.4,28017.0
1710032400000,68365.5,69043.4,68337.5,69027.0,316367.0
1710033300000,69029.1,69341.8,68909.4,68951.5,429874.0
1710034200000,68951.5,69076.9,68645.0,68774.0,214247.0
1710035100000,68773.9,69160.0,68707.1,69017.9,174979.0
1710036000000,69017.9,69140.1,68916.5,69075.0,69914.0
1710036900000,69075.0,69280.0,69062.5,69101.5,99889.0
1710037800000,69101.4,69239.9,68962.9,69081.5,59571.0
1710038700000,69081.5,69104.4,68826.8,68873.8,78196.0
1710039600000,68873.7,68984.2,68738.1,68973.6,82444.0
1710040500000,68973.5,69058.0,68962.0,69004.7,50291.0
1710041400000,69004.6,69066.2,68935.0,68986.5,28862.0
1710042300000,68986.5,69185.9,68968.1,69172.9,61522.0
1710043200000,69172.8,69806.8,69060.2,69572.8,395555.0
1710044100000,69572.9,69757.9,69430.0,69451.2,213672.0
1710045000000,69451.3,69678.0,69362.0,69609.8,121164.0
1710045900000,69607.0,69618.0,69438.5,69464.6,64826.0
1710046800000,69464.5,69590.9,69392.3,69550.1,61635.0
1710047700000,69550.1,69581.2,69447.5,69492.3,32777.0
1710048600000,69486.8,69549.5,69272.7,69364.6,76200.0
1710049500000,69364.7,69437.0,69242.0,69387.3,59069.0
1710050400000,69387.1,69435.0,69336.0,69425.4,53510.0
1710051300000,69425.3,69425.4,69096.5,69256.0,94460.0
1710052200000,69256.1,69360.1,69221.1,69342.0,44693.0
1710053100000,69342.1,69400.0,69249.4,69378.7,54250.0
1710054000000,69378.7,69440.3,69325.5,69346.1,30190.0
1710054900000,69346.0,69405.8,69327.9,69363.6,19476.0
1710055800000,69363.7,69390.4,69278.0,69390.2,44412.0
1710056700000,69390.2,69491.3,69375.9,69398.0,68224.0
1710057600000,69398.0,69525.0,69374.7,69451.0,50533.0
1710058500000,69451.1,69576.4,69416.1,69557.5,42975.0
1710059400000,69557.4,69628.0,69501.3,69598.8,74062.0
1710060300000,69598.8,69764.1,69514.0,69699.2,98349.0
1710061200000,69699.2,69699.3,69530.0,69597.0,71911.0
1710062100000,69597.0,69600.0,69250.0,69414.4,173898.0
1710063000000,69414.4,69877.0,69200.0,69810.1,217145.0
1710063900000,69810.0,69949.0,69594.7,69858.0,416686.0
1710064800000,69858.1,69974.0,69728.2,69962.7,171658.0
1710065700000,69962.8,69965.1,69766.6,69843.4,134761.0
1710066600000,69843.5,69949.9,69666.0,69720.5,84903.0
1710067500000,69720.5,69834.4,69574.3,69820.0,116997.0
1710068400000,69819.9,69899.5,69725.1,69761.5,48893.0
1710069300000,69761.5,69809.5,69604.9,69641.5,78521.0
1710070200000,69641.6,69731.0,69333.0,69636.1,188308.0
1710071100000,69636.1,69720.0,69518.8,69605.0,72796.0
1710072000000,69605.1,69806.8,69572.2,69681.1,89532.0
1710072900000,69681.1,69874.2,69631.9,69751.9,78912.0
1710073800000,69751.9,69881.9,69441.0,69683.9,190621.0
1710074700000,69683.9,69861.1,69683.8,69800.1,83917.0
1710075600000,69800.2,69864.4,69725.1,69784.0,73736.0
1710076500000,69784.0,69798.0,69600.0,69603.5,43712.0
1710077400000,69603.5,69688.0,69550.0,69594.4,75169.0
1710078300000,69594.4,69615.8,69111.5,69339.5,252434.0
1710079200000,69339.5,69491.5,69205.2,69273.5,134785.0
1710080100000,69273.4,69414.2,69250.7,69291.6,74192.0
1710081000000,69291.5,69311.4,68636.4,68896.5,459765.0
1710081900000,68896.6,69287.2,68880.9,69279.0,166336.0
1710082800000,69279.0,69450.0,69071.4,69117.1,126408.0
1710083700000,69117.1,69333.3,68960.1,69322.3,101547.0
1710084600000,69322.3,69372.5,69125.6,69303.7,63392.0
1710085500000,69303.6,69325.0,69157.2,69187.9,48587.0
1710086400000,69188.0,69442.0,69160.9,69438.1,92626.0
1710087300000,69438.1,69681.9,69434.6,69639.9,206064.0
1710088200000,69639.9,69825.2,69576.1,69592.5,154351.0
1710089100000,69592.5,69609.8,69435.2,69460.8,75571.0
1710090000000,69460.8,69552.6,69372.5,69482.9,66807.0
1710090900000,69483.0,69500.2,69372.7,69428.0,26391.0
1710091800000,69428.1,69530.8,69428.1,69530.7,33273.0
1710092700000,69530.8,69628.4,69438.5,69447.2,28366.0
1710093600000,69447.1,69503.9,69380.2,69499.2,21811.0
1710094500000,69499.2,69499.3,69370.2,69434.6,17821.0
1710095400000,69434.7,69494.3,69296.3,69380.1,46273.0
1710096300000,69380.0,69410.1,69222.2,69265.9,48327.0
1710097200000,69265.9,69319.2,69150.1,69284.4,52634.0
1710098100000,69284.4,69387.0,69260.0,69366.0,27680.0
1710099000000,69366.0,69371.4,69288.0,69370.1,12901.0
1710099900000,69370.1,69490.0,69304.5,69437.7,39156.0
1710100800000,69437.7,69510.0,69368.0,69446.4,25543.0
1710101700000,69446.4,69446.5,69275.9,69308.1,16995.0
1710102600000,69308.1,69404.4,69301.5,69319.2,27800.0
1710103500000,69319.2,69348.6,69265.2,69341.2,15473.0
1710104400000,69341.2,69416.0,69300.7,69360.4,14567.0
1710105300000,69360.4,69360.5,69138.6,69168.4,32554.0
1710106200000,69168.4,69275.0,69168.3,69182.2,13380.0
1710107100000,69182.1,69267.9,69125.0,69134.0,15356.0
1710108000000,69133.9,69134.0,68826.1,68940.7,102524.0
1710108900000,68937.5,68942.0,68570.7,68770.1,184186.0
1710109800000,68770.1,68866.0,68508.3,68561.1,165095.0
1710110700000,68561.0,68817.7,68033.3,68425.0,488042.0
1710111600000,68425.0,68718.7,68359.8,68659.8,213351.0
1710112500000,68659.9,68792.3,68536.1,68764.8,85980.0
1710113400000,68764.9,68783.8,68622.9,68777.0,47320.0
1710114300000,68777.0,68993.7,68744.6,68947.7,88184.0
1710115200000,68947.8,68962.2,68805.6,68854.1,94418.0
1710116100000,68854.0,68898.8,68480.2,68574.4,154218.0
1710117000000,68574.4,68679.8,68203.0,68215.2,145436.0
1710117900000,68213.6,68416.4,66900.0,68104.0,1138326.0
1710118800000,68104.1,68388.0,67770.3,68178.9,324780.0
1710119700000,68178.0,68372.0,67937.0,68003.5,193482.0
1710120600000,68003.5,68082.0,67590.9,67843.8,208225.0
1710121500000,67843.8,68329.8,67728.9,68324.2,179306.0
1710122400000,68324.2,68546.3,68305.2,68546.2,168690.0
1710123300000,68546.3,68547.0,68373.4,68474.9,59201.0
1710124200000,68474.9,68530.0,68351.2,68376.1,52585.0
1710125100000,68376.1,68497.0,68272.0,68341.2,60117.0
1710126000000,68341.2,68587.9,68309.2,68573.1,54008.0
1710126900000,68573.1,68648.9,68487.2,68518.2,72579.0
1710127800000,68518.3,68560.2,68400.0,68495.1,51920.0
1710128700000,68495.2,68647.4,68434.0,68614.8,81087.0
1710129600000,68614.8,68840.5,68560.0,68613.6,129496.0
1710130500000,68613.7,68701.0,68564.2,68696.1,29529.0
1710131400000,68696.0,68699.6,68550.0,68610.8,35500.0
1710132300000,68610.7,68617.3,68491.0,68567.6,40775.0
1710133200000,68571.6,68828.0,68567.5,68764.0,108773.0
1710134100000,68763.2,68800.0,68588.0,68677.1,35968.0
1710135000000,68677.2,68687.9,68569.0,68619.2,31119.0
1710135900000,68623.4,68647.8,68532.3,68588.8,36108.0
1710136800000,68588.8,68613.2,68476.4,68511.4,35644.0
1710137700000,68511.4,68777.0,68500.0,68704.4,72098.0
1710138600000,68704.3,68769.9,68579.0,68755.0,66263.0
1710139500000,68755.0,69508.4,68731.8,69367.7,331616.0
1710140400000,69360.0,70972.3,69318.6,70698.0,1537452.0
1710141300000,70698.1,70999.9,70043.9,70746.4,930737.0
1710142200000,70746.4,71484.0,70700.0,70857.7,955450.0
1710143100000,70855.9,71445.0,70830.0,71205.9,506345.0
1710144000000,71208.0,71776.0,71208.0,71500.0,702422.0
1710144900000,71500.0,71888.8,71281.3,71675.6,472972.0
1710145800000,71675.6,71800.0,71261.5,71361.7,285443.0
1710146700000,71360.5,71500.0,71220.0,71331.6,160829.0
1710147600000,71331.6,71624.9,71278.5,71624.9,124636.0
1710148500000,71625.0,71786.9,71418.5,71749.5,192690.0
1710149400000,71749.6,71950.0,71586.9,71609.6,277591.0
1710150300000,71612.0,71969.1,71612.0,71888.9,161511.0
1710151200000,71888.9,71978.9,71712.5,71792.2,118971.0
1710152100000,71792.2,71950.0,71780.8,71832.5,100942.0
1710153000000,71832.6,71860.3,71668.5,71702.8,112135.0
1710153900000,71702.7,71855.0,71534.2,71581.0,133772.0
1710154800000,71581.0,71768.9,71581.0,71764.8,98276.0
1710155700000,71764.7,71870.4,71650.0,71659.5,94976.0
1710156600000,71659.6,72247.8,71600.0,72152.1,321406.0
1710157500000,72144.0,72332.9,71333.3,71553.2,787811.0
1710158400000,71553.0,71839.0,71450.0,71709.0,239697.0
1710159300000,71709.0,72090.8,71500.7,72010.4,180091.0
1710160200000,72010.4,72263.9,71967.4,72060.9,209364.0
1710161100000,72060.9,72200.0,71861.2,72049.9,146625.0
1710162000000,72050.0,72068.4,71864.0,71980.7,121339.0
1710162900000,71980.7,72487.4,71980.7,72263.1,305954.0
1710163800000,72263.2,72348.0,71601.0,71892.6,430696.0
1710164700000,71892.6,71976.9,71364.3,71539.7,366839.0
1710165600000,71539.6,72347.3,71519.3,72295.2,273487.0
1710166500000,72295.2,72400.0,72022.0,72139.6,318214.0
1710167400000,72139.7,72205.1,71788.2,71951.8,174954.0
1710168300000,71951.8,72292.0,71875.6,72197.9,157878.0
1710169200000,72197.9,72586.5,72028.6,72467.1,330625.0
1710170100000,72467.1,72511.0,72186.8,72419.8,182149.0
1710171000000,72419.8,72688.0,72155.4,72339.9,319012.0
1710171900000,72340.4,72408.2,71964.0,71986.3,274899.0
1710172800000,71986.3,72378.9,71814.9,72355.7,327375.0
1710173700000,72355.6,72528.1,72204.7,72487.3,175841.0
1710174600000,72487.4,72652.3,72379.1,72593.1,164706.0
1710175500000,72593.2,72619.4,72380.0,72550.4,120409.0
1710176400000,72550.3,72590.1,72248.4,72257.3,93485.0
1710177300000,72257.4,72515.8,72257.3,72373.0,75372.0
1710178200000,72366.1,72531.5,72342.8,72454.6,49082.0
1710179100000,72454.7,72617.4,72386.5,72509.0,76389.0
1710180000000,72509.0,72538.2,72213.1,72254.2,66385.0
1710180900000,72254.2,72650.0,72227.4,72549.5,104653.0
1710181800000,72547.6,72574.7,72226.3,72332.5,79625.0
1710182700000,72333.3,72520.0,72333.3,72515.9,50113.0
1710183600000,72515.8,72855.9,72470.3,72682.0,167175.0
1710184500000,72682.1,72847.5,72372.8,72431.6,150867.0
1710185400000,72431.6,72471.3,71962.0,72233.8,242117.0
1710186300000,72233.8,72296.1,71777.0,72014.9,178319.0
1710187200000,72014.8,72215.0,71866.7,72091.6,103238.0
1710188100000,72091.5,72236.1,72047.6,72230.0,38601.0
1710189000000,72230.0,72294.2,72120.2,72185.8,28846.0
1710189900000,72185.8,72195.5,72012.6,72147.4,37002.0
1710190800000,72147.4,72173.9,72075.2,72129.6,23503.0
1710191700000,72129.7,72434.8,72100.5,72431.9,38399.0
1710192600000,72431.9,72455.4,72300.0,72401.7,34287.0
1710193500000,72401.7,72636.4,72338.6,72561.8,55963.0
1710194400000,72561.8,72657.6,72434.8,72624.0,86535.0
1710195300000,72624.0,72799.7,72624.0,72717.5,79133.0
1710196200000,72717.5,72741.0,72556.3,72630.3,46049.0
1710197100000,72630.3,72684.0,72480.5,72483.4,51607.0
1710198000000,72483.4,72494.4,72347.4,72408.6,60220.0
1710198900000,72408.6,72420.0,72200.0,72344.5,85322.0
1710199800000,72348.5,72348.5,72120.1,72200.0,85473.0
1710200700000,72200.0,72260.8,72083.7,72116.6,58070.0
1710201600000,72116.7,72383.1,72088.0,72250.1,117434.0
1710202500000,72250.0,72350.0,72169.2,72174.8,50307.0
1710203400000,72174.7,72388.0,72171.6,72321.9,50655.0
1710204300000,72323.9,72323.9,72034.9,72039.0,104751.0
1710205200000,72039.1,72340.6,71958.0,72305.6,102371.0
1710206100000,72307.8,72384.6,72224.9,72305.5,54179.0
1710207000000,72305.6,72460.0,72239.0,72449.4,50495.0
1710207900000,72449.4,72518.0,72360.6,72481.8,52994.0
1710208800000,72481.9,72481.9,72293.5,72328.2,44182.0
1710209700000,72328.3,72359.8,72216.8,72356.6,36339.0
1710210600000,72356.7,72392.4,72211.0,72259.6,36177.0
1710211500000,72259.6,72310.1,72191.8,72239.0,30986.0
1710212400000,72239.1,72312.2,72067.6,72155.8,72121.0
1710213300000,72155.9,72165.5,71518.2,71687.6,451974.0
1710214200000,71687.7,71866.7,71368.7,71790.7,251262.0
1710215100000,71789.3,71807.2,71481.5,71634.0,189715.0
1710216000000,71634.0,71783.5,71316.1,71764.5,237125.0
1710216900000,71764.5,72085.3,71731.8,71951.1,208273.0
1710217800000,71951.1,71996.6,71776.8,71870.0,91962.0
1710218700000,71870.0,72100.0,71731.6,71816.7,133219.0
1710219600000,71816.7,72045.0,71714.5,71959.9,101759.0
1710220500000,71959.9,72085.0,71900.0,71909.9,48496.0
1710221400000,71910.0,71948.7,71821.1,71919.0,35907.0
1710222300000,71919.0,72032.0,71820.0,71981.5,39430.0
1710223200000,71981.6,71981.6,71740.0,71781.1,117619.0
1710224100000,71782.2,71824.5,71550.1,71550.2,141454.0
1710225000000,71550.1,71700.0,71460.0,71692.5,118015.0
1710225900000,71690.0,72299.0,71680.0,72290.9,293574.0
1710226800000,72290.8,72376.1,72072.4,72187.8,162957.0
1710227700000,72187.8,72370.0,72117.3,72165.6,84455.0
1710228600000,72165.7,72209.3,72032.7,72140.0,69267.0
1710229500000,72139.9,72277.0,72037.1,72142.2,57818.0
1710230400000,72142.2,72223.1,71634.4,71650.5,173538.0
1710231300000,71650.6,71858.9,71410.0,71619.9,261712.0
1710232200000,71619.8,71840.5,71535.7,71714.7,159662.0
1710233100000,71714.6,71839.7,71607.0,71714.5,144785.0
1710234000000,71714.5,71947.9,71706.0,71915.1,81922.0
1710234900000,71915.1,72086.3,71843.0,72012.0,103908.0
1710235800000,72012.0,72070.0,71921.2,72045.7,51143.0
1710236700000,72047.0,72116.0,71866.8,71974.8,81800.0
1710237600000,71974.8,71985.9,71811.9,71842.2,49600.0
1710238500000,71842.2,71881.4,71684.0,71748.1,67358.0
1710239400000,71748.1,71932.8,71748.1,71919.9,54682.0
1710240300000,71919.9,72046.1,71860.5,71895.2,67631.0
1710241200000,71895.3,72282.0,71891.4,72167.0,122705.0
1710242100000,72167.1,72421.0,72062.6,72111.5,182765.0
1710243000000,72111.5,72300.0,72100.0,72149.9,67093.0
1710243900000,72149.9,72160.1,72048.4,72065.0,44725.0
1710244800000,72065.0,72186.8,71921.0,71965.2,90798.0
1710245700000,71965.3,71981.2,71605.1,71675.8,198105.0
1710246600000,71675.9,72316.7,71500.0,72113.8,518386.0
1710247500000,72113.8,72269.6,71983.5,72221.5,138973.0
1710248400000,72221.5,72311.9,71964.5,72311.9,169810.0
1710249300000,72311.9,72360.0,72074.7,72321.6,123569.0
1710250200000,72321.7,72380.0,71840.0,71865.8,226686.0
1710251100000,71865.8,72350.0,71750.1,72340.3,299195.0
1710252000000,72340.4,73389.9,71730.2,71819.9,1402076.0
1710252900000,71820.0,72222.0,71663.0,72119.7,447519.0
1710253800000,72119.8,72300.0,71730.0,71869.3,264950.0
1710254700000,71869.3,72081.6,71695.0,71703.6,197513.0
1710255600000,71703.6,72018.2,70754.9,71981.2,1055676.0
1710256500000,71981.2,72124.9,71808.0,72082.8,147788.0
1710257400000,72080.0,72111.0,71880.0,71920.8,80130.0
1710258300000,71920.8,71976.8,71691.8,71752.1,96061.0
1710259200000,71752.2,71877.7,71378.0,71503.7,223387.0
1710260100000,71503.6,71503.7,70170.0,70635.9,1127274.0
1710261000000,70635.9,70832.7,70102.0,70517.7,577415.0
1710261900000,70517.7,70854.5,70429.2,70532.2,226172.0
1710262800000,70532.1,70647.1,69549.4,69841.5,1117933.0
1710263700000,69838.8,69950.0,68580.0,69250.7,1320742.0
1710264600000,69250.7,70294.2,69222.0,70161.6,655395.0
1710265500000,70161.6,71199.1,70130.4,71143.2,643613.0
1710266400000,71143.0,71288.7,70661.8,70696.3,482170.0
1710267300000,70696.2,71187.8,70486.4,70856.9,297298.0
1710268200000,70857.0,71305.7,70856.9,71174.0,272050.0
1710269100000,71174.0,71538.0,71150.0,71430.2,257546.0
1710270000000,71430.6,71674.9,71222.0,71527.0,235464.0
1710270900000,71527.1,71619.1,71340.0,71397.3,171789.0
1710271800000,71397.3,71575.9,71375.4,71463.0,150258.0
1710272700000,71465.5,71538.1,71254.0,71349.3,161015.0
1710273600000,71349.3,71349.3,70952.5,71188.0,132337.0
1710274500000,71190.2,71233.0,70746.7,70922.5,128735.0
1710275400000,70922.6,71141.7,70624.1,71088.5,152008.0
1710276300000,71088.4,71125.0,70833.3,71044.6,67881.0
1710277200000,71046.2,71063.1,70612.0,70873.1,130228.0
1710278100000,70873.1,70889.0,70667.1,70827.5,41349.0
1710279000000,70827.5,71136.5,70743.9,71073.6,54990.0
1710279900000,71073.5,71073.5,70616.1,70848.1,55735.0
1710280800000,70848.1,71234.2,70690.5,71072.9,171444.0
1710281700000,71072.9,71231.4,70917.1,70954.7,41981.0
1710282600000,70954.7,71267.2,70861.3,71249.4,88411.0
1710283500000,71247.7,71283.0,71125.0,71164.2,45790.0
1710284400000,71164.2,71230.8,71038.2,71156.6,43535.0
1710285300000,71156.5,71480.0,71156.5,71469.9,78571.0
1710286200000,71469.9,71564.8,71386.2,71420.6,85270.0
1710287100000,71420.5,71524.1,71362.3,71464.4,52810.0
1710288000000,71464.5,71800.0,71383.6,71449.9,166697.0
1710288900000,71449.9,71500.0,71343.5,71403.6,63628.0
1710289800000,71405.1,71585.9,71366.0,71525.8,44871.0
1710290700000,71525.8,71705.4,71417.2,71433.9,81541.0
1710291600000,71433.9,71548.6,71400.0,71400.0,55559.0
1710292500000,71400.0,71950.3,71392.2,71825.4,141500.0
1710293400000,71825.3,72200.0,71803.2,71891.7,396372.0
1710294300000,71891.7,72079.5,71864.8,72036.3,79242.0
1710295200000,72036.2,72125.9,71909.4,72000.4,79946.0
1710296100000,72002.3,72088.9,71903.1,71911.8,63795.0
1710297000000,71911.8,72008.0,71911.7,71915.5,35482.0
1710297900000,71915.6,72047.9,71915.6,72004.7,71331.0
1710298800000,72004.7,72156.5,71922.1,72044.9,75747.0
1710299700000,72044.9,72255.0,72029.2,72081.7,98387.0
1710300600000,72081.8,72090.4,71950.0,72064.1,61730.0
1710301500000,72064.0,72213.1,72009.4,72095.9,58348.0
1710302400000,72096.0,72150.0,71957.0,72112.8,58852.0
1710303300000,72112.7,72221.9,72050.0,72088.7,45349.0
1710304200000,72088.7,72245.1,72067.3,72220.3,66402.0
1710305100000,72220.3,72249.9,72159.7,72249.9,46358.0
1710306000000,72249.8,72249.9,72120.0,72123.0,45366.0
1710306900000,72123.0,72224.0,72030.6,72149.9,58258.0
1710307800000,72150.0,72195.9,72104.3,72195.9,16837.0
1710308700000,72195.9,72236.8,72150.2,72191.0,38964.0
1710309600000,72191.0,72350.0,72146.0,72334.8,60119.0
1710310500000,72334.7,72555.0,72287.1,72447.0,191812.0
1710311400000,72447.0,72788.0,72443.8,72592.0,259493.0
1710312300000,72592.1,72754.1,72502.1,72754.0,122706.0
1710313200000,72754.0,73131.0,72664.0,73080.0,377464.0
1710314100000,73080.0,73333.0,72893.3,72966.0,419335.0
1710315000000,72966.0,73055.0,72814.4,72956.1,149309.0
1710315900000,72956.0,73090.3,72756.4,72910.2,159191.0
1710316800000,72910.3,73388.0,72880.1,73251.8,250058.0
1710317700000,73251.8,73672.0,73129.1,73516.0,351543.0
1710318600000,73516.0,73631.8,73311.0,73617.0,235019.0
1710319500000,73617.1,73666.0,73375.0,73468.2,153620.0
1710320400000,73468.2,73640.0,73430.0,73635.7,97428.0
1710321300000,73635.6,73635.7,73402.7,73483.0,89049.0
1710322200000,73487.6,73487.6,73300.4,73419.9,121599.0
1710323100000,73419.9,73470.0,73159.0,73349.0,136141.0
1710324000000,73349.2,73439.9,73167.9,73410.4,87302.0
1710324900000,73410.5,73444.2,73218.0,73294.6,55099.0
1710325800000,73294.6,73330.0,73169.0,73182.1,89233.0
1710326700000,73182.0,73366.4,73182.0,73289.9,76635.0
1710327600000,73289.8,73495.0,73277.0,73488.2,83144.0
1710328500000,73488.3,73488.3,73264.3,73264.4,59934.0
1710329400000,73264.4,73327.7,73176.0,73259.0,71786.0
1710330300000,73259.1,73323.7,73076.1,73098.9,93052.0
1710331200000,73099.0,73218.0,73099.0,73200.2,64663.0
1710332100000,73200.3,73223.7,72951.0,73019.9,111619.0
1710333000000,73020.0,73052.0,72456.3,72759.4,493365.0
1710333900000,72759.4,73082.2,72684.8,72822.0,304433.0
1710334800000,72822.0,73075.8,72560.8,72947.9,161209.0
1710335700000,72947.9,73019.4,72649.3,72736.2,112369.0
1710336600000,72736.4,72832.8,72301.4,72576.4,370962.0
1710337500000,72576.3,72626.2,71629.2,72195.4,687402.0
1710338400000,72195.4,72933.0,72019.4,72692.2,529345.0
1710339300000,72692.2,72829.9,72477.1,72578.1,199331.0
1710340200000,72575.9,72663.0,72200.0,72556.5,259113.0
1710341100000,72556.5,72595.2,72178.6,72355.5,139236.0
1710342000000,72353.6,72666.0,72268.2,72665.9,155480.0
1710342900000,72665.9,73109.9,72560.2,72647.1,365427.0
1710343800000,72647.2,72901.7,72609.4,72744.4,204214.0
1710344700000,72744.4,72744.4,72365.1,72613.3,176216.0
1710345600000,72613.3,72662.6,72350.0,72386.6,131139.0
1710346500000,72386.6,72765.5,72366.1,72724.3,95785.0
1710347400000,72724.3,72797.0,72560.6,72767.1,79557.0
1710348300000,72760.2,73064.3,72700.0,73012.6,172401.0
1710349200000,73012.6,73212.8,72850.1,72954.5,205106.0
1710350100000,72954.4,72984.6,72672.0,72806.3,120008.0
1710351000000,72806.2,72971.7,72700.8,72895.3,63091.0
1710351900000,72895.2,72997.3,72800.5,72831.8,38510.0
1710352800000,72831.8,72928.6,72774.0,72887.5,41863.0
1710353700000,72886.4,73010.4,72735.5,73006.6,49135.0
1710354600000,73006.7,73296.0,72965.1,73092.7,141283.0
1710355500000,73092.7,73230.0,73060.0,73156.5,68910.0
1710356400000,73156.5,73255.5,73040.1,73138.8,77850.0
1710357300000,73138.8,73192.9,72774.3,72790.6,94651.0
1710358200000,72790.6,72966.8,72790.5,72847.9,90069.0
1710359100000,72847.9,73378.7,72821.5,73365.1,111969.0
1710360000000,73365.1,73449.7,73066.3,73431.1,99421.0
1710360900000,73431.1,73433.3,73148.3,73160.0,115386.0
1710361800000,73160.0,73169.2,72900.0,73004.0,95086.0
1710362700000,73004.0,73262.2,72949.2,73100.9,46353.0
1710363600000,73100.8,73243.0,73060.7,73186.1,33096.0
1710364500000,73186.1,73186.1,72960.4,73039.0,29395.0
1710365400000,73039.1,73388.1,72945.9,73174.3,53561.0
1710366300000,73174.2,73328.6,73084.9,73260.9,39320.0
1710367200000,73263.3,73288.0,73085.7,73152.2,47066.0
1710368100000,73152.2,73236.6,72963.1,73059.9,59361.0
1710369000000,73060.0,73064.4,72839.0,72908.9,59590.0
1710369900000,72909.0,72987.9,72855.9,72952.1,37784.0
1710370800000,72952.1,73139.7,72900.6,73130.0,67242.0
1710371700000,73129.9,73146.8,72928.0,72979.2,47577.0
1710372600000,72979.2,73111.0,72933.2,73065.7,40005.0
1710373500000,73065.6,73155.0,73017.5,73092.7,25784.0
1710374400000,73092.7,73092.8,72946.6,73003.9,75140.0
1710375300000,73003.9,73198.7,72988.7,73133.2,38480.0
1710376200000,73132.6,73132.6,72867.9,72925.8,60841.0
1710377100000,72925.8,72992.2,72766.5,72855.0,56171.0
1710378000000,72853.4,72853.4,72620.0,72719.9,108283.0
1710378900000,72719.9,72816.6,72698.0,72755.4,53763.0
1710379800000,72755.4,72821.6,72510.0,72732.8,103401.0
1710380700000,72732.8,72966.0,72685.1,72938.8,80540.0
1710381600000,72938.8,72965.7,72816.8,72890.5,66553.0
1710382500000,72890.6,73158.3,72808.0,73134.0,118924.0
1710383400000,73133.9,73244.1,73071.7,73106.3,95915.0
1710384300000,73106.2,73106.3,72934.6,73032.4,40451.0
1710385200000,73032.3,73237.8,73012.9,73175.6,107652.0
1710386100000,73175.6,73333.0,73137.3,73268.0,96154.0
1710387000000,73268.0,73300.0,73180.0,73250.6,49558.0
1710387900000,73250.6,73311.6,73185.7,73284.9,42946.0
1710388800000,73284.9,73776.0,73242.0,73592.0,375617.0
1710389700000,73590.9,73600.0,73329.7,73342.6,176699.0
1710390600000,73342.6,73351.9,72799.8,72952.1,343807.0
1710391500000,72952.1,73063.4,72687.5,72972.0,189494.0
1710392400000,72972.0,73050.0,72734.4,72775.8,154373.0
1710393300000,72775.8,72998.8,72761.8,72942.2,67210.0
1710394200000,72942.1,73068.9,72934.8,73011.2,59558.0
1710395100000,73011.2,73176.8,73011.2,73149.1,66969.0
1710396000000,73149.2,73388.0,73121.1,73373.6,156429.0
1710396900000,73373.5,73577.9,73306.7,73577.9,133538.0
1710397800000,73577.8,73630.0,73234.0,73527.8,211562.0
1710398700000,73527.9,73600.0,73344.1,73595.0,117366.0
1710399600000,73595.0,73856.0,73403.8,73468.0,358808.0
1710400500000,73467.9,73500.0,73277.2,73310.1,131854.0
1710401400000,73310.0,73377.4,73178.2,73370.7,98550.0
1710402300000,73370.7,73400.0,73113.2,73247.7,94591.0
1710403200000,73247.7,73458.4,73234.1,73321.3,58022.0
1710404100000,73321.3,73544.8,73317.0,73532.6,64463.0
1710405000000,73532.5,73555.0,73355.0,73405.0,43970.0
1710405900000,73405.0,73494.5,73341.8,73348.5,39133.0
1710406800000,73348.5,73521.0,73320.7,73488.7,49454.0
1710407700000,73488.8,73514.0,73382.0,73454.4,38180.0
1710408600000,73454.3,73479.3,73171.6,73314.7,87603.0
1710409500000,73314.6,73407.4,73201.0,73350.2,40436.0
1710410400000,73350.3,73372.1,73100.9,73126.1,72760.0
1710411300000,73126.2,73255.9,72960.0,73255.9,128392.0
1710412200000,73255.9,73273.3,73100.0,73102.3,48240.0
1710413100000,73102.4,73106.8,72860.9,73000.4,145770.0
1710414000000,73000.4,73056.7,72720.0,72725.4,191776.0
1710414900000,72725.6,72933.3,72629.5,72885.9,189672.0
1710415800000,72886.0,72915.6,72666.6,72779.1,109734.0
1710416700000,72778.9,72898.7,72763.4,72891.5,52232.0
1710417600000,72891.6,73048.0,72807.2,72934.1,108678.0
1710418500000,72934.2,72942.8,72366.0,72762.5,305644.0
1710419400000,72762.4,72775.0,72528.6,72688.1,193609.0
1710420300000,72688.1,72871.3,72609.6,72833.9,97332.0
1710421200000,72834.0,72915.6,72489.3,72545.9,147915.0
1710422100000,72545.9,72687.2,72310.2,72532.3,179873.0
1710423000000,72532.3,72633.0,71737.2,72114.0,702419.0
1710423900000,72113.9,72236.1,71410.0,71853.5,814768.0
1710424800000,71853.5,72161.6,71667.5,71975.1,345950.0
1710425700000,71975.1,72572.5,71955.0,72188.1,482746.0
1710426600000,72188.1,72251.1,71669.8,71812.0,282693.0
1710427500000,71811.9,71889.2,71191.3,71700.0,602381.0
1710428400000,71699.9,72090.0,71575.2,71933.4,297892.0
1710429300000,71933.4,71981.0,70756.7,70852.1,696914.0
1710430200000,70852.1,71203.4,70567.1,71083.9,731257.0
1710431100000,71083.9,71311.1,70791.7,70857.3,330835.0
1710432000000,70857.4,71155.2,70250.0,70525.7,640689.0
1710432900000,70525.6,70727.0,70200.0,70328.9,507053.0
1710433800000,70329.0,70960.0,69826.6,70778.5,787660.0
1710434700000,70778.5,71483.0,70778.5,71364.0,464040.0
1710435600000,71363.9,71479.7,71044.0,71257.6,182228.0
1710436500000,71256.1,71294.7,70712.0,70808.9,205589.0
1710437400000,70808.9,71210.5,70725.0,70915.9,241888.0
1710438300000,70915.9,71166.9,70722.3,71045.7,123753.0
1710439200000,71045.8,71049.0,70536.1,70646.4,177168.0
1710440100000,70646.7,70773.9,70301.0,70628.8,229212.0
1710441000000,70628.8,70683.7,70332.2,70480.3,140582.0
1710441900000,70483.1,70509.0,69300.0,70104.3,1172806.0
1710442800000,70102.4,70465.2,69707.5,70031.5,545763.0
1710443700000,70031.5,70220.8,69403.2,69609.4,538236.0
1710444600000,69609.9,69640.0,68564.2,69007.7,1129801.0
1710445500000,69007.6,69880.0,68941.4,69432.0,661783.0
1710446400000,69428.1,70238.0,69324.1,70136.8,536384.0
1710447300000,70136.9,70741.0,70071.0,70540.7,348930.0
1710448200000,70540.8,71243.4,70501.9,70860.5,402568.0
1710449100000,70860.8,71178.7,70636.2,70737.6,294793.0
1710450000000,70742.6,71025.0,70277.3,71012.0,248280.0
1710450900000,71011.9,71099.3,70750.0,70759.5,132930.0
1710451800000,70762.7,71013.2,70654.5,70996.0,64955.0
1710452700000,70996.0,71138.5,70869.2,71105.7,43178.0
1710453600000,71105.7,71445.6,71084.8,71216.7,189376.0
1710454500000,71216.1,71668.8,71216.1,71531.3,155813.0
1710455400000,71531.3,71580.3,71203.6,71378.9,176030.0
1710456300000,71379.0,71624.9,71354.6,71523.6,63062.0
1710457200000,71523.6,71719.7,71389.7,71703.4,104096.0
1710458100000,71703.3,71710.7,71485.1,71515.0,72629.0
1710459000000,71515.0,71711.9,71490.0,71625.1,50467.0
1710459900000,71625.0,71625.1,71390.0,71404.5,88471.0
1710460800000,71404.6,71560.0,71385.0,71388.1,68285.0
1710461700000,71388.0,72122.0,71264.5,72088.4,304539.0
1710462600000,72088.3,72442.3,71908.0,71930.9,400128.0
1710463500000,71930.9,72022.3,71816.4,71938.0,142425.0
1710464400000,71938.0,72068.7,71823.7,72041.5,79676.0
1710465300000,72041.6,72096.1,71883.0,71937.0,58944.0
1710466200000,71937.0,72040.0,71875.0,71937.7,50399.0
1710467100000,71937.7,71937.7,71636.4,71671.1,126150.0
1710468000000,71671.2,71800.0,71478.4,71540.6,115603.0
1710468900000,71540.6,71566.7,70701.4,70722.1,428729.0
1710469800000,70722.1,70782.5,69355.0,69716.0,958000.0
1710470700000,69718.0,69735.8,67821.4,69059.8,1688452.0
1710471600000,69059.8,69479.2,68691.4,69152.4,580225.0
1710472500000,69152.3,69387.7,66700.0,67456.5,1627757.0
1710473400000,67458.7,68585.3,67379.1,68292.0,849398.0
1710474300000,68292.1,68928.0,67928.8,68238.7,559920.0
1710475200000,68238.6,68548.7,67269.1,68524.1,626452.0
1710476100000,68524.0,68524.0,67981.6,68219.2,257995.0
1710477000000,68216.0,68300.6,66920.0,67016.2,616817.0
1710477900000,67019.9,67687.3,67006.4,67468.7,446092.0
1710478800000,67466.1,68290.9,67400.0,68079.5,460979.0
1710479700000,68080.0,68200.0,67695.5,67795.1,194131.0
1710480600000,67795.2,68099.9,67170.1,67377.4,303560.0
1710481500000,67377.4,67697.4,67167.0,67478.3,228842.0
1710482400000,67478.3,67921.0,67456.1,67788.0,178585.0
1710483300000,67781.8,68545.0,67707.0,68382.1,291164.0
1710484200000,68382.1,68691.7,68214.7,68610.8,341438.0
1710485100000,68610.8,68689.2,68333.2,68665.4,156281.0
1710486000000,68665.3,68746.1,68300.0,68412.6,140547.0
1710486900000,68412.5,68539.6,68138.1,68270.4,156665.0
1710487800000,68270.4,68717.4,68209.7,68706.5,177206.0
1710488700000,68706.5,68879.9,68438.6,68438.6,215583.0
1710489600000,68438.7,68620.3,68311.6,68380.0,162207.0
1710490500000,68380.0,68380.1,67639.8,67710.9,470050.0
1710491400000,67706.1,68020.0,67440.5,67563.8,351144.0
1710492300000,67563.8,67591.0,67028.8,67095.9,636923.0
1710493200000,67095.5,67379.5,65588.7,66149.6,1712698.0
1710494100000,66145.2,67473.2,66000.2,67032.0,913735.0
1710495000000,67032.1,67800.0,66534.6,67542.9,613857.0
1710495900000,67543.0,68129.4,67467.2,67805.4,373255.0
1710496800000,67807.0,68120.6,67302.7,67466.0,371815.0
1710497700000,67466.0,67969.0,67417.7,67714.2,195016.0
1710498600000,67714.1,67900.0,67350.7,67580.3,192767.0
1710499500000,67580.4,67755.0,67231.1,67256.3,154965.0
1710500400000,67256.4,67557.8,66730.0,67256.4,395353.0
1710501300000,67253.1,67412.8,66824.0,66862.8,278594.0
1710502200000,66859.5,67630.0,66845.0,67486.0,288085.0
1710503100000,67486.0,67914.7,67445.4,67767.8,230775.0
1710504000000,67767.8,67914.8,67511.0,67615.1,172161.0
1710504900000,67617.1,67976.9,67515.1,67816.0,176894.0
1710505800000,67815.9,68081.9,67580.4,67635.2,227395.0
1710506700000,67635.3,67945.6,67578.1,67915.5,107518.0
1710507600000,67915.4,68390.0,67797.4,67950.6,366270.0
1710508500000,67950.5,67950.5,67631.9,67813.9,137945.0
1710509400000,67815.9,68326.5,67392.1,68057.0,423860.0
1710510300000,68052.1,68678.1,67965.0,68461.9,412253.0
1710511200000,68461.9,68590.1,67878.0,67982.5,310476.0
1710512100000,67983.1,68383.1,67902.6,68069.2,170758.0
1710513000000,68068.8,68224.0,67856.8,68110.1,108760.0
1710513900000,68110.1,68633.0,68041.9,68624.1,167455.0
1710514800000,68624.1,68750.0,68305.3,68586.7,215808.0
1710515700000,68584.9,68619.1,68282.0,68434.2,116717.0
1710516600000,68434.1,68434.2,68186.9,68402.0,130905.0
1710517500000,68402.1,68419.5,68112.7,68166.3,97235.0
1710518400000,68166.2,68285.4,67525.5,67681.5,357806.0
1710519300000,67681.5,68103.3,67620.0,68019.2,273506.0
1710520200000,68019.2,68425.7,67843.3,68384.3,206814.0
1710521100000,68384.3,68456.7,67912.8,67930.0,160614.0
1710522000000,67930.0,68038.3,67632.0,68020.0,150696.0
1710522900000,68020.0,68255.0,67856.0,68206.2,107835.0
1710523800000,68205.5,68369.1,68085.0,68175.8,80060.0
1710524700000,68175.9,68335.6,68061.9,68238.8,65854.0
1710525600000,68238.8,68482.3,68228.7,68392.1,113301.0
1710526500000,68395.1,68472.0,68344.4,68391.9,43961.0
1710527400000,68391.9,69348.1,68380.2,69289.9,342841.0
1710528300000,69289.9,70513.3,69205.9,70247.4,818707.0
1710529200000,70245.3,70716.0,70083.3,70282.1,431320.0
1710530100000,70282.1,70440.0,69604.6,70028.6,370001.0
1710531000000,70028.6,70087.6,69400.3,69597.5,226296.0
1710531900000,69595.2,69595.2,68550.6,68985.1,592810.0
1710532800000,68985.1,69014.4,67569.3,67919.1,491873.0
1710533700000,67919.1,68506.5,67853.8,68404.5,211271.0
1710534600000,68404.5,68422.5,67641.1,67682.2,256437.0
1710535500000,67682.2,68026.9,67366.0,67887.9,273625.0
1710536400000,67887.9,68300.0,67840.6,68199.9,113951.0
1710537300000,68200.0,68335.1,68016.5,68016.5,57359.0
1710538200000,68016.5,68278.1,67908.8,68159.1,48480.0
1710539100000,68159.1,68347.6,67957.5,68347.6,36999.0
1710540000000,68347.5,68429.0,68226.7,68403.3,64372.0
1710540900000,68403.4,68562.0,68337.7,68402.1,68112.0
1710541800000,68403.8,68968.3,68323.9,68933.5,120096.0
1710542700000,68933.4,69211.5,68765.1,69113.7,111830.0
1710543600000,69113.8,69122.7,68803.5,68979.8,86565.0
1710544500000,68982.6,69443.8,68888.0,69417.7,135361.0
1710545400000,69417.7,69761.5,69337.1,69703.7,178767.0
1710546300000,69703.6,69710.4,69366.1,69517.0,105123.0
1710547200000,69517.8,69973.6,69430.8,69806.6,187778.0
1710548100000,69806.6,70080.0,69769.7,69946.9,172119.0
1710549000000,69948.0,70008.0,69712.1,69757.4,116649.0
1710549900000,69757.3,69928.5,69532.2,69669.7,129551.0
1710550800000,69669.7,69908.7,69574.7,69663.0,128218.0
1710551700000,69663.0,69866.6,69358.7,69388.7,154971.0
1710552600000,69388.8,69480.0,69068.0,69406.4,150162.0
1710553500000,69406.5,69469.1,69166.7,69311.1,113348.0
1710554400000,69315.8,69350.0,69123.0,69123.0,71649.0
1710555300000,69123.0,69314.2,69032.7,69080.4,60960.0
1710556200000,69080.5,69263.9,68921.5,69239.9,133558.0
1710557100000,69239.9,69260.0,69084.1,69084.6,53608.0
1710558000000,69084.6,69389.8,69000.0,69332.1,133263.0
1710558900000,69332.1,69476.1,69166.8,69214.9,79240.0
1710559800000,69215.0,69308.3,69136.5,69289.2,31339.0
1710560700000,69289.1,69347.7,69212.2,69216.9,34498.0
1710561600000,69216.9,69222.4,69012.2,69116.9,69040.0
1710562500000,69116.8,69330.0,69105.5,69198.8,49839.0
1710563400000,69198.8,69282.5,68832.0,68961.1,120113.0
1710564300000,68961.1,69137.0,68851.2,69028.0,76489.0
1710565200000,69027.9,69080.0,68747.9,68798.1,95327.0
1710566100000,68798.2,68933.0,68615.1,68823.1,113446.0
1710567000000,68823.9,69107.1,68816.8,69051.0,101866.0
1710567900000,69051.1,69135.1,68955.0,69007.4,41070.0
1710568800000,69007.3,69145.3,68962.9,69085.3,50573.0
1710569700000,69085.2,69200.0,69050.0,69050.0,54110.0
1710570600000,69050.0,69125.0,68958.2,69102.2,42532.0
1710571500000,69102.2,69266.0,69089.0,69220.6,91523.0
1710572400000,69220.7,69376.4,69180.0,69307.6,101113.0
1710573300000,69307.6,69414.8,69179.0,69330.0,95127.0
1710574200000,69330.0,69499.6,69270.5,69460.5,85493.0
1710575100000,69460.5,69487.3,69340.2,69456.5,46651.0
1710576000000,69458.5,69466.3,69280.0,69378.8,45675.0
1710576900000,69374.2,69389.3,69207.9,69232.8,94263.0
1710577800000,69232.7,69354.0,69182.5,69317.0,40824.0
1710578700000,69317.0,69317.0,68971.3,69054.5,119275.0
1710579600000,69054.4,69140.2,68967.9,69060.0,60989.0
1710580500000,69060.0,69160.0,69011.4,69138.4,53644.0
1710581400000,69138.3,69192.7,69032.0,69042.0,45664.0
1710582300000,69041.9,69090.7,68879.9,68978.3,81496.0
1710583200000,68978.2,69034.7,68700.0,68759.9,136458.0
1710584100000,68760.0,68870.0,68234.1,68627.8,308802.0
1710585000000,68627.8,68712.3,68476.7,68569.1,106890.0
1710585900000,68569.1,68692.9,68429.0,68453.6,75306.0
1710586800000,68453.6,68596.0,68269.6,68383.4,115792.0
1710587700000,68383.9,68503.6,67872.8,67940.1,375812.0
1710588600000,67940.0,68441.1,67735.0,68345.0,352848.0
1710589500000,68345.0,68496.5,68266.1,68284.0,105755.0
1710590400000,68284.1,68333.7,67983.0,68236.1,182237.0
1710591300000,68236.1,68498.3,68021.7,68320.0,158419.0
1710592200000,68320.1,68460.6,67978.8,68137.9,139106.0
1710593100000,68137.8,68185.8,67889.3,67904.0,134314.0
1710594000000,67904.1,68197.0,67813.8,68024.5,145689.0
1710594900000,68024.5,68277.0,67968.0,68115.9,106263.0
1710595800000,68116.7,68287.0,67916.3,67928.8,90342.0
1710596700000,67928.7,68090.0,67653.7,67711.6,187685.0
1710597600000,67711.6,68143.1,67461.8,67985.5,364918.0
1710598500000,67985.5,68090.0,67803.7,67898.0,105604.0
1710599400000,67898.0,68063.2,67740.0,68020.1,91979.0
1710600300000,68020.0,68253.0,67901.6,68200.1,112550.0
1710601200000,68200.1,68232.0,67852.0,68040.0,80047.0
1710602100000,68040.0,68186.7,67981.9,68067.4,68873.0
1710603000000,68067.4,68279.3,68025.2,68227.5,94075.0
1710603900000,68225.9,68516.2,68225.8,68383.9,169388.0
1710604800000,68383.9,68400.0,68257.7,68274.3,63589.0
1710605700000,68274.3,68432.5,68138.0,68288.2,93852.0
1710606600000,68294.5,68388.0,68183.0,68334.8,66278.0
1710607500000,68334.8,68346.0,68123.0,68203.6,55170.0
1710608400000,68203.6,68270.6,68097.0,68140.2,76393.0
1710609300000,68140.1,68170.7,67822.8,67828.0,115260.0
1710610200000,67827.9,68163.7,67556.7,67621.2,189399.0
1710611100000,67621.3,67745.0,67047.3,67281.8,462454.0
1710612000000,67280.0,67394.1,66666.0,67074.2,605267.0
1710612900000,67075.0,67356.8,66755.4,67016.8,385214.0
1710613800000,67016.9,67199.7,66767.3,66955.7,216307.0
1710614700000,66953.2,67125.0,66690.6,67046.4,250138.0
1710615600000,67044.6,67757.4,67020.7,67529.1,382925.0
1710616500000,67529.0,67618.8,67270.0,67561.6,119442.0
1710617400000,67561.6,67685.0,67277.7,67412.3,108207.0
1710618300000,67412.3,67444.3,66900.1,66925.1,276137.0
1710619200000,66924.1,67200.0,66763.0,67032.7,142032.0
1710620100000,67032.8,67241.5,66746.2,67094.0,175956.0
1710621000000,67094.1,67524.5,67090.4,67444.1,172117.0
1710621900000,67444.0,67565.5,67136.5,67145.2,91350.0
1710622800000,67145.2,67274.9,66677.0,67007.6,129274.0
1710623700000,67007.7,67007.7,66110.1,66325.8,433036.0
1710624600000,66325.7,66744.7,66033.0,66411.5,253625.0
1710625500000,66411.6,66555.0,66236.0,66272.7,68019.0
1710626400000,66272.7,66272.7,65810.0,66197.5,286545.0
1710627300000,66197.5,66537.6,66024.1,66516.2,117374.0
1710628200000,66516.1,66792.9,66485.6,66613.7,112694.0
1710629100000,66613.8,66654.8,66250.3,66366.7,148536.0
1710630000000,66363.1,66384.3,65189.3,65333.4,448185.0
1710630900000,65333.3,65953.4,64717.0,65366.2,866278.0
1710631800000,65366.2,65769.0,65241.3,65608.0,233305.0
1710632700000,65607.9,65647.6,65200.0,65324.5,228748.0
1710633600000,65324.5,66120.3,65299.5,65846.0,303745.0
1710634500000,65846.0,66320.0,65846.0,66071.4,186354.0
1710635400000,66071.3,66099.9,65600.0,65729.9,165332.0
1710636300000,65729.9,65917.5,65138.0,65244.7,242095.0
1710637200000,65244.6,65830.4,65244.6,65699.9,233809.0
1710638100000,65700.0,65884.2,65562.0,65774.9,90928.0
1710639000000,65774.9,66099.2,65774.9,66082.9,119650.0
1710639900000,66082.8,66230.7,65802.8,66198.8,250293.0
1710640800000,66198.8,66310.8,66068.5,66161.7,130570.0
1710641700000,66161.7,66499.6,66099.6,66444.3,113817.0
1710642600000,66444.4,66461.1,66245.1,66337.8,102182.0
1710643500000,66337.8,66600.0,66286.2,66377.5,139074.0
1710644400000,66377.5,66411.1,66240.0,66367.6,82234.0
1710645300000,66367.9,66428.0,66214.0,66303.9,55650.0
1710646200000,66303.9,66564.1,66297.3,66366.6,79817.0
1710647100000,66366.7,66622.0,66316.0,66566.0,99757.0
1710648000000,66565.9,66582.0,66388.0,66415.0,62303.0
1710648900000,66415.0,66541.4,66380.2,66420.0,37453.0
1710649800000,66420.0,66505.6,66237.6,66321.6,88042.0
1710650700000,66321.6,66435.0,66282.9,66370.1,52285.0
1710651600000,66370.1,66555.0,66300.0,66465.1,53204.0
1710652500000,66465.9,66528.0,66416.4,66461.0,33334.0
1710653400000,66461.0,66461.0,66001.6,66176.0,174298.0
1710654300000,66176.0,66269.9,66077.8,66264.7,68875.0
1710655200000,66264.7,66388.0,65856.0,65935.0,242628.0
1710656100000,65935.0,66162.3,65907.5,66004.4,114719.0
1710657000000,66004.3,66050.0,65375.2,65696.7,358558.0
1710657900000,65696.7,65719.6,64956.2,64976.9,398977.0
1710658800000,64976.8,65478.0,64880.0,65185.0,499961.0
1710659700000,65185.0,65384.0,64555.0,65311.2,613688.0
1710660600000,65311.2,65545.3,65055.3,65356.7,287100.0
1710661500000,65356.7,65822.2,65331.9,65637.4,275417.0
1710662400000,65637.4,65807.6,65424.2,65456.9,144344.0
1710663300000,65456.9,65839.0,65303.9,65809.1,153739.0
1710664200000,65809.0,66354.9,65728.1,66329.6,322180.0
1710665100000,66329.6,66758.0,66078.6,66550.0,392724.0
1710666000000,66550.0,66800.0,66404.4,66687.9,224681.0
1710666900000,66687.9,66858.5,66533.3,66630.2,191713.0
1710667800000,66634.1,66672.0,66341.5,66351.8,147469.0
1710668700000,66351.8,66640.9,66268.1,66481.9,115470.0
1710669600000,66481.8,66830.0,66434.9,66669.9,118799.0
1710670500000,66670.0,67208.0,66670.0,67062.6,271364.0
1710671400000,67062.7,67414.0,66874.5,66883.9,233299.0
1710672300000,66883.9,67193.0,66809.0,67174.5,135875.0
1710673200000,67174.5,67550.0,67050.7,67435.9,182238.0
1710674100000,67435.9,67469.6,66967.9,67066.0,222936.0
1710675000000,67065.9,67225.4,66949.4,67087.7,127909.0
1710675900000,67087.7,67095.8,66888.0,66967.7,110907.0
1710676800000,66967.7,67418.0,66962.6,67180.3,216995.0
1710677700000,67180.4,67256.0,66823.7,66874.9,152085.0
1710678600000,66874.8,66944.4,66681.5,66782.0,134602.0
1710679500000,66782.1,66789.7,66445.0,66582.2,252740.0
1710680400000,66582.3,67267.0,66582.2,67077.5,322593.0
1710681300000,67077.6,67490.8,66863.2,66980.0,345808.0
1710682200000,66978.3,67174.6,66950.0,66994.0,63546.0
1710683100000,66993.9,67299.6,66957.0,67147.5,95457.0
1710684000000,67147.5,67240.0,66880.1,67099.9,115513.0
1710684900000,67100.0,67364.9,67070.7,67305.5,119794.0
1710685800000,67305.6,67422.0,67148.8,67399.5,199968.0
1710686700000,67399.4,67649.9,67221.6,67621.8,167544.0
1710687600000,67621.6,67635.8,67316.1,67379.9,110847.0
1710688500000,67379.9,67439.1,67256.0,67416.9,58780.0
1710689400000,67416.8,67855.0,67400.0,67756.7,185666.0
1710690300000,67756.6,68154.9,67756.6,67978.0,284842.0
1710691200000,67978.1,68149.3,67803.1,67875.4,149509.0
1710692100000,67875.5,68162.2,67765.3,68160.0,110533.0
1710693000000,68159.9,68400.0,68070.2,68149.9,180373.0
1710693900000,68150.0,68150.0,67900.0,68034.0,135640.0
1710694800000,68036.5,68157.3,67950.1,68041.3,62447.0
1710695700000,68042.2,68388.5,67928.6,68371.8,74966.0
1710696600000,68371.7,68371.8,68100.0,68246.3,79245.0
1710697500000,68246.3,68720.0,68190.0,68556.1,173145.0
1710698400000,68556.1,68632.9,68300.2,68400.2,94376.0
1710699300000,68400.2,68406.9,68209.3,68298.8,80166.0
1710700200000,68298.7,68318.4,68130.7,68270.2,45862.0
1710701100000,68270.3,68284.2,68080.2,68184.4,38005.0
1710702000000,68184.5,68248.0,68100.0,68232.1,33303.0
1710702900000,68232.1,68296.9,68170.0,68198.3,22396.0
1710703800000,68198.3,68391.6,68186.7,68358.0,28369.0
1710704700000,68363.2,68580.0,68360.8,68533.3,54168.0
1710705600000,68533.4,68670.0,68440.1,68637.4,46619.0
1710706500000,68637.5,68675.7,68439.2,68462.1,47605.0
1710707400000,68462.0,68494.5,68327.8,68454.0,43132.0
1710708300000,68454.0,68475.9,68196.9,68269.1,43555.0
1710709200000,68269.1,68368.4,68212.5,68296.2,40993.0
1710710100000,68296.2,68327.4,68172.0,68247.0,29948.0
1710711000000,68246.9,68271.0,68108.0,68176.6,29635.0
1710711900000,68176.6,68235.9,67952.0,68162.8,53402.0
1710712800000,68162.8,68531.5,68162.8,68500.2,83844.0
1710713700000,68500.2,68598.7,68364.4,68478.7,51127.0
1710714600000,68478.7,68931.5,68444.6,68792.6,172818.0
1710715500000,68790.1,68810.1,68181.8,68244.5,150520.0
1710716400000,68241.6,68353.8,68142.1,68260.9,81437.0
1710717300000,68260.9,68418.8,68089.1,68217.9,68137.0
1710718200000,68221.1,68368.0,68152.2,68281.3,36804.0
1710719100000,68281.4,68686.6,68265.6,68408.4,150673.0
1710720000000,68408.4,68436.2,67844.7,67876.7,249340.0
1710720900000,67876.6,68195.5,67645.4,67964.0,267706.0
1710721800000,67963.9,68004.9,67300.0,67496.1,365262.0
1710722700000,67496.0,67520.0,67312.1,67326.2,172515.0
1710723600000,67326.1,67521.4,66800.0,67481.8,495888.0
1710724500000,67478.8,67686.7,67250.2,67321.6,214694.0
1710725400000,67321.6,67530.6,67275.0,67460.2,109561.0
1710726300000,67462.2,67782.6,67453.6,67640.1,119465.0
1710727200000,67640.2,67777.0,67568.4,67771.1,72922.0
1710728100000,67771.0,67771.1,67410.0,67462.7,99505.0
1710729000000,67462.8,67677.0,67412.6,67669.9,86405.0
1710729900000,67669.9,68240.0,67595.4,67786.0,285790.0
1710730800000,67786.1,68067.6,67760.6,68014.9,105181.0
1710731700000,68015.0,68157.3,67940.0,67954.8,79340.0
1710732600000,67954.8,68123.0,67896.6,67987.4,89977.0
1710733500000,67987.4,68173.5,67920.0,67992.0,73923.0
1710734400000,67991.9,68000.0,67728.2,67748.4,129656.0
1710735300000,67748.3,68086.5,67718.1,68028.7,117187.0
1710736200000,68028.7,68473.8,68002.6,68406.1,213104.0
1710737100000,68406.1,68590.7,68345.0,68395.4,127329.0
1710738000000,68395.9,68550.0,68231.2,68451.3,138092.0
1710738900000,68451.2,68876.5,68292.0,68818.2,274676.0
1710739800000,68818.1,69006.9,68688.3,68714.5,230804.0
1710740700000,68714.6,68834.3,68624.2,68717.4,92034.0
1710741600000,68717.5,68743.9,68451.0,68622.0,170284.0
1710742500000,68622.0,68622.0,68472.1,68504.7,53552.0
1710743400000,68504.8,68676.0,68412.2,68658.3,94480.0
1710744300000,68656.0,68733.3,68472.0,68505.6,74679.0
1710745200000,68505.6,68505.7,68300.0,68479.6,98296.0
1710746100000,68479.6,68504.0,68150.0,68244.2,165100.0
1710747000000,68244.2,68371.8,68151.2,68180.5,103884.0
1710747900000,68180.5,68340.0,68127.7,68227.6,81936.0
1710748800000,68227.6,68252.4,67975.4,67980.2,118641.0
1710749700000,67980.3,68075.5,67307.3,67532.1,575414.0
1710750600000,67532.1,67906.0,67415.3,67800.1,347864.0
1710751500000,67800.0,68140.0,67785.7,68052.0,195565.0
1710752400000,68052.0,68086.6,67666.7,67824.0,161691.0
1710753300000,67825.8,68250.4,67784.2,68179.9,226169.0
1710754200000,68179.9,68246.2,67931.5,68056.7,146908.0
1710755100000,68056.6,68189.0,67797.6,67874.9,124897.0
1710756000000,67874.8,68033.1,67720.0,67773.9,125919.0
1710756900000,67774.0,67948.2,67750.0,67865.8,57323.0
1710757800000,67865.8,68125.4,67865.8,68036.7,107528.0
1710758700000,68036.8,68222.0,67967.9,68150.2,75045.0
1710759600000,68150.2,68240.0,68032.3,68168.1,51821.0
1710760500000,68168.1,68460.0,68157.5,68415.9,111224.0
1710761400000,68414.3,68499.9,68308.0,68377.2,99761.0
1710762300000,68377.2,68425.6,68193.3,68268.5,68300.0
1710763200000,68268.5,68518.9,68172.3,68205.8,181328.0
1710764100000,68205.9,68402.5,68016.0,68398.0,217319.0
1710765000000,68397.9,68507.9,68288.5,68336.6,130728.0
1710765900000,68338.7,68606.3,68299.5,68567.4,157123.0
1710766800000,68567.4,68647.4,68258.0,68329.2,210998.0
1710767700000,68329.1,68395.2,67806.5,68001.7,325348.0
1710768600000,68001.6,68599.9,67541.4,67640.0,527612.0
1710769500000,67637.8,67720.0,67181.5,67568.8,750707.0
1710770400000,67567.8,67765.4,67229.4,67749.8,332061.0
1710771300000,67749.9,67826.8,67353.3,67388.0,267435.0
1710772200000,67388.1,67419.1,66840.2,66930.0,583838.0
1710773100000,66929.9,67117.5,66662.5,67002.3,429595.0
1710774000000,67002.3,67140.0,66676.7,66752.2,325580.0
1710774900000,66752.3,67068.9,66621.9,67024.3,228314.0
1710775800000,67024.3,67417.7,66937.0,67346.8,275971.0
1710776700000,67346.8,67498.8,67166.2,67461.9,147193.0
1710777600000,67462.0,67620.0,67312.5,67613.3,191388.0
1710778500000,67619.8,68098.7,67619.8,67813.7,377177.0
1710779400000,67813.6,67929.1,67606.3,67696.6,200327.0
1710780300000,67696.6,67723.7,66969.1,67126.4,399482.0
1710781200000,67126.4,67168.0,66544.6,67067.0,485062.0
1710782100000,67067.1,67288.0,66793.4,67076.0,306903.0
1710783000000,67078.1,67336.9,66924.3,67234.0,204882.0
1710783900000,67233.9,67497.0,67146.6,67395.8,184724.0
1710784800000,67395.9,67471.2,67196.0,67375.3,113283.0
1710785700000,67377.1,67386.6,67077.0,67199.7,101537.0
1710786600000,67199.7,67308.2,66980.0,67003.3,109429.0
1710787500000,67003.3,67280.0,66955.0,67015.1,72464.0
1710788400000,67015.0,67188.0,66862.5,67121.1,121203.0
1710789300000,67121.0,67408.8,67083.8,67335.5,117309.0
1710790200000,67335.6,67430.0,67125.8,67153.1,87036.0
1710791100000,67153.1,67269.8,66900.5,66934.2,108170.0
1710792000000,66934.2,67250.0,66934.2,67133.6,78205.0
1710792900000,67133.5,67270.3,67059.3,67210.5,61247.0
1710793800000,67210.5,67324.7,67170.5,67219.8,28708.0
1710794700000,67219.9,67375.0,67192.0,67352.9,90874.0
1710795600000,67352.9,67628.0,67330.1,67523.9,124323.0
1710796500000,67523.8,67726.9,67484.1,67640.1,64102.0
1710797400000,67640.0,67887.9,67515.8,67540.3,119876.0
1710798300000,67540.2,67661.4,67471.2,67611.4,41541.0
1710799200000,67611.4,67621.7,67500.0,67551.2,81901.0
1710800100000,67551.2,67615.6,67285.0,67403.6,168539.0
1710801000000,67403.5,67537.5,67340.8,67412.8,57657.0
1710801900000,67412.7,67719.0,67400.0,67692.1,68308.0
1710802800000,67692.1,67888.0,67598.2,67815.9,115650.0
1710803700000,67815.8,68008.0,67796.8,67874.4,157011.0
1710804600000,67874.5,67918.0,67740.0,67842.6,62452.0
1710805500000,67842.6,67865.6,67543.2,67627.9,99932.0
1710806400000,67627.8,67935.4,67538.0,67900.6,132406.0
1710807300000,67900.7,68144.5,67610.4,67849.0,307023.0
1710808200000,67849.0,67923.6,67374.1,67454.2,249841.0
1710809100000,67454.2,67502.5,66862.2,67109.0,420196.0
1710810000000,67111.5,67203.7,66655.0,66823.2,460236.0
1710810900000,66823.1,66995.4,66111.0,66382.9,678718.0
1710811800000,66376.5,66499.3,65777.0,66096.1,753734.0
1710812700000,66099.1,66238.1,65814.0,65853.2,265764.0
1710813600000,65853.2,66122.9,65563.0,66070.0,426209.0
1710814500000,66070.1,66348.2,66054.1,66165.8,337781.0
1710815400000,66165.8,66388.0,66116.1,66198.0,173437.0
1710816300000,66198.0,66198.0,65479.5,65878.8,472228.0
1710817200000,65877.5,65999.9,65650.0,65668.5,192475.0
1710818100000,65668.6,65860.9,65485.9,65573.1,214561.0
1710819000000,65569.1,65717.5,64825.3,65249.6,722601.0
1710819900000,65249.5,66043.5,65243.3,65884.0,514201.0
1710820800000,65884.0,65992.7,65530.0,65575.0,232483.0
1710821700000,65574.9,65701.5,65029.6,65616.7,421570.0
1710822600000,65616.8,65736.0,65259.7,65427.5,160541.0
1710823500000,65418.2,65583.2,65170.0,65364.8,177726.0
1710824400000,65364.8,65645.0,65090.9,65097.5,140371.0
1710825300000,65097.6,65265.9,64760.0,64780.0,249313.0
1710826200000,64780.1,65208.0,64666.1,64857.9,343809.0
1710827100000,64858.0,65231.9,64624.8,65221.5,283094.0
1710828000000,65221.5,65465.2,65040.8,65423.6,235940.0
1710828900000,65423.7,65456.0,65001.5,65010.7,191469.0
1710829800000,65010.7,65083.8,64602.0,64785.6,279776.0
1710830700000,64785.7,64994.3,64632.2,64948.4,171601.0
1710831600000,64951.7,64951.7,63925.5,64002.6,937771.0
1710832500000,64002.6,64571.1,63554.9,64499.9,886729.0
1710833400000,64499.9,64530.0,64163.0,64198.3,276277.0
1710834300000,64198.2,64757.0,64180.1,64719.9,220378.0
1710835200000,64719.9,64729.3,64360.0,64415.8,153321.0
1710836100000,64415.7,64432.0,63657.0,63744.9,438361.0
1710837000000,63748.1,64200.0,63505.0,63659.4,485424.0
1710837900000,63659.4,63784.2,63135.0,63498.8,710615.0
1710838800000,63498.8,63888.0,63020.9,63835.6,730655.0
1710839700000,63835.6,64091.3,63432.7,63625.5,603364.0
1710840600000,63625.4,63908.9,63446.0,63566.3,213911.0
1710841500000,63564.8,64234.9,63520.0,64155.9,351726.0
1710842400000,64156.0,64169.1,63617.7,63674.8,227364.0
1710843300000,63674.8,63718.9,63012.9,63095.2,447189.0
1710844200000,63095.2,63380.2,63036.0,63181.5,200325.0
1710845100000,63181.8,63495.1,62741.7,63278.5,611604.0
1710846000000,63278.5,63350.6,62666.6,62730.2,332949.0
1710846900000,62732.7,62921.1,62555.0,62585.6,328088.0
1710847800000,62585.6,63126.8,62571.7,63040.2,364769.0
1710848700000,63040.2,63426.1,62951.3,63102.1,314487.0
1710849600000,63102.2,63664.8,63017.4,63332.8,570613.0
1710850500000,63332.8,63380.0,63048.0,63176.4,252458.0
1710851400000,63176.5,63829.5,63124.5,63780.1,397735.0
1710852300000,63780.0,63809.9,63466.7,63625.1,248537.0
1710853200000,63625.2,63724.0,63314.1,63350.0,197116.0
1710854100000,63349.9,63860.0,63241.2,63806.0,269087.0
1710855000000,63806.0,63842.7,63078.3,63174.4,314200.0
1710855900000,63174.4,63623.8,63066.0,63564.7,282424.0
1710856800000,63563.8,63563.8,62669.5,62820.3,392207.0
1710857700000,62820.4,63000.0,62455.1,62573.2,424222.0
1710858600000,62573.1,63100.0,62376.8,63086.7,431381.0
1710859500000,63086.8,63142.0,62764.4,62870.0,274488.0
1710860400000,62870.0,63040.2,62572.7,62785.3,251510.0
1710861300000,62787.4,63127.7,62590.0,62976.8,238120.0
1710862200000,62976.8,64022.1,62969.3,63932.1,636921.0
1710863100000,63932.0,64175.8,63722.5,64048.5,381354.0
1710864000000,64054.1,64649.7,63966.5,64334.5,516413.0
1710864900000,64334.5,64442.7,64159.4,64308.0,266403.0
1710865800000,64308.0,64910.0,64260.0,64862.0,304236.0
1710866700000,64863.8,65067.2,64645.7,64990.1,320481.0
1710867600000,64990.1,65500.0,64796.6,65483.9,452282.0
1710868500000,65483.9,65762.4,65300.1,65563.6,350823.0
1710869400000,65563.6,65563.7,64720.0,64932.2,552437.0
1710870300000,64932.2,65088.7,64640.0,64879.5,292257.0
1710871200000,64879.5,64887.8,64222.0,64378.2,335425.0
1710872100000,64378.3,64872.0,64366.3,64788.8,198163.0
1710873000000,64788.7,64949.3,64710.9,64893.4,118455.0
1710873900000,64893.5,64948.0,64612.7,64729.9,101316.0
1710874800000,64730.0,64888.0,64447.0,64786.0,125501.0
1710875700000,64786.1,65332.0,64729.0,64867.2,180712.0
1710876600000,64867.3,64894.0,64622.5,64708.7,102399.0
1710877500000,64708.7,64800.0,64400.0,64404.0,114846.0
1710878400000,64404.4,64527.9,63700.0,63816.9,393086.0
1710879300000,63816.9,63953.5,63555.0,63770.8,219605.0
1710880200000,63770.8,64228.6,63753.7,63824.0,231747.0
1710881100000,63824.0,64039.9,63673.8,63788.5,97282.0
1710882000000,63785.8,63963.6,63692.3,63902.6,68354.0
1710882900000,63900.0,64048.5,63540.1,63807.2,107659.0
1710883800000,63807.1,63933.3,63591.6,63925.0,32000.0
1710884700000,63928.0,64129.0,63707.4,63971.9,72475.0
1710885600000,63968.3,64059.6,63503.3,63515.5,102941.0
1710886500000,63515.9,63623.0,63014.1,63028.5,241294.0
1710887400000,63028.5,63291.4,62724.0,62738.9,249180.0
1710888300000,62738.3,62844.4,62470.0,62647.9,262842.0
1710889200000,62650.0,62825.6,61866.0,61937.8,503093.0
1710890100000,61939.4,62194.4,61557.2,61639.4,500857.0
1710891000000,61640.5,62195.0,61624.8,62045.3,280577.0
1710891900000,62042.5,62253.5,61804.6,61939.0,200747.0
1710892800000,61936.2,62245.0,61852.0,62141.4,228978.0
1710893700000,62141.5,63048.3,61968.2,62790.0,489640.0
1710894600000,62786.4,63197.9,62405.3,62926.8,422120.0
1710895500000,62929.7,63428.0,62724.8,63247.6,268809.0
1710896400000,63247.7,63268.5,62500.0,62720.8,339477.0
1710897300000,62720.8,62779.3,61880.0,62400.4,407965.0
1710898200000,62400.3,62443.7,61998.5,62090.5,213788.0
1710899100000,62090.5,62655.0,62072.8,62399.8,208860.0
1710900000000,62400.0,62854.9,62250.0,62814.0,228780.0
1710900900000,62814.0,63036.0,62671.0,62996.5,179903.0
1710901800000,62993.4,63004.6,62717.0,62878.2,172060.0
1710902700000,62878.1,63052.5,62707.1,62882.0,176571.0
1710903600000,62882.0,63148.9,62763.0,62854.8,169336.0
1710904500000,62854.9,63488.0,62779.5,63390.2,332733.0
1710905400000,63390.2,63402.4,62635.3,62688.0,199355.0
1710906300000,62687.9,62869.8,61650.0,61867.2,772422.0
1710907200000,61867.2,62360.9,61701.2,62298.0,417403.0
1710908100000,62297.9,62345.0,61716.4,61842.0,287071.0
1710909000000,61841.4,61865.3,61057.9,61333.0,712436.0
1710909900000,61333.1,61763.6,61272.0,61658.2,232296.0
1710910800000,61658.3,61792.0,61015.1,61260.7,378346.0
1710911700000,61260.6,61469.4,60766.1,60999.4,509867.0
1710912600000,60999.4,61518.0,60778.2,61490.0,390297.0
1710913500000,61489.9,61685.0,61224.9,61556.7,295140.0
1710914400000,61555.5,61858.0,61524.8,61803.0,224213.0
1710915300000,61800.0,62012.7,61650.7,61988.3,222761.0
1710916200000,61988.3,62043.3,61677.0,61894.3,198752.0
1710917100000,61894.4,61991.2,61690.0,61754.1,135837.0
1710918000000,61754.1,62327.9,61736.6,62171.8,388137.0
1710918900000,62171.9,62748.4,62100.0,62614.6,286690.0
1710919800000,62614.6,63078.6,62418.1,62940.5,431928.0
1710920700000,62940.5,63211.0,62729.5,62951.8,423674.0
1710921600000,62955.2,63193.4,62722.7,62988.7,303075.0
1710922500000,62988.7,63207.6,62821.2,63000.0,203636.0
1710923400000,63000.1,63325.0,62736.7,62800.1,346761.0
1710924300000,62800.1,63200.0,62675.8,62689.9,216900.0
1710925200000,62690.0,63002.7,62636.0,62727.3,139036.0
1710926100000,62724.8,63277.5,62724.8,63106.3,259551.0
1710927000000,63104.3,63275.7,63060.8,63113.2,173794.0
1710927900000,63113.3,63376.2,63036.6,63220.1,174856.0
1710928800000,63220.2,63223.5,63025.4,63044.0,77822.0
1710929700000,63043.9,63293.3,62838.3,63267.0,148497.0
1710930600000,63267.0,63267.0,62917.5,62920.1,101883.0
1710931500000,62920.2,63089.1,62892.6,63048.5,106265.0
1710932400000,63048.6,63195.0,62976.0,63150.0,120940.0
1710933300000,63150.1,63998.9,63079.7,63850.0,396595.0
1710934200000,63850.0,63862.6,63433.8,63464.1,244245.0
1710935100000,63464.0,63509.7,63111.0,63392.9,281106.0
1710936000000,63392.8,63900.0,63174.0,63793.5,329392.0
1710936900000,63793.5,64398.8,63688.0,64024.0,531788.0
1710937800000,64024.0,64234.5,63854.5,64015.2,204332.0
1710938700000,64017.7,64093.3,63794.0,64067.9,174730.0
1710939600000,64067.9,64070.5,63515.0,63568.2,238034.0
1710940500000,63568.2,63732.8,63424.0,63455.8,162185.0
1710941400000,63455.8,63810.0,63069.2,63607.5,444326.0
1710942300000,63607.5,63864.0,63372.5,63613.6,225980.0
1710943200000,63611.5,63985.0,63463.6,63820.0,226056.0
1710944100000,63820.0,64191.3,63820.0,64156.6,227734.0
1710945000000,64156.6,64313.3,63962.4,64034.4,213867.0
1710945900000,64034.4,64371.2,63962.7,64244.1,204108.0
1710946800000,64244.0,64429.9,63955.0,64156.7,207920.0
1710947700000,64156.7,64159.6,63720.0,63941.8,326932.0
1710948600000,63941.8,63991.9,63518.0,63518.0,330143.0
1710949500000,63517.8,63766.6,63400.1,63608.8,226654.0
1710950400000,63608.9,63800.0,63300.0,63694.1,218606.0
1710951300000,63694.1,63765.4,62294.1,62643.3,799258.0
1710952200000,62643.3,63221.0,62028.8,63084.5,1048772.0
1710953100000,63080.0,63427.2,62968.1,63121.8,357372.0
1710954000000,63121.8,63700.0,62852.3,63675.9,316508.0
1710954900000,63674.0,64825.7,63662.9,64099.5,1060983.0
1710955800000,64099.5,64480.0,64012.0,64163.0,261717.0
1710956700000,64163.9,64287.3,63870.2,64121.4,181553.0
1710957600000,64121.5,64833.3,64121.5,64784.9,420557.0
1710958500000,64783.2,64787.2,64012.0,64415.2,350266.0
1710959400000,64415.2,64458.0,63960.1,64457.8,261047.0
1710960300000,64457.8,65480.0,64414.9,65415.0,587478.0
1710961200000,65415.0,65785.5,65105.0,65616.3,483096.0
1710962100000,65610.8,65730.8,65220.1,65462.9,246334.0
1710963000000,65462.8,65768.9,65350.0,65661.8,243126.0
1710963900000,65661.7,66051.4,65568.9,65808.5,357895.0
1710964800000,65808.5,66500.0,65670.0,66271.3,414360.0
1710965700000,66271.3,66916.0,66244.2,66916.0,464329.0
1710966600000,66916.0,67832.5,66887.7,67485.1,623360.0
1710967500000,67485.2,67534.7,66933.0,67066.2,317997.0
1710968400000,67070.0,67346.6,66922.7,67326.8,136041.0
1710969300000,67326.7,67941.0,67162.9,67784.1,275708.0
1710970200000,67784.4,67887.1,67436.2,67649.4,124762.0
1710971100000,67649.4,67883.0,67443.5,67690.7,98682.0
1710972000000,67694.9,68043.5,67579.0,67997.2,233176.0
1710972900000,67997.3,68134.1,67572.6,67717.2,184376.0
1710973800000,67719.8,67817.4,67438.7,67555.9,176128.0
1710974700000,67555.9,67737.3,67361.4,67688.4,191072.0
1710975600000,67688.3,67900.0,67436.1,67817.8,159379.0
1710976500000,67817.9,67973.0,67650.0,67850.7,104882.0
1710977400000,67850.8,68069.3,67715.8,67751.6,149269.0
1710978300000,67752.5,67990.2,67643.7,67853.2,168685.0
1710979200000,67855.1,67922.0,67651.0,67800.0,135295.0
1710980100000,67800.0,67946.9,67512.1,67706.7,142354.0
1710981000000,67706.7,68264.4,67452.0,68068.0,361174.0
1710981900000,68067.8,68091.9,67676.8,67678.2,186579.0
1710982800000,67678.2,67974.2,67678.1,67890.6,96765.0
1710983700000,67887.1,67978.6,67808.2,67951.6,60207.0
1710984600000,67954.9,67960.3,67682.7,67719.8,78327.0
1710985500000,67716.7,67881.3,67716.6,67818.4,47359.0
1710986400000,67818.3,67943.3,67655.4,67709.8,92197.0
1710987300000,67709.8,67981.2,67700.0,67765.4,158390.0
1710988200000,67769.2,67920.0,67720.0,67784.7,63741.0
1710989100000,67784.7,67797.4,67520.6,67550.0,104151.0
1710990000000,67550.1,67771.0,67505.4,67524.8,104679.0
1710990900000,67524.7,67613.6,67144.0,67230.1,238288.0
1710991800000,67230.1,67418.2,66957.7,66982.5,259405.0
1710992700000,66981.6,66999.1,66364.6,66674.5,523209.0
1710993600000,66674.5,66855.2,66513.0,66620.0,182733.0
1710994500000,66619.9,66967.0,66613.2,66841.6,125011.0
1710995400000,66841.6,66949.0,66508.5,66576.2,194337.0
1710996300000,66576.2,66880.0,66531.4,66736.4,87422.0
1710997200000,66736.4,66749.5,66320.0,66558.0,172304.0
1710998100000,66558.0,66558.9,66092.3,66552.7,263124.0
1710999000000,66552.7,66767.0,66356.0,66531.8,209705.0
1710999900000,66532.4,67110.0,66498.1,67030.4,218735.0
1711000800000,67030.3,67358.0,66984.4,67174.7,251831.0
1711001700000,67174.7,67307.6,66920.3,67106.1,143875.0
1711002600000,67106.0,67204.0,66910.0,66990.2,112681.0
1711003500000,66991.5,67140.5,66919.5,66988.1,60217.0
1711004400000,66988.0,67100.0,66918.8,67000.6,70615.0
1711005300000,67000.5,67332.0,66984.4,67284.1,110059.0
1711006200000,67284.2,67299.9,67088.6,67099.2,66264.0
1711007100000,67099.3,67109.8,66933.0,66984.2,113837.0
1711008000000,66984.2,67479.3,66984.2,67421.1,195698.0
1711008900000,67422.2,67668.0,67305.8,67328.2,234605.0
1711009800000,67332.3,67432.0,67182.2,67329.5,106181.0
1711010700000,67329.6,67540.3,67282.9,67290.4,117111.0
1711011600000,67290.5,67372.0,67023.8,67118.9,119268.0
1711012500000,67119.0,67218.8,67016.9,67176.0,72504.0
1711013400000,67176.0,67183.7,66708.0,66760.0,245154.0
1711014300000,66760.4,66925.1,66642.8,66849.7,125264.0
1711015200000,66853.0,67036.8,66724.3,67005.4,98605.0
1711016100000,67002.1,67005.4,66791.5,66896.4,47845.0
1711017000000,66896.4,66922.2,66666.1,66759.8,78327.0
1711017900000,66760.0,67024.0,66760.0,66971.3,85452.0
1711018800000,66971.2,67144.0,66889.0,67105.9,94694.0
1711019700000,67106.0,67140.0,66739.0,66895.1,176305.0
1711020600000,66895.1,67250.1,66826.9,67202.8,137811.0
1711021500000,67202.8,67202.9,67010.1,67047.0,65363.0
1711022400000,67047.0,67317.4,67047.0,67313.4,105275.0
1711023300000,67313.3,67381.3,67140.6,67316.0,114664.0
1711024200000,67316.1,67480.0,67170.0,67172.0,117548.0
1711025100000,67172.0,67311.1,66980.5,67262.6,153741.0
1711026000000,67262.6,67657.7,67250.0,67487.0,246014.0
1711026900000,67487.1,67730.5,67302.0,67593.4,207081.0
1711027800000,67593.4,67630.8,67002.4,67058.8,350576.0
1711028700000,67058.7,67119.7,66600.6,66745.2,361297.0
1711029600000,66745.3,67204.0,66533.4,67075.8,266768.0
1711030500000,67075.8,67418.7,67022.0,67191.2,188662.0
1711031400000,67191.2,67223.5,66946.2,67067.0,132270.0
1711032300000,67067.0,67077.2,66765.0,66873.1,115434.0
1711033200000,66873.0,66995.9,66212.0,66326.4,396301.0
1711034100000,66326.4,66568.0,66163.0,66272.7,235559.0
1711035000000,66273.8,66542.3,66081.1,66461.7,257752.0
1711035900000,66461.8,66579.7,66247.6,66577.6,117721.0
1711036800000,66577.5,66577.6,66200.1,66408.0,201169.0
1711037700000,66411.5,66773.0,66300.0,66685.1,158996.0
1711038600000,66688.4,66688.4,66456.4,66573.4,80616.0
1711039500000,66573.4,66856.1,66473.9,66818.4,67632.0
1711040400000,66816.0,67035.6,66555.0,66680.1,139755.0
1711041300000,66680.1,66691.0,66216.0,66226.0,149723.0
1711042200000,66226.0,66419.4,66018.0,66018.0,210354.0
1711043100000,66018.0,66065.5,65650.0,65738.3,371217.0
1711044000000,65738.3,65885.6,65232.0,65246.1,404391.0
1711044900000,65246.1,65542.8,65088.0,65534.9,431461.0
1711045800000,65535.0,65542.1,64850.8,64899.4,402810.0
1711046700000,64899.4,65239.2,64860.7,65124.0,206668.0
1711047600000,65123.9,65257.6,65005.7,65187.9,275054.0
1711048500000,65188.0,65209.9,64934.1,65180.9,131969.0
1711049400000,65181.0,65553.0,65159.5,65334.6,181416.0
1711050300000,65334.7,65473.7,65188.1,65200.1,88152.0
1711051200000,65203.2,65510.9,64502.0,65500.0,503113.0
1711052100000,65500.0,65946.1,65314.9,65584.2,297780.0
1711053000000,65588.0,65665.0,65255.9,65343.9,103789.0
1711053900000,65344.0,65484.4,64940.7,65484.3,150457.0
1711054800000,65485.3,65539.9,65302.0,65325.9,52170.0
1711055700000,65325.8,65577.3,65077.1,65166.3,75895.0
1711056600000,65166.3,65507.0,65166.2,65393.4,26359.0
1711057500000,65393.4,65733.3,65393.4,65647.9,42999.0
1711058400000,65645.3,65860.0,65589.2,65754.9,70849.0
1711059300000,65754.9,65768.4,65390.7,65569.8,97988.0
1711060200000,65569.8,65705.0,65460.1,65618.1,72297.0
1711061100000,65621.4,65648.7,65355.1,65406.1,55573.0
1711062000000,65406.1,65542.9,65309.2,65477.0,55734.0
1711062900000,65477.1,65538.0,65343.3,65402.7,32218.0
1711063800000,65402.8,65477.8,65286.0,65442.3,40592.0
1711064700000,65442.3,65639.9,65436.1,65510.0,46748.0
1711065600000,65510.0,65837.6,65450.4,65789.9,130913.0
1711066500000,65789.9,65997.9,65702.4,65800.0,120807.0
1711067400000,65800.0,65800.1,65352.2,65647.7,160203.0
1711068300000,65647.7,65873.9,65565.2,65808.4,103504.0
1711069200000,65808.4,65930.0,65590.0,65894.1,99011.0
1711070100000,65894.0,65940.0,65752.0,65766.6,59519.0
1711071000000,65769.9,65769.9,65577.4,65660.1,68873.0
1711071900000,65660.1,65850.0,65180.0,65247.9,250410.0
1711072800000,65240.4,65350.0,65112.0,65240.9,202714.0
1711073700000,65240.9,65623.1,65190.5,65500.6,131741.0
1711074600000,65497.1,65540.0,65380.1,65468.1,47509.0
1711075500000,65468.1,65728.7,65364.2,65641.9,107619.0
1711076400000,65641.9,65768.0,65576.3,65626.9,73101.0
1711077300000,65626.9,66039.3,65618.5,66000.0,313964.0
1711078200000,66000.0,66174.9,65808.2,65838.2,193374.0
1711079100000,65838.1,66072.4,65829.5,65975.8,95445.0
1711080000000,65975.8,66053.5,65773.0,65933.5,110626.0
1711080900000,65933.5,65987.9,65840.0,65917.1,53438.0
1711081800000,65917.1,65971.2,65857.1,65932.3,37483.0
1711082700000,65932.3,66310.6,65882.3,66144.0,163590.0
1711083600000,66144.1,66259.6,65983.1,66006.9,87175.0
1711084500000,66004.0,66232.1,65952.6,66209.9,63025.0
1711085400000,66210.6,66310.7,66116.0,66271.9,75533.0
1711086300000,66272.0,66450.0,66221.9,66435.6,126238.0
1711087200000,66435.5,66653.7,66339.9,66537.8,203048.0
1711088100000,66538.0,66619.9,66370.0,66406.3,90799.0
1711089000000,66406.2,66516.5,66300.0,66419.4,116757.0
1711089900000,66419.4,66447.7,66317.9,66447.7,41596.0
1711090800000,66447.6,66451.1,66173.9,66297.1,111720.0
1711091700000,66297.0,66303.3,66122.8,66269.4,82424.0
1711092600000,66269.3,66360.1,66198.8,66291.9,87940.0
1711093500000,66291.8,66291.8,66141.4,66191.4,49234.0
1711094400000,66191.4,66301.0,66157.0,66300.9,46328.0
1711095300000,66300.9,66381.0,66180.0,66280.1,53699.0
1711096200000,66280.1,66311.5,65860.0,65938.6,179705.0
1711097100000,65938.6,66082.9,65812.0,65863.5,158226.0
1711098000000,65863.4,66045.0,65863.4,65976.8,68446.0
1711098900000,65976.7,66070.3,65945.3,65952.2,41016.0
1711099800000,65952.2,65967.4,65390.0,65450.0,476704.0
1711100700000,65450.0,65564.8,65334.1,65493.2,191209.0
1711101600000,65494.1,65632.8,65158.5,65178.6,258968.0
1711102500000,65178.6,65300.0,64610.0,64870.6,535363.0
1711103400000,64870.7,64979.4,64628.5,64881.1,197274.0
1711104300000,64881.3,65018.9,64537.2,64668.6,209398.0
1711105200000,64668.6,64911.0,64539.1,64852.4,223554.0
1711106100000,64852.4,64977.1,64720.1,64848.3,122804.0
1711107000000,64848.3,64946.7,64620.0,64721.6,132324.0
1711107900000,64722.0,64770.0,64068.0,64242.0,494651.0
1711108800000,64242.1,64679.2,63914.4,64515.4,432218.0
1711109700000,64515.4,64587.6,64306.6,64499.9,146537.0
1711110600000,64500.0,64566.7,64236.0,64560.2,109018.0
1711111500000,64560.2,64560.2,64248.3,64262.9,102695.0
1711112400000,64262.8,64441.1,64070.0,64100.0,137640.0
1711113300000,64100.0,64328.3,63731.8,64201.4,386597.0
1711114200000,64201.4,64249.6,63549.1,63644.8,531558.0
1711115100000,63644.7,63703.3,62813.1,63071.9,877658.0
1711116000000,63072.0,63479.9,63030.6,63066.6,491623.0
1711116900000,63066.7,63316.8,62660.0,63090.0,523253.0
1711117800000,63090.1,63296.5,62852.0,62924.2,224860.0
1711118700000,62924.3,63097.8,62501.2,62749.9,411097.0
1711119600000,62750.0,63574.8,62626.9,63307.9,387770.0
1711120500000,63307.9,64118.1,63128.8,64113.8,525022.0
1711121400000,64113.8,64363.6,63670.0,63922.9,619706.0
1711122300000,63922.9,64182.6,63785.0,63898.0,264413.0
1711123200000,63898.0,63904.4,63336.3,63669.0,332791.0
1711124100000,63665.0,63785.7,63220.0,63523.3,214915.0
1711125000000,63523.3,63542.7,62988.2,63164.1,304408.0
1711125900000,63164.2,63435.7,62660.3,63280.5,361443.0
1711126800000,63280.5,63794.9,63272.6,63422.7,338504.0
1711127700000,63422.7,63626.0,63340.1,63425.8,109499.0
1711128600000,63425.9,63769.4,63358.0,63707.9,114186.0
1711129500000,63707.9,63758.2,63542.1,63594.0,57747.0
1711130400000,63595.0,63920.4,63510.0,63599.1,172404.0
1711131300000,63599.2,63676.0,63441.0,63619.9,63435.0
1711132200000,63619.9,64015.8,63550.0,63705.5,164013.0
1711133100000,63705.6,63916.6,63680.0,63753.1,76360.0
1711134000000,63757.2,63844.6,63511.5,63537.9,69581.0
1711134900000,63538.0,63687.8,63442.5,63618.0,81577.0
1711135800000,63617.0,63894.9,63566.5,63867.9,75455.0
1711136700000,63867.9,64128.0,63780.0,63861.8,187577.0
1711137600000,63867.5,63978.0,63470.7,63504.0,138407.0
1711138500000,63504.0,63772.0,63504.0,63577.2,83013.0
1711139400000,63578.0,63678.0,63541.1,63557.7,39694.0
1711140300000,63557.6,63608.0,63358.0,63510.3,84435.0
1711141200000,63510.4,63528.6,63061.0,63106.1,133955.0
1711142100000,63100.1,63277.3,62825.0,63090.0,211132.0
1711143000000,63090.1,63145.2,62171.2,62689.0,362672.0
1711143900000,62689.0,63038.0,62378.5,62982.1,173056.0
1711144800000,62982.1,63054.9,62671.1,62936.1,158410.0
1711145700000,62939.9,62998.7,62560.0,62978.1,151612.0
1711146600000,62981.9,63193.5,62935.0,63103.1,100735.0
1711147500000,63103.1,63250.0,62808.4,63031.4,90918.0
1711148400000,63031.4,63339.6,62986.7,63285.8,64419.0
1711149300000,63285.8,63473.1,63226.1,63364.5,107336.0
1711150200000,63364.0,63497.4,63337.9,63451.9,45989.0
1711151100000,63451.9,63827.0,63400.0,63806.2,117484.0
1711152000000,63806.1,63808.0,63648.4,63667.0,84475.0
1711152900000,63667.0,63733.0,63563.2,63664.8,63395.0
1711153800000,63664.8,63813.5,63540.4,63708.5,76802.0
1711154700000,63708.4,63708.5,63547.2,63578.7,47178.0
1711155600000,63583.9,63845.0,63559.7,63806.4,68423.0
1711156500000,63804.0,64047.0,63713.9,63939.3,117502.0
1711157400000,63939.3,64150.0,63825.0,64084.2,139637.0
1711158300000,64084.2,64336.1,64038.4,64121.4,160365.0
1711159200000,64125.3,64380.0,63920.8,63972.2,159169.0
1711160100000,63972.1,64036.1,63833.2,63903.0,87717.0
1711161000000,63903.0,63928.9,63755.1,63858.1,89994.0
1711161900000,63858.0,63904.2,63761.7,63880.0,50605.0
1711162800000,63880.0,63891.1,63646.0,63774.3,104884.0
1711163700000,63774.3,63774.3,63401.0,63452.7,153894.0
1711164600000,63452.6,63461.2,63004.0,63362.5,241946.0
1711165500000,63362.5,63592.1,63216.0,63570.1,132749.0
1711166400000,63570.1,64000.0,63522.2,63770.1,171590.0
1711167300000,63770.1,64064.6,63770.1,63899.9,94447.0
1711168200000,63900.0,64115.9,63868.5,64001.1,122490.0
1711169100000,64001.1,64066.9,63852.6,63891.0,67897.0
1711170000000,63890.9,64024.0,63725.4,63853.9,54036.0
1711170900000,63854.8,64022.9,63840.8,63968.0,47895.0
1711171800000,63968.1,64097.1,63858.5,64071.0,44941.0
1711172700000,64071.0,64148.6,63999.1,64071.4,48899.0
1711173600000,64071.5,64130.6,63972.8,64036.6,57040.0
1711174500000,64036.6,64264.2,64036.6,64173.9,94203.0
1711175400000,64174.0,64326.8,64108.7,64181.0,68476.0
1711176300000,64181.0,64238.7,64044.3,64164.6,53928.0
1711177200000,64162.9,64649.9,64160.4,64508.9,286889.0
1711178100000,64511.8,64886.0,64421.9,64572.3,276327.0
1711179000000,64572.2,64738.6,64459.2,64653.8,113333.0
1711179900000,64653.9,64687.8,64503.6,64587.7,64819.0
1711180800000,64587.6,64849.8,64540.0,64553.9,153664.0
1711181700000,64553.9,64626.0,64359.7,64375.1,119339.0
1711182600000,64375.2,64468.0,64210.0,64462.1,147354.0
1711183500000,64462.1,64547.7,64355.0,64546.0,82842.0
1711184400000,64546.0,64606.8,64190.4,64212.6,105806.0
1711185300000,64212.6,64397.0,64196.4,64392.3,46591.0
1711186200000,64392.4,64494.0,64281.4,64494.0,50770.0
1711187100000,64494.0,64524.5,64286.1,64474.7,54675.0
1711188000000,64474.7,64622.9,64412.1,64439.5,68103.0
1711188900000,64439.4,64688.0,64409.0,64561.6,59467.0
1711189800000,64561.6,64737.0,64494.1,64536.0,63493.0
1711190700000,64531.1,64574.8,64205.1,64339.6,123099.0
1711191600000,64340.4,64474.0,64250.0,64421.9,50129.0
1711192500000,64421.9,64600.0,64418.6,64588.8,79675.0
1711193400000,64588.8,64630.0,64490.3,64576.3,76430.0
1711194300000,64576.4,64656.9,64454.5,64650.5,41582.0
1711195200000,64650.5,64776.7,64570.0,64609.2,73568.0
1711196100000,64609.9,64800.0,64550.4,64715.9,63403.0
1711197000000,64715.8,64797.9,64629.7,64710.2,34080.0
1711197900000,64709.0,64954.9,64692.1,64712.8,130801.0
1711198800000,64711.1,64745.4,64555.0,64573.6,103205.0
1711199700000,64573.5,64621.6,64424.1,64545.3,69191.0
1711200600000,64545.4,64545.4,64333.3,64347.8,78704.0
1711201500000,64347.9,64705.3,64276.9,64600.0,178173.0
1711202400000,64600.1,64672.1,64504.3,64554.0,42138.0
1711203300000,64555.7,64920.0,64380.0,64821.1,177245.0
1711204200000,64821.2,65450.0,64821.1,65072.8,539164.0
1711205100000,65072.8,65386.1,65050.9,65241.6,148263.0
1711206000000,65241.3,65364.9,65062.2,65074.0,163772.0
1711206900000,65074.0,65091.5,64722.0,64815.4,303764.0
1711207800000,64815.5,64962.4,64784.0,64849.9,65403.0
1711208700000,64849.9,65157.1,64800.1,65097.9,79704.0
1711209600000,65097.9,65225.9,64900.3,65137.9,88725.0
1711210500000,65137.9,65332.0,65042.7,65272.0,86497.0
1711211400000,65271.9,65797.9,65267.2,65715.2,365116.0
1711212300000,65720.0,65828.0,65543.6,65655.3,161838.0
1711213200000,65655.3,65739.5,65488.5,65520.8,102865.0
1711214100000,65520.9,65713.2,65472.0,65676.2,63385.0
1711215000000,65676.3,66026.4,65622.0,65642.3,204662.0
1711215900000,65642.3,65827.5,65632.6,65655.2,73565.0
1711216800000,65655.1,65680.0,65536.0,65568.0,55069.0
1711217700000,65568.0,65622.5,65482.4,65505.9,40179.0
1711218600000,65505.9,65597.2,65299.2,65398.4,96566.0
1711219500000,65398.3,65494.3,65325.1,65387.6,83085.0
1711220400000,65387.6,65494.2,65328.0,65368.3,31197.0
1711221300000,65365.3,65428.7,65071.2,65130.6,192489.0
1711222200000,65132.2,65158.4,64797.9,64838.9,169795.0
1711223100000,64838.9,65049.9,64797.9,64883.0,75994.0
1711224000000,64882.9,64984.4,64670.9,64931.5,158301.0
1711224900000,64931.5,65015.4,64866.8,65013.3,42402.0
1711225800000,65013.3,65134.8,64911.9,65012.4,56591.0
1711226700000,65012.5,65090.7,64879.1,65010.3,53715.0
1711227600000,65010.3,65042.7,64860.2,64916.3,37270.0
1711228500000,64916.4,64995.0,64838.0,64884.0,20662.0
1711229400000,64884.0,65236.5,64793.9,65054.3,129397.0
1711230300000,65054.3,65055.6,64952.8,64952.8,19180.0
1711231200000,64952.8,65027.3,64922.1,64938.3,20752.0
1711232100000,64938.2,65002.3,64850.0,64995.0,42337.0
1711233000000,64995.0,65076.7,64900.0,64900.0,33908.0
1711233900000,64900.0,64967.3,64752.3,64756.2,62181.0
1711234800000,64756.1,64833.9,64507.9,64651.1,111298.0
1711235700000,64651.2,64799.6,64385.0,64422.1,222691.0
1711236600000,64418.2,64482.6,64320.7,64380.9,72515.0
1711237500000,64380.9,64466.2,63870.0,63985.9,244577.0
1711238400000,63985.8,64354.9,63945.6,64175.6,143886.0
1711239300000,64175.6,64417.4,64129.7,64371.5,70691.0
1711240200000,64371.4,64534.7,64345.1,64510.0,53494.0
1711241100000,64510.0,64586.0,64422.0,64529.3,42050.0
1711242000000,64529.4,64563.1,64385.4,64453.2,34398.0
1711242900000,64453.1,64720.9,64391.0,64606.5,75666.0
1711243800000,64606.5,64634.4,64458.2,64481.2,34676.0
1711244700000,64481.1,64557.9,64468.5,64480.8,17302.0
1711245600000,64480.9,64540.4,64280.8,64456.0,132352.0
1711246500000,64455.9,64504.5,64242.9,64339.6,80723.0
1711247400000,64339.6,64360.9,64260.4,64360.0,35616.0
1711248300000,64360.0,64360.0,64171.7,64292.7,55385.0
1711249200000,64292.8,64292.8,63932.0,63987.3,118596.0
1711250100000,63988.0,64280.6,63982.4,64213.1,66236.0
1711251000000,64213.1,64249.5,64018.0,64069.0,64647.0
1711251900000,64069.0,64165.7,63964.2,63967.3,45901.0
1711252800000,63971.7,64185.9,63964.0,64151.6,63256.0
1711253700000,64146.5,64146.6,63856.8,63936.0,106887.0
1711254600000,63936.0,64089.3,63777.0,64049.8,149630.0
1711255500000,64047.9,64265.0,64000.1,64235.4,88165.0
1711256400000,64235.4,64333.5,64109.4,64165.0,54401.0
1711257300000,64165.0,64367.0,64134.6,64301.0,42259.0
1711258200000,64301.1,64388.0,64264.3,64284.2,59263.0
1711259100000,64284.1,64372.1,64264.0,64300.1,31077.0
1711260000000,64300.1,64379.1,64209.3,64341.3,54417.0
1711260900000,64341.3,64429.8,64250.8,64309.0,48709.0
1711261800000,64313.8,64319.7,64166.0,64204.8,38099.0
1711262700000,64204.8,64260.3,64084.9,64233.9,73364.0
1711263600000,64234.0,64241.9,64104.7,64153.9,27488.0
1711264500000,64153.9,64184.3,64080.2,64136.6,26266.0
1711265400000,64141.8,64424.2,64031.0,64421.3,127313.0
1711266300000,64421.2,64626.0,64299.0,64608.2,151168.0
1711267200000,64608.2,65017.9,64500.0,64910.0,323339.0
1711268100000,64910.0,64980.1,64631.4,64732.9,231359.0
1711269000000,64732.9,64990.5,64670.0,64983.9,79362.0
1711269900000,64980.8,65288.6,64863.3,65272.0,192579.0
1711270800000,65272.1,65280.0,64942.4,64962.2,126330.0
1711271700000,64962.2,65100.9,64773.7,64900.5,145945.0
1711272600000,64903.2,65184.7,64871.0,64950.8,66580.0
1711273500000,64950.9,65060.9,64858.0,64900.1,45232.0
1711274400000,64900.2,65054.1,64889.0,64953.8,45937.0
1711275300000,64948.0,65234.9,64914.2,65200.0,107806.0
1711276200000,65200.0,65224.3,65014.6,65196.0,59503.0
1711277100000,65198.6,65414.9,65115.0,65120.1,122368.0
1711278000000,65120.0,65150.0,64971.1,65126.9,68771.0
1711278900000,65126.9,65188.0,65063.6,65063.6,38097.0
1711279800000,65063.6,65168.7,64961.1,65147.8,53174.0
1711280700000,65147.9,65364.0,65147.8,65355.9,76238.0
1711281600000,65355.9,65726.3,65154.7,65229.9,311108.0
1711282500000,65229.9,65583.6,65229.9,65514.0,174532.0
1711283400000,65513.0,65689.9,65441.9,65535.9,101754.0
1711284300000,65536.0,65800.0,65503.0,65650.0,119904.0
1711285200000,65650.0,65850.8,65446.3,65578.7,203416.0
1711286100000,65580.0,65747.8,65430.6,65499.9,123762.0
1711287000000,65499.9,65543.9,65294.6,65398.9,94469.0
1711287900000,65398.9,65465.0,65261.2,65375.4,78126.0
1711288800000,65375.4,65559.4,65321.8,65559.2,45531.0
1711289700000,65559.3,65944.7,65559.2,65786.0,211526.0
1711290600000,65785.9,65882.1,65507.8,65630.0,171461.0
1711291500000,65629.9,65689.8,65542.7,65655.0,49389.0
1711292400000,65655.0,65762.0,65420.0,65510.0,119268.0
1711293300000,65509.7,65707.1,65442.6,65704.0,108758.0
1711294200000,65703.9,65709.8,65517.6,65566.1,53402.0
1711295100000,65566.0,65751.3,65566.0,65685.0,103559.0
1711296000000,65684.9,65853.9,65600.0,65621.9,98125.0
1711296900000,65622.0,65706.6,65464.2,65578.0,83212.0
1711297800000,65572.6,65686.7,65513.0,65649.4,65997.0
1711298700000,65649.4,65679.9,65176.4,65268.0,192603.0
1711299600000,65264.8,65348.4,64595.6,64878.9,506243.0
1711300500000,64879.0,65212.7,64875.0,65034.5,237165.0
1711301400000,65034.5,65488.0,64913.3,65418.4,204584.0
1711302300000,65418.4,65549.5,65303.8,65343.9,110331.0
1711303200000,65344.0,65757.9,65334.5,65581.5,166027.0
1711304100000,65581.6,65782.6,65530.3,65709.0,70328.0
1711305000000,65708.9,66080.0,65580.1,65812.0,322999.0
1711305900000,65812.0,65870.0,65655.2,65850.0,62307.0
1711306800000,65846.8,66053.4,65677.5,65864.2,130875.0
1711307700000,65864.1,65899.7,65670.9,65728.2,59495.0
1711308600000,65725.7,65949.9,65697.3,65865.9,53646.0
1711309500000,65866.0,65959.9,65804.5,65841.2,41699.0
1711310400000,65841.2,66331.9,65733.2,66237.0,191140.0
1711311300000,66237.0,66473.4,66133.0,66432.1,190790.0
1711312200000,66432.1,66443.4,66160.1,66250.0,71881.0
1711313100000,66248.4,66314.9,66133.1,66173.6,32302.0
1711314000000,66168.8,66436.1,66168.8,66396.7,64801.0
1711314900000,66396.8,66492.5,66189.0,66458.0,69016.0
1711315800000,66458.0,66526.0,66288.8,66300.5,62580.0
1711316700000,66300.5,66816.3,66222.6,66532.9,218978.0
1711317600000,66533.0,67073.9,66477.4,66857.5,296319.0
1711318500000,66857.4,67040.7,66706.3,66982.5,95117.0
1711319400000,66982.5,67019.6,66758.2,66977.9,121391.0
1711320300000,66978.0,66982.8,66820.0,66960.2,63280.0
1711321200000,66960.2,67648.8,66919.9,67576.6,369101.0
1711322100000,67576.5,67666.0,67326.0,67367.6,213935.0
1711323000000,67367.6,67367.6,67195.5,67284.0,88952.0
1711323900000,67284.0,67400.0,67189.3,67225.2,76635.0
1711324800000,67225.2,67345.8,66811.2,66901.7,285080.0
1711325700000,66901.6,67030.0,66800.0,66907.4,87018.0
1711326600000,66907.4,66937.6,66525.2,66656.9,172086.0
1711327500000,66656.9,66680.0,66522.4,66605.8,66183.0
1711328400000,66605.8,66827.3,66538.9,66815.1,95037.0
1711329300000,66815.2,67065.8,66636.6,66756.5,194353.0
1711330200000,66756.5,66772.0,66588.0,66655.4,46141.0
1711331100000,66655.4,66709.9,66455.1,66583.5,82272.0
1711332000000,66583.5,66700.0,66480.5,66509.2,77040.0
1711332900000,66509.9,66680.7,66397.2,66637.4,125966.0
1711333800000,66638.6,66827.7,66609.0,66716.3,82533.0
1711334700000,66715.6,66769.3,66669.5,66712.7,34546.0
1711335600000,66712.0,66896.5,66584.9,66797.0,79984.0
1711336500000,66796.9,66846.5,66760.0,66775.1,41585.0
1711337400000,66775.1,67179.5,66774.2,67055.0,139988.0
1711338300000,67055.0,67366.0,66934.7,67365.9,197658.0
1711339200000,67365.9,67464.9,67165.0,67240.4,215789.0
1711340100000,67240.4,67250.0,67040.5,67214.1,84190.0
1711341000000,67214.1,67396.9,67183.2,67310.0,74197.0
1711341900000,67310.0,67550.0,67300.0,67509.0,178235.0
1711342800000,67509.1,67635.2,67436.7,67436.8,127985.0
1711343700000,67436.8,67596.0,67354.2,67560.3,94409.0
1711344600000,67560.3,67750.0,67430.0,67479.4,164226.0
1711345500000,67479.4,67488.3,67300.0,67355.4,86442.0
1711346400000,67355.4,67410.6,67128.6,67182.1,123410.0
1711347300000,67182.1,67266.0,67136.6,67163.0,79402.0
1711348200000,67162.9,67186.6,66890.6,67035.9,155367.0
1711349100000,67035.9,67197.2,66966.8,67155.7,83786.0
1711350000000,67155.7,67294.4,67102.1,67135.8,81575.0
1711350900000,67135.8,67173.7,66990.1,67169.6,71747.0
1711351800000,67169.7,67169.7,66978.9,67023.6,60569.0
1711352700000,67023.6,67030.0,66731.8,66830.0,170337.0
1711353600000,66830.0,67177.4,66800.0,67076.0,99718.0
1711354500000,67076.0,67149.1,66942.9,67083.8,54995.0
1711355400000,67083.9,67223.3,66902.0,67077.9,95083.0
1711356300000,67077.3,67095.8,66808.0,66941.3,118104.0
1711357200000,66941.2,67000.0,66765.9,66796.4,61207.0
1711358100000,66796.4,66910.7,66768.7,66861.8,39989.0
1711359000000,66863.9,66997.3,66756.0,66940.2,83013.0
1711359900000,66940.1,67117.6,66885.8,67068.1,46168.0
1711360800000,67068.0,67359.4,67011.6,67308.1,142468.0
1711361700000,67308.1,67333.1,67095.0,67095.1,80222.0
1711362600000,67095.1,67249.9,66961.3,66967.1,54908.0
1711363500000,66967.2,67044.5,66803.9,67006.9,144402.0
1711364400000,67006.9,67036.8,66798.9,66864.9,59429.0
1711365300000,66864.9,66922.1,66782.3,66887.2,75528.0
1711366200000,66887.3,67010.6,66766.6,66788.3,104331.0
1711367100000,66788.3,66900.0,66777.5,66811.6,74970.0
1711368000000,66811.6,67114.7,66785.1,67039.3,165863.0
1711368900000,67039.3,67198.0,66982.2,67099.9,105347.0
1711369800000,67100.0,67287.4,67017.1,67064.8,99978.0
1711370700000,67066.2,67161.5,66978.5,67085.9,54690.0
1711371600000,67085.9,67240.8,66931.6,66961.5,105301.0
1711372500000,66961.4,67000.0,66847.2,66943.9,130971.0
1711373400000,66944.0,67245.1,66943.9,67191.3,243414.0
1711374300000,67191.3,68049.9,67117.6,68006.3,681028.0
1711375200000,68006.4,68829.9,67681.9,68586.0,1188852.0
1711376100000,68586.0,69516.5,68578.1,69195.8,1035851.0
1711377000000,69195.9,69398.9,68855.0,69114.1,453639.0
1711377900000,69114.2,69437.4,68907.8,69381.0,366969.0
1711378800000,69381.0,69870.4,69170.7,69273.8,691101.0
1711379700000,69273.8,69617.9,69136.4,69490.0,309234.0
1711380600000,69492.0,69874.2,69365.2,69678.3,283911.0
1711381500000,69678.3,70090.8,69622.0,69797.9,503901.0
1711382400000,69798.0,69898.0,69454.5,69739.8,329741.0
1711383300000,69739.9,69811.1,69534.8,69546.1,147884.0
1711384200000,69546.0,70300.2,69530.0,70080.0,490338.0
1711385100000,70080.0,70261.2,69964.1,70172.0,226874.0
1711386000000,70172.9,70751.4,70143.6,70550.0,431331.0
1711386900000,70550.0,70795.0,70405.9,70678.2,319339.0
1711387800000,70678.3,70900.0,70296.0,70461.0,367475.0
1711388700000,70461.1,70689.6,70252.0,70566.6,155369.0
1711389600000,70566.7,70677.8,70506.1,70547.8,119943.0
1711390500000,70548.0,70812.1,70488.0,70666.7,139346.0
1711391400000,70666.7,70699.0,70389.5,70685.9,157300.0
1711392300000,70685.9,70930.0,70653.0,70869.9,140142.0
1711393200000,70870.0,70995.9,70588.2,70628.1,205875.0
1711394100000,70629.4,70796.4,70550.0,70643.9,104989.0
1711395000000,70643.9,70799.9,70588.0,70770.0,65053.0
1711395900000,70769.9,71063.9,70745.7,70991.7,205258.0
1711396800000,70991.7,71196.0,70755.9,70802.0,226670.0
1711397700000,70802.0,71044.0,70763.6,70899.2,97214.0
1711398600000,70899.2,70899.2,70708.9,70873.9,44960.0
1711399500000,70876.0,71015.0,70804.3,70933.9,102122.0
1711400400000,70934.0,70956.9,70400.0,70405.4,150769.0
1711401300000,70405.5,70411.5,69578.1,69840.5,433048.0
1711402200000,69840.4,70151.8,69708.8,70137.3,133687.0
1711403100000,70137.3,70148.5,69825.0,69887.1,56669.0
1711404000000,69887.1,70444.4,69876.0,70403.7,126407.0
1711404900000,70403.6,70547.7,70309.6,70382.9,71560.0
1711405800000,70382.9,70698.7,70325.0,70583.4,106470.0
1711406700000,70583.5,70597.7,70245.5,70321.9,119539.0
1711407600000,70322.0,70480.0,70259.9,70440.3,68961.0
1711408500000,70440.4,70470.0,70137.7,70181.5,74849.0
1711409400000,70181.5,70255.6,69820.0,69875.6,186305.0
1711410300000,69875.5,70000.0,69727.5,69890.1,146117.0
1711411200000,69890.2,69998.7,69750.0,69882.0,89282.0
1711412100000,69882.1,70014.0,69760.0,69956.1,87638.0
1711413000000,69956.0,70244.0,69936.5,70106.7,131765.0
1711413900000,70106.6,70145.9,69875.0,69910.0,54931.0
1711414800000,69910.0,70190.0,69800.5,70154.1,83651.0
1711415700000,70154.1,70324.0,70088.2,70285.6,116143.0
1711416600000,70285.6,70285.7,70188.5,70236.9,41242.0
1711417500000,70237.0,70324.0,70176.3,70284.0,72518.0
1711418400000,70283.9,70283.9,70052.6,70195.9,69238.0
1711419300000,70195.9,70300.0,70128.0,70250.8,56046.0
1711420200000,70250.8,70298.8,70215.3,70250.0,28835.0
1711421100000,70250.0,70565.6,70220.4,70542.1,159008.0
1711422000000,70542.2,70542.2,70300.0,70410.1,114697.0
1711422900000,70410.1,70550.0,70292.9,70491.1,96180.0
1711423800000,70490.0,70628.0,70360.9,70553.6,120892.0
1711424700000,70553.7,70581.6,70411.0,70439.1,53001.0
1711425600000,70439.2,70693.3,70431.9,70618.3,99807.0
1711426500000,70618.2,70635.0,70520.0,70612.0,48264.0
1711427400000,70612.1,70639.0,70516.0,70628.0,41489.0
1711428300000,70628.1,70642.6,70528.2,70610.6,39449.0
1711429200000,70610.6,70632.3,70433.0,70500.5,72063.0
1711430100000,70500.5,70541.6,70366.8,70367.0,72270.0
1711431000000,70367.0,70420.6,70266.8,70360.0,78838.0
1711431900000,70359.9,70429.8,70290.9,70319.6,45010.0
1711432800000,70319.5,70421.0,70289.0,70309.1,58832.0
1711433700000,70309.7,70410.6,70300.4,70409.8,31858.0
1711434600000,70409.8,70600.0,70405.8,70424.7,76251.0
1711435500000,70424.8,70666.7,70388.0,70629.3,103829.0
1711436400000,70629.2,70932.3,70619.6,70841.4,227162.0
1711437300000,70839.8,71606.5,70839.8,71500.5,572712.0
1711438200000,71500.5,71591.4,71125.0,71176.1,289900.0
1711439100000,71176.0,71193.6,70403.5,70504.1,613403.0
1711440000000,70505.8,70803.6,70269.5,70659.7,340900.0
1711440900000,70659.7,70848.7,70588.0,70604.5,112299.0
1711441800000,70604.5,70746.0,70493.6,70742.4,95737.0
1711442700000,70742.5,70747.9,70519.2,70719.6,91885.0
1711443600000,70719.6,70747.9,70640.0,70656.0,43179.0
1711444500000,70656.1,71124.0,70647.2,71047.9,230245.0
1711445400000,71047.9,71120.3,70950.7,71047.8,82842.0
1711446300000,71047.8,71322.2,71016.4,71166.8,184957.0
1711447200000,71173.4,71215.8,71056.0,71066.0,85465.0
1711448100000,71066.1,71177.3,70873.1,70930.3,130711.0
1711449000000,70930.2,71000.0,70888.0,70962.5,66675.0
1711449900000,70962.5,71067.4,70905.2,70912.4,44824.0
1711450800000,70912.4,70938.0,70708.7,70752.1,98968.0
1711451700000,70752.1,70887.8,70717.9,70736.1,98016.0
1711452600000,70736.2,70761.6,70641.9,70653.1,96618.0
1711453500000,70653.1,70879.2,70600.0,70710.0,94040.0
1711454400000,70710.1,70799.0,70550.0,70798.4,100690.0
1711455300000,70798.4,71010.0,70798.4,70834.2,112611.0
1711456200000,70834.2,71096.6,70816.0,71008.6,92336.0
1711457100000,71010.6,71146.2,70855.6,71135.2,83172.0
1711458000000,71135.1,71179.9,70833.2,70871.5,121964.0
1711458900000,70871.6,71000.0,70758.0,70844.3,89523.0
1711459800000,70844.4,70849.0,70110.0,70574.3,557204.0
1711460700000,70577.1,70978.1,70333.0,70415.9,413459.0
1711461600000,70416.0,70698.8,70120.0,70338.0,379825.0
1711462500000,70337.9,70407.0,69557.2,69607.4,619348.0
1711463400000,69607.5,69998.7,69282.0,69998.0,722432.0
1711464300000,69998.0,70409.1,69919.8,70338.7,386208.0
1711465200000,70338.7,70368.5,69860.7,70120.0,220694.0
1711466100000,70119.9,70238.7,69722.0,70170.1,249166.0
1711467000000,70176.7,70333.0,69952.3,70299.5,147354.0
1711467900000,70299.4,70360.0,70185.7,70260.1,93517.0
1711468800000,70262.6,70544.7,70009.4,70031.5,232159.0
1711469700000,70031.4,70078.0,69635.0,69900.0,281059.0
1711470600000,69900.0,69986.7,69425.5,69549.1,222887.0
1711471500000,69549.2,69819.7,69455.0,69754.0,136560.0
1711472400000,69754.1,69949.3,69510.1,69648.1,157062.0
1711473300000,69648.1,70124.7,69629.7,70075.3,123070.0
1711474200000,70074.7,70200.0,69975.5,70131.9,115869.0
1711475100000,70132.0,70233.6,70043.5,70087.5,69592.0
1711476000000,70087.6,70298.0,70044.2,70243.4,55300.0
1711476900000,70243.4,70281.0,70165.7,70212.1,33062.0
1711477800000,70212.0,70451.2,70174.1,70290.9,70433.0
1711478700000,70290.9,70416.5,69949.2,69966.8,97486.0
1711479600000,69966.9,70111.6,69680.0,69844.8,140723.0
1711480500000,69844.9,69982.3,69639.5,69773.9,116943.0
1711481400000,69773.8,69912.9,69668.0,69797.3,63008.0
1711482300000,69797.3,69930.2,69438.5,69488.4,124271.0
1711483200000,69493.8,69800.0,69400.0,69708.0,116511.0
1711484100000,69707.9,69800.0,69566.7,69758.8,41884.0
1711485000000,69758.8,69888.0,69758.8,69795.9,36305.0
1711485900000,69795.9,69870.6,69677.5,69846.0,35277.0
1711486800000,69848.1,69943.7,69746.9,69898.5,56096.0
1711487700000,69897.1,70169.6,69833.2,70142.3,63020.0
1711488600000,70142.4,70233.7,70024.0,70056.9,47283.0
1711489500000,70056.9,70131.3,70000.0,70019.9,20766.0
1711490400000,70019.9,70087.2,69882.9,69928.0,48252.0
1711491300000,69928.0,69929.7,69658.0,69891.2,77144.0
1711492200000,69891.2,70163.0,69801.2,70048.3,76694.0
1711493100000,70049.2,70309.6,70023.8,70272.3,98580.0
1711494000000,70272.3,70335.3,70215.0,70319.2,47428.0
1711494900000,70319.2,70325.7,70070.0,70172.4,51963.0
1711495800000,70172.3,70172.3,70050.0,70057.0,53807.0
1711496700000,70057.0,70117.5,69963.6,70008.0,45099.0
1711497600000,70008.7,70063.4,69849.3,69940.8,45456.0
1711498500000,69940.5,70158.3,69861.0,70150.0,79747.0
1711499400000,70150.1,70515.9,70059.9,70491.7,239780.0
1711500300000,70488.1,70731.3,70336.0,70648.5,143014.0
1711501200000,70647.5,70771.7,70441.0,70696.5,115392.0
1711502100000,70696.6,70750.0,70455.4,70488.7,97403.0
1711503000000,70488.8,70640.0,70451.5,70499.9,46286.0
1711503900000,70500.0,70510.0,70212.2,70362.1,126531.0
1711504800000,70362.1,70408.2,70184.4,70250.1,91450.0
1711505700000,70250.1,70470.3,70201.3,70410.8,87263.0
1711506600000,70410.8,70516.9,70328.3,70401.8,43252.0
1711507500000,70401.9,70626.1,70330.2,70599.9,74303.0
1711508400000,70599.9,70703.5,70504.1,70541.8,90874.0
1711509300000,70541.8,70640.6,70491.5,70502.8,48580.0
1711510200000,70503.7,70560.0,70368.2,70372.0,55665.0
1711511100000,70372.1,70500.0,70320.0,70398.0,77258.0
1711512000000,70400.0,70512.4,70300.0,70304.2,53415.0
1711512900000,70304.3,70381.2,70259.8,70350.1,76243.0
1711513800000,70350.1,70431.0,70272.3,70354.1,44434.0
1711514700000,70354.1,70363.9,70054.0,70207.2,148372.0
1711515600000,70207.2,70369.5,70149.3,70349.6,90372.0
1711516500000,70349.7,70446.1,70339.4,70359.7,50814.0
1711517400000,70359.7,70538.0,70345.1,70465.1,65301.0
1711518300000,70465.0,70514.5,70386.2,70478.9,36246.0
1711519200000,70478.9,70595.0,70411.3,70411.3,59473.0
1711520100000,70411.4,70430.6,70311.6,70355.6,57768.0
1711521000000,70361.4,70387.5,70224.8,70290.0,65834.0
1711521900000,70290.0,70345.1,70160.0,70316.9,77147.0
1711522800000,70316.9,70348.6,70050.0,70063.2,93965.0
1711523700000,70063.3,70109.9,69777.0,69827.5,236110.0
1711524600000,69827.6,69955.2,69667.7,69835.1,155164.0
1711525500000,69835.1,69874.6,69633.3,69734.8,117086.0
1711526400000,69736.2,69954.0,69707.5,69941.4,97864.0
1711527300000,69941.5,69999.1,69840.8,69845.1,70264.0
1711528200000,69845.1,69887.6,69686.6,69686.6,52057.0
1711529100000,69686.6,69830.0,69520.9,69556.1,141947.0
1711530000000,69556.1,69794.7,69422.3,69689.7,211442.0
1711530900000,69689.7,69890.0,69568.9,69841.4,128985.0
1711531800000,69841.4,70023.4,69704.5,69884.2,102713.0
1711532700000,69884.2,70150.0,69825.0,70064.0,109710.0
1711533600000,70064.0,70142.0,69919.9,70057.2,95194.0
1711534500000,70057.2,70234.0,69961.2,70217.5,78294.0
1711535400000,70217.5,70222.7,70054.2,70055.1,73326.0
1711536300000,70055.1,70160.0,69963.8,70140.1,66555.0
1711537200000,70140.2,70248.1,70032.1,70199.1,68995.0
1711538100000,70199.9,70220.0,70052.0,70130.0,42949.0
1711539000000,70129.9,70393.2,70068.0,70246.5,120194.0
1711539900000,70246.5,70332.5,70166.0,70247.8,74067.0
1711540800000,70247.8,70400.0,70238.0,70246.2,90484.0
1711541700000,70246.2,70254.0,70140.0,70182.5,66101.0
1711542600000,70182.5,70279.6,70024.0,70032.6,77535.0
1711543500000,70032.5,70208.7,70000.0,70208.6,81040.0
1711544400000,70208.7,71327.9,70205.6,71263.1,761601.0
1711545300000,71263.1,71770.6,71148.0,71700.0,534400.0
1711546200000,71700.1,71842.0,70405.1,70589.2,748401.0
1711547100000,70589.2,70711.1,69522.1,69936.4,852652.0
1711548000000,69936.4,70043.9,68567.4,69252.1,1194032.0
1711548900000,69253.4,70097.7,69094.7,69759.7,734389.0
1711549800000,69759.6,70239.4,69630.0,69951.0,453634.0
1711550700000,69951.0,70098.9,69664.0,70087.0,279219.0
1711551600000,70087.0,70114.0,69226.8,69454.6,371359.0
1711552500000,69457.4,69551.0,69100.0,69234.0,335897.0
1711553400000,69233.9,69477.4,69036.0,69160.1,231583.0
1711554300000,69160.1,69226.2,68863.4,68887.9,216537.0
1711555200000,68887.9,69331.4,68389.0,68659.3,600974.0
1711556100000,68659.3,69217.3,68541.1,69120.1,316978.0
1711557000000,69113.4,69290.0,69058.6,69201.7,138028.0
1711557900000,69201.6,69299.0,68964.6,69264.8,91851.0
1711558800000,69264.7,69438.0,69019.3,69408.0,120002.0
1711559700000,69408.1,69408.1,69148.0,69163.4,76814.0
1711560600000,69163.5,69209.8,69055.3,69149.3,56398.0
1711561500000,69148.8,69166.7,68610.8,68700.0,170297.0
1711562400000,68700.1,68942.1,68508.7,68643.1,210191.0
1711563300000,68643.1,68842.6,68430.0,68656.9,154323.0
1711564200000,68657.0,68903.0,68536.8,68828.0,100405.0
1711565100000,68828.1,68936.0,68486.3,68505.9,124553.0
1711566000000,68506.0,68960.0,68506.0,68943.9,117296.0
1711566900000,68943.8,68943.8,68763.0,68784.2,69569.0
1711567800000,68784.1,68799.9,68471.1,68618.0,103823.0
1711568700000,68617.0,68875.9,68559.6,68679.4,83517.0
1711569600000,68679.4,69009.6,68650.0,68987.0,97029.0
1711570500000,68987.0,69200.0,68925.0,69034.2,97736.0
1711571400000,69034.2,69054.5,68836.7,69023.1,44434.0
1711572300000,69023.2,69023.2,68849.0,68925.3,34502.0
1711573200000,68925.2,69158.7,68920.2,69127.3,39034.0
1711574100000,69127.2,69272.1,69088.1,69196.6,82169.0
1711575000000,69196.0,69240.0,69114.7,69181.6,25777.0
1711575900000,69181.5,69181.5,68910.4,68947.9,57454.0
1711576800000,68947.9,69136.4,68923.5,69067.1,46658.0
1711577700000,69067.1,69398.2,68983.6,69354.5,115944.0
1711578600000,69354.5,69449.5,69244.1,69417.9,81348.0
1711579500000,69417.9,69472.6,69350.1,69461.1,79444.0
1711580400000,69461.0,69469.9,69290.0,69359.7,65822.0
1711581300000,69359.6,69359.6,69219.0,69223.3,65887.0
1711582200000,69223.3,69237.6,69090.9,69201.5,96253.0
1711583100000,69201.4,69659.8,69152.0,69492.7,209280.0
1711584000000,69492.7,69599.6,69400.2,69560.8,70812.0
1711584900000,69560.8,70020.0,69494.3,69837.0,289080.0
1711585800000,69837.0,69860.0,69459.4,69608.0,145887.0
1711586700000,69608.0,69824.3,69570.0,69706.8,63085.0
1711587600000,69706.9,69773.3,69570.0,69632.0,57519.0
1711588500000,69632.0,69632.0,69377.0,69454.4,74984.0
1711589400000,69454.5,69608.3,69325.1,69488.1,76551.0
1711590300000,69488.0,69555.0,69421.9,69475.1,41012.0
1711591200000,69475.1,69612.9,69380.0,69594.6,60637.0
1711592100000,69594.5,69594.6,69460.0,69476.1,39316.0
1711593000000,69476.0,69485.8,69001.3,69008.0,184192.0
1711593900000,69008.0,69186.8,68927.2,69186.7,106496.0
1711594800000,69186.8,69362.0,69115.9,69323.9,98100.0
1711595700000,69323.9,69346.1,69210.2,69301.9,48965.0
1711596600000,69302.0,69415.9,69065.2,69105.8,88741.0
1711597500000,69105.8,69370.0,69083.6,69315.7,49512.0
1711598400000,69312.1,69568.0,69290.5,69564.0,141065.0
1711599300000,69564.0,69716.2,69494.4,69678.2,104901.0
1711600200000,69676.4,69780.0,69574.1,69707.9,99387.0
1711601100000,69707.9,69742.9,69620.0,69738.1,45544.0
1711602000000,69738.0,69806.5,69633.3,69661.0,61779.0
1711602900000,69661.1,69945.2,69617.9,69820.7,89885.0
1711603800000,69820.7,69829.0,69636.5,69772.3,55679.0
1711604700000,69772.4,69780.2,69638.1,69728.0,32807.0
1711605600000,69728.0,69998.0,69655.9,69997.9,112930.0
1711606500000,69997.9,70123.0,69883.3,70078.7,193756.0
1711607400000,70079.7,70421.6,70022.1,70377.4,242237.0
1711608300000,70377.3,70426.7,70192.2,70367.7,148391.0
1711609200000,70367.8,70488.0,70236.4,70269.9,144682.0
1711610100000,70269.9,70449.4,70192.3,70348.0,77033.0
1711611000000,70348.0,70449.6,70298.4,70350.1,61195.0
1711611900000,70350.1,70446.0,70250.0,70415.2,79021.0
1711612800000,70416.0,70605.0,70335.0,70342.7,164431.0
1711613700000,70342.7,70620.0,70300.0,70499.8,123349.0
1711614600000,70499.9,70736.0,70494.7,70654.2,119691.0
1711615500000,70654.3,70874.0,70556.6,70586.5,215424.0
1711616400000,70586.5,70960.0,70542.8,70761.9,174092.0
1711617300000,70761.9,70814.7,70623.2,70686.1,91234.0
1711618200000,70686.0,70744.6,70635.0,70720.1,58741.0
1711619100000,70720.1,70752.1,70551.8,70598.0,66438.0
1711620000000,70598.1,70721.5,70596.6,70599.2,53158.0
1711620900000,70599.2,70604.8,70371.0,70390.1,131383.0
1711621800000,70390.2,70625.5,70370.0,70613.8,75952.0
1711622700000,70613.9,70888.0,70604.1,70830.4,119855.0
1711623600000,70830.3,71000.0,70683.2,70825.4,168565.0
1711624500000,70825.5,70919.9,70760.5,70785.4,68792.0
1711625400000,70783.9,70830.0,70560.0,70600.3,89598.0
1711626300000,70600.4,70787.9,70580.1,70678.6,79281.0
1711627200000,70680.6,70870.6,70464.4,70541.9,149394.0
1711628100000,70541.9,70638.0,70416.0,70545.8,80147.0
1711629000000,70545.9,70666.7,70370.1,70580.9,141908.0
1711629900000,70581.0,70899.8,70402.0,70876.1,121373.0
1711630800000,70876.0,70944.0,70683.9,70772.7,204460.0
1711631700000,70772.7,71179.8,70428.8,71075.7,354941.0
1711632600000,71075.7,71428.0,70732.0,70982.7,709150.0
1711633500000,70982.8,71031.0,70769.1,70903.5,189592.0
1711634400000,70903.5,71250.0,70700.2,70805.3,287781.0
1711635300000,70805.3,71131.7,70720.8,71055.9,169327.0
1711636200000,71057.5,71546.7,71032.8,71311.6,504791.0
1711637100000,71311.5,71587.3,71272.1,71563.1,281199.0
1711638000000,71563.1,71570.0,71170.0,71315.5,245059.0
1711638900000,71315.4,71366.8,71015.4,71083.5,166374.0
1711639800000,71085.1,71268.1,70986.1,71259.5,171359.0
1711640700000,71259.5,71468.0,71226.2,71310.0,139719.0
1711641600000,71310.0,71350.0,70821.2,70832.1,227919.0
1711642500000,70832.0,71006.6,70660.1,70977.9,189021.0
1711643400000,70978.0,71041.1,70807.1,70845.1,121404.0
1711644300000,70845.2,70935.4,70541.9,70721.5,168739.0
1711645200000,70722.4,70785.7,70582.5,70648.4,77624.0
1711646100000,70648.3,70746.8,70500.0,70733.8,112007.0
1711647000000,70733.9,70800.0,70659.1,70697.3,59961.0
1711647900000,70697.4,70876.8,70647.6,70823.1,45936.0
1711648800000,70826.9,70999.0,70785.8,70952.8,69915.0
1711649700000,70956.0,71004.0,70894.3,70924.1,36068.0
1711650600000,70924.0,70935.7,70727.0,70764.9,32914.0
1711651500000,70764.8,70765.9,70440.0,70583.3,150324.0
1711652400000,70583.2,70809.4,70525.0,70751.7,112968.0
1711653300000,70751.8,70807.0,70691.9,70707.2,54562.0
1711654200000,70707.2,70928.0,70689.4,70873.9,71802.0
1711655100000,70873.8,70882.9,70713.5,70806.0,57415.0
1711656000000,70806.0,70883.0,70672.5,70687.6,48920.0
1711656900000,70687.5,70713.0,70630.0,70632.0,23765.0
1711657800000,70632.0,70798.8,70629.0,70778.0,16856.0
1711658700000,70778.0,70778.0,70671.9,70684.9,19853.0
1711659600000,70684.9,70840.4,70660.3,70820.9,44905.0
1711660500000,70821.0,70921.0,70790.0,70883.8,23598.0
1711661400000,70883.7,70891.1,70769.3,70792.1,16574.0
1711662300000,70792.1,70862.2,70723.8,70785.1,12421.0
1711663200000,70785.1,70834.3,70560.0,70670.1,51532.0
1711664100000,70670.2,70810.0,70552.8,70809.9,35213.0
1711665000000,70809.9,70871.4,70744.7,70850.9,31711.0
1711665900000,70850.8,70898.8,70770.2,70860.0,40433.0
1711666800000,70860.8,71072.7,70793.8,71056.1,88394.0
1711667700000,71056.1,71087.8,70931.9,70932.0,61659.0
1711668600000,70931.9,70934.8,70716.5,70741.2,54744.0
1711669500000,70741.2,70805.6,70689.8,70795.9,45644.0
1711670400000,70796.0,70846.7,70704.0,70732.9,44538.0
1711671300000,70733.0,70800.0,70706.1,70772.8,33876.0
1711672200000,70774.7,70774.7,70667.2,70725.3,45861.0
1711673100000,70725.3,70776.3,70635.0,70767.4,28066.0
1711674000000,70767.5,70848.6,70672.0,70848.6,46520.0
1711674900000,70848.6,70928.7,70791.0,70881.2,43050.0
1711675800000,70881.2,70938.9,70822.0,70912.6,26018.0
1711676700000,70912.6,70912.6,70792.1,70818.1,69453.0
1711677600000,70818.1,70847.1,70779.6,70808.3,39476.0
1711678500000,70808.2,70817.9,70685.0,70686.0,50270.0
1711679400000,70686.0,70777.8,70652.3,70666.8,39159.0
1711680300000,70666.9,70711.5,70604.5,70656.0,49323.0
1711681200000,70656.0,70744.6,70621.2,70703.4,35056.0
1711682100000,70703.4,70718.3,70316.2,70332.6,165672.0
1711683000000,70332.7,70509.2,70322.8,70450.1,70936.0
1711683900000,70450.1,70521.7,70436.2,70471.1,35469.0
1711684800000,70471.0,70499.4,70350.0,70371.0,44568.0
1711685700000,70371.1,70534.9,70318.0,70530.0,57164.0
1711686600000,70530.0,70574.5,70492.2,70517.6,45326.0
1711687500000,70517.6,70517.6,70341.1,70400.0,55974.0
1711688400000,70399.9,70488.0,70399.9,70477.9,35258.0
1711689300000,70477.9,70477.9,70229.4,70387.5,141856.0
1711690200000,70388.6,70389.0,70226.0,70272.0,72109.0
1711691100000,70271.9,70347.9,70222.0,70222.1,64946.0
1711692000000,70222.0,70341.8,70048.8,70330.1,164498.0
1711692900000,70330.0,70390.5,70315.5,70356.0,51276.0
1711693800000,70356.0,70512.3,70324.0,70509.1,74574.0
1711694700000,70509.0,70509.0,70440.6,70451.4,31910.0
1711695600000,70451.5,70529.6,70349.9,70355.9,68850.0
1711696500000,70355.9,70410.0,70267.4,70320.0,51578.0
1711697400000,70316.1,70316.1,69850.0,70030.1,367029.0
1711698300000,70030.1,70053.5,69758.7,69818.9,236496.0
1711699200000,69819.0,70137.7,69742.0,69766.3,287568.0
1711700100000,69766.3,69920.0,69753.9,69903.2,88792.0
1711701000000,69903.1,70024.9,69860.0,69994.9,74413.0
1711701900000,69994.9,70111.0,69952.4,69973.9,92607.0
1711702800000,69973.9,70090.0,69960.0,69997.9,50181.0
1711703700000,69997.9,70045.0,69888.0,69911.9,41593.0
1711704600000,69911.9,69912.0,69620.0,69684.4,231419.0
1711705500000,69684.4,69835.6,69655.0,69782.9,88298.0
1711706400000,69783.0,69926.8,69602.5,69916.8,124163.0
1711707300000,69916.8,69972.8,69864.0,69957.9,66326.0
1711708200000,69957.9,70024.6,69861.7,69861.7,92285.0
1711709100000,69859.7,70168.0,69851.6,70135.1,111412.0
1711710000000,70134.1,70231.0,70089.1,70167.7,141427.0
1711710900000,70167.7,70362.3,70164.0,70259.3,108274.0
1711711800000,70259.3,70344.4,70177.0,70216.0,71265.0
1711712700000,70216.1,70247.2,70150.0,70167.7,43813.0
1711713600000,70167.7,70329.1,69925.7,69976.3,135927.0
1711714500000,69976.3,70192.7,69839.4,70038.4,130574.0
1711715400000,70038.5,70230.0,69990.3,70069.9,71603.0
1711716300000,70069.9,70243.9,70021.9,70165.0,62008.0
1711717200000,70165.0,70230.7,70070.0,70103.6,44521.0
1711718100000,70103.8,70297.5,70103.8,70187.4,60171.0
1711719000000,70186.6,70669.0,70170.5,70501.8,252313.0
1711719900000,70501.7,70528.0,70292.1,70454.9,87611.0
1711720800000,70454.9,70522.5,70355.4,70515.0,60900.0
1711721700000,70515.0,70522.1,70360.0,70427.5,43568.0
1711722600000,70427.4,70473.3,70337.3,70420.5,59515.0
1711723500000,70420.5,70463.5,70054.5,70086.0,124249.0
1711724400000,70085.9,70157.0,69850.0,70070.8,188268.0
1711725300000,70070.9,70097.4,69800.0,69948.5,142818.0
1711726200000,69948.5,69956.1,69016.5,69405.7,666307.0
1711727100000,69406.0,69500.0,69129.3,69202.1,299507.0
1711728000000,69202.2,69454.4,69173.2,69448.7,170096.0
1711728900000,69448.8,69622.5,69341.5,69406.8,164837.0
1711729800000,69406.1,69541.9,69319.3,69358.0,73972.0
1711730700000,69358.0,69522.1,69111.0,69212.0,139620.0
1711731600000,69212.0,69374.9,69119.5,69332.0,107137.0
1711732500000,69330.9,69466.0,69326.1,69364.0,79236.0
1711733400000,69363.9,69475.5,69274.2,69407.5,61729.0
1711734300000,69407.5,69494.1,69205.7,69433.9,95283.0
1711735200000,69433.8,69500.0,69345.8,69490.0,68733.0
1711736100000,69489.9,69549.6,69441.2,69534.9,36352.0
1711737000000,69524.0,69627.5,69471.5,69499.9,53786.0
1711737900000,69499.9,69538.5,69423.9,69530.1,29069.0
1711738800000,69530.1,69530.1,69424.1,69470.2,20593.0
1711739700000,69470.2,69569.7,69375.0,69490.3,22069.0
1711740600000,69490.4,69589.2,69442.0,69578.1,21232.0
1711741500000,69578.0,69694.0,69540.7,69682.3,45647.0
1711742400000,69682.3,69748.2,69608.3,69662.8,49637.0
1711743300000,69662.8,69685.0,69580.0,69655.7,21314.0
1711744200000,69655.8,69693.7,69588.0,69613.9,16674.0
1711745100000,69616.3,69643.5,69545.0,69643.5,18238.0
1711746000000,69643.6,69653.8,69492.9,69594.1,21598.0
1711746900000,69594.1,69594.2,69422.7,69498.3,25637.0
1711747800000,69498.3,69542.6,69290.7,69435.4,60038.0
1711748700000,69435.4,69537.2,69427.7,69449.9,14808.0
1711749600000,69450.0,69633.7,69450.0,69546.1,34516.0
1711750500000,69546.0,69815.1,69546.0,69726.1,91870.0
1711751400000,69726.2,69823.0,69693.2,69707.3,48052.0
1711752300000,69707.4,69862.8,69700.0,69826.1,49542.0
1711753200000,69826.1,69888.0,69753.4,69833.1,64807.0
1711754100000,69833.1,69941.2,69828.2,69877.8,58042.0
1711755000000,69878.1,69942.8,69843.2,69910.8,32756.0
1711755900000,69910.0,69939.0,69854.0,69870.0,28789.0
1711756800000,69870.0,69933.5,69808.3,69860.0,39048.0
1711757700000,69860.0,69860.0,69733.3,69810.0,38138.0
1711758600000,69810.0,69900.0,69752.6,69894.1,35024.0
1711759500000,69894.1,69975.8,69873.5,69958.8,39548.0
1711760400000,69958.7,70040.0,69862.1,69992.1,80641.0
1711761300000,69992.2,70139.0,69945.9,70110.8,85466.0
1711762200000,70110.8,70214.8,70050.2,70085.7,94969.0
1711763100000,70085.6,70085.6,69966.9,70017.5,59662.0
1711764000000,70017.5,70050.0,69937.4,69962.0,38303.0
1711764900000,69962.1,70029.1,69918.1,69957.4,20863.0
1711765800000,69957.4,70007.6,69946.5,69996.1,30845.0
1711766700000,69996.2,69996.2,69875.0,69974.8,35017.0
1711767600000,69974.9,70062.3,69940.0,70022.2,36455.0
1711768500000,70022.3,70039.0,69867.3,69910.5,45467.0
1711769400000,69910.5,69979.8,69845.8,69860.0,30881.0
1711770300000,69859.9,69880.4,69765.0,69809.9,91469.0
1711771200000,69809.9,69929.4,69781.8,69855.1,43983.0
1711772100000,69855.2,69926.0,69822.6,69896.2,35808.0
1711773000000,69896.1,69988.0,69896.1,69960.0,35285.0
1711773900000,69959.7,70135.2,69959.7,70111.0,72146.0
1711774800000,70111.0,70347.1,70104.1,70126.0,197142.0
1711775700000,70126.0,70273.9,69985.7,69991.0,139062.0
1711776600000,69991.1,70086.5,69917.2,70050.9,85414.0
1711777500000,70050.8,70110.0,70007.7,70033.2,37191.0
1711778400000,70033.3,70061.9,69910.0,69999.9,84951.0
1711779300000,69999.8,70127.8,69980.6,70100.3,40361.0
1711780200000,70100.4,70109.4,69920.1,69984.9,39639.0
1711781100000,69985.0,70053.8,69970.1,69975.8,26689.0
1711782000000,69975.7,70057.0,69936.0,70039.7,25436.0
1711782900000,70039.8,70045.0,69958.0,69967.5,18404.0
1711783800000,69967.5,70017.7,69953.2,69999.6,34236.0
1711784700000,69999.7,70025.0,69862.6,69872.3,68358.0
1711785600000,69874.9,70007.5,69854.7,69969.0,55326.0
1711786500000,69968.9,70056.2,69921.4,69970.0,38825.0
1711787400000,69969.1,69980.3,69864.0,69891.6,39025.0
1711788300000,69891.6,70024.0,69841.7,69995.8,45666.0
1711789200000,69995.8,70024.0,69936.9,70008.5,20587.0
1711790100000,70008.6,70182.0,70008.5,70098.9,91030.0
1711791000000,70098.9,70147.8,70065.3,70116.8,26718.0
1711791900000,70116.1,70116.1,70019.0,70038.5,21100.0
1711792800000,70038.5,70054.0,69989.8,69995.1,21340.0
1711793700000,69995.1,70055.0,69958.3,70047.9,21501.0
1711794600000,70048.0,70142.0,70047.9,70058.0,27466.0
1711795500000,70057.9,70069.4,70006.0,70057.4,18976.0
1711796400000,70061.9,70158.1,70061.9,70103.5,46076.0
1711797300000,70103.6,70151.3,70074.2,70102.5,36866.0
1711798200000,70102.5,70208.5,70102.4,70150.3,77990.0
1711799100000,70150.2,70220.5,70123.0,70207.5,55373.0
1711800000000,70207.5,70248.0,70125.2,70165.2,55719.0
1711800900000,70165.1,70219.0,70111.0,70144.9,39662.0
1711801800000,70145.0,70210.8,70138.3,70191.2,40679.0
1711802700000,70191.2,70250.0,70177.8,70245.1,24079.0
1711803600000,70245.1,70300.0,70171.5,70188.1,60575.0
1711804500000,70188.1,70259.5,70182.9,70186.3,28226.0
1711805400000,70186.2,70210.0,70100.0,70170.1,51970.0
1711806300000,70170.1,70186.0,70141.8,70178.7,22680.0
1711807200000,70178.8,70208.2,70126.8,70130.0,38106.0
1711808100000,70130.0,70200.0,70130.0,70159.2,19897.0
1711809000000,70159.3,70193.0,70037.0,70068.7,60622.0
1711809900000,70068.7,70116.1,70013.4,70068.9,66222.0
1711810800000,70068.9,70185.2,70068.9,70118.2,44183.0
1711811700000,70118.2,70141.9,70000.0,70041.0,61196.0
1711812600000,70041.0,70053.1,69949.7,70020.0,61953.0
1711813500000,70020.0,70046.1,69973.0,70028.1,22191.0
1711814400000,70028.0,70077.6,69930.7,69983.4,52527.0
1711815300000,69983.4,70070.0,69927.0,70054.1,59862.0
1711816200000,70054.1,70127.3,69981.7,70016.0,29320.0
1711817100000,70016.0,70333.0,70004.9,70214.1,122033.0
1711818000000,70214.1,70221.7,70041.0,70062.7,79302.0
1711818900000,70062.7,70120.0,70025.0,70080.0,42237.0
1711819800000,70080.3,70127.8,70053.0,70095.1,23555.0
1711820700000,70095.2,70103.3,70050.0,70075.0,19449.0
1711821600000,70075.0,70075.1,69938.9,69960.8,53392.0
1711822500000,69960.8,70010.0,69909.1,70008.0,44172.0
1711823400000,70008.0,70025.0,69953.4,69976.4,18246.0
1711824300000,69976.4,70006.3,69950.7,69956.5,35094.0
1711825200000,69956.4,69956.5,69726.9,69802.9,169165.0
1711826100000,69802.9,69929.9,69703.0,69929.8,55746.0
1711827000000,69929.8,69948.7,69835.9,69888.2,19973.0
1711827900000,69888.1,69967.2,69845.9,69922.5,25717.0
1711828800000,69922.6,69926.5,69804.4,69872.1,18278.0
1711829700000,69872.1,69932.3,69864.0,69917.5,15186.0
1711830600000,69917.5,69917.5,69805.1,69882.9,16036.0
1711831500000,69882.9,69882.9,69831.4,69840.1,12046.0
1711832400000,69838.1,69883.0,69730.2,69734.1,28413.0
1711833300000,69734.1,69843.5,69724.4,69724.4,22127.0
1711834200000,69724.5,69780.0,69635.7,69780.0,37862.0
1711835100000,69773.5,69790.0,69679.2,69745.1,20263.0
1711836000000,69745.1,69789.0,69671.0,69727.9,29056.0
1711836900000,69727.9,69862.4,69701.0,69791.2,39010.0
1711837800000,69791.2,69818.2,69700.5,69736.2,22151.0
1711838700000,69736.2,69791.2,69687.4,69749.8,15246.0
1711839600000,69749.8,69803.1,69700.0,69711.1,20405.0
1711840500000,69711.0,69741.7,69560.4,69569.7,50633.0
1711841400000,69569.8,69689.3,69569.8,69645.0,32933.0
1711842300000,69645.1,69705.0,69592.8,69609.9,41522.0
1711843200000,69609.9,69754.1,69581.4,69754.1,41049.0
1711844100000,69754.2,69946.5,69754.2,69882.5,89585.0
1711845000000,69882.5,69998.0,69841.0,69947.2,45679.0
1711845900000,69947.3,69969.2,69892.2,69903.5,23101.0
1711846800000,69903.5,70119.9,69872.3,70016.5,104737.0
1711847700000,70016.6,70069.3,69970.7,69990.1,44384.0
1711848600000,69990.1,70083.9,69960.0,70060.0,39110.0
1711849500000,70060.0,70141.8,70031.2,70078.1,34445.0
1711850400000,70078.2,70171.1,70000.0,70144.1,44395.0
1711851300000,70144.1,70199.7,70098.1,70142.9,33820.0
1711852200000,70142.9,70143.0,70038.9,70049.8,31646.0
1711853100000,70049.7,70061.0,69981.0,70027.0,39561.0
1711854000000,70027.1,70041.7,69902.7,69906.1,36414.0
1711854900000,69906.1,69954.3,69807.4,69950.0,60697.0
1711855800000,69950.1,70016.9,69940.4,69971.5,38464.0
1711856700000,69971.4,70000.0,69926.3,69950.6,20837.0
1711857600000,69950.6,69967.3,69903.2,69967.3,18864.0
1711858500000,69967.3,70000.0,69931.5,70000.0,13562.0
1711859400000,70000.0,70148.0,69996.9,70122.9,91789.0
1711860300000,70123.0,70166.0,70082.2,70155.1,51396.0
1711861200000,70155.0,70285.6,70100.0,70279.8,86504.0
1711862100000,70279.7,70330.0,70150.4,70263.9,146266.0
1711863000000,70264.0,70298.7,70229.5,70248.1,69888.0
1711863900000,70248.1,70536.1,70248.0,70385.9,215034.0
1711864800000,70385.8,70450.0,70290.9,70317.4,81565.0
1711865700000,70317.3,70342.3,70220.0,70257.9,50519.0
1711866600000,70257.9,70341.6,70209.1,70319.4,45230.0
1711867500000,70319.4,70370.4,70215.0,70255.8,56374.0
1711868400000,70255.8,70348.7,70248.5,70317.0,21513.0
1711869300000,70317.0,70354.2,70238.3,70244.9,27422.0
1711870200000,70245.0,70309.5,70187.5,70296.5,49408.0
1711871100000,70296.5,70370.4,70296.5,70340.0,86392.0
1711872000000,70342.6,70377.5,70318.0,70361.1,64995.0
1711872900000,70361.2,70518.0,70361.1,70430.7,62816.0
1711873800000,70430.7,70526.0,70367.1,70375.3,46568.0
1711874700000,70375.3,70387.3,70271.1,70310.6,55991.0
1711875600000,70310.5,70327.5,70252.1,70278.0,31185.0
1711876500000,70278.1,70361.2,70196.0,70331.8,52356.0
1711877400000,70331.8,70370.6,70283.5,70365.2,19064.0
1711878300000,70365.3,70365.3,70271.7,70273.5,23709.0
1711879200000,70273.6,70332.5,70273.5,70331.0,17997.0
1711880100000,70331.0,70355.7,70304.7,70320.9,92086.0
1711881000000,70320.8,70344.0,70255.0,70325.9,120816.0
1711881900000,70325.9,70372.2,70311.9,70312.0,23190.0
1711882800000,70311.9,70463.6,70311.9,70425.2,49164.0
1711883700000,70424.2,70483.0,70342.1,70413.9,57863.0
1711884600000,70414.0,70461.3,70358.0,70435.3,29053.0
1711885500000,70434.7,70473.8,70368.5,70425.0,29204.0
1711886400000,70425.0,70664.5,70425.0,70604.0,104713.0
1711887300000,70603.9,70665.0,70360.8,70466.8,128763.0
1711888200000,70466.8,70528.4,70410.7,70449.9,29981.0
1711889100000,70449.9,70544.0,70440.9,70535.0,33946.0
1711890000000,70534.9,70739.3,70534.9,70709.2,117497.0
1711890900000,70709.2,70773.4,70658.4,70681.1,93544.0
1711891800000,70681.2,70760.0,70618.3,70690.8,63380.0
1711892700000,70690.9,70701.3,70597.2,70623.8,70554.0
1711893600000,70623.8,70623.9,70470.0,70550.1,89189.0
1711894500000,70550.1,70702.5,70475.0,70680.1,50371.0
1711895400000,70680.0,70710.1,70604.7,70659.6,36281.0
1711896300000,70659.6,70672.8,70528.6,70567.6,33676.0
1711897200000,70567.7,70575.8,70400.1,70425.6,109955.0
1711898100000,70425.6,70470.0,70306.7,70364.0,71139.0
1711899000000,70364.0,70442.8,70364.0,70400.3,22801.0
1711899900000,70400.3,70429.8,70336.3,70407.9,46994.0
1711900800000,70407.9,70638.6,70345.3,70602.4,103806.0
1711901700000,70602.5,70721.0,70539.9,70549.1,121106.0
1711902600000,70549.2,70596.2,70511.3,70540.7,46475.0
1711903500000,70540.7,70596.1,70477.3,70515.9,29072.0
1711904400000,70515.9,70560.9,70482.5,70545.2,25386.0
1711905300000,70545.1,70554.0,70499.0,70539.1,16696.0
1711906200000,70539.0,70589.9,70480.1,70524.8,11775.0
1711907100000,70524.8,70588.7,70472.3,70545.4,29740.0
1711908000000,70545.3,70554.4,70466.7,70528.2,16378.0
1711908900000,70528.3,70599.4,70491.7,70599.2,18149.0
1711909800000,70599.2,71188.8,70567.6,71010.8,398028.0
1711910700000,71010.7,71348.7,70875.3,70934.4,308144.0
1711911600000,70934.4,71076.7,70709.2,70961.0,153847.0
1711912500000,70967.4,71119.9,70942.3,71063.9,61565.0
1711913400000,71064.0,71242.5,70947.3,71205.9,77046.0
1711914300000,71205.8,71207.8,71070.6,71105.9,46152.0
1711915200000,71105.9,71217.3,71080.0,71132.0,41674.0
1711916100000,71127.8,71148.6,70919.4,70980.3,38198.0
1711917000000,70980.3,71005.7,70809.6,70835.2,44543.0
1711917900000,70835.2,71007.7,70835.2,70914.2,40952.0
1711918800000,70914.1,71036.8,70858.4,71029.6,42927.0
1711919700000,71029.7,71035.1,70791.7,70843.7,77840.0
1711920600000,70843.8,70961.9,70667.2,70884.2,56440.0
1711921500000,70884.2,70905.2,70746.0,70905.2,30874.0
1711922400000,70905.1,71100.0,70881.8,71005.9,76993.0
1711923300000,71005.9,71039.8,70848.5,70968.8,89170.0
1711924200000,70970.7,71120.0,70944.1,71032.0,82955.0
1711925100000,71035.6,71050.0,70951.7,71014.1,25723.0
1711926000000,71014.0,71158.4,70963.3,71092.0,53361.0
1711926900000,71092.0,71174.7,71045.3,71134.3,60130.0
1711927800000,71134.2,71422.0,71132.1,71322.0,185001.0
1711928700000,71321.9,71444.0,71233.7,71330.1,134826.0
1711929600000,71330.0,71361.9,71169.0,71200.2,149270.0
1711930500000,71200.2,71259.3,71107.1,71133.2,66358.0
1711931400000,71133.3,71176.8,70917.1,70978.5,93701.0
1711932300000,70978.6,71225.5,70936.0,71210.5,86348.0
1711933200000,71210.5,71252.1,71055.6,71112.2,56604.0
1711934100000,71112.2,71140.8,70977.5,70991.7,79932.0
1711935000000,70991.7,71132.0,70862.0,70889.4,101426.0
1711935900000,70889.7,70960.9,70822.6,70848.0,78858.0
1711936800000,70847.5,70913.1,70821.2,70853.2,34078.0
1711937700000,70853.2,70920.0,70831.0,70861.8,33681.0
1711938600000,70861.8,70888.8,70790.4,70888.8,40788.0
1711939500000,70888.8,70953.2,70886.4,70899.9,42230.0
1711940400000,70899.8,70920.0,70730.8,70734.4,76955.0
1711941300000,70734.5,70827.1,70577.8,70639.4,133701.0
1711942200000,70639.4,70674.3,70556.4,70599.5,70384.0
1711943100000,70599.5,70713.1,70594.0,70611.2,46968.0
1711944000000,70611.1,70679.0,70572.2,70653.4,35195.0
1711944900000,70653.4,70680.9,70529.4,70636.3,63363.0
1711945800000,70636.3,70645.0,70509.1,70529.1,42856.0
1711946700000,70529.1,70562.5,70427.7,70459.5,101383.0
1711947600000,70459.5,70549.9,70369.2,70466.7,132054.0
1711948500000,70466.8,70525.3,70363.1,70417.0,68054.0
1711949400000,70416.9,70444.4,70103.0,70179.8,277139.0
1711950300000,70179.8,70179.8,68957.1,69168.3,1350050.0
1711951200000,69168.3,69383.0,68850.0,69273.3,506870.0
1711952100000,69275.5,69493.3,69270.0,69363.1,210916.0
1711953000000,69363.1,69657.4,69289.7,69626.5,169506.0
1711953900000,69625.2,69653.6,69464.0,69590.6,97117.0
1711954800000,69590.7,69772.7,69500.0,69686.6,153666.0
1711955700000,69686.7,69721.9,69627.3,69687.7,57919.0
1711956600000,69687.7,69753.1,69510.2,69557.9,132491.0
1711957500000,69557.9,69718.0,69532.1,69580.0,117296.0
1711958400000,69580.1,69598.0,69400.4,69480.1,136843.0
1711959300000,69480.1,69567.1,69301.0,69384.8,122057.0
1711960200000,69384.8,69588.2,69166.2,69540.3,199449.0
1711961100000,69540.2,69620.0,69383.0,69408.3,90419.0
1711962000000,69408.4,69635.6,69408.3,69594.4,88673.0
1711962900000,69594.5,69596.0,69469.7,69496.4,55849.0
1711963800000,69496.4,69533.7,69425.5,69441.9,51405.0
1711964700000,69441.8,69567.6,69408.0,69409.3,55697.0
1711965600000,69409.2,69523.4,69367.0,69497.0,80590.0
1711966500000,69497.0,69508.0,69312.0,69354.4,41802.0
1711967400000,69354.4,69502.5,69323.7,69438.8,42091.0
1711968300000,69438.9,69593.3,69438.8,69566.5,45895.0
1711969200000,69566.4,69826.2,69552.2,69739.5,128016.0
1711970100000,69739.6,69776.0,69597.8,69603.6,90433.0
1711971000000,69603.5,69605.0,69470.1,69541.6,104198.0
1711971900000,69541.6,69600.0,69480.0,69490.0,46094.0
1711972800000,69490.0,69649.9,69421.6,69620.0,69297.0
1711973700000,69620.0,69760.0,69602.1,69747.0,94868.0
1711974600000,69747.0,69826.9,69688.9,69750.0,56158.0
1711975500000,69750.0,69845.0,69700.0,69843.8,68337.0
1711976400000,69843.8,69939.0,69772.7,69821.9,150363.0
1711977300000,69821.9,70071.6,69675.0,70037.0,155078.0
1711978200000,70037.0,70122.5,69800.5,69983.9,254998.0
1711979100000,69984.0,70084.5,69786.1,69894.0,95407.0
1711980000000,69899.9,69957.4,69634.5,69705.4,134961.0
1711980900000,69705.4,69775.0,69400.0,69413.6,233392.0
1711981800000,69413.6,69472.0,69014.0,69048.0,467488.0
1711982700000,69050.3,69225.0,68623.1,68916.4,583815.0
1711983600000,68916.3,69064.1,68166.1,68480.0,759154.0
1711984500000,68482.0,68923.1,68310.0,68813.7,400590.0
1711985400000,68816.0,68823.9,68544.2,68624.3,143830.0
1711986300000,68624.3,68816.0,68200.0,68244.6,251002.0
1711987200000,68244.5,68505.0,68044.0,68390.5,332938.0
1711988100000,68390.4,68747.1,68228.0,68662.6,254518.0
1711989000000,68662.5,68687.8,68501.1,68651.3,82600.0
1711989900000,68651.2,68792.7,68584.5,68584.5,88621.0
1711990800000,68584.5,68690.7,68422.8,68548.1,92722.0
1711991700000,68548.1,68635.2,68333.0,68462.7,78222.0
1711992600000,68463.1,68532.0,68200.0,68476.2,147284.0
1711993500000,68476.1,68750.1,68396.1,68749.9,114853.0
1711994400000,68749.9,68749.9,68472.0,68531.8,79979.0
1711995300000,68531.8,68763.5,68520.1,68761.3,67889.0
1711996200000,68761.3,68865.0,68679.8,68747.9,87936.0
1711997100000,68747.9,68983.7,68736.9,68919.0,102646.0
1711998000000,68918.9,69154.9,68880.8,69067.9,154061.0
1711998900000,69067.9,69548.0,69058.5,69346.1,371252.0
1711999800000,69346.0,69472.0,69211.3,69315.9,87006.0
1712000700000,69316.0,69825.9,69302.6,69642.5,181304.0
1712001600000,69642.5,69786.5,69445.8,69484.1,120993.0
1712002500000,69484.0,69563.4,69333.3,69426.8,47536.0
1712003400000,69426.7,69614.2,69373.0,69561.0,75603.0
1712004300000,69561.0,69744.8,69536.1,69740.0,85014.0
1712005200000,69739.9,69822.6,69581.1,69736.0,75586.0
1712006100000,69736.0,69845.3,69652.4,69749.6,59908.0
1712007000000,69749.7,69951.4,69633.3,69720.0,126323.0
1712007900000,69719.9,69722.8,69557.2,69597.0,43318.0
1712008800000,69597.0,69777.0,69586.7,69724.8,95693.0
1712009700000,69724.7,69760.0,69631.3,69760.0,46798.0
1712010600000,69760.0,69860.0,69689.7,69837.8,65828.0
1712011500000,69838.9,69887.2,69729.4,69735.0,45461.0
1712012400000,69735.0,69880.0,69669.1,69819.3,64549.0
1712013300000,69819.2,69838.6,69745.9,69767.1,34924.0
1712014200000,69766.9,69903.5,69760.0,69779.7,39169.0
1712015100000,69779.7,69873.3,69677.6,69677.7,56518.0
1712016000000,69677.6,69700.0,69471.3,69608.3,114806.0
1712016900000,69608.4,69660.8,69305.5,69440.0,118711.0
1712017800000,69440.0,69518.5,69058.4,69183.3,216213.0
1712018700000,69183.3,69449.4,69094.9,69386.3,104203.0
1712019600000,69386.4,69640.0,69284.0,69524.0,110834.0
1712020500000,69523.9,69570.0,69376.0,69419.5,31039.0
1712021400000,69419.5,69550.0,69386.0,69493.1,40257.0
1712022300000,69494.0,69539.9,69350.5,69418.0,43351.0
1712023200000,69416.0,69454.7,69206.6,69273.1,79771.0
1712024100000,69273.1,69300.0,68438.2,68462.5,453237.0
1712025000000,68462.5,68564.0,65602.9,66674.9,2567497.0
1712025900000,66676.5,67215.1,66563.9,67005.9,643526.0
1712026800000,67006.0,67283.0,66828.6,67012.2,333768.0
1712027700000,67012.1,67075.7,66533.6,66955.1,402573.0
1712028600000,66955.1,66972.0,66627.4,66652.6,182319.0
1712029500000,66652.7,66858.0,66588.8,66711.9,131922.0
1712030400000,66711.8,66928.1,66357.0,66532.5,254182.0
1712031300000,66532.5,66710.0,66306.5,66662.3,215535.0
1712032200000,66662.4,66859.7,66560.0,66653.9,131275.0
1712033100000,66653.8,66673.3,66425.8,66593.9,96883.0
1712034000000,66593.8,66776.0,66520.6,66553.3,118247.0
1712034900000,66552.5,66552.5,66103.6,66428.0,343832.0
1712035800000,66428.0,66567.0,66350.0,66566.4,89169.0
1712036700000,66566.4,66820.0,66485.3,66744.3,144558.0
1712037600000,66744.4,66944.2,66669.8,66896.1,136671.0
1712038500000,66896.1,66959.6,66760.0,66848.1,94069.0
1712039400000,66848.0,67099.9,66801.5,67058.3,125367.0
1712040300000,67058.3,67098.6,66812.0,66852.2,131233.0
1712041200000,66852.2,66892.5,66720.0,66790.6,82649.0
1712042100000,66790.6,66879.4,66735.2,66748.2,54824.0
1712043000000,66748.2,66795.0,66452.5,66564.1,183618.0
1712043900000,66564.0,66617.3,66449.7,66468.3,100802.0
1712044800000,66468.3,66662.3,66384.9,66407.7,122628.0
1712045700000,66407.8,66612.2,66281.0,66568.1,155220.0
1712046600000,66568.1,66718.9,66371.3,66474.8,117949.0
1712047500000,66474.8,66607.3,66107.2,66248.5,212085.0
1712048400000,66248.5,66372.2,65679.2,66344.4,793873.0
1712049300000,66344.5,66545.4,66025.3,66174.6,291279.0
1712050200000,66174.7,66244.0,65920.1,66127.9,175888.0
1712051100000,66127.8,66299.1,66039.8,66084.0,78273.0
1712052000000,66084.1,66156.7,65880.0,65993.6,165211.0
1712052900000,65993.7,66286.9,65964.1,66257.7,111156.0
1712053800000,66257.7,66268.6,65852.4,65955.9,138226.0
1712054700000,65956.9,66058.1,65389.6,66002.0,581012.0
1712055600000,66002.1,66050.0,65617.2,65747.6,219499.0
1712056500000,65751.8,65854.9,65158.0,65230.8,605605.0
1712057400000,65230.7,65550.0,65034.8,65391.6,506527.0
1712058300000,65391.6,65669.9,65292.2,65632.0,257630.0
1712059200000,65632.0,65850.8,65451.3,65679.7,213065.0
1712060100000,65679.7,65833.0,65670.3,65774.4,128759.0
1712061000000,65774.4,65786.4,65500.0,65577.0,144392.0
1712061900000,65577.1,65583.0,65128.0,65356.0,309917.0
1712062800000,65354.0,65385.2,65011.0,65330.5,349567.0
1712063700000,65330.6,65449.6,64777.0,64872.4,584089.0
1712064600000,64872.5,65130.1,64570.0,65063.8,574105.0
1712065500000,65063.9,65313.0,64888.0,65223.7,322605.0
1712066400000,65223.7,65550.0,65161.2,65524.1,332664.0
1712067300000,65524.0,65895.0,65523.3,65873.5,398622.0
1712068200000,65873.5,66260.0,65850.1,66144.1,483694.0
1712069100000,66144.1,66149.7,65560.0,65692.1,377095.0
1712070000000,65692.1,66152.7,65637.5,65939.9,267539.0
1712070900000,65939.9,66017.4,65736.3,65820.0,116229.0
1712071800000,65820.1,65912.9,65264.6,65596.1,385122.0
1712072700000,65596.1,65695.9,64650.0,64889.6,689733.0
1712073600000,64889.6,65462.5,64555.6,65451.0,658147.0
1712074500000,65450.9,65451.0,64830.0,65286.2,348211.0
1712075400000,65288.0,65525.0,65145.0,65187.9,178354.0
1712076300000,65187.8,65784.9,65178.3,65543.9,212453.0
1712077200000,65544.0,65688.5,65420.0,65490.8,96740.0
1712078100000,65490.8,65664.7,65268.6,65429.8,128278.0
1712079000000,65429.8,65567.3,65360.0,65449.3,85560.0
1712079900000,65455.6,65675.8,65298.8,65615.9,114575.0
1712080800000,65612.9,65822.0,65383.6,65590.8,323782.0
1712081700000,65590.8,65800.0,65569.0,65618.3,179482.0
1712082600000,65618.4,65739.1,65520.0,65699.6,63732.0
1712083500000,65699.7,66080.0,65686.5,65824.0,201397.0
1712084400000,65824.0,66079.8,65814.0,65971.8,112497.0
1712085300000,65971.7,65988.0,65758.0,65887.3,110207.0
1712086200000,65887.3,66183.0,65840.1,66150.0,91847.0
1712087100000,66150.0,66180.0,65906.3,65906.3,131217.0
1712088000000,65905.1,66100.0,65840.3,66074.4,135225.0
1712088900000,66074.7,66109.6,65928.1,65992.1,28475.0
1712089800000,65994.9,65994.9,65765.6,65876.1,48597.0
1712090700000,65876.1,65900.9,65478.6,65647.8,150260.0
1712091600000,65644.9,65777.3,65526.9,65722.3,70949.0
1712092500000,65722.4,65815.4,65235.0,65415.4,149899.0
1712093400000,65415.3,65785.3,65200.0,65739.6,82254.0
1712094300000,65739.5,65739.5,65492.0,65694.0,31800.0
1712095200000,65694.0,65757.2,65565.0,65723.2,52363.0
1712096100000,65723.3,65798.1,65601.6,65712.0,43618.0
1712097000000,65714.6,65811.1,65667.0,65784.1,43216.0
1712097900000,65784.1,65939.9,65741.2,65828.4,78431.0
1712098800000,65828.4,65839.0,65666.1,65730.6,32764.0
1712099700000,65731.8,65832.3,65559.2,65590.0,95784.0
1712100600000,65589.9,65598.6,65377.0,65493.3,105595.0
1712101500000,65493.2,65580.2,65410.0,65482.2,76993.0
1712102400000,65475.5,65611.4,65325.1,65348.1,115467.0
1712103300000,65348.3,65595.0,65060.4,65106.0,266472.0
1712104200000,65105.9,65273.2,64425.0,65194.2,668232.0
1712105100000,65192.3,65478.8,65191.8,65402.6,206066.0
1712106000000,65402.7,65410.1,65110.2,65277.4,132195.0
1712106900000,65277.4,65587.7,65277.4,65446.6,132957.0
1712107800000,65446.6,65636.4,65383.9,65484.2,129016.0
1712108700000,65484.2,65945.6,65467.9,65813.4,182928.0
1712109600000,65813.4,66067.9,65811.0,65828.0,159751.0
1712110500000,65828.0,65950.0,65711.0,65909.0,103509.0
1712111400000,65908.0,65933.4,65777.0,65811.1,55676.0
1712112300000,65811.1,65983.9,65811.1,65924.2,52197.0
1712113200000,65924.1,65942.4,65780.0,65863.2,37305.0
1712114100000,65863.2,66129.0,65852.0,65859.9,128043.0
1712115000000,65859.9,66080.0,65850.1,66072.0,46501.0
1712115900000,66072.0,66336.8,65944.2,66233.1,210701.0
1712116800000,66233.0,66377.0,66200.5,66217.6,131117.0
1712117700000,66217.5,66354.8,66126.0,66334.4,104296.0
1712118600000,66334.4,66489.0,66231.0,66247.7,131683.0
1712119500000,66247.7,66376.0,66241.0,66334.0,53001.0
1712120400000,66334.1,66376.0,66233.0,66244.3,54289.0
1712121300000,66244.3,66244.4,66050.3,66145.1,98368.0
1712122200000,66145.1,66145.1,65939.1,66017.5,109957.0
1712123100000,66017.5,66100.0,65933.0,66080.0,89387.0
1712124000000,66080.1,66249.5,66050.8,66148.1,113662.0
1712124900000,66148.1,66314.8,66116.7,66289.9,75166.0
1712125800000,66289.9,66349.9,66188.3,66223.9,66943.0
1712126700000,66223.9,66379.3,66223.9,66342.6,53798.0
1712127600000,66342.5,66449.2,66112.0,66426.0,154514.0
1712128500000,66426.0,66485.6,66260.0,66273.1,95571.0
1712129400000,66273.1,66360.0,66160.8,66316.2,124129.0
1712130300000,66316.1,66336.0,66110.3,66135.9,53309.0
1712131200000,66136.0,66136.0,65971.8,66079.7,142350.0
1712132100000,66079.8,66220.0,66048.2,66150.5,78368.0
1712133000000,66150.5,66651.9,66150.5,66544.4,279870.0
1712133900000,66544.5,66620.1,66435.4,66512.4,147549.0
1712134800000,66512.4,66630.0,66411.0,66418.9,82515.0
1712135700000,66419.0,66475.0,66375.0,66444.1,43712.0
1712136600000,66444.1,66520.0,66355.7,66419.1,40710.0
1712137500000,66419.2,66633.6,66319.5,66476.1,104207.0
1712138400000,66476.1,66522.9,66311.5,66350.9,65039.0
1712139300000,66350.8,66431.9,66280.1,66298.9,51620.0
1712140200000,66299.0,66324.2,66019.0,66136.9,153834.0
1712141100000,66137.0,66211.1,66048.0,66202.1,100586.0
1712142000000,66202.0,66233.0,65516.9,65676.9,478228.0
1712142900000,65679.6,65925.8,65612.8,65863.3,159666.0
1712143800000,65863.9,66056.7,65827.3,65957.8,97615.0
1712144700000,65957.7,66192.0,65880.0,66061.9,145227.0
1712145600000,66061.9,66226.9,65960.2,66160.2,102254.0
1712146500000,66160.1,66160.1,65872.0,65919.6,82949.0
1712147400000,65919.6,65952.0,65741.9,65830.0,126972.0
1712148300000,65830.0,65944.9,65784.1,65916.9,68463.0
1712149200000,65916.9,66039.4,65912.3,65963.0,71667.0
1712150100000,65960.0,65960.0,65660.0,65742.5,133333.0
1712151000000,65742.5,65981.4,65635.2,65707.7,156040.0
1712151900000,65707.6,65960.0,65653.1,65815.7,80772.0
1712152800000,65816.5,66755.2,65816.5,66640.7,660812.0
1712153700000,66640.6,66931.4,66421.1,66772.0,347881.0
1712154600000,66772.1,66806.4,66421.2,66480.3,197423.0
1712155500000,66480.3,66644.3,66400.0,66640.0,121715.0
1712156400000,66640.0,66665.9,66328.4,66481.4,126940.0
1712157300000,66481.3,66527.5,66183.3,66288.7,133798.0
1712158200000,66290.0,66294.6,65720.1,65860.2,435847.0
1712159100000,65860.1,66006.2,65794.3,65846.5,118169.0
1712160000000,65848.3,66110.3,65801.3,66110.2,152228.0
1712160900000,66110.2,66400.0,66057.5,66373.2,190571.0
1712161800000,66373.3,66598.2,66280.0,66344.1,204735.0
1712162700000,66344.1,66400.0,66201.0,66201.0,76314.0
1712163600000,66201.0,66395.4,66100.2,66273.3,143816.0
1712164500000,66273.4,66278.4,66025.0,66075.1,68410.0
1712165400000,66075.1,66083.9,65840.0,66020.9,123106.0
1712166300000,66019.2,66110.3,65903.7,65969.4,78776.0
1712167200000,65969.4,65992.3,65677.9,65778.7,153825.0
1712168100000,65778.6,65861.2,65582.6,65648.1,122805.0
1712169000000,65648.0,65875.1,65467.1,65875.0,207109.0
1712169900000,65875.0,66140.4,65814.7,66013.8,141763.0
1712170800000,66013.8,66170.2,65731.3,65757.8,129594.0
1712171700000,65758.7,65887.5,65692.2,65856.3,78177.0
1712172600000,65856.3,65901.8,65711.7,65823.2,72955.0
1712173500000,65824.0,65923.8,65766.7,65769.2,53336.0
1712174400000,65769.3,65835.1,65602.0,65740.1,70734.0
1712175300000,65740.0,65782.0,65689.8,65715.1,32730.0
1712176200000,65715.1,65715.1,65544.2,65544.4,52226.0
1712177100000,65544.3,65753.5,65532.0,65702.8,36044.0
1712178000000,65702.7,65702.7,65476.0,65605.1,62084.0
1712178900000,65605.1,65800.0,65524.3,65757.9,32460.0
1712179800000,65757.9,65869.5,65736.0,65747.2,25176.0
1712180700000,65743.9,65936.0,65743.8,65924.0,30057.0
1712181600000,65924.1,65998.6,65837.9,65968.6,50883.0
1712182500000,65968.6,66040.0,65922.6,66013.9,53986.0
1712183400000,66016.6,66216.2,65951.1,66169.7,60865.0
1712184300000,66169.7,66246.8,66105.4,66136.0,49797.0
1712185200000,66135.9,66290.0,66116.0,66234.9,55779.0
1712186100000,66234.9,66244.3,66102.2,66129.3,64121.0
1712187000000,66129.3,66194.9,66050.4,66159.8,39967.0
1712187900000,66159.8,66175.6,65942.0,65964.5,62993.0
1712188800000,65967.1,66234.3,65813.6,66234.2,141014.0
1712189700000,66234.2,66320.0,66129.1,66186.2,64414.0
1712190600000,66184.0,66312.0,66101.3,66260.4,44256.0
1712191500000,66260.4,66364.3,66228.7,66290.0,52185.0
1712192400000,66293.9,66297.4,66202.3,66277.0,20090.0
1712193300000,66277.0,66309.0,66192.0,66209.9,31938.0
1712194200000,66209.9,66231.4,66036.1,66124.7,78519.0
1712195100000,66121.1,66200.0,66023.0,66147.2,39422.0
1712196000000,66147.3,66159.6,66003.3,66072.0,33270.0
1712196900000,66072.0,66083.8,65600.0,65603.3,181755.0
1712197800000,65603.3,65747.9,65450.8,65688.6,186989.0
1712198700000,65688.5,65848.7,65677.9,65745.1,67745.0
1712199600000,65744.8,65800.0,65592.1,65672.1,71126.0
1712200500000,65672.1,65807.7,65550.0,65611.6,94654.0
1712201400000,65611.5,65698.0,65566.0,65613.9,50407.0
1712202300000,65614.0,65730.0,65605.3,65621.0,43882.0
1712203200000,65621.0,65710.0,65456.8,65483.2,109928.0
1712204100000,65483.2,65556.6,65070.6,65312.3,318155.0
1712205000000,65312.2,65520.9,65205.9,65408.0,134830.0
1712205900000,65408.0,65560.0,65400.0,65489.9,62997.0
1712206800000,65489.9,65576.0,65387.5,65540.0,59743.0
1712207700000,65536.9,65545.5,65423.6,65433.8,36307.0
1712208600000,65433.7,65561.4,65392.4,65504.0,47682.0
1712209500000,65504.1,65724.8,65444.5,65600.0,105632.0
1712210400000,65600.0,65713.6,65555.4,65710.5,59992.0
1712211300000,65710.6,65710.6,65583.9,65657.0,40667.0
1712212200000,65657.0,65797.1,65642.7,65742.3,67264.0
1712213100000,65742.3,65828.0,65700.3,65780.8,50917.0
1712214000000,65777.0,66066.0,65670.8,66059.8,139006.0
1712214900000,66059.9,66207.7,65990.0,66161.5,138369.0
1712215800000,66161.5,66283.0,66050.5,66129.1,92290.0
1712216700000,66129.2,66132.7,65969.0,66090.5,105969.0
1712217600000,66090.5,66362.2,66022.3,66357.8,107946.0
1712218500000,66357.7,66431.7,66241.9,66308.3,110758.0
1712219400000,66308.3,66348.3,66187.9,66190.2,66877.0
1712220300000,66190.3,66260.5,66141.3,66219.9,45836.0
1712221200000,66219.9,66408.0,66218.1,66256.3,86844.0
1712222100000,66256.3,66295.9,66166.6,66280.5,58498.0
1712223000000,66280.5,66370.0,66182.2,66269.9,53077.0
1712223900000,66269.9,66325.0,66225.7,66270.1,24476.0
1712224800000,66270.1,66305.0,66133.0,66212.0,49923.0
1712225700000,66211.9,66481.4,66200.4,66365.0,128654.0
1712226600000,66365.0,66394.0,66274.8,66322.4,37990.0
1712227500000,66322.4,66428.0,66250.8,66276.4,41710.0
1712228400000,66276.4,66314.0,66108.6,66145.1,50377.0
1712229300000,66145.0,66274.7,66122.1,66237.5,55106.0
1712230200000,66237.4,66434.6,66232.9,66406.6,72235.0
1712231100000,66406.5,66420.0,66304.4,66341.4,42332.0
1712232000000,66341.3,66575.7,66320.1,66570.0,137528.0
1712232900000,66569.9,66633.0,66456.1,66564.0,108769.0
1712233800000,66564.1,66721.0,66477.7,66708.6,135851.0
1712234700000,66708.5,66811.0,66588.6,66697.0,167051.0
1712235600000,66697.0,67019.7,66675.6,67008.0,186044.0
1712236500000,67008.0,67480.0,67000.1,67286.1,640159.0
1712237400000,67285.4,67456.0,67170.9,67359.3,259160.0
1712238300000,67359.4,67500.0,67230.1,67233.7,195372.0
1712239200000,67233.6,67766.0,67073.7,67583.9,392383.0
1712240100000,67584.0,67667.4,67406.5,67521.7,175125.0
1712241000000,67521.6,67921.3,67450.1,67908.0,260772.0
1712241900000,67908.0,67945.0,67643.0,67709.4,262143.0
1712242800000,67709.3,67743.6,67557.0,67647.6,151149.0
1712243700000,67647.7,67742.8,67439.1,67591.5,178495.0
1712244600000,67591.6,67742.0,67450.0,67675.1,112394.0
1712245500000,67675.0,67817.7,67567.8,67650.0,110251.0
1712246400000,67650.0,67710.7,67531.1,67710.2,83749.0
1712247300000,67710.3,68222.0,67680.6,67943.1,380659.0
1712248200000,67943.1,68029.9,67843.0,67870.6,99543.0
1712249100000,67870.6,68028.0,67792.0,67808.4,90047.0
1712250000000,67808.3,67879.5,67732.6,67831.9,81183.0
1712250900000,67832.0,67886.7,67768.0,67873.8,37057.0
1712251800000,67877.5,68239.1,67833.0,68074.7,154230.0
1712252700000,68074.7,68900.0,68060.1,68860.0,621976.0
1712253600000,68859.9,69353.2,68705.0,68904.0,685524.0
1712254500000,68904.2,69170.0,68803.1,68833.3,300801.0
1712255400000,68833.2,68987.8,68556.6,68920.0,329676.0
1712256300000,68920.0,69049.7,68501.3,68591.1,211584.0
1712257200000,68591.2,68617.4,68338.0,68560.2,276568.0
1712258100000,68561.7,68838.5,68376.3,68695.6,188902.0
1712259000000,68695.7,69089.8,68675.3,68747.9,176946.0
1712259900000,68747.9,68798.5,68331.0,68488.2,135862.0
1712260800000,68488.2,68547.8,67565.7,67764.1,528976.0
1712261700000,67764.1,67777.0,67317.0,67774.4,337353.0
1712262600000,67774.4,68088.0,67736.6,67855.4,182104.0
1712263500000,67855.4,67977.6,67810.7,67939.8,77348.0
1712264400000,67939.7,68154.4,67827.0,67955.9,88739.0
1712265300000,67955.9,67956.9,67726.6,67950.8,57864.0
1712266200000,67950.8,67971.1,67481.8,67652.0,66218.0
1712267100000,67650.7,67879.9,67600.0,67799.9,36966.0
1712268000000,67800.0,67836.3,67610.0,67698.6,53298.0
1712268900000,67698.7,68011.2,67634.1,67932.1,57654.0
1712269800000,67932.2,68058.2,67900.0,67962.0,38800.0
1712270700000,67961.9,68007.3,67839.1,67933.4,32998.0
1712271600000,67933.4,68384.9,67887.3,68295.8,251357.0
1712272500000,68295.9,68500.0,68272.5,68340.6,96712.0
1712273400000,68340.6,68488.9,68278.4,68486.1,77373.0
1712274300000,68486.1,68565.0,68400.0,68498.9,83465.0
1712275200000,68499.0,68506.0,68327.0,68345.4,79836.0
1712276100000,68345.5,68413.8,68181.7,68218.2,83407.0
1712277000000,68218.3,68316.1,68154.2,68303.3,49127.0
1712277900000,68303.3,68772.0,68297.0,68609.6,118978.0
1712278800000,68609.7,68629.6,68410.4,68443.8,58448.0
1712279700000,68443.8,68472.9,67950.9,68083.6,162090.0
1712280600000,68083.6,68150.0,67823.0,68110.1,131883.0
1712281500000,68110.2,68226.6,67966.2,68176.0,74712.0
1712282400000,68175.9,68176.4,67845.5,67968.8,98658.0
1712283300000,67968.7,68069.9,67732.2,67916.0,85979.0
1712284200000,67916.1,67995.2,67510.1,67683.8,280029.0
1712285100000,67683.7,67683.8,67437.3,67613.9,135074.0
1712286000000,67613.9,67875.0,67578.5,67870.4,108351.0
1712286900000,67870.5,68007.5,67796.2,67922.9,77352.0
1712287800000,67923.0,68042.3,67781.2,67838.1,72294.0
1712288700000,67838.1,67936.8,67720.0,67887.8,56884.0
1712289600000,67887.8,68055.0,67858.4,68035.9,69862.0
1712290500000,68036.0,68036.0,67801.2,67818.6,43536.0
1712291400000,67818.1,67826.1,67590.2,67614.3,72584.0
1712292300000,67614.3,67687.3,67462.0,67658.4,214559.0
1712293200000,67658.4,67760.2,67428.7,67456.0,105165.0
1712294100000,67456.3,67494.3,66370.0,66668.1,820915.0
1712295000000,66680.0,66857.1,66525.0,66856.8,151787.0
1712295900000,66856.9,66937.0,66796.0,66887.5,100217.0
1712296800000,66887.4,66931.0,66772.5,66904.1,65783.0
1712297700000,66904.0,67007.6,66770.0,67005.1,58807.0
1712298600000,67005.1,67200.0,66978.1,67070.0,169796.0
1712299500000,67070.0,67181.9,67007.0,67159.2,62568.0
1712300400000,67159.2,67159.2,66903.9,67019.5,76033.0
1712301300000,67019.5,67094.6,66963.6,67020.9,31864.0
1712302200000,67020.8,67090.5,66920.0,66932.5,68759.0
1712303100000,66932.5,66986.0,66840.0,66930.0,57591.0
1712304000000,66930.1,67379.1,66916.1,67317.9,117987.0
1712304900000,67318.0,67694.6,67210.9,67416.0,258417.0
1712305800000,67416.0,67528.1,67222.3,67271.6,121652.0
1712306700000,67271.6,67386.4,67023.9,67158.0,136926.0
1712307600000,67157.9,67158.0,66745.6,66998.0,197725.0
1712308500000,66998.0,66998.0,66357.9,66639.9,435161.0
1712309400000,66639.9,66813.6,66521.7,66729.2,206595.0
1712310300000,66730.0,66830.0,66628.0,66798.0,67906.0
1712311200000,66798.0,66971.0,66770.0,66945.0,99926.0
1712312100000,66944.1,66955.0,66705.1,66846.8,70834.0
1712313000000,66846.6,67200.0,66807.6,67188.0,169274.0
1712313900000,67188.1,67197.9,67004.2,67045.8,66184.0
1712314800000,67036.0,67104.0,66871.1,66926.8,59021.0
1712315700000,66926.7,66991.0,66761.6,66800.0,80160.0
1712316600000,66800.0,66899.9,66560.0,66787.9,170611.0
1712317500000,66787.9,66804.0,66375.4,66483.5,170609.0
1712318400000,66485.6,66706.8,66181.9,66599.9,336989.0
1712319300000,66597.9,66818.2,66454.5,66735.9,109580.0
1712320200000,66736.0,66746.0,65931.4,66401.5,592740.0
1712321100000,66401.5,66900.0,66374.2,66885.5,288167.0
1712322000000,66885.6,66900.0,66512.4,66731.7,172060.0
1712322900000,66731.7,66972.0,66580.4,66913.2,118342.0
1712323800000,66913.7,67388.4,66853.1,67319.7,327704.0
1712324700000,67319.8,67586.9,67234.7,67483.2,265232.0
1712325600000,67483.1,67936.9,67314.0,67856.4,261622.0
1712326500000,67856.4,67935.9,67400.1,67554.9,191851.0
1712327400000,67554.9,68277.6,67455.0,68159.2,311782.0
1712328300000,68158.1,68600.0,68124.3,68140.1,440490.0
1712329200000,68140.0,68270.4,67803.2,67950.2,252786.0
1712330100000,67950.2,67950.2,67626.3,67736.3,160818.0
1712331000000,67738.7,68073.1,67650.0,68035.8,172450.0
1712331900000,68035.8,68305.0,67873.8,68208.7,171368.0
1712332800000,68208.7,68400.0,68038.3,68061.7,184513.0
1712333700000,68061.8,68200.0,67922.1,67955.0,103650.0
1712334600000,67957.7,68013.2,67746.7,67851.7,118638.0
1712335500000,67851.7,67996.6,67704.8,67972.4,89723.0
1712336400000,67972.3,68008.0,67720.0,67829.6,81229.0
1712337300000,67829.5,67897.9,67727.3,67743.7,51326.0
1712338200000,67743.8,67818.9,67456.1,67572.3,171750.0
1712339100000,67572.3,67617.5,67352.4,67463.8,154961.0
1712340000000,67463.8,67732.7,67312.4,67658.1,142932.0
1712340900000,67658.0,67733.3,67472.0,67479.0,55309.0
1712341800000,67481.6,67730.0,67438.5,67604.6,68019.0
1712342700000,67604.7,67660.4,67521.0,67626.5,42895.0
1712343600000,67626.4,67891.0,67618.2,67700.7,117564.0
1712344500000,67700.6,67878.5,67695.9,67853.0,34473.0
1712345400000,67853.1,68071.0,67578.2,67584.1,127888.0
1712346300000,67584.1,67750.0,67372.9,67403.9,116947.0
1712347200000,67403.9,67545.5,67331.3,67492.6,81141.0
1712348100000,67492.6,67620.1,67376.3,67620.1,46420.0
1712349000000,67625.0,67768.0,67566.1,67644.1,47438.0
1712349900000,67644.0,67699.4,67581.0,67629.0,39865.0
1712350800000,67628.9,67700.0,67563.9,67674.9,28167.0
1712351700000,67674.9,67833.0,67662.2,67788.7,34155.0
1712352600000,67788.8,67822.9,67614.1,67748.0,33762.0
1712353500000,67744.7,67800.0,67503.6,67503.6,36364.0
1712354400000,67503.7,67711.2,67490.1,67646.2,33517.0
1712355300000,67646.2,67733.3,67637.7,67702.0,19903.0
1712356200000,67702.1,67793.4,67630.9,67793.1,16421.0
1712357100000,67793.1,67852.5,67559.5,67631.8,84469.0
1712358000000,67631.8,67869.9,67624.1,67820.4,34304.0
1712358900000,67823.1,67865.3,67764.7,67847.9,22521.0
1712359800000,67848.0,67965.2,67831.7,67924.9,56075.0
1712360700000,67929.9,67977.9,67760.1,67832.3,50499.0
1712361600000,67832.3,67882.9,67676.0,67798.4,64089.0
1712362500000,67798.5,67875.6,67727.5,67875.6,36889.0
1712363400000,67875.5,68089.4,67873.0,67927.8,66609.0
1712364300000,67927.9,68004.9,67820.4,67906.8,43433.0
1712365200000,67906.8,67974.0,67807.8,67825.7,34847.0
1712366100000,67825.7,67991.2,67814.4,67926.4,25027.0
1712367000000,67925.9,67943.8,67787.5,67805.1,27170.0
1712367900000,67805.0,67853.2,67658.3,67704.8,64428.0
1712368800000,67704.7,67790.4,67674.5,67674.5,32665.0
1712369700000,67674.6,67747.0,67591.5,67609.9,53051.0
1712370600000,67610.0,67665.3,67458.2,67516.7,95284.0
1712371500000,67516.7,67613.0,67516.6,67580.0,35707.0
1712372400000,67580.0,67758.4,67580.0,67727.8,47381.0
1712373300000,67727.7,67900.0,67696.2,67759.3,45137.0
1712374200000,67759.3,67797.0,67636.4,67648.6,37396.0
1712375100000,67648.7,67824.7,67618.2,67800.1,33036.0
1712376000000,67800.1,67832.1,67749.6,67783.9,18171.0
1712376900000,67784.0,67800.0,67682.3,67685.9,16168.0
1712377800000,67686.0,67813.0,67670.0,67692.2,21243.0
1712378700000,67691.2,67776.5,67617.5,67754.0,22990.0
1712379600000,67753.9,67984.8,67729.2,67961.7,72276.0
1712380500000,67961.6,68040.0,67845.1,67997.9,84877.0
1712381400000,67998.0,68250.0,67998.0,68096.4,208891.0
1712382300000,68096.4,68113.8,67962.9,68044.9,41892.0
1712383200000,68044.8,68071.2,67871.0,67990.0,57647.0
1712384100000,67990.1,68051.8,67922.1,68011.6,25834.0
1712385000000,68011.5,68117.0,67984.2,68104.0,36467.0
1712385900000,68103.4,68175.1,68060.0,68120.0,42140.0
1712386800000,68120.1,68130.0,67990.0,68060.0,40854.0
1712387700000,68059.4,68083.3,67959.0,67964.0,25105.0
1712388600000,67964.0,68011.0,67935.0,67988.1,25642.0
1712389500000,67988.1,68191.7,67956.0,68013.5,56319.0
1712390400000,68013.5,68120.7,67956.1,68008.1,66168.0
1712391300000,68008.1,68008.2,67873.0,67947.9,62723.0
1712392200000,67947.9,67980.0,67898.1,67924.8,26691.0
1712393100000,67924.7,68083.6,67924.7,68020.1,39659.0
1712394000000,68020.1,68135.0,67988.8,68099.9,29388.0
1712394900000,68099.9,68100.0,67954.1,67977.8,19587.0
1712395800000,67977.8,67985.9,67838.0,67901.5,49645.0
1712396700000,67901.4,67939.5,67765.4,67809.9,59054.0
1712397600000,67810.0,67870.5,67798.9,67868.0,31875.0
1712398500000,67868.0,67905.8,67812.1,67831.5,31293.0
1712399400000,67831.5,67841.5,67723.8,67816.8,36855.0
1712400300000,67816.8,67898.4,67787.5,67861.0,27652.0
1712401200000,67861.0,67922.8,67726.0,67777.8,40301.0
1712402100000,67777.9,67822.5,67727.9,67762.4,17148.0
1712403000000,67762.4,67763.3,67646.7,67728.0,49154.0
1712403900000,67728.0,67763.6,67620.9,67683.5,39261.0
1712404800000,67678.0,67774.5,67640.0,67740.1,34144.0
1712405700000,67740.1,67800.0,67692.3,67800.0,27561.0
1712406600000,67800.0,67820.0,67668.0,67668.0,29308.0
1712407500000,67668.0,67763.5,67588.0,67763.3,53491.0
1712408400000,67763.2,67764.3,67632.1,67723.0,34885.0
1712409300000,67721.8,67721.8,67581.4,67599.9,36155.0
1712410200000,67599.9,67727.2,67550.0,67690.1,38256.0
1712411100000,67690.1,67730.8,67614.4,67708.3,55145.0
1712412000000,67708.3,67845.5,67685.3,67789.0,87751.0
1712412900000,67789.1,67917.9,67735.2,67778.5,47505.0
1712413800000,67778.4,68083.5,67772.1,68002.8,108829.0
1712414700000,68002.9,68011.0,67941.0,67992.0,46508.0
1712415600000,67992.0,68317.8,67895.0,68255.1,214841.0
1712416500000,68255.2,68267.3,68116.1,68116.1,89301.0
1712417400000,68116.1,68181.1,68050.0,68064.1,50276.0
1712418300000,68064.1,68166.7,68060.0,68113.6,45249.0
1712419200000,68113.6,68180.0,67985.3,68005.8,50352.0
1712420100000,68005.8,68082.1,67945.2,67980.1,36323.0
1712421000000,67980.1,68027.4,67945.7,67999.9,28201.0
1712421900000,67999.8,68148.5,67988.2,68139.9,28533.0
1712422800000,68140.0,68148.5,68040.0,68117.5,28016.0
1712423700000,68117.5,68234.0,68107.0,68141.6,38603.0
1712424600000,68141.7,68460.0,68141.7,68419.3,104080.0
1712425500000,68414.0,68500.0,68165.6,68302.1,178409.0
1712426400000,68302.1,68378.5,68244.9,68273.6,30261.0
1712427300000,68273.7,68283.1,68180.2,68270.7,28798.0
1712428200000,68270.6,68287.2,68180.0,68253.0,17484.0
1712429100000,68253.0,68315.1,68232.3,68302.2,17284.0
1712430000000,68302.0,68431.5,68211.3,68310.8,66290.0
1712430900000,68310.8,68377.3,68269.2,68343.9,33411.0
1712431800000,68344.0,68418.6,68287.3,68361.8,36170.0
1712432700000,68361.9,68393.1,68240.0,68258.6,19432.0
1712433600000,68258.7,68271.9,68166.0,68188.3,22316.0
1712434500000,68188.3,68300.0,68170.1,68299.6,18852.0
1712435400000,68299.6,68348.0,68251.9,68312.5,20664.0
1712436300000,68312.5,68403.0,68254.8,68390.0,17859.0
1712437200000,68390.1,68444.0,68358.0,68396.1,36040.0
1712438100000,68396.1,68429.7,68353.8,68424.8,18262.0
1712439000000,68424.1,68424.1,68359.3,68399.9,13456.0
1712439900000,68400.0,68400.0,68288.8,68315.2,20413.0
1712440800000,68315.2,68551.9,68290.0,68495.8,65019.0
1712441700000,68495.9,68755.0,68412.7,68666.0,128123.0
1712442600000,68665.9,68757.5,68600.0,68709.2,49103.0
1712443500000,68709.2,69098.0,68692.4,69052.1,264098.0
1712444400000,69050.0,69739.1,69043.1,69578.8,518703.0
1712445300000,69578.8,69642.5,69360.0,69435.5,162924.0
1712446200000,69435.5,69451.6,69017.2,69075.0,259228.0
1712447100000,69075.1,69105.4,68784.8,68913.7,162160.0
1712448000000,68913.8,69128.6,68832.1,69124.1,100214.0
1712448900000,69124.0,69163.0,68836.0,68854.0,86092.0
1712449800000,68853.9,69104.6,68835.0,69090.7,67155.0
1712450700000,69090.8,69124.2,68981.0,69014.7,43227.0
1712451600000,69014.7,69327.6,69000.0,69210.0,91159.0
1712452500000,69210.1,69580.0,69210.1,69519.9,181964.0
1712453400000,69520.0,69663.0,69325.0,69431.4,144742.0
1712454300000,69431.3,69613.4,69362.0,69543.4,80129.0
1712455200000,69543.2,69837.9,69488.1,69498.6,191352.0
1712456100000,69498.6,69682.0,69425.0,69650.8,101722.0
1712457000000,69650.8,69677.0,69400.0,69492.6,75765.0
1712457900000,69492.5,69554.9,69301.4,69315.9,94793.0
1712458800000,69315.9,69382.1,69245.0,69298.3,61664.0
1712459700000,69298.2,69470.0,69298.2,69466.0,42298.0
1712460600000,69466.1,69492.0,69316.7,69395.3,38890.0
1712461500000,69395.3,69531.0,69387.8,69414.0,39503.0
1712462400000,69414.1,69505.9,69284.3,69284.3,32719.0
1712463300000,69284.3,69334.0,69175.9,69217.4,61791.0
1712464200000,69217.3,69277.9,69052.7,69231.9,107551.0
1712465100000,69231.8,69337.8,69222.4,69309.1,38333.0
1712466000000,69309.2,69482.1,69278.8,69399.9,51784.0
1712466900000,69398.5,69457.6,69265.0,69396.4,61666.0
1712467800000,69396.3,69450.0,69333.4,69403.9,43986.0
1712468700000,69403.4,69437.0,69318.8,69410.9,22936.0
1712469600000,69410.9,69434.6,69294.3,69354.9,48200.0
1712470500000,69354.9,69356.9,69201.0,69252.2,34031.0
1712471400000,69252.1,69310.0,69133.4,69280.1,53347.0
1712472300000,69280.1,69286.0,69170.0,69255.1,38479.0
1712473200000,69255.1,69349.0,69238.3,69334.5,24916.0
1712474100000,69334.6,69454.5,69325.2,69432.3,40267.0
1712475000000,69432.4,69499.9,69372.1,69383.4,38936.0
1712475900000,69383.3,69437.4,69343.6,69373.1,25591.0
1712476800000,69373.2,69499.0,69365.1,69469.3,34054.0
1712477700000,69469.2,69544.8,69333.4,69499.8,46836.0
1712478600000,69499.9,69577.6,69487.5,69548.4,50181.0
1712479500000,69548.5,69570.0,69458.2,69498.0,36015.0
1712480400000,69498.1,69514.3,69424.0,69510.0,31078.0
1712481300000,69509.9,69509.9,69375.1,69375.1,31379.0
1712482200000,69375.0,69400.8,69220.1,69229.8,100162.0
1712483100000,69229.8,69306.7,69210.3,69296.1,40302.0
1712484000000,69296.0,69349.9,69234.4,69315.4,28601.0
1712484900000,69315.4,69446.0,69273.4,69384.3,53517.0
1712485800000,69384.4,69495.0,69350.0,69467.0,33723.0
1712486700000,69466.9,69467.0,69306.3,69330.1,33440.0
1712487600000,69330.1,69376.0,69241.6,69288.8,37788.0
1712488500000,69288.9,69403.6,69205.0,69341.9,42487.0
1712489400000,69344.0,69400.0,69275.0,69400.0,27170.0
1712490300000,69400.0,69422.6,69340.6,69365.8,15367.0
1712491200000,69365.8,69421.0,69273.5,69300.0,25476.0
1712492100000,69300.0,69347.6,69214.8,69245.9,41120.0
1712493000000,69246.0,69420.0,69218.2,69402.2,37282.0
1712493900000,69402.3,69438.5,69228.6,69342.0,53907.0
1712494800000,69342.0,69479.0,69332.0,69479.0,41188.0
1712495700000,69478.9,69480.0,69381.2,69420.9,37307.0
1712496600000,69420.9,69577.4,69300.0,69383.4,111077.0
1712497500000,69383.4,69430.0,69365.0,69378.6,38770.0
1712498400000,69378.6,69403.5,69305.0,69305.1,45802.0
1712499300000,69305.1,69374.0,69234.0,69308.1,52788.0
1712500200000,69308.1,69536.0,69266.6,69499.9,89710.0
1712501100000,69499.9,69686.9,69422.8,69580.7,150049.0
1712502000000,69580.7,69824.4,69540.0,69812.6,175465.0
1712502900000,69812.7,69899.4,69666.0,69734.6,170803.0
1712503800000,69734.5,69734.6,69354.1,69604.0,249158.0
1712504700000,69604.0,69748.9,69423.0,69570.0,122809.0
1712505600000,69569.9,70032.0,69500.0,69923.4,294399.0
1712506500000,69923.5,70232.0,69775.1,69984.0,421580.0
1712507400000,69983.9,70338.0,69945.0,70187.0,340165.0
1712508300000,70187.1,70345.0,70039.6,70080.0,134651.0
1712509200000,70078.7,70125.9,69761.0,69870.1,182604.0
1712510100000,69870.0,70021.7,69837.0,69888.1,58986.0
1712511000000,69888.1,69909.9,69663.7,69746.0,77824.0
1712511900000,69746.0,69860.0,69686.0,69814.3,56857.0
1712512800000,69814.2,69853.3,69517.5,69569.5,119430.0
1712513700000,69569.5,69636.4,69525.0,69574.2,45563.0
1712514600000,69574.2,69585.5,69251.0,69405.2,189229.0
1712515500000,69405.2,69496.0,69326.0,69410.1,74040.0
1712516400000,69410.0,69410.1,69308.0,69402.9,37118.0
1712517300000,69402.9,69532.9,69280.0,69461.0,50241.0
1712518200000,69460.9,69483.6,69275.0,69299.2,67092.0
1712519100000,69299.1,69350.0,68850.3,69073.3,249301.0
1712520000000,69073.3,69269.1,68961.1,69236.9,71548.0
1712520900000,69237.0,69394.4,69202.0,69344.0,44803.0
1712521800000,69344.1,69415.8,69319.9,69378.3,35254.0
1712522700000,69378.2,69426.9,69307.6,69314.8,28498.0
1712523600000,69314.8,69448.7,69243.0,69366.1,61695.0
1712524500000,69366.0,69442.0,69242.4,69305.5,22743.0
1712525400000,69305.4,69353.7,69064.5,69214.5,51239.0
1712526300000,69215.9,69220.0,69033.3,69043.1,23146.0
1712527200000,69043.1,69228.1,68910.5,69214.9,96563.0
1712528100000,69218.4,69284.2,69129.1,69225.0,36971.0
1712529000000,69225.1,69364.2,69165.0,69328.5,41102.0
1712529900000,69328.6,69365.0,69195.0,69221.4,30859.0
1712530800000,69221.4,69468.8,69200.6,69420.6,55368.0
1712531700000,69420.6,69482.8,69332.2,69352.7,54094.0
1712532600000,69352.8,69466.3,69288.0,69363.5,48320.0
1712533500000,69363.4,69488.0,69358.8,69362.7,42272.0
1712534400000,69358.7,69460.0,69180.2,69410.0,105210.0
1712535300000,69410.0,69455.0,69197.9,69222.4,49967.0
1712536200000,69222.9,69358.4,69054.7,69304.1,107394.0
1712537100000,69304.1,69354.7,69260.0,69348.0,22925.0
1712538000000,69348.0,69577.4,69290.1,69534.5,121455.0
1712538900000,69534.6,69867.7,69534.6,69730.0,221712.0
1712539800000,69730.0,69763.6,69589.8,69724.0,72990.0
1712540700000,69723.9,69730.0,69364.6,69459.0,92287.0
1712541600000,69459.0,69459.1,69250.0,69316.0,81156.0
1712542500000,69316.0,69407.8,69263.3,69325.0,48124.0
1712543400000,69325.0,69412.2,69191.0,69330.1,81177.0
1712544300000,69330.0,69345.8,69132.8,69248.3,63995.0
1712545200000,69248.4,69293.3,69140.3,69283.6,63341.0
1712546100000,69283.6,69320.0,69225.0,69316.2,39334.0
1712547000000,69316.2,69450.0,69302.1,69420.1,51759.0
1712547900000,69420.0,69517.1,69382.7,69467.9,43193.0
1712548800000,69468.0,69508.0,69315.2,69339.7,45610.0
1712549700000,69339.7,69384.0,69313.0,69367.4,24157.0
1712550600000,69367.3,69413.8,69288.0,69413.7,33305.0
1712551500000,69413.8,69456.3,69365.5,69390.0,25559.0
1712552400000,69390.1,69677.7,69390.1,69636.0,126727.0
1712553300000,69636.1,69654.9,69514.3,69533.3,67096.0
1712554200000,69537.9,69713.0,69537.7,69700.0,48480.0
1712555100000,69700.0,69813.8,69688.9,69717.3,129897.0
1712556000000,69717.3,69831.1,69659.0,69751.1,69195.0
1712556900000,69751.1,69793.0,69680.0,69793.0,33937.0
1712557800000,69793.0,69799.7,69638.7,69668.0,37538.0
1712558700000,69668.6,69810.0,69634.0,69806.2,78418.0
1712559600000,69806.3,69978.0,69804.0,69919.9,133943.0
1712560500000,69919.9,70155.2,69870.0,70094.4,198017.0
1712561400000,70094.4,70880.7,70094.4,70665.4,767720.0
1712562300000,70665.4,70850.0,70563.9,70711.1,298408.0
1712563200000,70714.3,71350.0,70650.0,71347.6,575081.0
1712564100000,71349.8,71513.0,71055.1,71295.4,573579.0
1712565000000,71295.4,71338.4,71092.2,71245.8,161559.0
1712565900000,71245.8,72359.4,71115.7,72016.3,1059887.0
1712566800000,72016.4,72171.1,71669.4,72029.2,426202.0
1712567700000,72029.2,72736.0,71890.2,72416.7,586185.0
1712568600000,72416.6,72528.9,72253.6,72329.8,270013.0
1712569500000,72328.1,72395.0,72046.2,72249.7,197048.0
1712570400000,72245.7,72323.0,71889.7,72022.7,241599.0
1712571300000,72022.6,72175.6,71818.4,72086.5,195066.0
1712572200000,72086.6,72333.0,72000.0,72267.7,134427.0
1712573100000,72270.0,72416.0,72204.7,72350.0,172169.0
1712574000000,72350.1,72448.6,72238.0,72325.2,118893.0
1712574900000,72325.2,72686.1,72246.0,72540.2,273101.0
1712575800000,72540.2,72540.2,72250.3,72340.6,109066.0
1712576700000,72340.7,72444.4,72252.2,72430.7,64211.0
1712577600000,72430.8,72846.2,72430.6,72735.9,303989.0
1712578500000,72739.8,72739.9,72308.0,72323.7,150874.0
1712579400000,72323.7,72424.9,72160.8,72368.0,212511.0
1712580300000,72367.9,72457.6,72211.3,72220.1,81401.0
1712581200000,72220.0,72340.0,72026.0,72107.1,192376.0
1712582100000,72107.1,72279.3,72012.1,72228.3,139683.0
1712583000000,72228.4,72249.7,71722.0,72012.7,371023.0
1712583900000,72012.8,72188.0,71906.6,71972.0,156181.0
1712584800000,71972.1,72018.4,71580.0,71911.9,315136.0
1712585700000,71912.0,71923.0,71514.0,71600.0,243931.0
1712586600000,71600.0,71772.5,71386.9,71422.5,276001.0
1712587500000,71422.6,71778.0,71280.0,71750.1,329577.0
1712588400000,71750.1,71999.6,71706.1,71927.3,196499.0
1712589300000,71927.3,71991.7,71626.0,71666.0,117963.0
1712590200000,71666.0,71910.1,71611.2,71884.9,98456.0
1712591100000,71884.9,72016.0,71733.3,71784.9,91814.0
1712592000000,71784.9,72063.0,71700.7,71846.0,148289.0
1712592900000,71846.0,71978.6,71566.4,71816.4,136427.0
1712593800000,71816.4,72002.4,71746.7,71880.0,89961.0
1712594700000,71880.0,71950.7,71724.9,71746.0,99601.0
1712595600000,71745.4,71817.9,71576.1,71667.0,104021.0
1712596500000,71667.0,71710.1,71288.5,71350.0,179654.0
1712597400000,71350.0,71571.4,71310.7,71521.0,88372.0
1712598300000,71521.1,71797.3,71505.5,71706.2,119899.0
1712599200000,71706.3,71858.7,71680.5,71759.6,86430.0
1712600100000,71759.3,71965.0,71750.0,71915.3,84206.0
1712601000000,71915.3,72122.0,71877.8,72080.1,175121.0
1712601900000,72080.1,72089.7,71827.2,71920.1,79749.0
1712602800000,71920.0,71987.6,71856.1,71914.2,33121.0
1712603700000,71914.3,71920.0,71666.0,71842.9,84425.0
1712604600000,71842.9,71888.0,71755.4,71755.4,31631.0
1712605500000,71755.4,71824.2,71564.0,71772.0,106830.0
1712606400000,71772.1,71826.6,71630.0,71631.0,58527.0
1712607300000,71631.0,71649.9,71521.8,71536.2,44052.0
1712608200000,71536.1,71758.4,71495.2,71716.8,69438.0
1712609100000,71716.8,71738.0,71606.8,71720.7,28851.0
1712610000000,71720.7,71921.1,71705.1,71884.9,46685.0
1712610900000,71884.9,71911.0,71783.1,71829.8,20621.0
1712611800000,71829.8,71829.8,71704.1,71716.5,12138.0
1712612700000,71716.5,71783.8,71666.0,71713.1,17954.0
1712613600000,71713.1,71779.0,71651.2,71684.2,30316.0
1712614500000,71684.1,71836.5,71635.5,71740.3,24008.0
1712615400000,71739.7,71774.9,71614.1,71659.9,23073.0
1712616300000,71659.9,71989.7,71628.1,71933.1,57210.0
1712617200000,71933.0,72034.0,71758.1,71853.3,65153.0
1712618100000,71853.3,71950.0,71813.8,71856.0,51593.0
1712619000000,71856.1,71897.9,71700.0,71735.2,40128.0
1712619900000,71735.3,71751.3,71635.0,71654.0,47461.0
1712620800000,71654.0,71737.7,71617.1,71734.3,40408.0
1712621700000,71735.3,71786.0,71422.7,71461.6,93096.0
1712622600000,71461.6,71685.3,71400.0,71457.7,95858.0
1712623500000,71457.6,71530.0,71338.1,71447.7,67960.0
1712624400000,71447.7,71475.0,70869.1,71098.0,477561.0
1712625300000,71098.0,71320.6,70932.1,71250.0,147745.0
1712626200000,71250.1,71335.1,71100.1,71325.1,82059.0
1712627100000,71325.0,71378.3,71216.0,71298.8,51732.0
1712628000000,71298.8,71424.5,71180.0,71398.9,70435.0
1712628900000,71398.8,71644.0,71372.4,71526.4,115475.0
1712629800000,71526.4,71581.2,71424.0,71483.1,43142.0
1712630700000,71483.0,71586.3,71459.9,71507.0,35383.0
1712631600000,71507.0,71623.0,71407.6,71611.2,49642.0
1712632500000,71611.1,71674.9,71484.1,71530.1,56673.0
1712633400000,71528.5,71528.5,71315.6,71315.6,49003.0
1712634300000,71315.6,71387.5,71196.6,71317.8,81118.0
1712635200000,71317.7,71317.8,71133.1,71151.1,57906.0
1712636100000,71151.0,71256.5,70939.0,71203.9,188268.0
1712637000000,71203.9,71347.3,71104.2,71319.0,67929.0
1712637900000,71319.0,71376.0,71186.5,71225.6,41213.0
1712638800000,71225.7,71347.4,71072.6,71099.9,74709.0
1712639700000,71100.0,71253.3,71051.7,71244.0,40939.0
1712640600000,71244.0,71247.6,70976.3,71012.0,66936.0
1712641500000,71012.0,71144.0,70992.4,71083.1,64009.0
1712642400000,71083.2,71167.3,70983.2,71094.4,93861.0
1712643300000,71094.4,71164.8,70981.0,71156.5,71787.0
1712644200000,71156.6,71290.0,70629.4,70790.7,353631.0
1712645100000,70790.6,70988.7,70555.0,70773.8,260570.0
1712646000000,70773.7,70911.0,70727.6,70904.9,84450.0
1712646900000,70904.9,70949.3,70540.8,70631.0,201681.0
1712647800000,70630.3,70710.1,70412.1,70488.1,244115.0
1712648700000,70488.2,70498.9,70145.5,70394.1,424654.0
1712649600000,70394.2,70398.7,69577.0,69891.3,948452.0
1712650500000,69891.1,70137.0,69804.2,70122.3,262402.0
1712651400000,70122.3,70278.9,69990.0,70180.1,178221.0
1712652300000,70180.0,70617.4,70169.6,70494.1,254789.0
1712653200000,70494.2,70854.9,70489.2,70756.8,234015.0
1712654100000,70756.7,70767.9,70559.1,70566.6,104058.0
1712655000000,70566.5,70664.9,70500.0,70500.0,57098.0
1712655900000,70500.0,70513.1,70250.4,70400.9,156306.0
1712656800000,70400.9,70510.0,70230.0,70368.9,101860.0
1712657700000,70369.0,70564.1,70360.0,70414.6,50078.0
1712658600000,70414.7,70488.0,70350.5,70456.7,49088.0
1712659500000,70456.6,70698.4,70456.6,70576.9,102679.0
1712660400000,70576.9,70902.0,70575.6,70895.0,166111.0
1712661300000,70894.9,70914.5,70732.4,70812.6,98044.0
1712662200000,70812.6,70820.0,70688.8,70697.8,54416.0
1712663100000,70697.8,70813.0,70647.1,70812.6,33295.0
1712664000000,70812.5,70918.7,70671.9,70716.1,79713.0
1712664900000,70716.1,70798.8,70666.7,70765.6,48583.0
1712665800000,70765.6,70900.0,70680.5,70815.1,56931.0
1712666700000,70817.0,70983.5,70690.0,70690.1,83159.0
1712667600000,70690.0,70742.7,70503.6,70620.4,149376.0
1712668500000,70620.0,70725.5,70422.4,70662.6,145894.0
1712669400000,70662.5,70935.8,70472.0,70535.3,218963.0
1712670300000,70533.1,70534.1,69910.0,69931.3,480359.0
1712671200000,69936.0,70348.9,69723.0,70302.7,406057.0
1712672100000,70302.8,70447.3,69878.0,69988.0,213374.0
1712673000000,69988.0,70017.3,68866.0,69188.0,1283332.0
1712673900000,69188.0,69369.0,68601.1,69368.1,800527.0
1712674800000,69368.0,69368.1,68513.0,68896.1,488888.0
1712675700000,68896.2,69200.0,68850.2,68900.1,297840.0
1712676600000,68900.1,69198.3,68861.5,69020.0,276341.0
1712677500000,69020.0,69292.9,69004.0,69274.8,142211.0
1712678400000,69274.7,69333.0,68920.0,69069.1,165390.0
1712679300000,69064.5,69243.0,68767.8,69135.9,178318.0
1712680200000,69135.9,69135.9,68700.1,68792.1,164573.0
1712681100000,68792.1,68874.0,68536.0,68620.0,190397.0
1712682000000,68620.1,68817.3,68168.8,68408.0,481528.0
1712682900000,68404.0,68918.5,68260.0,68803.5,238240.0
1712683800000,68803.5,68961.4,68758.0,68864.1,113803.0
1712684700000,68864.1,68960.0,68702.7,68828.7,90537.0
1712685600000,68828.6,68949.1,68772.8,68803.8,53097.0
1712686500000,68803.8,69030.9,68786.1,68979.3,66755.0
1712687400000,68979.4,69000.0,68840.4,68872.1,47471.0
1712688300000,68872.2,68956.0,68823.9,68876.8,30257.0
1712689200000,68876.8,68880.4,68658.8,68717.3,58700.0
1712690100000,68717.3,69162.7,68717.2,69116.9,71944.0
1712691000000,69116.8,69141.8,68922.0,68990.3,52695.0
1712691900000,68990.3,69148.0,68862.0,69004.3,55087.0
1712692800000,69006.1,69165.0,68968.0,69110.5,56170.0
1712693700000,69110.4,69222.0,69057.1,69079.9,62875.0
1712694600000,69082.0,69100.0,69018.0,69051.9,14857.0
1712695500000,69051.5,69171.5,69029.2,69171.5,23052.0
1712696400000,69171.5,69188.0,68942.2,69035.3,35335.0
1712697300000,69035.3,69126.8,68950.8,69085.2,20253.0
1712698200000,69085.2,69234.5,69085.2,69137.5,42098.0
1712699100000,69137.5,69269.0,69115.9,69216.0,23939.0
1712700000000,69216.1,69277.8,69145.1,69205.1,39261.0
1712700900000,69205.1,69311.5,69170.4,69240.6,30345.0
1712701800000,69240.6,69436.0,69240.6,69358.8,47233.0
1712702700000,69358.9,69406.7,69280.0,69324.1,26439.0
1712703600000,69324.0,69334.8,69093.2,69168.7,50161.0
1712704500000,69168.6,69168.6,68900.0,69006.8,69125.0
1712705400000,69006.7,69175.0,68893.0,69174.9,49664.0
1712706300000,69175.0,69284.7,69135.5,69152.1,85240.0
1712707200000,69151.3,69321.0,69108.9,69282.0,50902.0
1712708100000,69282.0,69322.0,69215.0,69294.3,44823.0
1712709000000,69294.4,69314.5,69043.5,69189.7,63565.0
1712709900000,69189.8,69264.0,69060.0,69163.6,40759.0
1712710800000,69163.5,69163.5,68791.7,68893.3,118674.0
1712711700000,68893.2,68934.0,68616.0,68882.8,183117.0
1712712600000,68882.9,68988.0,68688.0,68849.9,104714.0
1712713500000,68849.9,69287.5,68760.0,69286.2,113811.0
1712714400000,69286.3,69626.0,69256.5,69392.1,242242.0
1712715300000,69392.1,69413.4,69025.0,69098.2,133905.0
1712716200000,69098.1,69103.9,68765.0,68770.9,114305.0
1712717100000,68770.9,68881.2,68469.8,68662.1,320163.0
1712718000000,68667.7,68848.0,68626.3,68819.9,82253.0
1712718900000,68820.0,69093.0,68756.7,68896.0,190267.0
1712719800000,68896.1,69070.0,68892.1,68969.6,65152.0
1712720700000,68969.0,69218.7,68913.0,69168.0,203782.0
1712721600000,69165.5,69230.9,69016.6,69143.8,74528.0
1712722500000,69143.8,69207.8,69040.0,69125.1,83764.0
1712723400000,69125.0,69135.4,69049.1,69132.3,30736.0
1712724300000,69132.3,69194.0,69084.6,69160.3,26098.0
1712725200000,69160.3,69319.7,69140.0,69288.7,69487.0
1712726100000,69288.7,69388.0,69235.3,69331.8,100432.0
1712727000000,69331.8,69431.7,69282.8,69390.3,49755.0
1712727900000,69390.4,69407.7,69247.2,69268.0,55911.0
1712728800000,69267.9,69366.4,69235.1,69240.3,35726.0
1712729700000,69240.0,69481.3,69240.0,69468.9,65238.0
1712730600000,69468.9,69488.0,69336.2,69484.6,55176.0
1712731500000,69484.5,69484.5,69360.0,69377.7,36496.0
1712732400000,69377.8,69470.0,69377.7,69469.9,34600.0
1712733300000,69469.8,69524.3,69309.9,69369.8,65484.0
1712734200000,69369.8,69447.5,69369.8,69419.9,30081.0
1712735100000,69419.9,69447.4,69244.9,69341.8,79994.0
1712736000000,69341.8,69352.9,68774.7,69033.1,289229.0
1712736900000,69033.0,69264.0,68913.0,69079.6,131885.0
1712737800000,69079.6,69124.8,68886.3,68989.0,75902.0
1712738700000,68989.0,69042.5,68892.9,69032.6,55948.0
1712739600000,69032.7,69101.8,68925.0,69069.2,40752.0
1712740500000,69069.2,69182.5,69038.0,69103.9,49738.0
1712741400000,69104.0,69104.0,68906.3,69056.9,45066.0
1712742300000,69057.0,69160.0,68932.7,69157.0,66853.0
1712743200000,69157.0,69205.6,68920.3,68950.1,91327.0
1712744100000,68950.0,68960.0,68638.0,68845.9,294999.0
1712745000000,68846.0,68860.0,68640.0,68812.1,62562.0
1712745900000,68812.0,69019.4,68672.1,68934.1,169212.0
1712746800000,68934.2,69065.9,68860.0,69028.6,65591.0
1712747700000,69028.7,69088.0,68940.5,69074.9,62647.0
1712748600000,69075.0,69133.0,68955.2,69048.3,58864.0
1712749500000,69048.3,69083.3,68959.6,69051.1,34476.0
1712750400000,69051.0,69240.8,68867.5,69026.2,161987.0
1712751300000,69025.0,69090.7,68704.2,68971.1,218364.0
1712752200000,68971.1,68971.1,67527.0,67952.6,1523867.0
1712753100000,67957.5,68165.8,67812.0,67977.7,390155.0
1712754000000,67977.4,67977.5,67588.0,67620.1,291898.0
1712754900000,67620.1,67898.0,67600.0,67713.3,210053.0
1712755800000,67713.2,67900.0,67598.5,67879.2,262844.0
1712756700000,67879.1,68323.9,67507.5,68262.4,500874.0
1712757600000,68262.4,68367.4,68000.7,68235.9,273813.0
1712758500000,68236.0,68824.0,68142.4,68590.7,471999.0
1712759400000,68590.7,68978.0,68405.0,68828.0,373471.0
1712760300000,68828.1,68969.0,68620.3,68703.9,225154.0
1712761200000,68704.0,68762.5,68250.0,68379.3,217971.0
1712762100000,68379.2,68643.0,68349.3,68628.8,136244.0
1712763000000,68628.9,68776.9,68462.7,68500.1,102799.0
1712763900000,68500.0,68724.5,68488.0,68658.0,66117.0
1712764800000,68658.0,68880.9,68615.0,68733.9,130010.0
1712765700000,68734.0,68958.8,68561.0,68926.0,134144.0
1712766600000,68926.1,69298.8,68850.2,69090.8,309137.0
1712767500000,69090.9,69563.0,69090.9,69525.1,362162.0
1712768400000,69525.5,69565.0,69188.1,69276.9,161532.0
1712769300000,69276.9,69944.3,69210.9,69611.9,368458.0
1712770200000,69611.8,69669.1,69247.4,69308.2,215298.0
1712771100000,69308.2,69466.4,69145.8,69370.5,122138.0
1712772000000,69370.9,69400.0,69175.0,69391.3,148201.0
1712772900000,69391.3,69424.9,69106.1,69254.9,194474.0
1712773800000,69252.1,69402.2,69068.5,69378.4,119855.0
1712774700000,69378.5,69429.9,69241.7,69322.7,70212.0
1712775600000,69322.6,69374.9,69217.5,69373.2,63472.0
1712776500000,69373.7,69621.0,69340.6,69520.1,76259.0
1712777400000,69520.1,69784.9,69433.4,69751.0,140143.0
1712778300000,69751.0,70110.9,69715.2,70110.9,380563.0
1712779200000,70110.9,70123.0,69741.8,69881.8,207383.0
1712780100000,69881.8,70155.0,69833.3,69850.2,129755.0
1712781000000,69851.5,69946.2,69801.0,69908.8,49601.0
1712781900000,69908.8,69908.8,69780.1,69820.2,43069.0
1712782800000,69820.3,69978.7,69727.4,69854.9,99442.0
1712783700000,69854.8,69874.1,69552.6,69639.9,77893.0
1712784600000,69639.9,69763.6,69589.8,69598.5,46642.0
1712785500000,69598.5,70021.1,69598.5,70009.9,60867.0
1712786400000,70009.9,70580.0,70009.9,70500.0,340228.0
1712787300000,70500.0,71221.9,70433.9,70935.7,407689.0
1712788200000,70935.7,71125.3,70730.0,70795.3,262399.0
1712789100000,70795.4,70817.9,70508.8,70538.7,154166.0
1712790000000,70538.7,70820.7,70538.7,70658.4,115830.0
1712790900000,70658.4,70715.2,70537.7,70608.1,88523.0
1712791800000,70608.1,70690.1,70551.3,70556.7,53905.0
1712792700000,70556.7,70693.5,70510.0,70654.9,66273.0
1712793600000,70655.0,70689.2,70355.0,70482.0,148074.0
1712794500000,70482.1,70511.1,70361.8,70399.9,73933.0
1712795400000,70399.9,70541.7,70308.4,70391.8,102265.0
1712796300000,70391.8,70591.2,70364.0,70530.6,76145.0
1712797200000,70530.7,70700.0,70495.7,70645.1,71905.0
1712798100000,70645.0,70783.0,70533.0,70533.1,69897.0
1712799000000,70533.0,70769.0,70479.2,70581.0,64655.0
1712799900000,70581.0,70692.2,70550.0,70580.2,42682.0
1712800800000,70580.1,70932.3,70529.8,70781.1,98089.0
1712801700000,70777.5,70962.9,70723.8,70831.1,73736.0
1712802600000,70831.2,70944.3,70766.0,70920.8,60402.0
1712803500000,70920.1,71082.7,70760.0,71001.3,148820.0
1712804400000,71001.2,71033.2,70825.4,70860.0,51931.0
1712805300000,70860.0,71016.5,70769.8,70892.0,72417.0
1712806200000,70892.0,70948.0,70809.9,70927.6,33999.0
1712807100000,70927.6,70927.6,70800.0,70867.9,32696.0
1712808000000,70867.9,70900.0,70525.0,70618.1,184793.0
1712808900000,70618.2,70644.0,70405.6,70529.1,110635.0
1712809800000,70529.1,70580.0,70396.2,70551.6,70835.0
1712810700000,70551.7,70640.0,70464.5,70622.0,46728.0
1712811600000,70622.0,70700.0,70575.2,70699.9,36898.0
1712812500000,70699.9,70699.9,70470.7,70587.8,45760.0
1712813400000,70587.7,70633.6,70470.8,70506.6,28631.0
1712814300000,70506.5,70625.8,70456.9,70605.6,30845.0
1712815200000,70605.7,70861.8,70584.5,70796.0,110622.0
1712816100000,70796.0,70838.9,70659.1,70688.4,51017.0
1712817000000,70688.5,70820.0,70688.5,70741.5,41901.0
1712817900000,70741.5,70792.8,70680.0,70724.9,26736.0
1712818800000,70725.0,71025.3,70724.9,70894.1,136882.0
1712819700000,70894.0,71323.7,70894.0,70932.8,273737.0
1712820600000,70932.9,71040.6,70843.7,70940.0,110447.0
1712821500000,70940.0,71057.7,70725.3,70744.7,111003.0
1712822400000,70744.7,70844.2,70612.4,70839.2,89761.0
1712823300000,70839.2,70924.6,70750.9,70841.7,80331.0
1712824200000,70841.7,71197.0,70811.0,71127.7,192989.0
1712825100000,71124.0,71268.0,71005.8,71041.8,176499.0
1712826000000,71043.4,71054.5,70850.0,70920.8,77777.0
1712826900000,70920.8,70986.9,70739.1,70845.9,76438.0
1712827800000,70845.8,70859.0,70650.0,70760.0,113902.0
1712828700000,70760.0,70841.9,70578.3,70615.0,124121.0
1712829600000,70615.1,70769.1,70564.2,70634.8,66626.0
1712830500000,70633.7,70789.0,70632.9,70697.0,47593.0
1712831400000,70696.9,70776.1,70523.6,70566.3,71382.0
1712832300000,70566.3,70640.0,70419.9,70471.7,105193.0
1712833200000,70471.7,70571.5,70339.2,70526.7,142455.0
1712834100000,70526.6,70605.6,70503.1,70558.3,43420.0
1712835000000,70558.4,70560.4,70015.8,70334.7,292982.0
1712835900000,70334.7,70360.0,69888.0,70004.6,272863.0
1712836800000,70004.6,70244.8,70004.6,70176.9,140398.0
1712837700000,70177.0,70321.7,69898.5,70012.0,170306.0
1712838600000,70012.0,71095.7,69956.4,70820.0,699481.0
1712839500000,70820.0,70981.2,70702.0,70850.4,230161.0
1712840400000,70850.4,70999.8,70779.5,70891.9,134419.0
1712841300000,70892.7,70990.0,70628.4,70728.6,174790.0
1712842200000,70728.6,70907.1,69705.5,69824.8,793702.0
1712843100000,69824.9,70546.8,69663.1,70284.0,656726.0
1712844000000,70284.0,70349.0,69870.6,69968.0,274714.0
1712844900000,69968.0,69968.0,69610.0,69826.9,337979.0
1712845800000,69832.0,70129.9,69721.6,69985.4,208251.0
1712846700000,69985.5,70100.0,69555.2,69579.9,155667.0
1712847600000,69580.0,69868.4,69550.4,69756.1,178465.0
1712848500000,69756.0,69930.0,69617.3,69696.4,146929.0
1712849400000,69696.5,69976.4,69606.0,69876.2,122201.0
1712850300000,69876.1,70038.9,69709.4,70000.7,113512.0
1712851200000,70000.7,70136.7,69949.9,70016.5,146250.0
1712852100000,70020.9,70032.1,69736.0,69792.2,101936.0
1712853000000,69792.2,69850.0,69580.0,69718.7,149395.0
1712853900000,69718.8,70115.4,69628.0,70018.9,153155.0
1712854800000,70019.0,70360.0,70003.5,70275.4,152627.0
1712855700000,70275.5,70446.9,70192.0,70339.2,125812.0
1712856600000,70339.1,70363.6,70122.0,70194.6,71582.0
1712857500000,70194.7,70324.9,70183.2,70214.9,38468.0
1712858400000,70214.9,70435.6,70168.4,70238.0,71782.0
1712859300000,70238.0,70246.7,70133.3,70137.7,34539.0
1712860200000,70137.8,70240.0,69955.4,70240.0,95483.0
1712861100000,70239.9,70262.7,70034.8,70104.0,29471.0
1712862000000,70106.9,70172.7,70006.7,70143.2,48233.0
1712862900000,70143.1,70333.0,70100.0,70306.6,51194.0
1712863800000,70306.6,70531.0,70281.1,70499.0,95704.0
1712864700000,70499.0,70499.1,70234.1,70452.0,61887.0
1712865600000,70452.0,70581.3,70379.9,70553.9,101857.0
1712866500000,70553.8,70770.8,70502.6,70684.4,159384.0
1712867400000,70684.5,70713.8,70523.1,70539.5,60707.0
1712868300000,70539.5,70598.0,70471.2,70515.6,36164.0
1712869200000,70522.7,70524.0,70411.1,70497.3,38202.0
1712870100000,70497.2,70497.3,70183.0,70220.0,82466.0
1712871000000,70220.0,70333.3,70112.2,70159.2,69300.0
1712871900000,70159.1,70265.0,70062.4,70136.5,31301.0
1712872800000,70136.5,70208.3,70039.8,70208.2,42250.0
1712873700000,70208.3,70273.0,70165.9,70264.5,23394.0
1712874600000,70264.4,70264.4,70029.8,70173.1,52646.0
1712875500000,70173.1,70277.8,70108.2,70168.1,25092.0
1712876400000,70168.0,70218.9,70060.0,70060.0,29001.0
1712877300000,70060.1,70082.9,69789.0,69963.1,97417.0
1712878200000,69963.1,70070.8,69951.2,70070.8,39032.0
1712879100000,70070.8,70143.0,70010.0,70010.1,26232.0
1712880000000,70010.1,70321.8,70005.4,70238.3,67373.0
1712880900000,70238.3,70345.0,70148.0,70271.9,49603.0
1712881800000,70271.8,70323.9,70232.2,70323.8,39428.0
1712882700000,70323.7,70344.9,70270.6,70307.7,28876.0
1712883600000,70306.9,70388.0,70162.6,70208.9,48374.0
1712884500000,70208.9,70267.2,70162.5,70190.8,44473.0
1712885400000,70190.8,70271.8,70111.4,70237.8,34204.0
1712886300000,70237.9,70336.4,70237.8,70290.2,31412.0
1712887200000,70290.1,70572.4,70209.4,70555.0,132331.0
1712888100000,70555.0,70800.0,70460.0,70721.0,171893.0
1712889000000,70720.9,70787.9,70675.0,70704.8,84930.0
1712889900000,70704.7,70796.2,70650.0,70650.0,70712.0
1712890800000,70650.0,70780.0,70650.0,70748.6,47380.0
1712891700000,70748.6,70974.7,70669.9,70941.1,227683.0
1712892600000,70941.1,70999.0,70788.6,70834.0,92989.0
1712893500000,70834.1,71008.7,70818.4,70986.8,99869.0
1712894400000,70986.8,71015.2,70847.7,70902.1,69139.0
1712895300000,70900.0,70933.0,70838.5,70852.0,41633.0
1712896200000,70852.0,71028.3,70826.2,71010.7,68907.0
1712897100000,71010.7,71255.2,71010.6,71129.0,177790.0
1712898000000,71129.0,71187.9,70940.0,71020.0,120723.0
1712898900000,71020.0,71080.0,70936.1,71052.3,48791.0
1712899800000,71052.3,71080.0,70935.1,70955.0,54862.0
1712900700000,70954.9,71050.0,70915.7,70968.0,47068.0
1712901600000,70968.1,71029.8,70850.0,70857.1,58086.0
1712902500000,70857.2,70933.3,70719.7,70830.6,83462.0
1712903400000,70830.6,70931.7,70766.7,70894.3,60339.0
1712904300000,70894.3,70930.4,70834.9,70892.1,26499.0
1712905200000,70892.2,70998.7,70812.8,70823.7,48077.0
1712906100000,70823.7,70868.0,70750.0,70852.7,47024.0
1712907000000,70852.7,70877.7,70588.1,70700.0,128777.0
1712907900000,70700.0,70777.7,70600.0,70777.7,66330.0
1712908800000,70777.6,70882.9,70741.0,70868.5,64058.0
1712909700000,70869.9,70925.0,70751.0,70805.7,51049.0
1712910600000,70803.5,70803.5,70610.1,70777.0,68271.0
1712911500000,70777.0,70822.0,70699.9,70789.7,39403.0
1712912400000,70789.6,70881.1,70701.6,70764.9,59111.0
1712913300000,70764.9,70773.8,70630.0,70698.4,57494.0
1712914200000,70698.4,70760.6,70608.3,70628.7,51570.0
1712915100000,70628.7,70691.2,70524.6,70667.5,80231.0
1712916000000,70667.6,70756.2,70620.0,70740.7,51482.0
1712916900000,70740.7,70777.0,70677.3,70745.3,44572.0
1712917800000,70745.3,70877.3,70628.0,70799.7,109148.0
1712918700000,70799.6,70854.4,70740.4,70791.9,95789.0
1712919600000,70791.9,70950.0,70766.2,70824.2,85611.0
1712920500000,70824.1,70885.0,70773.8,70796.1,33594.0
1712921400000,70796.1,70944.4,70789.0,70923.0,48719.0
1712922300000,70923.0,70978.0,70851.7,70900.0,67232.0
1712923200000,70900.1,70978.0,70853.7,70869.3,55085.0
1712924100000,70869.2,70869.2,70731.8,70843.6,107972.0
1712925000000,70843.5,70843.6,70301.0,70401.7,354161.0
1712925900000,70401.7,70560.0,70360.0,70527.9,182315.0
1712926800000,70527.9,70528.0,70039.6,70308.0,378813.0
1712927700000,70307.9,70308.3,70009.4,70155.6,194921.0
1712928600000,70155.6,70293.1,69762.1,69793.8,365656.0
1712929500000,69793.7,69984.1,69615.0,69888.0,433739.0
1712930400000,69887.9,70088.0,69600.2,69763.4,296802.0
1712931300000,69763.4,69944.0,69635.0,69726.9,169683.0
1712932200000,69726.9,69935.8,69389.5,69625.6,307838.0
1712933100000,69619.8,69627.5,69220.1,69243.5,299459.0
1712934000000,69243.5,69497.0,69220.0,69381.6,188154.0
1712934900000,69381.6,69723.9,69325.7,69700.0,156410.0
1712935800000,69699.9,69711.9,69333.2,69423.6,144447.0
1712936700000,69423.6,69489.9,69310.0,69336.0,107912.0
1712937600000,69336.1,69580.0,69106.6,69136.0,312907.0
1712938500000,69135.9,69221.0,68655.8,68966.4,658321.0
1712939400000,68966.4,69021.8,68711.2,68722.2,203784.0
1712940300000,68722.3,69050.0,68685.7,68833.0,169774.0
1712941200000,68833.1,68962.2,68450.2,68571.2,395240.0
1712942100000,68571.2,68718.0,67333.4,67880.4,1201838.0
1712943000000,67880.5,68300.0,67509.7,68146.2,894442.0
1712943900000,68146.1,68421.8,68056.0,68147.3,305575.0
1712944800000,68147.3,68384.8,67961.0,68160.3,268062.0
1712945700000,68160.2,68169.5,67409.1,67613.3,404905.0
1712946600000,67613.4,67675.4,64800.1,66530.1,3034826.0
1712947500000,66530.1,66855.8,66020.6,66487.9,579716.0
1712948400000,66487.9,66887.2,66333.0,66592.0,347228.0
1712949300000,66591.9,66959.1,66436.8,66816.0,306063.0
1712950200000,66816.0,67326.6,66816.0,67096.4,372525.0
1712951100000,67096.3,67145.4,66756.9,66849.9,203521.0
1712952000000,66849.8,67331.9,66700.0,67296.5,274845.0
1712952900000,67296.4,67454.4,67200.0,67365.6,130419.0
1712953800000,67364.9,67438.7,67188.8,67288.0,90184.0
1712954700000,67288.1,67322.6,66917.7,67140.2,117462.0
1712955600000,67140.2,67143.0,66794.3,66865.5,121236.0
1712956500000,66865.4,67008.1,66727.2,66917.5,69143.0
1712957400000,66917.5,66919.9,66700.0,66797.7,53668.0
1712958300000,66797.7,66993.5,66797.7,66966.6,38092.0
1712959200000,66966.5,67170.8,66838.9,67132.1,66281.0
1712960100000,67132.1,67280.7,67081.5,67082.0,73108.0
1712961000000,67082.0,67139.0,66993.7,67020.2,44355.0
1712961900000,67020.1,67069.2,66910.7,67069.2,37423.0
1712962800000,67069.2,67074.4,66824.0,66912.6,49596.0
1712963700000,66912.5,67000.0,66825.1,66985.6,38335.0
1712964600000,66985.6,67165.3,66944.0,67126.3,43867.0
1712965500000,67126.2,67249.9,67092.8,67125.1,65425.0
1712966400000,67125.0,67160.8,66957.3,66964.9,81174.0
1712967300000,66964.9,67062.7,66911.0,67052.0,59391.0
1712968200000,67052.0,67111.1,66772.0,66812.1,85706.0
1712969100000,66812.1,66958.3,66766.8,66940.4,49682.0
1712970000000,66940.4,66952.4,66424.0,66517.9,188227.0
1712970900000,66517.8,66683.2,66467.5,66590.1,102474.0
1712971800000,66590.1,66590.2,66131.1,66300.2,225967.0
1712972700000,66300.3,66333.0,65724.4,65903.9,470489.0
1712973600000,65903.9,66436.0,65888.1,66420.7,238946.0
1712974500000,66420.7,66538.1,66264.0,66522.1,124489.0
1712975400000,66522.1,66596.0,66320.7,66535.0,86924.0
1712976300000,66534.9,66573.8,66416.1,66531.6,88202.0
1712977200000,66531.7,66740.0,66480.4,66540.2,93168.0
1712978100000,66540.2,66777.0,66518.6,66775.4,67847.0
1712979000000,66775.5,67015.4,66733.0,66974.8,162477.0
1712979900000,66974.8,67160.0,66901.1,67144.7,103911.0
1712980800000,67144.8,67250.0,67003.2,67233.1,129116.0
1712981700000,67233.1,67375.7,67103.6,67375.7,144076.0
1712982600000,67375.7,67734.1,67284.2,67699.0,234679.0
1712983500000,67698.9,67927.9,67523.6,67570.5,328556.0
1712984400000,67570.5,67887.4,67565.9,67722.6,188903.0
1712985300000,67726.5,67739.3,67601.4,67670.3,73692.0
1712986200000,67664.1,67664.1,67388.3,67519.8,175520.0
1712987100000,67519.8,67579.2,67282.8,67337.0,110397.0
1712988000000,67337.0,67505.3,67337.0,67382.1,56466.0
1712988900000,67382.0,67395.5,67250.0,67368.0,90054.0
1712989800000,67368.1,67438.0,67270.9,67414.8,57887.0
1712990700000,67414.9,67496.6,67288.0,67462.0,85697.0
1712991600000,67462.0,67560.3,67370.0,67370.0,65213.0
1712992500000,67370.0,67370.0,67100.4,67346.0,146416.0
1712993400000,67346.1,67515.9,67260.0,67446.7,63904.0
1712994300000,67446.7,67494.3,67332.0,67434.3,62773.0
1712995200000,67434.3,67445.1,67211.9,67220.9,76200.0
1712996100000,67220.9,67392.0,67144.0,67387.1,52160.0
1712997000000,67387.2,67396.0,67245.3,67270.6,51577.0
1712997900000,67270.6,67285.6,67073.9,67163.1,105770.0
1712998800000,67163.1,67253.0,67124.1,67135.8,71977.0
1712999700000,67135.9,67276.0,67135.9,67188.0,40193.0
1713000600000,67187.9,67388.0,67172.0,67364.0,63684.0
1713001500000,67363.9,67475.7,67333.0,67380.4,72417.0
1713002400000,67380.5,67452.5,67309.0,67422.9,38875.0
1713003300000,67423.0,67460.0,67302.3,67330.0,42941.0
1713004200000,67330.0,67476.7,67330.0,67380.3,51033.0
1713005100000,67380.3,67480.1,67367.5,67429.6,47406.0
1713006000000,67429.5,67844.4,67422.8,67563.4,232181.0
1713006900000,67563.4,67743.0,67436.9,67436.9,84607.0
1713007800000,67436.9,67580.0,67436.9,67507.0,35974.0
1713008700000,67505.4,67513.9,67292.1,67364.0,85169.0
1713009600000,67364.0,67448.5,67168.0,67225.5,100761.0
1713010500000,67225.6,67322.9,67213.7,67272.2,33812.0
1713011400000,67272.2,67699.8,67272.1,67447.9,134694.0
1713012300000,67447.9,67630.0,67439.0,67509.3,52718.0
1713013200000,67509.3,67767.4,67509.3,67645.9,103805.0
1713014100000,67645.9,67773.0,67570.1,67681.8,108796.0
1713015000000,67681.9,67712.5,67439.1,67510.0,116416.0
1713015900000,67510.0,67600.0,67502.0,67546.6,31580.0
1713016800000,67546.5,67659.5,67484.9,67648.2,37232.0
1713017700000,67648.1,67728.0,67580.8,67689.9,34578.0
1713018600000,67689.8,67707.5,67366.0,67495.9,119946.0
1713019500000,67494.2,67567.1,67378.6,67553.3,51747.0
1713020400000,67553.2,67642.6,67430.0,67458.3,68369.0
1713021300000,67458.3,67953.3,67458.2,67897.1,167996.0
1713022200000,67897.1,67898.8,67723.8,67817.8,117285.0
1713023100000,67817.9,67869.6,67636.0,67671.9,61242.0
1713024000000,67671.0,67767.7,67424.5,67494.7,150447.0
1713024900000,67494.7,67584.6,67238.0,67408.5,162248.0
1713025800000,67408.0,67588.0,67381.6,67539.7,66161.0
1713026700000,67539.6,67546.0,67332.0,67429.7,68674.0
1713027600000,67429.7,67436.9,67003.1,67051.9,251680.0
1713028500000,67051.8,67217.8,66654.1,66784.1,459702.0
1713029400000,66784.0,67054.3,66503.6,66971.6,353200.0
1713030300000,66971.6,67067.1,66701.0,66734.0,145732.0
1713031200000,66734.1,66819.9,66437.9,66750.9,244076.0
1713032100000,66750.9,66992.0,66750.9,66883.5,120136.0
1713033000000,66883.6,67196.3,66737.4,67144.9,121455.0
1713033900000,67145.0,67263.4,67005.0,67153.1,91122.0
1713034800000,67153.1,67233.0,67028.0,67028.1,60277.0
1713035700000,67028.0,67067.7,66898.6,67059.9,46479.0
1713036600000,67060.0,67283.0,66785.9,66795.0,94735.0
1713037500000,66800.7,66835.3,63500.1,64783.9,2312242.0
1713038400000,64780.0,64865.0,59666.0,62540.8,3740612.0
1713039300000,62538.6,62767.8,61211.0,62117.2,1446773.0
1713040200000,62124.0,62828.7,62092.8,62521.7,749749.0
1713041100000,62520.2,62599.9,61333.0,61834.9,952175.0
1713042000000,61837.6,62713.8,61837.6,62081.7,588650.0
1713042900000,62081.6,62332.8,61688.0,61790.3,370913.0
1713043800000,61789.1,62462.2,61770.1,62332.8,200078.0
1713044700000,62332.8,62973.1,62252.5,62928.1,322172.0
1713045600000,62924.4,62924.4,62128.0,62383.1,270559.0
1713046500000,62384.0,62910.0,62364.0,62790.0,265009.0
1713047400000,62791.9,64597.6,62771.1,64535.5,813551.0
1713048300000,64535.4,64588.0,63896.2,64293.4,500876.0
1713049200000,64285.8,65640.6,64269.4,65012.6,856574.0
1713050100000,65012.7,65340.0,64140.5,64409.7,448622.0
1713051000000,64410.7,64690.9,64333.1,64340.1,207333.0
1713051900000,64342.8,64607.5,63686.6,63945.0,260020.0
1713052800000,63945.0,64322.5,63751.8,63880.0,343124.0
1713053700000,63884.7,64069.5,62888.9,63567.3,622573.0
1713054600000,63568.0,64269.5,63500.3,64110.3,267610.0
1713055500000,64108.2,64284.0,63560.1,63690.0,248505.0
1713056400000,63691.0,63813.3,63259.8,63532.3,269571.0
1713057300000,63532.4,63928.3,63434.3,63801.1,181872.0
1713058200000,63801.0,64100.3,63701.0,63874.9,107673.0
1713059100000,63875.0,63990.0,63654.2,63749.5,87690.0
1713060000000,63749.5,63962.1,63586.8,63662.6,84454.0
1713060900000,63662.5,63673.0,63322.5,63508.9,143361.0
1713061800000,63508.8,63538.0,63034.1,63166.7,175795.0
1713062700000,63166.8,63365.9,63014.0,63095.7,152692.0
1713063600000,63095.6,63171.9,62150.2,62196.0,509758.0
1713064500000,62196.0,62842.3,62176.0,62739.0,326958.0
1713065400000,62739.0,63467.0,62692.0,63397.4,280912.0
1713066300000,63399.9,63595.9,63064.4,63430.9,174958.0
1713067200000,63431.0,63748.0,63385.9,63683.6,209166.0
1713068100000,63683.6,64180.0,63650.9,64135.6,295945.0
1713069000000,64133.5,64133.5,63812.2,63924.0,158948.0
1713069900000,63924.0,64096.7,63851.1,63948.0,85396.0
1713070800000,63948.0,64399.4,63907.8,64373.3,169757.0
1713071700000,64373.2,64413.3,64032.0,64249.7,145693.0
1713072600000,64249.8,64456.5,64140.0,64392.7,132828.0
1713073500000,64392.7,64450.0,64250.0,64375.4,97937.0
1713074400000,64375.4,64427.4,64099.0,64210.0,108213.0
1713075300000,64215.6,64666.0,64110.0,64644.0,179107.0
1713076200000,64644.0,64888.0,64492.7,64820.3,202312.0
1713077100000,64820.3,64850.0,64560.7,64638.8,124303.0
1713078000000,64638.8,64828.0,64534.2,64633.6,126044.0
1713078900000,64633.6,64788.0,64512.4,64565.0,59705.0
1713079800000,64564.9,64729.2,64535.8,64569.8,61788.0
1713080700000,64569.1,64588.0,64227.3,64455.6,207853.0
1713081600000,64455.6,64625.4,64357.5,64593.3,70901.0
1713082500000,64593.3,64840.0,64504.8,64828.0,99527.0
1713083400000,64828.0,64884.3,64584.1,64632.5,76859.0
1713084300000,64632.5,64632.5,64405.0,64519.5,100262.0
1713085200000,64517.6,64713.7,64333.3,64400.0,106226.0
1713086100000,64400.0,64462.0,64195.0,64340.1,111290.0
1713087000000,64349.1,64450.0,63913.8,64102.4,237817.0
1713087900000,64102.3,64236.3,63956.1,64139.9,116092.0
1713088800000,64139.9,64355.2,64135.4,64308.4,83145.0
1713089700000,64308.5,64333.3,64142.7,64292.6,54174.0
1713090600000,64292.5,64676.2,64292.5,64516.1,148607.0
1713091500000,64516.1,64596.7,64440.0,64461.3,65331.0
1713092400000,64461.2,64598.5,64188.0,64249.9,83446.0
1713093300000,64250.0,64259.3,63943.1,64119.5,156932.0
1713094200000,64119.5,64204.8,63888.0,63894.6,81194.0
1713095100000,63894.6,64215.2,63894.6,64177.8,80760.0
1713096000000,64177.8,64427.7,64065.4,64214.7,118873.0
1713096900000,64214.7,64475.4,64214.7,64236.2,101555.0
1713097800000,64236.3,64530.1,64225.9,64496.1,121609.0
1713098700000,64496.0,64860.0,64380.0,64526.1,254985.0
1713099600000,64526.0,64849.0,64355.5,64696.0,179809.0
1713100500000,64694.2,64787.0,64514.8,64596.1,96611.0
1713101400000,64596.1,64636.0,64381.0,64469.5,95327.0
1713102300000,64472.7,64572.3,64333.0,64371.1,105628.0
1713103200000,64371.1,64412.0,63912.2,64055.9,331346.0
1713104100000,64055.9,64132.9,63831.3,64012.0,212600.0
1713105000000,64012.1,64188.0,63455.6,63855.1,502357.0
1713105900000,63855.1,63984.6,63637.6,63925.9,161205.0
1713106800000,63925.8,64186.8,63908.0,64010.0,162296.0
1713107700000,64010.0,64488.7,63936.1,64335.0,141012.0
1713108600000,64334.9,64495.4,64013.7,64114.0,116090.0
1713109500000,64114.0,64224.4,64006.0,64187.3,84238.0
1713110400000,64187.3,64409.7,64110.9,64352.3,115734.0
1713111300000,64352.4,64695.9,64336.9,64619.7,168614.0
1713112200000,64619.8,64748.0,64357.4,64437.3,128060.0
1713113100000,64437.3,64488.0,64314.5,64415.9,64314.0
1713114000000,64415.9,64587.6,63566.1,63750.3,274628.0
1713114900000,63748.8,63910.8,62572.3,63128.1,970299.0
1713115800000,63128.2,64255.9,63079.6,63878.6,782743.0
1713116700000,63878.5,64048.8,63572.8,63872.9,247999.0
1713117600000,63872.9,64379.9,63753.4,64254.4,231375.0
1713118500000,64254.4,64469.1,64087.9,64331.9,242072.0
1713119400000,64332.0,64700.0,64300.0,64496.1,203955.0
1713120300000,64496.0,64566.9,64356.0,64397.5,70310.0
1713121200000,64397.6,64482.9,64082.0,64103.1,89321.0
1713122100000,64103.2,64192.5,63922.1,64003.0,95038.0
1713123000000,64002.9,64304.3,63950.1,64251.9,66419.0
1713123900000,64252.0,64371.0,64133.3,64161.7,32932.0
1713124800000,64161.8,64350.0,63937.8,64030.8,108823.0
1713125700000,64030.7,64151.9,63972.0,64131.9,40717.0
1713126600000,64132.0,64267.0,64048.0,64113.1,40432.0
1713127500000,64119.1,64122.3,63700.7,63847.9,151050.0
1713128400000,63847.9,63854.6,63514.5,63694.5,93235.0
1713129300000,63694.4,63823.1,63300.0,63632.0,175979.0
1713130200000,63631.9,63733.4,63416.8,63460.0,42928.0
1713131100000,63460.0,63779.9,63436.4,63675.1,39714.0
1713132000000,63675.1,65411.9,63635.3,64931.7,704836.0
1713132900000,64931.6,65395.0,64693.6,65306.8,250034.0
1713133800000,65305.1,65480.2,65019.7,65134.9,254324.0
1713134700000,65134.8,65384.0,64912.2,65344.8,202468.0
1713135600000,65344.8,65394.1,65066.7,65352.1,105268.0
1713136500000,65352.2,65881.1,65218.8,65535.7,254546.0
1713137400000,65535.8,65777.7,65382.5,65771.0,122488.0
1713138300000,65771.0,65771.0,65540.0,65661.4,95436.0
1713139200000,65661.5,65877.3,65400.0,65716.0,207015.0
1713140100000,65714.8,65747.3,65374.3,65489.9,157448.0
1713141000000,65489.9,65724.0,65290.2,65633.5,140820.0
1713141900000,65633.5,65750.0,65387.2,65485.3,113538.0
1713142800000,65485.3,65533.7,65288.4,65396.7,95457.0
1713143700000,65397.1,65588.0,65357.1,65575.0,64485.0
1713144600000,65575.0,65718.7,65380.9,65381.1,80942.0
1713145500000,65381.1,65391.8,65036.2,65287.9,166724.0
1713146400000,65290.4,65374.2,65140.7,65149.5,77701.0
1713147300000,65149.5,65328.5,65106.8,65230.2,89554.0
1713148200000,65230.2,65287.4,64935.8,65086.0,111894.0
1713149100000,65086.0,65224.1,64992.2,65134.8,79200.0
1713150000000,65134.9,65324.0,65031.5,65212.4,61471.0
1713150900000,65212.3,65320.0,65170.8,65236.2,61332.0
1713151800000,65236.2,65345.7,65183.9,65332.1,59498.0
1713152700000,65332.1,65332.1,65103.8,65149.3,47688.0
1713153600000,65149.4,65183.9,64703.1,64800.5,198896.0
1713154500000,64800.5,64955.2,64688.0,64955.2,87552.0
1713155400000,64955.2,65003.2,64789.7,64914.9,73500.0
1713156300000,64914.9,64957.0,64837.4,64917.0,30484.0
1713157200000,64916.8,65076.8,64914.5,64965.0,63472.0
1713158100000,64965.0,65215.0,64928.8,65116.5,69769.0
1713159000000,65116.0,65400.0,65090.1,65262.5,121898.0
1713159900000,65262.5,65524.2,65240.2,65470.0,105630.0
1713160800000,65470.0,65727.7,65364.2,65626.7,198705.0
1713161700000,65626.7,66387.9,65593.5,66328.1,480756.0
1713162600000,66328.1,66470.0,66123.1,66308.5,357952.0
1713163500000,66305.5,66559.8,66066.1,66454.1,296457.0
1713164400000,66454.7,66575.2,66205.0,66292.6,166431.0
1713165300000,66292.6,66520.0,66215.0,66460.2,204244.0
1713166200000,66460.3,66494.9,66300.0,66309.9,116246.0
1713167100000,66309.9,66400.1,66152.9,66251.6,116044.0
1713168000000,66251.6,66446.2,66050.0,66071.7,165599.0
1713168900000,66071.8,66282.4,66058.3,66179.5,75821.0
1713169800000,66179.4,66443.5,66170.0,66363.9,92073.0
1713170700000,66363.8,66374.8,66155.0,66280.0,67806.0
1713171600000,66280.0,66294.0,66111.0,66245.1,98834.0
1713172500000,66245.1,66865.8,66230.0,66639.0,309100.0
1713173400000,66638.4,66755.6,66505.1,66702.1,106237.0
1713174300000,66702.2,66776.8,66564.0,66583.3,96611.0
1713175200000,66583.2,66645.7,66447.1,66538.3,79061.0
1713176100000,66538.2,66569.6,66372.5,66474.2,107929.0
1713177000000,66474.2,66522.1,66400.0,66500.9,36580.0
1713177900000,66500.2,66580.0,66437.1,66472.0,57140.0
1713178800000,66472.0,66720.0,66180.1,66248.8,178029.0
1713179700000,66248.9,66312.4,66104.3,66198.1,103948.0
1713180600000,66198.1,66217.3,65827.7,66013.5,188046.0
1713181500000,66013.4,66115.7,65824.9,65869.4,131551.0
1713182400000,65869.4,66149.1,65802.1,66137.8,100058.0
1713183300000,66137.9,66176.0,65888.0,66028.1,97952.0
1713184200000,66028.0,66258.8,65890.3,66111.6,153118.0
1713185100000,66111.7,66177.9,66000.0,66032.6,52389.0
1713186000000,66032.7,66247.4,65906.5,66169.2,100167.0
1713186900000,66169.3,66270.2,66018.0,66162.5,83449.0
1713187800000,66162.5,66300.0,65820.1,66226.6,242125.0
1713188700000,66226.5,66416.0,65667.0,65873.3,293492.0
1713189600000,65873.3,65988.6,65167.5,65216.1,412455.0
1713190500000,65216.1,65576.1,65153.7,65367.5,293214.0
1713191400000,65367.5,65475.0,64716.0,64851.7,473374.0
1713192300000,64851.6,64930.0,64170.1,64251.4,855299.0
1713193200000,64251.4,64519.4,63810.2,64496.2,625138.0
1713194100000,64496.1,64786.9,64334.1,64652.4,324369.0
1713195000000,64654.8,64713.9,64315.4,64350.9,246886.0
1713195900000,64350.1,64688.0,64328.3,64574.3,167985.0
1713196800000,64577.4,64892.5,64480.5,64542.8,228824.0
1713197700000,64540.0,64590.6,64053.8,64123.9,265812.0
1713198600000,64124.0,64355.0,63892.0,64137.6,321270.0
1713199500000,64137.6,64314.1,64011.9,64158.0,163251.0
1713200400000,64158.1,64746.0,64104.0,64516.0,229159.0
1713201300000,64515.5,64560.0,63610.0,63788.0,428239.0
1713202200000,63788.0,64179.0,63702.1,63705.4,299805.0
1713203100000,63705.4,64035.3,63333.0,63918.2,396825.0
1713204000000,63915.9,64071.5,63750.3,63750.3,131902.0
1713204900000,63750.3,63750.3,63100.0,63491.2,397236.0
1713205800000,63491.3,63864.0,63300.5,63863.9,216494.0
1713206700000,63859.5,63887.9,63123.1,63175.1,243298.0
1713207600000,63175.1,63196.2,62268.0,63026.0,754845.0
1713208500000,63024.6,63316.0,62592.0,63121.8,317774.0
1713209400000,63128.0,63500.0,63044.6,63320.9,276032.0
1713210300000,63320.8,63646.4,63290.1,63300.4,186590.0
1713211200000,63300.5,63635.0,63285.1,63439.4,90662.0
1713212100000,63436.7,63450.2,62937.6,63262.0,223214.0
1713213000000,63262.1,63407.4,63143.0,63332.8,90204.0
1713213900000,63328.0,63330.0,62980.0,63118.2,88146.0
1713214800000,63118.1,63492.0,63109.4,63308.7,93161.0
1713215700000,63308.8,63337.4,62651.2,63039.9,147066.0
1713216600000,63040.0,63040.0,62623.3,62913.1,93687.0
1713217500000,62913.0,63386.6,62912.9,63272.3,66227.0
1713218400000,63272.3,63289.7,62900.1,62996.0,97860.0
1713219300000,62995.9,63064.8,62755.0,63060.0,83509.0
1713220200000,63059.7,63538.5,63040.0,63400.0,125903.0
1713221100000,63399.9,63469.4,63212.7,63469.4,71150.0
1713222000000,63469.3,63548.4,63347.8,63540.7,62696.0
1713222900000,63540.7,63566.0,63176.8,63294.5,72209.0
1713223800000,63294.4,63450.0,63217.4,63449.7,44698.0
1713224700000,63449.7,63530.0,63325.4,63433.2,60659.0
1713225600000,63433.6,63596.1,63321.0,63594.3,87642.0
1713226500000,63594.3,63735.0,63232.6,63283.3,177658.0
1713227400000,63283.4,63405.4,63051.2,63069.1,164507.0
1713228300000,63069.1,63275.0,62928.0,63270.2,104503.0
1713229200000,63270.2,63570.1,63091.9,63529.9,115240.0
1713230100000,63530.0,63728.0,63422.1,63629.4,106179.0
1713231000000,63625.1,63926.8,63352.2,63509.0,174638.0
1713231900000,63508.1,63568.0,63123.8,63135.8,175310.0
1713232800000,63134.3,63177.9,62841.6,63072.2,176721.0
1713233700000,63072.2,63124.1,62740.0,62797.2,162412.0
1713234600000,62797.2,63270.8,62791.9,63235.1,139228.0
1713235500000,63235.0,63553.8,63167.6,63400.4,145688.0
1713236400000,63400.4,63559.2,63310.0,63429.5,74056.0
1713237300000,63429.4,63429.4,63087.9,63139.2,152217.0
1713238200000,63139.2,63162.0,62856.3,62871.9,109339.0
1713239100000,62872.0,63116.1,62817.3,62964.7,192376.0
1713240000000,62964.7,63046.4,62306.4,62524.7,380748.0
1713240900000,62524.6,62689.8,62231.4,62425.2,318350.0
1713241800000,62424.0,62650.0,61888.1,62054.4,415141.0
1713242700000,62054.4,62497.6,61610.0,62486.3,578315.0
1713243600000,62486.5,62639.3,62366.1,62528.1,179873.0
1713244500000,62528.0,62747.0,62464.1,62694.2,146967.0
1713245400000,62694.2,62823.8,62601.7,62801.9,91518.0
1713246300000,62801.8,62888.0,62588.0,62706.3,147164.0
1713247200000,62706.2,62968.8,62635.3,62832.1,136724.0
1713248100000,62832.1,63093.0,62799.8,62932.6,132245.0
1713249000000,62932.7,63029.0,62852.3,62959.2,61623.0
1713249900000,62959.3,63258.0,62959.3,63184.9,149467.0
1713250800000,63184.9,63277.5,63096.8,63164.7,92849.0
1713251700000,63164.6,63432.0,63111.6,63282.1,141324.0
1713252600000,63282.1,63800.0,63200.0,63312.1,424172.0
1713253500000,63312.1,63567.0,63275.0,63509.9,122031.0
1713254400000,63510.0,63675.9,63338.1,63374.9,172965.0
1713255300000,63375.0,63399.0,63188.5,63240.8,122550.0
1713256200000,63240.8,63416.6,63135.6,63165.6,59876.0
1713257100000,63165.7,63335.0,63069.1,63290.0,123948.0
1713258000000,63290.0,63470.0,63240.0,63300.7,72850.0
1713258900000,63300.6,63585.7,63260.4,63490.1,73838.0
1713259800000,63490.0,63549.1,63321.0,63322.8,63250.0
1713260700000,63322.9,63376.8,63198.7,63251.8,108616.0
1713261600000,63251.9,63354.7,63091.2,63158.5,121281.0
1713262500000,63158.6,63164.0,61733.0,61907.6,915405.0
1713263400000,61907.6,62488.0,61555.0,62324.6,927630.0
1713264300000,62324.6,62668.2,62278.1,62568.0,303451.0
1713265200000,62568.1,62864.9,62493.1,62698.8,208552.0
1713266100000,62698.9,62788.3,62448.5,62597.4,182779.0
1713267000000,62594.1,62728.3,62353.4,62442.3,132163.0
1713267900000,62447.9,63285.0,62430.0,63102.0,358388.0
1713268800000,63102.1,63103.8,62809.0,62949.2,218181.0
1713269700000,62949.2,63231.7,62805.9,63170.9,119341.0
1713270600000,63170.8,63438.3,63072.1,63142.0,266918.0
1713271500000,63141.9,63202.0,62908.1,63056.7,218055.0
1713272400000,63056.7,63228.2,62873.0,62985.5,137429.0
1713273300000,62985.5,63361.4,62636.6,63176.5,406529.0
1713274200000,63176.4,63332.9,62331.4,62564.3,530684.0
1713275100000,62566.6,62787.0,62128.8,62707.6,504733.0
1713276000000,62707.8,62928.8,62454.9,62887.9,295306.0
1713276900000,62884.9,63129.8,62379.5,62434.5,324749.0
1713277800000,62434.4,62583.0,62003.0,62502.0,351470.0
1713278700000,62501.9,62577.3,62063.0,62087.7,190973.0
1713279600000,62087.7,62428.1,61860.8,62000.0,394846.0
1713280500000,62000.1,62376.5,61955.0,62258.7,207062.0
1713281400000,62258.8,62318.3,61843.2,61944.0,251293.0
1713282300000,61944.1,62078.5,61720.4,61768.9,278691.0
1713283200000,61768.8,62007.0,61684.9,61930.3,278261.0
1713284100000,61933.2,62122.3,61690.0,61875.7,247232.0
1713285000000,61875.6,62227.9,61750.0,62108.5,186411.0
1713285900000,62107.9,62733.6,61997.4,62733.6,331390.0
1713286800000,62733.6,63000.0,62509.0,62800.4,340110.0
1713287700000,62800.1,63289.4,62750.6,63017.2,318710.0
1713288600000,63017.3,63035.3,62530.0,62825.1,406014.0
1713289500000,62827.1,62921.4,62283.0,62496.6,267466.0
1713290400000,62496.1,63061.6,62435.0,62780.2,334184.0
1713291300000,62780.2,62792.1,62492.3,62677.5,216992.0
1713292200000,62675.1,62927.9,62654.0,62757.6,137778.0
1713293100000,62757.6,63021.8,62710.1,63012.3,81447.0
1713294000000,63012.2,63112.5,62849.1,62883.8,97319.0
1713294900000,62885.8,63086.0,62774.7,62964.0,73428.0
1713295800000,62963.9,62963.9,62647.1,62683.2,86314.0
1713296700000,62683.2,62797.2,62645.1,62718.6,113975.0
1713297600000,62722.7,62843.6,62559.0,62704.1,78130.0
1713298500000,62704.0,62944.3,62686.9,62944.3,36409.0
1713299400000,62944.2,62976.6,62844.3,62891.6,34363.0
1713300300000,62894.3,63061.2,62833.3,63022.9,49986.0
1713301200000,63022.8,63456.0,62970.3,63260.8,168635.0
1713302100000,63260.8,63800.0,63220.6,63652.7,235983.0
1713303000000,63652.7,63999.9,63533.3,63960.0,141351.0
1713303900000,63959.9,64364.8,63898.3,63989.2,202756.0
1713304800000,63991.9,64075.8,63777.0,63847.2,183550.0
1713305700000,63847.3,63847.3,63608.4,63680.0,63026.0
1713306600000,63679.9,63800.0,63650.5,63684.0,43317.0
1713307500000,63684.0,63829.0,63678.3,63774.0,44327.0
1713308400000,63774.1,63819.0,63612.0,63692.0,40885.0
1713309300000,63692.0,63879.9,63676.9,63832.0,40299.0
1713310200000,63831.9,63845.1,63711.0,63824.9,37210.0
1713311100000,63824.9,63827.0,63627.1,63792.8,55858.0
1713312000000,63792.8,63824.0,63566.0,63690.9,87283.0
1713312900000,63690.8,63859.5,63579.9,63720.0,101051.0
1713313800000,63720.0,63815.0,63660.4,63807.0,74749.0
1713314700000,63807.0,64247.0,63790.4,64007.2,250698.0
1713315600000,64007.2,64019.4,63633.7,63746.9,125450.0
1713316500000,63746.9,63960.1,63596.5,63949.2,120788.0
1713317400000,63949.2,63950.0,63755.8,63830.0,45334.0
1713318300000,63829.9,64047.0,63779.8,64012.3,59043.0
1713319200000,64012.2,64306.9,63977.0,64065.2,226524.0
1713320100000,64065.2,64079.6,63733.0,63854.8,112169.0
1713321000000,63854.7,63966.0,63808.0,63886.0,78446.0
1713321900000,63886.0,63908.0,63709.0,63848.2,93638.0
1713322800000,63848.3,64037.4,63801.2,64020.0,59991.0
1713323700000,64019.9,64063.9,63925.6,64009.7,41299.0
1713324600000,64009.8,64048.0,63905.1,63913.0,35594.0
1713325500000,63913.0,63924.0,63722.6,63840.0,93949.0
1713326400000,63840.1,63894.4,63760.0,63807.0,54387.0
1713327300000,63806.9,63816.0,63663.0,63786.2,62006.0
1713328200000,63786.3,64211.5,63786.2,64112.3,186485.0
1713329100000,64112.3,64251.4,64055.0,64096.2,159313.0
1713330000000,64096.2,64309.4,64022.0,64283.3,119571.0
1713330900000,64283.3,64540.7,64116.4,64188.0,344951.0
1713331800000,64188.1,64312.3,64065.6,64074.3,129127.0
1713332700000,64074.3,64074.3,63821.2,63938.7,243007.0
1713333600000,63938.7,63976.0,63776.0,63908.3,100556.0
1713334500000,63906.0,63935.7,63712.2,63850.3,100348.0
1713335400000,63850.3,64000.0,63832.1,63950.6,50261.0
1713336300000,63950.6,63956.0,63827.0,63888.0,44840.0
1713337200000,63885.1,63941.3,63230.7,63536.3,469771.0
1713338100000,63536.2,63646.2,63373.7,63614.5,136303.0
1713339000000,63614.6,63645.7,63480.0,63592.3,66553.0
1713339900000,63592.3,63617.0,63102.0,63297.2,154597.0
1713340800000,63297.3,63592.8,63274.4,63456.0,191370.0
1713341700000,63456.0,63577.2,63305.1,63577.2,158100.0
1713342600000,63577.2,63586.3,63367.3,63396.9,83695.0
1713343500000,63397.0,63409.8,63130.0,63330.2,116067.0
1713344400000,63330.2,63518.0,63260.3,63412.2,68756.0
1713345300000,63412.1,63538.4,63383.5,63511.0,97590.0
1713346200000,63510.9,63538.8,63311.0,63349.4,38203.0
1713347100000,63349.4,63397.8,63225.2,63317.7,63939.0
1713348000000,63324.1,63336.0,62755.0,62900.0,326191.0
1713348900000,62900.1,63080.4,62766.9,62968.4,183093.0
1713349800000,62968.3,63094.6,62883.7,62959.8,101805.0
1713350700000,62959.8,62974.4,62830.9,62900.0,80403.0
1713351600000,62901.0,63067.9,62890.0,63015.6,73023.0
1713352500000,63015.6,63158.6,62950.0,62995.3,84365.0
1713353400000,62995.3,63076.1,62876.1,63023.9,47834.0
1713354300000,63023.9,63024.0,62550.0,62611.8,332346.0
1713355200000,62611.9,62847.9,62608.7,62664.0,153262.0
1713356100000,62663.9,62818.3,62325.2,62424.1,356464.0
1713357000000,62424.2,62500.0,62044.1,62270.0,397595.0
1713357900000,62270.0,62424.2,62160.2,62324.1,236599.0
1713358800000,62324.1,62478.6,62141.7,62223.9,211873.0
1713359700000,62228.3,62400.0,62124.3,62349.9,201357.0
1713360600000,62349.8,62979.9,62228.5,62755.9,461853.0
1713361500000,62755.8,62970.3,62585.6,62627.7,210182.0
1713362400000,62627.6,62646.5,61851.0,62120.0,612164.0
1713363300000,62120.0,62164.9,61015.7,61504.0,1385106.0
1713364200000,61504.0,61833.8,60686.6,61832.9,1155326.0
1713365100000,61832.8,61944.8,61038.2,61291.2,549520.0
1713366000000,61291.7,61553.3,60726.9,60792.5,600024.0
1713366900000,60792.5,61113.4,60366.0,60412.0,831457.0
1713367800000,60412.0,60622.7,59853.0,60449.9,1355160.0
1713368700000,60449.9,60723.1,60086.9,60299.9,689548.0
1713369600000,60300.0,61009.6,59602.2,60951.9,1106234.0
1713370500000,60952.2,61098.0,60437.5,60744.3,540799.0
1713371400000,60744.2,60767.9,60038.1,60106.6,395092.0
1713372300000,60104.0,60443.1,59888.0,60193.6,401261.0
1713373200000,60193.5,60591.9,60118.0,60374.1,250579.0
1713374100000,60374.1,60812.8,60374.1,60772.9,196442.0
1713375000000,60772.8,60913.2,60585.7,60748.1,175478.0
1713375900000,60748.1,61377.0,60600.0,61290.3,400833.0
1713376800000,61290.4,61805.9,61168.7,61669.2,469867.0
1713377700000,61669.3,61979.4,61510.7,61797.0,313030.0
1713378600000,61797.1,61878.5,61432.4,61832.1,366644.0
1713379500000,61832.2,61836.7,61380.3,61449.9,139532.0
1713380400000,61449.9,61478.6,61040.0,61153.7,275315.0
1713381300000,61155.9,61286.4,60888.0,61004.1,182146.0
1713382200000,61006.8,61239.0,60717.0,60973.1,196764.0
1713383100000,60973.1,61327.6,60912.4,61020.8,197429.0
1713384000000,61020.9,61236.8,60913.2,61040.0,127589.0
1713384900000,61040.0,61460.7,60996.2,61360.0,120460.0
1713385800000,61360.0,61460.9,61132.8,61149.9,100670.0
1713386700000,61149.9,61247.7,60762.8,60843.9,123985.0
1713387600000,60843.9,61537.9,60843.9,61456.0,148954.0
1713388500000,61456.0,61662.0,61341.8,61384.0,209426.0
1713389400000,61383.9,61530.0,61010.4,61124.8,69644.0
1713390300000,61124.9,61348.2,61052.6,61307.0,58021.0
1713391200000,61307.0,61359.4,61157.4,61267.5,38308.0
1713392100000,61267.5,61422.2,61252.0,61376.3,33376.0
1713393000000,61376.3,61600.0,61358.2,61506.4,114243.0
1713393900000,61506.5,61736.6,61471.0,61699.7,82019.0
1713394800000,61699.7,61772.0,61524.0,61588.6,134110.0
1713395700000,61588.7,61588.7,61258.7,61284.5,106732.0
1713396600000,61284.5,61375.0,61210.4,61325.6,52994.0
1713397500000,61322.5,61380.0,61238.3,61280.4,46383.0
1713398400000,61280.3,61488.0,61057.1,61123.4,133268.0
1713399300000,61123.4,61242.2,60937.8,61171.4,122965.0
1713400200000,61173.6,61297.4,60955.0,61229.2,95893.0
1713401100000,61229.2,61539.8,61194.3,61519.9,105808.0
1713402000000,61520.0,61674.3,61483.7,61587.2,115438.0
1713402900000,61591.2,61650.0,61376.7,61591.9,111950.0
1713403800000,61591.9,61600.0,61415.1,61529.1,90669.0
1713404700000,61529.0,61670.0,61460.0,61653.9,55663.0
1713405600000,61654.0,61949.0,61578.1,61732.2,231826.0
1713406500000,61732.1,61732.1,61459.2,61516.3,117071.0
1713407400000,61516.2,61715.8,61495.6,61610.2,49036.0
1713408300000,61610.2,61710.0,61555.0,61672.0,58069.0
1713409200000,61672.0,62177.7,61664.1,62080.0,286769.0
1713410100000,62079.9,62236.0,61923.0,61955.0,201732.0
1713411000000,61954.9,62247.2,61851.1,62043.5,158897.0
1713411900000,62043.5,62099.9,61939.1,61991.6,93342.0
1713412800000,61991.5,62091.5,61926.1,61936.8,67016.0
1713413700000,61936.8,62067.6,61809.1,62041.4,83301.0
1713414600000,62041.3,62080.0,61741.5,61793.6,111336.0
1713415500000,61793.5,61795.4,61550.4,61650.1,155855.0
1713416400000,61650.1,61746.0,61608.5,61609.9,51622.0
1713417300000,61609.9,61728.4,61609.9,61712.6,65769.0
1713418200000,61713.8,61823.3,61236.7,61365.0,307148.0
1713419100000,61364.9,61437.3,60976.6,61080.8,213543.0
1713420000000,61080.8,61316.0,61004.0,61232.3,210343.0
1713420900000,61232.4,61284.2,60988.0,61157.9,134378.0
1713421800000,61158.0,61176.4,60794.7,60909.2,217537.0
1713422700000,60909.1,61157.2,60902.6,61157.2,128465.0
1713423600000,61157.3,61325.6,61077.3,61230.0,103028.0
1713424500000,61230.0,61360.0,61160.9,61190.8,83626.0
1713425400000,61190.1,61229.2,60932.8,61053.2,137515.0
1713426300000,61053.3,61314.0,61052.6,61174.2,86791.0
1713427200000,61174.2,61286.8,60877.3,60966.0,120580.0
1713428100000,60966.0,61136.8,60850.0,61136.8,150537.0
1713429000000,61137.0,61558.0,61137.0,61411.6,242350.0
1713429900000,61411.5,61487.6,61273.7,61343.3,93034.0
1713430800000,61343.4,61715.3,61318.0,61540.0,172950.0
1713431700000,61540.1,61589.2,61434.9,61472.1,67822.0
1713432600000,61472.3,61617.8,61356.1,61400.0,66990.0
1713433500000,61400.0,61640.0,61378.8,61630.2,67629.0
1713434400000,61630.3,61704.0,61504.3,61540.1,77182.0
1713435300000,61540.1,61677.0,61496.0,61651.9,54354.0
1713436200000,61651.9,61777.0,61587.9,61601.8,115239.0
1713437100000,61601.8,61940.0,61594.0,61811.6,145524.0
1713438000000,61811.4,62480.0,61811.4,62404.0,463309.0
1713438900000,62404.0,63041.9,62396.5,62917.4,707425.0
1713439800000,62917.5,63087.0,62615.5,62625.8,345688.0
1713440700000,62624.1,62766.4,62547.8,62588.4,159471.0
1713441600000,62588.4,62730.0,62333.4,62446.4,228612.0
1713442500000,62446.4,62471.9,62101.5,62125.9,202494.0
1713443400000,62125.8,62280.0,61593.9,62269.9,751130.0
1713444300000,62270.0,62331.0,62016.0,62240.0,205777.0
1713445200000,62240.0,62382.0,62101.6,62249.1,215473.0
1713446100000,62249.1,62465.6,62084.7,62424.1,183226.0
1713447000000,62424.0,62573.3,61885.0,62368.1,439165.0
1713447900000,62369.1,62833.0,62300.0,62795.5,409734.0
1713448800000,62795.5,63493.6,62560.6,63459.8,669661.0
1713449700000,63459.9,63850.0,63318.2,63683.7,712700.0
1713450600000,63683.7,63981.0,63470.0,63714.1,450075.0
1713451500000,63714.2,63843.1,63390.0,63817.0,360850.0
1713452400000,63817.0,64155.0,63684.0,63882.2,470382.0
1713453300000,63886.0,63965.4,63547.7,63574.0,235079.0
1713454200000,63575.2,63798.8,63525.0,63703.1,134666.0
1713455100000,63703.2,63716.8,63431.6,63500.0,151972.0
1713456000000,63500.0,63616.2,63282.0,63390.6,223354.0
1713456900000,63390.7,63869.0,63301.2,63797.0,262325.0
1713457800000,63797.0,63812.5,63470.9,63553.8,161277.0
1713458700000,63553.8,63649.8,63373.0,63534.3,119040.0
1713459600000,63535.9,63633.0,63320.0,63514.2,133692.0
1713460500000,63514.2,63565.2,63231.0,63386.4,150707.0
1713461400000,63386.4,63440.8,63102.3,63200.0,160226.0
1713462300000,63202.0,63297.4,62633.1,62796.6,407296.0
1713463200000,62796.5,62911.1,62325.0,62400.3,287952.0
1713464100000,62400.1,63040.0,62387.5,62918.4,292093.0
1713465000000,62918.5,63230.5,62742.3,63194.4,221041.0
1713465900000,63194.1,63237.0,62995.2,63117.9,112189.0
1713466800000,63118.0,63466.8,63100.1,63143.9,197762.0
1713467700000,63143.9,63445.2,63111.0,63259.9,142884.0
1713468600000,63260.0,63426.7,63195.2,63296.9,65660.0
1713469500000,63296.8,63585.9,63208.3,63489.8,155493.0
1713470400000,63480.3,63533.3,63272.2,63466.0,123111.0
1713471300000,63466.1,63540.3,63369.0,63488.0,55593.0
1713472200000,63488.0,63549.9,63380.0,63522.8,48258.0
1713473100000,63522.8,63665.0,63423.1,63507.8,68689.0
1713474000000,63507.8,63673.4,63438.4,63630.9,54432.0
1713474900000,63630.9,63844.6,63340.9,63386.0,140958.0
1713475800000,63385.9,63648.0,63320.8,63616.0,53342.0
1713476700000,63616.0,63699.9,63432.8,63472.8,44518.0
1713477600000,63472.8,63604.9,63327.4,63402.9,62246.0
1713478500000,63402.9,63440.0,63112.3,63425.2,99212.0
1713479400000,63425.2,63659.5,63396.0,63536.7,72728.0
1713480300000,63534.0,63570.2,63441.0,63502.4,51334.0
1713481200000,63501.7,63641.0,63404.3,63641.0,42214.0
1713482100000,63641.0,63676.8,63480.1,63488.0,42850.0
1713483000000,63488.0,63550.0,63408.4,63457.2,52937.0
1713483900000,63457.2,63520.8,63374.1,63486.4,35853.0
1713484800000,63486.3,63487.2,62900.0,62911.1,249518.0
1713485700000,62911.1,63107.7,62904.1,62969.0,135153.0
1713486600000,62969.8,63199.0,62942.7,63031.8,115278.0
1713487500000,63030.0,63098.4,62633.9,62712.0,153922.0
1713488400000,62711.9,62787.4,62113.3,62129.9,489156.0
1713489300000,62130.0,62291.7,61866.0,62089.6,418308.0
1713490200000,62086.1,62192.2,60905.4,61050.0,1372405.0
1713491100000,61048.1,61373.6,60601.2,61020.1,906047.0
1713492000000,61020.0,61187.8,60611.0,60705.2,378703.0
1713492900000,60705.2,60781.4,59651.1,59665.9,1334275.0
1713493800000,59664.1,60322.0,59568.0,60269.1,755326.0
1713494700000,60272.3,61398.0,60015.2,61358.6,852954.0
1713495600000,61358.7,61885.2,61134.3,61871.9,739035.0
1713496500000,61871.9,62095.0,61586.0,61988.9,473268.0
1713497400000,61989.0,62039.9,61631.0,61827.9,306243.0
1713498300000,61827.9,61981.4,61637.9,61766.8,141285.0
1713499200000,61766.7,62476.1,61750.1,62263.2,390061.0
1713500100000,62263.2,62385.0,62128.6,62140.4,151694.0
1713501000000,62140.4,62747.0,62134.1,62442.1,391188.0
1713501900000,62442.0,62513.6,62343.0,62426.0,114891.0
1713502800000,62426.0,62588.0,62083.7,62130.0,222601.0
1713503700000,62130.0,62186.4,61876.0,62006.3,223947.0
1713504600000,62006.2,62220.1,61752.6,62144.8,217139.0
1713505500000,62143.1,62425.3,61961.6,62075.6,190342.0
1713506400000,62075.7,62090.5,61838.4,61920.2,120256.0
1713507300000,61920.2,62008.0,61844.0,62008.0,81386.0
1713508200000,62010.0,63664.6,62001.5,63633.9,965310.0
1713509100000,63635.3,65040.0,63619.5,64632.0,1703662.0
1713510000000,64631.9,65221.0,64255.0,64288.0,824198.0
1713510900000,64288.1,64772.8,64188.0,64442.3,380662.0
1713511800000,64442.3,64632.9,64311.3,64442.1,193232.0
1713512700000,64440.6,64686.9,64420.0,64546.1,176439.0
1713513600000,64551.8,65100.0,64444.8,64658.4,465268.0
1713514500000,64658.4,65069.9,64615.6,64644.1,267579.0
1713515400000,64644.1,64674.1,64138.5,64442.1,480703.0
1713516300000,64442.1,64684.2,64351.0,64628.0,111835.0
1713517200000,64628.1,64784.0,64482.1,64674.6,135894.0
1713518100000,64674.6,64811.2,64560.0,64611.9,114060.0
1713519000000,64611.9,64809.0,64541.4,64652.0,88369.0
1713519900000,64652.6,64950.0,64652.6,64785.3,174351.0
1713520800000,64785.3,65181.3,64659.2,64775.9,304428.0
1713521700000,64776.0,64926.7,64723.2,64750.0,98424.0
1713522600000,64750.1,64768.0,64414.0,64518.2,158633.0
1713523500000,64518.1,64793.6,64435.0,64776.3,89123.0
1713524400000,64776.3,65028.1,64758.2,64853.9,157310.0
1713525300000,64859.9,64951.1,64686.6,64710.1,87627.0
1713526200000,64710.2,65442.1,64703.7,65344.5,513399.0
1713527100000,65344.4,65355.9,64805.2,64867.7,302326.0
1713528000000,64867.6,65144.6,64754.2,65053.9,237138.0
1713528900000,65053.9,65442.1,65040.5,65298.0,235222.0
1713529800000,65298.0,65380.0,65069.3,65219.8,103888.0
1713530700000,65219.9,65386.8,64840.0,64965.1,181817.0
1713531600000,64964.0,65075.5,64516.1,64710.1,283120.0
1713532500000,64710.0,64753.5,64425.8,64711.2,221402.0
1713533400000,64711.1,64949.8,64510.1,64877.4,301221.0
1713534300000,64877.4,65060.1,64686.9,64899.5,251948.0
1713535200000,64899.5,64966.2,64533.3,64559.9,155611.0
1713536100000,64560.0,64672.5,63825.5,64024.0,488075.0
1713537000000,64024.0,64581.5,64024.0,64490.6,316875.0
1713537900000,64489.6,64750.0,64383.7,64441.5,190665.0
1713538800000,64441.4,64677.1,64328.6,64564.0,115471.0
1713539700000,64559.5,64618.6,64390.5,64582.7,93627.0
1713540600000,64583.8,64718.8,64333.4,64540.1,169010.0
1713541500000,64539.9,64683.7,64337.5,64443.4,110833.0
1713542400000,64443.4,64550.0,64066.0,64144.4,238261.0
1713543300000,64144.4,64290.5,63512.0,63798.4,722357.0
1713544200000,63798.5,64177.6,63636.8,64039.9,280507.0
1713545100000,64039.9,64373.7,63872.4,64016.0,259628.0
1713546000000,64016.0,64266.7,63965.8,64218.0,186974.0
1713546900000,64218.1,64368.9,63926.7,64027.0,130022.0
1713547800000,64026.9,64740.0,64012.3,64520.0,282717.0
1713548700000,64521.6,64846.9,64403.6,64645.3,244656.0
1713549600000,64644.7,64675.9,64288.0,64390.0,159841.0
1713550500000,64390.1,64490.8,64237.7,64268.9,101864.0
1713551400000,64268.8,64419.9,64110.8,64164.2,120516.0
1713552300000,64164.0,64342.6,64075.4,64205.3,96437.0
1713553200000,64205.2,64395.4,64079.1,64353.6,74367.0
1713554100000,64353.7,64383.9,64253.7,64356.4,42249.0
1713555000000,64356.4,64383.7,64089.2,64111.9,80355.0
1713555900000,64109.7,64369.2,64093.8,64325.0,85119.0
1713556800000,64325.7,64339.5,64002.0,64051.7,63913.0
1713557700000,64051.7,64162.5,64045.9,64143.6,40454.0
1713558600000,64143.6,64180.0,63762.7,63862.8,100639.0
1713559500000,63862.8,64040.0,63659.9,64040.0,157281.0
1713560400000,64040.0,64262.1,64039.9,64166.8,87040.0
1713561300000,64166.7,64395.1,64114.9,64320.1,66421.0
1713562200000,64320.3,64450.0,64252.0,64333.2,40862.0
1713563100000,64334.3,64398.7,64262.0,64398.7,29146.0
1713564000000,64398.7,64497.9,64283.9,64472.9,68422.0
1713564900000,64472.9,64472.9,64262.1,64273.1,31729.0
1713565800000,64273.0,64373.3,63993.4,64217.0,115398.0
1713566700000,64217.6,64257.0,64008.8,64009.0,32038.0
1713567600000,64009.1,64011.9,62944.5,63497.7,658666.0
1713568500000,63497.7,63668.0,63345.7,63471.8,136922.0
1713569400000,63471.8,63837.0,63424.1,63817.9,110163.0
1713570300000,63818.0,64130.3,63759.9,63814.3,148267.0
1713571200000,63814.3,63978.6,63633.0,63740.5,145520.0
1713572100000,63740.5,64272.8,63421.0,63874.8,296627.0
1713573000000,63877.8,64000.0,63722.4,63838.0,81783.0
1713573900000,63837.9,63933.3,63431.7,63434.0,180623.0
1713574800000,63433.9,63613.1,63066.7,63497.9,249011.0
1713575700000,63498.0,63645.9,63426.2,63517.2,66860.0
1713576600000,63517.2,63664.1,63460.3,63627.1,76318.0
1713577500000,63627.1,63779.9,63552.4,63654.6,71691.0
1713578400000,63654.6,63858.8,63607.4,63688.8,58869.0
1713579300000,63688.9,63814.7,63525.1,63749.3,60663.0
1713580200000,63749.3,64000.0,63624.0,63996.0,111258.0
1713581100000,63996.0,64100.0,63805.1,63830.0,92125.0
1713582000000,63830.0,63990.0,63756.2,63927.9,70593.0
1713582900000,63928.0,64030.0,63847.0,63982.6,45780.0
1713583800000,63982.6,63987.5,63876.0,63973.0,32871.0
1713584700000,63973.0,63980.0,63847.0,63957.1,31169.0
1713585600000,63957.1,63967.7,63830.5,63830.6,31086.0
1713586500000,63830.6,63955.5,63803.2,63943.0,23233.0
1713587400000,63943.1,64228.0,63858.7,64184.0,99140.0
1713588300000,64183.9,64283.3,63981.5,64133.8,125106.0
1713589200000,64133.8,64179.8,63975.1,64052.3,35724.0
1713590100000,64052.3,64120.0,63976.3,64096.6,31656.0
1713591000000,64096.6,64257.4,64050.0,64253.3,70346.0
1713591900000,64253.2,64253.2,64133.5,64154.2,29402.0
1713592800000,64154.3,64154.3,63932.4,64047.7,76650.0
1713593700000,64047.7,64092.0,63994.2,64080.0,33874.0
1713594600000,64079.9,64144.1,64020.0,64069.5,36887.0
1713595500000,64069.5,64228.1,64035.7,64051.1,60064.0
1713596400000,64054.6,64166.1,64028.3,64028.3,29418.0
1713597300000,64028.4,64071.2,63993.0,63993.0,40917.0
1713598200000,63993.1,64053.1,63993.0,64027.9,28161.0
1713599100000,64027.8,64033.3,63931.3,63974.0,53963.0
1713600000000,63974.0,63997.2,63708.3,63799.0,132940.0
1713600900000,63799.0,63943.2,63710.7,63901.9,81087.0
1713601800000,63901.5,63927.0,63845.4,63885.3,32125.0
1713602700000,63885.3,63893.1,63660.0,63744.4,85486.0
1713603600000,63744.5,63786.6,63511.9,63560.9,188646.0
1713604500000,63560.8,63684.5,63501.9,63601.5,102298.0
1713605400000,63601.6,63693.0,63526.2,63562.0,56329.0
1713606300000,63562.0,63665.4,63280.0,63628.2,211432.0
1713607200000,63628.1,63800.0,63543.0,63648.0,116761.0
1713608100000,63647.9,63647.9,63380.0,63528.0,95030.0
1713609000000,63528.1,63686.0,63528.1,63685.9,67087.0
1713609900000,63685.9,63769.9,63564.3,63577.5,57137.0
1713610800000,63577.5,63885.5,63570.2,63832.0,90937.0
1713611700000,63832.0,63935.4,63694.0,63740.2,87848.0
1713612600000,63740.2,63824.7,63638.1,63708.0,60538.0
1713613500000,63707.9,63784.7,63696.4,63721.0,26507.0
1713614400000,63721.0,63845.4,63705.7,63829.1,33413.0
1713615300000,63829.0,63829.0,63570.2,63679.0,62848.0
1713616200000,63679.1,63863.5,63600.6,63820.1,55578.0
1713617100000,63820.0,63945.0,63782.9,63821.9,90564.0
1713618000000,63821.9,64067.2,63812.1,63863.6,105524.0
1713618900000,63863.6,63940.0,63800.0,63936.1,50570.0
1713619800000,63936.1,64027.9,63888.0,63923.9,50333.0
1713620700000,63923.8,63923.8,63832.3,63866.0,38107.0
1713621600000,63866.0,63945.3,63818.6,63845.1,36453.0
1713622500000,63845.1,63920.0,63731.4,63819.9,42957.0
1713623400000,63818.2,63885.0,63730.0,63880.7,43790.0
1713624300000,63878.1,63980.4,63874.0,63924.2,42449.0
1713625200000,63924.2,63956.0,63776.5,63850.1,40189.0
1713626100000,63850.0,63955.9,63850.0,63940.0,29486.0
1713627000000,63940.0,64684.0,63928.9,64576.7,388448.0
1713627900000,64576.7,64977.2,64574.0,64800.1,447062.0
1713628800000,64800.1,64974.0,64443.0,64601.2,353149.0
1713629700000,64601.1,64876.6,64550.0,64728.3,172072.0
1713630600000,64728.3,64830.0,64589.7,64739.9,97669.0
1713631500000,64740.0,64830.0,64646.3,64735.7,51192.0
1713632400000,64735.6,65198.0,64735.6,64994.5,214436.0
1713633300000,64994.5,65419.3,64990.5,65244.7,282193.0
1713634200000,65244.8,65421.7,65090.2,65329.2,170546.0
1713635100000,65329.2,65370.5,65107.0,65204.2,120242.0
1713636000000,65204.2,65312.3,64818.0,65082.0,219174.0
1713636900000,65082.0,65082.0,64909.1,64985.1,97117.0
1713637800000,64985.1,65121.9,64933.7,64992.0,51310.0
1713638700000,64993.9,65039.8,64873.0,64954.0,32062.0
1713639600000,64954.1,64997.9,64780.8,64815.5,84061.0
1713640500000,64810.0,64920.9,64800.2,64814.1,51883.0
1713641400000,64814.1,64918.2,64801.7,64904.1,46634.0
1713642300000,64904.1,64918.1,64800.0,64865.0,30010.0
1713643200000,64865.1,65039.9,64865.1,64914.0,70432.0
1713644100000,64910.7,64969.9,64613.1,64707.9,130010.0
1713645000000,64707.8,64865.9,64707.8,64760.0,56883.0
1713645900000,64758.3,64801.7,64661.8,64716.2,20524.0
1713646800000,64716.2,64800.1,64689.7,64794.0,28318.0
1713647700000,64794.1,64810.1,64633.5,64670.2,34088.0
1713648600000,64670.1,64830.0,64629.0,64819.6,48289.0
1713649500000,64819.6,64837.0,64622.4,64727.8,37659.0
1713650400000,64727.7,64759.7,64552.0,64605.0,79160.0
1713651300000,64605.1,64771.4,64605.1,64720.1,49119.0
1713652200000,64720.2,64796.0,64607.2,64645.8,38851.0
1713653100000,64645.8,64709.7,64600.0,64616.1,16680.0
1713654000000,64616.1,64809.9,64616.0,64802.1,58478.0
1713654900000,64802.2,64950.9,64786.1,64916.0,60241.0
1713655800000,64916.0,64939.8,64815.1,64896.1,30907.0
1713656700000,64896.1,64992.0,64829.8,64928.5,37203.0
1713657600000,64928.5,64956.7,64733.0,64884.2,81671.0
1713658500000,64885.3,64917.9,64808.1,64876.7,43832.0
1713659400000,64876.8,64885.4,64621.4,64703.3,91201.0
1713660300000,64703.7,64793.2,64602.2,64767.9,47565.0
1713661200000,64767.8,64949.0,64734.3,64908.4,65898.0
1713662100000,64908.3,65133.0,64887.5,65043.4,95720.0
1713663000000,65043.4,65082.7,64980.0,65003.4,38037.0
1713663900000,65003.4,65026.0,64903.8,64963.8,32917.0
1713664800000,64963.8,65045.2,64931.4,65040.1,32753.0
1713665700000,65040.2,65333.0,64984.7,65333.0,148924.0
1713666600000,65333.0,65398.0,65108.4,65166.6,133989.0
1713667500000,65166.5,65342.8,65134.1,65305.2,53317.0
1713668400000,65305.3,65717.3,65227.6,65577.2,301394.0
1713669300000,65577.3,65606.5,65140.1,65170.0,166370.0
1713670200000,65170.0,65339.0,65100.6,65151.8,143074.0
1713671100000,65151.9,65254.1,65097.1,65180.0,60127.0
1713672000000,65179.4,65216.6,64888.0,64992.0,141192.0
1713672900000,64992.0,65029.8,64829.6,64977.3,99780.0
1713673800000,64977.3,65100.8,64875.1,65051.3,73023.0
1713674700000,65051.4,65162.1,65017.5,65071.9,79579.0
1713675600000,65071.9,65255.0,65071.6,65218.0,55190.0
1713676500000,65218.0,65255.0,65090.1,65090.1,38507.0
1713677400000,65090.1,65154.8,65064.0,65082.7,23945.0
1713678300000,65082.8,65115.3,64973.5,65034.0,53997.0
1713679200000,65034.0,65083.1,64931.0,65020.1,55174.0
1713680100000,65020.1,65216.9,64993.9,65172.3,65021.0
1713681000000,65172.3,65186.1,65109.4,65109.5,21074.0
1713681900000,65109.4,65156.8,65056.0,65065.1,39454.0
1713682800000,65065.0,65129.9,65031.1,65033.0,25231.0
1713683700000,65033.0,65072.0,64913.4,64959.7,67309.0
1713684600000,64959.7,65099.2,64905.0,65068.1,53725.0
1713685500000,65068.1,65175.0,65028.0,65145.3,49904.0
1713686400000,65145.4,65239.8,65092.7,65100.0,64970.0
1713687300000,65100.0,65173.4,64971.2,65025.9,67643.0
1713688200000,65026.0,65103.0,64968.0,64980.0,63890.0
1713689100000,64980.0,65025.6,64916.0,64938.2,76828.0
1713690000000,64934.1,64996.0,64867.0,64870.0,67606.0
1713690900000,64870.0,64944.0,64769.2,64920.0,150959.0
1713691800000,64920.0,64927.7,64813.2,64852.2,34490.0
1713692700000,64852.1,64928.0,64820.1,64910.0,33571.0
1713693600000,64909.9,64941.5,64778.7,64865.3,59906.0
1713694500000,64870.3,64913.9,64796.2,64878.9,25052.0
1713695400000,64878.9,64998.7,64873.0,64965.2,41308.0
1713696300000,64965.2,64988.8,64892.5,64960.1,30992.0
1713697200000,64960.0,65248.0,64953.3,65190.1,129620.0
1713698100000,65190.1,65467.9,65141.7,65155.4,266826.0
1713699000000,65155.5,65357.9,65041.5,65287.4,144124.0
1713699900000,65287.4,65394.3,65197.7,65235.6,75377.0
1713700800000,65235.6,65376.0,65223.1,65321.9,58989.0
1713701700000,65322.0,65375.9,65070.4,65156.7,103288.0
1713702600000,65156.7,65238.0,65112.0,65190.0,37496.0
1713703500000,65190.1,65232.0,64910.5,64999.3,107015.0
1713704400000,64999.3,65080.0,64828.0,65075.1,128372.0
1713705300000,65075.0,65251.9,65038.0,65130.0,103111.0
1713706200000,65129.9,65147.1,64883.0,64985.7,82262.0
1713707100000,64985.6,64998.0,64772.1,64876.0,151672.0
1713708000000,64876.9,65036.0,64832.7,64992.2,59359.0
1713708900000,64992.2,65038.9,64911.8,65000.0,41162.0
1713709800000,65000.0,65035.0,64888.6,64923.4,39176.0
1713710700000,64923.4,64965.8,64790.0,64895.2,58060.0
1713711600000,64895.1,65022.4,64873.9,64985.1,42063.0
1713712500000,64985.1,65140.5,64946.2,64956.8,80737.0
1713713400000,64958.0,65130.7,64880.0,65090.8,60216.0
1713714300000,65090.7,65124.1,64998.7,65041.4,33626.0
1713715200000,65041.4,65089.6,64414.9,64497.9,789635.0
1713716100000,64497.9,64660.9,64421.0,64632.8,167773.0
1713717000000,64632.8,64680.0,64223.1,64440.0,266728.0
1713717900000,64440.6,64590.5,64360.1,64569.8,108797.0
1713718800000,64569.8,64652.0,64515.1,64578.3,79964.0
1713719700000,64578.4,64690.2,64538.6,64647.1,55736.0
1713720600000,64647.1,64798.0,64626.2,64734.1,92136.0
1713721500000,64734.1,64872.0,64726.9,64805.4,58419.0
1713722400000,64805.4,64854.2,64562.1,64832.6,88299.0
1713723300000,64832.7,64832.7,64705.8,64825.8,31290.0
1713724200000,64825.7,64825.8,64735.7,64794.9,20456.0
1713725100000,64795.0,64796.8,64725.0,64770.0,13179.0
1713726000000,64770.1,64849.0,64679.8,64713.1,41987.0
1713726900000,64713.0,64758.4,64607.2,64710.1,31810.0
1713727800000,64710.1,64780.8,64684.2,64758.2,13162.0
1713728700000,64758.2,64776.2,64523.7,64534.0,28333.0
1713729600000,64534.0,64646.8,64338.1,64565.9,132010.0
1713730500000,64565.8,64720.7,64543.5,64604.3,48062.0
1713731400000,64604.3,64619.0,64488.3,64516.2,25955.0
1713732300000,64516.2,64681.1,64469.8,64654.1,28296.0
1713733200000,64654.1,65178.9,64654.0,64979.1,260818.0
1713734100000,64979.1,65010.0,64842.6,64948.5,41569.0
1713735000000,64948.5,64948.5,64625.5,64747.2,80497.0
1713735900000,64747.1,64817.8,64650.7,64665.6,28695.0
1713736800000,64665.6,65067.4,64567.2,65025.3,148396.0
1713737700000,65025.2,65050.0,64888.8,64964.1,39794.0
1713738600000,64964.0,65110.9,64895.9,65073.0,41905.0
1713739500000,65073.1,65096.0,64988.0,65024.8,33029.0
1713740400000,65024.7,65056.1,64847.4,64955.0,33347.0
1713741300000,64955.0,64999.3,64870.7,64992.6,36448.0
1713742200000,64992.6,65014.7,64915.0,65014.6,24245.0
1713743100000,65014.6,65074.8,64891.6,64937.9,39404.0
1713744000000,64937.9,65147.0,64900.2,65104.4,87651.0
1713744900000,65104.4,65156.2,64970.0,65020.1,71585.0
1713745800000,65020.1,65023.9,64753.1,64868.7,130397.0
1713746700000,64868.7,64936.0,64827.3,64908.1,32006.0
1713747600000,64908.1,64950.0,64728.7,64925.5,49539.0
1713748500000,64925.5,65724.0,64867.3,64900.1,672296.0
1713749400000,64902.1,64972.0,64588.6,64786.7,478736.0
1713750300000,64782.7,64915.3,64610.0,64665.6,161194.0
1713751200000,64665.6,64875.0,64513.0,64746.6,238309.0
1713752100000,64745.6,64814.0,64630.0,64760.0,61305.0
1713753000000,64760.0,64878.2,64662.1,64745.4,48159.0
1713753900000,64745.3,64819.3,64720.8,64810.5,28454.0
1713754800000,64808.7,65137.8,64753.5,65098.6,196773.0
1713755700000,65098.6,65324.6,65000.7,65300.0,135262.0
1713756600000,65300.0,65699.0,65226.0,65699.0,307375.0
1713757500000,65698.9,66132.7,65683.0,65706.1,568490.0
1713758400000,65706.1,65886.4,65583.0,65596.0,174466.0
1713759300000,65597.9,65775.0,65511.0,65686.0,112729.0
1713760200000,65685.9,65770.0,65588.0,65682.1,69662.0
1713761100000,65682.1,65850.0,65630.6,65737.7,93846.0
1713762000000,65737.8,65879.9,65702.4,65830.1,57008.0
1713762900000,65830.1,66066.0,65804.7,65975.0,129961.0
1713763800000,65975.1,66290.0,65856.2,66150.0,188170.0
1713764700000,66150.0,66440.8,66072.0,66373.7,225186.0
1713765600000,66377.3,66432.0,66170.0,66195.1,158557.0
1713766500000,66195.2,66352.6,66150.4,66281.8,112308.0
1713767400000,66281.8,66349.4,66200.0,66284.1,52491.0
1713768300000,66284.0,66391.8,66240.0,66311.9,65590.0
1713769200000,66311.9,66497.4,66105.0,66120.0,162563.0
1713770100000,66120.2,66183.4,66015.4,66044.2,114497.0
1713771000000,66044.1,66142.9,66002.9,66010.0,61336.0
1713771900000,66010.0,66125.5,65965.4,65980.0,70136.0
1713772800000,65980.0,66125.0,65928.9,66057.7,92252.0
1713773700000,66057.7,66178.0,66033.6,66144.4,91473.0
1713774600000,66144.3,66220.2,66040.0,66059.9,74893.0
1713775500000,66059.9,66088.5,65905.5,65969.7,71265.0
1713776400000,65969.8,66070.5,65928.6,65985.5,51542.0
1713777300000,65985.6,66027.3,65909.8,65962.6,50333.0
1713778200000,65962.7,66007.3,65811.4,65915.1,88592.0
1713779100000,65915.1,65950.0,65858.7,65945.1,64142.0
1713780000000,65945.0,66076.0,65900.0,66022.0,77200.0
1713780900000,66022.0,66161.7,65982.0,66027.4,75025.0
1713781800000,66027.4,66056.1,65941.3,66031.9,49393.0
1713782700000,66031.9,66111.0,65999.4,66056.0,50947.0
1713783600000,66055.9,66120.3,65856.0,65932.2,72731.0
1713784500000,65932.1,66030.0,65863.3,65920.7,73582.0
1713785400000,65920.7,65938.4,65678.3,65849.9,120987.0
1713786300000,65849.9,65930.0,65790.1,65877.9,67574.0
1713787200000,65878.0,65945.5,65789.0,65823.9,60291.0
1713788100000,65823.9,65948.3,65620.0,65927.8,125479.0
1713789000000,65927.9,65958.4,65842.0,65898.0,57430.0
1713789900000,65897.9,66000.0,65810.1,65999.0,63847.0
1713790800000,65998.9,66271.0,65998.9,66123.5,214566.0
1713791700000,66123.5,66172.7,65957.4,66067.4,85571.0
1713792600000,66067.5,66110.0,65690.0,65931.8,233753.0
1713793500000,65931.9,66214.3,65900.3,66113.9,151228.0
1713794400000,66113.8,66310.0,66049.4,66269.7,178439.0
1713795300000,66269.7,66460.9,66102.3,66460.8,172477.0
1713796200000,66460.8,66483.9,66225.3,66250.0,171716.0
1713797100000,66250.0,66307.2,65943.8,66032.5,177588.0
1713798000000,66032.4,66092.6,65672.3,65777.0,274058.0
1713798900000,65776.9,65856.6,65710.9,65809.9,162200.0
1713799800000,65809.9,66094.8,65794.0,65969.9,145262.0
1713800700000,65970.0,66046.1,65873.7,65996.8,73755.0
1713801600000,65996.7,66224.2,65930.0,66192.4,129704.0
1713802500000,66193.8,66428.8,66111.5,66213.2,231119.0
1713803400000,66213.2,66213.3,65912.2,66035.1,145834.0
1713804300000,66035.0,66168.4,66018.2,66159.1,53073.0
1713805200000,66158.4,66386.0,66140.0,66368.0,134730.0
1713806100000,66367.9,66796.0,66286.4,66740.0,396049.0
1713807000000,66740.0,66840.0,66528.8,66700.0,268649.0
1713807900000,66699.9,66832.0,66526.8,66526.8,144210.0
1713808800000,66526.8,66692.4,66453.6,66575.6,107134.0
1713809700000,66575.7,66626.0,66470.0,66481.7,58399.0
1713810600000,66481.7,66547.4,66376.2,66434.0,82128.0
1713811500000,66434.1,66459.9,66288.0,66333.6,69172.0
1713812400000,66333.7,66463.5,66284.8,66372.9,88459.0
1713813300000,66372.9,66432.3,66136.1,66263.7,107847.0
1713814200000,66263.8,66419.5,66197.1,66364.2,56144.0
1713815100000,66364.2,66629.6,66350.7,66530.0,110935.0
1713816000000,66530.0,66700.0,66454.6,66671.8,106964.0
1713816900000,66671.9,66764.1,66568.5,66581.0,66382.0
1713817800000,66581.1,66591.9,66460.0,66486.6,30018.0
1713818700000,66486.6,66519.8,66366.6,66519.8,45662.0
1713819600000,66519.8,66548.0,66430.0,66436.3,27080.0
1713820500000,66437.6,66518.3,66428.6,66479.1,18888.0
1713821400000,66479.2,66547.5,66313.6,66471.3,53468.0
1713822300000,66471.2,66543.4,66446.5,66517.6,19071.0
1713823200000,66517.6,66770.0,66517.6,66770.0,75796.0
1713824100000,66769.9,66769.9,66605.6,66688.4,66009.0
1713825000000,66688.4,66800.0,66634.7,66679.9,57864.0
1713825900000,66680.0,67258.6,66666.0,67037.2,527383.0
1713826800000,67037.2,67255.9,66914.9,67205.1,177098.0
1713827700000,67205.1,67227.6,67018.7,67026.0,77219.0
1713828600000,67026.3,67043.7,66814.1,66848.3,105954.0
1713829500000,66848.2,66906.4,66786.0,66817.6,51289.0
1713830400000,66817.6,66875.0,66744.3,66805.1,74988.0
1713831300000,66805.0,66863.4,66712.2,66760.1,64502.0
1713832200000,66760.1,66964.0,66756.5,66863.4,71608.0
1713833100000,66863.4,67033.0,66816.5,67023.0,69374.0
1713834000000,67023.0,67180.0,66945.8,67150.4,142526.0
1713834900000,67150.3,67150.3,66882.5,66967.8,110183.0
1713835800000,66967.8,67050.0,66915.0,66934.2,60124.0
1713836700000,66934.1,66938.9,66776.0,66780.1,74499.0
1713837600000,66780.0,66900.0,66780.0,66879.2,64966.0
1713838500000,66879.9,66880.0,66789.0,66823.3,27806.0
1713839400000,66823.4,66841.2,66771.1,66796.9,33835.0
1713840300000,66797.0,66840.0,66544.1,66619.5,148923.0
1713841200000,66619.6,66750.0,66584.1,66738.0,74916.0
1713842100000,66737.9,66761.3,66648.0,66715.7,32947.0
1713843000000,66715.7,66715.7,66480.6,66559.9,139640.0
1713843900000,66560.0,66560.0,66405.7,66424.3,107624.0
1713844800000,66424.2,66553.0,66400.0,66529.1,88163.0
1713845700000,66529.1,66572.2,66321.0,66326.6,83322.0
1713846600000,66326.6,66460.3,66247.2,66400.0,114044.0
1713847500000,66400.0,66400.0,66170.3,66250.1,185006.0
1713848400000,66250.0,66376.0,66220.0,66300.1,84721.0
1713849300000,66300.1,66356.2,66188.0,66356.1,77150.0
1713850200000,66356.2,66625.0,66350.1,66515.4,178025.0
1713851100000,66515.3,66551.7,66462.0,66494.8,37399.0
1713852000000,66494.8,66621.6,66476.0,66548.7,52466.0
1713852900000,66548.7,66650.0,66498.1,66602.9,59105.0
1713853800000,66603.0,66638.0,66450.0,66527.0,67805.0
1713854700000,66527.0,66548.0,66288.0,66377.7,75205.0
1713855600000,66377.7,66452.0,66290.0,66294.0,40854.0
1713856500000,66294.0,66376.3,66263.0,66314.8,51191.0
1713857400000,66314.8,66375.0,66022.0,66176.1,276437.0
1713858300000,66176.2,66254.7,66068.7,66109.8,73182.0
1713859200000,66109.7,66183.7,65955.8,65994.0,117607.0
1713860100000,65993.9,66199.9,65985.7,66149.6,92419.0
1713861000000,66149.5,66156.1,66053.0,66151.4,39457.0
1713861900000,66151.3,66272.1,66102.0,66212.1,69916.0
1713862800000,66212.1,66314.1,66200.0,66287.0,105162.0
1713863700000,66286.9,66287.0,66151.3,66222.1,31945.0
1713864600000,66222.0,66260.9,66115.7,66149.9,33042.0
1713865500000,66149.9,66186.4,66047.2,66073.5,45586.0
1713866400000,66073.6,66199.1,66073.5,66115.6,38790.0
1713867300000,66115.6,66219.0,66077.2,66119.0,54951.0
1713868200000,66119.0,66321.8,66119.0,66279.6,83267.0
1713869100000,66279.6,66300.0,66186.5,66217.1,47524.0
1713870000000,66217.2,66245.7,66012.6,66197.8,115228.0
1713870900000,66197.8,66197.8,66067.9,66094.0,31042.0
1713871800000,66094.1,66135.2,65850.0,65895.0,166543.0
1713872700000,65896.6,66069.7,65896.6,66061.5,95980.0
1713873600000,66061.6,66180.1,65952.1,66032.9,85483.0
1713874500000,66033.0,66161.2,65941.0,66069.4,66459.0
1713875400000,66069.3,66118.4,65913.5,65913.5,53731.0
1713876300000,65913.6,66148.6,65810.0,66146.9,108126.0
1713877200000,66146.9,66190.0,66054.7,66108.1,84229.0
1713878100000,66108.1,66142.1,66046.1,66128.5,44513.0
1713879000000,66128.4,66481.4,66077.8,66415.7,259757.0
1713879900000,66415.7,66574.0,66278.0,66504.2,356383.0
1713880800000,66504.2,66977.2,66404.0,66800.0,496238.0
1713881700000,66800.1,66953.1,66714.9,66735.1,254276.0
1713882600000,66735.1,67148.0,66566.7,66643.3,466010.0
1713883500000,66643.2,66994.2,66561.9,66909.7,237575.0
1713884400000,66909.8,66929.9,66666.1,66727.4,112779.0
1713885300000,66727.4,66766.4,66517.1,66732.3,154726.0
1713886200000,66732.3,66774.3,66385.9,66429.7,172955.0
1713887100000,66429.7,66547.2,66302.6,66415.0,133727.0
1713888000000,66416.0,66708.1,66341.4,66671.9,172033.0
1713888900000,66671.9,66729.9,66522.0,66640.4,87952.0
1713889800000,66640.5,66705.6,66567.2,66700.0,65407.0
1713890700000,66700.0,66808.0,66677.0,66741.9,59598.0
1713891600000,66741.8,66786.3,66619.0,66619.1,48810.0
1713892500000,66619.1,66723.3,66574.3,66688.3,38199.0
1713893400000,66688.2,66777.8,66615.7,66756.9,51287.0
1713894300000,66757.0,66914.1,66700.0,66750.4,68951.0
1713895200000,66750.3,66825.1,66684.6,66748.5,62364.0
1713896100000,66748.4,66850.7,66746.9,66750.1,39196.0
1713897000000,66750.0,66778.7,66578.0,66678.3,44355.0
1713897900000,66678.4,66780.9,66625.0,66780.8,44647.0
1713898800000,66780.8,66780.9,66666.1,66675.6,43539.0
1713899700000,66675.2,66675.2,66514.7,66575.5,47273.0
1713900600000,66570.4,66583.9,66423.7,66501.8,55414.0
1713901500000,66501.9,66538.4,66371.9,66472.1,88885.0
1713902400000,66475.7,66476.3,66200.0,66233.2,122250.0
1713903300000,66233.3,66266.8,65952.6,66169.5,219062.0
1713904200000,66169.4,66334.5,66093.5,66291.9,58832.0
1713905100000,66291.9,66354.9,66179.4,66339.6,54889.0
1713906000000,66339.6,66385.0,66289.2,66335.9,23697.0
1713906900000,66335.9,66441.5,66276.0,66441.5,25967.0
1713907800000,66440.4,66450.0,66279.5,66295.7,22159.0
1713908700000,66295.6,66382.4,66250.0,66346.0,13623.0
1713909600000,66346.0,66441.4,66271.8,66424.3,36558.0
1713910500000,66424.4,66467.7,66368.8,66391.9,18670.0
1713911400000,66391.8,66454.8,66380.7,66445.8,14772.0
1713912300000,66445.8,66445.9,66268.8,66363.9,33819.0
1713913200000,66364.0,66364.0,66114.1,66243.2,58331.0
1713914100000,66242.1,66393.5,66201.1,66352.0,33689.0
1713915000000,66352.0,66440.2,66352.0,66418.0,38220.0
1713915900000,66420.4,66423.4,66364.7,66418.9,22328.0
1713916800000,66418.9,66666.0,66392.2,66602.0,108631.0
1713917700000,66601.9,66601.9,66433.7,66516.1,47537.0
1713918600000,66516.2,66749.9,66474.0,66730.0,95508.0
1713919500000,66730.0,66755.0,66631.7,66752.3,60969.0
1713920400000,66752.4,66876.5,66680.2,66713.7,114418.0
1713921300000,66713.6,66807.1,66675.1,66788.0,31864.0
1713922200000,66788.0,66888.0,66700.1,66884.4,92730.0
1713923100000,66884.3,66920.0,66732.8,66741.0,50233.0
1713924000000,66741.0,66778.9,66608.0,66717.2,68341.0
1713924900000,66717.1,66740.7,66559.2,66569.3,58916.0
1713925800000,66569.4,66664.2,66440.0,66652.6,109464.0
1713926700000,66652.6,66655.0,66523.8,66534.4,32808.0
1713927600000,66534.4,66700.0,66514.6,66658.3,70538.0
1713928500000,66658.3,66693.8,66555.9,66621.3,41007.0
1713929400000,66621.3,66735.7,66580.0,66657.1,38623.0
1713930300000,66657.0,66676.8,66560.0,66624.4,20768.0
1713931200000,66624.4,66714.2,66593.4,66690.1,32497.0
1713932100000,66690.2,66772.2,66670.0,66718.2,37029.0
1713933000000,66718.2,66786.4,66666.6,66783.7,33571.0
1713933900000,66783.6,67089.0,66768.5,67005.2,251293.0
1713934800000,67004.8,67082.0,66880.0,66939.7,101894.0
1713935700000,66939.8,66939.8,66770.0,66770.3,67850.0
1713936600000,66770.3,66798.8,66635.2,66713.1,133462.0
1713937500000,66713.1,66777.8,66660.0,66735.1,39266.0
1713938400000,66735.0,66735.1,66600.0,66648.1,61288.0
1713939300000,66648.1,66708.4,66550.0,66638.3,48652.0
1713940200000,66637.9,66796.6,66574.4,66771.0,66332.0
1713941100000,66771.1,66799.9,66691.3,66777.7,35504.0
1713942000000,66777.7,66834.9,66681.1,66834.0,50082.0
1713942900000,66834.0,66890.3,66802.1,66819.2,43344.0
1713943800000,66819.1,66828.1,66660.3,66660.3,52602.0
1713944700000,66660.3,66687.1,66583.9,66621.6,48441.0
1713945600000,66621.5,66680.0,66592.2,66624.5,30283.0
1713946500000,66624.5,66713.8,66474.1,66689.8,96687.0
1713947400000,66689.8,66748.0,66518.6,66585.2,77254.0
1713948300000,66585.2,66649.1,66484.0,66527.3,50236.0
1713949200000,66528.6,66562.4,66338.0,66460.8,108650.0
1713950100000,66460.8,66512.0,66357.1,66431.8,58414.0
1713951000000,66431.7,66476.9,66260.3,66364.9,91776.0
1713951900000,66364.8,66398.7,66270.2,66360.3,60768.0
1713952800000,66360.3,66527.9,66202.2,66284.7,149300.0
1713953700000,66284.7,66418.0,66284.7,66346.2,37357.0
1713954600000,66346.2,66476.9,66293.9,66352.1,70348.0
1713955500000,66352.1,66489.9,66301.1,66426.9,82359.0
1713956400000,66426.9,66489.9,66373.0,66418.2,46657.0
1713957300000,66418.2,66618.0,66363.3,66585.2,100788.0
1713958200000,66585.2,66633.0,66520.0,66571.3,52001.0
1713959100000,66571.3,66609.0,66433.7,66580.0,57178.0
1713960000000,66580.0,66746.1,66519.4,66593.0,134696.0
1713960900000,66593.0,66685.9,66550.2,66658.0,42149.0
1713961800000,66658.0,66707.0,66444.6,66463.0,57243.0
1713962700000,66462.9,66462.9,66330.5,66350.0,85035.0
1713963600000,66350.0,66351.5,65966.6,66141.2,389340.0
1713964500000,66141.1,66190.0,66005.1,66033.9,121693.0
1713965400000,66033.8,66299.0,65821.0,66165.8,318689.0
1713966300000,66165.8,66285.0,65900.0,66065.1,153259.0
1713967200000,66065.0,66199.9,66032.0,66040.1,87489.0
1713968100000,66040.1,66118.6,65232.8,65468.9,712619.0
1713969000000,65468.8,65468.8,64736.3,64910.0,852011.0
1713969900000,64910.0,65260.0,64798.8,65237.5,470508.0
1713970800000,65237.6,65245.4,65000.0,65018.7,159403.0
1713971700000,65018.8,65100.0,64707.8,64815.1,371288.0
1713972600000,64815.1,65076.9,64500.0,64567.0,378519.0
1713973500000,64567.0,64788.0,64530.0,64625.9,279394.0
1713974400000,64623.9,64958.4,64538.0,64704.4,252184.0
1713975300000,64704.4,64772.0,64369.1,64436.1,334615.0
1713976200000,64436.1,64825.9,64335.1,64747.7,268953.0
1713977100000,64747.7,64842.7,64620.8,64802.1,106354.0
1713978000000,64802.0,65031.8,64758.1,64963.7,188991.0
1713978900000,64963.7,64998.0,64837.9,64978.0,90460.0
1713979800000,64978.0,65134.5,64926.1,64961.7,176200.0
1713980700000,64961.7,64975.9,64834.4,64878.9,90870.0
1713981600000,64878.8,64916.3,64655.0,64743.4,107420.0
1713982500000,64743.4,64812.0,64670.8,64700.0,73243.0
1713983400000,64700.0,64795.2,64582.1,64600.0,74725.0
1713984300000,64600.0,64607.9,64070.0,64143.0,423624.0
1713985200000,64143.0,64315.7,63777.0,64258.3,536969.0
1713986100000,64258.4,64462.4,64180.0,64401.7,120726.0
1713987000000,64401.8,64500.0,64337.0,64342.8,69040.0
1713987900000,64342.8,64438.0,63948.5,63992.0,167313.0
1713988800000,63991.9,64256.2,63902.0,63944.8,167673.0
1713989700000,63942.9,64025.0,63608.0,63933.1,333342.0
1713990600000,63933.2,64225.0,63885.2,64215.5,109982.0
1713991500000,64215.4,64221.7,64049.5,64111.1,61111.0
1713992400000,64111.2,64240.0,64001.0,64160.0,77876.0
1713993300000,64160.0,64375.0,64100.0,64297.2,62686.0
1713994200000,64294.3,64456.2,64290.8,64348.5,57784.0
1713995100000,64348.6,64422.6,64290.0,64401.9,24912.0
1713996000000,64401.7,64414.0,64303.8,64342.5,59226.0
1713996900000,64342.5,64342.5,64103.0,64280.0,94095.0
1713997800000,64280.0,64280.0,64158.3,64250.0,21324.0
1713998700000,64253.7,64253.8,63956.6,64103.5,78883.0
1713999600000,64103.6,64219.9,63824.0,64203.8,130661.0
1714000500000,64203.9,64320.3,64004.3,64079.8,116594.0
1714001400000,64079.7,64322.7,64072.9,64317.5,74347.0
1714002300000,64317.5,64345.8,64227.5,64288.5,51562.0
1714003200000,64288.2,64415.6,64230.0,64394.1,65595.0
1714004100000,64394.1,64485.0,64343.3,64477.4,56458.0
1714005000000,64477.3,64742.0,64474.3,64699.9,149800.0
1714005900000,64700.0,64728.1,64530.1,64548.4,67104.0
1714006800000,64548.3,64669.2,64444.1,64455.0,81855.0
1714007700000,64455.0,64557.8,64370.7,64531.8,59828.0
1714008600000,64531.9,64596.3,64193.6,64337.4,125405.0
1714009500000,64337.4,64387.0,64042.5,64061.5,176205.0
1714010400000,64061.5,64248.4,63853.7,64241.4,189011.0
1714011300000,64241.4,64342.6,64163.2,64332.6,82313.0
1714012200000,64332.6,64332.6,64189.0,64236.2,64299.0
1714013100000,64236.2,64310.0,64155.1,64310.0,32105.0
1714014000000,64310.0,64430.1,64150.0,64162.3,70617.0
1714014900000,64162.3,64386.5,64162.3,64364.0,42604.0
1714015800000,64364.0,64485.0,64327.9,64421.8,61764.0
1714016700000,64421.9,64440.3,64280.8,64296.1,45245.0
1714017600000,64296.2,64354.6,64057.6,64109.6,111534.0
1714018500000,64109.5,64235.2,64065.0,64200.1,44323.0
1714019400000,64200.1,64400.0,64200.0,64292.0,48215.0
1714020300000,64292.1,64378.7,64285.7,64352.6,55023.0
1714021200000,64352.6,64355.0,64125.1,64205.2,60241.0
1714022100000,64205.2,64251.9,64046.0,64121.7,67477.0
1714023000000,64121.7,64331.7,64110.0,64327.2,42540.0
1714023900000,64327.3,64397.7,64223.0,64232.0,72099.0
1714024800000,64232.0,64357.1,64205.5,64318.1,32238.6
1714025700000,64318.0,64334.1,64280.1,64326.0,30664.7
1714026600000,64326.1,64411.7,64207.8,64220.0,53293.4
1714027500000,64219.5,64303.3,64214.4,64300.1,30022.0
1714028400000,64300.1,64363.4,64240.0,64363.3,37811.5
1714029300000,64363.4,64391.9,64244.3,64253.5,49318.9
1714030200000,64253.5,64275.1,63890.5,63924.9,183024.9
1714031100000,63925.0,64080.0,63824.2,64029.0,154168.4
1714032000000,64033.1,64110.0,63947.9,64098.1,92491.0
1714032900000,64098.1,64193.1,63894.4,63957.5,111639.1
1714033800000,63957.3,64057.3,63700.2,63830.8,218864.9
1714034700000,63830.9,63953.7,63722.1,63947.2,105436.8
1714035600000,63949.5,64217.6,63892.8,64157.9,168597.2
1714036500000,64157.9,64180.0,63980.0,64022.3,93124.7
1714037400000,64022.2,64065.0,63882.6,63925.4,45414.5
1714038300000,63925.3,63981.7,63811.3,63977.3,78932.1
1714039200000,63977.3,63977.3,63555.1,63812.3,256228.7
1714040100000,63816.3,63866.2,63336.3,63450.7,488112.3
1714041000000,63450.7,63595.0,63338.1,63559.9,170572.7
1714041900000,63559.9,63666.0,63462.0,63465.1,122291.5
1714042800000,63465.1,63739.9,63455.1,63664.1,118486.6
1714043700000,63664.1,63919.1,63654.0,63919.0,158245.7
1714044600000,63919.1,63948.6,63760.0,63934.4,116907.0
1714045500000,63934.3,64009.2,63840.0,63852.7,124699.6
1714046400000,63852.7,64183.9,63706.3,64064.7,223973.7
1714047300000,64064.7,64109.7,63979.5,64079.2,72542.6
1714048200000,64079.1,64325.0,63657.4,63776.0,444803.7
1714049100000,63776.0,63827.2,63250.2,63433.8,490222.3
1714050000000,63433.8,63594.4,62897.0,63108.3,636780.3
1714050900000,63108.3,63258.4,62762.6,63225.2,426520.1
1714051800000,63225.1,63579.3,62930.3,63465.6,316542.2
1714052700000,63464.6,63538.5,63237.1,63435.3,154330.4
1714053600000,63435.3,63844.9,63340.2,63764.1,267614.6
1714054500000,63764.1,63879.9,63643.9,63678.6,149254.5
1714055400000,63673.2,63727.9,63416.7,63533.0,148273.8
1714056300000,63532.9,63590.8,63219.6,63393.4,171709.9
1714057200000,63393.3,63557.6,63265.1,63535.3,138721.3
1714058100000,63535.3,63714.2,63434.9,63696.1,109213.7
1714059000000,63696.2,63965.9,63580.0,63835.6,213085.6
1714059900000,63838.8,64184.0,63749.4,64123.0,309999.2
1714060800000,64123.1,64265.1,64010.1,64065.0,227995.0
1714061700000,64065.0,64262.9,63960.1,64155.8,109273.4
1714062600000,64155.8,64220.8,64050.1,64182.1,96914.2
1714063500000,64182.1,64530.0,64168.6,64432.0,317913.2
1714064400000,64432.0,64858.0,64364.0,64615.3,482381.8
1714065300000,64615.2,64700.0,64404.2,64550.1,208580.8
1714066200000,64550.1,64688.0,64426.8,64543.9,103445.6
1714067100000,64543.9,64772.8,64485.7,64698.7,75087.6
1714068000000,64698.7,64810.4,64573.9,64728.1,83602.7
1714068900000,64728.0,64980.0,64639.5,64639.6,173757.8
1714069800000,64639.5,64670.0,64483.5,64515.1,125323.6
1714070700000,64515.1,64734.2,64469.1,64709.6,77395.8
1714071600000,64709.6,64791.7,64577.2,64653.0,71376.3
1714072500000,64648.0,64759.9,64612.4,64750.4,32647.7
1714073400000,64753.9,64758.6,64557.0,64595.7,56448.3
1714074300000,64595.7,64749.0,64586.7,64748.9,42330.8
1714075200000,64749.0,64998.0,64467.9,64575.0,223852.1
1714076100000,64575.0,64732.0,64527.8,64687.9,42864.5
1714077000000,64687.9,64897.9,64680.3,64856.8,106066.6
1714077900000,64856.8,64882.5,64765.1,64787.9,35914.6
1714078800000,64788.0,65000.0,64770.0,64921.7,127128.9
1714079700000,64921.7,65321.4,64889.5,64926.5,242539.2
1714080600000,64926.5,65123.9,64800.0,64806.7,51091.2
1714081500000,64806.7,64860.4,64682.0,64703.0,48502.5
1714082400000,64703.1,64750.0,64603.0,64671.7,69265.5
1714083300000,64671.8,64742.6,64581.7,64734.9,70192.4
1714084200000,64735.0,64735.0,64574.4,64636.6,73778.0
1714085100000,64636.6,64650.1,64552.8,64610.0,23503.8
1714086000000,64610.0,64747.5,64470.7,64579.7,93338.0
1714086900000,64579.6,64620.0,64505.1,64524.2,24655.7
1714087800000,64524.1,64594.6,64455.0,64500.0,47901.0
1714088700000,64500.0,64550.0,64450.2,64502.5,33054.0
1714089600000,64502.5,64566.4,64386.5,64424.5,78246.9
1714090500000,64424.5,64495.3,64207.8,64399.0,109303.8
1714091400000,64398.9,64400.0,64131.9,64182.4,185989.5
1714092300000,64182.5,64374.6,64122.0,64326.3,66471.1
1714093200000,64327.6,64327.6,63925.3,64113.5,173737.8
1714094100000,64113.9,64180.2,63867.2,64167.0,147704.3
1714095000000,64167.1,64520.0,64104.6,64454.4,148053.6
1714095900000,64454.4,64683.1,64377.6,64405.6,158446.8
1714096800000,64405.6,64640.0,64307.7,64560.0,118985.4
1714097700000,64560.1,64680.0,64479.0,64479.0,65402.6
1714098600000,64479.0,64485.6,64388.0,64424.3,36617.7
1714099500000,64424.3,64555.0,64366.9,64510.1,38918.1
1714100400000,64510.1,64526.1,64315.1,64374.0,64313.5
1714101300000,64373.9,64487.9,64320.3,64346.7,38748.0
1714102200000,64346.7,64447.2,64334.2,64429.1,30360.8
1714103100000,64429.1,64445.0,64342.1,64394.7,31502.8
1714104000000,64394.6,64400.2,64222.0,64292.3,69863.8
1714104900000,64292.3,64400.0,64180.5,64383.2,69937.5
1714105800000,64383.3,64383.3,64217.1,64284.6,33480.7
1714106700000,64284.7,64342.7,64199.6,64221.7,51744.0
1714107600000,64221.8,64221.8,64006.1,64180.8,102754.5
1714108500000,64180.8,64307.7,64165.1,64233.7,43475.6
1714109400000,64233.7,64365.8,64219.4,64344.5,52671.0
1714110300000,64344.6,64573.3,64344.6,64561.6,126129.5
1714111200000,64561.6,64587.5,64458.0,64458.1,52123.2
1714112100000,64458.1,64495.5,64401.7,64410.0,23433.3
1714113000000,64410.0,64453.2,64255.6,64330.0,57091.5
1714113900000,64330.0,64483.0,64330.0,64384.0,36620.3
1714114800000,64384.0,64384.0,64265.6,64297.4,58698.2
1714115700000,64297.4,64627.0,64267.9,64476.1,117660.1
1714116600000,64476.1,64544.8,64260.0,64331.1,91704.5
1714117500000,64331.2,64357.9,64232.1,64273.3,50744.4
1714118400000,64273.4,64452.7,64227.6,64436.8,95768.5
1714119300000,64436.9,64480.6,64297.0,64361.9,41626.9
1714120200000,64361.9,64425.8,64296.1,64425.7,33814.3
1714121100000,64425.7,64450.0,64320.0,64411.6,32014.6
1714122000000,64411.7,64500.0,64335.0,64438.8,76733.4
1714122900000,64438.8,64540.0,64418.0,64508.5,36076.7
1714123800000,64508.6,64583.8,64459.1,64465.6,64852.4
1714124700000,64465.5,64492.2,64375.0,64492.1,53599.0
1714125600000,64492.2,64566.4,64406.4,64416.3,55722.2
1714126500000,64416.3,64468.6,64305.0,64321.2,61628.7
1714127400000,64321.2,64418.0,64261.0,64283.0,47604.8
1714128300000,64283.0,64302.9,64049.8,64100.1,199057.7
1714129200000,64100.0,64208.0,64099.9,64186.7,49095.2
1714130100000,64188.3,64250.0,64114.8,64117.1,39220.7
1714131000000,64117.0,64213.1,64066.7,64157.7,34241.7
1714131900000,64157.7,64270.0,64132.7,64240.4,31344.4
1714132800000,64240.4,64478.7,64146.2,64363.0,131080.9
1714133700000,64363.0,64386.9,64264.8,64271.1,45050.0
1714134600000,64271.1,64525.0,64265.4,64401.7,139985.4
1714135500000,64401.8,64420.0,63946.7,64144.8,220115.0
1714136400000,64144.8,64186.8,63812.5,63930.0,192221.4
1714137300000,63930.0,63995.0,63717.7,63832.6,216293.9
1714138200000,63832.6,64118.0,63679.2,64113.3,244944.4
1714139100000,64113.2,64596.5,64088.8,64498.0,375328.6
1714140000000,64498.3,64798.8,64302.2,64724.4,316884.3
1714140900000,64724.3,64823.0,64367.0,64383.7,273481.8
1714141800000,64383.8,64541.6,63900.0,64054.0,359791.6
1714142700000,64054.0,64065.4,63777.0,63850.0,266979.2
1714143600000,63853.4,64027.2,63510.0,63720.2,327329.8
1714144500000,63720.3,63795.7,63420.0,63432.7,254089.6
1714145400000,63432.7,63569.2,63340.8,63569.2,243521.2
1714146300000,63569.1,63595.7,63463.7,63497.8,106820.5
1714147200000,63497.7,63666.0,63320.3,63453.4,179025.9
1714148100000,63453.1,63795.2,63450.0,63720.0,203733.7
1714149000000,63720.1,63786.0,63611.3,63629.4,106777.4
1714149900000,63629.5,63788.0,63562.9,63671.7,59744.0
1714150800000,63671.7,63744.0,63565.0,63721.0,82768.0
1714151700000,63721.0,63886.7,63652.1,63827.9,115394.0
1714152600000,63828.0,64082.9,63761.6,63885.4,245672.4
1714153500000,63885.4,64134.6,63885.4,64006.1,159942.0
1714154400000,64006.1,64121.5,63950.1,64090.9,57224.3
1714155300000,64090.9,64090.9,63960.0,64010.9,39242.7
1714156200000,64011.0,64171.0,63950.0,64001.9,48843.4
1714157100000,64002.0,64093.5,63945.6,64066.4,28938.9
1714158000000,64066.4,64142.4,63960.0,63960.1,42678.4
1714158900000,63960.1,64012.7,63870.0,63926.2,43626.3
1714159800000,63926.3,63936.0,63806.0,63821.6,36878.4
1714160700000,63821.5,63952.7,63732.7,63747.5,71553.3
1714161600000,63747.6,64007.0,63747.5,63972.5,62892.9
1714162500000,63972.6,64118.0,63881.6,63913.6,129705.8
1714163400000,63913.6,63998.7,63894.6,63927.0,27081.0
1714164300000,63926.9,63985.5,63893.4,63985.4,15851.7
1714165200000,63985.5,64030.9,63872.3,63884.4,41695.9
1714166100000,63884.4,63933.7,63809.4,63861.2,25130.5
1714167000000,63861.2,64016.8,63853.8,63990.8,39963.6
1714167900000,63990.8,64080.0,63949.5,64054.5,15146.2
1714168800000,64054.4,64054.5,63950.6,63989.4,19109.0
1714169700000,63989.4,64020.4,63730.2,63818.7,61851.2
1714170600000,63818.8,63891.2,63732.1,63758.6,39013.8
1714171500000,63758.3,63845.8,63674.4,63836.7,40959.8
1714172400000,63836.6,63927.3,63836.6,63841.6,23379.1
1714173300000,63841.6,63860.9,63760.0,63852.9,28319.8
1714174200000,63853.0,63853.0,63769.7,63813.3,13694.8
1714175100000,63813.3,63839.1,63761.2,63774.6,22707.7
1714176000000,63774.5,63914.3,63742.2,63901.1,87710.0
1714176900000,63901.0,63931.0,63514.7,63540.5,111139.1
1714177800000,63540.5,63548.8,62942.9,63012.2,417554.3
1714178700000,63012.3,63199.3,62851.1,63199.3,331551.2
1714179600000,63200.0,63288.0,63005.0,63163.2,165492.7
1714180500000,63163.2,63192.9,62355.8,62603.3,624319.8
1714181400000,62603.2,62780.0,62574.0,62691.7,115364.4
1714182300000,62691.6,62760.0,62528.2,62599.2,97799.2
1714183200000,62599.2,62897.4,62473.1,62870.2,169962.2
1714184100000,62870.1,63200.0,62843.1,63173.3,166873.8
1714185000000,63173.2,63333.0,63003.8,63029.3,163551.9
1714185900000,63029.3,63068.7,62915.0,62933.4,83504.4
1714186800000,62933.4,63050.1,62788.9,63044.8,95657.3
1714187700000,63044.8,63139.6,62990.1,63077.2,44520.0
1714188600000,63077.1,63105.3,63004.2,63101.0,43033.6
1714189500000,63101.0,63150.0,62961.4,63074.3,46263.8
1714190400000,63074.3,63087.4,62951.8,62962.7,39442.1
1714191300000,62962.7,63144.0,62945.1,63127.6,46009.1
1714192200000,63127.6,63185.0,63022.8,63049.7,63951.2
1714193100000,63049.7,63089.9,62935.6,63060.3,41685.2
1714194000000,63060.3,63105.8,62778.5,62934.2,112771.4
1714194900000,62934.3,63060.6,62899.2,63030.0,44708.8
1714195800000,63031.9,63086.0,62979.1,63063.9,32464.3
1714196700000,63063.9,63063.9,62930.0,62986.9,53991.3
1714197600000,62986.9,63066.7,62923.0,63018.6,64971.8
1714198500000,63018.6,63071.2,62903.5,62945.4,46782.4
1714199400000,62945.4,63027.0,62858.4,62983.9,69395.8
1714200300000,62983.8,63144.8,62972.7,63028.3,70986.7
1714201200000,63028.4,63152.4,62984.6,63100.1,62093.2
1714202100000,63100.1,63143.0,63044.3,63100.0,33076.1
1714203000000,63100.0,63156.0,63016.1,63038.4,42700.6
1714203900000,63038.4,63058.0,62940.0,62965.3,33042.2
1714204800000,62965.4,63027.9,62950.0,62966.0,29443.3
1714205700000,62966.0,63023.9,62914.3,63003.5,36533.0
1714206600000,63005.2,63018.1,62933.0,63014.6,22552.6
1714207500000,63014.5,63059.3,62982.6,63016.7,28962.7
1714208400000,63016.7,63057.0,62866.7,62899.9,74142.4
1714209300000,62899.9,62980.0,62895.5,62969.0,36578.6
1714210200000,62968.9,63032.0,62925.6,62991.2,42107.6
1714211100000,62991.1,63005.7,62935.5,62980.4,14680.7
1714212000000,62981.6,62992.2,62888.9,62962.2,33018.9
1714212900000,62962.2,62988.2,62860.5,62944.1,30090.3
1714213800000,62944.0,62949.6,62800.0,62824.3,47953.0
1714214700000,62824.3,62832.7,62722.0,62800.1,79140.4
1714215600000,62800.1,62859.0,62660.0,62846.1,110156.1
1714216500000,62846.2,62914.7,62786.0,62891.4,43731.0
1714217400000,62891.5,62938.4,62845.1,62910.0,36454.8
1714218300000,62910.1,62959.6,62846.0,62865.5,26242.9
1714219200000,62865.6,63168.0,62806.8,63150.0,192878.6
1714220100000,63150.0,63150.1,62953.4,62978.0,88452.0
1714221000000,62978.5,63065.6,62940.5,63065.6,31865.2
1714221900000,63065.5,63100.0,62970.2,63041.7,30657.6
1714222800000,63041.7,63077.9,62999.3,63058.0,20219.9
1714223700000,63058.5,63270.9,63058.5,63117.6,115551.4
1714224600000,63117.7,63255.0,63064.4,63200.0,85674.5
1714225500000,63200.0,63239.7,63147.2,63218.8,46107.4
1714226400000,63218.8,63397.6,63127.9,63297.0,102531.9
1714227300000,63297.0,63429.8,63159.6,63163.6,102185.4
1714228200000,63163.6,63271.4,63075.1,63101.2,53437.4
1714229100000,63101.0,63160.5,63062.5,63140.1,51689.9
1714230000000,63140.1,63220.7,63082.6,63129.5,36985.9
1714230900000,63129.5,63168.0,63014.4,63055.2,46706.5
1714231800000,63055.1,63086.5,62873.8,62956.8,93016.1
1714232700000,62956.8,62982.9,62851.2,62955.9,87883.3
1714233600000,62955.9,63052.8,62931.0,62980.0,65813.9
1714234500000,62980.0,63100.0,62741.0,62767.4,127372.2
1714235400000,62767.4,62921.9,62757.1,62878.7,74905.5
1714236300000,62878.6,62935.5,62740.0,62748.0,70260.1
1714237200000,62748.1,62878.3,62743.0,62853.2,45380.8
1714238100000,62849.7,62978.5,62823.0,62940.1,52608.9
1714239000000,62940.1,63359.7,62876.0,63284.0,189193.1
1714239900000,63283.9,63651.9,63180.0,63417.4,317033.0
1714240800000,63417.4,63619.6,63151.3,63198.7,170810.6
1714241700000,63198.7,63215.5,62816.0,63058.6,197263.1
1714242600000,63058.6,63272.7,63046.3,63225.7,83149.4
1714243500000,63225.7,63423.3,63218.4,63325.7,112073.7
1714244400000,63325.7,63392.7,63180.9,63346.8,59745.1
1714245300000,63346.8,63400.1,63219.4,63248.9,50459.2
1714246200000,63249.0,63332.6,63236.1,63305.9,36744.7
1714247100000,63305.9,63377.7,63300.0,63360.0,14405.3
1714248000000,63360.0,63467.4,63275.6,63275.9,45650.2
1714248900000,63275.9,63292.6,63157.2,63167.2,46199.6
1714249800000,63167.0,63276.0,63165.0,63269.4,22771.1
1714250700000,63269.4,63287.1,63224.3,63276.9,9689.3
1714251600000,63276.9,63300.0,63165.0,63165.0,15915.7
1714252500000,63165.0,63244.2,63150.3,63187.8,18538.4
1714253400000,63187.9,63316.0,63181.6,63276.2,30284.4
1714254300000,63276.3,63364.5,63276.2,63290.7,10824.8
1714255200000,63290.7,63515.4,63290.6,63381.1,77406.5
1714256100000,63381.1,63395.1,63295.0,63318.5,24768.4
1714257000000,63318.5,63335.0,63242.6,63265.4,28306.6
1714257900000,63265.4,63290.1,63237.3,63260.8,15514.2
1714258800000,63260.9,63435.3,63260.8,63435.2,29625.4
1714259700000,63435.3,63478.9,63430.8,63450.5,31169.8
1714260600000,63450.5,63514.1,63423.3,63461.5,35967.3
1714261500000,63461.5,63566.7,63423.9,63451.6,58579.9
1714262400000,63451.5,63540.9,63451.5,63503.5,54890.6
1714263300000,63503.6,63769.5,63467.1,63729.7,107768.1
1714264200000,63729.8,63729.8,63566.0,63569.1,42312.1
1714265100000,63569.1,63638.7,63540.1,63609.7,31705.7
1714266000000,63609.6,63672.7,63587.0,63607.3,32623.3
1714266900000,63607.4,63611.2,63511.3,63589.1,42997.5
1714267800000,63589.2,63648.2,63520.5,63646.5,33911.4
1714268700000,63646.4,63715.3,63600.0,63607.6,52235.4
1714269600000,63607.6,63631.7,63550.0,63600.0,34758.0
1714270500000,63599.9,63630.0,63561.8,63599.5,21070.2
1714271400000,63599.5,63769.0,63558.9,63722.1,63542.6
1714272300000,63722.1,64072.3,63722.1,63952.0,251315.4
1714273200000,63952.0,64400.0,63928.8,64317.7,256674.4
1714274100000,64317.7,64385.6,64022.0,64176.9,207554.0
1714275000000,64177.0,64203.1,64031.0,64070.0,70512.2
1714275900000,64070.1,64110.2,64009.1,64033.4,38517.9
1714276800000,64033.5,64066.7,63932.0,63954.0,58931.3
1714277700000,63954.0,64068.2,63944.3,64037.0,34958.2
1714278600000,64037.0,64037.0,63905.3,63936.3,43564.4
1714279500000,63936.2,63953.5,63833.1,63854.5,57408.3
1714280400000,63854.0,63911.0,63826.2,63836.0,52067.7
1714281300000,63836.0,63915.7,63825.6,63897.9,55298.1
1714282200000,63898.0,63914.7,63865.4,63881.5,14643.1
1714283100000,63881.5,64019.2,63881.4,63978.1,50541.6
1714284000000,63978.1,64010.0,63925.2,63925.2,36308.9
1714284900000,63925.3,63971.0,63816.8,63822.0,39845.7
1714285800000,63822.0,63960.0,63822.0,63960.0,36773.8
1714286700000,63960.0,64044.8,63897.2,63990.1,57288.7
1714287600000,63990.1,64067.6,63920.0,64059.4,41502.7
1714288500000,64059.4,64081.8,63938.0,63980.7,38489.0
1714289400000,63980.7,64020.0,63909.5,63913.9,22499.6
1714290300000,63914.0,63966.4,63913.3,63925.4,16589.9
1714291200000,63925.4,63996.0,63844.1,63919.5,31174.9
1714292100000,63919.5,63944.0,63886.4,63895.9,16654.0
1714293000000,63895.9,63914.1,63682.7,63694.8,100613.7
1714293900000,63694.8,63782.0,63674.5,63718.4,53332.2
1714294800000,63718.3,63813.0,63681.1,63803.2,36672.4
1714295700000,63803.3,63840.6,63751.2,63808.2,26208.2
1714296600000,63808.2,63823.7,63742.7,63778.4,20894.7
1714297500000,63778.3,63778.4,63680.3,63766.0,44683.6
1714298400000,63766.0,63809.6,63572.0,63594.8,83482.8
1714299300000,63594.7,63662.3,63255.2,63600.0,236729.0
1714300200000,63599.9,63692.4,63563.3,63676.0,60429.9
1714301100000,63676.0,63714.7,63630.2,63696.7,45033.8
1714302000000,63696.7,63714.7,63575.4,63630.8,39621.1
1714302900000,63630.7,63696.7,63381.0,63476.6,179414.4
1714303800000,63477.4,63527.5,63413.5,63489.9,56609.7
1714304700000,63489.8,63509.5,63386.1,63488.2,44126.6
1714305600000,63486.6,63592.0,63401.1,63541.7,63347.0
1714306500000,63541.8,63585.8,63500.0,63568.2,32483.9
1714307400000,63568.3,63673.1,63561.9,63561.9,52407.7
1714308300000,63561.9,63600.0,63529.7,63567.1,19706.6
1714309200000,63567.1,63791.2,63517.1,63689.3,103451.5
1714310100000,63689.3,63888.0,63643.1,63699.6,110101.2
1714311000000,63699.6,63848.0,63680.0,63801.1,46342.6
1714311900000,63801.1,63809.2,63730.0,63774.2,27231.2
1714312800000,63774.1,63787.6,63625.2,63719.3,73550.0
1714313700000,63719.3,63746.4,63540.0,63635.4,61784.3
1714314600000,63635.4,63725.0,63505.0,63549.6,40775.5
1714315500000,63549.7,63610.0,63471.9,63605.3,38584.6
1714316400000,63605.4,63661.9,63518.3,63567.4,48561.5
1714317300000,63567.4,63585.6,63500.0,63529.9,27330.5
1714318200000,63529.9,63586.0,63450.5,63579.1,39406.9
1714319100000,63579.0,63584.6,63475.6,63535.4,26598.7
1714320000000,63535.5,63648.0,63535.4,63606.1,45958.9
1714320900000,63606.1,63729.8,63470.2,63688.7,96799.6
1714321800000,63688.8,63798.0,63656.4,63662.9,49556.5
1714322700000,63662.8,63721.2,63553.2,63708.3,35457.4
1714323600000,63708.2,63732.0,63646.1,63719.7,18140.8
1714324500000,63719.6,63719.6,63551.5,63610.4,33938.4
1714325400000,63610.4,63735.3,63597.9,63730.0,42246.2
1714326300000,63730.0,63820.0,63723.5,63764.9,30200.9
1714327200000,63764.9,63785.9,63709.7,63709.8,16370.9
1714328100000,63709.7,63767.7,63688.1,63758.2,9660.7
1714329000000,63758.1,63803.1,63700.3,63782.9,22992.7
1714329900000,63782.9,63984.6,63764.0,63931.0,109158.3
1714330800000,63930.9,63935.0,63805.6,63855.0,43717.8
1714331700000,63854.9,63855.0,63791.3,63803.9,15702.0
1714332600000,63803.8,63803.8,63717.8,63776.0,23044.2
1714333500000,63775.9,63804.3,63719.1,63723.1,13530.8
1714334400000,63723.0,63749.5,63611.0,63636.4,26648.9
1714335300000,63636.4,63665.1,63580.0,63607.6,28537.3
1714336200000,63607.6,63681.2,63602.3,63646.2,14746.7
1714337100000,63646.3,63682.4,63640.1,63674.6,6835.3
1714338000000,63674.6,63740.0,63609.3,63680.5,26815.2
1714338900000,63680.5,63684.9,63664.6,63671.5,3425.4
1714339800000,63671.0,63687.2,63595.3,63665.4,10115.2
1714340700000,63665.5,63669.1,63607.8,63669.0,9265.8
1714341600000,63669.1,63722.3,63308.7,63450.2,133061.9
1714342500000,63450.2,63546.0,63441.5,63484.2,46500.2
1714343400000,63484.1,63484.1,62880.6,63257.7,499368.4
1714344300000,63257.7,63257.8,63100.0,63159.8,89119.4
1714345200000,63159.8,63159.8,62760.0,62974.1,256743.8
1714346100000,62974.1,63069.9,62800.0,62965.9,97436.6
1714347000000,62965.8,63040.5,62825.9,62931.4,83487.7
1714347900000,62931.4,63178.0,62882.6,63125.0,99681.1
1714348800000,63125.0,63312.0,62955.5,63307.4,181545.8
1714349700000,63307.4,63332.5,63186.1,63224.6,63792.0
1714350600000,63224.6,63256.4,63165.3,63223.4,42071.7
1714351500000,63223.3,63296.7,63204.6,63258.8,27267.9
1714352400000,63258.7,63288.0,63117.2,63188.0,46761.7
1714353300000,63188.0,63195.0,63064.5,63170.0,53265.6
1714354200000,63170.6,63369.0,63161.4,63227.5,79898.8
1714355100000,63227.5,63262.2,63171.9,63226.5,42988.5
1714356000000,63226.5,63285.0,63095.9,63163.4,42673.9
1714356900000,63163.4,63199.7,63031.6,63120.8,52520.2
1714357800000,63122.9,63126.9,62555.0,62746.8,334343.8
1714358700000,62746.8,62867.7,62605.8,62697.2,182361.9
1714359600000,62697.3,62764.6,62422.0,62543.7,253950.6
1714360500000,62543.8,62730.0,62509.1,62654.8,105820.9
1714361400000,62654.8,62686.1,62403.2,62663.1,110993.4
1714362300000,62663.0,62665.3,62100.0,62279.0,304768.2
1714363200000,62279.0,62470.7,62182.9,62462.8,190336.7
1714364100000,62462.8,62562.9,62406.0,62516.3,84185.6
1714365000000,62516.3,62635.6,62489.9,62619.7,75897.0
1714365900000,62619.4,62625.3,62502.0,62530.7,81720.7
1714366800000,62530.7,62530.7,62437.7,62509.8,40975.4
1714367700000,62509.8,62509.8,62316.1,62347.1,89687.8
1714368600000,62347.0,62410.3,62022.2,62402.0,310955.4
1714369500000,62402.1,62449.0,62297.4,62444.1,60173.2
1714370400000,62444.2,62466.0,62310.5,62319.3,56094.2
1714371300000,62319.1,62422.5,62222.0,62300.0,85211.6
1714372200000,62299.9,62302.6,62060.2,62200.0,220127.2
1714373100000,62199.9,62265.6,61900.2,62196.8,304851.7
1714374000000,62196.8,62212.4,61946.0,62159.9,134045.5
1714374900000,62160.0,62292.6,62086.6,62272.7,111228.1
1714375800000,62272.6,62339.0,62220.1,62327.4,52303.9
1714376700000,62327.4,62427.0,62260.0,62407.3,145309.9
1714377600000,62407.4,62517.2,62300.0,62345.1,126036.5
1714378500000,62346.3,62388.0,62224.3,62385.1,54295.4
1714379400000,62385.1,62409.6,62231.9,62364.1,60448.0
1714380300000,62364.1,62431.6,62339.7,62408.2,42224.2
1714381200000,62408.2,62419.5,62280.1,62386.2,39075.0
1714382100000,62386.3,62398.0,62293.4,62296.5,23169.4
1714383000000,62296.6,62379.5,62288.9,62345.9,26546.4
1714383900000,62345.9,62680.0,62335.1,62537.9,149713.0
1714384800000,62537.8,62646.2,62487.9,62646.2,78401.4
1714385700000,62646.2,62686.7,62513.0,62527.2,76785.1
1714386600000,62527.1,62570.0,62456.4,62457.2,49137.9
1714387500000,62457.2,62478.1,62388.8,62395.9,53735.9
1714388400000,62395.9,62438.2,62338.2,62368.3,35782.1
1714389300000,62368.3,62398.3,62325.3,62350.0,33434.7
1714390200000,62350.0,62384.6,62249.1,62331.3,84484.4
1714391100000,62331.2,62331.3,62164.1,62268.0,89084.1
1714392000000,62268.0,62354.0,62211.5,62349.5,56296.5
1714392900000,62348.7,62418.9,62288.0,62336.4,51595.3
1714393800000,62336.3,62561.6,62054.0,62476.4,281989.2
1714394700000,62476.5,62669.9,62437.9,62619.5,153924.3
1714395600000,62619.5,62723.4,62518.6,62527.2,151487.3
1714396500000,62527.3,62630.0,62456.0,62524.5,69177.5
1714397400000,62524.5,62617.3,61929.4,61986.2,402683.5
1714398300000,61986.2,62090.1,61787.6,62029.9,336417.8
1714399200000,62030.0,62296.3,61887.2,62244.8,247031.6
1714400100000,62244.8,62863.0,62242.2,62831.6,364944.9
1714401000000,62831.6,63038.2,62742.2,62757.4,445059.6
1714401900000,62757.4,62874.4,62666.0,62845.0,131048.8
1714402800000,62845.0,62961.1,62735.1,62826.0,121302.6
1714403700000,62825.9,62945.7,62780.0,62916.8,74236.8
1714404600000,62916.8,63068.3,62852.2,62967.2,141410.8
1714405500000,62967.3,63142.2,62898.8,63038.2,134932.1
1714406400000,63038.3,63169.2,62936.0,63074.9,140872.2
1714407300000,63075.0,63098.0,62957.2,62978.0,125557.3
1714408200000,62978.0,62991.7,62788.2,62859.4,106143.9
1714409100000,62859.3,62920.8,62747.8,62793.5,82135.9
1714410000000,62793.6,63047.6,62768.8,62893.7,102930.4
1714410900000,62893.6,63235.8,62873.5,63186.5,108324.0
1714411800000,63186.5,63208.6,62960.0,63026.0,81530.4
1714412700000,63025.9,63129.9,62951.7,63030.0,43155.2
1714413600000,63030.1,63054.6,62844.5,62897.4,56507.7
1714414500000,62897.3,62978.8,62878.2,62944.8,15287.2
1714415400000,62944.7,62956.7,62778.2,62783.2,49043.3
1714416300000,62783.1,62879.8,62709.6,62866.5,38072.2
1714417200000,62866.4,62866.4,62566.4,62638.6,182040.2
1714418100000,62638.7,62694.4,62534.3,62680.9,50566.7
1714419000000,62680.9,62836.6,62655.3,62749.7,75741.7
1714419900000,62749.7,62993.2,62729.1,62982.0,53256.8
1714420800000,62980.8,63141.8,62885.0,63115.0,77444.8
1714421700000,63114.9,63115.0,63010.6,63015.7,38257.4
1714422600000,63015.7,63072.6,62952.7,63021.0,24422.0
1714423500000,63021.0,63026.9,62933.3,62967.3,21706.8
1714424400000,62965.2,63036.5,62864.9,62875.3,25468.2
1714425300000,62875.3,62998.2,62820.0,62938.3,20481.5
1714426200000,62938.3,63000.0,62885.5,62989.2,10999.2
1714427100000,62989.3,63176.8,62989.2,63088.7,35003.2
1714428000000,63088.7,63198.6,63017.0,63169.9,61312.2
1714428900000,63170.0,63490.0,63165.0,63489.9,222486.8
1714429800000,63490.0,63900.0,63485.0,63746.9,375383.5
1714430700000,63746.9,63950.0,63741.3,63878.5,230327.2
1714431600000,63878.4,64239.1,63866.8,63999.9,289520.9
1714432500000,63999.9,64130.5,63936.0,63980.5,144560.9
1714433400000,63980.5,64131.0,63877.0,63918.9,168988.6
1714434300000,63918.8,63953.7,63825.8,63879.9,95044.2
1714435200000,63881.1,63901.5,63710.0,63749.9,121978.6
1714436100000,63749.9,64008.3,63729.3,63998.1,123928.1
1714437000000,63998.1,64180.0,63893.1,64170.1,121295.1
1714437900000,64170.2,64746.1,64139.6,64583.2,541521.5
1714438800000,64583.3,64630.5,64350.0,64353.8,174004.4
1714439700000,64353.8,64400.0,64151.0,64262.8,140518.5
1714440600000,64262.7,64267.0,64000.0,64110.1,139202.8
1714441500000,64110.0,64226.2,63580.4,63614.7,226219.5
1714442400000,63614.7,63624.0,63133.3,63538.1,664797.5
1714443300000,63538.2,63717.0,63469.8,63618.9,129865.9
1714444200000,63619.0,63876.8,63556.6,63814.7,181791.4
1714445100000,63814.6,63918.4,63777.0,63794.6,109293.8
1714446000000,63794.6,63799.9,63580.0,63607.9,92703.1
1714446900000,63607.8,63768.0,63581.3,63756.4,40720.3
1714447800000,63756.4,63839.4,63628.6,63641.2,77529.5
1714448700000,63641.2,63764.8,63628.8,63669.9,75726.6
1714449600000,63668.1,63723.8,63630.0,63671.9,33247.4
1714450500000,63671.9,63672.0,63481.0,63525.0,76395.0
1714451400000,63524.5,63662.7,63490.0,63562.6,61735.5
1714452300000,63565.2,63565.2,63363.0,63427.3,79021.2
1714453200000,63427.3,63510.9,63259.1,63457.8,82542.4
1714454100000,63457.1,63473.6,63370.0,63388.3,32700.7
1714455000000,63388.3,63388.4,63071.0,63189.9,246488.2
1714455900000,63189.9,63353.3,63189.9,63328.1,73224.9
1714456800000,63328.0,63337.0,63233.0,63276.3,47479.0
1714457700000,63276.3,63424.3,63255.7,63383.8,52560.0
1714458600000,63383.7,63439.0,63362.9,63403.0,38045.5
1714459500000,63402.9,63472.1,63340.0,63403.4,38628.8
1714460400000,63403.4,63430.1,63360.0,63419.5,29260.9
1714461300000,63419.6,63432.4,63352.0,63366.0,29385.2
1714462200000,63366.0,63451.0,63242.0,63276.6,65053.3
1714463100000,63276.5,63339.3,63105.3,63146.0,174797.4
1714464000000,63146.1,63243.1,62830.6,62836.1,242811.7
1714464900000,62836.2,62976.2,62720.6,62758.0,321411.5
1714465800000,62758.0,62768.6,62151.0,62201.2,685753.9
1714466700000,62201.2,62228.9,61808.0,61916.4,539500.1
1714467600000,61916.4,62100.0,61800.0,62087.9,380276.4
1714468500000,62087.9,62142.4,61871.8,61981.6,210640.4
1714469400000,61981.5,61981.6,61553.4,61858.5,440126.8
1714470300000,61858.5,61896.0,61678.9,61679.7,135799.3
1714471200000,61679.8,61784.6,61400.0,61738.5,378463.9
1714472100000,61738.4,61785.5,61577.0,61752.7,100050.8
1714473000000,61752.7,61763.6,61560.2,61725.6,80058.9
1714473900000,61725.5,61798.0,61565.0,61786.9,90866.9
1714474800000,61786.8,61786.9,61539.4,61626.5,117516.3
1714475700000,61626.4,61665.0,61249.2,61306.1,253370.7
1714476600000,61306.1,61404.0,61006.9,61216.0,599797.2
1714477500000,61215.7,61354.3,61163.6,61212.0,163709.4
1714478400000,61212.0,61300.0,60729.5,61164.5,536810.4
1714479300000,61164.5,61348.8,60891.8,61305.0,259882.3
1714480200000,61305.0,61340.3,61128.7,61243.1,151003.5
1714481100000,61245.0,61310.6,61153.5,61235.5,120118.0
1714482000000,61235.5,61275.0,61038.0,61267.9,132893.4
1714482900000,61267.9,61320.0,61120.1,61212.7,83645.5
1714483800000,61212.6,61304.6,61122.0,61299.7,94127.5
1714484700000,61299.7,61322.7,60800.0,60840.6,316246.5
1714485600000,60840.6,60998.0,60560.6,60592.5,409809.3
1714486500000,60596.1,60950.0,60555.2,60841.8,222729.0
1714487400000,60841.8,61276.8,60788.0,61263.6,380214.1
1714488300000,61263.7,61547.9,61186.9,61243.0,484408.1
1714489200000,61240.0,61395.7,60770.0,60837.7,293633.9
1714490100000,60837.6,61111.0,60771.0,60974.3,203227.7
1714491000000,60974.7,60988.7,60633.0,60690.9,139557.6
1714491900000,60690.8,60880.0,60589.0,60786.0,152067.8
1714492800000,60786.0,60912.0,60330.0,60746.7,409734.4
1714493700000,60746.6,60820.0,60241.0,60276.0,519122.9
1714494600000,60276.1,60548.8,60145.7,60385.0,295447.1
1714495500000,60385.0,60557.7,60300.7,60331.1,145533.4
1714496400000,60331.1,60505.2,60192.3,60253.2,179046.2
1714497300000,60253.1,60470.0,60077.0,60425.4,228382.4
1714498200000,60425.4,60450.0,60060.0,60181.7,159722.9
1714499100000,60181.8,60405.1,60100.0,60365.8,126334.0
1714500000000,60365.8,60534.0,60311.7,60448.5,128122.6
1714500900000,60448.6,60520.0,60330.0,60330.0,93154.3
1714501800000,60330.0,60400.0,60160.0,60225.9,98341.6
1714502700000,60229.7,60412.5,60002.7,60402.8,212747.3
1714503600000,60402.8,60499.9,59918.3,59996.8,194500.2
1714504500000,59996.8,60243.5,59710.0,60050.1,532361.2
1714505400000,60050.0,60308.0,59961.5,60115.3,169980.7
1714506300000,60115.4,60192.3,59170.0,59304.1,802782.2
1714507200000,59304.1,60073.7,59286.3,59870.8,526643.5
1714508100000,59870.7,60055.0,59632.0,59740.0,193847.9
1714509000000,59741.3,60020.0,59721.2,59968.6,91298.3
1714509900000,59968.6,60198.5,59808.4,59961.3,139300.6
1714510800000,59960.8,60240.0,59952.8,60133.5,109881.8
1714511700000,60133.6,60370.2,60106.1,60338.0,110999.7
1714512600000,60338.0,60396.9,60159.7,60253.7,82147.8
1714513500000,60253.8,60337.5,60169.1,60170.0,85701.9
1714514400000,60170.0,60481.8,60113.6,60428.5,164023.3
1714515300000,60428.5,60799.0,60368.9,60792.6,145648.9
1714516200000,60792.5,61074.3,60681.0,60720.9,299068.4
1714517100000,60720.9,60720.9,60469.5,60590.0,110855.0
1714518000000,60590.0,60610.8,60412.1,60463.3,69150.2
1714518900000,60463.3,60647.4,60410.0,60590.0,46452.4
1714519800000,60590.1,60748.7,60563.8,60690.2,64029.3
1714520700000,60690.1,60942.2,60641.3,60684.8,155302.3
1714521600000,60684.8,60858.0,60598.3,60604.9,145933.2
1714522500000,60604.9,60737.2,60371.0,60427.8,152503.8
1714523400000,60427.8,60442.2,60082.0,60364.6,233624.0
1714524300000,60363.8,60442.0,60186.0,60254.0,103474.3
1714525200000,60254.0,60340.0,59869.0,59896.2,218573.4
1714526100000,59896.2,60358.0,59862.1,60315.0,225058.0
1714527000000,60315.1,60428.0,60249.2,60254.9,89858.5
1714527900000,60254.8,60266.7,60060.1,60154.7,82373.3
1714528800000,60152.0,60205.0,59584.2,59586.1,258628.5
1714529700000,59586.1,59888.4,59586.1,59744.4,257783.3
1714530600000,59744.4,59957.4,59666.0,59833.2,137904.9
1714531500000,59833.1,59991.0,59820.3,59935.0,52281.2
1714532400000,59935.0,60107.6,59905.3,60064.0,93773.3
1714533300000,60064.0,60133.0,60010.0,60012.4,57262.0
1714534200000,60012.4,60267.4,60012.3,60180.6,78267.1
1714535100000,60180.6,60329.7,60128.4,60245.6,59457.4
1714536000000,60245.7,60360.0,60220.7,60306.9,74724.0
1714536900000,60306.9,60316.0,60186.2,60211.6,53904.1
1714537800000,60211.7,60322.6,60200.0,60291.0,49237.3
1714538700000,60290.9,60340.0,60211.2,60293.1,43427.6
1714539600000,60293.1,60337.3,60133.0,60166.9,78377.3
1714540500000,60167.0,60219.9,60005.4,60031.4,98557.9
1714541400000,60031.5,60274.7,60001.0,60062.5,107641.6
1714542300000,60062.5,60084.6,59945.9,60064.5,95918.1
1714543200000,60064.5,60130.0,59873.8,59929.6,92077.7
1714544100000,59929.7,60007.2,59733.5,59745.5,88252.2
1714545000000,59745.5,59860.0,59650.2,59819.7,134960.4
1714545900000,59819.8,59868.0,59509.0,59541.5,146407.4
1714546800000,59541.5,59595.0,57677.5,58523.0,1783788.5
1714547700000,58522.9,58665.8,57415.2,57998.3,976988.0
1714548600000,57998.4,58169.7,57050.0,57714.1,1213114.8
1714549500000,57715.3,57922.2,57334.0,57483.8,578535.0
1714550400000,57483.8,57596.2,56951.3,57350.0,861067.0
1714551300000,57350.0,57350.0,56528.8,57026.4,987968.7
1714552200000,57026.4,57190.0,56827.3,56879.7,352966.6
1714553100000,56879.7,57163.0,56795.0,57163.0,285030.4
1714554000000,57163.0,57660.0,57032.7,57340.6,461346.3
1714554900000,57340.7,57520.0,57112.8,57410.5,244838.9
1714555800000,57410.6,57460.5,57272.0,57370.1,109235.6
1714556700000,57370.1,57385.2,57104.4,57112.0,205822.0
1714557600000,57112.1,57172.6,56880.0,56987.0,278668.4
1714558500000,56987.0,57520.9,56911.3,57435.6,324487.6
1714559400000,57435.6,57694.9,57327.5,57588.3,179361.7
1714560300000,57588.3,57768.0,57457.7,57760.1,188973.6
1714561200000,57760.0,57863.9,57552.5,57619.2,193793.3
1714562100000,57619.3,57708.0,57501.0,57578.9,95498.8
1714563000000,57578.9,57633.0,57466.0,57630.2,86207.1
1714563900000,57630.3,57912.0,57626.4,57886.7,210355.0
1714564800000,57886.7,58250.0,57726.0,58213.6,369748.2
1714565700000,58213.6,58216.3,57891.5,58046.0,289453.5
1714566600000,58046.0,58282.0,58013.6,58120.1,154644.9
1714567500000,58120.1,58138.7,57803.0,57974.0,219141.7
1714568400000,57974.1,58006.1,57714.5,57859.5,162734.7
1714569300000,57859.5,57864.5,57666.7,57706.7,118958.3
1714570200000,57706.7,57706.7,57212.6,57528.8,560078.4
1714571100000,57528.8,57774.9,57250.0,57308.1,223055.7
1714572000000,57308.1,57555.2,57102.0,57279.9,355771.7
1714572900000,57279.8,57488.0,57160.0,57423.8,194999.4
1714573800000,57423.8,57583.8,57219.1,57455.7,187188.0
1714574700000,57455.7,57595.9,57314.0,57483.7,112634.7
1714575600000,57483.7,57516.8,56953.8,56975.0,281258.8
1714576500000,56974.9,57189.2,56668.7,57098.9,509042.8
1714577400000,57098.9,57150.0,56939.0,56982.1,150714.6
1714578300000,56982.0,57014.2,56740.1,56885.0,161224.8
1714579200000,56885.1,57062.1,56744.7,57027.5,270342.7
1714580100000,57027.5,57439.8,56982.0,57354.6,397139.6
1714581000000,57354.7,57460.0,56941.2,57024.3,207727.8
1714581900000,57024.3,57119.5,56919.0,57045.5,133885.1
1714582800000,57045.6,57160.0,56762.6,56776.0,210580.2
1714583700000,56776.0,57272.6,56617.1,57194.0,361383.3
1714584600000,57194.0,57360.0,57144.6,57203.9,140805.9
1714585500000,57204.0,57751.8,57164.2,57439.9,282269.0
1714586400000,57439.9,58200.0,57340.4,57858.2,852365.8
1714587300000,57858.3,58098.8,57550.7,58010.0,310523.2
1714588200000,58010.0,58740.5,57691.8,58721.3,797953.0
1714589100000,58715.1,59500.0,58489.8,58925.7,1147265.8
1714590000000,58925.6,59275.0,58570.0,58585.5,500888.9
1714590900000,58585.4,58613.9,58040.8,58087.4,434547.2
1714591800000,58087.4,58087.4,57012.1,57525.9,1013038.2
1714592700000,57525.8,57681.9,56888.0,56965.0,419760.9
1714593600000,56964.9,57326.2,56964.9,57103.9,309002.5
1714594500000,57103.9,57385.7,56735.5,57357.8,326551.3
1714595400000,57357.8,57492.6,57157.2,57393.9,141388.6
1714596300000,57394.0,57536.3,57342.8,57348.6,113845.6
1714597200000,57348.6,57488.0,57243.7,57441.0,79379.2
1714598100000,57441.0,58174.1,57382.0,58166.7,339954.4
1714599000000,58166.7,58180.8,57734.9,57842.9,148205.9
1714599900000,57842.9,58008.9,57791.4,57912.8,74946.9
1714600800000,57912.9,58229.2,57870.8,57985.7,182659.6
1714601700000,57985.7,58074.9,57883.0,58002.0,60750.9
1714602600000,58003.7,58094.0,57950.1,57999.9,48503.7
1714603500000,57999.9,58082.4,57863.0,57888.8,84416.7
1714604400000,57888.9,58088.0,57822.0,58051.9,58187.3
1714605300000,58051.9,58074.1,57928.4,57932.0,43401.9
1714606200000,57932.0,58450.0,57908.5,58356.9,164659.8
1714607100000,58355.1,58560.8,58222.1,58332.0,297863.7
1714608000000,58332.1,58588.0,58236.1,58250.1,181452.2
1714608900000,58250.1,58409.8,58092.9,58147.2,136995.8
1714609800000,58147.1,58202.9,57714.5,57714.5,200311.9
1714610700000,57714.5,57819.2,57626.8,57757.1,111108.8
1714611600000,57757.1,57897.1,57751.6,57830.6,92760.0
1714612500000,57830.5,57876.1,57650.4,57654.4,85976.1
1714613400000,57654.3,57699.0,56919.2,57175.9,506790.4
1714614300000,57175.9,57390.6,57050.0,57123.4,184692.2
1714615200000,57123.3,57431.1,57116.0,57369.9,94994.2
1714616100000,57369.8,57457.2,57204.1,57336.2,127493.0
1714617000000,57336.3,57395.8,57160.0,57395.8,121605.5
1714617900000,57395.7,57662.5,57362.3,57465.8,145717.1
1714618800000,57465.8,57580.0,57428.0,57457.4,51493.2
1714619700000,57457.3,57697.2,57381.0,57684.4,85725.7
1714620600000,57683.7,57684.4,57463.0,57465.9,66585.6
1714621500000,57466.0,57570.0,57418.3,57437.6,75011.6
1714622400000,57437.6,57569.0,57428.9,57470.0,41555.0
1714623300000,57470.1,57567.8,57440.0,57565.1,29769.0
1714624200000,57565.0,57659.2,57464.7,57468.9,53358.6
1714625100000,57468.9,57525.7,57308.0,57396.0,68614.3
1714626000000,57395.0,57520.0,57286.4,57474.6,66371.3
1714626900000,57473.5,57540.0,57291.7,57314.9,68492.1
1714627800000,57314.8,57409.6,57201.1,57380.0,82330.3
1714628700000,57380.0,57509.0,57380.0,57484.1,40165.2
1714629600000,57484.2,57634.2,57411.6,57582.1,91779.2
1714630500000,57582.0,57733.8,57460.1,57718.9,99437.0
1714631400000,57718.9,57735.9,57526.1,57583.8,71007.7
1714632300000,57583.7,57675.7,57550.0,57629.9,44180.1
1714633200000,57629.9,57942.4,57614.3,57762.6,183236.4
1714634100000,57762.5,57882.0,57710.3,57748.0,103013.5
1714635000000,57748.0,57776.2,57672.6,57679.2,72575.9
1714635900000,57679.1,57710.0,57636.8,57676.0,52359.7
1714636800000,57673.3,57871.0,57607.0,57790.0,88464.6
1714637700000,57790.0,57978.5,57665.1,57904.0,120720.6
1714638600000,57904.0,57975.7,57791.3,57836.0,88226.4
1714639500000,57836.0,57945.3,57791.2,57824.8,97204.4
1714640400000,57824.8,57889.6,57725.6,57795.3,48765.6
1714641300000,57795.3,57870.0,57644.0,57746.6,92584.9
1714642200000,57746.7,57786.0,57636.3,57733.1,86666.6
1714643100000,57733.4,57816.9,57721.1,57792.9,39368.0
1714644000000,57792.9,57862.3,57655.0,57805.9,100445.3
1714644900000,57805.9,57807.3,57679.9,57701.8,64300.8
1714645800000,57701.9,57783.6,57558.5,57737.0,94181.5
1714646700000,57737.0,57912.0,57700.0,57798.0,148074.6
1714647600000,57798.1,58287.3,57780.7,58125.3,543602.2
1714648500000,58123.3,58496.7,58094.4,58292.0,393744.3
1714649400000,58292.0,58550.0,58058.9,58525.7,298349.2
1714650300000,58525.7,58673.5,58446.2,58547.2,412577.3
1714651200000,58547.3,58863.6,58434.2,58855.8,293691.8
1714652100000,58857.1,59096.8,58653.0,58702.1,642774.1
1714653000000,58702.1,59037.6,58669.0,58801.7,276723.9
1714653900000,58801.6,58902.2,58444.8,58554.9,249104.0
1714654800000,58555.0,58725.3,58414.7,58538.1,220931.2
1714655700000,58538.0,58799.0,58514.0,58732.9,151116.5
1714656600000,58733.0,58789.3,58309.0,58529.1,338480.9
1714657500000,58529.0,58568.5,58232.0,58459.5,237749.4
1714658400000,58459.5,58684.4,58290.0,58403.8,270283.0
1714659300000,58402.2,58750.0,58344.5,58672.7,229924.4
1714660200000,58668.0,59300.0,58575.2,59254.5,556711.7
1714661100000,59255.0,59300.0,59000.0,59058.0,270304.9
1714662000000,59059.2,59275.0,58970.0,59249.1,196939.7
1714662900000,59246.5,59417.6,59156.3,59356.3,242191.2
1714663800000,59356.4,59400.0,59230.6,59329.0,174295.0
1714664700000,59328.9,59476.7,59159.0,59270.1,224171.8
1714665600000,59270.2,59318.7,58945.4,59002.9,190736.9
1714666500000,59004.1,59187.9,58964.7,59162.7,107009.3
1714667400000,59164.2,59164.2,58971.7,59084.3,83834.1
1714668300000,59084.4,59099.0,58948.4,59027.7,61155.6
1714669200000,59030.1,59171.6,58951.7,59092.0,84509.1
1714670100000,59090.0,59266.9,59032.4,59043.9,91496.7
1714671000000,59044.0,59150.5,58971.4,59052.0,56096.0
1714671900000,59051.9,59293.1,59015.2,59199.8,88264.8
1714672800000,59199.9,59450.0,59158.3,59287.0,161252.4
1714673700000,59286.1,59290.5,58976.4,59109.7,90285.2
1714674600000,59109.8,59341.3,59041.1,59238.0,72611.0
1714675500000,59238.0,59588.0,59222.6,59393.9,189841.7
1714676400000,59393.9,59393.9,59100.0,59112.2,105251.1
1714677300000,59112.2,59225.1,59068.7,59176.0,60048.7
1714678200000,59176.0,59188.0,59027.0,59174.1,69300.8
1714679100000,59174.0,59381.2,59128.1,59354.6,95583.3
1714680000000,59353.5,59453.4,59197.0,59370.8,116456.7
1714680900000,59370.9,59385.4,59074.3,59110.8,77644.1
1714681800000,59111.9,59168.2,58638.1,58928.1,333476.7
1714682700000,58928.2,58931.4,58718.8,58723.9,95037.6
1714683600000,58724.0,58896.3,58702.8,58815.1,73633.7
1714684500000,58819.0,58998.8,58808.1,58996.1,64085.4
1714685400000,58996.0,59667.0,58990.0,59272.8,230968.6
1714686300000,59272.8,59272.8,59064.2,59100.0,54563.6
1714687200000,59099.9,59408.0,59065.8,59228.4,89962.5
1714688100000,59228.4,59395.8,59223.8,59233.7,90701.9
1714689000000,59233.7,59283.0,59128.7,59264.7,38271.9
1714689900000,59264.7,59443.0,59241.6,59322.1,63972.5
1714690800000,59322.1,59373.8,59213.6,59323.1,35766.4
1714691700000,59323.0,59351.0,59203.1,59207.6,26549.7
1714692600000,59207.6,59272.9,59089.1,59138.0,63539.3
1714693500000,59138.0,59162.0,59050.2,59057.4,40357.0
1714694400000,59057.5,59134.3,58969.2,59042.7,82831.1
1714695300000,59042.9,59125.9,58876.6,58883.4,84679.2
1714696200000,58883.4,58976.6,58820.0,58972.5,84115.1
1714697100000,58972.5,59076.9,58972.4,59038.8,46483.3
1714698000000,59038.7,59400.0,59003.8,59352.0,116032.1
1714698900000,59352.0,59490.0,59254.7,59440.2,108119.9
1714699800000,59440.5,59498.0,59375.2,59429.3,104345.9
1714700700000,59430.3,59444.6,59231.2,59314.6,82897.2
1714701600000,59314.5,59859.9,59252.0,59761.7,296994.1
1714702500000,59761.7,59952.1,59588.2,59599.2,293261.7
1714703400000,59599.1,59715.5,59520.0,59560.1,91661.8
1714704300000,59560.2,59640.0,59510.0,59550.9,65557.2
1714705200000,59551.0,59829.6,59513.8,59817.0,130970.5
1714706100000,59816.9,60033.3,59705.8,59736.5,309611.6
1714707000000,59736.4,59848.7,59687.1,59783.6,93540.0
1714707900000,59783.6,59840.0,59660.0,59726.0,59503.1
1714708800000,59725.9,59813.5,59648.9,59758.4,67054.6
1714709700000,59758.4,59847.9,59755.0,59759.5,33712.4
1714710600000,59755.6,59772.7,59556.0,59599.9,73630.2
1714711500000,59599.9,59635.7,59550.0,59600.1,45602.6
1714712400000,59600.1,59605.0,59464.9,59479.3,64578.9
1714713300000,59479.4,59611.3,59463.0,59572.8,69245.8
1714714200000,59572.7,59615.0,59533.0,59590.6,41403.1
1714715100000,59590.6,59594.0,59486.4,59523.0,36967.3
1714716000000,59523.0,59565.4,59450.0,59513.3,49276.5
1714716900000,59513.2,59513.2,59328.1,59420.1,99646.9
1714717800000,59420.1,59425.1,59333.2,59344.1,42101.6
1714718700000,59344.0,59407.1,59216.8,59246.3,87240.1
1714719600000,59246.0,59440.0,59215.8,59414.9,113298.9
1714720500000,59414.9,59438.0,59348.8,59372.1,48977.4
1714721400000,59371.6,59399.2,59157.9,59236.2,105742.1
1714722300000,59236.1,59252.6,59050.0,59179.8,179867.8
1714723200000,59179.9,59288.9,59130.0,59239.0,109023.4
1714724100000,59238.9,59328.0,59180.1,59328.0,60484.8
1714725000000,59327.9,59379.9,59261.0,59348.1,64586.5
1714725900000,59348.0,59375.0,59183.8,59218.1,46843.3
1714726800000,59218.1,59331.0,59190.0,59280.0,43041.1
1714727700000,59280.0,59439.5,59270.1,59367.4,58084.4
1714728600000,59367.3,59499.3,59323.3,59478.4,65993.0
1714729500000,59478.4,59581.2,59458.6,59469.9,73263.5
1714730400000,59469.9,59483.9,59277.4,59342.3,77782.6
1714731300000,59342.3,59395.0,59291.6,59307.4,29436.3
1714732200000,59307.5,59330.8,58890.0,59022.8,216336.2
1714733100000,59022.8,59084.0,58855.8,59040.9,175304.2
1714734000000,59040.9,59055.2,58870.0,58993.8,125424.2
1714734900000,58993.7,59200.0,58983.1,59192.1,69783.1
1714735800000,59192.2,59266.4,59038.3,59108.1,75057.9
1714736700000,59108.2,59465.4,59053.3,59298.0,144856.4
1714737600000,59298.0,59298.1,59084.4,59128.0,152483.1
1714738500000,59128.0,59189.2,58990.1,59167.2,95487.4
1714739400000,59164.0,60498.7,59116.5,60449.6,1365023.4
1714740300000,60449.6,60755.0,60322.0,60623.0,887398.6
1714741200000,60623.0,61269.0,60509.2,61130.1,794487.7
1714742100000,61130.0,61250.0,60826.7,61231.6,537489.3
1714743000000,61231.5,61835.0,61142.0,61520.8,954587.4
1714743900000,61520.8,61750.0,61471.1,61668.2,328436.8
1714744800000,61668.3,62137.5,61480.0,61573.5,788628.9
1714745700000,61573.4,61820.1,61358.6,61693.1,435469.5
1714746600000,61693.0,61879.9,61515.0,61788.2,225841.8
1714747500000,61788.2,61800.0,61606.0,61612.5,149337.0
1714748400000,61612.6,61746.3,61447.1,61471.6,183885.5
1714749300000,61471.6,61511.0,61350.0,61387.8,180283.8
1714750200000,61387.8,61617.6,61341.0,61544.4,152308.6
1714751100000,61544.4,61798.6,61531.0,61685.8,116606.5
1714752000000,61685.9,61899.6,61685.9,61765.7,165480.5
1714752900000,61765.7,62019.8,61672.4,61960.9,204993.8
1714753800000,61961.0,62222.0,61804.9,61854.3,329186.3
1714754700000,61854.3,61876.1,61540.0,61682.5,190213.1
1714755600000,61682.5,61747.4,61531.4,61732.1,108190.1
1714756500000,61732.1,61924.0,61720.0,61900.1,116219.7
1714757400000,61900.0,61955.0,61791.8,61825.9,85521.8
1714758300000,61825.9,61898.0,61756.0,61806.2,64196.8
1714759200000,61805.7,61980.0,61795.8,61959.9,108892.0
1714760100000,61960.0,61998.0,61723.7,61731.0,72026.9
1714761000000,61731.1,61875.0,61700.0,61853.9,43852.5
1714761900000,61853.9,61900.0,61782.7,61825.5,41471.1
1714762800000,61825.6,61825.6,61601.4,61644.0,96575.5
1714763700000,61643.9,61756.4,61586.3,61750.0,82179.0
1714764600000,61749.9,61900.0,61704.3,61820.1,72524.9
1714765500000,61820.0,62106.8,61802.8,62068.7,121259.3
1714766400000,62068.8,62199.0,61968.4,62163.2,147966.2
1714767300000,62163.2,62880.0,62163.2,62756.0,673161.1
1714768200000,62756.0,62968.2,62702.0,62945.1,222019.6
1714769100000,62945.1,63215.5,62751.4,62916.4,370442.9
1714770000000,62916.4,62961.5,62720.0,62780.0,89199.0
1714770900000,62780.1,62784.1,62510.6,62529.9,120398.4
1714771800000,62530.0,62649.0,62378.6,62558.1,96987.7
1714772700000,62558.1,62835.7,62441.5,62743.9,78758.0
1714773600000,62743.9,62872.2,62638.3,62735.5,113806.8
1714774500000,62735.4,62984.1,62694.1,62944.1,84474.9
1714775400000,62944.1,63008.4,62871.9,62874.9,111784.1
1714776300000,62874.8,62980.4,62760.8,62773.9,119192.6
1714777200000,62774.0,62953.5,62762.3,62951.2,47563.0
1714778100000,62951.1,63141.5,62920.8,63104.8,128114.6
1714779000000,63104.8,63347.8,62904.3,62965.3,210406.5
1714779900000,62965.4,63000.0,62789.5,62862.9,137909.0
1714780800000,62863.0,62915.4,62793.1,62910.0,102428.2
1714781700000,62909.9,62944.4,62764.2,62793.6,58353.7
1714782600000,62793.6,63018.4,62793.6,62949.3,92796.4
1714783500000,62950.1,63181.2,62942.1,63076.0,107393.5
1714784400000,63076.0,63076.0,62839.6,62847.9,100360.5
1714785300000,62847.9,63640.8,62820.1,63576.7,305760.9
1714786200000,63577.2,63588.1,62974.2,62987.7,252065.6
1714787100000,62987.7,63000.0,62831.8,62856.0,82136.3
1714788000000,62855.9,62914.3,62510.9,62687.1,174072.4
1714788900000,62687.1,62866.7,62683.7,62722.9,100420.1
1714789800000,62722.9,62775.9,62550.0,62671.9,108227.6
1714790700000,62671.8,62748.9,62633.5,62700.4,59031.4
1714791600000,62700.4,62800.0,62663.4,62721.0,73322.0
1714792500000,62720.9,62887.5,62714.5,62826.0,60943.1
1714793400000,62826.0,62829.1,62653.9,62719.8,58048.8
1714794300000,62719.8,62744.0,62660.0,62721.4,35367.5
1714795200000,62721.4,62874.2,62667.4,62746.5,87587.9
1714796100000,62746.2,62795.6,62689.4,62723.1,48258.4
1714797000000,62723.1,62866.3,62697.2,62848.5,53063.3
1714797900000,62848.4,63188.0,62823.2,63055.6,241089.4
1714798800000,63055.7,63220.0,62937.7,63156.4,117214.8
1714799700000,63156.4,63188.4,62979.3,63051.4,67541.5
1714800600000,63050.4,63277.4,63048.0,63253.9,77821.6
1714801500000,63253.9,63456.0,63116.8,63386.1,145776.3
1714802400000,63386.1,63395.1,63088.0,63122.0,118576.2
1714803300000,63122.1,63236.4,63083.0,63187.9,58465.5
1714804200000,63188.0,63202.0,62965.0,63022.1,96075.2
1714805100000,63022.0,63077.4,62891.0,62961.6,65263.1
1714806000000,62961.5,63012.1,62865.4,62891.5,72270.5
1714806900000,62891.5,63046.4,62876.0,63030.1,57599.5
1714807800000,63030.0,63127.2,62980.7,63052.8,76169.7
1714808700000,63052.7,63059.6,62926.3,62951.1,39583.0
1714809600000,62950.1,63050.5,62930.0,63032.1,49757.6
1714810500000,63032.2,63120.5,62919.6,62976.1,61342.1
1714811400000,62976.1,63163.9,62976.1,63135.2,50209.5
1714812300000,63135.2,63228.6,63090.4,63160.0,64778.8
1714813200000,63159.9,63268.1,63131.4,63247.9,86846.0
1714814100000,63247.9,63300.0,63168.9,63238.5,73864.7
1714815000000,63238.5,63243.6,63036.6,63036.7,59643.3
1714815900000,63036.6,63178.0,63035.3,63177.9,35413.5
1714816800000,63177.8,63222.7,63100.0,63176.3,34327.9
1714817700000,63176.2,63390.0,63127.3,63335.9,103169.3
1714818600000,63336.0,63881.0,63336.0,63814.0,466278.1
1714819500000,63814.0,64500.0,63680.0,64417.9,946573.9
1714820400000,64421.8,64539.1,64181.0,64182.9,425511.9
1714821300000,64183.4,64370.0,64101.0,64283.2,177719.3
1714822200000,64283.2,64329.9,64052.0,64128.1,174479.6
1714823100000,64128.1,64183.3,63660.4,63879.9,281542.3
1714824000000,63879.9,64045.4,63766.1,63897.4,211161.3
1714824900000,63897.4,63990.0,63836.0,63950.1,51960.1
1714825800000,63950.1,63950.1,63795.0,63936.1,46239.0
1714826700000,63936.1,64131.4,63827.6,64071.3,89523.3
1714827600000,64071.3,64171.9,63899.5,63914.5,137373.6
1714828500000,63914.5,63915.9,63720.6,63750.6,93765.6
1714829400000,63750.7,63758.0,63451.3,63574.8,308554.7
1714830300000,63574.9,63778.2,63540.1,63728.1,100202.2
1714831200000,63728.0,63758.9,63621.4,63624.6,46742.1
1714832100000,63624.6,63750.0,63540.0,63720.7,50913.4
1714833000000,63720.7,63800.0,63700.0,63741.0,66843.7
1714833900000,63741.0,63964.3,63688.1,63817.7,145798.6
1714834800000,63817.8,63844.2,63601.4,63620.2,73237.9
1714835700000,63620.1,63682.4,63563.3,63603.6,60756.7
1714836600000,63603.5,63642.0,63456.0,63570.1,79139.1
1714837500000,63570.0,63642.5,63506.5,63615.0,41295.2
1714838400000,63615.1,63659.6,63390.1,63507.1,124022.0
1714839300000,63507.1,63626.9,63460.0,63541.4,65620.1
1714840200000,63541.3,63741.9,63450.0,63651.5,99249.2
1714841100000,63651.5,63722.8,63610.0,63686.3,42101.2
1714842000000,63686.3,63765.0,63492.4,63661.9,60774.7
1714842900000,63662.0,63662.0,63322.5,63483.3,105438.9
1714843800000,63483.3,63586.7,63445.4,63523.7,42483.2
1714844700000,63526.0,63576.0,63350.0,63465.8,57126.9
1714845600000,63465.9,63496.2,63400.6,63492.8,39751.6
1714846500000,63492.8,63598.0,63452.9,63574.1,38544.6
1714847400000,63574.1,63760.0,63574.1,63757.9,68468.5
1714848300000,63758.0,63758.0,63634.0,63656.9,24739.6
1714849200000,63656.9,63699.6,63590.1,63590.1,26768.5
1714850100000,63590.1,63683.9,63547.2,63635.4,25222.1
1714851000000,63635.3,63699.5,63611.6,63699.5,11242.9
1714851900000,63699.5,64029.7,63686.0,63913.0,152766.7
1714852800000,63913.0,64222.0,63913.0,64117.3,98662.7
1714853700000,64117.4,64134.4,64007.5,64048.3,44593.8
1714854600000,64049.6,64049.6,63846.3,63920.0,52393.7
1714855500000,63919.9,63968.8,63856.4,63878.0,19297.6
1714856400000,63878.2,64030.2,63843.7,63990.0,36205.2
1714857300000,63990.0,64129.6,63970.7,64019.9,22618.4
1714858200000,64019.9,64043.6,63523.0,63698.5,114149.8
1714859100000,63698.4,63993.2,63698.4,63906.4,69677.6
1714860000000,63906.9,63949.9,63683.8,63738.2,47673.5
1714860900000,63738.3,63773.2,63664.4,63730.8,18893.6
1714861800000,63730.9,63815.2,63680.1,63716.8,21347.7
1714862700000,63717.1,63730.0,63585.1,63622.8,32427.5
1714863600000,63622.7,63817.4,63615.3,63810.0,26894.3
1714864500000,63809.9,63934.4,63799.0,63912.9,44709.1
1714865400000,63913.5,63936.5,63852.4,63857.9,25665.1
1714866300000,63857.9,63900.0,63790.8,63896.1,21636.5
1714867200000,63896.0,64094.4,63890.0,64035.1,108835.3
1714868100000,64035.0,64211.2,63920.0,63920.1,160437.2
1714869000000,63920.2,63940.0,63432.1,63462.0,329991.0
1714869900000,63462.0,63546.7,63418.2,63514.9,73635.4
1714870800000,63514.9,63593.6,63289.1,63353.4,169391.9
1714871700000,63353.4,63399.2,63107.5,63261.9,258608.8
1714872600000,63261.9,63330.0,62863.6,63049.0,328400.1
1714873500000,63048.9,63335.3,63001.2,63306.0,115173.5
1714874400000,63306.1,63397.9,63208.0,63318.7,78803.2
1714875300000,63318.8,63412.0,63271.3,63350.4,47601.6
1714876200000,63350.4,63438.4,63282.0,63301.9,55039.8
1714877100000,63302.0,63365.0,63125.3,63141.9,62739.7
1714878000000,63141.9,63276.0,63128.2,63219.4,49824.1
1714878900000,63219.4,63261.5,63045.0,63074.1,58110.7
1714879800000,63074.0,63169.2,63006.7,63114.1,70426.9
1714880700000,63114.1,63250.0,63114.1,63244.1,39612.6
1714881600000,63244.1,63364.0,63235.8,63291.5,58965.3
1714882500000,63291.5,63420.0,63291.0,63400.5,55689.2
1714883400000,63400.6,63431.6,63310.0,63348.6,29820.1
1714884300000,63348.5,63371.3,63277.8,63344.8,31416.8
1714885200000,63340.0,63495.9,63333.6,63454.2,60661.1
1714886100000,63454.2,63454.2,63280.0,63353.8,40636.2
1714887000000,63353.8,63378.6,63229.6,63305.3,47369.2
1714887900000,63305.3,63332.2,63120.0,63221.6,57324.5
1714888800000,63221.5,63340.0,63168.0,63339.9,35322.0
1714889700000,63340.0,63454.2,63339.9,63376.8,48058.9
1714890600000,63376.8,63473.2,63355.0,63447.0,29026.2
1714891500000,63447.0,63447.0,63362.6,63391.1,30702.6
1714892400000,63391.0,63555.0,63367.5,63495.9,102721.8
1714893300000,63497.1,63739.3,63497.1,63660.4,200846.9
1714894200000,63660.3,63944.4,63650.0,63930.1,251034.1
1714895100000,63930.0,63972.7,63750.0,63750.0,96773.2
1714896000000,63750.1,63780.0,63666.0,63688.2,55220.5
1714896900000,63687.1,63900.0,63673.9,63819.1,100228.5
1714897800000,63819.1,63865.6,63550.0,63807.4,136008.2
1714898700000,63807.4,63940.0,63663.0,63676.0,117445.1
1714899600000,63675.9,63721.2,63541.6,63621.9,84302.4
1714900500000,63623.1,63730.7,63606.3,63690.7,37548.5
1714901400000,63690.7,63715.0,63626.0,63669.8,34376.9
1714902300000,63669.8,63754.5,63590.2,63670.7,25822.2
1714903200000,63670.6,63846.0,63636.0,63769.3,57811.4
1714904100000,63769.3,63770.0,63634.9,63646.1,27505.1
1714905000000,63648.0,63685.0,63602.2,63657.9,24354.1
1714905900000,63657.8,63735.9,63550.7,63695.9,56604.6
1714906800000,63695.9,63756.3,63608.0,63711.6,31189.9
1714907700000,63711.5,63926.7,63678.1,63836.0,89994.9
1714908600000,63835.9,63913.2,63773.6,63902.1,60031.4
1714909500000,63902.1,63939.3,63767.9,63863.3,62970.8
1714910400000,63863.3,63888.0,63738.2,63745.2,60684.9
1714911300000,63745.1,63787.5,63666.4,63735.9,44113.5
1714912200000,63736.0,63770.0,63634.0,63754.1,27801.6
1714913100000,63754.1,63754.2,63674.6,63730.9,27526.8
1714914000000,63730.9,63784.2,63617.7,63784.1,43769.8
1714914900000,63784.1,64298.8,63784.0,64000.0,410198.3
1714915800000,64000.0,64195.0,63737.5,64190.7,215952.2
1714916700000,64190.6,64193.3,64047.3,64119.9,100880.9
1714917600000,64119.8,64132.4,63812.0,63859.5,119850.8
1714918500000,63859.5,63936.0,63840.4,63869.9,57764.4
1714919400000,63869.9,64056.2,63742.0,64017.8,116223.4
1714920300000,64017.8,64147.8,63953.1,64098.2,76807.8
1714921200000,64098.3,64177.3,63985.8,64129.9,69145.3
1714922100000,64129.9,64478.7,64061.0,64349.2,247369.5
1714923000000,64349.2,64475.1,64099.8,64390.4,197617.4
1714923900000,64390.5,64666.0,64302.0,64421.8,297514.3
1714924800000,64421.8,64524.4,64230.0,64524.4,178921.3
1714925700000,64524.9,64543.5,64238.1,64251.3,120830.2
1714926600000,64251.3,64369.3,64186.7,64311.5,61755.8
1714927500000,64311.5,64347.8,64217.1,64320.0,51059.9
1714928400000,64320.0,64330.9,64191.3,64243.7,39633.2
1714929300000,64243.8,64480.3,64243.7,64368.0,65534.9
1714930200000,64368.0,64450.0,64251.2,64285.2,63489.4
1714931100000,64285.1,64306.8,64150.0,64215.9,51977.2
1714932000000,64216.7,64246.0,64007.6,64049.4,118304.7
1714932900000,64049.4,64145.4,63980.7,63994.1,84137.7
1714933800000,63994.1,64032.7,63810.1,63963.6,89612.1
1714934700000,63963.6,64030.2,63900.0,63939.7,37484.2
1714935600000,63939.6,63996.3,63867.3,63962.5,32424.9
1714936500000,63962.6,64011.5,63939.1,63951.5,26103.2
1714937400000,63951.5,63977.4,63857.9,63862.0,40722.8
1714938300000,63862.0,63919.8,63836.2,63875.5,30598.6
1714939200000,63875.5,63875.6,63761.1,63844.1,42797.7
1714940100000,63844.1,63850.9,63629.9,63652.4,91918.4
1714941000000,63652.5,63724.2,63568.0,63690.0,84898.6
1714941900000,63690.0,63767.5,63675.8,63734.7,19833.1
1714942800000,63734.7,63736.6,63585.7,63670.0,27865.5
1714943700000,63670.0,63838.5,63649.1,63749.1,46613.2
1714944600000,63749.1,63759.2,63716.6,63730.0,11762.3
1714945500000,63730.0,63864.6,63674.3,63864.6,27466.4
1714946400000,63864.6,63875.0,63733.4,63750.0,39403.7
1714947300000,63750.0,63790.9,63723.7,63731.6,19513.4
1714948200000,63731.7,63821.2,63700.0,63802.9,35397.9
1714949100000,63802.9,63896.1,63764.8,63860.1,33369.6
1714950000000,63860.1,63982.5,63815.9,63951.6,60547.0
1714950900000,63951.6,64244.4,63936.9,64187.6,104858.3
1714951800000,64184.8,64214.9,64030.1,64040.0,56774.3
1714952700000,64040.0,64079.9,63965.3,64010.0,46512.5
1714953600000,64010.1,64131.6,64005.6,64090.0,52003.1
1714954500000,64089.9,64367.9,64056.4,64176.7,101771.9
1714955400000,64176.7,64261.9,64160.0,64214.4,30496.8
1714956300000,64214.4,64236.5,64094.1,64223.2,62801.3
1714957200000,64223.2,64422.3,64223.2,64339.7,148425.2
1714958100000,64339.7,64488.0,64270.0,64318.0,138480.1
1714959000000,64318.0,64324.4,64063.8,64195.0,121114.7
1714959900000,64195.0,64196.5,64111.7,64152.3,27307.7
1714960800000,64152.3,64238.0,64038.3,64203.1,78536.8
1714961700000,64203.2,64234.0,64111.0,64164.7,29126.0
1714962600000,64164.7,64164.7,64064.3,64105.2,31631.1
1714963500000,64105.3,64112.6,63821.2,63821.2,146387.5
1714964400000,63821.1,63939.2,63688.0,63706.0,116475.7
1714965300000,63706.0,63886.3,63706.0,63876.0,59371.7
1714966200000,63876.0,63936.5,63839.0,63839.0,35793.6
1714967100000,63838.1,63899.7,63782.3,63868.2,48364.5
1714968000000,63870.0,63873.0,63762.7,63835.1,42200.8
1714968900000,63838.9,64026.0,63819.6,63904.4,100246.8
1714969800000,63904.4,64018.9,63851.1,64011.1,50992.5
1714970700000,64011.2,64186.8,63969.8,64162.0,113860.6
1714971600000,64162.0,64186.6,64036.3,64051.9,49937.3
1714972500000,64051.9,64338.8,64043.0,64276.5,127616.5
1714973400000,64276.5,64276.5,64123.5,64178.2,62276.0
1714974300000,64178.3,64255.8,64123.0,64190.1,48962.3
1714975200000,64190.1,64413.2,64144.0,64394.9,102785.2
1714976100000,64394.9,64478.0,64310.4,64347.7,143719.2
1714977000000,64347.7,64375.1,64251.4,64262.5,63185.6
1714977900000,64262.4,64284.6,64206.8,64233.3,44211.3
1714978800000,64233.3,64357.5,64146.3,64203.6,67687.7
1714979700000,64203.7,64354.0,64155.2,64353.9,52899.2
1714980600000,64353.9,64530.0,64283.7,64420.0,161202.2
1714981500000,64420.3,64586.7,64340.1,64543.8,104246.4
1714982400000,64543.8,64629.1,64484.1,64508.9,164901.5
1714983300000,64508.9,65534.8,64460.1,65398.1,954421.1
1714984200000,65398.0,65493.7,65252.8,65443.6,356732.8
1714985100000,65443.6,65534.9,65087.9,65156.0,329928.5
1714986000000,65156.1,65321.0,65151.0,65317.9,166276.3
1714986900000,65317.9,65365.2,65154.8,65234.0,147370.1
1714987800000,65234.0,65275.7,65112.0,65112.0,64359.3
1714988700000,65112.0,65200.0,65112.0,65169.7,86677.5
1714989600000,65170.7,65272.0,65113.0,65177.1,88178.1
1714990500000,65177.0,65210.1,64760.0,64816.3,260139.2
1714991400000,64816.4,64855.0,64000.0,64140.7,834458.8
1714992300000,64140.8,64244.1,63788.0,64018.0,563567.7
1714993200000,64018.0,64354.7,64005.1,64348.8,304111.5
1714994100000,64348.9,64356.0,64089.8,64204.8,140836.9
1714995000000,64204.8,64300.0,64000.0,64076.2,126888.4
1714995900000,64076.3,64240.0,64056.1,64199.9,77482.2
1714996800000,64199.9,64318.0,64101.1,64161.8,91791.2
1714997700000,64161.8,64161.9,63740.0,63820.0,211751.9
1714998600000,63820.0,64110.0,63630.6,63777.8,486768.4
1714999500000,63777.8,63777.9,63335.7,63604.9,470745.1
1715000400000,63605.0,63683.1,63475.1,63657.7,172374.4
1715001300000,63657.8,63688.0,63444.0,63556.8,179261.1
1715002200000,63556.9,63995.0,63504.8,63893.9,279714.8
1715003100000,63894.0,63960.0,63752.9,63876.7,150651.9
1715004000000,63876.7,64138.5,63852.2,64071.2,237701.4
1715004900000,64071.2,64223.5,63940.1,63961.3,222639.5
1715005800000,63961.3,63994.6,63650.0,63734.0,202707.7
1715006700000,63733.9,63791.9,63189.0,63266.1,420365.5
1715007600000,63266.0,63300.0,62914.6,63188.2,578768.9
1715008500000,63188.1,63417.6,63152.7,63405.1,229580.9
1715009400000,63405.1,63635.1,63323.7,63632.2,214861.1
1715010300000,63632.2,63777.8,63528.6,63641.2,214564.9
1715011200000,63641.3,63758.0,63509.4,63698.1,169459.9
1715012100000,63698.0,63698.1,63389.3,63562.4,138128.0
1715013000000,63563.2,63608.9,63352.9,63371.5,135512.6
1715013900000,63371.4,63488.0,63100.0,63194.1,147314.4
1715014800000,63194.1,63517.6,63180.0,63462.0,106095.8
1715015700000,63462.1,63522.0,63305.1,63321.9,73413.6
1715016600000,63321.9,63363.9,62926.0,63000.0,244595.2
1715017500000,63000.0,63248.0,62990.0,63177.8,107720.1
1715018400000,63177.8,63258.6,63108.5,63189.8,62110.0
1715019300000,63189.7,63330.7,63142.0,63201.5,64652.0
1715020200000,63201.6,63484.8,62969.9,63342.0,233086.5
1715021100000,63342.1,63552.0,63317.2,63399.3,75784.0
1715022000000,63396.0,63408.0,63017.0,63026.0,94762.2
1715022900000,63026.1,63135.8,62685.0,63015.4,285698.3
1715023800000,63012.8,63125.0,62838.5,63057.4,104728.3
1715024700000,63057.4,63252.5,63052.1,63230.3,88536.3
1715025600000,63231.8,63239.9,63057.7,63081.4,89066.7
1715026500000,63081.4,63400.0,63081.4,63359.0,88180.7
1715027400000,63359.0,63421.5,63307.9,63360.7,38674.2
1715028300000,63360.7,63374.4,63305.9,63309.1,34060.1
1715029200000,63309.1,63549.9,63309.1,63510.1,62936.7
1715030100000,63510.0,63636.2,63458.3,63553.9,52384.1
1715031000000,63553.9,63553.9,63392.9,63408.6,29146.1
1715031900000,63408.5,63599.9,63408.5,63541.2,36768.3
1715032800000,63541.1,63570.5,63464.5,63470.6,24983.4
1715033700000,63470.5,63567.9,63404.0,63566.8,31301.6
1715034600000,63566.8,63566.8,63436.1,63464.4,24583.2
1715035500000,63464.1,63507.0,63438.6,63493.3,17895.0
1715036400000,63493.3,63495.6,63250.0,63312.2,77668.7
1715037300000,63312.1,63398.1,63236.0,63356.9,43424.9
1715038200000,63357.0,63359.4,63153.0,63157.1,84194.1
1715039100000,63157.2,63254.4,63129.0,63167.2,41317.2
1715040000000,63167.1,63322.5,63081.7,63133.8,83367.5
1715040900000,63133.9,63314.4,62954.9,63283.2,110747.8
1715041800000,63283.2,63594.3,63250.0,63555.7,119533.9
1715042700000,63555.6,63691.0,63444.6,63546.0,112397.6
1715043600000,63546.0,63726.0,63475.0,63696.7,72761.1
1715044500000,63696.7,63869.8,63577.0,63577.0,118998.0
1715045400000,63577.1,63976.7,63557.7,63796.0,145559.3
1715046300000,63796.0,63994.6,63782.2,63900.0,166289.9
1715047200000,63900.1,63965.2,63742.0,63816.1,63956.1
1715048100000,63816.1,63844.6,63710.0,63838.3,42955.3
1715049000000,63838.2,63854.5,63676.4,63695.8,42251.7
1715049900000,63695.8,63767.6,63627.7,63718.2,49847.2
1715050800000,63718.2,63747.8,63616.0,63630.0,34447.6
1715051700000,63629.9,63708.7,62865.0,62962.1,446981.7
1715052600000,62962.0,63313.1,62833.3,63239.2,296094.5
1715053500000,63239.1,63326.2,63126.3,63228.7,85189.7
1715054400000,63228.6,63346.0,63080.0,63198.5,80611.6
1715055300000,63198.8,63418.9,63150.8,63379.3,74192.7
1715056200000,63379.9,63449.7,63294.4,63414.6,44822.5
1715057100000,63414.5,63456.7,63352.4,63450.1,36567.1
1715058000000,63450.1,63494.2,63339.3,63379.2,40280.0
1715058900000,63379.2,63447.6,63321.3,63354.9,48391.5
1715059800000,63354.9,63749.2,63230.6,63604.0,246685.1
1715060700000,63604.1,63734.1,63475.6,63562.5,114290.8
1715061600000,63560.4,63725.0,63379.5,63507.5,102848.4
1715062500000,63507.4,63608.0,63478.6,63505.3,65046.7
1715063400000,63505.4,63660.0,63392.0,63660.0,115882.8
1715064300000,63659.9,63700.0,63602.2,63622.6,70752.4
1715065200000,63622.6,63725.4,63543.7,63670.1,65998.1
1715066100000,63670.0,63848.0,63621.5,63809.3,119781.6
1715067000000,63809.3,63830.8,63720.9,63782.7,60084.3
1715067900000,63782.7,63793.3,63645.0,63673.1,68382.2
1715068800000,63673.1,63828.5,63586.3,63828.5,70539.6
1715069700000,63828.5,64340.0,63821.6,64256.0,445854.4
1715070600000,64255.9,64418.8,64106.3,64137.3,242544.5
1715071500000,64137.4,64323.6,64137.3,64235.5,194842.0
1715072400000,64235.5,64299.0,64192.6,64259.9,76329.9
1715073300000,64259.9,64372.0,64244.3,64288.0,87334.7
1715074200000,64288.0,64297.0,64153.2,64199.9,78072.0
1715075100000,64199.9,64266.1,64068.0,64123.9,81264.2
1715076000000,64124.0,64182.0,63828.0,63898.2,155275.1
1715076900000,63898.2,64025.3,63744.0,63840.9,188626.2
1715077800000,63841.7,64050.0,63841.7,64015.8,93973.4
1715078700000,64015.8,64166.6,63968.0,64099.0,87687.3
1715079600000,64099.1,64128.8,63900.0,64072.5,95251.2
1715080500000,64072.5,64125.0,63988.5,64031.6,53155.1
1715081400000,64031.7,64044.4,63488.0,63623.9,303659.7
1715082300000,63623.8,63623.9,63350.0,63497.1,250286.8
1715083200000,63497.2,63676.4,63480.2,63662.1,100782.0
1715084100000,63662.1,63694.0,63458.8,63550.1,96104.8
1715085000000,63550.0,63640.0,63527.8,63602.6,43704.0
1715085900000,63602.6,63781.6,63584.0,63671.4,83670.6
1715086800000,63671.4,63676.2,63560.1,63668.7,50471.5
1715087700000,63668.7,63726.4,63452.1,63540.0,64700.3
1715088600000,63540.0,63694.0,63460.0,63498.2,76838.2
1715089500000,63498.2,63563.1,63104.9,63215.0,341004.7
1715090400000,63215.0,63482.8,63130.2,63349.2,158634.4
1715091300000,63349.2,63447.7,63257.1,63281.5,94381.9
1715092200000,63281.4,63523.4,63048.0,63458.6,192072.5
1715093100000,63458.6,64091.2,63414.0,64038.2,425455.5
1715094000000,64038.1,64331.0,63783.9,63887.5,592032.7
1715094900000,63887.5,63997.1,63726.1,63882.2,174248.9
1715095800000,63882.0,63912.7,63524.6,63740.0,270507.2
1715096700000,63740.1,63838.1,63700.7,63734.3,64620.3
1715097600000,63734.2,63893.6,63715.1,63760.0,87057.1
1715098500000,63761.5,63769.9,63639.9,63641.9,62364.6
1715099400000,63642.0,63650.0,63357.6,63529.5,263870.1
1715100300000,63529.5,63627.3,63468.5,63627.3,66797.4
1715101200000,63627.3,63648.6,63320.6,63487.0,103287.7
1715102100000,63486.9,63515.4,63370.0,63374.6,34322.3
1715103000000,63374.7,63531.2,63337.1,63489.9,91302.8
1715103900000,63489.8,63496.0,63304.1,63386.2,48886.8
1715104800000,63386.1,63397.2,63231.0,63239.9,81353.9
1715105700000,63239.9,63281.1,63112.4,63138.0,95943.9
1715106600000,63138.0,63195.4,62805.0,62986.0,337198.7
1715107500000,62986.0,63207.9,62930.2,63173.5,152206.7
1715108400000,63173.6,63280.0,63144.2,63168.1,86591.2
1715109300000,63168.1,63177.7,63051.0,63123.4,53524.4
1715110200000,63123.4,63175.0,63096.8,63123.0,42924.8
1715111100000,63123.1,63161.1,62966.0,63057.7,55767.8
1715112000000,63057.3,63187.0,62993.6,63132.1,46352.5
1715112900000,63132.0,63190.0,63025.1,63029.1,42371.4
1715113800000,63029.1,63098.6,62940.0,63061.6,34032.9
1715114700000,63061.5,63135.5,62881.3,62984.1,56316.1
1715115600000,62984.1,63080.2,62955.6,63051.0,26086.1
1715116500000,63051.0,63163.0,63050.9,63136.0,24037.0
1715117400000,63136.0,63136.0,62925.5,63030.1,35010.7
1715118300000,63030.1,63125.0,62834.2,63074.8,64594.5
1715119200000,63074.9,63098.0,62800.0,62825.6,98220.4
1715120100000,62826.0,63028.5,62725.4,63005.4,114249.8
1715121000000,63005.3,63127.3,62986.0,63019.4,46360.7
1715121900000,63019.4,63039.0,62844.0,62856.4,61175.9
1715122800000,62856.5,62891.5,62254.6,62438.9,476800.1
1715123700000,62439.0,62456.7,62265.0,62345.5,130668.0
1715124600000,62345.6,62523.0,62306.1,62480.6,75590.0
1715125500000,62480.6,62524.8,62274.0,62330.6,91225.1
1715126400000,62330.5,62505.1,62283.7,62473.0,98279.0
1715127300000,62473.1,62599.2,62391.7,62445.5,60074.7
1715128200000,62443.1,62714.0,62100.5,62609.0,307565.2
1715129100000,62608.9,62661.2,62520.0,62593.7,75119.4
1715130000000,62593.8,62695.8,62517.5,62614.8,80810.3
1715130900000,62614.8,62727.9,62482.5,62561.4,48646.1
1715131800000,62561.3,62650.0,62422.0,62577.8,74533.4
1715132700000,62577.9,62620.0,62506.4,62524.1,28381.9
1715133600000,62524.2,62766.1,62524.1,62721.3,79943.4
1715134500000,62721.3,62823.7,62648.6,62741.1,61981.8
1715135400000,62741.2,62840.9,62713.4,62804.2,46151.5
1715136300000,62804.2,62857.1,62755.7,62755.7,60037.7
1715137200000,62756.0,62829.1,62725.0,62752.5,38010.6
1715138100000,62752.5,62791.8,62587.2,62720.0,50518.9
1715139000000,62720.0,62985.0,62717.0,62937.5,139686.7
1715139900000,62937.6,62979.9,62870.7,62907.4,108842.7
1715140800000,62907.3,62960.0,62868.1,62914.8,45854.8
1715141700000,62914.9,63040.9,62800.0,62811.0,118025.6
1715142600000,62811.0,62811.0,62354.0,62550.0,239247.3
1715143500000,62550.0,62660.5,62500.0,62537.6,80258.0
1715144400000,62537.6,62560.7,62368.0,62507.2,76759.2
1715145300000,62507.1,62675.9,62470.1,62649.7,55035.6
1715146200000,62649.7,62762.8,62619.6,62700.8,52772.8
1715147100000,62700.7,62700.8,62568.5,62615.0,43133.7
1715148000000,62615.0,62720.0,62517.5,62542.8,44428.7
1715148900000,62542.8,62542.8,62131.2,62186.1,313565.9
1715149800000,62187.3,62532.4,62145.7,62437.5,250473.0
1715150700000,62438.8,62555.7,62400.0,62498.0,57752.0
1715151600000,62498.1,62616.0,62300.6,62350.8,96421.3
1715152500000,62350.9,62401.9,62170.0,62183.3,112140.3
1715153400000,62183.3,62317.8,62158.0,62317.8,77166.7
1715154300000,62317.8,62370.1,62062.7,62210.0,173045.5
1715155200000,62209.9,62322.0,62033.2,62210.6,181637.5
1715156100000,62210.6,62400.0,62204.0,62296.5,106501.4
1715157000000,62296.5,62442.2,62235.0,62238.3,92481.3
1715157900000,62238.2,62424.0,62094.0,62382.8,105171.4
1715158800000,62382.9,62429.3,62260.5,62284.8,61150.6
1715159700000,62285.0,62320.0,62107.9,62219.9,106457.6
1715160600000,62220.1,62262.1,62080.0,62102.1,89214.4
1715161500000,62102.1,62337.4,62102.1,62308.1,72616.6
1715162400000,62308.2,62364.8,62259.5,62339.8,57090.8
1715163300000,62339.9,62527.3,62339.8,62491.4,132734.7
1715164200000,62491.4,62531.5,62370.0,62381.5,59457.6
1715165100000,62381.5,62493.5,62381.5,62442.2,51249.4
1715166000000,62442.2,62514.6,62180.0,62240.3,118426.7
1715166900000,62240.3,62314.8,62127.8,62178.0,77167.2
1715167800000,62180.0,62394.0,62146.9,62325.2,54002.8
1715168700000,62329.2,62440.2,62230.8,62251.3,53737.3
1715169600000,62251.8,62465.0,62223.2,62435.9,102818.2
1715170500000,62436.0,62436.0,62240.0,62350.4,44899.0
1715171400000,62350.5,62400.0,62127.2,62184.2,140478.0
1715172300000,62184.1,62252.0,62089.0,62247.1,93500.7
1715173200000,62247.0,62281.4,61830.4,61919.9,385785.0
1715174100000,61919.9,62209.9,61919.8,62032.9,170959.4
1715175000000,62033.0,62099.5,61790.0,61889.7,285066.2
1715175900000,61889.7,62475.0,61889.7,62458.4,327000.7
1715176800000,62458.4,62465.2,62200.0,62221.0,161846.6
1715177700000,62221.1,62693.9,62161.1,62520.1,284566.0
1715178600000,62520.0,62755.0,62412.2,62734.9,195628.0
1715179500000,62734.8,62859.3,62561.9,62569.3,166032.5
1715180400000,62568.2,62615.3,62156.0,62256.5,232914.2
1715181300000,62256.5,62267.6,61856.8,62126.0,336705.4
1715182200000,62125.7,62363.4,62030.0,62243.0,177742.5
1715183100000,62243.1,62528.0,62205.9,62281.0,159068.0
1715184000000,62281.1,62310.0,62000.0,62270.3,164076.7
1715184900000,62270.2,62338.8,62200.0,62294.6,70694.4
1715185800000,62294.6,62390.6,62185.0,62260.7,75001.0
1715186700000,62260.7,62461.7,62240.8,62453.1,48874.6
1715187600000,62453.2,62637.5,62371.0,62569.0,124922.8
1715188500000,62569.1,62585.2,62453.7,62535.5,47877.0
1715189400000,62534.1,62698.2,62455.0,62502.9,62837.7
1715190300000,62505.9,62601.3,62383.8,62600.1,87247.9
1715191200000,62600.1,62689.9,62550.8,62644.8,37425.7
1715192100000,62643.7,62768.0,62633.9,62720.6,76131.8
1715193000000,62720.6,62754.8,62500.4,62556.3,100115.2
1715193900000,62558.2,62565.0,62444.5,62516.4,41692.7
1715194800000,62516.4,62546.4,62262.9,62276.5,80241.0
1715195700000,62276.4,62338.6,61925.3,62050.0,188536.0
1715196600000,62049.7,62337.2,62018.8,62334.3,91512.2
1715197500000,62334.3,62412.2,62150.9,62178.2,78260.4
1715198400000,62178.1,62248.0,62022.0,62040.7,49359.7
1715199300000,62040.7,62124.5,61565.2,61745.0,342164.9
1715200200000,61745.0,61756.7,61542.0,61670.0,114940.4
1715201100000,61670.0,61670.0,61401.4,61568.5,151721.2
1715202000000,61568.0,61658.4,61472.5,61510.8,56343.9
1715202900000,61510.7,61766.0,61322.8,61650.9,174490.3
1715203800000,61650.8,61753.7,61526.9,61649.3,58455.3
1715204700000,61649.3,61660.5,61427.8,61500.1,51869.8
1715205600000,61500.0,61583.3,61168.4,61227.9,168620.7
1715206500000,61228.0,61394.0,61113.3,61382.1,133867.6
1715207400000,61382.2,61439.7,61242.2,61268.8,93039.5
1715208300000,61268.8,61364.1,61158.7,61266.6,50229.5
1715209200000,61266.6,61274.3,60930.5,61200.1,304330.5
1715210100000,61200.0,61200.0,60892.4,61003.3,178938.7
1715211000000,61003.9,61137.1,60963.5,61074.5,104173.2
1715211900000,61074.5,61290.7,61070.8,61200.2,83159.1
1715212800000,61200.1,61345.5,61142.2,61288.0,83816.3
1715213700000,61287.9,61396.2,61208.4,61376.8,54462.3
1715214600000,61376.8,61479.0,61327.0,61459.1,96821.9
1715215500000,61458.2,61474.9,61368.6,61405.1,36509.1
1715216400000,61405.2,61545.0,61384.7,61537.1,74453.1
1715217300000,61537.1,61537.1,61459.3,61515.9,51459.2
1715218200000,61516.0,61521.0,61412.7,61463.4,50382.7
1715219100000,61463.4,61575.0,61463.0,61561.9,33016.4
1715220000000,61562.0,61575.0,61500.0,61543.4,40974.0
1715220900000,61543.4,61605.0,61538.0,61604.9,35991.0
1715221800000,61605.0,61718.7,61533.9,61685.0,98226.2
1715222700000,61685.0,61690.1,61632.9,61670.1,51921.3
1715223600000,61670.1,61809.9,61538.0,61550.0,111404.6
1715224500000,61549.9,61574.5,61423.8,61533.7,98180.4
1715225400000,61533.7,61725.9,61533.7,61670.5,53864.6
1715226300000,61670.1,61744.5,61611.0,61673.9,30535.5
1715227200000,61673.9,61750.0,61638.0,61701.0,36916.8
1715228100000,61701.0,61750.0,61512.0,61539.9,63183.3
1715229000000,61540.0,61595.9,61432.2,61558.3,74937.4
1715229900000,61558.4,61576.8,61481.5,61502.4,22726.4
1715230800000,61502.4,61587.5,61490.5,61578.7,24994.6
1715231700000,61578.7,61720.0,61498.4,61503.2,63052.8
1715232600000,61503.2,61577.5,61457.2,61576.1,44227.3
1715233500000,61576.1,61681.9,61556.1,61570.7,27529.1
1715234400000,61570.8,61779.0,61570.8,61756.9,54762.6
1715235300000,61756.9,61757.0,61631.9,61728.2,44017.0
1715236200000,61728.2,61766.8,61604.1,61604.1,34826.3
1715237100000,61604.1,61655.9,61524.8,61611.9,37345.7
1715238000000,61611.9,61645.2,61500.1,61577.2,38512.9
1715238900000,61579.3,61593.3,61446.6,61509.0,54738.7
1715239800000,61508.9,61508.9,61311.3,61431.9,93989.0
1715240700000,61431.8,61431.8,61130.2,61257.6,187158.2
1715241600000,61257.6,61400.0,61158.0,61222.2,79379.9
1715242500000,61222.3,61415.0,61206.9,61312.9,50936.1
1715243400000,61312.9,61454.4,61312.9,61429.9,48390.6
1715244300000,61429.9,61455.0,61265.5,61317.9,54457.6
1715245200000,61318.0,61374.6,61174.0,61258.1,64678.4
1715246100000,61258.0,61258.1,60992.0,61091.5,177983.9
1715247000000,61091.4,61143.3,60919.5,61087.6,185823.4
1715247900000,61087.5,61294.0,60989.6,61293.9,148622.6
1715248800000,61294.0,61331.0,61100.0,61188.0,95472.3
1715249700000,61188.0,61188.0,60988.0,61032.3,102189.6
1715250600000,61032.3,61156.5,60990.0,61069.0,60005.2
1715251500000,61069.0,61197.0,60750.0,60816.1,209641.8
1715252400000,60816.1,60978.9,60630.6,60978.1,356715.4
1715253300000,60978.1,61050.0,60910.0,60974.5,78762.3
1715254200000,60974.5,61176.9,60930.2,61165.9,123420.8
1715255100000,61166.0,61195.5,61070.0,61070.3,78877.7
1715256000000,61070.4,61244.0,61035.9,61230.6,114450.6
1715256900000,61230.6,61306.2,61194.9,61229.6,75744.5
1715257800000,61229.7,61637.8,61229.7,61476.0,349331.5
1715258700000,61475.9,61565.7,61410.9,61515.0,95518.8
1715259600000,61515.1,61543.0,61395.0,61472.9,79205.7
1715260500000,61472.8,61482.6,61334.9,61366.1,63970.6
1715261400000,61366.2,61439.1,60923.1,61053.9,306867.4
1715262300000,61055.1,61275.3,60879.9,61199.9,200966.7
1715263200000,61200.0,61534.0,61139.0,61339.4,235706.0
1715264100000,61339.4,61357.8,61133.0,61248.8,132645.2
1715265000000,61250.0,61500.0,61249.9,61397.9,143951.4
1715265900000,61397.8,61568.0,61360.6,61533.9,92072.5
1715266800000,61533.9,62034.5,61464.1,61878.1,469558.2
1715267700000,61878.0,62300.0,61666.3,62208.3,457826.8
1715268600000,62208.3,62251.9,61933.5,62107.7,223246.6
1715269500000,62107.7,62200.0,61939.6,62155.6,116335.0
1715270400000,62155.7,62524.3,62101.4,62452.5,319509.9
1715271300000,62452.5,62680.4,62406.0,62521.0,248670.6
1715272200000,62521.0,62545.9,62283.0,62320.0,173551.4
1715273100000,62319.9,62346.5,61825.0,61867.5,334331.5
1715274000000,61867.6,62048.0,61755.9,61941.7,221547.9
1715274900000,61941.6,62018.0,61785.7,61984.2,80761.1
1715275800000,61984.3,62119.3,61939.4,62093.8,54863.8
1715276700000,62093.7,62217.0,61930.8,61942.5,101588.0
1715277600000,61942.9,62153.6,61876.5,62141.5,65952.7
1715278500000,62141.5,62199.0,62072.5,62102.0,40557.2
1715279400000,62102.0,62181.8,61990.2,62091.2,59382.1
1715280300000,62091.1,62271.5,62050.3,62267.3,45119.6
1715281200000,62267.2,62427.8,62200.0,62208.8,108063.3
1715282100000,62208.9,62321.7,62173.7,62320.0,49726.6
1715283000000,62319.9,62449.3,62287.7,62361.9,52101.2
1715283900000,62361.9,62567.0,62272.4,62442.6,154482.0
1715284800000,62442.6,62622.0,62382.4,62533.7,87203.5
1715285700000,62533.6,62533.6,62360.0,62411.9,48971.7
1715286600000,62411.8,62539.9,62336.1,62506.8,33771.8
1715287500000,62506.8,62647.5,62444.0,62609.5,45674.1
1715288400000,62609.3,62832.0,62599.8,62674.0,163673.9
1715289300000,62673.9,62674.0,62480.9,62547.5,64316.5
1715290200000,62547.6,62626.5,62432.2,62487.4,32703.8
1715291100000,62487.4,62600.0,62428.6,62528.7,18735.6
1715292000000,62528.8,62664.8,62494.0,62630.0,53755.2
1715292900000,62626.1,62772.1,62583.2,62759.1,58622.4
1715293800000,62759.0,63041.5,62659.0,62975.1,196477.2
1715294700000,62975.1,63444.0,62920.5,63279.8,374963.5
1715295600000,63279.8,63332.2,63001.3,63087.7,130020.4
1715296500000,63092.1,63094.8,62878.0,62939.2,109248.5
1715297400000,62939.2,62985.3,62834.7,62897.4,69555.1
1715298300000,62897.4,63176.4,62897.4,63065.4,138348.7
1715299200000,63065.4,63088.9,62902.1,62953.0,88657.7
1715300100000,62953.0,62953.0,62783.6,62896.6,88406.2
1715301000000,62896.6,62900.7,62775.5,62853.3,40907.4
1715301900000,62853.2,62853.2,62738.9,62844.0,45976.7
1715302800000,62844.0,62934.0,62650.0,62732.8,85798.8
1715303700000,62732.9,62840.0,62631.9,62826.9,86288.3
1715304600000,62826.9,62968.9,62730.6,62748.8,99921.4
1715305500000,62748.7,62950.0,62730.0,62882.6,74475.8
1715306400000,62882.7,62894.3,62777.0,62777.0,33676.6
1715307300000,62777.0,62908.2,62766.9,62904.9,29013.4
1715308200000,62904.8,62998.8,62870.9,62987.3,60050.6
1715309100000,62987.2,63047.3,62782.0,62897.9,79083.0
1715310000000,62897.9,62898.0,62786.0,62835.3,37610.0
1715310900000,62835.3,62926.4,62804.0,62905.2,53690.1
1715311800000,62905.3,62930.0,62823.0,62823.0,23302.6
1715312700000,62823.0,62922.9,62788.7,62910.0,28684.7
1715313600000,62910.0,62951.6,62788.3,62891.5,49407.1
1715314500000,62891.5,63000.0,62840.0,62993.9,58124.9
1715315400000,62993.9,62993.9,62821.3,62859.6,37670.5
1715316300000,62859.5,62943.2,62835.7,62928.7,27199.7
1715317200000,62928.7,62968.0,62781.3,62781.7,50870.2
1715318100000,62781.8,62821.8,62683.0,62698.0,76303.6
1715319000000,62698.0,62789.0,62658.5,62721.1,43099.1
1715319900000,62721.1,62804.6,62721.1,62769.5,40815.3
1715320800000,62770.4,62909.9,62738.4,62909.9,38138.7
1715321700000,62910.0,62943.0,62834.4,62852.0,30990.4
1715322600000,62851.9,62943.0,62775.7,62942.6,34449.2
1715323500000,62942.6,63220.0,62890.9,63153.7,172372.8
1715324400000,63153.6,63324.0,62982.2,63078.0,208173.6
1715325300000,63078.0,63388.0,63077.1,63260.2,232383.4
1715326200000,63260.3,63276.0,63120.0,63193.7,103528.0
1715327100000,63190.5,63210.9,63055.0,63069.6,61870.5
1715328000000,63069.5,63131.5,62891.8,62908.2,129700.2
1715328900000,62908.1,62990.3,62838.0,62981.9,65356.3
1715329800000,62982.0,63038.2,62918.4,62937.7,39935.8
1715330700000,62937.6,63050.0,62875.4,63049.9,50533.5
1715331600000,63050.0,63060.0,62868.0,62923.6,70528.5
1715332500000,62923.5,62968.5,62866.3,62925.4,44861.8
1715333400000,62925.4,63198.3,62920.6,63186.0,76728.9
1715334300000,63186.0,63228.0,63065.6,63139.6,48081.8
1715335200000,63139.5,63145.9,62858.2,62943.8,87491.6
1715336100000,62943.7,63077.2,62933.3,63074.4,46396.2
1715337000000,63075.4,63100.0,62977.3,63028.3,42412.5
1715337900000,63028.2,63050.0,62997.0,63031.1,16105.7
1715338800000,63031.1,63041.2,62892.6,62902.3,42570.8
1715339700000,62902.2,63045.9,62780.0,63036.8,83219.7
1715340600000,63036.7,63049.0,62992.0,63046.5,32487.3
1715341500000,63046.4,63314.2,63046.4,63291.3,138631.1
1715342400000,63293.6,63475.0,63162.0,63271.7,262179.0
1715343300000,63271.7,63307.8,63107.3,63249.9,93139.1
1715344200000,63249.9,63310.0,63139.4,63155.8,60095.8
1715345100000,63155.8,63159.0,62923.3,63006.8,174419.6
1715346000000,63006.9,63082.4,62900.0,62984.1,86416.0
1715346900000,62984.1,63000.0,62805.0,62816.7,104070.1
1715347800000,62816.8,63038.7,62816.8,62915.7,108304.6
1715348700000,62915.8,63116.0,62915.8,62999.9,64238.1
1715349600000,63000.0,63100.0,62487.0,62558.8,577368.3
1715350500000,62558.8,62628.9,62206.4,62215.9,468728.0
1715351400000,62216.0,62308.9,61720.0,61824.6,677166.0
1715352300000,61824.5,61824.5,60666.7,61059.8,1472198.5
1715353200000,61059.8,61198.8,60700.6,60888.2,707066.3
1715354100000,60888.3,61318.8,60860.1,61191.0,351430.0
1715355000000,61191.1,61271.0,60850.0,60966.7,228715.2
1715355900000,60966.7,61087.8,60745.0,60920.8,244752.1
1715356800000,60920.1,61143.7,60232.2,61060.6,866630.3
1715357700000,61060.6,61298.6,60820.0,60855.2,348225.9
1715358600000,60855.2,60936.2,60677.7,60890.0,201225.6
1715359500000,60890.1,61147.6,60786.1,61061.3,158978.8
1715360400000,61061.3,61068.1,60691.4,60733.0,188531.6
1715361300000,60733.0,60740.3,60301.0,60470.8,455272.9
1715362200000,60470.9,60639.0,60288.0,60592.5,269733.3
1715363100000,60594.0,60643.7,60161.2,60397.2,323840.1
1715364000000,60397.2,60499.2,60280.0,60388.2,116708.6
1715364900000,60388.2,60506.4,60219.1,60478.0,113284.4
1715365800000,60477.9,60663.3,60461.8,60609.0,105912.3
1715366700000,60609.1,60768.4,60535.0,60705.9,96956.3
1715367600000,60704.6,60900.0,60645.1,60734.2,124106.9
1715368500000,60734.1,60755.6,60540.5,60643.6,74465.5
1715369400000,60643.6,60732.9,60543.1,60724.0,85330.1
1715370300000,60724.0,60806.6,60581.8,60711.4,106451.7
1715371200000,60712.6,60974.2,60606.1,60852.7,141001.7
1715372100000,60852.6,60887.9,60628.7,60715.8,52278.9
1715373000000,60715.7,60747.7,60570.8,60650.4,40385.3
1715373900000,60650.1,60661.1,60464.3,60530.1,74356.7
1715374800000,60530.1,60572.1,60475.9,60497.5,30175.0
1715375700000,60497.5,60660.6,60490.1,60577.9,28455.4
1715376600000,60577.8,60780.0,60511.9,60570.0,56575.6
1715377500000,60569.9,60724.4,60554.9,60724.3,22173.9
1715378400000,60724.3,60830.0,60597.3,60819.6,85074.1
1715379300000,60819.5,60932.6,60702.1,60707.8,53870.3
1715380200000,60707.8,60813.9,60688.0,60753.1,20988.0
1715381100000,60753.2,60887.6,60745.0,60846.8,23632.9
1715382000000,60846.7,61017.7,60846.7,60949.8,50437.9
1715382900000,60949.8,60969.4,60890.3,60913.6,26767.8
1715383800000,60913.7,61013.0,60913.6,60974.6,30435.5
1715384700000,60974.6,61000.0,60780.0,60811.3,55148.8
1715385600000,60811.3,60886.0,60789.0,60859.9,44502.0
1715386500000,60860.0,60947.8,60852.2,60866.2,23196.7
1715387400000,60866.1,60901.9,60717.1,60718.4,50608.1
1715388300000,60718.5,60813.8,60655.0,60784.1,61212.9
1715389200000,60784.1,61093.5,60764.9,61064.5,116105.4
1715390100000,61062.1,61105.6,60935.7,60935.7,85553.8
1715391000000,60935.5,60935.8,60850.0,60907.5,57119.7
1715391900000,60907.5,60940.0,60855.0,60872.8,25160.8
1715392800000,60872.8,60900.0,60781.9,60782.0,29149.2
1715393700000,60782.0,60828.9,60750.0,60785.3,40258.2
1715394600000,60785.3,60979.5,60785.3,60935.2,36833.2
1715395500000,60935.2,60954.0,60784.3,60898.0,42324.2
1715396400000,60898.0,60898.6,60804.0,60838.3,17722.3
1715397300000,60838.3,60918.4,60822.0,60850.0,21262.7
1715398200000,60850.0,60896.8,60725.0,60787.2,34976.3
1715399100000,60787.2,60798.7,60707.0,60730.7,33679.1
1715400000000,60730.8,60820.7,60722.1,60781.0,31443.2
1715400900000,60781.1,60805.0,60710.5,60749.9,24427.2
1715401800000,60749.9,60830.0,60730.4,60791.8,20706.5
1715402700000,60791.8,60894.0,60768.4,60768.5,47799.0
1715403600000,60768.4,60910.9,60768.4,60874.2,22523.9
1715404500000,60874.2,60939.0,60862.3,60902.9,20434.2
1715405400000,60903.0,60945.0,60850.0,60851.2,27624.6
1715406300000,60851.2,60933.8,60851.2,60925.5,15837.5
1715407200000,60925.5,60966.6,60892.2,60920.1,31887.3
1715408100000,60920.0,61000.0,60908.2,60980.0,39185.7
1715409000000,60980.0,61084.0,60953.4,60980.0,80163.7
1715409900000,60980.1,60991.9,60900.0,60951.5,29460.1
1715410800000,60951.5,60986.7,60870.7,60897.4,48977.4
1715411700000,60897.3,60953.2,60852.0,60939.4,27037.9
1715412600000,60939.5,60994.9,60894.5,60949.9,25876.4
1715413500000,60950.0,61017.5,60908.9,61012.2,23519.7
1715414400000,61012.2,61055.0,60878.2,60910.7,57355.8
1715415300000,60910.6,60925.0,60812.1,60819.1,49916.9
1715416200000,60820.0,60878.4,60805.0,60808.0,28957.4
1715417100000,60807.9,60870.9,60760.5,60781.8,51561.2
1715418000000,60781.9,60858.3,60755.2,60816.6,45236.8
1715418900000,60816.5,60854.9,60666.7,60720.1,59006.5
1715419800000,60720.1,60800.0,60720.0,60776.2,36116.1
1715420700000,60776.0,60912.0,60768.2,60898.1,37422.1
1715421600000,60898.0,60898.0,60840.0,60858.2,23449.4
1715422500000,60858.2,60903.9,60819.0,60831.7,17078.7
1715423400000,60831.7,60831.7,60680.8,60751.8,44348.6
1715424300000,60751.8,60806.0,60718.0,60744.8,21622.0
1715425200000,60744.8,60767.4,60542.6,60542.6,144853.2
1715426100000,60542.6,60650.0,60469.8,60642.8,130167.6
1715427000000,60642.9,60792.2,60642.9,60700.3,55859.3
1715427900000,60700.0,60744.7,60666.2,60674.0,24721.8
1715428800000,60674.0,60807.5,60674.0,60778.5,44024.6
1715429700000,60778.5,60800.0,60724.8,60778.1,21093.2
1715430600000,60778.2,60815.6,60737.8,60741.3,19913.7
1715431500000,60741.3,60751.2,60622.9,60705.9,34079.7
1715432400000,60705.9,60942.2,60654.5,60868.2,105848.0
1715433300000,60868.3,60895.6,60780.5,60780.5,32664.3
1715434200000,60780.6,60900.0,60750.0,60899.9,41202.3
1715435100000,60900.0,60997.8,60862.4,60973.6,80963.5
1715436000000,60973.7,61000.0,60902.0,60939.6,58709.2
1715436900000,60939.7,60957.5,60853.3,60853.3,32489.4
1715437800000,60853.3,60880.0,60772.5,60787.4,33328.5
1715438700000,60787.4,60888.7,60787.4,60834.6,46319.8
1715439600000,60834.5,61236.0,60834.5,61160.0,213644.6
1715440500000,61160.1,61535.8,61031.1,61086.8,416227.7
1715441400000,61086.9,61206.9,60876.5,61121.7,221698.3
1715442300000,61121.6,61257.8,61070.0,61183.0,104892.2
1715443200000,61183.5,61250.0,61083.8,61250.0,57548.3
1715444100000,61250.0,61409.7,61212.1,61308.9,115757.4
1715445000000,61308.9,61328.0,61145.3,61254.5,70458.4
1715445900000,61255.9,61268.0,61093.7,61198.0,51503.2
1715446800000,61198.6,61253.1,61088.5,61130.6,45645.9
1715447700000,61130.6,61148.4,61009.2,61014.0,41525.2
1715448600000,61013.4,61165.8,61010.0,61128.2,60311.8
1715449500000,61128.2,61170.0,61070.7,61110.8,23636.1
1715450400000,61110.8,61126.1,61022.2,61087.0,27727.9
1715451300000,61087.0,61184.0,61069.1,61133.8,24104.5
1715452200000,61133.8,61248.2,61133.8,61217.3,24785.9
1715453100000,61217.3,61316.3,61193.0,61218.2,30733.9
1715454000000,61218.2,61233.9,61136.8,61146.2,19809.0
1715454900000,61146.2,61146.9,61078.6,61100.0,19051.8
1715455800000,61100.0,61148.8,61071.2,61072.0,17349.5
1715456700000,61071.9,61163.3,61057.0,61140.2,15538.4
1715457600000,61140.2,61161.7,61087.4,61096.7,15824.4
1715458500000,61096.7,61150.5,60855.1,60965.2,83939.9
1715459400000,60965.2,60965.3,60770.3,60964.4,117204.3
1715460300000,60964.4,61037.3,60927.2,61007.2,28755.5
1715461200000,61007.2,61007.2,60867.0,60903.9,29544.9
1715462100000,60903.9,60948.5,60840.0,60913.2,16106.1
1715463000000,60913.3,60940.5,60835.1,60909.1,10800.8
1715463900000,60909.0,60979.9,60909.0,60916.1,9723.5
1715464800000,60916.0,60985.0,60907.1,60938.1,23215.7
1715465700000,60938.1,60965.3,60890.8,60937.5,6766.8
1715466600000,60937.6,60995.8,60923.7,60960.0,15826.8
1715467500000,60960.0,60980.4,60899.8,60915.9,31872.3
1715468400000,60915.8,60971.0,60904.0,60953.3,17264.1
1715469300000,60953.2,60987.2,60906.5,60979.6,18828.0
1715470200000,60979.6,60979.6,60737.0,60812.9,60140.6
1715471100000,60812.9,60823.9,60754.7,60821.3,38902.4
1715472000000,60821.3,60940.6,60792.0,60940.0,48211.3
1715472900000,60940.0,61121.0,60918.0,61014.1,80075.4
1715473800000,61014.1,61066.5,60964.3,61021.3,32545.0
1715474700000,61021.2,61064.0,60958.6,60980.0,18780.7
1715475600000,60979.9,61090.4,60979.9,61017.2,26758.4
1715476500000,61017.2,61037.8,60888.4,60910.4,26321.9
1715477400000,60910.4,60940.2,60871.0,60911.1,24867.0
1715478300000,60911.0,60924.9,60850.0,60859.4,19501.4
1715479200000,60859.4,60900.0,60822.0,60870.0,29608.3
1715480100000,60870.0,60902.0,60845.7,60868.0,15653.2
1715481000000,60868.1,60936.9,60852.0,60922.2,18552.2
1715481900000,60922.2,60975.6,60896.0,60927.4,25501.6
1715482800000,60927.5,60941.9,60854.7,60863.2,22686.5
1715483700000,60863.1,60953.0,60863.1,60938.0,15478.1
1715484600000,60938.7,60939.0,60878.5,60922.8,13225.8
1715485500000,60922.8,60980.0,60887.2,60929.9,27567.7
1715486400000,60929.9,60998.0,60910.8,60995.9,18785.0
1715487300000,60995.9,61049.5,60968.8,61010.0,41232.5
1715488200000,61009.9,61065.9,60993.7,61015.1,20490.3
1715489100000,61015.1,61120.0,60993.0,61092.5,35843.7
1715490000000,61092.5,61092.6,61013.0,61014.9,20652.5
1715490900000,61014.9,61056.8,60985.7,61010.0,16412.2
1715491800000,61010.1,61020.0,60974.2,61019.2,14021.7
1715492700000,61019.1,61080.0,61000.2,61048.8,25770.0
1715493600000,61049.8,61074.1,61007.8,61041.1,12225.6
1715494500000,61041.1,61041.2,60972.7,61016.1,10361.8
1715495400000,61016.1,61032.8,60934.6,60949.8,23393.1
1715496300000,60949.8,60981.2,60936.5,60941.3,15105.7
1715497200000,60941.3,60998.3,60933.3,60950.3,12224.9
1715498100000,60950.3,60957.9,60776.1,60807.6,129574.6
1715499000000,60807.7,60807.7,60601.0,60782.1,135107.5
1715499900000,60782.1,60818.0,60680.8,60818.0,66889.5
1715500800000,60817.9,60939.3,60790.0,60846.4,80537.1
1715501700000,60846.4,60952.8,60779.0,60908.9,51068.3
1715502600000,60908.8,61103.0,60908.8,61037.0,136127.7
1715503500000,61037.0,61044.8,60984.4,61044.8,46878.6
1715504400000,61045.0,61050.0,60946.2,61000.0,53490.2
1715505300000,60999.9,61049.8,60978.5,61044.1,22128.7
1715506200000,61044.1,61067.9,60988.9,60988.9,30042.0
1715507100000,60988.9,61009.9,60963.9,60981.6,16083.9
1715508000000,60984.0,61073.9,60936.2,61057.7,38837.3
1715508900000,61057.7,61288.0,61038.6,61263.8,125193.6
1715509800000,61263.7,61363.7,61167.2,61192.7,181321.2
1715510700000,61192.7,61215.3,61094.9,61160.0,48344.7
1715511600000,61160.1,61238.0,61105.0,61178.4,34014.5
1715512500000,61178.4,61213.2,61130.1,61180.0,21527.4
1715513400000,61179.9,61213.2,61135.2,61164.9,20559.9
1715514300000,61164.9,61177.2,61103.1,61140.2,16388.6
1715515200000,61140.2,61185.1,61071.8,61100.2,28398.3
1715516100000,61100.2,61150.0,61090.8,61118.3,18612.4
1715517000000,61118.2,61168.5,61080.0,61168.5,18352.4
1715517900000,61168.5,61237.0,61134.2,61154.2,36124.4
1715518800000,61154.1,61183.7,61093.8,61094.1,23215.0
1715519700000,61094.2,61162.5,61093.4,61162.4,9616.5
1715520600000,61162.5,61200.0,61120.0,61187.9,27346.9
1715521500000,61187.8,61257.5,61140.3,61200.1,29120.4
1715522400000,61200.1,61280.0,61192.0,61263.1,42395.9
1715523300000,61263.2,61324.8,61200.2,61225.8,46691.4
1715524200000,61225.7,61255.0,61138.1,61157.1,33786.9
1715525100000,61157.1,61188.0,61111.6,61170.2,25533.8
1715526000000,61170.3,61216.0,61137.9,61198.8,24252.4
1715526900000,61198.8,61345.7,61173.1,61319.4,49325.6
1715527800000,61319.3,61577.8,61236.5,61424.9,216003.2
1715528700000,61425.0,61508.9,61314.8,61419.9,94771.5
1715529600000,61420.0,61530.0,61360.0,61483.9,80158.2
1715530500000,61483.8,61874.3,61483.8,61704.1,407344.4
1715531400000,61704.1,61790.0,61601.0,61639.1,102179.0
1715532300000,61639.2,61681.6,61332.0,61332.1,139429.5
1715533200000,61332.0,61564.6,61160.6,61500.1,244126.6
1715534100000,61500.2,61578.3,61421.1,61430.0,87540.0
1715535000000,61430.0,61511.1,61372.9,61455.5,50969.5
1715535900000,61455.6,61666.0,61455.5,61598.3,62046.4
1715536800000,61598.4,61640.0,61558.5,61579.9,27284.7
1715537700000,61580.0,61580.0,61454.5,61523.1,39166.9
1715538600000,61523.2,61529.0,61377.0,61401.1,31105.4
1715539500000,61401.0,61429.3,61340.2,61365.6,19731.6
1715540400000,61365.7,61365.7,61262.0,61312.4,45139.5
1715541300000,61312.3,61360.3,61217.0,61349.5,45826.6
1715542200000,61349.5,61456.9,61340.0,61393.3,51791.7
1715543100000,61393.3,61413.5,61354.3,61413.5,15371.6
1715544000000,61414.0,61439.5,61302.2,61359.6,31045.7
1715544900000,61359.6,61406.6,61334.8,61390.1,9550.8
1715545800000,61390.0,61414.6,61360.0,61370.3,8073.4
1715546700000,61370.3,61370.4,61281.0,61288.6,16671.0
1715547600000,61288.6,61288.6,61189.1,61258.0,49465.1
1715548500000,61258.7,61313.5,60900.0,61079.4,150305.1
1715549400000,61079.4,61230.8,61030.1,61230.8,36482.6
1715550300000,61230.7,61316.7,61190.9,61244.2,33067.0
1715551200000,61244.2,61362.4,61206.0,61332.4,45465.8
1715552100000,61332.3,61412.1,61297.2,61358.5,31920.0
1715553000000,61358.6,61422.8,61324.4,61350.4,26293.1
1715553900000,61350.4,61378.6,61310.0,61332.3,13138.2
1715554800000,61332.3,61475.1,61275.5,61467.2,39370.6
1715555700000,61467.2,61474.0,61365.2,61438.8,28095.9
1715556600000,61438.8,61482.0,61385.6,61474.8,33287.1
1715557500000,61474.9,61543.7,61454.5,61471.9,41595.5
1715558400000,61471.9,61646.3,61471.8,61573.6,61519.1
1715559300000,61573.6,61729.7,61521.7,61707.5,60800.3
1715560200000,61707.5,61817.5,61560.2,61560.2,97130.5
1715561100000,61560.2,61614.1,61474.0,61503.7,48629.5
1715562000000,61503.8,61548.8,61384.4,61434.0,54825.4
1715562900000,61432.9,61499.0,61283.0,61453.4,78247.3
1715563800000,61453.4,61453.5,61215.3,61230.7,168316.7
1715564700000,61230.7,61405.0,61164.9,61403.3,99457.4
1715565600000,61403.3,61495.0,61318.1,61328.1,74486.4
1715566500000,61328.0,61378.8,61072.0,61130.1,137951.1
1715567400000,61130.0,61299.9,60935.0,61043.2,385472.3
1715568300000,61043.2,61184.6,60955.0,61041.9,187451.6
1715569200000,61042.0,61108.6,60855.5,60859.7,166399.0
1715570100000,60859.7,60960.7,60756.0,60834.2,235491.9
1715571000000,60834.2,60968.0,60800.0,60935.8,76648.9
1715571900000,60935.9,61196.1,60890.1,61152.1,158147.2
1715572800000,61152.2,61152.2,61054.6,61093.0,72090.2
1715573700000,61093.1,61161.4,60991.0,61052.1,56932.5
1715574600000,61052.1,61079.2,60891.3,60918.4,70808.9
1715575500000,60918.4,60993.2,60905.0,60989.8,46552.8
1715576400000,60989.7,61028.7,60920.0,61011.4,89140.1
1715577300000,61011.4,61023.6,60916.3,60926.6,37700.1
1715578200000,60926.7,60995.5,60922.6,60965.4,42359.2
1715579100000,60965.3,61000.0,60800.0,60875.2,78010.0
1715580000000,60875.1,61159.5,60803.5,61150.0,129183.8
1715580900000,61150.0,61255.0,61107.2,61220.0,105915.3
1715581800000,61220.0,61518.4,61195.0,61479.7,179545.1
1715582700000,61479.6,61567.0,61390.6,61516.8,178295.5
1715583600000,61516.8,61776.8,61466.8,61539.1,326354.8
1715584500000,61539.2,61773.1,61530.1,61700.0,153434.8
1715585400000,61700.0,61747.3,61557.6,61740.7,96255.1
1715586300000,61740.8,62468.0,61666.0,62335.0,809221.0
1715587200000,62335.1,62686.9,62335.0,62664.3,496878.1
1715588100000,62664.3,62949.8,62637.0,62746.6,532274.7
1715589000000,62746.6,63092.3,62623.5,62989.3,451010.7
1715589900000,62989.3,63054.9,62765.0,62772.3,240767.0
1715590800000,62773.8,63050.2,62773.7,62976.6,185067.6
1715591700000,62976.5,63322.0,62921.4,63106.5,304777.0
1715592600000,63106.5,63192.6,62979.2,63006.1,164716.4
1715593500000,63006.2,63115.4,62974.2,63066.8,76820.8
1715594400000,63066.9,63106.1,62761.8,62787.9,206820.3
1715595300000,62787.9,62869.8,62658.0,62673.9,181435.0
1715596200000,62673.9,62728.4,62393.9,62639.4,315755.1
1715597100000,62641.8,62737.3,62572.1,62683.5,106042.5
1715598000000,62683.4,62766.8,62505.8,62569.4,111365.0
1715598900000,62569.5,62679.0,62544.3,62603.0,45078.0
1715599800000,62603.1,62776.9,62602.4,62678.0,94267.4
1715600700000,62678.0,62758.0,62646.2,62735.8,108502.0
1715601600000,62735.8,62854.2,62606.2,62632.0,129689.8
1715602500000,62631.9,62767.3,62427.0,62756.0,182956.4
1715603400000,62756.0,62801.0,62694.0,62765.2,84361.7
1715604300000,62765.2,62923.8,62714.3,62838.0,141022.3
1715605200000,62838.0,62947.2,62780.8,62892.0,112004.7
1715606100000,62892.0,63045.1,62790.1,62811.6,204959.9
1715607000000,62811.7,62841.1,62600.0,62684.8,175071.8
1715607900000,62684.5,62915.9,62633.2,62778.2,122046.5
1715608800000,62778.2,62992.6,62757.8,62978.9,167360.6
1715609700000,62978.9,63123.0,62918.6,63042.3,177380.6
1715610600000,63042.3,63042.3,62805.3,62805.5,99934.3
1715611500000,62805.5,62884.2,62733.0,62760.0,80618.5
1715612400000,62760.1,62996.0,62721.0,62914.4,98432.5
1715613300000,62914.3,63050.0,62894.0,62988.0,63181.7
1715614200000,62989.7,63050.0,62900.0,63033.5,78524.8
1715615100000,63033.5,63243.6,62972.7,63018.7,204569.3
1715616000000,63018.7,63102.5,62934.9,62981.2,79471.2
1715616900000,62981.2,63470.0,62926.7,63220.1,448383.3
1715617800000,63220.1,63450.0,63087.5,63104.1,222399.6
1715618700000,63104.0,63228.0,63050.0,63173.5,68508.2
1715619600000,63173.4,63190.0,62660.2,62853.3,270260.1
1715620500000,62853.2,62935.3,62642.6,62682.2,129178.6
1715621400000,62682.1,62888.0,62606.1,62683.1,224486.7
1715622300000,62683.2,62850.0,62683.2,62800.8,82299.9
1715623200000,62800.8,62826.9,62650.0,62682.2,80681.5
1715624100000,62682.3,62778.7,62564.1,62672.1,91712.0
1715625000000,62672.1,62813.6,62653.0,62716.2,41491.7
1715625900000,62716.2,62791.1,62668.5,62791.0,23269.4
1715626800000,62791.1,63022.3,62791.0,62952.8,93864.7
1715627700000,62952.9,63078.3,62901.9,62983.8,64780.2
1715628600000,62983.9,63110.0,62982.1,63059.1,59433.9
1715629500000,63059.2,63188.0,63005.6,63172.0,58371.7
1715630400000,63172.0,63197.9,63060.7,63105.8,54780.6
1715631300000,63105.8,63166.7,63022.2,63074.1,44823.7
1715632200000,63074.1,63139.9,62987.3,63123.3,30691.5
1715633100000,63123.3,63138.6,63025.5,63095.0,28638.6
1715634000000,63095.0,63130.0,63046.9,63094.1,26302.4
1715634900000,63094.0,63094.1,62965.6,62997.9,22084.4
1715635800000,62997.9,63008.4,62873.5,62911.1,25892.8
1715636700000,62911.1,62938.9,62841.1,62899.9,24273.6
1715637600000,62900.0,62951.6,62872.0,62885.9,47878.0
1715638500000,62886.0,62912.9,62742.5,62749.8,43051.3
1715639400000,62751.0,62853.2,62718.1,62729.7,27070.2
1715640300000,62729.6,62859.9,62729.6,62770.8,21657.0
1715641200000,62770.8,62908.8,62719.6,62860.1,49033.0
1715642100000,62860.0,62910.0,62810.2,62883.2,30506.4
1715643000000,62883.1,62988.1,62858.2,62922.1,48990.1
1715643900000,62922.0,62948.2,62864.7,62935.5,32789.3
1715644800000,62932.6,62945.1,62828.1,62845.5,44206.1
1715645700000,62845.5,62975.0,62837.1,62972.0,47574.1
1715646600000,62971.9,63120.0,62917.9,62917.9,95149.3
1715647500000,62917.9,62949.9,62722.0,62826.7,130527.3
1715648400000,62826.6,62971.6,62764.7,62960.1,42100.8
1715649300000,62960.0,63028.7,62932.1,63028.5,45919.6
1715650200000,63028.5,63034.2,62700.0,62724.0,96933.2
1715651100000,62723.9,62823.8,62588.0,62666.9,185583.5
1715652000000,62667.0,62718.7,62505.0,62565.9,146357.0
1715652900000,62565.9,62677.1,62533.3,62561.3,86579.8
1715653800000,62561.2,62732.8,62533.3,62612.3,129319.4
1715654700000,62612.2,62674.4,62542.8,62568.3,79794.3
1715655600000,62568.2,62568.3,62454.5,62532.6,154765.5
1715656500000,62532.5,62723.6,62466.1,62514.4,124898.7
1715657400000,62514.3,62614.5,62419.4,62499.0,113836.1
1715658300000,62498.9,62530.0,62420.0,62501.8,69963.9
1715659200000,62501.8,62607.9,62410.7,62580.8,113121.8
1715660100000,62580.7,62687.3,62534.2,62617.1,67413.6
1715661000000,62617.1,62618.8,62465.7,62555.0,52310.3
1715661900000,62554.9,62608.8,62500.0,62559.8,33658.1
1715662800000,62559.8,62625.7,62493.8,62617.4,52543.7
1715663700000,62617.3,62761.4,62607.4,62693.5,108526.2
1715664600000,62693.5,62784.1,62652.0,62750.0,56651.5
1715665500000,62750.1,62778.7,62683.0,62734.0,43685.4
1715666400000,62734.0,62734.1,61726.0,61790.6,665781.5
1715667300000,61790.6,61851.2,61414.3,61655.8,673451.6
1715668200000,61655.8,62120.7,61634.1,61998.8,310371.3
1715669100000,61998.9,62127.3,61936.8,62041.7,202236.3
